timestamp;dataset;config;contamination_rate;purification_method;train_limit;n_train_original;n_train_after_purification;n_contaminated;n_patches_removed;n_test;n_normal_test;n_anomaly_test;seed;knn_k;percentile_threshold;img_auroc;img_aupr;img_f1max;tpr_fpr1;tpr_fpr5;auroc_delta_vs_clean;recovery_rate;contaminant_detection_auroc;contaminant_precision_at_1;contaminant_precision_at_k;contaminant_recall_at_k;adaptive_did_purify;adaptive_skewness;inference_time_s
2026-02-17T14:01:20.659905;mvtec_AD/bottle;cont_0pct_none;0.0;none;10;10;10;0;0;83;20;63;0;5;90;0.9794;0.9937;0.9612;0.8571;0.9048;;;;;;;;;2.62
2026-02-17T14:01:24.907858;mvtec_AD/bottle;cont_0pct_ensemble_loo_mahal;0.0;ensemble_loo_mahal;10;10;10;0;784;83;20;63;0;5;90;0.9833;0.9948;0.9688;0.8730;0.8889;0.0040;;;;;;;;4.24
2026-02-17T14:01:27.522087;mvtec_AD/bottle;cont_30pct_none;0.3;none;10;10;10;3;0;83;20;63;0;5;90;0.9333;0.9824;0.9440;0.8413;0.8730;-0.0460;;;;;;;;2.60
2026-02-17T14:01:31.830189;mvtec_AD/bottle;cont_30pct_ensemble_loo_mahal;0.3;ensemble_loo_mahal;10;10;10;3;784;83;20;63;0;5;90;0.9865;0.9957;0.9764;0.8889;0.8889;0.0071;1.1552;1.0000;1;1.0000;1.0000;;;4.30
2026-02-17T14:01:34.474117;mvtec_AD/bottle;cont_0pct_none;0.0;none;10;10;10;0;0;83;20;63;0;5;95;0.9794;0.9937;0.9612;0.8571;0.9048;;;;;;;;;2.58
2026-02-17T14:01:39.073244;mvtec_AD/bottle;cont_0pct_ensemble_loo_mahal;0.0;ensemble_loo_mahal;10;10;10;0;392;83;20;63;0;5;95;0.9849;0.9954;0.9764;0.8889;0.9048;0.0056;;;;;;;;4.60
2026-02-17T14:01:41.731019;mvtec_AD/bottle;cont_30pct_none;0.3;none;10;10;10;3;0;83;20;63;0;5;95;0.9333;0.9824;0.9440;0.8413;0.8730;-0.0460;;;;;;;;2.64
2026-02-17T14:01:46.369885;mvtec_AD/bottle;cont_30pct_ensemble_loo_mahal;0.3;ensemble_loo_mahal;10;10;10;3;392;83;20;63;0;5;95;0.9714;0.9915;0.9606;0.8730;0.8889;-0.0079;0.8276;1.0000;1;1.0000;1.0000;;;4.63
2026-02-17T14:01:49.051735;mvtec_AD/bottle;cont_0pct_none;0.0;none;10;10;10;0;0;83;20;63;0;5;99;0.9794;0.9937;0.9612;0.8571;0.9048;;;;;;;;;2.61
2026-02-17T14:01:53.917601;mvtec_AD/bottle;cont_0pct_ensemble_loo_mahal;0.0;ensemble_loo_mahal;10;10;10;0;79;83;20;63;0;5;99;0.9786;0.9934;0.9612;0.8571;0.8889;-0.0008;;;;;;;;4.80
2026-02-17T14:01:56.595921;mvtec_AD/bottle;cont_30pct_none;0.3;none;10;10;10;3;0;83;20;63;0;5;99;0.9333;0.9824;0.9440;0.8413;0.8730;-0.0460;;;;;;;;2.67
2026-02-17T14:02:01.471288;mvtec_AD/bottle;cont_30pct_ensemble_loo_mahal;0.3;ensemble_loo_mahal;10;10;10;3;79;83;20;63;0;5;99;0.9389;0.9836;0.9440;0.8413;0.8730;-0.0405;0.1207;1.0000;1;1.0000;1.0000;;;4.87
2026-02-17T14:02:06.792873;mvtec_AD/cable;cont_0pct_none;0.0;none;10;10;10;0;0;150;58;92;0;5;90;0.9310;0.9613;0.8788;0.6957;0.7609;;;;;;;;;4.72
2026-02-17T14:02:13.065412;mvtec_AD/cable;cont_0pct_ensemble_loo_mahal;0.0;ensemble_loo_mahal;10;10;10;0;784;150;58;92;0;5;90;0.9243;0.9572;0.8814;0.6196;0.7391;-0.0067;;;;;;;;6.27
2026-02-17T14:02:17.793887;mvtec_AD/cable;cont_30pct_none;0.3;none;10;10;10;3;0;150;58;92;0;5;90;0.8831;0.9380;0.8571;0.5978;0.6739;-0.0480;;;;;;;;4.71
2026-02-17T14:02:24.094874;mvtec_AD/cable;cont_30pct_ensemble_loo_mahal;0.3;ensemble_loo_mahal;10;10;10;3;784;150;58;92;0;5;90;0.8997;0.9441;0.8636;0.5870;0.6957;-0.0313;0.3477;0.9524;1;0.6667;0.6667;;;6.30
2026-02-17T14:02:29.011817;mvtec_AD/cable;cont_0pct_none;0.0;none;10;10;10;0;0;150;58;92;0;5;95;0.9310;0.9613;0.8788;0.6957;0.7609;;;;;;;;;4.82
2026-02-17T14:02:35.946827;mvtec_AD/cable;cont_0pct_ensemble_loo_mahal;0.0;ensemble_loo_mahal;10;10;10;0;392;150;58;92;0;5;95;0.9237;0.9578;0.8800;0.6522;0.7500;-0.0073;;;;;;;;6.93
2026-02-17T14:02:40.937705;mvtec_AD/cable;cont_30pct_none;0.3;none;10;10;10;3;0;150;58;92;0;5;95;0.8831;0.9380;0.8571;0.5978;0.6739;-0.0480;;;;;;;;4.98
2026-02-17T14:02:47.728402;mvtec_AD/cable;cont_30pct_ensemble_loo_mahal;0.3;ensemble_loo_mahal;10;10;10;3;392;150;58;92;0;5;95;0.9125;0.9525;0.8817;0.6304;0.7391;-0.0186;0.6133;0.9524;1;0.6667;0.6667;;;6.79
2026-02-17T14:02:52.670141;mvtec_AD/cable;cont_0pct_none;0.0;none;10;10;10;0;0;150;58;92;0;5;99;0.9310;0.9613;0.8788;0.6957;0.7609;;;;;;;;;4.85
2026-02-17T14:02:59.982063;mvtec_AD/cable;cont_0pct_ensemble_loo_mahal;0.0;ensemble_loo_mahal;10;10;10;0;79;150;58;92;0;5;99;0.9307;0.9611;0.8804;0.6630;0.7609;-0.0004;;;;;;;;7.31
2026-02-17T14:03:04.864198;mvtec_AD/cable;cont_30pct_none;0.3;none;10;10;10;3;0;150;58;92;0;5;99;0.8831;0.9380;0.8571;0.5978;0.6739;-0.0480;;;;;;;;4.87
2026-02-17T14:03:11.838578;mvtec_AD/cable;cont_30pct_ensemble_loo_mahal;0.3;ensemble_loo_mahal;10;10;10;3;79;150;58;92;0;5;99;0.8951;0.9436;0.8634;0.6196;0.6957;-0.0360;0.2500;0.9524;1;0.6667;0.6667;;;6.97
2026-02-17T21:59:22.274980;mvtec_AD/bottle;cont_0pct_none;0.0;none;10;10;10;0;0;83;20;63;1;5;90;0.9825;0.9946;0.9612;0.8730;0.9206;;;;;;;;;3.56
2026-02-17T21:59:29.656093;mvtec_AD/bottle;cont_0pct_ensemble_loo_mahal;0.0;ensemble_loo_mahal;10;10;10;0;784;83;20;63;1;5;90;0.9881;0.9961;0.9844;0.8730;0.8889;0.0056;;;;;;;;7.38
2026-02-17T21:59:32.586820;mvtec_AD/bottle;cont_30pct_none;0.3;none;10;10;10;3;0;83;20;63;1;5;90;0.9333;0.9820;0.9449;0.8095;0.8413;-0.0492;;;;;;;;2.90
2026-02-17T21:59:39.315054;mvtec_AD/bottle;cont_30pct_ensemble_loo_mahal;0.3;ensemble_loo_mahal;10;10;10;3;784;83;20;63;1;5;90;0.9873;0.9959;0.9767;0.8889;0.9048;0.0048;1.0968;1.0000;1;1.0000;1.0000;;;6.72
2026-02-17T21:59:43.561391;mvtec_AD/bottle;cont_0pct_none;0.0;none;10;10;10;0;0;83;20;63;1;5;95;0.9825;0.9946;0.9612;0.8730;0.9206;;;;;;;;;4.15
2026-02-17T21:59:50.120918;mvtec_AD/bottle;cont_0pct_ensemble_loo_mahal;0.0;ensemble_loo_mahal;10;10;10;0;392;83;20;63;1;5;95;0.9873;0.9960;0.9764;0.8889;0.8889;0.0048;;;;;;;;6.55
2026-02-17T21:59:54.493535;mvtec_AD/bottle;cont_30pct_none;0.3;none;10;10;10;3;0;83;20;63;1;5;95;0.9333;0.9820;0.9449;0.8095;0.8413;-0.0492;;;;;;;;4.35
2026-02-17T22:00:01.693722;mvtec_AD/bottle;cont_30pct_ensemble_loo_mahal;0.3;ensemble_loo_mahal;10;10;10;3;392;83;20;63;1;5;95;0.9833;0.9948;0.9692;0.8889;0.8889;0.0008;1.0161;1.0000;1;1.0000;1.0000;;;7.08
2026-02-17T22:00:05.898331;mvtec_AD/bottle;cont_0pct_none;0.0;none;10;10;10;0;0;83;20;63;1;5;99;0.9825;0.9946;0.9612;0.8730;0.9206;;;;;;;;;4.10
2026-02-17T22:00:12.823547;mvtec_AD/bottle;cont_0pct_ensemble_loo_mahal;0.0;ensemble_loo_mahal;10;10;10;0;79;83;20;63;1;5;99;0.9825;0.9946;0.9612;0.8730;0.9206;0.0000;;;;;;;;6.57
2026-02-17T22:00:16.929200;mvtec_AD/bottle;cont_30pct_none;0.3;none;10;10;10;3;0;83;20;63;1;5;99;0.9333;0.9820;0.9449;0.8095;0.8413;-0.0492;;;;;;;;4.09
2026-02-17T22:00:23.844423;mvtec_AD/bottle;cont_30pct_ensemble_loo_mahal;0.3;ensemble_loo_mahal;10;10;10;3;79;83;20;63;1;5;99;0.9484;0.9858;0.9531;0.8095;0.8571;-0.0341;0.3065;1.0000;1;1.0000;1.0000;;;6.75
2026-02-17T22:00:27.783290;mvtec_AD/bottle;cont_0pct_none;0.0;none;10;10;10;0;0;83;20;63;2;5;90;0.9849;0.9953;0.9764;0.8889;0.9048;;;;;;;;;3.85
2026-02-17T22:00:34.876982;mvtec_AD/bottle;cont_0pct_ensemble_loo_mahal;0.0;ensemble_loo_mahal;10;10;10;0;784;83;20;63;2;5;90;0.9889;0.9964;0.9844;0.8889;0.8889;0.0040;;;;;;;;7.00
2026-02-17T22:00:39.095200;mvtec_AD/bottle;cont_30pct_none;0.3;none;10;10;10;3;0;83;20;63;2;5;90;0.9429;0.9851;0.9600;0.8254;0.8730;-0.0421;;;;;;;;4.20
2026-02-17T22:00:46.120721;mvtec_AD/bottle;cont_30pct_ensemble_loo_mahal;0.3;ensemble_loo_mahal;10;10;10;3;784;83;20;63;2;5;90;0.9778;0.9937;0.9764;0.8889;0.8889;-0.0071;0.8302;0.8571;1;0.6667;0.6667;;;6.84
2026-02-17T22:00:50.362772;mvtec_AD/bottle;cont_0pct_none;0.0;none;10;10;10;0;0;83;20;63;2;5;95;0.9849;0.9953;0.9764;0.8889;0.9048;;;;;;;;;4.15
2026-02-17T22:00:56.853003;mvtec_AD/bottle;cont_0pct_ensemble_loo_mahal;0.0;ensemble_loo_mahal;10;10;10;0;392;83;20;63;2;5;95;0.9873;0.9960;0.9764;0.8889;0.9048;0.0024;;;;;;;;6.38
2026-02-17T22:01:00.985393;mvtec_AD/bottle;cont_30pct_none;0.3;none;10;10;10;3;0;83;20;63;2;5;95;0.9429;0.9851;0.9600;0.8254;0.8730;-0.0421;;;;;;;;4.11
2026-02-17T22:01:07.961592;mvtec_AD/bottle;cont_30pct_ensemble_loo_mahal;0.3;ensemble_loo_mahal;10;10;10;3;392;83;20;63;2;5;95;0.9754;0.9933;0.9764;0.8889;0.9048;-0.0095;0.7736;0.8571;1;0.6667;0.6667;;;6.96
2026-02-17T22:01:12.060608;mvtec_AD/bottle;cont_0pct_none;0.0;none;10;10;10;0;0;83;20;63;2;5;99;0.9849;0.9953;0.9764;0.8889;0.9048;;;;;;;;;4.00
2026-02-17T22:01:19.490252;mvtec_AD/bottle;cont_0pct_ensemble_loo_mahal;0.0;ensemble_loo_mahal;10;10;10;0;79;83;20;63;2;5;99;0.9849;0.9953;0.9764;0.8889;0.9048;0.0000;;;;;;;;7.33
2026-02-17T22:01:23.850174;mvtec_AD/bottle;cont_30pct_none;0.3;none;10;10;10;3;0;83;20;63;2;5;99;0.9429;0.9851;0.9600;0.8254;0.8730;-0.0421;;;;;;;;4.34
2026-02-17T22:01:32.554386;mvtec_AD/bottle;cont_30pct_ensemble_loo_mahal;0.3;ensemble_loo_mahal;10;10;10;3;79;83;20;63;2;5;99;0.9659;0.9904;0.9683;0.8254;0.8730;-0.0190;0.5472;0.8571;1;0.6667;0.6667;;;8.14
2026-02-17T22:01:36.715609;mvtec_AD/bottle;cont_0pct_none;0.0;none;10;10;10;0;0;83;20;63;3;5;90;0.9746;0.9928;0.9606;0.9048;0.9048;;;;;;;;;4.05
2026-02-17T22:01:43.649718;mvtec_AD/bottle;cont_0pct_ensemble_loo_mahal;0.0;ensemble_loo_mahal;10;10;10;0;784;83;20;63;3;5;90;0.9817;0.9944;0.9612;0.8889;0.8889;0.0071;;;;;;;;6.37
2026-02-17T22:01:47.838551;mvtec_AD/bottle;cont_30pct_none;0.3;none;10;10;10;3;0;83;20;63;3;5;90;0.9302;0.9817;0.9355;0.8571;0.8571;-0.0444;;;;;;;;4.17
2026-02-17T22:01:54.807005;mvtec_AD/bottle;cont_30pct_ensemble_loo_mahal;0.3;ensemble_loo_mahal;10;10;10;3;784;83;20;63;3;5;90;0.9770;0.9931;0.9683;0.8571;0.9048;0.0024;1.0536;1.0000;1;1.0000;1.0000;;;6.81
2026-02-17T22:01:58.877451;mvtec_AD/bottle;cont_0pct_none;0.0;none;10;10;10;0;0;83;20;63;3;5;95;0.9746;0.9928;0.9606;0.9048;0.9048;;;;;;;;;3.99
2026-02-17T22:02:06.271441;mvtec_AD/bottle;cont_0pct_ensemble_loo_mahal;0.0;ensemble_loo_mahal;10;10;10;0;392;83;20;63;3;5;95;0.9786;0.9939;0.9688;0.8889;0.9048;0.0040;;;;;;;;7.39
2026-02-17T22:02:10.427201;mvtec_AD/bottle;cont_30pct_none;0.3;none;10;10;10;3;0;83;20;63;3;5;95;0.9302;0.9817;0.9355;0.8571;0.8571;-0.0444;;;;;;;;4.12
2026-02-17T22:02:18.267998;mvtec_AD/bottle;cont_30pct_ensemble_loo_mahal;0.3;ensemble_loo_mahal;10;10;10;3;392;83;20;63;3;5;95;0.9786;0.9938;0.9683;0.8889;0.9048;0.0040;1.0893;1.0000;1;1.0000;1.0000;;;7.06
2026-02-17T22:02:22.529651;mvtec_AD/bottle;cont_0pct_none;0.0;none;10;10;10;0;0;83;20;63;3;5;99;0.9746;0.9928;0.9606;0.9048;0.9048;;;;;;;;;4.16
2026-02-17T22:02:30.164473;mvtec_AD/bottle;cont_0pct_ensemble_loo_mahal;0.0;ensemble_loo_mahal;10;10;10;0;79;83;20;63;3;5;99;0.9746;0.9928;0.9606;0.9048;0.9048;0.0000;;;;;;;;7.63
2026-02-17T22:02:33.698018;mvtec_AD/bottle;cont_30pct_none;0.3;none;10;10;10;3;0;83;20;63;3;5;99;0.9302;0.9817;0.9355;0.8571;0.8571;-0.0444;;;;;;;;3.51
2026-02-17T22:02:41.541445;mvtec_AD/bottle;cont_30pct_ensemble_loo_mahal;0.3;ensemble_loo_mahal;10;10;10;3;79;83;20;63;3;5;99;0.9357;0.9829;0.9355;0.8571;0.8571;-0.0389;0.1250;1.0000;1;1.0000;1.0000;;;7.84
2026-02-17T22:02:44.706901;mvtec_AD/bottle;cont_0pct_none;0.0;none;10;10;10;0;0;83;20;63;4;5;90;0.9881;0.9964;0.9677;0.9365;0.9524;;;;;;;;;3.07
2026-02-17T22:02:51.718610;mvtec_AD/bottle;cont_0pct_ensemble_loo_mahal;0.0;ensemble_loo_mahal;10;10;10;0;784;83;20;63;4;5;90;0.9857;0.9955;0.9764;0.8889;0.8889;-0.0024;;;;;;;;7.01
2026-02-17T22:02:55.887180;mvtec_AD/bottle;cont_30pct_none;0.3;none;10;10;10;3;0;83;20;63;4;5;90;0.9413;0.9845;0.9440;0.8571;0.8889;-0.0468;;;;;;;;4.15
2026-02-17T22:03:04.265411;mvtec_AD/bottle;cont_30pct_ensemble_loo_mahal;0.3;ensemble_loo_mahal;10;10;10;3;784;83;20;63;4;5;90;0.9857;0.9955;0.9683;0.8889;0.9048;-0.0024;0.9492;1.0000;1;1.0000;1.0000;;;7.44
2026-02-17T22:03:08.381058;mvtec_AD/bottle;cont_0pct_none;0.0;none;10;10;10;0;0;83;20;63;4;5;95;0.9881;0.9964;0.9677;0.9365;0.9524;;;;;;;;;4.02
2026-02-17T22:03:16.242054;mvtec_AD/bottle;cont_0pct_ensemble_loo_mahal;0.0;ensemble_loo_mahal;10;10;10;0;392;83;20;63;4;5;95;0.9841;0.9951;0.9688;0.8889;0.9048;-0.0040;;;;;;;;7.48
2026-02-17T22:03:19.920271;mvtec_AD/bottle;cont_30pct_none;0.3;none;10;10;10;3;0;83;20;63;4;5;95;0.9413;0.9845;0.9440;0.8571;0.8889;-0.0468;;;;;;;;3.66
2026-02-17T22:03:27.370644;mvtec_AD/bottle;cont_30pct_ensemble_loo_mahal;0.3;ensemble_loo_mahal;10;10;10;3;392;83;20;63;4;5;95;0.9873;0.9960;0.9692;0.9048;0.9524;-0.0008;0.9831;1.0000;1;1.0000;1.0000;;;7.43
2026-02-17T22:03:30.340432;mvtec_AD/bottle;cont_0pct_none;0.0;none;10;10;10;0;0;83;20;63;4;5;99;0.9881;0.9964;0.9677;0.9365;0.9524;;;;;;;;;2.89
2026-02-17T22:03:37.174741;mvtec_AD/bottle;cont_0pct_ensemble_loo_mahal;0.0;ensemble_loo_mahal;10;10;10;0;79;83;20;63;4;5;99;0.9881;0.9964;0.9677;0.9365;0.9524;0.0000;;;;;;;;6.83
2026-02-17T22:03:41.377734;mvtec_AD/bottle;cont_30pct_none;0.3;none;10;10;10;3;0;83;20;63;4;5;99;0.9413;0.9845;0.9440;0.8571;0.8889;-0.0468;;;;;;;;4.18
2026-02-17T22:03:49.292459;mvtec_AD/bottle;cont_30pct_ensemble_loo_mahal;0.3;ensemble_loo_mahal;10;10;10;3;79;83;20;63;4;5;99;0.9603;0.9892;0.9524;0.8730;0.9048;-0.0278;0.4068;1.0000;1;1.0000;1.0000;;;7.77
2026-02-17T22:03:58.515157;mvtec_AD/cable;cont_0pct_none;0.0;none;10;10;10;0;0;150;58;92;1;5;90;0.9462;0.9684;0.9198;0.5761;0.7935;;;;;;;;;7.36
2026-02-17T22:04:07.636143;mvtec_AD/cable;cont_0pct_ensemble_loo_mahal;0.0;ensemble_loo_mahal;10;10;10;0;784;150;58;92;1;5;90;0.9297;0.9606;0.8995;0.5870;0.7609;-0.0165;;;;;;;;9.12
2026-02-17T22:04:14.229359;mvtec_AD/cable;cont_30pct_none;0.3;none;10;10;10;3;0;150;58;92;1;5;90;0.8928;0.9421;0.8750;0.5435;0.6413;-0.0534;;;;;;;;6.57
2026-02-17T22:04:23.616954;mvtec_AD/cable;cont_30pct_ensemble_loo_mahal;0.3;ensemble_loo_mahal;10;10;10;3;784;150;58;92;1;5;90;0.9202;0.9538;0.9016;0.5870;0.6630;-0.0260;0.5123;0.9048;1;0.6667;0.6667;;;9.38
2026-02-17T22:04:31.210547;mvtec_AD/cable;cont_0pct_none;0.0;none;10;10;10;0;0;150;58;92;1;5;95;0.9462;0.9684;0.9198;0.5761;0.7935;;;;;;;;;7.43
2026-02-17T22:04:41.673551;mvtec_AD/cable;cont_0pct_ensemble_loo_mahal;0.0;ensemble_loo_mahal;10;10;10;0;392;150;58;92;1;5;95;0.9395;0.9659;0.9111;0.5870;0.8043;-0.0067;;;;;;;;10.30
2026-02-17T22:04:49.114672;mvtec_AD/cable;cont_30pct_none;0.3;none;10;10;10;3;0;150;58;92;1;5;95;0.8928;0.9421;0.8750;0.5435;0.6413;-0.0534;;;;;;;;7.42
2026-02-17T22:05:01.128127;mvtec_AD/cable;cont_30pct_ensemble_loo_mahal;0.3;ensemble_loo_mahal;10;10;10;3;392;150;58;92;1;5;95;0.9219;0.9552;0.8936;0.5435;0.7065;-0.0244;0.5439;0.9048;1;0.6667;0.6667;;;11.91
2026-02-17T22:05:07.777250;mvtec_AD/cable;cont_0pct_none;0.0;none;10;10;10;0;0;150;58;92;1;5;99;0.9462;0.9684;0.9198;0.5761;0.7935;;;;;;;;;6.51
2026-02-17T22:05:18.047556;mvtec_AD/cable;cont_0pct_ensemble_loo_mahal;0.0;ensemble_loo_mahal;10;10;10;0;79;150;58;92;1;5;99;0.9458;0.9683;0.9158;0.5761;0.7935;-0.0004;;;;;;;;10.26
2026-02-17T22:05:25.412850;mvtec_AD/cable;cont_30pct_none;0.3;none;10;10;10;3;0;150;58;92;1;5;99;0.8928;0.9421;0.8750;0.5435;0.6413;-0.0534;;;;;;;;7.35
2026-02-17T22:05:35.982915;mvtec_AD/cable;cont_30pct_ensemble_loo_mahal;0.3;ensemble_loo_mahal;10;10;10;3;79;150;58;92;1;5;99;0.8936;0.9426;0.8770;0.5435;0.6413;-0.0527;0.0140;0.9048;1;0.6667;0.6667;;;10.56
2026-02-17T22:05:43.540229;mvtec_AD/cable;cont_0pct_none;0.0;none;10;10;10;0;0;150;58;92;2;5;90;0.8714;0.9254;0.8325;0.5543;0.5543;;;;;;;;;7.42
2026-02-17T22:05:53.781497;mvtec_AD/cable;cont_0pct_ensemble_loo_mahal;0.0;ensemble_loo_mahal;10;10;10;0;784;150;58;92;2;5;90;0.8617;0.9195;0.8350;0.5217;0.5761;-0.0097;;;;;;;;9.77
2026-02-17T22:06:00.073550;mvtec_AD/cable;cont_30pct_none;0.3;none;10;10;10;3;0;150;58;92;2;5;90;0.8988;0.9460;0.8763;0.5652;0.7283;0.0274;;;;;;;;6.27
2026-02-17T22:06:10.028447;mvtec_AD/cable;cont_30pct_ensemble_loo_mahal;0.3;ensemble_loo_mahal;10;10;10;3;784;150;58;92;2;5;90;0.9142;0.9511;0.8687;0.5978;0.7391;0.0427;-0.5616;1.0000;1;1.0000;1.0000;;;9.95
2026-02-17T22:06:17.522141;mvtec_AD/cable;cont_0pct_none;0.0;none;10;10;10;0;0;150;58;92;2;5;95;0.8714;0.9254;0.8325;0.5543;0.5543;;;;;;;;;7.33
2026-02-17T22:06:27.870834;mvtec_AD/cable;cont_0pct_ensemble_loo_mahal;0.0;ensemble_loo_mahal;10;10;10;0;392;150;58;92;2;5;95;0.8619;0.9197;0.8341;0.5435;0.5652;-0.0096;;;;;;;;10.34
2026-02-17T22:06:34.979137;mvtec_AD/cable;cont_30pct_none;0.3;none;10;10;10;3;0;150;58;92;2;5;95;0.8988;0.9460;0.8763;0.5652;0.7283;0.0274;;;;;;;;7.08
2026-02-17T22:06:44.355026;mvtec_AD/cable;cont_30pct_ensemble_loo_mahal;0.3;ensemble_loo_mahal;10;10;10;3;392;150;58;92;2;5;95;0.9185;0.9549;0.8832;0.6522;0.7283;0.0470;-0.7192;1.0000;1;1.0000;1.0000;;;9.36
2026-02-17T22:06:51.489175;mvtec_AD/cable;cont_0pct_none;0.0;none;10;10;10;0;0;150;58;92;2;5;99;0.8714;0.9254;0.8325;0.5543;0.5543;;;;;;;;;7.04
2026-02-17T22:07:01.985762;mvtec_AD/cable;cont_0pct_ensemble_loo_mahal;0.0;ensemble_loo_mahal;10;10;10;0;79;150;58;92;2;5;99;0.8718;0.9258;0.8333;0.5435;0.5652;0.0004;;;;;;;;10.48
2026-02-17T22:07:08.860532;mvtec_AD/cable;cont_30pct_none;0.3;none;10;10;10;3;0;150;58;92;2;5;99;0.8988;0.9460;0.8763;0.5652;0.7283;0.0274;;;;;;;;6.85
2026-02-17T22:07:19.848995;mvtec_AD/cable;cont_30pct_ensemble_loo_mahal;0.3;ensemble_loo_mahal;10;10;10;3;79;150;58;92;2;5;99;0.9001;0.9468;0.8763;0.5761;0.7283;0.0287;-0.0479;1.0000;1;1.0000;1.0000;;;10.98
2026-02-17T22:07:26.413803;mvtec_AD/cable;cont_0pct_none;0.0;none;10;10;10;0;0;150;58;92;3;5;90;0.9312;0.9650;0.9158;0.6848;0.7717;;;;;;;;;6.41
2026-02-17T22:07:35.606141;mvtec_AD/cable;cont_0pct_ensemble_loo_mahal;0.0;ensemble_loo_mahal;10;10;10;0;784;150;58;92;3;5;90;0.9153;0.9562;0.9032;0.6522;0.7500;-0.0159;;;;;;;;9.19
2026-02-17T22:07:42.468453;mvtec_AD/cable;cont_30pct_none;0.3;none;10;10;10;3;0;150;58;92;3;5;90;0.9040;0.9509;0.8973;0.6087;0.7065;-0.0272;;;;;;;;6.84
2026-02-17T22:07:52.920838;mvtec_AD/cable;cont_30pct_ensemble_loo_mahal;0.3;ensemble_loo_mahal;10;10;10;3;784;150;58;92;3;5;90;0.9234;0.9562;0.8936;0.5761;0.6957;-0.0079;0.7103;0.8571;1;0.6667;0.6667;;;10.30
2026-02-17T22:08:00.128608;mvtec_AD/cable;cont_0pct_none;0.0;none;10;10;10;0;0;150;58;92;3;5;95;0.9312;0.9650;0.9158;0.6848;0.7717;;;;;;;;;7.06
2026-02-17T22:08:09.587796;mvtec_AD/cable;cont_0pct_ensemble_loo_mahal;0.0;ensemble_loo_mahal;10;10;10;0;392;150;58;92;3;5;95;0.9241;0.9606;0.9091;0.6630;0.7609;-0.0071;;;;;;;;9.46
2026-02-17T22:08:16.942027;mvtec_AD/cable;cont_30pct_none;0.3;none;10;10;10;3;0;150;58;92;3;5;95;0.9040;0.9509;0.8973;0.6087;0.7065;-0.0272;;;;;;;;7.34
2026-02-17T22:08:26.276756;mvtec_AD/cable;cont_30pct_ensemble_loo_mahal;0.3;ensemble_loo_mahal;10;10;10;3;392;150;58;92;3;5;95;0.9198;0.9569;0.8923;0.6196;0.6957;-0.0114;0.5793;0.8571;1;0.6667;0.6667;;;9.33
2026-02-17T22:08:33.217050;mvtec_AD/cable;cont_0pct_none;0.0;none;10;10;10;0;0;150;58;92;3;5;99;0.9312;0.9650;0.9158;0.6848;0.7717;;;;;;;;;6.82
2026-02-17T22:08:44.081665;mvtec_AD/cable;cont_0pct_ensemble_loo_mahal;0.0;ensemble_loo_mahal;10;10;10;0;79;150;58;92;3;5;99;0.9277;0.9627;0.9149;0.6739;0.7717;-0.0036;;;;;;;;10.86
2026-02-17T22:08:51.026490;mvtec_AD/cable;cont_30pct_none;0.3;none;10;10;10;3;0;150;58;92;3;5;99;0.9040;0.9509;0.8973;0.6087;0.7065;-0.0272;;;;;;;;6.92
2026-02-17T22:09:01.875666;mvtec_AD/cable;cont_30pct_ensemble_loo_mahal;0.3;ensemble_loo_mahal;10;10;10;3;79;150;58;92;3;5;99;0.9149;0.9556;0.9032;0.6196;0.7174;-0.0163;0.4000;0.8571;1;0.6667;0.6667;;;10.48
2026-02-17T22:09:09.558891;mvtec_AD/cable;cont_0pct_none;0.0;none;10;10;10;0;0;150;58;92;4;5;90;0.9303;0.9610;0.8914;0.6196;0.7826;;;;;;;;;7.54
2026-02-17T22:09:18.734296;mvtec_AD/cable;cont_0pct_ensemble_loo_mahal;0.0;ensemble_loo_mahal;10;10;10;0;784;150;58;92;4;5;90;0.9114;0.9510;0.8764;0.6196;0.7283;-0.0189;;;;;;;;9.16
2026-02-17T22:09:25.804122;mvtec_AD/cable;cont_30pct_none;0.3;none;10;10;10;3;0;150;58;92;4;5;90;0.9215;0.9597;0.8925;0.7174;0.8043;-0.0088;;;;;;;;7.05
2026-02-17T22:09:36.316968;mvtec_AD/cable;cont_30pct_ensemble_loo_mahal;0.3;ensemble_loo_mahal;10;10;10;3;784;150;58;92;4;5;90;0.9342;0.9638;0.8795;0.7391;0.8043;0.0039;1.4468;0.9048;1;0.6667;0.6667;;;9.99
2026-02-17T22:09:43.749111;mvtec_AD/cable;cont_0pct_none;0.0;none;10;10;10;0;0;150;58;92;4;5;95;0.9303;0.9610;0.8914;0.6196;0.7826;;;;;;;;;7.31
2026-02-17T22:09:53.552938;mvtec_AD/cable;cont_0pct_ensemble_loo_mahal;0.0;ensemble_loo_mahal;10;10;10;0;392;150;58;92;4;5;95;0.9226;0.9572;0.8800;0.6196;0.7717;-0.0077;;;;;;;;9.80
2026-02-17T22:10:00.374463;mvtec_AD/cable;cont_30pct_none;0.3;none;10;10;10;3;0;150;58;92;4;5;95;0.9215;0.9597;0.8925;0.7174;0.8043;-0.0088;;;;;;;;6.81
2026-02-17T22:10:10.345188;mvtec_AD/cable;cont_30pct_ensemble_loo_mahal;0.3;ensemble_loo_mahal;10;10;10;3;392;150;58;92;4;5;95;0.9408;0.9684;0.9017;0.7174;0.8261;0.0105;2.1915;0.9048;1;0.6667;0.6667;;;9.97
2026-02-17T22:10:17.718873;mvtec_AD/cable;cont_0pct_none;0.0;none;10;10;10;0;0;150;58;92;4;5;99;0.9303;0.9610;0.8914;0.6196;0.7826;;;;;;;;;7.23
2026-02-17T22:10:28.247944;mvtec_AD/cable;cont_0pct_ensemble_loo_mahal;0.0;ensemble_loo_mahal;10;10;10;0;79;150;58;92;4;5;99;0.9297;0.9608;0.8914;0.6196;0.7717;-0.0006;;;;;;;;10.53
2026-02-17T22:10:35.782890;mvtec_AD/cable;cont_30pct_none;0.3;none;10;10;10;3;0;150;58;92;4;5;99;0.9215;0.9597;0.8925;0.7174;0.8043;-0.0088;;;;;;;;7.50
2026-02-17T22:10:47.030318;mvtec_AD/cable;cont_30pct_ensemble_loo_mahal;0.3;ensemble_loo_mahal;10;10;10;3;79;150;58;92;4;5;99;0.9215;0.9597;0.8925;0.7283;0.8043;-0.0088;0.0000;0.9048;1;0.6667;0.6667;;;11.14
2026-02-17T22:10:54.081733;mvtec_AD/capsule;cont_0pct_none;0.0;none;10;10;10;0;0;132;23;109;0;5;90;0.8748;0.9701;0.9345;0.4312;0.6055;;;;;;;;;5.94
2026-02-17T22:11:03.705043;mvtec_AD/capsule;cont_0pct_ensemble_loo_mahal;0.0;ensemble_loo_mahal;10;10;10;0;784;132;23;109;0;5;90;0.8436;0.9568;0.9351;0.2202;0.4495;-0.0311;;;;;;;;9.61
2026-02-17T22:11:10.510778;mvtec_AD/capsule;cont_30pct_none;0.3;none;10;10;10;3;0;132;23;109;0;5;90;0.8209;0.9536;0.9099;0.2018;0.4404;-0.0538;;;;;;;;6.79
2026-02-17T22:11:19.973360;mvtec_AD/capsule;cont_30pct_ensemble_loo_mahal;0.3;ensemble_loo_mahal;10;10;10;3;784;132;23;109;0;5;90;0.8129;0.9463;0.9189;0.1835;0.3119;-0.0618;-0.1481;1.0000;1;1.0000;1.0000;;;9.34
2026-02-17T22:11:26.512516;mvtec_AD/capsule;cont_0pct_none;0.0;none;10;10;10;0;0;132;23;109;0;5;95;0.8748;0.9701;0.9345;0.4312;0.6055;;;;;;;;;6.35
2026-02-17T22:11:35.741300;mvtec_AD/capsule;cont_0pct_ensemble_loo_mahal;0.0;ensemble_loo_mahal;10;10;10;0;392;132;23;109;0;5;95;0.8636;0.9654;0.9369;0.4220;0.4587;-0.0112;;;;;;;;9.23
2026-02-17T22:11:41.210785;mvtec_AD/capsule;cont_30pct_none;0.3;none;10;10;10;3;0;132;23;109;0;5;95;0.8209;0.9536;0.9099;0.2018;0.4404;-0.0538;;;;;;;;5.45
2026-02-17T22:11:50.425374;mvtec_AD/capsule;cont_30pct_ensemble_loo_mahal;0.3;ensemble_loo_mahal;10;10;10;3;392;132;23;109;0;5;95;0.8265;0.9531;0.9160;0.3028;0.3578;-0.0483;0.1037;1.0000;1;1.0000;1.0000;;;9.21
2026-02-17T22:11:57.167360;mvtec_AD/capsule;cont_0pct_none;0.0;none;10;10;10;0;0;132;23;109;0;5;99;0.8748;0.9701;0.9345;0.4312;0.6055;;;;;;;;;6.56
2026-02-17T22:12:06.821067;mvtec_AD/capsule;cont_0pct_ensemble_loo_mahal;0.0;ensemble_loo_mahal;10;10;10;0;79;132;23;109;0;5;99;0.8612;0.9670;0.9345;0.4679;0.5688;-0.0136;;;;;;;;9.65
2026-02-17T22:12:13.055644;mvtec_AD/capsule;cont_30pct_none;0.3;none;10;10;10;3;0;132;23;109;0;5;99;0.8209;0.9536;0.9099;0.2018;0.4404;-0.0538;;;;;;;;6.21
2026-02-17T22:12:22.218973;mvtec_AD/capsule;cont_30pct_ensemble_loo_mahal;0.3;ensemble_loo_mahal;10;10;10;3;79;132;23;109;0;5;99;0.8225;0.9547;0.9099;0.2569;0.4495;-0.0523;0.0296;1.0000;1;1.0000;1.0000;;;9.16
2026-02-17T22:12:28.991293;mvtec_AD/capsule;cont_0pct_none;0.0;none;10;10;10;0;0;132;23;109;1;5;90;0.9218;0.9823;0.9397;0.5596;0.8440;;;;;;;;;6.61
2026-02-17T22:12:40.153195;mvtec_AD/capsule;cont_0pct_ensemble_loo_mahal;0.0;ensemble_loo_mahal;10;10;10;0;784;132;23;109;1;5;90;0.8572;0.9641;0.9327;0.3394;0.6330;-0.0646;;;;;;;;11.15
2026-02-17T22:12:46.315117;mvtec_AD/capsule;cont_30pct_none;0.3;none;10;10;10;3;0;132;23;109;1;5;90;0.8580;0.9666;0.9115;0.3486;0.7431;-0.0638;;;;;;;;6.14
2026-02-17T22:12:55.965983;mvtec_AD/capsule;cont_30pct_ensemble_loo_mahal;0.3;ensemble_loo_mahal;10;10;10;3;784;132;23;109;1;5;90;0.8492;0.9595;0.9251;0.2569;0.5872;-0.0726;-0.1375;1.0000;1;1.0000;1.0000;;;9.48
2026-02-17T22:13:02.489042;mvtec_AD/capsule;cont_0pct_none;0.0;none;10;10;10;0;0;132;23;109;1;5;95;0.9218;0.9823;0.9397;0.5596;0.8440;;;;;;;;;6.40
2026-02-17T22:13:11.361967;mvtec_AD/capsule;cont_0pct_ensemble_loo_mahal;0.0;ensemble_loo_mahal;10;10;10;0;392;132;23;109;1;5;95;0.8696;0.9650;0.9279;0.2385;0.6239;-0.0523;;;;;;;;8.87
2026-02-17T22:13:17.888410;mvtec_AD/capsule;cont_30pct_none;0.3;none;10;10;10;3;0;132;23;109;1;5;95;0.8580;0.9666;0.9115;0.3486;0.7431;-0.0638;;;;;;;;6.51
2026-02-17T22:13:26.644988;mvtec_AD/capsule;cont_30pct_ensemble_loo_mahal;0.3;ensemble_loo_mahal;10;10;10;3;392;132;23;109;1;5;95;0.8289;0.9557;0.9145;0.2752;0.5229;-0.0929;-0.4563;1.0000;1;1.0000;1.0000;;;8.75
2026-02-17T22:13:32.856126;mvtec_AD/capsule;cont_0pct_none;0.0;none;10;10;10;0;0;132;23;109;1;5;99;0.9218;0.9823;0.9397;0.5596;0.8440;;;;;;;;;6.07
2026-02-17T22:13:42.604153;mvtec_AD/capsule;cont_0pct_ensemble_loo_mahal;0.0;ensemble_loo_mahal;10;10;10;0;79;132;23;109;1;5;99;0.9039;0.9766;0.9339;0.3945;0.7798;-0.0179;;;;;;;;9.74
2026-02-17T22:13:49.233060;mvtec_AD/capsule;cont_30pct_none;0.3;none;10;10;10;3;0;132;23;109;1;5;99;0.8580;0.9666;0.9115;0.3486;0.7431;-0.0638;;;;;;;;6.61
2026-02-17T22:13:58.345919;mvtec_AD/capsule;cont_30pct_ensemble_loo_mahal;0.3;ensemble_loo_mahal;10;10;10;3;79;132;23;109;1;5;99;0.8452;0.9630;0.9075;0.3119;0.6697;-0.0766;-0.2000;1.0000;1;1.0000;1.0000;;;8.95
2026-02-17T22:14:04.989257;mvtec_AD/capsule;cont_0pct_none;0.0;none;10;10;10;0;0;132;23;109;2;5;90;0.8732;0.9688;0.9356;0.3945;0.6514;;;;;;;;;6.49
2026-02-17T22:14:13.677409;mvtec_AD/capsule;cont_0pct_ensemble_loo_mahal;0.0;ensemble_loo_mahal;10;10;10;0;784;132;23;109;2;5;90;0.8516;0.9600;0.9381;0.2477;0.4954;-0.0215;;;;;;;;8.68
2026-02-17T22:14:19.738802;mvtec_AD/capsule;cont_30pct_none;0.3;none;10;10;10;3;0;132;23;109;2;5;90;0.8345;0.9613;0.9123;0.4128;0.5963;-0.0387;;;;;;;;6.04
2026-02-17T22:14:29.288817;mvtec_AD/capsule;cont_30pct_ensemble_loo_mahal;0.3;ensemble_loo_mahal;10;10;10;3;784;132;23;109;2;5;90;0.8245;0.9514;0.9273;0.2110;0.4495;-0.0487;-0.2577;0.8095;1;0.3333;0.3333;;;9.45
2026-02-17T22:14:35.833365;mvtec_AD/capsule;cont_0pct_none;0.0;none;10;10;10;0;0;132;23;109;2;5;95;0.8732;0.9688;0.9356;0.3945;0.6514;;;;;;;;;6.39
2026-02-17T22:14:44.614460;mvtec_AD/capsule;cont_0pct_ensemble_loo_mahal;0.0;ensemble_loo_mahal;10;10;10;0;392;132;23;109;2;5;95;0.8696;0.9651;0.9339;0.2936;0.4862;-0.0036;;;;;;;;8.78
2026-02-17T22:14:51.129912;mvtec_AD/capsule;cont_30pct_none;0.3;none;10;10;10;3;0;132;23;109;2;5;95;0.8345;0.9613;0.9123;0.4128;0.5963;-0.0387;;;;;;;;6.50
2026-02-17T22:14:59.603257;mvtec_AD/capsule;cont_30pct_ensemble_loo_mahal;0.3;ensemble_loo_mahal;10;10;10;3;392;132;23;109;2;5;95;0.8400;0.9587;0.9174;0.3211;0.4495;-0.0331;0.1443;0.8095;1;0.3333;0.3333;;;8.47
2026-02-17T22:15:06.022386;mvtec_AD/capsule;cont_0pct_none;0.0;none;10;10;10;0;0;132;23;109;2;5;99;0.8732;0.9688;0.9356;0.3945;0.6514;;;;;;;;;6.28
2026-02-17T22:15:15.809197;mvtec_AD/capsule;cont_0pct_ensemble_loo_mahal;0.0;ensemble_loo_mahal;10;10;10;0;79;132;23;109;2;5;99;0.8596;0.9645;0.9356;0.3486;0.5138;-0.0136;;;;;;;;9.78
2026-02-17T22:15:21.902014;mvtec_AD/capsule;cont_30pct_none;0.3;none;10;10;10;3;0;132;23;109;2;5;99;0.8345;0.9613;0.9123;0.4128;0.5963;-0.0387;;;;;;;;6.07
2026-02-17T22:15:32.511813;mvtec_AD/capsule;cont_30pct_ensemble_loo_mahal;0.3;ensemble_loo_mahal;10;10;10;3;79;132;23;109;2;5;99;0.8285;0.9593;0.9123;0.3945;0.5229;-0.0447;-0.1546;0.8095;1;0.3333;0.3333;;;10.61
2026-02-17T22:15:38.239044;mvtec_AD/capsule;cont_0pct_none;0.0;none;10;10;10;0;0;132;23;109;3;5;90;0.8775;0.9699;0.9386;0.3945;0.5688;;;;;;;;;5.56
2026-02-17T22:15:47.143433;mvtec_AD/capsule;cont_0pct_ensemble_loo_mahal;0.0;ensemble_loo_mahal;10;10;10;0;784;132;23;109;3;5;90;0.8536;0.9625;0.9298;0.3303;0.6330;-0.0239;;;;;;;;8.90
2026-02-17T22:15:53.261515;mvtec_AD/capsule;cont_30pct_none;0.3;none;10;10;10;3;0;132;23;109;3;5;90;0.8177;0.9565;0.9148;0.3761;0.4312;-0.0598;;;;;;;;6.09
2026-02-17T22:16:02.285514;mvtec_AD/capsule;cont_30pct_ensemble_loo_mahal;0.3;ensemble_loo_mahal;10;10;10;3;784;132;23;109;3;5;90;0.8297;0.9571;0.9196;0.3303;0.5229;-0.0479;0.2000;0.8095;1;0.6667;0.6667;;;9.02
2026-02-17T22:16:08.103833;mvtec_AD/capsule;cont_0pct_none;0.0;none;10;10;10;0;0;132;23;109;3;5;95;0.8775;0.9699;0.9386;0.3945;0.5688;;;;;;;;;5.69
2026-02-17T22:16:17.956004;mvtec_AD/capsule;cont_0pct_ensemble_loo_mahal;0.0;ensemble_loo_mahal;10;10;10;0;392;132;23;109;3;5;95;0.8771;0.9707;0.9375;0.4862;0.5505;-0.0004;;;;;;;;9.85
2026-02-17T22:16:24.502444;mvtec_AD/capsule;cont_30pct_none;0.3;none;10;10;10;3;0;132;23;109;3;5;95;0.8177;0.9565;0.9148;0.3761;0.4312;-0.0598;;;;;;;;6.53
2026-02-17T22:16:33.907328;mvtec_AD/capsule;cont_30pct_ensemble_loo_mahal;0.3;ensemble_loo_mahal;10;10;10;3;392;132;23;109;3;5;95;0.8297;0.9584;0.9115;0.3945;0.4220;-0.0479;0.2000;0.8095;1;0.6667;0.6667;;;9.26
2026-02-17T22:16:39.568794;mvtec_AD/capsule;cont_0pct_none;0.0;none;10;10;10;0;0;132;23;109;3;5;99;0.8775;0.9699;0.9386;0.3945;0.5688;;;;;;;;;5.51
2026-02-17T22:16:49.491650;mvtec_AD/capsule;cont_0pct_ensemble_loo_mahal;0.0;ensemble_loo_mahal;10;10;10;0;79;132;23;109;3;5;99;0.8771;0.9701;0.9386;0.4220;0.5596;-0.0004;;;;;;;;9.92
2026-02-17T22:16:56.304234;mvtec_AD/capsule;cont_30pct_none;0.3;none;10;10;10;3;0;132;23;109;3;5;99;0.8177;0.9565;0.9148;0.3761;0.4312;-0.0598;;;;;;;;6.79
2026-02-17T22:17:06.351168;mvtec_AD/capsule;cont_30pct_ensemble_loo_mahal;0.3;ensemble_loo_mahal;10;10;10;3;79;132;23;109;3;5;99;0.8169;0.9562;0.9148;0.3853;0.3853;-0.0606;-0.0133;0.8095;1;0.6667;0.6667;;;9.86
2026-02-17T22:17:12.579455;mvtec_AD/capsule;cont_0pct_none;0.0;none;10;10;10;0;0;132;23;109;4;5;90;0.8333;0.9590;0.9231;0.4312;0.4495;;;;;;;;;6.06
2026-02-17T22:17:21.265487;mvtec_AD/capsule;cont_0pct_ensemble_loo_mahal;0.0;ensemble_loo_mahal;10;10;10;0;784;132;23;109;4;5;90;0.8249;0.9528;0.9231;0.2202;0.5321;-0.0084;;;;;;;;8.68
2026-02-17T22:17:27.397928;mvtec_AD/capsule;cont_30pct_none;0.3;none;10;10;10;3;0;132;23;109;4;5;90;0.7958;0.9500;0.9083;0.3761;0.4220;-0.0375;;;;;;;;6.12
2026-02-17T22:17:36.811549;mvtec_AD/capsule;cont_30pct_ensemble_loo_mahal;0.3;ensemble_loo_mahal;10;10;10;3;784;132;23;109;4;5;90;0.8101;0.9498;0.9231;0.2752;0.5413;-0.0231;0.3830;0.8095;1;0.6667;0.6667;;;9.41
2026-02-17T22:17:43.468861;mvtec_AD/capsule;cont_0pct_none;0.0;none;10;10;10;0;0;132;23;109;4;5;95;0.8333;0.9590;0.9231;0.4312;0.4495;;;;;;;;;6.50
2026-02-17T22:17:52.890029;mvtec_AD/capsule;cont_0pct_ensemble_loo_mahal;0.0;ensemble_loo_mahal;10;10;10;0;392;132;23;109;4;5;95;0.8361;0.9586;0.9273;0.3670;0.4037;0.0028;;;;;;;;9.24
2026-02-17T22:17:59.237296;mvtec_AD/capsule;cont_30pct_none;0.3;none;10;10;10;3;0;132;23;109;4;5;95;0.7958;0.9500;0.9083;0.3761;0.4220;-0.0375;;;;;;;;6.33
2026-02-17T22:18:08.564699;mvtec_AD/capsule;cont_30pct_ensemble_loo_mahal;0.3;ensemble_loo_mahal;10;10;10;3;392;132;23;109;4;5;95;0.8097;0.9515;0.9091;0.2936;0.3761;-0.0235;0.3723;0.8095;1;0.6667;0.6667;;;9.32
2026-02-17T22:18:14.008889;mvtec_AD/capsule;cont_0pct_none;0.0;none;10;10;10;0;0;132;23;109;4;5;99;0.8333;0.9590;0.9231;0.4312;0.4495;;;;;;;;;5.29
2026-02-17T22:18:23.586353;mvtec_AD/capsule;cont_0pct_ensemble_loo_mahal;0.0;ensemble_loo_mahal;10;10;10;0;79;132;23;109;4;5;99;0.8337;0.9591;0.9231;0.4220;0.4679;0.0004;;;;;;;;9.57
2026-02-17T22:18:30.222587;mvtec_AD/capsule;cont_30pct_none;0.3;none;10;10;10;3;0;132;23;109;4;5;99;0.7958;0.9500;0.9083;0.3761;0.4220;-0.0375;;;;;;;;6.61
2026-02-17T22:18:40.216300;mvtec_AD/capsule;cont_30pct_ensemble_loo_mahal;0.3;ensemble_loo_mahal;10;10;10;3;79;132;23;109;4;5;99;0.7994;0.9509;0.9091;0.3761;0.4220;-0.0339;0.0957;0.8095;1;0.6667;0.6667;;;9.90
2026-02-17T22:18:47.431177;mvtec_AD/carpet;cont_0pct_none;0.0;none;10;10;10;0;0;117;28;89;0;5;90;0.9747;0.9915;0.9667;0.6854;0.8764;;;;;;;;;5.88
2026-02-17T22:18:55.119657;mvtec_AD/carpet;cont_0pct_ensemble_loo_mahal;0.0;ensemble_loo_mahal;10;10;10;0;784;117;28;89;0;5;90;0.9815;0.9936;0.9775;0.6966;0.9101;0.0068;;;;;;;;7.68
2026-02-17T22:19:00.893514;mvtec_AD/carpet;cont_30pct_none;0.3;none;10;10;10;3;0;117;28;89;0;5;90;0.9442;0.9835;0.9551;0.6404;0.8427;-0.0305;;;;;;;;5.75
2026-02-17T22:19:09.439861;mvtec_AD/carpet;cont_30pct_ensemble_loo_mahal;0.3;ensemble_loo_mahal;10;10;10;3;784;117;28;89;0;5;90;0.9807;0.9931;0.9834;0.6966;0.8652;0.0060;1.1974;1.0000;1;1.0000;1.0000;;;8.46
2026-02-17T22:19:14.981056;mvtec_AD/carpet;cont_0pct_none;0.0;none;10;10;10;0;0;117;28;89;0;5;95;0.9747;0.9915;0.9667;0.6854;0.8764;;;;;;;;;5.43
2026-02-17T22:19:24.101460;mvtec_AD/carpet;cont_0pct_ensemble_loo_mahal;0.0;ensemble_loo_mahal;10;10;10;0;392;117;28;89;0;5;95;0.9775;0.9924;0.9663;0.6966;0.8989;0.0028;;;;;;;;8.89
2026-02-17T22:19:29.912010;mvtec_AD/carpet;cont_30pct_none;0.3;none;10;10;10;3;0;117;28;89;0;5;95;0.9442;0.9835;0.9551;0.6404;0.8427;-0.0305;;;;;;;;5.79
2026-02-17T22:19:38.782593;mvtec_AD/carpet;cont_30pct_ensemble_loo_mahal;0.3;ensemble_loo_mahal;10;10;10;3;392;117;28;89;0;5;95;0.9763;0.9916;0.9724;0.6742;0.8764;0.0016;1.0526;1.0000;1;1.0000;1.0000;;;8.12
2026-02-17T22:19:44.235171;mvtec_AD/carpet;cont_0pct_none;0.0;none;10;10;10;0;0;117;28;89;0;5;99;0.9747;0.9915;0.9667;0.6854;0.8764;;;;;;;;;5.36
2026-02-17T22:19:52.300058;mvtec_AD/carpet;cont_0pct_ensemble_loo_mahal;0.0;ensemble_loo_mahal;10;10;10;0;79;117;28;89;0;5;99;0.9743;0.9914;0.9667;0.6854;0.8764;-0.0004;;;;;;;;8.06
2026-02-17T22:19:57.608021;mvtec_AD/carpet;cont_30pct_none;0.3;none;10;10;10;3;0;117;28;89;0;5;99;0.9442;0.9835;0.9551;0.6404;0.8427;-0.0305;;;;;;;;5.29
2026-02-17T22:20:06.893524;mvtec_AD/carpet;cont_30pct_ensemble_loo_mahal;0.3;ensemble_loo_mahal;10;10;10;3;79;117;28;89;0;5;99;0.9462;0.9840;0.9551;0.6404;0.8427;-0.0285;0.0658;1.0000;1;1.0000;1.0000;;;9.21
2026-02-17T22:20:12.495250;mvtec_AD/carpet;cont_0pct_none;0.0;none;10;10;10;0;0;117;28;89;1;5;90;0.9743;0.9914;0.9663;0.6854;0.8652;;;;;;;;;5.46
2026-02-17T22:20:21.132331;mvtec_AD/carpet;cont_0pct_ensemble_loo_mahal;0.0;ensemble_loo_mahal;10;10;10;0;784;117;28;89;1;5;90;0.9839;0.9943;0.9834;0.7079;0.9213;0.0096;;;;;;;;8.63
2026-02-17T22:20:26.054677;mvtec_AD/carpet;cont_30pct_none;0.3;none;10;10;10;3;0;117;28;89;1;5;90;0.9250;0.9779;0.9385;0.6067;0.7640;-0.0494;;;;;;;;4.90
2026-02-17T22:20:33.848748;mvtec_AD/carpet;cont_30pct_ensemble_loo_mahal;0.3;ensemble_loo_mahal;10;10;10;3;784;117;28;89;1;5;90;0.9779;0.9923;0.9778;0.6854;0.8315;0.0036;1.0732;0.9048;1;0.6667;0.6667;;;7.79
2026-02-17T22:20:39.439818;mvtec_AD/carpet;cont_0pct_none;0.0;none;10;10;10;0;0;117;28;89;1;5;95;0.9743;0.9914;0.9663;0.6854;0.8652;;;;;;;;;5.48
2026-02-17T22:20:48.188282;mvtec_AD/carpet;cont_0pct_ensemble_loo_mahal;0.0;ensemble_loo_mahal;10;10;10;0;392;117;28;89;1;5;95;0.9811;0.9934;0.9778;0.7191;0.8989;0.0068;;;;;;;;8.74
2026-02-17T22:20:54.001889;mvtec_AD/carpet;cont_30pct_none;0.3;none;10;10;10;3;0;117;28;89;1;5;95;0.9250;0.9779;0.9385;0.6067;0.7640;-0.0494;;;;;;;;5.78
2026-02-17T22:21:02.875102;mvtec_AD/carpet;cont_30pct_ensemble_loo_mahal;0.3;ensemble_loo_mahal;10;10;10;3;392;117;28;89;1;5;95;0.9603;0.9873;0.9560;0.6517;0.7978;-0.0140;0.7154;0.9048;1;0.6667;0.6667;;;8.77
2026-02-17T22:21:08.897675;mvtec_AD/carpet;cont_0pct_none;0.0;none;10;10;10;0;0;117;28;89;1;5;99;0.9743;0.9914;0.9663;0.6854;0.8652;;;;;;;;;5.87
2026-02-17T22:21:19.146726;mvtec_AD/carpet;cont_0pct_ensemble_loo_mahal;0.0;ensemble_loo_mahal;10;10;10;0;79;117;28;89;1;5;99;0.9747;0.9915;0.9663;0.6854;0.8539;0.0004;;;;;;;;10.25
2026-02-17T22:21:25.095239;mvtec_AD/carpet;cont_30pct_none;0.3;none;10;10;10;3;0;117;28;89;1;5;99;0.9250;0.9779;0.9385;0.6067;0.7640;-0.0494;;;;;;;;5.93
2026-02-17T22:21:34.152603;mvtec_AD/carpet;cont_30pct_ensemble_loo_mahal;0.3;ensemble_loo_mahal;10;10;10;3;79;117;28;89;1;5;99;0.9270;0.9787;0.9385;0.6067;0.7640;-0.0474;0.0407;0.9048;1;0.6667;0.6667;;;8.97
2026-02-17T22:21:39.875626;mvtec_AD/carpet;cont_0pct_none;0.0;none;10;10;10;0;0;117;28;89;2;5;90;0.9799;0.9929;0.9778;0.6629;0.8989;;;;;;;;;5.60
2026-02-17T22:21:48.730248;mvtec_AD/carpet;cont_0pct_ensemble_loo_mahal;0.0;ensemble_loo_mahal;10;10;10;0;784;117;28;89;2;5;90;0.9795;0.9928;0.9832;0.6966;0.9101;-0.0004;;;;;;;;8.85
2026-02-17T22:21:54.470155;mvtec_AD/carpet;cont_30pct_none;0.3;none;10;10;10;3;0;117;28;89;2;5;90;0.9438;0.9837;0.9605;0.6629;0.8539;-0.0361;;;;;;;;5.71
2026-02-17T22:22:03.059609;mvtec_AD/carpet;cont_30pct_ensemble_loo_mahal;0.3;ensemble_loo_mahal;10;10;10;3;784;117;28;89;2;5;90;0.9779;0.9923;0.9775;0.6742;0.8764;-0.0020;0.9444;0.7619;0;0.6667;0.6667;;;8.49
2026-02-17T22:22:08.242780;mvtec_AD/carpet;cont_0pct_none;0.0;none;10;10;10;0;0;117;28;89;2;5;95;0.9799;0.9929;0.9778;0.6629;0.8989;;;;;;;;;5.07
2026-02-17T22:22:16.717022;mvtec_AD/carpet;cont_0pct_ensemble_loo_mahal;0.0;ensemble_loo_mahal;10;10;10;0;392;117;28;89;2;5;95;0.9819;0.9936;0.9778;0.6742;0.9101;0.0020;;;;;;;;8.47
2026-02-17T22:22:22.572097;mvtec_AD/carpet;cont_30pct_none;0.3;none;10;10;10;3;0;117;28;89;2;5;95;0.9438;0.9837;0.9605;0.6629;0.8539;-0.0361;;;;;;;;5.84
2026-02-17T22:22:31.349878;mvtec_AD/carpet;cont_30pct_ensemble_loo_mahal;0.3;ensemble_loo_mahal;10;10;10;3;392;117;28;89;2;5;95;0.9655;0.9891;0.9721;0.6854;0.8876;-0.0144;0.6000;0.7619;0;0.6667;0.6667;;;8.66
2026-02-17T22:22:37.356134;mvtec_AD/carpet;cont_0pct_none;0.0;none;10;10;10;0;0;117;28;89;2;5;99;0.9799;0.9929;0.9778;0.6629;0.8989;;;;;;;;;5.86
2026-02-17T22:22:47.035323;mvtec_AD/carpet;cont_0pct_ensemble_loo_mahal;0.0;ensemble_loo_mahal;10;10;10;0;79;117;28;89;2;5;99;0.9801;0.9929;0.9832;0.6629;0.8989;0.0002;;;;;;;;9.67
2026-02-17T22:22:52.739489;mvtec_AD/carpet;cont_30pct_none;0.3;none;10;10;10;3;0;117;28;89;2;5;99;0.9438;0.9837;0.9605;0.6629;0.8539;-0.0361;;;;;;;;5.68
2026-02-17T22:23:01.700114;mvtec_AD/carpet;cont_30pct_ensemble_loo_mahal;0.3;ensemble_loo_mahal;10;10;10;3;79;117;28;89;2;5;99;0.9450;0.9839;0.9605;0.6629;0.8539;-0.0349;0.0333;0.7619;0;0.6667;0.6667;;;8.89
2026-02-17T22:23:06.966938;mvtec_AD/carpet;cont_0pct_none;0.0;none;10;10;10;0;0;117;28;89;3;5;90;0.9723;0.9907;0.9724;0.7079;0.8764;;;;;;;;;5.14
2026-02-17T22:23:16.360234;mvtec_AD/carpet;cont_0pct_ensemble_loo_mahal;0.0;ensemble_loo_mahal;10;10;10;0;784;117;28;89;3;5;90;0.9827;0.9940;0.9778;0.7079;0.9101;0.0104;;;;;;;;9.39
2026-02-17T22:23:22.290957;mvtec_AD/carpet;cont_30pct_none;0.3;none;10;10;10;3;0;117;28;89;3;5;90;0.8993;0.9702;0.9111;0.6292;0.7416;-0.0730;;;;;;;;5.91
2026-02-17T22:23:31.135405;mvtec_AD/carpet;cont_30pct_ensemble_loo_mahal;0.3;ensemble_loo_mahal;10;10;10;3;784;117;28;89;3;5;90;0.9723;0.9903;0.9727;0.6742;0.7978;0.0000;1.0000;1.0000;1;1.0000;1.0000;;;8.70
2026-02-17T22:23:37.037427;mvtec_AD/carpet;cont_0pct_none;0.0;none;10;10;10;0;0;117;28;89;3;5;95;0.9723;0.9907;0.9724;0.7079;0.8764;;;;;;;;;5.76
2026-02-17T22:23:45.634071;mvtec_AD/carpet;cont_0pct_ensemble_loo_mahal;0.0;ensemble_loo_mahal;10;10;10;0;392;117;28;89;3;5;95;0.9791;0.9928;0.9775;0.7191;0.8989;0.0068;;;;;;;;8.59
2026-02-17T22:23:50.219123;mvtec_AD/carpet;cont_30pct_none;0.3;none;10;10;10;3;0;117;28;89;3;5;95;0.8993;0.9702;0.9111;0.6292;0.7416;-0.0730;;;;;;;;4.56
2026-02-17T22:23:59.211883;mvtec_AD/carpet;cont_30pct_ensemble_loo_mahal;0.3;ensemble_loo_mahal;10;10;10;3;392;117;28;89;3;5;95;0.9567;0.9856;0.9412;0.6629;0.7865;-0.0157;0.7857;1.0000;1;1.0000;1.0000;;;8.99
2026-02-17T22:24:05.260003;mvtec_AD/carpet;cont_0pct_none;0.0;none;10;10;10;0;0;117;28;89;3;5;99;0.9723;0.9907;0.9724;0.7079;0.8764;;;;;;;;;5.89
2026-02-17T22:24:14.099309;mvtec_AD/carpet;cont_0pct_ensemble_loo_mahal;0.0;ensemble_loo_mahal;10;10;10;0;79;117;28;89;3;5;99;0.9731;0.9909;0.9724;0.7191;0.8764;0.0008;;;;;;;;8.84
2026-02-17T22:24:19.973430;mvtec_AD/carpet;cont_30pct_none;0.3;none;10;10;10;3;0;117;28;89;3;5;99;0.8993;0.9702;0.9111;0.6292;0.7416;-0.0730;;;;;;;;5.85
2026-02-17T22:24:28.839096;mvtec_AD/carpet;cont_30pct_ensemble_loo_mahal;0.3;ensemble_loo_mahal;10;10;10;3;79;117;28;89;3;5;99;0.8993;0.9703;0.9153;0.6292;0.7416;-0.0730;-0.0000;1.0000;1;1.0000;1.0000;;;8.71
2026-02-17T22:24:34.789024;mvtec_AD/carpet;cont_0pct_none;0.0;none;10;10;10;0;0;117;28;89;4;5;90;0.9759;0.9917;0.9674;0.6854;0.8876;;;;;;;;;5.82
2026-02-17T22:24:42.621911;mvtec_AD/carpet;cont_0pct_ensemble_loo_mahal;0.0;ensemble_loo_mahal;10;10;10;0;784;117;28;89;4;5;90;0.9807;0.9934;0.9724;0.7079;0.9213;0.0048;;;;;;;;7.83
2026-02-17T22:24:48.139665;mvtec_AD/carpet;cont_30pct_none;0.3;none;10;10;10;3;0;117;28;89;4;5;90;0.9366;0.9810;0.9545;0.6067;0.7640;-0.0393;;;;;;;;5.50
2026-02-17T22:24:57.248911;mvtec_AD/carpet;cont_30pct_ensemble_loo_mahal;0.3;ensemble_loo_mahal;10;10;10;3;784;117;28;89;4;5;90;0.9787;0.9924;0.9780;0.6629;0.8652;0.0028;1.0714;1.0000;1;1.0000;1.0000;;;8.99
2026-02-17T22:25:02.834337;mvtec_AD/carpet;cont_0pct_none;0.0;none;10;10;10;0;0;117;28;89;4;5;95;0.9759;0.9917;0.9674;0.6854;0.8876;;;;;;;;;5.45
2026-02-17T22:25:12.075433;mvtec_AD/carpet;cont_0pct_ensemble_loo_mahal;0.0;ensemble_loo_mahal;10;10;10;0;392;117;28;89;4;5;95;0.9799;0.9930;0.9778;0.7079;0.8876;0.0040;;;;;;;;9.24
2026-02-17T22:25:17.107343;mvtec_AD/carpet;cont_30pct_none;0.3;none;10;10;10;3;0;117;28;89;4;5;95;0.9366;0.9810;0.9545;0.6067;0.7640;-0.0393;;;;;;;;5.01
2026-02-17T22:25:25.790382;mvtec_AD/carpet;cont_30pct_ensemble_loo_mahal;0.3;ensemble_loo_mahal;10;10;10;3;392;117;28;89;4;5;95;0.9739;0.9906;0.9778;0.6629;0.8090;-0.0020;0.9490;1.0000;1;1.0000;1.0000;;;8.68
2026-02-17T22:25:30.718153;mvtec_AD/carpet;cont_0pct_none;0.0;none;10;10;10;0;0;117;28;89;4;5;99;0.9759;0.9917;0.9674;0.6854;0.8876;;;;;;;;;4.80
2026-02-17T22:25:39.652921;mvtec_AD/carpet;cont_0pct_ensemble_loo_mahal;0.0;ensemble_loo_mahal;10;10;10;0;79;117;28;89;4;5;99;0.9763;0.9918;0.9670;0.6854;0.8876;0.0004;;;;;;;;8.93
2026-02-17T22:25:45.322530;mvtec_AD/carpet;cont_30pct_none;0.3;none;10;10;10;3;0;117;28;89;4;5;99;0.9366;0.9810;0.9545;0.6067;0.7640;-0.0393;;;;;;;;5.65
2026-02-17T22:25:54.149531;mvtec_AD/carpet;cont_30pct_ensemble_loo_mahal;0.3;ensemble_loo_mahal;10;10;10;3;79;117;28;89;4;5;99;0.9366;0.9810;0.9545;0.6067;0.7640;-0.0393;0.0000;1.0000;1;1.0000;1.0000;;;8.82
2026-02-17T22:25:59.115915;mvtec_AD/grid;cont_0pct_none;0.0;none;10;10;10;0;0;78;21;57;0;5;90;0.8997;0.9617;0.9091;0.5439;0.6842;;;;;;;;;3.85
2026-02-17T22:26:05.138048;mvtec_AD/grid;cont_0pct_ensemble_loo_mahal;0.0;ensemble_loo_mahal;10;10;10;0;784;78;21;57;0;5;90;0.9114;0.9666;0.9180;0.5965;0.7018;0.0117;;;;;;;;6.02
2026-02-17T22:26:09.048510;mvtec_AD/grid;cont_30pct_none;0.3;none;10;10;10;3;0;78;21;57;0;5;90;0.8262;0.9359;0.8644;0.4737;0.5088;-0.0735;;;;;;;;3.89
2026-02-17T22:26:14.921838;mvtec_AD/grid;cont_30pct_ensemble_loo_mahal;0.3;ensemble_loo_mahal;10;10;10;3;784;78;21;57;0;5;90;0.8847;0.9567;0.8943;0.5614;0.5965;-0.0150;0.7955;0.9048;1;0.6667;0.6667;;;5.86
2026-02-17T22:26:18.885968;mvtec_AD/grid;cont_0pct_none;0.0;none;10;10;10;0;0;78;21;57;0;5;95;0.8997;0.9617;0.9091;0.5439;0.6842;;;;;;;;;3.87
2026-02-17T22:26:26.166750;mvtec_AD/grid;cont_0pct_ensemble_loo_mahal;0.0;ensemble_loo_mahal;10;10;10;0;392;78;21;57;0;5;95;0.9148;0.9679;0.9180;0.5965;0.7193;0.0150;;;;;;;;7.27
2026-02-17T22:26:30.010604;mvtec_AD/grid;cont_30pct_none;0.3;none;10;10;10;3;0;78;21;57;0;5;95;0.8262;0.9359;0.8644;0.4737;0.5088;-0.0735;;;;;;;;3.82
2026-02-17T22:26:37.012721;mvtec_AD/grid;cont_30pct_ensemble_loo_mahal;0.3;ensemble_loo_mahal;10;10;10;3;392;78;21;57;0;5;95;0.8772;0.9542;0.9027;0.5614;0.5789;-0.0226;0.6932;0.9048;1;0.6667;0.6667;;;6.78
2026-02-17T22:26:41.092128;mvtec_AD/grid;cont_0pct_none;0.0;none;10;10;10;0;0;78;21;57;0;5;99;0.8997;0.9617;0.9091;0.5439;0.6842;;;;;;;;;3.99
2026-02-17T22:26:48.308620;mvtec_AD/grid;cont_0pct_ensemble_loo_mahal;0.0;ensemble_loo_mahal;10;10;10;0;79;78;21;57;0;5;99;0.9023;0.9631;0.9091;0.5789;0.6667;0.0025;;;;;;;;7.21
2026-02-17T22:26:51.496000;mvtec_AD/grid;cont_30pct_none;0.3;none;10;10;10;3;0;78;21;57;0;5;99;0.8262;0.9359;0.8644;0.4737;0.5088;-0.0735;;;;;;;;3.17
2026-02-17T22:26:57.860085;mvtec_AD/grid;cont_30pct_ensemble_loo_mahal;0.3;ensemble_loo_mahal;10;10;10;3;79;78;21;57;0;5;99;0.8338;0.9395;0.8644;0.5088;0.5263;-0.0660;0.1023;0.9048;1;0.6667;0.6667;;;6.36
2026-02-17T22:27:01.854167;mvtec_AD/grid;cont_0pct_none;0.0;none;10;10;10;0;0;78;21;57;1;5;90;0.9181;0.9718;0.9016;0.7544;0.7719;;;;;;;;;3.90
2026-02-17T22:27:08.665529;mvtec_AD/grid;cont_0pct_ensemble_loo_mahal;0.0;ensemble_loo_mahal;10;10;10;0;784;78;21;57;1;5;90;0.9323;0.9765;0.9048;0.7719;0.7895;0.0142;;;;;;;;6.80
2026-02-17T22:27:12.455865;mvtec_AD/grid;cont_30pct_none;0.3;none;10;10;10;3;0;78;21;57;1;5;90;0.8363;0.9464;0.8596;0.6491;0.6667;-0.0819;;;;;;;;3.77
2026-02-17T22:27:19.340691;mvtec_AD/grid;cont_30pct_ensemble_loo_mahal;0.3;ensemble_loo_mahal;10;10;10;3;784;78;21;57;1;5;90;0.9215;0.9748;0.9143;0.8421;0.8421;0.0033;1.0408;0.9524;1;0.6667;0.6667;;;6.44
2026-02-17T22:27:23.337361;mvtec_AD/grid;cont_0pct_none;0.0;none;10;10;10;0;0;78;21;57;1;5;95;0.9181;0.9718;0.9016;0.7544;0.7719;;;;;;;;;3.89
2026-02-17T22:27:30.700429;mvtec_AD/grid;cont_0pct_ensemble_loo_mahal;0.0;ensemble_loo_mahal;10;10;10;0;392;78;21;57;1;5;95;0.9340;0.9779;0.9091;0.8070;0.8070;0.0159;;;;;;;;7.36
2026-02-17T22:27:33.699814;mvtec_AD/grid;cont_30pct_none;0.3;none;10;10;10;3;0;78;21;57;1;5;95;0.8363;0.9464;0.8596;0.6491;0.6667;-0.0819;;;;;;;;2.97
2026-02-17T22:27:40.778391;mvtec_AD/grid;cont_30pct_ensemble_loo_mahal;0.3;ensemble_loo_mahal;10;10;10;3;392;78;21;57;1;5;95;0.9156;0.9732;0.9143;0.8421;0.8421;-0.0025;0.9694;0.9524;1;0.6667;0.6667;;;7.07
2026-02-17T22:27:44.575707;mvtec_AD/grid;cont_0pct_none;0.0;none;10;10;10;0;0;78;21;57;1;5;99;0.9181;0.9718;0.9016;0.7544;0.7719;;;;;;;;;3.70
2026-02-17T22:27:51.931527;mvtec_AD/grid;cont_0pct_ensemble_loo_mahal;0.0;ensemble_loo_mahal;10;10;10;0;79;78;21;57;1;5;99;0.9231;0.9737;0.9091;0.7544;0.7719;0.0050;;;;;;;;7.35
2026-02-17T22:27:55.240283;mvtec_AD/grid;cont_30pct_none;0.3;none;10;10;10;3;0;78;21;57;1;5;99;0.8363;0.9464;0.8596;0.6491;0.6667;-0.0819;;;;;;;;3.29
2026-02-17T22:28:02.790539;mvtec_AD/grid;cont_30pct_ensemble_loo_mahal;0.3;ensemble_loo_mahal;10;10;10;3;79;78;21;57;1;5;99;0.8363;0.9464;0.8596;0.6491;0.6667;-0.0819;0.0000;0.9524;1;0.6667;0.6667;;;7.43
2026-02-17T22:28:06.696988;mvtec_AD/grid;cont_0pct_none;0.0;none;10;10;10;0;0;78;21;57;2;5;90;0.9273;0.9747;0.9106;0.7368;0.7719;;;;;;;;;3.81
2026-02-17T22:28:13.415061;mvtec_AD/grid;cont_0pct_ensemble_loo_mahal;0.0;ensemble_loo_mahal;10;10;10;0;784;78;21;57;2;5;90;0.9165;0.9699;0.9060;0.6667;0.7368;-0.0109;;;;;;;;6.71
2026-02-17T22:28:17.307130;mvtec_AD/grid;cont_30pct_none;0.3;none;10;10;10;3;0;78;21;57;2;5;90;0.8530;0.9528;0.8667;0.7018;0.7193;-0.0744;;;;;;;;3.87
2026-02-17T22:28:23.134106;mvtec_AD/grid;cont_30pct_ensemble_loo_mahal;0.3;ensemble_loo_mahal;10;10;10;3;784;78;21;57;2;5;90;0.9098;0.9706;0.8932;0.8070;0.8070;-0.0175;0.7640;0.7619;1;0.3333;0.3333;;;5.66
2026-02-17T22:28:27.165640;mvtec_AD/grid;cont_0pct_none;0.0;none;10;10;10;0;0;78;21;57;2;5;95;0.9273;0.9747;0.9106;0.7368;0.7719;;;;;;;;;3.94
2026-02-17T22:28:33.702829;mvtec_AD/grid;cont_0pct_ensemble_loo_mahal;0.0;ensemble_loo_mahal;10;10;10;0;392;78;21;57;2;5;95;0.9373;0.9786;0.9138;0.7895;0.7895;0.0100;;;;;;;;6.53
2026-02-17T22:28:37.659913;mvtec_AD/grid;cont_30pct_none;0.3;none;10;10;10;3;0;78;21;57;2;5;95;0.8530;0.9528;0.8667;0.7018;0.7193;-0.0744;;;;;;;;3.94
2026-02-17T22:28:44.730684;mvtec_AD/grid;cont_30pct_ensemble_loo_mahal;0.3;ensemble_loo_mahal;10;10;10;3;392;78;21;57;2;5;95;0.9048;0.9693;0.8972;0.7719;0.7895;-0.0226;0.6966;0.7619;1;0.3333;0.3333;;;7.07
2026-02-17T22:28:48.636338;mvtec_AD/grid;cont_0pct_none;0.0;none;10;10;10;0;0;78;21;57;2;5;99;0.9273;0.9747;0.9106;0.7368;0.7719;;;;;;;;;3.80
2026-02-17T22:28:55.518435;mvtec_AD/grid;cont_0pct_ensemble_loo_mahal;0.0;ensemble_loo_mahal;10;10;10;0;79;78;21;57;2;5;99;0.9323;0.9769;0.9106;0.7895;0.7895;0.0050;;;;;;;;6.87
2026-02-17T22:28:59.485630;mvtec_AD/grid;cont_30pct_none;0.3;none;10;10;10;3;0;78;21;57;2;5;99;0.8530;0.9528;0.8667;0.7018;0.7193;-0.0744;;;;;;;;3.93
2026-02-17T22:29:07.187959;mvtec_AD/grid;cont_30pct_ensemble_loo_mahal;0.3;ensemble_loo_mahal;10;10;10;3;79;78;21;57;2;5;99;0.8688;0.9578;0.8760;0.7193;0.7368;-0.0585;0.2135;0.7619;1;0.3333;0.3333;;;7.59
2026-02-17T22:29:10.060026;mvtec_AD/grid;cont_0pct_none;0.0;none;10;10;10;0;0;78;21;57;3;5;90;0.9482;0.9823;0.9286;0.7895;0.8421;;;;;;;;;2.77
2026-02-17T22:29:16.636621;mvtec_AD/grid;cont_0pct_ensemble_loo_mahal;0.0;ensemble_loo_mahal;10;10;10;0;784;78;21;57;3;5;90;0.9599;0.9859;0.9333;0.7719;0.8772;0.0117;;;;;;;;6.57
2026-02-17T22:29:19.782851;mvtec_AD/grid;cont_30pct_none;0.3;none;10;10;10;3;0;78;21;57;3;5;90;0.8622;0.9553;0.8785;0.6842;0.7193;-0.0860;;;;;;;;3.13
2026-02-17T22:29:26.423083;mvtec_AD/grid;cont_30pct_ensemble_loo_mahal;0.3;ensemble_loo_mahal;10;10;10;3;784;78;21;57;3;5;90;0.9123;0.9707;0.8972;0.7544;0.7544;-0.0359;0.5825;0.9048;1;0.6667;0.6667;;;6.63
2026-02-17T22:29:30.454238;mvtec_AD/grid;cont_0pct_none;0.0;none;10;10;10;0;0;78;21;57;3;5;95;0.9482;0.9823;0.9286;0.7895;0.8421;;;;;;;;;3.93
2026-02-17T22:29:37.555386;mvtec_AD/grid;cont_0pct_ensemble_loo_mahal;0.0;ensemble_loo_mahal;10;10;10;0;392;78;21;57;3;5;95;0.9482;0.9829;0.9286;0.8246;0.8596;0.0000;;;;;;;;7.09
2026-02-17T22:29:41.072113;mvtec_AD/grid;cont_30pct_none;0.3;none;10;10;10;3;0;78;21;57;3;5;95;0.8622;0.9553;0.8785;0.6842;0.7193;-0.0860;;;;;;;;3.49
2026-02-17T22:29:48.272834;mvtec_AD/grid;cont_30pct_ensemble_loo_mahal;0.3;ensemble_loo_mahal;10;10;10;3;392;78;21;57;3;5;95;0.8981;0.9674;0.8889;0.7544;0.7895;-0.0501;0.4175;0.9048;1;0.6667;0.6667;;;7.10
2026-02-17T22:29:52.044608;mvtec_AD/grid;cont_0pct_none;0.0;none;10;10;10;0;0;78;21;57;3;5;99;0.9482;0.9823;0.9286;0.7895;0.8421;;;;;;;;;3.68
2026-02-17T22:29:59.002630;mvtec_AD/grid;cont_0pct_ensemble_loo_mahal;0.0;ensemble_loo_mahal;10;10;10;0;79;78;21;57;3;5;99;0.9482;0.9824;0.9286;0.8070;0.8421;0.0000;;;;;;;;6.95
2026-02-17T22:30:01.869322;mvtec_AD/grid;cont_30pct_none;0.3;none;10;10;10;3;0;78;21;57;3;5;99;0.8622;0.9553;0.8785;0.6842;0.7193;-0.0860;;;;;;;;2.85
2026-02-17T22:30:08.736272;mvtec_AD/grid;cont_30pct_ensemble_loo_mahal;0.3;ensemble_loo_mahal;10;10;10;3;79;78;21;57;3;5;99;0.8622;0.9553;0.8785;0.6842;0.7193;-0.0860;0.0000;0.9048;1;0.6667;0.6667;;;6.86
2026-02-17T22:30:12.682945;mvtec_AD/grid;cont_0pct_none;0.0;none;10;10;10;0;0;78;21;57;4;5;90;0.9315;0.9750;0.9180;0.6491;0.7368;;;;;;;;;3.85
2026-02-17T22:30:20.094646;mvtec_AD/grid;cont_0pct_ensemble_loo_mahal;0.0;ensemble_loo_mahal;10;10;10;0;784;78;21;57;4;5;90;0.9031;0.9635;0.9043;0.5789;0.5965;-0.0284;;;;;;;;7.10
2026-02-17T22:30:23.688068;mvtec_AD/grid;cont_30pct_none;0.3;none;10;10;10;3;0;78;21;57;4;5;90;0.8271;0.9316;0.8833;0.2982;0.5088;-0.1044;;;;;;;;3.57
2026-02-17T22:30:30.969904;mvtec_AD/grid;cont_30pct_ensemble_loo_mahal;0.3;ensemble_loo_mahal;10;10;10;3;784;78;21;57;4;5;90;0.8855;0.9548;0.9106;0.5439;0.5614;-0.0459;0.5600;1.0000;1;1.0000;1.0000;;;7.16
2026-02-17T22:30:34.995308;mvtec_AD/grid;cont_0pct_none;0.0;none;10;10;10;0;0;78;21;57;4;5;95;0.9315;0.9750;0.9180;0.6491;0.7368;;;;;;;;;3.93
2026-02-17T22:30:42.949318;mvtec_AD/grid;cont_0pct_ensemble_loo_mahal;0.0;ensemble_loo_mahal;10;10;10;0;392;78;21;57;4;5;95;0.9231;0.9719;0.9123;0.6316;0.6842;-0.0084;;;;;;;;7.95
2026-02-17T22:30:46.781103;mvtec_AD/grid;cont_30pct_none;0.3;none;10;10;10;3;0;78;21;57;4;5;95;0.8271;0.9316;0.8833;0.2982;0.5088;-0.1044;;;;;;;;3.81
2026-02-17T22:30:52.858206;mvtec_AD/grid;cont_30pct_ensemble_loo_mahal;0.3;ensemble_loo_mahal;10;10;10;3;392;78;21;57;4;5;95;0.8906;0.9581;0.9016;0.5263;0.5789;-0.0409;0.6080;1.0000;1;1.0000;1.0000;;;5.91
2026-02-17T22:30:56.882274;mvtec_AD/grid;cont_0pct_none;0.0;none;10;10;10;0;0;78;21;57;4;5;99;0.9315;0.9750;0.9180;0.6491;0.7368;;;;;;;;;3.94
2026-02-17T22:31:04.061620;mvtec_AD/grid;cont_0pct_ensemble_loo_mahal;0.0;ensemble_loo_mahal;10;10;10;0;79;78;21;57;4;5;99;0.9373;0.9777;0.9180;0.6842;0.7895;0.0058;;;;;;;;7.17
2026-02-17T22:31:07.985824;mvtec_AD/grid;cont_30pct_none;0.3;none;10;10;10;3;0;78;21;57;4;5;99;0.8271;0.9316;0.8833;0.2982;0.5088;-0.1044;;;;;;;;3.90
2026-02-17T22:31:14.874737;mvtec_AD/grid;cont_30pct_ensemble_loo_mahal;0.3;ensemble_loo_mahal;10;10;10;3;79;78;21;57;4;5;99;0.8279;0.9318;0.8833;0.3158;0.5088;-0.1036;0.0080;1.0000;1;1.0000;1.0000;;;6.88
2026-02-17T22:31:21.996931;mvtec_AD/hazelnut;cont_0pct_none;0.0;none;10;10;10;0;0;110;40;70;0;5;90;0.8796;0.9334;0.8571;0.4571;0.5429;;;;;;;;;5.49
2026-02-17T22:31:29.338103;mvtec_AD/hazelnut;cont_0pct_ensemble_loo_mahal;0.0;ensemble_loo_mahal;10;10;10;0;784;110;40;70;0;5;90;0.8618;0.9266;0.8551;0.4429;0.5857;-0.0179;;;;;;;;7.34
2026-02-17T22:31:34.957894;mvtec_AD/hazelnut;cont_30pct_none;0.3;none;10;10;10;3;0;110;40;70;0;5;90;0.7643;0.8701;0.7949;0.2857;0.3571;-0.1154;;;;;;;;5.60
2026-02-17T22:31:42.176396;mvtec_AD/hazelnut;cont_30pct_ensemble_loo_mahal;0.3;ensemble_loo_mahal;10;10;10;3;784;110;40;70;0;5;90;0.8339;0.9111;0.8435;0.5143;0.5286;-0.0457;0.6037;0.8095;1;0.6667;0.6667;;;7.12
2026-02-17T22:31:47.560743;mvtec_AD/hazelnut;cont_0pct_none;0.0;none;10;10;10;0;0;110;40;70;0;5;95;0.8796;0.9334;0.8571;0.4571;0.5429;;;;;;;;;5.24
2026-02-17T22:31:57.019423;mvtec_AD/hazelnut;cont_0pct_ensemble_loo_mahal;0.0;ensemble_loo_mahal;10;10;10;0;392;110;40;70;0;5;95;0.8686;0.9301;0.8593;0.4571;0.5286;-0.0111;;;;;;;;7.96
2026-02-17T22:32:02.480753;mvtec_AD/hazelnut;cont_30pct_none;0.3;none;10;10;10;3;0;110;40;70;0;5;95;0.7643;0.8701;0.7949;0.2857;0.3571;-0.1154;;;;;;;;5.44
2026-02-17T22:32:11.179807;mvtec_AD/hazelnut;cont_30pct_ensemble_loo_mahal;0.3;ensemble_loo_mahal;10;10;10;3;392;110;40;70;0;5;95;0.8250;0.9081;0.8358;0.4571;0.5143;-0.0546;0.5263;0.8095;1;0.6667;0.6667;;;8.59
2026-02-17T22:32:16.562344;mvtec_AD/hazelnut;cont_0pct_none;0.0;none;10;10;10;0;0;110;40;70;0;5;99;0.8796;0.9334;0.8571;0.4571;0.5429;;;;;;;;;5.26
2026-02-17T22:32:24.559393;mvtec_AD/hazelnut;cont_0pct_ensemble_loo_mahal;0.0;ensemble_loo_mahal;10;10;10;0;79;110;40;70;0;5;99;0.8786;0.9336;0.8571;0.4857;0.5000;-0.0011;;;;;;;;7.99
2026-02-17T22:32:29.178600;mvtec_AD/hazelnut;cont_30pct_none;0.3;none;10;10;10;3;0;110;40;70;0;5;99;0.7643;0.8701;0.7949;0.2857;0.3571;-0.1154;;;;;;;;4.60
2026-02-17T22:32:38.225027;mvtec_AD/hazelnut;cont_30pct_ensemble_loo_mahal;0.3;ensemble_loo_mahal;10;10;10;3;79;110;40;70;0;5;99;0.7771;0.8805;0.7970;0.3429;0.3857;-0.1025;0.1115;0.8095;1;0.6667;0.6667;;;9.04
2026-02-17T22:32:43.841468;mvtec_AD/hazelnut;cont_0pct_none;0.0;none;10;10;10;0;0;110;40;70;1;5;90;0.8457;0.9216;0.8272;0.6000;0.6143;;;;;;;;;5.51
2026-02-17T22:32:52.236550;mvtec_AD/hazelnut;cont_0pct_ensemble_loo_mahal;0.0;ensemble_loo_mahal;10;10;10;0;784;110;40;70;1;5;90;0.8700;0.9329;0.8366;0.6143;0.6286;0.0243;;;;;;;;8.29
2026-02-17T22:32:57.892888;mvtec_AD/hazelnut;cont_30pct_none;0.3;none;10;10;10;3;0;110;40;70;1;5;90;0.8236;0.9130;0.8101;0.5000;0.6429;-0.0221;;;;;;;;5.64
2026-02-17T22:33:05.231479;mvtec_AD/hazelnut;cont_30pct_ensemble_loo_mahal;0.3;ensemble_loo_mahal;10;10;10;3;784;110;40;70;1;5;90;0.8554;0.9297;0.8372;0.6000;0.6143;0.0096;1.4355;0.7619;1;0.3333;0.3333;;;7.24
2026-02-17T22:33:10.463700;mvtec_AD/hazelnut;cont_0pct_none;0.0;none;10;10;10;0;0;110;40;70;1;5;95;0.8457;0.9216;0.8272;0.6000;0.6143;;;;;;;;;5.12
2026-02-17T22:33:18.990599;mvtec_AD/hazelnut;cont_0pct_ensemble_loo_mahal;0.0;ensemble_loo_mahal;10;10;10;0;392;110;40;70;1;5;95;0.8571;0.9300;0.8221;0.6286;0.6857;0.0114;;;;;;;;8.50
2026-02-17T22:33:24.188050;mvtec_AD/hazelnut;cont_30pct_none;0.3;none;10;10;10;3;0;110;40;70;1;5;95;0.8236;0.9130;0.8101;0.5000;0.6429;-0.0221;;;;;;;;5.18
2026-02-17T22:33:32.973487;mvtec_AD/hazelnut;cont_30pct_ensemble_loo_mahal;0.3;ensemble_loo_mahal;10;10;10;3;392;110;40;70;1;5;95;0.8443;0.9238;0.8189;0.5429;0.6857;-0.0014;0.9355;0.7619;1;0.3333;0.3333;;;8.64
2026-02-17T22:33:38.355223;mvtec_AD/hazelnut;cont_0pct_none;0.0;none;10;10;10;0;0;110;40;70;1;5;99;0.8457;0.9216;0.8272;0.6000;0.6143;;;;;;;;;5.28
2026-02-17T22:33:47.109559;mvtec_AD/hazelnut;cont_0pct_ensemble_loo_mahal;0.0;ensemble_loo_mahal;10;10;10;0;79;110;40;70;1;5;99;0.8457;0.9217;0.8221;0.6000;0.6143;-0.0000;;;;;;;;8.65
2026-02-17T22:33:51.917835;mvtec_AD/hazelnut;cont_30pct_none;0.3;none;10;10;10;3;0;110;40;70;1;5;99;0.8236;0.9130;0.8101;0.5000;0.6429;-0.0221;;;;;;;;4.79
2026-02-17T22:34:00.570851;mvtec_AD/hazelnut;cont_30pct_ensemble_loo_mahal;0.3;ensemble_loo_mahal;10;10;10;3;79;110;40;70;1;5;99;0.8386;0.9196;0.8176;0.5143;0.6571;-0.0071;0.6774;0.7619;1;0.3333;0.3333;;;8.65
2026-02-17T22:34:05.616051;mvtec_AD/hazelnut;cont_0pct_none;0.0;none;10;10;10;0;0;110;40;70;2;5;90;0.8264;0.9107;0.8143;0.4286;0.6000;;;;;;;;;4.95
2026-02-17T22:34:13.744010;mvtec_AD/hazelnut;cont_0pct_ensemble_loo_mahal;0.0;ensemble_loo_mahal;10;10;10;0;784;110;40;70;2;5;90;0.8611;0.9297;0.8421;0.5429;0.6429;0.0346;;;;;;;;8.12
2026-02-17T22:34:19.151563;mvtec_AD/hazelnut;cont_30pct_none;0.3;none;10;10;10;3;0;110;40;70;2;5;90;0.7446;0.8544;0.8025;0.2857;0.3571;-0.0818;;;;;;;;5.39
2026-02-17T22:34:27.420579;mvtec_AD/hazelnut;cont_30pct_ensemble_loo_mahal;0.3;ensemble_loo_mahal;10;10;10;3;784;110;40;70;2;5;90;0.8150;0.8983;0.8354;0.3714;0.5143;-0.0114;0.8603;0.6190;0;0.3333;0.3333;;;8.20
2026-02-17T22:34:32.980410;mvtec_AD/hazelnut;cont_0pct_none;0.0;none;10;10;10;0;0;110;40;70;2;5;95;0.8264;0.9107;0.8143;0.4286;0.6000;;;;;;;;;5.43
2026-02-17T22:34:41.150690;mvtec_AD/hazelnut;cont_0pct_ensemble_loo_mahal;0.0;ensemble_loo_mahal;10;10;10;0;392;110;40;70;2;5;95;0.8421;0.9203;0.8444;0.4857;0.6143;0.0157;;;;;;;;8.17
2026-02-17T22:34:46.604202;mvtec_AD/hazelnut;cont_30pct_none;0.3;none;10;10;10;3;0;110;40;70;2;5;95;0.7446;0.8544;0.8025;0.2857;0.3571;-0.0818;;;;;;;;5.43
2026-02-17T22:34:54.011496;mvtec_AD/hazelnut;cont_30pct_ensemble_loo_mahal;0.3;ensemble_loo_mahal;10;10;10;3;392;110;40;70;2;5;95;0.7936;0.8874;0.8205;0.3857;0.4857;-0.0329;0.5983;0.6190;0;0.3333;0.3333;;;7.30
2026-02-17T22:34:59.202138;mvtec_AD/hazelnut;cont_0pct_none;0.0;none;10;10;10;0;0;110;40;70;2;5;99;0.8264;0.9107;0.8143;0.4286;0.6000;;;;;;;;;5.10
2026-02-17T22:35:08.143722;mvtec_AD/hazelnut;cont_0pct_ensemble_loo_mahal;0.0;ensemble_loo_mahal;10;10;10;0;79;110;40;70;2;5;99;0.8232;0.9091;0.8143;0.4429;0.6000;-0.0032;;;;;;;;8.94
2026-02-17T22:35:13.387796;mvtec_AD/hazelnut;cont_30pct_none;0.3;none;10;10;10;3;0;110;40;70;2;5;99;0.7446;0.8544;0.8025;0.2857;0.3571;-0.0818;;;;;;;;5.22
2026-02-17T22:35:22.334633;mvtec_AD/hazelnut;cont_30pct_ensemble_loo_mahal;0.3;ensemble_loo_mahal;10;10;10;3;79;110;40;70;2;5;99;0.7507;0.8598;0.8025;0.2857;0.3857;-0.0757;0.0742;0.6190;0;0.3333;0.3333;;;8.84
2026-02-17T22:35:27.415812;mvtec_AD/hazelnut;cont_0pct_none;0.0;none;10;10;10;0;0;110;40;70;3;5;90;0.8104;0.8991;0.8144;0.4571;0.5286;;;;;;;;;4.96
2026-02-17T22:35:34.975308;mvtec_AD/hazelnut;cont_0pct_ensemble_loo_mahal;0.0;ensemble_loo_mahal;10;10;10;0;784;110;40;70;3;5;90;0.8218;0.9037;0.8299;0.4857;0.5000;0.0114;;;;;;;;7.56
2026-02-17T22:35:39.617472;mvtec_AD/hazelnut;cont_30pct_none;0.3;none;10;10;10;3;0;110;40;70;3;5;90;0.7868;0.8878;0.8029;0.4429;0.4857;-0.0236;;;;;;;;4.63
2026-02-17T22:35:47.835055;mvtec_AD/hazelnut;cont_30pct_ensemble_loo_mahal;0.3;ensemble_loo_mahal;10;10;10;3;784;110;40;70;3;5;90;0.7857;0.8895;0.8077;0.4286;0.5286;-0.0246;-0.0455;0.3333;0;0.0000;0.0000;;;8.21
2026-02-17T22:35:53.462739;mvtec_AD/hazelnut;cont_0pct_none;0.0;none;10;10;10;0;0;110;40;70;3;5;95;0.8104;0.8991;0.8144;0.4571;0.5286;;;;;;;;;5.52
2026-02-17T22:36:01.932675;mvtec_AD/hazelnut;cont_0pct_ensemble_loo_mahal;0.0;ensemble_loo_mahal;10;10;10;0;392;110;40;70;3;5;95;0.8121;0.8978;0.8182;0.4571;0.4857;0.0018;;;;;;;;8.47
2026-02-17T22:36:07.640748;mvtec_AD/hazelnut;cont_30pct_none;0.3;none;10;10;10;3;0;110;40;70;3;5;95;0.7868;0.8878;0.8029;0.4429;0.4857;-0.0236;;;;;;;;5.69
2026-02-17T22:36:15.821412;mvtec_AD/hazelnut;cont_30pct_ensemble_loo_mahal;0.3;ensemble_loo_mahal;10;10;10;3;392;110;40;70;3;5;95;0.7864;0.8916;0.7943;0.4286;0.5143;-0.0239;-0.0152;0.3333;0;0.0000;0.0000;;;7.62
2026-02-17T22:36:21.049568;mvtec_AD/hazelnut;cont_0pct_none;0.0;none;10;10;10;0;0;110;40;70;3;5;99;0.8104;0.8991;0.8144;0.4571;0.5286;;;;;;;;;5.10
2026-02-17T22:36:28.968233;mvtec_AD/hazelnut;cont_0pct_ensemble_loo_mahal;0.0;ensemble_loo_mahal;10;10;10;0;79;110;40;70;3;5;99;0.8146;0.9017;0.8166;0.4714;0.5429;0.0043;;;;;;;;7.91
2026-02-17T22:36:34.252861;mvtec_AD/hazelnut;cont_30pct_none;0.3;none;10;10;10;3;0;110;40;70;3;5;99;0.7868;0.8878;0.8029;0.4429;0.4857;-0.0236;;;;;;;;5.27
2026-02-17T22:36:43.055338;mvtec_AD/hazelnut;cont_30pct_ensemble_loo_mahal;0.3;ensemble_loo_mahal;10;10;10;3;79;110;40;70;3;5;99;0.7854;0.8868;0.8029;0.4143;0.5143;-0.0250;-0.0606;0.3333;0;0.0000;0.0000;;;8.80
2026-02-17T22:36:48.616177;mvtec_AD/hazelnut;cont_0pct_none;0.0;none;10;10;10;0;0;110;40;70;4;5;90;0.8743;0.9305;0.8516;0.4857;0.6143;;;;;;;;;5.46
2026-02-17T22:36:56.881872;mvtec_AD/hazelnut;cont_0pct_ensemble_loo_mahal;0.0;ensemble_loo_mahal;10;10;10;0;784;110;40;70;4;5;90;0.8921;0.9422;0.8662;0.6000;0.6714;0.0179;;;;;;;;8.26
2026-02-17T22:37:01.580442;mvtec_AD/hazelnut;cont_30pct_none;0.3;none;10;10;10;3;0;110;40;70;4;5;90;0.8325;0.9160;0.8199;0.5429;0.6000;-0.0418;;;;;;;;4.68
2026-02-17T22:37:09.932813;mvtec_AD/hazelnut;cont_30pct_ensemble_loo_mahal;0.3;ensemble_loo_mahal;10;10;10;3;784;110;40;70;4;5;90;0.8661;0.9334;0.8406;0.5857;0.6714;-0.0082;0.8034;0.5714;1;0.3333;0.3333;;;8.35
2026-02-17T22:37:14.835400;mvtec_AD/hazelnut;cont_0pct_none;0.0;none;10;10;10;0;0;110;40;70;4;5;95;0.8743;0.9305;0.8516;0.4857;0.6143;;;;;;;;;4.81
2026-02-17T22:37:23.398298;mvtec_AD/hazelnut;cont_0pct_ensemble_loo_mahal;0.0;ensemble_loo_mahal;10;10;10;0;392;110;40;70;4;5;95;0.8868;0.9379;0.8645;0.5429;0.6000;0.0125;;;;;;;;8.56
2026-02-17T22:37:28.941040;mvtec_AD/hazelnut;cont_30pct_none;0.3;none;10;10;10;3;0;110;40;70;4;5;95;0.8325;0.9160;0.8199;0.5429;0.6000;-0.0418;;;;;;;;5.52
2026-02-17T22:37:37.986312;mvtec_AD/hazelnut;cont_30pct_ensemble_loo_mahal;0.3;ensemble_loo_mahal;10;10;10;3;392;110;40;70;4;5;95;0.8579;0.9282;0.8421;0.6000;0.6286;-0.0164;0.6068;0.5714;1;0.3333;0.3333;;;8.63
2026-02-17T22:37:43.634981;mvtec_AD/hazelnut;cont_0pct_none;0.0;none;10;10;10;0;0;110;40;70;4;5;99;0.8743;0.9305;0.8516;0.4857;0.6143;;;;;;;;;5.53
2026-02-17T22:37:52.898745;mvtec_AD/hazelnut;cont_0pct_ensemble_loo_mahal;0.0;ensemble_loo_mahal;10;10;10;0;79;110;40;70;4;5;99;0.8779;0.9326;0.8590;0.4857;0.6143;0.0036;;;;;;;;8.82
2026-02-17T22:37:58.250854;mvtec_AD/hazelnut;cont_30pct_none;0.3;none;10;10;10;3;0;110;40;70;4;5;99;0.8325;0.9160;0.8199;0.5429;0.6000;-0.0418;;;;;;;;5.34
2026-02-17T22:38:06.474973;mvtec_AD/hazelnut;cont_30pct_ensemble_loo_mahal;0.3;ensemble_loo_mahal;10;10;10;3;79;110;40;70;4;5;99;0.8464;0.9219;0.8272;0.5571;0.6143;-0.0279;0.3333;0.5714;1;0.3333;0.3333;;;8.22
2026-02-17T22:38:13.830609;mvtec_AD/leather;cont_0pct_none;0.0;none;10;10;10;0;0;124;32;92;0;5;90;0.9990;0.9996;0.9946;0.9674;1.0000;;;;;;;;;6.19
2026-02-17T22:38:22.718707;mvtec_AD/leather;cont_0pct_ensemble_loo_mahal;0.0;ensemble_loo_mahal;10;10;10;0;784;124;32;92;0;5;90;1.0000;1.0000;1.0000;1.0000;1.0000;0.0010;;;;;;;;8.88
2026-02-17T22:38:28.775532;mvtec_AD/leather;cont_30pct_none;0.3;none;10;10;10;3;0;124;32;92;0;5;90;0.9671;0.9914;0.9780;0.9674;0.9674;-0.0319;;;;;;;;6.04
2026-02-17T22:38:36.922503;mvtec_AD/leather;cont_30pct_ensemble_loo_mahal;0.3;ensemble_loo_mahal;10;10;10;3;784;124;32;92;0;5;90;1.0000;1.0000;1.0000;1.0000;1.0000;0.0010;1.0319;1.0000;1;1.0000;1.0000;;;8.14
2026-02-17T22:38:43.232311;mvtec_AD/leather;cont_0pct_none;0.0;none;10;10;10;0;0;124;32;92;0;5;95;0.9990;0.9996;0.9946;0.9674;1.0000;;;;;;;;;6.14
2026-02-17T22:38:52.740224;mvtec_AD/leather;cont_0pct_ensemble_loo_mahal;0.0;ensemble_loo_mahal;10;10;10;0;392;124;32;92;0;5;95;0.9993;0.9998;0.9946;1.0000;1.0000;0.0003;;;;;;;;9.50
2026-02-17T22:38:58.469792;mvtec_AD/leather;cont_30pct_none;0.3;none;10;10;10;3;0;124;32;92;0;5;95;0.9671;0.9914;0.9780;0.9674;0.9674;-0.0319;;;;;;;;5.71
2026-02-17T22:39:08.022716;mvtec_AD/leather;cont_30pct_ensemble_loo_mahal;0.3;ensemble_loo_mahal;10;10;10;3;392;124;32;92;0;5;95;0.9997;0.9999;0.9946;0.9891;1.0000;0.0007;1.0213;1.0000;1;1.0000;1.0000;;;9.45
2026-02-17T22:39:14.049397;mvtec_AD/leather;cont_0pct_none;0.0;none;10;10;10;0;0;124;32;92;0;5;99;0.9990;0.9996;0.9946;0.9674;1.0000;;;;;;;;;5.88
2026-02-17T22:39:23.394436;mvtec_AD/leather;cont_0pct_ensemble_loo_mahal;0.0;ensemble_loo_mahal;10;10;10;0;79;124;32;92;0;5;99;0.9990;0.9996;0.9946;0.9783;1.0000;0.0000;;;;;;;;9.34
2026-02-17T22:39:29.087728;mvtec_AD/leather;cont_30pct_none;0.3;none;10;10;10;3;0;124;32;92;0;5;99;0.9671;0.9914;0.9780;0.9674;0.9674;-0.0319;;;;;;;;5.67
2026-02-17T22:39:37.503685;mvtec_AD/leather;cont_30pct_ensemble_loo_mahal;0.3;ensemble_loo_mahal;10;10;10;3;79;124;32;92;0;5;99;0.9779;0.9942;0.9836;0.9783;0.9783;-0.0211;0.3404;1.0000;1;1.0000;1.0000;;;8.40
2026-02-17T22:39:43.414438;mvtec_AD/leather;cont_0pct_none;0.0;none;10;10;10;0;0;124;32;92;1;5;90;0.9990;0.9996;0.9946;0.9891;1.0000;;;;;;;;;5.76
2026-02-17T22:39:53.177247;mvtec_AD/leather;cont_0pct_ensemble_loo_mahal;0.0;ensemble_loo_mahal;10;10;10;0;784;124;32;92;1;5;90;0.9993;0.9998;0.9946;0.9891;1.0000;0.0003;;;;;;;;9.76
2026-02-17T22:39:58.933256;mvtec_AD/leather;cont_30pct_none;0.3;none;10;10;10;3;0;124;32;92;1;5;90;0.9660;0.9910;0.9727;0.9348;0.9674;-0.0329;;;;;;;;5.74
2026-02-17T22:40:08.691915;mvtec_AD/leather;cont_30pct_ensemble_loo_mahal;0.3;ensemble_loo_mahal;10;10;10;3;784;124;32;92;1;5;90;1.0000;1.0000;1.0000;1.0000;1.0000;0.0010;1.0309;1.0000;1;1.0000;1.0000;;;9.64
2026-02-17T22:40:14.362553;mvtec_AD/leather;cont_0pct_none;0.0;none;10;10;10;0;0;124;32;92;1;5;95;0.9990;0.9996;0.9946;0.9891;1.0000;;;;;;;;;5.53
2026-02-17T22:40:23.330777;mvtec_AD/leather;cont_0pct_ensemble_loo_mahal;0.0;ensemble_loo_mahal;10;10;10;0;392;124;32;92;1;5;95;0.9997;0.9999;0.9946;1.0000;1.0000;0.0007;;;;;;;;8.96
2026-02-17T22:40:29.042800;mvtec_AD/leather;cont_30pct_none;0.3;none;10;10;10;3;0;124;32;92;1;5;95;0.9660;0.9910;0.9727;0.9348;0.9674;-0.0329;;;;;;;;5.70
2026-02-17T22:40:38.225402;mvtec_AD/leather;cont_30pct_ensemble_loo_mahal;0.3;ensemble_loo_mahal;10;10;10;3;392;124;32;92;1;5;95;0.9993;0.9998;0.9946;0.9783;1.0000;0.0003;1.0103;1.0000;1;1.0000;1.0000;;;9.18
2026-02-17T22:40:44.897770;mvtec_AD/leather;cont_0pct_none;0.0;none;10;10;10;0;0;124;32;92;1;5;99;0.9990;0.9996;0.9946;0.9891;1.0000;;;;;;;;;6.54
2026-02-17T22:40:54.493516;mvtec_AD/leather;cont_0pct_ensemble_loo_mahal;0.0;ensemble_loo_mahal;10;10;10;0;79;124;32;92;1;5;99;0.9990;0.9996;0.9946;0.9891;1.0000;0.0000;;;;;;;;9.59
2026-02-17T22:41:00.390527;mvtec_AD/leather;cont_30pct_none;0.3;none;10;10;10;3;0;124;32;92;1;5;99;0.9660;0.9910;0.9727;0.9348;0.9674;-0.0329;;;;;;;;5.88
2026-02-17T22:41:09.583538;mvtec_AD/leather;cont_30pct_ensemble_loo_mahal;0.3;ensemble_loo_mahal;10;10;10;3;79;124;32;92;1;5;99;0.9660;0.9910;0.9727;0.9348;0.9674;-0.0329;0.0000;1.0000;1;1.0000;1.0000;;;9.16
2026-02-17T22:41:14.755572;mvtec_AD/leather;cont_0pct_none;0.0;none;10;10;10;0;0;124;32;92;2;5;90;0.9990;0.9997;0.9892;0.9783;1.0000;;;;;;;;;5.02
2026-02-17T22:41:23.784597;mvtec_AD/leather;cont_0pct_ensemble_loo_mahal;0.0;ensemble_loo_mahal;10;10;10;0;784;124;32;92;2;5;90;1.0000;1.0000;1.0000;1.0000;1.0000;0.0010;;;;;;;;9.02
2026-02-17T22:41:29.777427;mvtec_AD/leather;cont_30pct_none;0.3;none;10;10;10;3;0;124;32;92;2;5;90;0.9660;0.9910;0.9727;0.9457;0.9565;-0.0329;;;;;;;;5.96
2026-02-17T22:41:38.405470;mvtec_AD/leather;cont_30pct_ensemble_loo_mahal;0.3;ensemble_loo_mahal;10;10;10;3;784;124;32;92;2;5;90;0.9997;0.9999;0.9946;1.0000;1.0000;0.0007;1.0206;1.0000;1;1.0000;1.0000;;;8.42
2026-02-17T22:41:44.655782;mvtec_AD/leather;cont_0pct_none;0.0;none;10;10;10;0;0;124;32;92;2;5;95;0.9990;0.9997;0.9892;0.9783;1.0000;;;;;;;;;6.10
2026-02-17T22:41:53.095032;mvtec_AD/leather;cont_0pct_ensemble_loo_mahal;0.0;ensemble_loo_mahal;10;10;10;0;392;124;32;92;2;5;95;0.9997;0.9999;0.9946;0.9891;1.0000;0.0007;;;;;;;;8.29
2026-02-17T22:41:58.977021;mvtec_AD/leather;cont_30pct_none;0.3;none;10;10;10;3;0;124;32;92;2;5;95;0.9660;0.9910;0.9727;0.9457;0.9565;-0.0329;;;;;;;;5.86
2026-02-17T22:42:07.677611;mvtec_AD/leather;cont_30pct_ensemble_loo_mahal;0.3;ensemble_loo_mahal;10;10;10;3;392;124;32;92;2;5;95;0.9986;0.9995;0.9892;0.9783;1.0000;-0.0003;0.9897;1.0000;1;1.0000;1.0000;;;8.70
2026-02-17T22:42:14.186633;mvtec_AD/leather;cont_0pct_none;0.0;none;10;10;10;0;0;124;32;92;2;5;99;0.9990;0.9997;0.9892;0.9783;1.0000;;;;;;;;;6.41
2026-02-17T22:42:23.441590;mvtec_AD/leather;cont_0pct_ensemble_loo_mahal;0.0;ensemble_loo_mahal;10;10;10;0;79;124;32;92;2;5;99;0.9990;0.9997;0.9892;0.9783;1.0000;0.0000;;;;;;;;9.15
2026-02-17T22:42:29.668946;mvtec_AD/leather;cont_30pct_none;0.3;none;10;10;10;3;0;124;32;92;2;5;99;0.9660;0.9910;0.9727;0.9457;0.9565;-0.0329;;;;;;;;6.20
2026-02-17T22:42:38.515085;mvtec_AD/leather;cont_30pct_ensemble_loo_mahal;0.3;ensemble_loo_mahal;10;10;10;3;79;124;32;92;2;5;99;0.9660;0.9910;0.9727;0.9457;0.9565;-0.0329;0.0000;1.0000;1;1.0000;1.0000;;;8.77
2026-02-17T22:42:44.838852;mvtec_AD/leather;cont_0pct_none;0.0;none;10;10;10;0;0;124;32;92;3;5;90;0.9990;0.9996;0.9946;0.9891;1.0000;;;;;;;;;6.16
2026-02-17T22:42:53.549196;mvtec_AD/leather;cont_0pct_ensemble_loo_mahal;0.0;ensemble_loo_mahal;10;10;10;0;784;124;32;92;3;5;90;1.0000;1.0000;1.0000;1.0000;1.0000;0.0010;;;;;;;;8.71
2026-02-17T22:42:59.828989;mvtec_AD/leather;cont_30pct_none;0.3;none;10;10;10;3;0;124;32;92;3;5;90;0.9667;0.9913;0.9778;0.9565;0.9674;-0.0323;;;;;;;;6.25
2026-02-17T22:43:08.988153;mvtec_AD/leather;cont_30pct_ensemble_loo_mahal;0.3;ensemble_loo_mahal;10;10;10;3;784;124;32;92;3;5;90;1.0000;1.0000;1.0000;1.0000;1.0000;0.0010;1.0316;1.0000;1;1.0000;1.0000;;;8.65
2026-02-17T22:43:15.266635;mvtec_AD/leather;cont_0pct_none;0.0;none;10;10;10;0;0;124;32;92;3;5;95;0.9990;0.9996;0.9946;0.9891;1.0000;;;;;;;;;6.13
2026-02-17T22:43:23.707325;mvtec_AD/leather;cont_0pct_ensemble_loo_mahal;0.0;ensemble_loo_mahal;10;10;10;0;392;124;32;92;3;5;95;0.9997;0.9999;0.9946;1.0000;1.0000;0.0007;;;;;;;;8.34
2026-02-17T22:43:30.061605;mvtec_AD/leather;cont_30pct_none;0.3;none;10;10;10;3;0;124;32;92;3;5;95;0.9667;0.9913;0.9778;0.9565;0.9674;-0.0323;;;;;;;;6.33
2026-02-17T22:43:38.582535;mvtec_AD/leather;cont_30pct_ensemble_loo_mahal;0.3;ensemble_loo_mahal;10;10;10;3;392;124;32;92;3;5;95;0.9997;0.9999;0.9946;1.0000;1.0000;0.0007;1.0211;1.0000;1;1.0000;1.0000;;;8.34
2026-02-17T22:43:44.424274;mvtec_AD/leather;cont_0pct_none;0.0;none;10;10;10;0;0;124;32;92;3;5;99;0.9990;0.9996;0.9946;0.9891;1.0000;;;;;;;;;5.73
2026-02-17T22:43:54.100804;mvtec_AD/leather;cont_0pct_ensemble_loo_mahal;0.0;ensemble_loo_mahal;10;10;10;0;79;124;32;92;3;5;99;0.9990;0.9996;0.9946;0.9891;1.0000;0.0000;;;;;;;;9.67
2026-02-17T22:44:00.015528;mvtec_AD/leather;cont_30pct_none;0.3;none;10;10;10;3;0;124;32;92;3;5;99;0.9667;0.9913;0.9778;0.9565;0.9674;-0.0323;;;;;;;;5.90
2026-02-17T22:44:10.731565;mvtec_AD/leather;cont_30pct_ensemble_loo_mahal;0.3;ensemble_loo_mahal;10;10;10;3;79;124;32;92;3;5;99;0.9667;0.9913;0.9778;0.9565;0.9674;-0.0323;0.0000;1.0000;1;1.0000;1.0000;;;10.47
2026-02-17T22:44:15.985454;mvtec_AD/leather;cont_0pct_none;0.0;none;10;10;10;0;0;124;32;92;4;5;90;0.9993;0.9998;0.9946;0.9891;1.0000;;;;;;;;;5.11
2026-02-17T22:44:24.675053;mvtec_AD/leather;cont_0pct_ensemble_loo_mahal;0.0;ensemble_loo_mahal;10;10;10;0;784;124;32;92;4;5;90;1.0000;1.0000;1.0000;1.0000;1.0000;0.0007;;;;;;;;8.69
2026-02-17T22:44:30.636102;mvtec_AD/leather;cont_30pct_none;0.3;none;10;10;10;3;0;124;32;92;4;5;90;0.9660;0.9910;0.9780;0.9457;0.9674;-0.0333;;;;;;;;5.94
2026-02-17T22:44:39.537374;mvtec_AD/leather;cont_30pct_ensemble_loo_mahal;0.3;ensemble_loo_mahal;10;10;10;3;784;124;32;92;4;5;90;1.0000;1.0000;1.0000;1.0000;1.0000;0.0007;1.0204;1.0000;1;1.0000;1.0000;;;8.90
2026-02-17T22:44:45.899724;mvtec_AD/leather;cont_0pct_none;0.0;none;10;10;10;0;0;124;32;92;4;5;95;0.9993;0.9998;0.9946;0.9891;1.0000;;;;;;;;;6.21
2026-02-17T22:44:55.070457;mvtec_AD/leather;cont_0pct_ensemble_loo_mahal;0.0;ensemble_loo_mahal;10;10;10;0;392;124;32;92;4;5;95;0.9990;0.9996;0.9946;1.0000;1.0000;-0.0003;;;;;;;;9.17
2026-02-17T22:45:01.196476;mvtec_AD/leather;cont_30pct_none;0.3;none;10;10;10;3;0;124;32;92;4;5;95;0.9660;0.9910;0.9780;0.9457;0.9674;-0.0333;;;;;;;;6.10
2026-02-17T22:45:10.119029;mvtec_AD/leather;cont_30pct_ensemble_loo_mahal;0.3;ensemble_loo_mahal;10;10;10;3;392;124;32;92;4;5;95;0.9983;0.9994;0.9892;0.9783;0.9891;-0.0010;0.9694;1.0000;1;1.0000;1.0000;;;8.92
2026-02-17T22:45:15.306997;mvtec_AD/leather;cont_0pct_none;0.0;none;10;10;10;0;0;124;32;92;4;5;99;0.9993;0.9998;0.9946;0.9891;1.0000;;;;;;;;;5.09
2026-02-17T22:45:24.902580;mvtec_AD/leather;cont_0pct_ensemble_loo_mahal;0.0;ensemble_loo_mahal;10;10;10;0;79;124;32;92;4;5;99;0.9993;0.9998;0.9946;0.9891;1.0000;0.0000;;;;;;;;9.59
2026-02-17T22:45:30.971143;mvtec_AD/leather;cont_30pct_none;0.3;none;10;10;10;3;0;124;32;92;4;5;99;0.9660;0.9910;0.9780;0.9457;0.9674;-0.0333;;;;;;;;6.04
2026-02-17T22:45:41.022304;mvtec_AD/leather;cont_30pct_ensemble_loo_mahal;0.3;ensemble_loo_mahal;10;10;10;3;79;124;32;92;4;5;99;0.9660;0.9910;0.9780;0.9457;0.9674;-0.0333;0.0000;1.0000;1;1.0000;1.0000;;;9.46
2026-02-17T22:45:47.779700;mvtec_AD/metal_nut;cont_0pct_none;0.0;none;10;10;10;0;0;115;22;93;0;5;90;0.9311;0.9840;0.9355;0.7419;0.7634;;;;;;;;;5.52
2026-02-17T22:45:55.693954;mvtec_AD/metal_nut;cont_0pct_ensemble_loo_mahal;0.0;ensemble_loo_mahal;10;10;10;0;784;115;22;93;0;5;90;0.9238;0.9826;0.9208;0.7419;0.8280;-0.0073;;;;;;;;7.91
2026-02-17T22:46:00.594309;mvtec_AD/metal_nut;cont_30pct_none;0.3;none;10;10;10;3;0;115;22;93;0;5;90;0.9018;0.9773;0.9231;0.6559;0.6989;-0.0293;;;;;;;;4.88
2026-02-17T22:46:09.123572;mvtec_AD/metal_nut;cont_30pct_ensemble_loo_mahal;0.3;ensemble_loo_mahal;10;10;10;3;784;115;22;93;0;5;90;0.9267;0.9830;0.9341;0.7097;0.7849;-0.0044;0.8500;1.0000;1;1.0000;1.0000;;;8.52
2026-02-17T22:46:15.027226;mvtec_AD/metal_nut;cont_0pct_none;0.0;none;10;10;10;0;0;115;22;93;0;5;95;0.9311;0.9840;0.9355;0.7419;0.7634;;;;;;;;;5.74
2026-02-17T22:46:24.213405;mvtec_AD/metal_nut;cont_0pct_ensemble_loo_mahal;0.0;ensemble_loo_mahal;10;10;10;0;392;115;22;93;0;5;95;0.9306;0.9840;0.9271;0.7419;0.7957;-0.0005;;;;;;;;8.83
2026-02-17T22:46:29.981845;mvtec_AD/metal_nut;cont_30pct_none;0.3;none;10;10;10;3;0;115;22;93;0;5;95;0.9018;0.9773;0.9231;0.6559;0.6989;-0.0293;;;;;;;;5.75
2026-02-17T22:46:38.448074;mvtec_AD/metal_nut;cont_30pct_ensemble_loo_mahal;0.3;ensemble_loo_mahal;10;10;10;3;392;115;22;93;0;5;95;0.9330;0.9841;0.9392;0.6989;0.7312;0.0020;1.0667;1.0000;1;1.0000;1.0000;;;8.32
2026-02-17T22:46:44.446729;mvtec_AD/metal_nut;cont_0pct_none;0.0;none;10;10;10;0;0;115;22;93;0;5;99;0.9311;0.9840;0.9355;0.7419;0.7634;;;;;;;;;5.84
2026-02-17T22:46:52.456550;mvtec_AD/metal_nut;cont_0pct_ensemble_loo_mahal;0.0;ensemble_loo_mahal;10;10;10;0;79;115;22;93;0;5;99;0.9335;0.9847;0.9341;0.7527;0.7742;0.0024;;;;;;;;8.00
2026-02-17T22:46:57.772990;mvtec_AD/metal_nut;cont_30pct_none;0.3;none;10;10;10;3;0;115;22;93;0;5;99;0.9018;0.9773;0.9231;0.6559;0.6989;-0.0293;;;;;;;;5.30
2026-02-17T22:47:07.041257;mvtec_AD/metal_nut;cont_30pct_ensemble_loo_mahal;0.3;ensemble_loo_mahal;10;10;10;3;79;115;22;93;0;5;99;0.9018;0.9773;0.9231;0.6559;0.6989;-0.0293;0.0000;1.0000;1;1.0000;1.0000;;;9.11
2026-02-17T22:47:12.620691;mvtec_AD/metal_nut;cont_0pct_none;0.0;none;10;10;10;0;0;115;22;93;1;5;90;0.8827;0.9728;0.9072;0.6667;0.6667;;;;;;;;;5.43
2026-02-17T22:47:21.453124;mvtec_AD/metal_nut;cont_0pct_ensemble_loo_mahal;0.0;ensemble_loo_mahal;10;10;10;0;784;115;22;93;1;5;90;0.8778;0.9717;0.9032;0.6237;0.6667;-0.0049;;;;;;;;8.83
2026-02-17T22:47:26.580034;mvtec_AD/metal_nut;cont_30pct_none;0.3;none;10;10;10;3;0;115;22;93;1;5;90;0.8402;0.9635;0.8969;0.6989;0.6989;-0.0425;;;;;;;;5.11
2026-02-17T22:47:34.682388;mvtec_AD/metal_nut;cont_30pct_ensemble_loo_mahal;0.3;ensemble_loo_mahal;10;10;10;3;784;115;22;93;1;5;90;0.8812;0.9732;0.9082;0.7419;0.7742;-0.0015;0.9655;0.9048;1;0.6667;0.6667;;;8.10
2026-02-17T22:47:39.413975;mvtec_AD/metal_nut;cont_0pct_none;0.0;none;10;10;10;0;0;115;22;93;1;5;95;0.8827;0.9728;0.9072;0.6667;0.6667;;;;;;;;;4.59
2026-02-17T22:47:48.489419;mvtec_AD/metal_nut;cont_0pct_ensemble_loo_mahal;0.0;ensemble_loo_mahal;10;10;10;0;392;115;22;93;1;5;95;0.8807;0.9723;0.9050;0.6344;0.6559;-0.0020;;;;;;;;9.07
2026-02-17T22:47:54.081214;mvtec_AD/metal_nut;cont_30pct_none;0.3;none;10;10;10;3;0;115;22;93;1;5;95;0.8402;0.9635;0.8969;0.6989;0.6989;-0.0425;;;;;;;;5.57
2026-02-17T22:48:02.162847;mvtec_AD/metal_nut;cont_30pct_ensemble_loo_mahal;0.3;ensemble_loo_mahal;10;10;10;3;392;115;22;93;1;5;95;0.8724;0.9708;0.9091;0.7312;0.7419;-0.0103;0.7586;0.9048;1;0.6667;0.6667;;;8.08
2026-02-17T22:48:07.619152;mvtec_AD/metal_nut;cont_0pct_none;0.0;none;10;10;10;0;0;115;22;93;1;5;99;0.8827;0.9728;0.9072;0.6667;0.6667;;;;;;;;;5.33
2026-02-17T22:48:17.089874;mvtec_AD/metal_nut;cont_0pct_ensemble_loo_mahal;0.0;ensemble_loo_mahal;10;10;10;0;79;115;22;93;1;5;99;0.8832;0.9731;0.9072;0.6667;0.6774;0.0005;;;;;;;;9.47
2026-02-17T22:48:23.016150;mvtec_AD/metal_nut;cont_30pct_none;0.3;none;10;10;10;3;0;115;22;93;1;5;99;0.8402;0.9635;0.8969;0.6989;0.6989;-0.0425;;;;;;;;5.90
2026-02-17T22:48:33.542381;mvtec_AD/metal_nut;cont_30pct_ensemble_loo_mahal;0.3;ensemble_loo_mahal;10;10;10;3;79;115;22;93;1;5;99;0.8485;0.9652;0.9026;0.6989;0.6989;-0.0342;0.1954;0.9048;1;0.6667;0.6667;;;10.37
2026-02-17T22:48:39.261876;mvtec_AD/metal_nut;cont_0pct_none;0.0;none;10;10;10;0;0;115;22;93;2;5;90;0.9071;0.9788;0.9206;0.7312;0.7312;;;;;;;;;5.57
2026-02-17T22:48:47.471984;mvtec_AD/metal_nut;cont_0pct_ensemble_loo_mahal;0.0;ensemble_loo_mahal;10;10;10;0;784;115;22;93;2;5;90;0.8817;0.9728;0.9036;0.6774;0.7097;-0.0254;;;;;;;;8.21
2026-02-17T22:48:52.795707;mvtec_AD/metal_nut;cont_30pct_none;0.3;none;10;10;10;3;0;115;22;93;2;5;90;0.8685;0.9706;0.8995;0.6989;0.7204;-0.0386;;;;;;;;5.30
2026-02-17T22:49:01.740777;mvtec_AD/metal_nut;cont_30pct_ensemble_loo_mahal;0.3;ensemble_loo_mahal;10;10;10;3;784;115;22;93;2;5;90;0.8690;0.9701;0.8995;0.6452;0.7097;-0.0381;0.0127;0.6190;1;0.3333;0.3333;;;8.85
2026-02-17T22:49:07.841217;mvtec_AD/metal_nut;cont_0pct_none;0.0;none;10;10;10;0;0;115;22;93;2;5;95;0.9071;0.9788;0.9206;0.7312;0.7312;;;;;;;;;5.95
2026-02-17T22:49:16.521624;mvtec_AD/metal_nut;cont_0pct_ensemble_loo_mahal;0.0;ensemble_loo_mahal;10;10;10;0;392;115;22;93;2;5;95;0.8939;0.9756;0.9167;0.6882;0.7634;-0.0132;;;;;;;;8.67
2026-02-17T22:49:22.278953;mvtec_AD/metal_nut;cont_30pct_none;0.3;none;10;10;10;3;0;115;22;93;2;5;95;0.8685;0.9706;0.8995;0.6989;0.7204;-0.0386;;;;;;;;5.73
2026-02-17T22:49:30.200786;mvtec_AD/metal_nut;cont_30pct_ensemble_loo_mahal;0.3;ensemble_loo_mahal;10;10;10;3;392;115;22;93;2;5;95;0.8812;0.9734;0.9043;0.6882;0.6989;-0.0259;0.3291;0.6190;1;0.3333;0.3333;;;7.82
2026-02-17T22:49:36.044233;mvtec_AD/metal_nut;cont_0pct_none;0.0;none;10;10;10;0;0;115;22;93;2;5;99;0.9071;0.9788;0.9206;0.7312;0.7312;;;;;;;;;5.69
2026-02-17T22:49:44.398307;mvtec_AD/metal_nut;cont_0pct_ensemble_loo_mahal;0.0;ensemble_loo_mahal;10;10;10;0;79;115;22;93;2;5;99;0.9081;0.9791;0.9206;0.7419;0.7419;0.0010;;;;;;;;8.35
2026-02-17T22:49:49.698274;mvtec_AD/metal_nut;cont_30pct_none;0.3;none;10;10;10;3;0;115;22;93;2;5;99;0.8685;0.9706;0.8995;0.6989;0.7204;-0.0386;;;;;;;;5.27
2026-02-17T22:49:59.151845;mvtec_AD/metal_nut;cont_30pct_ensemble_loo_mahal;0.3;ensemble_loo_mahal;10;10;10;3;79;115;22;93;2;5;99;0.8783;0.9728;0.9053;0.7204;0.7419;-0.0288;0.2532;0.6190;1;0.3333;0.3333;;;9.29
2026-02-17T22:50:05.146613;mvtec_AD/metal_nut;cont_0pct_none;0.0;none;10;10;10;0;0;115;22;93;3;5;90;0.9164;0.9814;0.9231;0.7527;0.8172;;;;;;;;;5.86
2026-02-17T22:50:13.675025;mvtec_AD/metal_nut;cont_0pct_ensemble_loo_mahal;0.0;ensemble_loo_mahal;10;10;10;0;784;115;22;93;3;5;90;0.9096;0.9800;0.9101;0.7849;0.8280;-0.0068;;;;;;;;8.52
2026-02-17T22:50:19.487862;mvtec_AD/metal_nut;cont_30pct_none;0.3;none;10;10;10;3;0;115;22;93;3;5;90;0.8661;0.9701;0.8947;0.6882;0.6989;-0.0503;;;;;;;;5.79
2026-02-17T22:50:27.514785;mvtec_AD/metal_nut;cont_30pct_ensemble_loo_mahal;0.3;ensemble_loo_mahal;10;10;10;3;784;115;22;93;3;5;90;0.8881;0.9744;0.9071;0.6667;0.6774;-0.0283;0.4369;0.8095;1;0.3333;0.3333;;;7.84
2026-02-17T22:50:33.194320;mvtec_AD/metal_nut;cont_0pct_none;0.0;none;10;10;10;0;0;115;22;93;3;5;95;0.9164;0.9814;0.9231;0.7527;0.8172;;;;;;;;;5.53
2026-02-17T22:50:42.097501;mvtec_AD/metal_nut;cont_0pct_ensemble_loo_mahal;0.0;ensemble_loo_mahal;10;10;10;0;392;115;22;93;3;5;95;0.9091;0.9797;0.9149;0.7742;0.7742;-0.0073;;;;;;;;8.90
2026-02-17T22:50:47.244661;mvtec_AD/metal_nut;cont_30pct_none;0.3;none;10;10;10;3;0;115;22;93;3;5;95;0.8661;0.9701;0.8947;0.6882;0.6989;-0.0503;;;;;;;;5.12
2026-02-17T22:50:55.935764;mvtec_AD/metal_nut;cont_30pct_ensemble_loo_mahal;0.3;ensemble_loo_mahal;10;10;10;3;392;115;22;93;3;5;95;0.8920;0.9754;0.9055;0.6989;0.7527;-0.0244;0.5146;0.8095;1;0.3333;0.3333;;;8.68
2026-02-17T22:51:01.924796;mvtec_AD/metal_nut;cont_0pct_none;0.0;none;10;10;10;0;0;115;22;93;3;5;99;0.9164;0.9814;0.9231;0.7527;0.8172;;;;;;;;;5.84
2026-02-17T22:51:10.972097;mvtec_AD/metal_nut;cont_0pct_ensemble_loo_mahal;0.0;ensemble_loo_mahal;10;10;10;0;79;115;22;93;3;5;99;0.9154;0.9813;0.9198;0.7634;0.8172;-0.0010;;;;;;;;9.04
2026-02-17T22:51:16.393857;mvtec_AD/metal_nut;cont_30pct_none;0.3;none;10;10;10;3;0;115;22;93;3;5;99;0.8661;0.9701;0.8947;0.6882;0.6989;-0.0503;;;;;;;;5.40
2026-02-17T22:51:26.087021;mvtec_AD/metal_nut;cont_30pct_ensemble_loo_mahal;0.3;ensemble_loo_mahal;10;10;10;3;79;115;22;93;3;5;99;0.8675;0.9705;0.8947;0.6989;0.7097;-0.0489;0.0291;0.8095;1;0.3333;0.3333;;;9.48
2026-02-17T22:51:31.780562;mvtec_AD/metal_nut;cont_0pct_none;0.0;none;10;10;10;0;0;115;22;93;4;5;90;0.9360;0.9851;0.9436;0.7634;0.7634;;;;;;;;;5.53
2026-02-17T22:51:40.366543;mvtec_AD/metal_nut;cont_0pct_ensemble_loo_mahal;0.0;ensemble_loo_mahal;10;10;10;0;784;115;22;93;4;5;90;0.9384;0.9861;0.9362;0.8065;0.8387;0.0024;;;;;;;;8.55
2026-02-17T22:51:46.286886;mvtec_AD/metal_nut;cont_30pct_none;0.3;none;10;10;10;3;0;115;22;93;4;5;90;0.8734;0.9715;0.8942;0.6344;0.7527;-0.0626;;;;;;;;5.90
2026-02-17T22:51:56.218444;mvtec_AD/metal_nut;cont_30pct_ensemble_loo_mahal;0.3;ensemble_loo_mahal;10;10;10;3;784;115;22;93;4;5;90;0.9062;0.9792;0.9180;0.7419;0.8172;-0.0298;0.5234;0.7619;1;0.6667;0.6667;;;9.76
2026-02-17T22:52:01.806349;mvtec_AD/metal_nut;cont_0pct_none;0.0;none;10;10;10;0;0;115;22;93;4;5;95;0.9360;0.9851;0.9436;0.7634;0.7634;;;;;;;;;5.45
2026-02-17T22:52:10.840429;mvtec_AD/metal_nut;cont_0pct_ensemble_loo_mahal;0.0;ensemble_loo_mahal;10;10;10;0;392;115;22;93;4;5;95;0.9321;0.9847;0.9312;0.7742;0.8172;-0.0039;;;;;;;;9.03
2026-02-17T22:52:16.652560;mvtec_AD/metal_nut;cont_30pct_none;0.3;none;10;10;10;3;0;115;22;93;4;5;95;0.8734;0.9715;0.8942;0.6344;0.7527;-0.0626;;;;;;;;5.79
2026-02-17T22:52:25.963265;mvtec_AD/metal_nut;cont_30pct_ensemble_loo_mahal;0.3;ensemble_loo_mahal;10;10;10;3;392;115;22;93;4;5;95;0.9013;0.9777;0.9140;0.7097;0.8172;-0.0347;0.4453;0.7619;1;0.6667;0.6667;;;9.07
2026-02-17T22:52:31.823099;mvtec_AD/metal_nut;cont_0pct_none;0.0;none;10;10;10;0;0;115;22;93;4;5;99;0.9360;0.9851;0.9436;0.7634;0.7634;;;;;;;;;5.72
2026-02-17T22:52:40.423884;mvtec_AD/metal_nut;cont_0pct_ensemble_loo_mahal;0.0;ensemble_loo_mahal;10;10;10;0;79;115;22;93;4;5;99;0.9330;0.9845;0.9388;0.7527;0.7634;-0.0029;;;;;;;;8.60
2026-02-17T22:52:46.329954;mvtec_AD/metal_nut;cont_30pct_none;0.3;none;10;10;10;3;0;115;22;93;4;5;99;0.8734;0.9715;0.8942;0.6344;0.7527;-0.0626;;;;;;;;5.88
2026-02-17T22:52:54.757678;mvtec_AD/metal_nut;cont_30pct_ensemble_loo_mahal;0.3;ensemble_loo_mahal;10;10;10;3;79;115;22;93;4;5;99;0.8724;0.9713;0.8942;0.6344;0.7527;-0.0635;-0.0156;0.7619;1;0.6667;0.6667;;;8.25
2026-02-17T22:53:04.302770;mvtec_AD/pill;cont_0pct_none;0.0;none;10;10;10;0;0;167;26;141;0;5;90;0.9258;0.9865;0.9362;0.7305;0.8298;;;;;;;;;7.91
2026-02-17T22:53:15.394075;mvtec_AD/pill;cont_0pct_ensemble_loo_mahal;0.0;ensemble_loo_mahal;10;10;10;0;784;167;26;141;0;5;90;0.8983;0.9807;0.9306;0.6525;0.6667;-0.0276;;;;;;;;11.09
2026-02-17T22:53:23.446736;mvtec_AD/pill;cont_30pct_none;0.3;none;10;10;10;3;0;167;26;141;0;5;90;0.8931;0.9804;0.9231;0.7234;0.7305;-0.0327;;;;;;;;8.03
2026-02-17T22:53:34.282047;mvtec_AD/pill;cont_30pct_ensemble_loo_mahal;0.3;ensemble_loo_mahal;10;10;10;3;784;167;26;141;0;5;90;0.8972;0.9806;0.9302;0.6667;0.7092;-0.0286;0.1250;0.8571;1;0.6667;0.6667;;;10.83
2026-02-17T22:53:41.556350;mvtec_AD/pill;cont_0pct_none;0.0;none;10;10;10;0;0;167;26;141;0;5;95;0.9258;0.9865;0.9362;0.7305;0.8298;;;;;;;;;7.03
2026-02-17T22:53:51.846803;mvtec_AD/pill;cont_0pct_ensemble_loo_mahal;0.0;ensemble_loo_mahal;10;10;10;0;392;167;26;141;0;5;95;0.9171;0.9845;0.9371;0.6950;0.7589;-0.0087;;;;;;;;10.29
2026-02-17T22:54:00.477034;mvtec_AD/pill;cont_30pct_none;0.3;none;10;10;10;3;0;167;26;141;0;5;95;0.8931;0.9804;0.9231;0.7234;0.7305;-0.0327;;;;;;;;8.61
2026-02-17T22:54:12.124009;mvtec_AD/pill;cont_30pct_ensemble_loo_mahal;0.3;ensemble_loo_mahal;10;10;10;3;392;167;26;141;0;5;95;0.9034;0.9821;0.9301;0.7234;0.7376;-0.0224;0.3167;0.8571;1;0.6667;0.6667;;;11.64
2026-02-17T22:54:20.976889;mvtec_AD/pill;cont_0pct_none;0.0;none;10;10;10;0;0;167;26;141;0;5;99;0.9258;0.9865;0.9362;0.7305;0.8298;;;;;;;;;8.64
2026-02-17T22:54:32.764955;mvtec_AD/pill;cont_0pct_ensemble_loo_mahal;0.0;ensemble_loo_mahal;10;10;10;0;79;167;26;141;0;5;99;0.9253;0.9863;0.9362;0.7305;0.8156;-0.0005;;;;;;;;11.68
2026-02-17T22:54:40.836176;mvtec_AD/pill;cont_30pct_none;0.3;none;10;10;10;3;0;167;26;141;0;5;99;0.8931;0.9804;0.9231;0.7234;0.7305;-0.0327;;;;;;;;8.05
2026-02-17T22:54:52.519063;mvtec_AD/pill;cont_30pct_ensemble_loo_mahal;0.3;ensemble_loo_mahal;10;10;10;3;79;167;26;141;0;5;99;0.8923;0.9803;0.9231;0.7234;0.7305;-0.0336;-0.0250;0.8571;1;0.6667;0.6667;;;11.68
2026-02-17T22:55:00.066390;mvtec_AD/pill;cont_0pct_none;0.0;none;10;10;10;0;0;167;26;141;1;5;90;0.8963;0.9800;0.9324;0.6312;0.6667;;;;;;;;;7.37
2026-02-17T22:55:10.948222;mvtec_AD/pill;cont_0pct_ensemble_loo_mahal;0.0;ensemble_loo_mahal;10;10;10;0;784;167;26;141;1;5;90;0.8939;0.9794;0.9333;0.5957;0.6809;-0.0025;;;;;;;;10.88
2026-02-17T22:55:19.142057;mvtec_AD/pill;cont_30pct_none;0.3;none;10;10;10;3;0;167;26;141;1;5;90;0.8672;0.9754;0.9195;0.6950;0.7092;-0.0292;;;;;;;;8.17
2026-02-17T22:55:29.849696;mvtec_AD/pill;cont_30pct_ensemble_loo_mahal;0.3;ensemble_loo_mahal;10;10;10;3;784;167;26;141;1;5;90;0.8873;0.9787;0.9302;0.6596;0.6879;-0.0090;0.6916;0.7619;1;0.6667;0.6667;;;10.70
2026-02-17T22:55:38.363619;mvtec_AD/pill;cont_0pct_none;0.0;none;10;10;10;0;0;167;26;141;1;5;95;0.8963;0.9800;0.9324;0.6312;0.6667;;;;;;;;;8.33
2026-02-17T22:55:48.740313;mvtec_AD/pill;cont_0pct_ensemble_loo_mahal;0.0;ensemble_loo_mahal;10;10;10;0;392;167;26;141;1;5;95;0.8947;0.9799;0.9352;0.6879;0.7021;-0.0016;;;;;;;;10.34
2026-02-17T22:55:57.133041;mvtec_AD/pill;cont_30pct_none;0.3;none;10;10;10;3;0;167;26;141;1;5;95;0.8672;0.9754;0.9195;0.6950;0.7092;-0.0292;;;;;;;;8.37
2026-02-17T22:56:07.251340;mvtec_AD/pill;cont_30pct_ensemble_loo_mahal;0.3;ensemble_loo_mahal;10;10;10;3;392;167;26;141;1;5;95;0.8753;0.9766;0.9267;0.6809;0.6950;-0.0210;0.2804;0.7619;1;0.6667;0.6667;;;10.01
2026-02-17T22:56:15.307704;mvtec_AD/pill;cont_0pct_none;0.0;none;10;10;10;0;0;167;26;141;1;5;99;0.8963;0.9800;0.9324;0.6312;0.6667;;;;;;;;;7.85
2026-02-17T22:56:27.272299;mvtec_AD/pill;cont_0pct_ensemble_loo_mahal;0.0;ensemble_loo_mahal;10;10;10;0;79;167;26;141;1;5;99;0.8972;0.9803;0.9324;0.6312;0.6667;0.0008;;;;;;;;11.96
2026-02-17T22:56:35.193543;mvtec_AD/pill;cont_30pct_none;0.3;none;10;10;10;3;0;167;26;141;1;5;99;0.8672;0.9754;0.9195;0.6950;0.7092;-0.0292;;;;;;;;7.90
2026-02-17T22:56:47.176249;mvtec_AD/pill;cont_30pct_ensemble_loo_mahal;0.3;ensemble_loo_mahal;10;10;10;3;79;167;26;141;1;5;99;0.8672;0.9754;0.9195;0.6950;0.7092;-0.0292;0.0000;0.7619;1;0.6667;0.6667;;;11.87
2026-02-17T22:56:54.987196;mvtec_AD/pill;cont_0pct_none;0.0;none;10;10;10;0;0;167;26;141;2;5;90;0.8996;0.9803;0.9362;0.6099;0.6525;;;;;;;;;7.60
2026-02-17T22:57:05.698971;mvtec_AD/pill;cont_0pct_ensemble_loo_mahal;0.0;ensemble_loo_mahal;10;10;10;0;784;167;26;141;2;5;90;0.8797;0.9761;0.9338;0.5887;0.6028;-0.0199;;;;;;;;10.71
2026-02-17T22:57:13.736613;mvtec_AD/pill;cont_30pct_none;0.3;none;10;10;10;3;0;167;26;141;2;5;90;0.8740;0.9754;0.9247;0.5745;0.6383;-0.0256;;;;;;;;8.02
2026-02-17T22:57:24.134023;mvtec_AD/pill;cont_30pct_ensemble_loo_mahal;0.3;ensemble_loo_mahal;10;10;10;3;784;167;26;141;2;5;90;0.8852;0.9769;0.9371;0.5816;0.6099;-0.0145;0.4362;1.0000;1;1.0000;1.0000;;;10.38
2026-02-17T22:57:32.845791;mvtec_AD/pill;cont_0pct_none;0.0;none;10;10;10;0;0;167;26;141;2;5;95;0.8996;0.9803;0.9362;0.6099;0.6525;;;;;;;;;8.50
2026-02-17T22:57:44.115444;mvtec_AD/pill;cont_0pct_ensemble_loo_mahal;0.0;ensemble_loo_mahal;10;10;10;0;392;167;26;141;2;5;95;0.8917;0.9787;0.9347;0.6170;0.6383;-0.0079;;;;;;;;11.27
2026-02-17T22:57:52.517799;mvtec_AD/pill;cont_30pct_none;0.3;none;10;10;10;3;0;167;26;141;2;5;95;0.8740;0.9754;0.9247;0.5745;0.6383;-0.0256;;;;;;;;8.37
2026-02-17T22:58:05.959939;mvtec_AD/pill;cont_30pct_ensemble_loo_mahal;0.3;ensemble_loo_mahal;10;10;10;3;392;167;26;141;2;5;95;0.8947;0.9793;0.9408;0.6383;0.6454;-0.0049;0.8085;1.0000;1;1.0000;1.0000;;;13.35
2026-02-17T22:58:13.563877;mvtec_AD/pill;cont_0pct_none;0.0;none;10;10;10;0;0;167;26;141;2;5;99;0.8996;0.9803;0.9362;0.6099;0.6525;;;;;;;;;7.42
2026-02-17T22:58:24.690047;mvtec_AD/pill;cont_0pct_ensemble_loo_mahal;0.0;ensemble_loo_mahal;10;10;10;0;79;167;26;141;2;5;99;0.8980;0.9798;0.9338;0.5957;0.6454;-0.0016;;;;;;;;11.12
2026-02-17T22:58:32.895802;mvtec_AD/pill;cont_30pct_none;0.3;none;10;10;10;3;0;167;26;141;2;5;99;0.8740;0.9754;0.9247;0.5745;0.6383;-0.0256;;;;;;;;8.19
2026-02-17T22:58:44.126906;mvtec_AD/pill;cont_30pct_ensemble_loo_mahal;0.3;ensemble_loo_mahal;10;10;10;3;79;167;26;141;2;5;99;0.8740;0.9754;0.9247;0.5745;0.6383;-0.0256;0.0000;1.0000;1;1.0000;1.0000;;;11.13
2026-02-17T22:58:52.720891;mvtec_AD/pill;cont_0pct_none;0.0;none;10;10;10;0;0;167;26;141;3;5;90;0.9026;0.9816;0.9347;0.7163;0.7234;;;;;;;;;8.40
2026-02-17T22:59:02.758758;mvtec_AD/pill;cont_0pct_ensemble_loo_mahal;0.0;ensemble_loo_mahal;10;10;10;0;784;167;26;141;3;5;90;0.8893;0.9790;0.9267;0.6312;0.6667;-0.0134;;;;;;;;10.03
2026-02-17T22:59:10.924482;mvtec_AD/pill;cont_30pct_none;0.3;none;10;10;10;3;0;167;26;141;3;5;90;0.8770;0.9767;0.9204;0.6241;0.6667;-0.0256;;;;;;;;8.14
2026-02-17T22:59:21.066928;mvtec_AD/pill;cont_30pct_ensemble_loo_mahal;0.3;ensemble_loo_mahal;10;10;10;3;784;167;26;141;3;5;90;0.8865;0.9785;0.9272;0.6596;0.6667;-0.0161;0.3723;0.9048;1;0.6667;0.6667;;;9.99
2026-02-17T22:59:29.300610;mvtec_AD/pill;cont_0pct_none;0.0;none;10;10;10;0;0;167;26;141;3;5;95;0.9026;0.9816;0.9347;0.7163;0.7234;;;;;;;;;8.06
2026-02-17T22:59:40.471294;mvtec_AD/pill;cont_0pct_ensemble_loo_mahal;0.0;ensemble_loo_mahal;10;10;10;0;392;167;26;141;3;5;95;0.8909;0.9788;0.9310;0.6099;0.6170;-0.0117;;;;;;;;11.17
2026-02-17T22:59:48.411533;mvtec_AD/pill;cont_30pct_none;0.3;none;10;10;10;3;0;167;26;141;3;5;95;0.8770;0.9767;0.9204;0.6241;0.6667;-0.0256;;;;;;;;7.92
2026-02-17T23:00:00.063778;mvtec_AD/pill;cont_30pct_ensemble_loo_mahal;0.3;ensemble_loo_mahal;10;10;10;3;392;167;26;141;3;5;95;0.8849;0.9776;0.9267;0.6028;0.6383;-0.0177;0.3085;0.9048;1;0.6667;0.6667;;;11.45
2026-02-17T23:00:07.481283;mvtec_AD/pill;cont_0pct_none;0.0;none;10;10;10;0;0;167;26;141;3;5;99;0.9026;0.9816;0.9347;0.7163;0.7234;;;;;;;;;7.21
2026-02-17T23:00:19.679789;mvtec_AD/pill;cont_0pct_ensemble_loo_mahal;0.0;ensemble_loo_mahal;10;10;10;0;79;167;26;141;3;5;99;0.9004;0.9812;0.9347;0.7163;0.7234;-0.0022;;;;;;;;12.20
2026-02-17T23:00:26.978596;mvtec_AD/pill;cont_30pct_none;0.3;none;10;10;10;3;0;167;26;141;3;5;99;0.8770;0.9767;0.9204;0.6241;0.6667;-0.0256;;;;;;;;7.28
2026-02-17T23:00:38.675074;mvtec_AD/pill;cont_30pct_ensemble_loo_mahal;0.3;ensemble_loo_mahal;10;10;10;3;79;167;26;141;3;5;99;0.8767;0.9766;0.9204;0.6312;0.6667;-0.0259;-0.0106;0.9048;1;0.6667;0.6667;;;11.69
2026-02-17T23:00:47.243527;mvtec_AD/pill;cont_0pct_none;0.0;none;10;10;10;0;0;167;26;141;4;5;90;0.9149;0.9834;0.9470;0.6170;0.6950;;;;;;;;;8.34
2026-02-17T23:00:58.116534;mvtec_AD/pill;cont_0pct_ensemble_loo_mahal;0.0;ensemble_loo_mahal;10;10;10;0;784;167;26;141;4;5;90;0.9015;0.9807;0.9365;0.6099;0.6312;-0.0134;;;;;;;;10.87
2026-02-17T23:01:06.349962;mvtec_AD/pill;cont_30pct_none;0.3;none;10;10;10;3;0;167;26;141;4;5;90;0.8999;0.9811;0.9310;0.6312;0.7163;-0.0150;;;;;;;;8.21
2026-02-17T23:01:16.740193;mvtec_AD/pill;cont_30pct_ensemble_loo_mahal;0.3;ensemble_loo_mahal;10;10;10;3;784;167;26;141;4;5;90;0.9018;0.9813;0.9315;0.6596;0.6667;-0.0131;0.1273;0.8095;1;0.6667;0.6667;;;10.38
2026-02-17T23:01:24.179925;mvtec_AD/pill;cont_0pct_none;0.0;none;10;10;10;0;0;167;26;141;4;5;95;0.9149;0.9834;0.9470;0.6170;0.6950;;;;;;;;;7.27
2026-02-17T23:01:35.701265;mvtec_AD/pill;cont_0pct_ensemble_loo_mahal;0.0;ensemble_loo_mahal;10;10;10;0;392;167;26;141;4;5;95;0.9040;0.9814;0.9360;0.6383;0.6596;-0.0109;;;;;;;;11.52
2026-02-17T23:01:44.326592;mvtec_AD/pill;cont_30pct_none;0.3;none;10;10;10;3;0;167;26;141;4;5;95;0.8999;0.9811;0.9310;0.6312;0.7163;-0.0150;;;;;;;;8.60
2026-02-17T23:01:55.618273;mvtec_AD/pill;cont_30pct_ensemble_loo_mahal;0.3;ensemble_loo_mahal;10;10;10;3;392;167;26;141;4;5;95;0.9113;0.9828;0.9388;0.6667;0.6879;-0.0035;0.7636;0.8095;1;0.6667;0.6667;;;11.29
2026-02-17T23:02:04.367348;mvtec_AD/pill;cont_0pct_none;0.0;none;10;10;10;0;0;167;26;141;4;5;99;0.9149;0.9834;0.9470;0.6170;0.6950;;;;;;;;;8.55
2026-02-17T23:02:15.237410;mvtec_AD/pill;cont_0pct_ensemble_loo_mahal;0.0;ensemble_loo_mahal;10;10;10;0;79;167;26;141;4;5;99;0.9157;0.9836;0.9470;0.6241;0.6879;0.0008;;;;;;;;10.87
2026-02-17T23:02:23.532613;mvtec_AD/pill;cont_30pct_none;0.3;none;10;10;10;3;0;167;26;141;4;5;99;0.8999;0.9811;0.9310;0.6312;0.7163;-0.0150;;;;;;;;8.28
2026-02-17T23:02:34.645549;mvtec_AD/pill;cont_30pct_ensemble_loo_mahal;0.3;ensemble_loo_mahal;10;10;10;3;79;167;26;141;4;5;99;0.9004;0.9812;0.9310;0.6312;0.7163;-0.0145;0.0364;0.8095;1;0.6667;0.6667;;;11.02
2026-02-17T23:02:44.214747;mvtec_AD/screw;cont_0pct_none;0.0;none;10;10;10;0;0;160;41;119;0;5;90;0.5265;0.7403;0.8592;0.0168;0.0168;;;;;;;;;7.97
2026-02-17T23:02:54.083784;mvtec_AD/screw;cont_0pct_ensemble_loo_mahal;0.0;ensemble_loo_mahal;10;10;10;0;784;160;41;119;0;5;90;0.5116;0.7552;0.8571;0.0504;0.0504;-0.0150;;;;;;;;9.87
2026-02-17T23:03:02.168090;mvtec_AD/screw;cont_30pct_none;0.3;none;10;10;10;3;0;160;41;119;0;5;90;0.5302;0.7399;0.8530;0.0084;0.0168;0.0037;;;;;;;;8.06
2026-02-17T23:03:12.482756;mvtec_AD/screw;cont_30pct_ensemble_loo_mahal;0.3;ensemble_loo_mahal;10;10;10;3;784;160;41;119;0;5;90;0.5390;0.7577;0.8623;0.0252;0.0588;0.0125;-2.3889;0.5714;0;0.3333;0.3333;;;10.31
2026-02-17T23:03:20.134770;mvtec_AD/screw;cont_0pct_none;0.0;none;10;10;10;0;0;160;41;119;0;5;95;0.5265;0.7403;0.8592;0.0168;0.0168;;;;;;;;;7.50
2026-02-17T23:03:30.293962;mvtec_AD/screw;cont_0pct_ensemble_loo_mahal;0.0;ensemble_loo_mahal;10;10;10;0;392;160;41;119;0;5;95;0.5423;0.7564;0.8592;0.0252;0.0336;0.0158;;;;;;;;10.16
2026-02-17T23:03:38.204672;mvtec_AD/screw;cont_30pct_none;0.3;none;10;10;10;3;0;160;41;119;0;5;95;0.5302;0.7399;0.8530;0.0084;0.0168;0.0037;;;;;;;;7.89
2026-02-17T23:03:49.232143;mvtec_AD/screw;cont_30pct_ensemble_loo_mahal;0.3;ensemble_loo_mahal;10;10;10;3;392;160;41;119;0;5;95;0.5294;0.7563;0.8571;0.0252;0.0420;0.0029;0.2222;0.5714;0;0.3333;0.3333;;;11.02
2026-02-17T23:03:57.293890;mvtec_AD/screw;cont_0pct_none;0.0;none;10;10;10;0;0;160;41;119;0;5;99;0.5265;0.7403;0.8592;0.0168;0.0168;;;;;;;;;7.86
2026-02-17T23:04:08.858891;mvtec_AD/screw;cont_0pct_ensemble_loo_mahal;0.0;ensemble_loo_mahal;10;10;10;0;79;160;41;119;0;5;99;0.5308;0.7430;0.8592;0.0168;0.0168;0.0043;;;;;;;;11.56
2026-02-17T23:04:16.768447;mvtec_AD/screw;cont_30pct_none;0.3;none;10;10;10;3;0;160;41;119;0;5;99;0.5302;0.7399;0.8530;0.0084;0.0168;0.0037;;;;;;;;7.89
2026-02-17T23:04:29.382005;mvtec_AD/screw;cont_30pct_ensemble_loo_mahal;0.3;ensemble_loo_mahal;10;10;10;3;79;160;41;119;0;5;99;0.5306;0.7405;0.8530;0.0084;0.0168;0.0041;-0.1111;0.5714;0;0.3333;0.3333;;;12.24
2026-02-17T23:04:37.443824;mvtec_AD/screw;cont_0pct_none;0.0;none;10;10;10;0;0;160;41;119;1;5;90;0.7596;0.9009;0.8679;0.1513;0.3950;;;;;;;;;7.86
2026-02-17T23:04:47.536249;mvtec_AD/screw;cont_0pct_ensemble_loo_mahal;0.0;ensemble_loo_mahal;10;10;10;0;784;160;41;119;1;5;90;0.6827;0.8741;0.8530;0.2521;0.3025;-0.0769;;;;;;;;10.09
2026-02-17T23:04:55.204796;mvtec_AD/screw;cont_30pct_none;0.3;none;10;10;10;3;0;160;41;119;1;5;90;0.6046;0.8056;0.8530;0.0168;0.1597;-0.1549;;;;;;;;7.65
2026-02-17T23:05:05.934898;mvtec_AD/screw;cont_30pct_ensemble_loo_mahal;0.3;ensemble_loo_mahal;10;10;10;3;784;160;41;119;1;5;90;0.5661;0.7882;0.8540;0.0336;0.0672;-0.1935;-0.2487;0.7143;1;0.3333;0.3333;;;10.64
2026-02-17T23:05:13.879557;mvtec_AD/screw;cont_0pct_none;0.0;none;10;10;10;0;0;160;41;119;1;5;95;0.7596;0.9009;0.8679;0.1513;0.3950;;;;;;;;;7.78
2026-02-17T23:05:25.059148;mvtec_AD/screw;cont_0pct_ensemble_loo_mahal;0.0;ensemble_loo_mahal;10;10;10;0;392;160;41;119;1;5;95;0.7424;0.9024;0.8636;0.2857;0.3613;-0.0172;;;;;;;;11.18
2026-02-17T23:05:32.087680;mvtec_AD/screw;cont_30pct_none;0.3;none;10;10;10;3;0;160;41;119;1;5;95;0.6046;0.8056;0.8530;0.0168;0.1597;-0.1549;;;;;;;;7.00
2026-02-17T23:05:42.289841;mvtec_AD/screw;cont_30pct_ensemble_loo_mahal;0.3;ensemble_loo_mahal;10;10;10;3;392;160;41;119;1;5;95;0.5784;0.7778;0.8551;0.0336;0.0588;-0.1812;-0.1693;0.7143;1;0.3333;0.3333;;;10.20
2026-02-17T23:05:49.969081;mvtec_AD/screw;cont_0pct_none;0.0;none;10;10;10;0;0;160;41;119;1;5;99;0.7596;0.9009;0.8679;0.1513;0.3950;;;;;;;;;7.49
2026-02-17T23:06:01.937386;mvtec_AD/screw;cont_0pct_ensemble_loo_mahal;0.0;ensemble_loo_mahal;10;10;10;0;79;160;41;119;1;5;99;0.7678;0.9064;0.8655;0.1681;0.4538;0.0082;;;;;;;;11.96
2026-02-17T23:06:09.469530;mvtec_AD/screw;cont_30pct_none;0.3;none;10;10;10;3;0;160;41;119;1;5;99;0.6046;0.8056;0.8530;0.0168;0.1597;-0.1549;;;;;;;;7.51
2026-02-17T23:06:21.250109;mvtec_AD/screw;cont_30pct_ensemble_loo_mahal;0.3;ensemble_loo_mahal;10;10;10;3;79;160;41;119;1;5;99;0.5981;0.8024;0.8530;0.0336;0.1176;-0.1615;-0.0423;0.7143;1;0.3333;0.3333;;;11.77
2026-02-17T23:06:29.034132;mvtec_AD/screw;cont_0pct_none;0.0;none;10;10;10;0;0;160;41;119;2;5;90;0.5854;0.8305;0.8657;0.1513;0.2437;;;;;;;;;7.60
2026-02-17T23:06:39.325191;mvtec_AD/screw;cont_0pct_ensemble_loo_mahal;0.0;ensemble_loo_mahal;10;10;10;0;784;160;41;119;2;5;90;0.5641;0.8082;0.8645;0.0756;0.1849;-0.0213;;;;;;;;10.29
2026-02-17T23:06:46.547283;mvtec_AD/screw;cont_30pct_none;0.3;none;10;10;10;3;0;160;41;119;2;5;90;0.5706;0.7757;0.8530;0.0000;0.1261;-0.0148;;;;;;;;7.20
2026-02-17T23:06:57.420847;mvtec_AD/screw;cont_30pct_ensemble_loo_mahal;0.3;ensemble_loo_mahal;10;10;10;3;784;160;41;119;2;5;90;0.5911;0.8097;0.8530;0.0252;0.2353;0.0057;1.3889;0.6667;1;0.3333;0.3333;;;10.86
2026-02-17T23:07:05.867151;mvtec_AD/screw;cont_0pct_none;0.0;none;10;10;10;0;0;160;41;119;2;5;95;0.5854;0.8305;0.8657;0.1513;0.2437;;;;;;;;;8.27
2026-02-17T23:07:16.630336;mvtec_AD/screw;cont_0pct_ensemble_loo_mahal;0.0;ensemble_loo_mahal;10;10;10;0;392;160;41;119;2;5;95;0.5604;0.8024;0.8645;0.1008;0.1597;-0.0250;;;;;;;;10.76
2026-02-17T23:07:24.670263;mvtec_AD/screw;cont_30pct_none;0.3;none;10;10;10;3;0;160;41;119;2;5;95;0.5706;0.7757;0.8530;0.0000;0.1261;-0.0148;;;;;;;;8.01
2026-02-17T23:07:34.995892;mvtec_AD/screw;cont_30pct_ensemble_loo_mahal;0.3;ensemble_loo_mahal;10;10;10;3;392;160;41;119;2;5;95;0.5964;0.8069;0.8550;0.0588;0.1933;0.0111;1.7500;0.6667;1;0.3333;0.3333;;;10.02
2026-02-17T23:07:43.239042;mvtec_AD/screw;cont_0pct_none;0.0;none;10;10;10;0;0;160;41;119;2;5;99;0.5854;0.8305;0.8657;0.1513;0.2437;;;;;;;;;8.10
2026-02-17T23:07:53.754154;mvtec_AD/screw;cont_0pct_ensemble_loo_mahal;0.0;ensemble_loo_mahal;10;10;10;0;79;160;41;119;2;5;99;0.5850;0.8334;0.8657;0.2185;0.2773;-0.0004;;;;;;;;10.30
2026-02-17T23:08:01.303898;mvtec_AD/screw;cont_30pct_none;0.3;none;10;10;10;3;0;160;41;119;2;5;99;0.5706;0.7757;0.8530;0.0000;0.1261;-0.0148;;;;;;;;7.53
2026-02-17T23:08:13.157935;mvtec_AD/screw;cont_30pct_ensemble_loo_mahal;0.3;ensemble_loo_mahal;10;10;10;3;79;160;41;119;2;5;99;0.5768;0.7781;0.8530;0.0000;0.1261;-0.0086;0.4167;0.6667;1;0.3333;0.3333;;;11.54
2026-02-17T23:08:21.065124;mvtec_AD/screw;cont_0pct_none;0.0;none;10;10;10;0;0;160;41;119;3;5;90;0.6835;0.8502;0.8550;0.0924;0.1597;;;;;;;;;7.73
2026-02-17T23:08:31.916705;mvtec_AD/screw;cont_0pct_ensemble_loo_mahal;0.0;ensemble_loo_mahal;10;10;10;0;784;160;41;119;3;5;90;0.5548;0.7929;0.8530;0.0756;0.1092;-0.1287;;;;;;;;10.84
2026-02-17T23:08:38.991787;mvtec_AD/screw;cont_30pct_none;0.3;none;10;10;10;3;0;160;41;119;3;5;90;0.5884;0.8143;0.8530;0.1345;0.1429;-0.0951;;;;;;;;7.06
2026-02-17T23:08:49.622551;mvtec_AD/screw;cont_30pct_ensemble_loo_mahal;0.3;ensemble_loo_mahal;10;10;10;3;784;160;41;119;3;5;90;0.5839;0.7829;0.8530;0.0252;0.0420;-0.0996;-0.0474;0.3810;0;0.0000;0.0000;;;10.63
2026-02-17T23:08:56.851040;mvtec_AD/screw;cont_0pct_none;0.0;none;10;10;10;0;0;160;41;119;3;5;95;0.6835;0.8502;0.8550;0.0924;0.1597;;;;;;;;;7.05
2026-02-17T23:09:08.240270;mvtec_AD/screw;cont_0pct_ensemble_loo_mahal;0.0;ensemble_loo_mahal;10;10;10;0;392;160;41;119;3;5;95;0.6214;0.8017;0.8593;0.0252;0.0588;-0.0621;;;;;;;;11.39
2026-02-17T23:09:15.042435;mvtec_AD/screw;cont_30pct_none;0.3;none;10;10;10;3;0;160;41;119;3;5;95;0.5884;0.8143;0.8530;0.1345;0.1429;-0.0951;;;;;;;;6.78
2026-02-17T23:09:25.952116;mvtec_AD/screw;cont_30pct_ensemble_loo_mahal;0.3;ensemble_loo_mahal;10;10;10;3;392;160;41;119;3;5;95;0.5464;0.7774;0.8530;0.0252;0.1092;-0.1371;-0.4418;0.3810;0;0.0000;0.0000;;;10.90
2026-02-17T23:09:34.058281;mvtec_AD/screw;cont_0pct_none;0.0;none;10;10;10;0;0;160;41;119;3;5;99;0.6835;0.8502;0.8550;0.0924;0.1597;;;;;;;;;7.95
2026-02-17T23:09:45.179304;mvtec_AD/screw;cont_0pct_ensemble_loo_mahal;0.0;ensemble_loo_mahal;10;10;10;0;79;160;41;119;3;5;99;0.6710;0.8433;0.8530;0.0840;0.1429;-0.0125;;;;;;;;11.12
2026-02-17T23:09:52.384436;mvtec_AD/screw;cont_30pct_none;0.3;none;10;10;10;3;0;160;41;119;3;5;99;0.5884;0.8143;0.8530;0.1345;0.1429;-0.0951;;;;;;;;7.16
2026-02-17T23:10:02.897789;mvtec_AD/screw;cont_30pct_ensemble_loo_mahal;0.3;ensemble_loo_mahal;10;10;10;3;79;160;41;119;3;5;99;0.5831;0.8127;0.8530;0.1345;0.1429;-0.1004;-0.0560;0.3810;0;0.0000;0.0000;;;10.50
2026-02-17T23:10:10.707225;mvtec_AD/screw;cont_0pct_none;0.0;none;10;10;10;0;0;160;41;119;4;5;90;0.6192;0.8156;0.8655;0.0336;0.1429;;;;;;;;;7.60
2026-02-17T23:10:22.553717;mvtec_AD/screw;cont_0pct_ensemble_loo_mahal;0.0;ensemble_loo_mahal;10;10;10;0;784;160;41;119;4;5;90;0.5684;0.7927;0.8655;0.0588;0.0924;-0.0508;;;;;;;;10.98
2026-02-17T23:10:30.297229;mvtec_AD/screw;cont_30pct_none;0.3;none;10;10;10;3;0;160;41;119;4;5;90;0.6112;0.8166;0.8530;0.0504;0.1176;-0.0080;;;;;;;;7.72
2026-02-17T23:10:41.194955;mvtec_AD/screw;cont_30pct_ensemble_loo_mahal;0.3;ensemble_loo_mahal;10;10;10;3;784;160;41;119;4;5;90;0.6020;0.8226;0.8592;0.0672;0.1008;-0.0172;-1.1538;0.6190;1;0.3333;0.3333;;;10.77
2026-02-17T23:10:48.469190;mvtec_AD/screw;cont_0pct_none;0.0;none;10;10;10;0;0;160;41;119;4;5;95;0.6192;0.8156;0.8655;0.0336;0.1429;;;;;;;;;7.09
2026-02-17T23:10:58.412211;mvtec_AD/screw;cont_0pct_ensemble_loo_mahal;0.0;ensemble_loo_mahal;10;10;10;0;392;160;41;119;4;5;95;0.5610;0.7688;0.8655;0.0252;0.0336;-0.0582;;;;;;;;9.94
2026-02-17T23:11:06.567688;mvtec_AD/screw;cont_30pct_none;0.3;none;10;10;10;3;0;160;41;119;4;5;95;0.6112;0.8166;0.8530;0.0504;0.1176;-0.0080;;;;;;;;8.13
2026-02-17T23:11:17.538289;mvtec_AD/screw;cont_30pct_ensemble_loo_mahal;0.3;ensemble_loo_mahal;10;10;10;3;392;160;41;119;4;5;95;0.6132;0.8322;0.8623;0.1092;0.2521;-0.0059;0.2564;0.6190;1;0.3333;0.3333;;;10.87
2026-02-17T23:11:25.869183;mvtec_AD/screw;cont_0pct_none;0.0;none;10;10;10;0;0;160;41;119;4;5;99;0.6192;0.8156;0.8655;0.0336;0.1429;;;;;;;;;8.16
2026-02-17T23:11:37.038646;mvtec_AD/screw;cont_0pct_ensemble_loo_mahal;0.0;ensemble_loo_mahal;10;10;10;0;79;160;41;119;4;5;99;0.5977;0.8097;0.8655;0.0420;0.1008;-0.0215;;;;;;;;10.96
2026-02-17T23:11:45.135668;mvtec_AD/screw;cont_30pct_none;0.3;none;10;10;10;3;0;160;41;119;4;5;99;0.6112;0.8166;0.8530;0.0504;0.1176;-0.0080;;;;;;;;8.07
2026-02-17T23:11:56.471778;mvtec_AD/screw;cont_30pct_ensemble_loo_mahal;0.3;ensemble_loo_mahal;10;10;10;3;79;160;41;119;4;5;99;0.6151;0.8172;0.8530;0.0504;0.1008;-0.0041;0.4872;0.6190;1;0.3333;0.3333;;;11.21
2026-02-17T23:12:02.767913;mvtec_AD/tile;cont_0pct_none;0.0;none;10;10;10;0;0;117;33;84;0;5;90;1.0000;1.0000;1.0000;1.0000;1.0000;;;;;;;;;5.17
2026-02-17T23:12:11.396752;mvtec_AD/tile;cont_0pct_ensemble_loo_mahal;0.0;ensemble_loo_mahal;10;10;10;0;784;117;33;84;0;5;90;1.0000;1.0000;1.0000;1.0000;1.0000;0.0000;;;;;;;;8.62
2026-02-17T23:12:17.036532;mvtec_AD/tile;cont_30pct_none;0.3;none;10;10;10;3;0;117;33;84;0;5;90;0.9639;0.9897;0.9759;0.9524;0.9643;-0.0361;;;;;;;;5.62
2026-02-17T23:12:26.073268;mvtec_AD/tile;cont_30pct_ensemble_loo_mahal;0.3;ensemble_loo_mahal;10;10;10;3;784;117;33;84;0;5;90;1.0000;1.0000;1.0000;1.0000;1.0000;0.0000;1.0000;1.0000;1;1.0000;1.0000;;;8.86
2026-02-17T23:12:31.826691;mvtec_AD/tile;cont_0pct_none;0.0;none;10;10;10;0;0;117;33;84;0;5;95;1.0000;1.0000;1.0000;1.0000;1.0000;;;;;;;;;5.62
2026-02-17T23:12:40.997936;mvtec_AD/tile;cont_0pct_ensemble_loo_mahal;0.0;ensemble_loo_mahal;10;10;10;0;392;117;33;84;0;5;95;1.0000;1.0000;1.0000;1.0000;1.0000;0.0000;;;;;;;;9.07
2026-02-17T23:12:47.128901;mvtec_AD/tile;cont_30pct_none;0.3;none;10;10;10;3;0;117;33;84;0;5;95;0.9639;0.9897;0.9759;0.9524;0.9643;-0.0361;;;;;;;;6.11
2026-02-17T23:12:55.662872;mvtec_AD/tile;cont_30pct_ensemble_loo_mahal;0.3;ensemble_loo_mahal;10;10;10;3;392;117;33;84;0;5;95;1.0000;1.0000;1.0000;1.0000;1.0000;0.0000;1.0000;1.0000;1;1.0000;1.0000;;;8.41
2026-02-17T23:13:01.634696;mvtec_AD/tile;cont_0pct_none;0.0;none;10;10;10;0;0;117;33;84;0;5;99;1.0000;1.0000;1.0000;1.0000;1.0000;;;;;;;;;5.84
2026-02-17T23:13:09.838072;mvtec_AD/tile;cont_0pct_ensemble_loo_mahal;0.0;ensemble_loo_mahal;10;10;10;0;79;117;33;84;0;5;99;1.0000;1.0000;1.0000;1.0000;1.0000;0.0000;;;;;;;;8.00
2026-02-17T23:13:15.658261;mvtec_AD/tile;cont_30pct_none;0.3;none;10;10;10;3;0;117;33;84;0;5;99;0.9639;0.9897;0.9759;0.9524;0.9643;-0.0361;;;;;;;;5.80
2026-02-17T23:13:25.021633;mvtec_AD/tile;cont_30pct_ensemble_loo_mahal;0.3;ensemble_loo_mahal;10;10;10;3;79;117;33;84;0;5;99;0.9758;0.9931;0.9820;0.9643;0.9762;-0.0242;0.3300;1.0000;1;1.0000;1.0000;;;9.13
2026-02-17T23:13:30.910755;mvtec_AD/tile;cont_0pct_none;0.0;none;10;10;10;0;0;117;33;84;1;5;90;1.0000;1.0000;1.0000;1.0000;1.0000;;;;;;;;;5.76
2026-02-17T23:13:39.309365;mvtec_AD/tile;cont_0pct_ensemble_loo_mahal;0.0;ensemble_loo_mahal;10;10;10;0;784;117;33;84;1;5;90;1.0000;1.0000;1.0000;1.0000;1.0000;0.0000;;;;;;;;8.39
2026-02-17T23:13:45.084947;mvtec_AD/tile;cont_30pct_none;0.3;none;10;10;10;3;0;117;33;84;1;5;90;0.9643;0.9898;0.9818;0.9643;0.9643;-0.0357;;;;;;;;5.76
2026-02-17T23:13:53.734355;mvtec_AD/tile;cont_30pct_ensemble_loo_mahal;0.3;ensemble_loo_mahal;10;10;10;3;784;117;33;84;1;5;90;1.0000;1.0000;1.0000;1.0000;1.0000;0.0000;1.0000;1.0000;1;1.0000;1.0000;;;8.64
2026-02-17T23:13:58.764833;mvtec_AD/tile;cont_0pct_none;0.0;none;10;10;10;0;0;117;33;84;1;5;95;1.0000;1.0000;1.0000;1.0000;1.0000;;;;;;;;;4.91
2026-02-17T23:14:06.655318;mvtec_AD/tile;cont_0pct_ensemble_loo_mahal;0.0;ensemble_loo_mahal;10;10;10;0;392;117;33;84;1;5;95;1.0000;1.0000;1.0000;1.0000;1.0000;0.0000;;;;;;;;7.89
2026-02-17T23:14:12.586581;mvtec_AD/tile;cont_30pct_none;0.3;none;10;10;10;3;0;117;33;84;1;5;95;0.9643;0.9898;0.9818;0.9643;0.9643;-0.0357;;;;;;;;5.91
2026-02-17T23:14:21.620968;mvtec_AD/tile;cont_30pct_ensemble_loo_mahal;0.3;ensemble_loo_mahal;10;10;10;3;392;117;33;84;1;5;95;1.0000;1.0000;1.0000;1.0000;1.0000;0.0000;1.0000;1.0000;1;1.0000;1.0000;;;8.90
2026-02-17T23:14:27.646547;mvtec_AD/tile;cont_0pct_none;0.0;none;10;10;10;0;0;117;33;84;1;5;99;1.0000;1.0000;1.0000;1.0000;1.0000;;;;;;;;;5.88
2026-02-17T23:14:36.780336;mvtec_AD/tile;cont_0pct_ensemble_loo_mahal;0.0;ensemble_loo_mahal;10;10;10;0;79;117;33;84;1;5;99;1.0000;1.0000;1.0000;1.0000;1.0000;0.0000;;;;;;;;9.13
2026-02-17T23:14:42.697036;mvtec_AD/tile;cont_30pct_none;0.3;none;10;10;10;3;0;117;33;84;1;5;99;0.9643;0.9898;0.9818;0.9643;0.9643;-0.0357;;;;;;;;5.89
2026-02-17T23:14:52.213271;mvtec_AD/tile;cont_30pct_ensemble_loo_mahal;0.3;ensemble_loo_mahal;10;10;10;3;79;117;33;84;1;5;99;0.9762;0.9933;0.9880;0.9762;0.9762;-0.0238;0.3333;1.0000;1;1.0000;1.0000;;;9.40
2026-02-17T23:14:57.229045;mvtec_AD/tile;cont_0pct_none;0.0;none;10;10;10;0;0;117;33;84;2;5;90;1.0000;1.0000;1.0000;1.0000;1.0000;;;;;;;;;4.89
2026-02-17T23:15:05.179743;mvtec_AD/tile;cont_0pct_ensemble_loo_mahal;0.0;ensemble_loo_mahal;10;10;10;0;784;117;33;84;2;5;90;1.0000;1.0000;1.0000;1.0000;1.0000;0.0000;;;;;;;;7.94
2026-02-17T23:15:11.115650;mvtec_AD/tile;cont_30pct_none;0.3;none;10;10;10;3;0;117;33;84;2;5;90;0.9643;0.9898;0.9818;0.9643;0.9643;-0.0357;;;;;;;;5.92
2026-02-17T23:15:19.703681;mvtec_AD/tile;cont_30pct_ensemble_loo_mahal;0.3;ensemble_loo_mahal;10;10;10;3;784;117;33;84;2;5;90;1.0000;1.0000;1.0000;1.0000;1.0000;0.0000;1.0000;1.0000;1;1.0000;1.0000;;;8.58
2026-02-17T23:15:25.981769;mvtec_AD/tile;cont_0pct_none;0.0;none;10;10;10;0;0;117;33;84;2;5;95;1.0000;1.0000;1.0000;1.0000;1.0000;;;;;;;;;6.14
2026-02-17T23:15:34.552549;mvtec_AD/tile;cont_0pct_ensemble_loo_mahal;0.0;ensemble_loo_mahal;10;10;10;0;392;117;33;84;2;5;95;1.0000;1.0000;1.0000;1.0000;1.0000;0.0000;;;;;;;;8.57
2026-02-17T23:15:40.630079;mvtec_AD/tile;cont_30pct_none;0.3;none;10;10;10;3;0;117;33;84;2;5;95;0.9643;0.9898;0.9818;0.9643;0.9643;-0.0357;;;;;;;;6.05
2026-02-17T23:15:50.090532;mvtec_AD/tile;cont_30pct_ensemble_loo_mahal;0.3;ensemble_loo_mahal;10;10;10;3;392;117;33;84;2;5;95;1.0000;1.0000;1.0000;1.0000;1.0000;0.0000;1.0000;1.0000;1;1.0000;1.0000;;;9.33
2026-02-17T23:15:55.044044;mvtec_AD/tile;cont_0pct_none;0.0;none;10;10;10;0;0;117;33;84;2;5;99;1.0000;1.0000;1.0000;1.0000;1.0000;;;;;;;;;4.82
2026-02-17T23:16:04.413613;mvtec_AD/tile;cont_0pct_ensemble_loo_mahal;0.0;ensemble_loo_mahal;10;10;10;0;79;117;33;84;2;5;99;1.0000;1.0000;1.0000;1.0000;1.0000;0.0000;;;;;;;;9.37
2026-02-17T23:16:09.673189;mvtec_AD/tile;cont_30pct_none;0.3;none;10;10;10;3;0;117;33;84;2;5;99;0.9643;0.9898;0.9818;0.9643;0.9643;-0.0357;;;;;;;;5.24
2026-02-17T23:16:18.785622;mvtec_AD/tile;cont_30pct_ensemble_loo_mahal;0.3;ensemble_loo_mahal;10;10;10;3;79;117;33;84;2;5;99;0.9668;0.9904;0.9818;0.9643;0.9643;-0.0332;0.0707;1.0000;1;1.0000;1.0000;;;9.11
2026-02-17T23:16:24.622195;mvtec_AD/tile;cont_0pct_none;0.0;none;10;10;10;0;0;117;33;84;3;5;90;1.0000;1.0000;1.0000;1.0000;1.0000;;;;;;;;;5.72
2026-02-17T23:16:33.585263;mvtec_AD/tile;cont_0pct_ensemble_loo_mahal;0.0;ensemble_loo_mahal;10;10;10;0;784;117;33;84;3;5;90;1.0000;1.0000;1.0000;1.0000;1.0000;0.0000;;;;;;;;8.96
2026-02-17T23:16:39.023828;mvtec_AD/tile;cont_30pct_none;0.3;none;10;10;10;3;0;117;33;84;3;5;90;0.9643;0.9898;0.9818;0.9643;0.9643;-0.0357;;;;;;;;5.42
2026-02-17T23:16:48.355255;mvtec_AD/tile;cont_30pct_ensemble_loo_mahal;0.3;ensemble_loo_mahal;10;10;10;3;784;117;33;84;3;5;90;1.0000;1.0000;1.0000;1.0000;1.0000;0.0000;1.0000;1.0000;1;1.0000;1.0000;;;9.04
2026-02-17T23:16:54.475164;mvtec_AD/tile;cont_0pct_none;0.0;none;10;10;10;0;0;117;33;84;3;5;95;1.0000;1.0000;1.0000;1.0000;1.0000;;;;;;;;;5.98
2026-02-17T23:17:02.719191;mvtec_AD/tile;cont_0pct_ensemble_loo_mahal;0.0;ensemble_loo_mahal;10;10;10;0;392;117;33;84;3;5;95;1.0000;1.0000;1.0000;1.0000;1.0000;0.0000;;;;;;;;8.24
2026-02-17T23:17:08.591393;mvtec_AD/tile;cont_30pct_none;0.3;none;10;10;10;3;0;117;33;84;3;5;95;0.9643;0.9898;0.9818;0.9643;0.9643;-0.0357;;;;;;;;5.85
2026-02-17T23:17:16.553578;mvtec_AD/tile;cont_30pct_ensemble_loo_mahal;0.3;ensemble_loo_mahal;10;10;10;3;392;117;33;84;3;5;95;1.0000;1.0000;1.0000;1.0000;1.0000;0.0000;1.0000;1.0000;1;1.0000;1.0000;;;7.82
2026-02-17T23:17:22.600085;mvtec_AD/tile;cont_0pct_none;0.0;none;10;10;10;0;0;117;33;84;3;5;99;1.0000;1.0000;1.0000;1.0000;1.0000;;;;;;;;;5.94
2026-02-17T23:17:31.591870;mvtec_AD/tile;cont_0pct_ensemble_loo_mahal;0.0;ensemble_loo_mahal;10;10;10;0;79;117;33;84;3;5;99;1.0000;1.0000;1.0000;1.0000;1.0000;0.0000;;;;;;;;8.99
2026-02-17T23:17:37.277703;mvtec_AD/tile;cont_30pct_none;0.3;none;10;10;10;3;0;117;33;84;3;5;99;0.9643;0.9898;0.9818;0.9643;0.9643;-0.0357;;;;;;;;5.66
2026-02-17T23:17:46.238664;mvtec_AD/tile;cont_30pct_ensemble_loo_mahal;0.3;ensemble_loo_mahal;10;10;10;3;79;117;33;84;3;5;99;0.9762;0.9933;0.9880;0.9762;0.9762;-0.0238;0.3333;1.0000;1;1.0000;1.0000;;;8.84
2026-02-17T23:17:52.111861;mvtec_AD/tile;cont_0pct_none;0.0;none;10;10;10;0;0;117;33;84;4;5;90;1.0000;1.0000;1.0000;1.0000;1.0000;;;;;;;;;5.75
2026-02-17T23:18:00.370657;mvtec_AD/tile;cont_0pct_ensemble_loo_mahal;0.0;ensemble_loo_mahal;10;10;10;0;784;117;33;84;4;5;90;1.0000;1.0000;1.0000;1.0000;1.0000;0.0000;;;;;;;;8.25
2026-02-17T23:18:05.488852;mvtec_AD/tile;cont_30pct_none;0.3;none;10;10;10;3;0;117;33;84;4;5;90;0.9643;0.9898;0.9818;0.9643;0.9643;-0.0357;;;;;;;;5.09
2026-02-17T23:18:13.472283;mvtec_AD/tile;cont_30pct_ensemble_loo_mahal;0.3;ensemble_loo_mahal;10;10;10;3;784;117;33;84;4;5;90;1.0000;1.0000;1.0000;1.0000;1.0000;0.0000;1.0000;1.0000;1;1.0000;1.0000;;;7.98
2026-02-17T23:18:19.477394;mvtec_AD/tile;cont_0pct_none;0.0;none;10;10;10;0;0;117;33;84;4;5;95;1.0000;1.0000;1.0000;1.0000;1.0000;;;;;;;;;5.86
2026-02-17T23:18:28.506946;mvtec_AD/tile;cont_0pct_ensemble_loo_mahal;0.0;ensemble_loo_mahal;10;10;10;0;392;117;33;84;4;5;95;1.0000;1.0000;1.0000;1.0000;1.0000;0.0000;;;;;;;;9.02
2026-02-17T23:18:34.308281;mvtec_AD/tile;cont_30pct_none;0.3;none;10;10;10;3;0;117;33;84;4;5;95;0.9643;0.9898;0.9818;0.9643;0.9643;-0.0357;;;;;;;;5.77
2026-02-17T23:18:45.226101;mvtec_AD/tile;cont_30pct_ensemble_loo_mahal;0.3;ensemble_loo_mahal;10;10;10;3;392;117;33;84;4;5;95;1.0000;1.0000;1.0000;1.0000;1.0000;0.0000;1.0000;1.0000;1;1.0000;1.0000;;;8.91
2026-02-17T23:18:51.337919;mvtec_AD/tile;cont_0pct_none;0.0;none;10;10;10;0;0;117;33;84;4;5;99;1.0000;1.0000;1.0000;1.0000;1.0000;;;;;;;;;5.97
2026-02-17T23:19:00.392072;mvtec_AD/tile;cont_0pct_ensemble_loo_mahal;0.0;ensemble_loo_mahal;10;10;10;0;79;117;33;84;4;5;99;1.0000;1.0000;1.0000;1.0000;1.0000;0.0000;;;;;;;;8.57
2026-02-17T23:19:06.244399;mvtec_AD/tile;cont_30pct_none;0.3;none;10;10;10;3;0;117;33;84;4;5;99;0.9643;0.9898;0.9818;0.9643;0.9643;-0.0357;;;;;;;;5.82
2026-02-17T23:19:15.010378;mvtec_AD/tile;cont_30pct_ensemble_loo_mahal;0.3;ensemble_loo_mahal;10;10;10;3;79;117;33;84;4;5;99;0.9762;0.9933;0.9880;0.9762;0.9762;-0.0238;0.3333;1.0000;1;1.0000;1.0000;;;8.65
2026-02-17T23:19:17.522497;mvtec_AD/toothbrush;cont_0pct_none;0.0;none;10;10;10;0;0;42;12;30;0;5;90;0.9389;0.9782;0.9180;0.8000;0.8000;;;;;;;;;2.05
2026-02-17T23:19:22.878572;mvtec_AD/toothbrush;cont_0pct_ensemble_loo_mahal;0.0;ensemble_loo_mahal;10;10;10;0;784;42;12;30;0;5;90;0.9139;0.9640;0.9231;0.6333;0.6333;-0.0250;;;;;;;;5.35
2026-02-17T23:19:25.033764;mvtec_AD/toothbrush;cont_30pct_none;0.3;none;10;10;10;3;0;42;12;30;0;5;90;0.8444;0.9466;0.8710;0.6667;0.6667;-0.0944;;;;;;;;2.14
2026-02-17T23:19:30.591224;mvtec_AD/toothbrush;cont_30pct_ensemble_loo_mahal;0.3;ensemble_loo_mahal;10;10;10;3;784;42;12;30;0;5;90;0.8972;0.9578;0.9231;0.6000;0.6000;-0.0417;0.5588;0.8571;0;0.6667;0.6667;;;5.44
2026-02-17T23:19:32.825083;mvtec_AD/toothbrush;cont_0pct_none;0.0;none;10;10;10;0;0;42;12;30;0;5;95;0.9389;0.9782;0.9180;0.8000;0.8000;;;;;;;;;2.19
2026-02-17T23:19:38.386585;mvtec_AD/toothbrush;cont_0pct_ensemble_loo_mahal;0.0;ensemble_loo_mahal;10;10;10;0;392;42;12;30;0;5;95;0.9278;0.9713;0.9231;0.7000;0.7333;-0.0111;;;;;;;;5.46
2026-02-17T23:19:40.628969;mvtec_AD/toothbrush;cont_30pct_none;0.3;none;10;10;10;3;0;42;12;30;0;5;95;0.8444;0.9466;0.8710;0.6667;0.6667;-0.0944;;;;;;;;2.22
2026-02-17T23:19:46.300071;mvtec_AD/toothbrush;cont_30pct_ensemble_loo_mahal;0.3;ensemble_loo_mahal;10;10;10;3;392;42;12;30;0;5;95;0.8917;0.9568;0.9091;0.6333;0.6333;-0.0472;0.5000;0.8571;0;0.6667;0.6667;;;5.55
2026-02-17T23:19:48.415334;mvtec_AD/toothbrush;cont_0pct_none;0.0;none;10;10;10;0;0;42;12;30;0;5;99;0.9389;0.9782;0.9180;0.8000;0.8000;;;;;;;;;2.06
2026-02-17T23:19:53.533370;mvtec_AD/toothbrush;cont_0pct_ensemble_loo_mahal;0.0;ensemble_loo_mahal;10;10;10;0;79;42;12;30;0;5;99;0.9417;0.9790;0.9333;0.8000;0.8000;0.0028;;;;;;;;5.02
2026-02-17T23:19:55.091900;mvtec_AD/toothbrush;cont_30pct_none;0.3;none;10;10;10;3;0;42;12;30;0;5;99;0.8444;0.9466;0.8710;0.6667;0.6667;-0.0944;;;;;;;;1.54
2026-02-17T23:20:01.112609;mvtec_AD/toothbrush;cont_30pct_ensemble_loo_mahal;0.3;ensemble_loo_mahal;10;10;10;3;79;42;12;30;0;5;99;0.8444;0.9466;0.8710;0.6667;0.6667;-0.0944;0.0000;0.8571;0;0.6667;0.6667;;;6.01
2026-02-17T23:20:03.262070;mvtec_AD/toothbrush;cont_0pct_none;0.0;none;10;10;10;0;0;42;12;30;1;5;90;0.8944;0.9570;0.9032;0.5667;0.6333;;;;;;;;;2.08
2026-02-17T23:20:08.500206;mvtec_AD/toothbrush;cont_0pct_ensemble_loo_mahal;0.0;ensemble_loo_mahal;10;10;10;0;784;42;12;30;1;5;90;0.8444;0.9339;0.8955;0.5333;0.5333;-0.0500;;;;;;;;5.14
2026-02-17T23:20:10.228456;mvtec_AD/toothbrush;cont_30pct_none;0.3;none;10;10;10;3;0;42;12;30;1;5;90;0.8167;0.9353;0.8475;0.6000;0.6000;-0.0778;;;;;;;;1.71
2026-02-17T23:20:15.604132;mvtec_AD/toothbrush;cont_30pct_ensemble_loo_mahal;0.3;ensemble_loo_mahal;10;10;10;3;784;42;12;30;1;5;90;0.8972;0.9584;0.9091;0.6000;0.6333;0.0028;1.0357;0.8095;0;0.6667;0.6667;;;5.37
2026-02-17T23:20:17.783103;mvtec_AD/toothbrush;cont_0pct_none;0.0;none;10;10;10;0;0;42;12;30;1;5;95;0.8944;0.9570;0.9032;0.5667;0.6333;;;;;;;;;2.13
2026-02-17T23:20:23.422155;mvtec_AD/toothbrush;cont_0pct_ensemble_loo_mahal;0.0;ensemble_loo_mahal;10;10;10;0;392;42;12;30;1;5;95;0.8639;0.9414;0.9206;0.5333;0.5333;-0.0306;;;;;;;;5.29
2026-02-17T23:20:25.525705;mvtec_AD/toothbrush;cont_30pct_none;0.3;none;10;10;10;3;0;42;12;30;1;5;95;0.8167;0.9353;0.8475;0.6000;0.6000;-0.0778;;;;;;;;2.08
2026-02-17T23:20:31.136864;mvtec_AD/toothbrush;cont_30pct_ensemble_loo_mahal;0.3;ensemble_loo_mahal;10;10;10;3;392;42;12;30;1;5;95;0.9194;0.9678;0.9180;0.6333;0.6667;0.0250;1.3214;0.8095;0;0.6667;0.6667;;;5.49
2026-02-17T23:20:33.440736;mvtec_AD/toothbrush;cont_0pct_none;0.0;none;10;10;10;0;0;42;12;30;1;5;99;0.8944;0.9570;0.9032;0.5667;0.6333;;;;;;;;;2.24
2026-02-17T23:20:38.795627;mvtec_AD/toothbrush;cont_0pct_ensemble_loo_mahal;0.0;ensemble_loo_mahal;10;10;10;0;79;42;12;30;1;5;99;0.8861;0.9540;0.9032;0.6000;0.6333;-0.0083;;;;;;;;5.35
2026-02-17T23:20:40.950350;mvtec_AD/toothbrush;cont_30pct_none;0.3;none;10;10;10;3;0;42;12;30;1;5;99;0.8167;0.9353;0.8475;0.6000;0.6000;-0.0778;;;;;;;;2.12
2026-02-17T23:20:46.839020;mvtec_AD/toothbrush;cont_30pct_ensemble_loo_mahal;0.3;ensemble_loo_mahal;10;10;10;3;79;42;12;30;1;5;99;0.8139;0.9346;0.8475;0.6000;0.6000;-0.0806;-0.0357;0.8095;0;0.6667;0.6667;;;5.78
2026-02-17T23:20:49.153032;mvtec_AD/toothbrush;cont_0pct_none;0.0;none;10;10;10;0;0;42;12;30;2;5;90;0.9056;0.9653;0.9062;0.7333;0.7333;;;;;;;;;2.25
2026-02-17T23:20:54.022339;mvtec_AD/toothbrush;cont_0pct_ensemble_loo_mahal;0.0;ensemble_loo_mahal;10;10;10;0;784;42;12;30;2;5;90;0.8667;0.9431;0.9062;0.5333;0.5333;-0.0389;;;;;;;;4.78
2026-02-17T23:20:56.011236;mvtec_AD/toothbrush;cont_30pct_none;0.3;none;10;10;10;3;0;42;12;30;2;5;90;0.8194;0.9400;0.8621;0.6667;0.7000;-0.0861;;;;;;;;1.97
2026-02-17T23:21:01.405679;mvtec_AD/toothbrush;cont_30pct_ensemble_loo_mahal;0.3;ensemble_loo_mahal;10;10;10;3;784;42;12;30;2;5;90;0.8778;0.9513;0.9032;0.5667;0.6000;-0.0278;0.6774;0.9524;1;0.6667;0.6667;;;5.38
2026-02-17T23:21:03.513702;mvtec_AD/toothbrush;cont_0pct_none;0.0;none;10;10;10;0;0;42;12;30;2;5;95;0.9056;0.9653;0.9062;0.7333;0.7333;;;;;;;;;2.05
2026-02-17T23:21:08.264780;mvtec_AD/toothbrush;cont_0pct_ensemble_loo_mahal;0.0;ensemble_loo_mahal;10;10;10;0;392;42;12;30;2;5;95;0.8500;0.9389;0.9062;0.5333;0.5333;-0.0556;;;;;;;;4.75
2026-02-17T23:21:10.360103;mvtec_AD/toothbrush;cont_30pct_none;0.3;none;10;10;10;3;0;42;12;30;2;5;95;0.8194;0.9400;0.8621;0.6667;0.7000;-0.0861;;;;;;;;2.08
2026-02-17T23:21:16.069783;mvtec_AD/toothbrush;cont_30pct_ensemble_loo_mahal;0.3;ensemble_loo_mahal;10;10;10;3;392;42;12;30;2;5;95;0.8944;0.9622;0.9000;0.7000;0.7000;-0.0111;0.8710;0.9524;1;0.6667;0.6667;;;5.70
2026-02-17T23:21:17.765712;mvtec_AD/toothbrush;cont_0pct_none;0.0;none;10;10;10;0;0;42;12;30;2;5;99;0.9056;0.9653;0.9062;0.7333;0.7333;;;;;;;;;1.63
2026-02-17T23:21:23.514815;mvtec_AD/toothbrush;cont_0pct_ensemble_loo_mahal;0.0;ensemble_loo_mahal;10;10;10;0;79;42;12;30;2;5;99;0.8944;0.9600;0.9062;0.6667;0.6667;-0.0111;;;;;;;;5.64
2026-02-17T23:21:25.638213;mvtec_AD/toothbrush;cont_30pct_none;0.3;none;10;10;10;3;0;42;12;30;2;5;99;0.8194;0.9400;0.8621;0.6667;0.7000;-0.0861;;;;;;;;2.10
2026-02-17T23:21:31.092442;mvtec_AD/toothbrush;cont_30pct_ensemble_loo_mahal;0.3;ensemble_loo_mahal;10;10;10;3;79;42;12;30;2;5;99;0.8194;0.9400;0.8621;0.6667;0.6667;-0.0861;0.0000;0.9524;1;0.6667;0.6667;;;5.45
2026-02-17T23:21:33.263274;mvtec_AD/toothbrush;cont_0pct_none;0.0;none;10;10;10;0;0;42;12;30;3;5;90;0.9639;0.9859;0.9524;0.8333;0.8333;;;;;;;;;2.11
2026-02-17T23:21:39.125908;mvtec_AD/toothbrush;cont_0pct_ensemble_loo_mahal;0.0;ensemble_loo_mahal;10;10;10;0;784;42;12;30;3;5;90;0.9417;0.9793;0.9286;0.8667;0.8667;-0.0222;;;;;;;;5.71
2026-02-17T23:21:41.354023;mvtec_AD/toothbrush;cont_30pct_none;0.3;none;10;10;10;3;0;42;12;30;3;5;90;0.8444;0.9486;0.8571;0.7333;0.7333;-0.1194;;;;;;;;2.20
2026-02-17T23:21:47.380204;mvtec_AD/toothbrush;cont_30pct_ensemble_loo_mahal;0.3;ensemble_loo_mahal;10;10;10;3;784;42;12;30;3;5;90;0.9556;0.9840;0.9310;0.8333;0.8333;-0.0083;0.9302;1.0000;1;1.0000;1.0000;;;5.93
2026-02-17T23:21:49.614826;mvtec_AD/toothbrush;cont_0pct_none;0.0;none;10;10;10;0;0;42;12;30;3;5;95;0.9639;0.9859;0.9524;0.8333;0.8333;;;;;;;;;2.17
2026-02-17T23:21:54.147397;mvtec_AD/toothbrush;cont_0pct_ensemble_loo_mahal;0.0;ensemble_loo_mahal;10;10;10;0;392;42;12;30;3;5;95;0.9639;0.9864;0.9375;0.8333;0.8667;0.0000;;;;;;;;4.43
2026-02-17T23:21:56.283500;mvtec_AD/toothbrush;cont_30pct_none;0.3;none;10;10;10;3;0;42;12;30;3;5;95;0.8444;0.9486;0.8571;0.7333;0.7333;-0.1194;;;;;;;;2.12
2026-02-17T23:22:01.882743;mvtec_AD/toothbrush;cont_30pct_ensemble_loo_mahal;0.3;ensemble_loo_mahal;10;10;10;3;392;42;12;30;3;5;95;0.9389;0.9786;0.9153;0.8333;0.8667;-0.0250;0.7907;1.0000;1;1.0000;1.0000;;;5.59
2026-02-17T23:22:03.455787;mvtec_AD/toothbrush;cont_0pct_none;0.0;none;10;10;10;0;0;42;12;30;3;5;99;0.9639;0.9859;0.9524;0.8333;0.8333;;;;;;;;;1.51
2026-02-17T23:22:08.446382;mvtec_AD/toothbrush;cont_0pct_ensemble_loo_mahal;0.0;ensemble_loo_mahal;10;10;10;0;79;42;12;30;3;5;99;0.9611;0.9850;0.9375;0.8333;0.8333;-0.0028;;;;;;;;4.99
2026-02-17T23:22:10.537175;mvtec_AD/toothbrush;cont_30pct_none;0.3;none;10;10;10;3;0;42;12;30;3;5;99;0.8444;0.9486;0.8571;0.7333;0.7333;-0.1194;;;;;;;;2.07
2026-02-17T23:22:16.201022;mvtec_AD/toothbrush;cont_30pct_ensemble_loo_mahal;0.3;ensemble_loo_mahal;10;10;10;3;79;42;12;30;3;5;99;0.8444;0.9486;0.8571;0.7333;0.7333;-0.1194;0.0000;1.0000;1;1.0000;1.0000;;;5.43
2026-02-17T23:22:18.516936;mvtec_AD/toothbrush;cont_0pct_none;0.0;none;10;10;10;0;0;42;12;30;4;5;90;0.9611;0.9843;0.9524;0.8000;0.8333;;;;;;;;;2.24
2026-02-17T23:22:24.019104;mvtec_AD/toothbrush;cont_0pct_ensemble_loo_mahal;0.0;ensemble_loo_mahal;10;10;10;0;784;42;12;30;4;5;90;0.9222;0.9711;0.9091;0.7667;0.7667;-0.0389;;;;;;;;5.34
2026-02-17T23:22:26.308890;mvtec_AD/toothbrush;cont_30pct_none;0.3;none;10;10;10;3;0;42;12;30;4;5;90;0.8583;0.9519;0.9000;0.6667;0.7000;-0.1028;;;;;;;;2.27
2026-02-17T23:22:31.597940;mvtec_AD/toothbrush;cont_30pct_ensemble_loo_mahal;0.3;ensemble_loo_mahal;10;10;10;3;784;42;12;30;4;5;90;0.9194;0.9672;0.9231;0.6333;0.7000;-0.0417;0.5946;0.9048;1;0.6667;0.6667;;;5.19
2026-02-17T23:22:33.826860;mvtec_AD/toothbrush;cont_0pct_none;0.0;none;10;10;10;0;0;42;12;30;4;5;95;0.9611;0.9843;0.9524;0.8000;0.8333;;;;;;;;;2.17
2026-02-17T23:22:39.629958;mvtec_AD/toothbrush;cont_0pct_ensemble_loo_mahal;0.0;ensemble_loo_mahal;10;10;10;0;392;42;12;30;4;5;95;0.9472;0.9798;0.9375;0.8000;0.8333;-0.0139;;;;;;;;5.70
2026-02-17T23:22:41.747430;mvtec_AD/toothbrush;cont_30pct_none;0.3;none;10;10;10;3;0;42;12;30;4;5;95;0.8583;0.9519;0.9000;0.6667;0.7000;-0.1028;;;;;;;;2.10
2026-02-17T23:22:47.491958;mvtec_AD/toothbrush;cont_30pct_ensemble_loo_mahal;0.3;ensemble_loo_mahal;10;10;10;3;392;42;12;30;4;5;95;0.9472;0.9789;0.9524;0.7667;0.7667;-0.0139;0.8649;0.9048;1;0.6667;0.6667;;;5.56
2026-02-17T23:22:49.177097;mvtec_AD/toothbrush;cont_0pct_none;0.0;none;10;10;10;0;0;42;12;30;4;5;99;0.9611;0.9843;0.9524;0.8000;0.8333;;;;;;;;;1.63
2026-02-17T23:22:54.795207;mvtec_AD/toothbrush;cont_0pct_ensemble_loo_mahal;0.0;ensemble_loo_mahal;10;10;10;0;79;42;12;30;4;5;99;0.9611;0.9846;0.9375;0.8000;0.8333;0.0000;;;;;;;;5.61
2026-02-17T23:22:56.880335;mvtec_AD/toothbrush;cont_30pct_none;0.3;none;10;10;10;3;0;42;12;30;4;5;99;0.8583;0.9519;0.9000;0.6667;0.7000;-0.1028;;;;;;;;2.07
2026-02-17T23:23:02.701905;mvtec_AD/toothbrush;cont_30pct_ensemble_loo_mahal;0.3;ensemble_loo_mahal;10;10;10;3;79;42;12;30;4;5;99;0.8583;0.9519;0.9000;0.6667;0.7000;-0.1028;0.0000;0.9048;1;0.6667;0.6667;;;5.82
2026-02-17T23:23:08.388035;mvtec_AD/transistor;cont_0pct_none;0.0;none;10;10;10;0;0;100;60;40;0;5;90;0.8950;0.8863;0.7887;0.5750;0.6750;;;;;;;;;4.74
2026-02-17T23:23:16.588891;mvtec_AD/transistor;cont_0pct_ensemble_loo_mahal;0.0;ensemble_loo_mahal;10;10;10;0;784;100;60;40;0;5;90;0.8896;0.8909;0.7949;0.6250;0.6750;-0.0054;;;;;;;;8.19
2026-02-17T23:23:21.637906;mvtec_AD/transistor;cont_30pct_none;0.3;none;10;10;10;3;0;100;60;40;0;5;90;0.8179;0.8261;0.7250;0.4500;0.5750;-0.0771;;;;;;;;5.03
2026-02-17T23:23:29.467333;mvtec_AD/transistor;cont_30pct_ensemble_loo_mahal;0.3;ensemble_loo_mahal;10;10;10;3;784;100;60;40;0;5;90;0.8842;0.8794;0.7949;0.5500;0.6750;-0.0108;0.8595;1.0000;1;1.0000;1.0000;;;7.72
2026-02-17T23:23:34.528570;mvtec_AD/transistor;cont_0pct_none;0.0;none;10;10;10;0;0;100;60;40;0;5;95;0.8950;0.8863;0.7887;0.5750;0.6750;;;;;;;;;4.98
2026-02-17T23:23:43.106388;mvtec_AD/transistor;cont_0pct_ensemble_loo_mahal;0.0;ensemble_loo_mahal;10;10;10;0;392;100;60;40;0;5;95;0.8988;0.8956;0.7949;0.6250;0.6750;0.0037;;;;;;;;8.45
2026-02-17T23:23:47.123122;mvtec_AD/transistor;cont_30pct_none;0.3;none;10;10;10;3;0;100;60;40;0;5;95;0.8179;0.8261;0.7250;0.4500;0.5750;-0.0771;;;;;;;;3.99
2026-02-17T23:23:55.518895;mvtec_AD/transistor;cont_30pct_ensemble_loo_mahal;0.3;ensemble_loo_mahal;10;10;10;3;392;100;60;40;0;5;95;0.8792;0.8684;0.7632;0.5500;0.6250;-0.0158;0.7946;1.0000;1;1.0000;1.0000;;;8.39
2026-02-17T23:24:00.263280;mvtec_AD/transistor;cont_0pct_none;0.0;none;10;10;10;0;0;100;60;40;0;5;99;0.8950;0.8863;0.7887;0.5750;0.6750;;;;;;;;;4.67
2026-02-17T23:24:08.428847;mvtec_AD/transistor;cont_0pct_ensemble_loo_mahal;0.0;ensemble_loo_mahal;10;10;10;0;79;100;60;40;0;5;99;0.8933;0.8857;0.7887;0.5750;0.6750;-0.0017;;;;;;;;8.16
2026-02-17T23:24:13.139265;mvtec_AD/transistor;cont_30pct_none;0.3;none;10;10;10;3;0;100;60;40;0;5;99;0.8179;0.8261;0.7250;0.4500;0.5750;-0.0771;;;;;;;;4.69
2026-02-17T23:24:21.980050;mvtec_AD/transistor;cont_30pct_ensemble_loo_mahal;0.3;ensemble_loo_mahal;10;10;10;3;79;100;60;40;0;5;99;0.8396;0.8409;0.7407;0.4750;0.6000;-0.0554;0.2811;1.0000;1;1.0000;1.0000;;;8.83
2026-02-17T23:24:27.455687;mvtec_AD/transistor;cont_0pct_none;0.0;none;10;10;10;0;0;100;60;40;1;5;90;0.9250;0.9106;0.8140;0.5500;0.7250;;;;;;;;;5.39
2026-02-17T23:24:35.447921;mvtec_AD/transistor;cont_0pct_ensemble_loo_mahal;0.0;ensemble_loo_mahal;10;10;10;0;784;100;60;40;1;5;90;0.9075;0.8993;0.8116;0.7000;0.7000;-0.0175;;;;;;;;7.96
2026-02-17T23:24:40.664298;mvtec_AD/transistor;cont_30pct_none;0.3;none;10;10;10;3;0;100;60;40;1;5;90;0.8642;0.8780;0.8219;0.5500;0.7500;-0.0608;;;;;;;;5.19
2026-02-17T23:24:48.580016;mvtec_AD/transistor;cont_30pct_ensemble_loo_mahal;0.3;ensemble_loo_mahal;10;10;10;3;784;100;60;40;1;5;90;0.9096;0.9026;0.8108;0.6250;0.7000;-0.0154;0.7466;0.9524;1;0.6667;0.6667;;;7.61
2026-02-17T23:24:53.292424;mvtec_AD/transistor;cont_0pct_none;0.0;none;10;10;10;0;0;100;60;40;1;5;95;0.9250;0.9106;0.8140;0.5500;0.7250;;;;;;;;;4.66
2026-02-17T23:25:01.998690;mvtec_AD/transistor;cont_0pct_ensemble_loo_mahal;0.0;ensemble_loo_mahal;10;10;10;0;392;100;60;40;1;5;95;0.9113;0.9034;0.8052;0.6500;0.7000;-0.0137;;;;;;;;8.70
2026-02-17T23:25:06.123831;mvtec_AD/transistor;cont_30pct_none;0.3;none;10;10;10;3;0;100;60;40;1;5;95;0.8642;0.8780;0.8219;0.5500;0.7500;-0.0608;;;;;;;;4.10
2026-02-17T23:25:14.248851;mvtec_AD/transistor;cont_30pct_ensemble_loo_mahal;0.3;ensemble_loo_mahal;10;10;10;3;392;100;60;40;1;5;95;0.8800;0.8781;0.7848;0.5750;0.6500;-0.0450;0.2603;0.9524;1;0.6667;0.6667;;;8.12
2026-02-17T23:25:19.303836;mvtec_AD/transistor;cont_0pct_none;0.0;none;10;10;10;0;0;100;60;40;1;5;99;0.9250;0.9106;0.8140;0.5500;0.7250;;;;;;;;;4.99
2026-02-17T23:25:28.031484;mvtec_AD/transistor;cont_0pct_ensemble_loo_mahal;0.0;ensemble_loo_mahal;10;10;10;0;79;100;60;40;1;5;99;0.9204;0.9067;0.8056;0.5500;0.7250;-0.0046;;;;;;;;8.72
2026-02-17T23:25:33.289492;mvtec_AD/transistor;cont_30pct_none;0.3;none;10;10;10;3;0;100;60;40;1;5;99;0.8642;0.8780;0.8219;0.5500;0.7500;-0.0608;;;;;;;;5.23
2026-02-17T23:25:41.501024;mvtec_AD/transistor;cont_30pct_ensemble_loo_mahal;0.3;ensemble_loo_mahal;10;10;10;3;79;100;60;40;1;5;99;0.8650;0.8785;0.8108;0.5500;0.7250;-0.0600;0.0137;0.9524;1;0.6667;0.6667;;;8.21
2026-02-17T23:25:46.857882;mvtec_AD/transistor;cont_0pct_none;0.0;none;10;10;10;0;0;100;60;40;2;5;90;0.9325;0.9240;0.8462;0.6750;0.7250;;;;;;;;;5.27
2026-02-17T23:25:54.381180;mvtec_AD/transistor;cont_0pct_ensemble_loo_mahal;0.0;ensemble_loo_mahal;10;10;10;0;784;100;60;40;2;5;90;0.9175;0.9126;0.8378;0.6250;0.7750;-0.0150;;;;;;;;7.42
2026-02-17T23:25:59.405597;mvtec_AD/transistor;cont_30pct_none;0.3;none;10;10;10;3;0;100;60;40;2;5;90;0.8612;0.8729;0.7952;0.5750;0.6500;-0.0713;;;;;;;;5.00
2026-02-17T23:26:06.678945;mvtec_AD/transistor;cont_30pct_ensemble_loo_mahal;0.3;ensemble_loo_mahal;10;10;10;3;784;100;60;40;2;5;90;0.9046;0.9044;0.8158;0.6250;0.7000;-0.0279;0.6082;0.9048;1;0.6667;0.6667;;;7.05
2026-02-17T23:26:11.928463;mvtec_AD/transistor;cont_0pct_none;0.0;none;10;10;10;0;0;100;60;40;2;5;95;0.9325;0.9240;0.8462;0.6750;0.7250;;;;;;;;;5.17
2026-02-17T23:26:20.379463;mvtec_AD/transistor;cont_0pct_ensemble_loo_mahal;0.0;ensemble_loo_mahal;10;10;10;0;392;100;60;40;2;5;95;0.9075;0.9073;0.8219;0.6750;0.7250;-0.0250;;;;;;;;8.25
2026-02-17T23:26:25.584475;mvtec_AD/transistor;cont_30pct_none;0.3;none;10;10;10;3;0;100;60;40;2;5;95;0.8612;0.8729;0.7952;0.5750;0.6500;-0.0713;;;;;;;;5.18
2026-02-17T23:26:33.490950;mvtec_AD/transistor;cont_30pct_ensemble_loo_mahal;0.3;ensemble_loo_mahal;10;10;10;3;392;100;60;40;2;5;95;0.9100;0.9097;0.8354;0.6250;0.7500;-0.0225;0.6842;0.9048;1;0.6667;0.6667;;;7.77
2026-02-17T23:26:38.709775;mvtec_AD/transistor;cont_0pct_none;0.0;none;10;10;10;0;0;100;60;40;2;5;99;0.9325;0.9240;0.8462;0.6750;0.7250;;;;;;;;;5.15
2026-02-17T23:26:47.643750;mvtec_AD/transistor;cont_0pct_ensemble_loo_mahal;0.0;ensemble_loo_mahal;10;10;10;0;79;100;60;40;2;5;99;0.9242;0.9163;0.8354;0.6750;0.7250;-0.0083;;;;;;;;8.64
2026-02-17T23:26:51.658543;mvtec_AD/transistor;cont_30pct_none;0.3;none;10;10;10;3;0;100;60;40;2;5;99;0.8612;0.8729;0.7952;0.5750;0.6500;-0.0713;;;;;;;;3.99
2026-02-17T23:26:59.975958;mvtec_AD/transistor;cont_30pct_ensemble_loo_mahal;0.3;ensemble_loo_mahal;10;10;10;3;79;100;60;40;2;5;99;0.8579;0.8689;0.7952;0.5750;0.6250;-0.0746;-0.0468;0.9048;1;0.6667;0.6667;;;8.31
2026-02-17T23:27:03.954047;mvtec_AD/transistor;cont_0pct_none;0.0;none;10;10;10;0;0;100;60;40;3;5;90;0.8979;0.8860;0.7949;0.5500;0.7000;;;;;;;;;3.92
2026-02-17T23:27:11.496521;mvtec_AD/transistor;cont_0pct_ensemble_loo_mahal;0.0;ensemble_loo_mahal;10;10;10;0;784;100;60;40;3;5;90;0.8533;0.8548;0.7632;0.5500;0.6000;-0.0446;;;;;;;;7.54
2026-02-17T23:27:16.540706;mvtec_AD/transistor;cont_30pct_none;0.3;none;10;10;10;3;0;100;60;40;3;5;90;0.8444;0.8652;0.8158;0.5250;0.7250;-0.0535;;;;;;;;5.03
2026-02-17T23:27:24.957888;mvtec_AD/transistor;cont_30pct_ensemble_loo_mahal;0.3;ensemble_loo_mahal;10;10;10;3;784;100;60;40;3;5;90;0.8392;0.8425;0.7407;0.5250;0.5750;-0.0588;-0.0973;0.2857;0;0.0000;0.0000;;;8.31
2026-02-17T23:27:30.069032;mvtec_AD/transistor;cont_0pct_none;0.0;none;10;10;10;0;0;100;60;40;3;5;95;0.8979;0.8860;0.7949;0.5500;0.7000;;;;;;;;;5.04
2026-02-17T23:27:38.180933;mvtec_AD/transistor;cont_0pct_ensemble_loo_mahal;0.0;ensemble_loo_mahal;10;10;10;0;392;100;60;40;3;5;95;0.8529;0.8508;0.7407;0.5500;0.5500;-0.0450;;;;;;;;8.01
2026-02-17T23:27:43.398187;mvtec_AD/transistor;cont_30pct_none;0.3;none;10;10;10;3;0;100;60;40;3;5;95;0.8444;0.8652;0.8158;0.5250;0.7250;-0.0535;;;;;;;;5.19
2026-02-17T23:27:51.036663;mvtec_AD/transistor;cont_30pct_ensemble_loo_mahal;0.3;ensemble_loo_mahal;10;10;10;3;392;100;60;40;3;5;95;0.8225;0.8459;0.7750;0.5500;0.5750;-0.0754;-0.4086;0.2857;0;0.0000;0.0000;;;7.48
2026-02-17T23:27:56.257582;mvtec_AD/transistor;cont_0pct_none;0.0;none;10;10;10;0;0;100;60;40;3;5;99;0.8979;0.8860;0.7949;0.5500;0.7000;;;;;;;;;5.15
2026-02-17T23:28:04.381003;mvtec_AD/transistor;cont_0pct_ensemble_loo_mahal;0.0;ensemble_loo_mahal;10;10;10;0;79;100;60;40;3;5;99;0.8929;0.8814;0.7778;0.5750;0.6500;-0.0050;;;;;;;;7.93
2026-02-17T23:28:08.950687;mvtec_AD/transistor;cont_30pct_none;0.3;none;10;10;10;3;0;100;60;40;3;5;99;0.8444;0.8652;0.8158;0.5250;0.7250;-0.0535;;;;;;;;4.55
2026-02-17T23:28:17.386366;mvtec_AD/transistor;cont_30pct_ensemble_loo_mahal;0.3;ensemble_loo_mahal;10;10;10;3;79;100;60;40;3;5;99;0.8400;0.8624;0.8158;0.5250;0.6750;-0.0579;-0.0817;0.2857;0;0.0000;0.0000;;;8.43
2026-02-17T23:28:22.687864;mvtec_AD/transistor;cont_0pct_none;0.0;none;10;10;10;0;0;100;60;40;4;5;90;0.8950;0.8850;0.7826;0.5500;0.6750;;;;;;;;;5.21
2026-02-17T23:28:30.945797;mvtec_AD/transistor;cont_0pct_ensemble_loo_mahal;0.0;ensemble_loo_mahal;10;10;10;0;784;100;60;40;4;5;90;0.8917;0.8810;0.7907;0.5500;0.6000;-0.0033;;;;;;;;7.92
2026-02-17T23:28:35.569445;mvtec_AD/transistor;cont_30pct_none;0.3;none;10;10;10;3;0;100;60;40;4;5;90;0.8421;0.8559;0.7714;0.5750;0.6750;-0.0529;;;;;;;;4.60
2026-02-17T23:28:43.943964;mvtec_AD/transistor;cont_30pct_ensemble_loo_mahal;0.3;ensemble_loo_mahal;10;10;10;3;784;100;60;40;4;5;90;0.8504;0.8570;0.7632;0.5750;0.5750;-0.0446;0.1575;0.8571;1;0.6667;0.6667;;;8.29
2026-02-17T23:28:49.004757;mvtec_AD/transistor;cont_0pct_none;0.0;none;10;10;10;0;0;100;60;40;4;5;95;0.8950;0.8850;0.7826;0.5500;0.6750;;;;;;;;;4.98
2026-02-17T23:28:56.296258;mvtec_AD/transistor;cont_0pct_ensemble_loo_mahal;0.0;ensemble_loo_mahal;10;10;10;0;392;100;60;40;4;5;95;0.9050;0.8944;0.8000;0.5750;0.6500;0.0100;;;;;;;;7.11
2026-02-17T23:29:01.360861;mvtec_AD/transistor;cont_30pct_none;0.3;none;10;10;10;3;0;100;60;40;4;5;95;0.8421;0.8559;0.7714;0.5750;0.6750;-0.0529;;;;;;;;5.04
2026-02-17T23:29:08.516505;mvtec_AD/transistor;cont_30pct_ensemble_loo_mahal;0.3;ensemble_loo_mahal;10;10;10;3;392;100;60;40;4;5;95;0.8533;0.8611;0.7792;0.5250;0.6750;-0.0417;0.2126;0.8571;1;0.6667;0.6667;;;7.15
2026-02-17T23:29:13.506491;mvtec_AD/transistor;cont_0pct_none;0.0;none;10;10;10;0;0;100;60;40;4;5;99;0.8950;0.8850;0.7826;0.5500;0.6750;;;;;;;;;4.93
2026-02-17T23:29:21.531505;mvtec_AD/transistor;cont_0pct_ensemble_loo_mahal;0.0;ensemble_loo_mahal;10;10;10;0;79;100;60;40;4;5;99;0.8979;0.8883;0.7901;0.5500;0.6750;0.0029;;;;;;;;8.02
2026-02-17T23:29:26.642312;mvtec_AD/transistor;cont_30pct_none;0.3;none;10;10;10;3;0;100;60;40;4;5;99;0.8421;0.8559;0.7714;0.5750;0.6750;-0.0529;;;;;;;;5.08
2026-02-17T23:29:34.236519;mvtec_AD/transistor;cont_30pct_ensemble_loo_mahal;0.3;ensemble_loo_mahal;10;10;10;3;79;100;60;40;4;5;99;0.8442;0.8621;0.7765;0.5750;0.6500;-0.0508;0.0394;0.8571;1;0.6667;0.6667;;;7.28
2026-02-17T23:29:39.421293;mvtec_AD/wood;cont_0pct_none;0.0;none;10;10;10;0;0;79;19;60;0;5;90;0.8851;0.9650;0.9023;0.6500;0.7000;;;;;;;;;4.02
2026-02-17T23:29:46.232021;mvtec_AD/wood;cont_0pct_ensemble_loo_mahal;0.0;ensemble_loo_mahal;10;10;10;0;784;79;19;60;0;5;90;0.8737;0.9617;0.9023;0.6500;0.7167;-0.0114;;;;;;;;6.81
2026-02-17T23:29:50.194690;mvtec_AD/wood;cont_30pct_none;0.3;none;10;10;10;3;0;79;19;60;0;5;90;0.7895;0.9355;0.8702;0.5333;0.6333;-0.0956;;;;;;;;3.94
2026-02-17T23:29:57.128999;mvtec_AD/wood;cont_30pct_ensemble_loo_mahal;0.3;ensemble_loo_mahal;10;10;10;3;784;79;19;60;0;5;90;0.8482;0.9535;0.8955;0.6500;0.6667;-0.0368;0.6147;0.8095;1;0.3333;0.3333;;;6.80
2026-02-17T23:30:00.529399;mvtec_AD/wood;cont_0pct_none;0.0;none;10;10;10;0;0;79;19;60;0;5;95;0.8851;0.9650;0.9023;0.6500;0.7000;;;;;;;;;3.31
2026-02-17T23:30:07.625681;mvtec_AD/wood;cont_0pct_ensemble_loo_mahal;0.0;ensemble_loo_mahal;10;10;10;0;392;79;19;60;0;5;95;0.8842;0.9646;0.9023;0.6500;0.7167;-0.0009;;;;;;;;7.09
2026-02-17T23:30:10.937912;mvtec_AD/wood;cont_30pct_none;0.3;none;10;10;10;3;0;79;19;60;0;5;95;0.7895;0.9355;0.8702;0.5333;0.6333;-0.0956;;;;;;;;3.30
2026-02-17T23:30:18.091764;mvtec_AD/wood;cont_30pct_ensemble_loo_mahal;0.3;ensemble_loo_mahal;10;10;10;3;392;79;19;60;0;5;95;0.8246;0.9469;0.8872;0.6333;0.6667;-0.0605;0.3670;0.8095;1;0.3333;0.3333;;;7.15
2026-02-17T23:30:22.069207;mvtec_AD/wood;cont_0pct_none;0.0;none;10;10;10;0;0;79;19;60;0;5;99;0.8851;0.9650;0.9023;0.6500;0.7000;;;;;;;;;3.88
2026-02-17T23:30:29.331220;mvtec_AD/wood;cont_0pct_ensemble_loo_mahal;0.0;ensemble_loo_mahal;10;10;10;0;79;79;19;60;0;5;99;0.8842;0.9646;0.9023;0.6500;0.7167;-0.0009;;;;;;;;7.26
2026-02-17T23:30:33.340594;mvtec_AD/wood;cont_30pct_none;0.3;none;10;10;10;3;0;79;19;60;0;5;99;0.7895;0.9355;0.8702;0.5333;0.6333;-0.0956;;;;;;;;3.99
2026-02-17T23:30:40.794606;mvtec_AD/wood;cont_30pct_ensemble_loo_mahal;0.3;ensemble_loo_mahal;10;10;10;3;79;79;19;60;0;5;99;0.8018;0.9391;0.8788;0.5667;0.6333;-0.0833;0.1284;0.8095;1;0.3333;0.3333;;;7.18
2026-02-17T23:30:44.865357;mvtec_AD/wood;cont_0pct_none;0.0;none;10;10;10;0;0;79;19;60;1;5;90;0.8974;0.9671;0.9134;0.6500;0.6833;;;;;;;;;3.97
2026-02-17T23:30:52.409689;mvtec_AD/wood;cont_0pct_ensemble_loo_mahal;0.0;ensemble_loo_mahal;10;10;10;0;784;79;19;60;1;5;90;0.8877;0.9649;0.9023;0.6667;0.6667;-0.0096;;;;;;;;7.35
2026-02-17T23:30:55.490325;mvtec_AD/wood;cont_30pct_none;0.3;none;10;10;10;3;0;79;19;60;1;5;90;0.8430;0.9509;0.8906;0.5333;0.6333;-0.0544;;;;;;;;3.06
2026-02-17T23:31:02.619273;mvtec_AD/wood;cont_30pct_ensemble_loo_mahal;0.3;ensemble_loo_mahal;10;10;10;3;784;79;19;60;1;5;90;0.8798;0.9615;0.9091;0.6667;0.6667;-0.0175;0.6774;1.0000;1;1.0000;1.0000;;;7.12
2026-02-17T23:31:06.042413;mvtec_AD/wood;cont_0pct_none;0.0;none;10;10;10;0;0;79;19;60;1;5;95;0.8974;0.9671;0.9134;0.6500;0.6833;;;;;;;;;3.32
2026-02-17T23:31:12.917389;mvtec_AD/wood;cont_0pct_ensemble_loo_mahal;0.0;ensemble_loo_mahal;10;10;10;0;392;79;19;60;1;5;95;0.9009;0.9687;0.9060;0.6500;0.6833;0.0035;;;;;;;;6.87
2026-02-17T23:31:16.420347;mvtec_AD/wood;cont_30pct_none;0.3;none;10;10;10;3;0;79;19;60;1;5;95;0.8430;0.9509;0.8906;0.5333;0.6333;-0.0544;;;;;;;;3.48
2026-02-17T23:31:24.060504;mvtec_AD/wood;cont_30pct_ensemble_loo_mahal;0.3;ensemble_loo_mahal;10;10;10;3;392;79;19;60;1;5;95;0.8675;0.9588;0.8992;0.6333;0.6667;-0.0298;0.4516;1.0000;1;1.0000;1.0000;;;7.13
2026-02-17T23:31:28.291911;mvtec_AD/wood;cont_0pct_none;0.0;none;10;10;10;0;0;79;19;60;1;5;99;0.8974;0.9671;0.9134;0.6500;0.6833;;;;;;;;;4.12
2026-02-17T23:31:35.057706;mvtec_AD/wood;cont_0pct_ensemble_loo_mahal;0.0;ensemble_loo_mahal;10;10;10;0;79;79;19;60;1;5;99;0.8991;0.9676;0.9134;0.6500;0.6833;0.0018;;;;;;;;6.76
2026-02-17T23:31:39.096666;mvtec_AD/wood;cont_30pct_none;0.3;none;10;10;10;3;0;79;19;60;1;5;99;0.8430;0.9509;0.8906;0.5333;0.6333;-0.0544;;;;;;;;4.02
2026-02-17T23:31:46.881362;mvtec_AD/wood;cont_30pct_ensemble_loo_mahal;0.3;ensemble_loo_mahal;10;10;10;3;79;79;19;60;1;5;99;0.8439;0.9514;0.8906;0.5667;0.6333;-0.0535;0.0161;1.0000;1;1.0000;1.0000;;;7.63
2026-02-17T23:31:50.681145;mvtec_AD/wood;cont_0pct_none;0.0;none;10;10;10;0;0;79;19;60;2;5;90;0.9088;0.9698;0.9449;0.6500;0.6833;;;;;;;;;3.69
2026-02-17T23:31:57.367327;mvtec_AD/wood;cont_0pct_ensemble_loo_mahal;0.0;ensemble_loo_mahal;10;10;10;0;784;79;19;60;2;5;90;0.8965;0.9655;0.9449;0.6333;0.6667;-0.0123;;;;;;;;6.65
2026-02-17T23:32:01.281704;mvtec_AD/wood;cont_30pct_none;0.3;none;10;10;10;3;0;79;19;60;2;5;90;0.8158;0.9428;0.8760;0.5167;0.5500;-0.0930;;;;;;;;3.89
2026-02-17T23:32:07.457761;mvtec_AD/wood;cont_30pct_ensemble_loo_mahal;0.3;ensemble_loo_mahal;10;10;10;3;784;79;19;60;2;5;90;0.8553;0.9555;0.8943;0.6000;0.6667;-0.0535;0.4245;0.6190;1;0.3333;0.3333;;;6.07
2026-02-17T23:32:11.538914;mvtec_AD/wood;cont_0pct_none;0.0;none;10;10;10;0;0;79;19;60;2;5;95;0.9088;0.9698;0.9449;0.6500;0.6833;;;;;;;;;4.00
2026-02-17T23:32:18.610217;mvtec_AD/wood;cont_0pct_ensemble_loo_mahal;0.0;ensemble_loo_mahal;10;10;10;0;392;79;19;60;2;5;95;0.9009;0.9671;0.9449;0.6500;0.6833;-0.0079;;;;;;;;7.06
2026-02-17T23:32:22.431982;mvtec_AD/wood;cont_30pct_none;0.3;none;10;10;10;3;0;79;19;60;2;5;95;0.8158;0.9428;0.8760;0.5167;0.5500;-0.0930;;;;;;;;3.79
2026-02-17T23:32:30.098432;mvtec_AD/wood;cont_30pct_ensemble_loo_mahal;0.3;ensemble_loo_mahal;10;10;10;3;392;79;19;60;2;5;95;0.8509;0.9547;0.8943;0.6000;0.6333;-0.0579;0.3774;0.6190;1;0.3333;0.3333;;;7.36
2026-02-17T23:32:34.219884;mvtec_AD/wood;cont_0pct_none;0.0;none;10;10;10;0;0;79;19;60;2;5;99;0.9088;0.9698;0.9449;0.6500;0.6833;;;;;;;;;4.03
2026-02-17T23:32:41.520127;mvtec_AD/wood;cont_0pct_ensemble_loo_mahal;0.0;ensemble_loo_mahal;10;10;10;0;79;79;19;60;2;5;99;0.9088;0.9698;0.9449;0.6500;0.6833;0.0000;;;;;;;;7.19
2026-02-17T23:32:45.564398;mvtec_AD/wood;cont_30pct_none;0.3;none;10;10;10;3;0;79;19;60;2;5;99;0.8158;0.9428;0.8760;0.5167;0.5500;-0.0930;;;;;;;;4.03
2026-02-17T23:32:52.990905;mvtec_AD/wood;cont_30pct_ensemble_loo_mahal;0.3;ensemble_loo_mahal;10;10;10;3;79;79;19;60;2;5;99;0.8202;0.9444;0.8760;0.5167;0.5667;-0.0886;0.0472;0.6190;1;0.3333;0.3333;;;7.37
2026-02-17T23:32:56.334842;mvtec_AD/wood;cont_0pct_none;0.0;none;10;10;10;0;0;79;19;60;3;5;90;0.9079;0.9702;0.9291;0.6667;0.6833;;;;;;;;;3.26
2026-02-17T23:33:03.478332;mvtec_AD/wood;cont_0pct_ensemble_loo_mahal;0.0;ensemble_loo_mahal;10;10;10;0;784;79;19;60;3;5;90;0.9070;0.9699;0.9280;0.6333;0.6667;-0.0009;;;;;;;;7.14
2026-02-17T23:33:07.587253;mvtec_AD/wood;cont_30pct_none;0.3;none;10;10;10;3;0;79;19;60;3;5;90;0.7798;0.9273;0.8702;0.4333;0.5167;-0.1281;;;;;;;;4.09
2026-02-17T23:33:14.703569;mvtec_AD/wood;cont_30pct_ensemble_loo_mahal;0.3;ensemble_loo_mahal;10;10;10;3;784;79;19;60;3;5;90;0.8579;0.9556;0.8872;0.5833;0.6333;-0.0500;0.6096;0.8095;1;0.6667;0.6667;;;7.07
2026-02-17T23:33:18.563232;mvtec_AD/wood;cont_0pct_none;0.0;none;10;10;10;0;0;79;19;60;3;5;95;0.9079;0.9702;0.9291;0.6667;0.6833;;;;;;;;;3.77
2026-02-17T23:33:25.632410;mvtec_AD/wood;cont_0pct_ensemble_loo_mahal;0.0;ensemble_loo_mahal;10;10;10;0;392;79;19;60;3;5;95;0.9070;0.9698;0.9280;0.6667;0.6667;-0.0009;;;;;;;;7.07
2026-02-17T23:33:29.487256;mvtec_AD/wood;cont_30pct_none;0.3;none;10;10;10;3;0;79;19;60;3;5;95;0.7798;0.9273;0.8702;0.4333;0.5167;-0.1281;;;;;;;;3.83
2026-02-17T23:33:36.671093;mvtec_AD/wood;cont_30pct_ensemble_loo_mahal;0.3;ensemble_loo_mahal;10;10;10;3;392;79;19;60;3;5;95;0.8491;0.9523;0.8872;0.5667;0.6000;-0.0588;0.5411;0.8095;1;0.6667;0.6667;;;6.78
2026-02-17T23:33:40.731086;mvtec_AD/wood;cont_0pct_none;0.0;none;10;10;10;0;0;79;19;60;3;5;99;0.9079;0.9702;0.9291;0.6667;0.6833;;;;;;;;;3.96
2026-02-17T23:33:47.980568;mvtec_AD/wood;cont_0pct_ensemble_loo_mahal;0.0;ensemble_loo_mahal;10;10;10;0;79;79;19;60;3;5;99;0.9088;0.9705;0.9291;0.6667;0.6833;0.0009;;;;;;;;7.25
2026-02-17T23:33:52.004557;mvtec_AD/wood;cont_30pct_none;0.3;none;10;10;10;3;0;79;19;60;3;5;99;0.7798;0.9273;0.8702;0.4333;0.5167;-0.1281;;;;;;;;4.00
2026-02-17T23:34:01.718322;mvtec_AD/wood;cont_30pct_ensemble_loo_mahal;0.3;ensemble_loo_mahal;10;10;10;3;79;79;19;60;3;5;99;0.7851;0.9295;0.8702;0.4333;0.5333;-0.1228;0.0411;0.8095;1;0.6667;0.6667;;;9.51
2026-02-17T23:34:05.756122;mvtec_AD/wood;cont_0pct_none;0.0;none;10;10;10;0;0;79;19;60;4;5;90;0.9053;0.9701;0.9206;0.6667;0.7000;;;;;;;;;3.94
2026-02-17T23:34:15.414743;mvtec_AD/wood;cont_0pct_ensemble_loo_mahal;0.0;ensemble_loo_mahal;10;10;10;0;784;79;19;60;4;5;90;0.9123;0.9722;0.9120;0.6500;0.6833;0.0070;;;;;;;;9.48
2026-02-17T23:34:19.479746;mvtec_AD/wood;cont_30pct_none;0.3;none;10;10;10;3;0;79;19;60;4;5;90;0.8158;0.9427;0.8661;0.5167;0.6167;-0.0895;;;;;;;;4.04
2026-02-17T23:34:26.544886;mvtec_AD/wood;cont_30pct_ensemble_loo_mahal;0.3;ensemble_loo_mahal;10;10;10;3;784;79;19;60;4;5;90;0.8798;0.9626;0.8992;0.6500;0.6833;-0.0254;0.7157;0.6190;1;0.3333;0.3333;;;6.95
2026-02-17T23:34:30.483557;mvtec_AD/wood;cont_0pct_none;0.0;none;10;10;10;0;0;79;19;60;4;5;95;0.9053;0.9701;0.9206;0.6667;0.7000;;;;;;;;;3.84
2026-02-17T23:34:37.866606;mvtec_AD/wood;cont_0pct_ensemble_loo_mahal;0.0;ensemble_loo_mahal;10;10;10;0;392;79;19;60;4;5;95;0.9132;0.9725;0.9280;0.6500;0.7000;0.0079;;;;;;;;7.38
2026-02-17T23:34:41.383386;mvtec_AD/wood;cont_30pct_none;0.3;none;10;10;10;3;0;79;19;60;4;5;95;0.8158;0.9427;0.8661;0.5167;0.6167;-0.0895;;;;;;;;3.49
2026-02-17T23:34:48.954037;mvtec_AD/wood;cont_30pct_ensemble_loo_mahal;0.3;ensemble_loo_mahal;10;10;10;3;392;79;19;60;4;5;95;0.8719;0.9604;0.8906;0.6333;0.6667;-0.0333;0.6275;0.6190;1;0.3333;0.3333;;;7.38
2026-02-17T23:34:53.141265;mvtec_AD/wood;cont_0pct_none;0.0;none;10;10;10;0;0;79;19;60;4;5;99;0.9053;0.9701;0.9206;0.6667;0.7000;;;;;;;;;4.09
2026-02-17T23:34:59.667199;mvtec_AD/wood;cont_0pct_ensemble_loo_mahal;0.0;ensemble_loo_mahal;10;10;10;0;79;79;19;60;4;5;99;0.9061;0.9704;0.9206;0.6667;0.7000;0.0009;;;;;;;;6.52
2026-02-17T23:35:03.681177;mvtec_AD/wood;cont_30pct_none;0.3;none;10;10;10;3;0;79;19;60;4;5;99;0.8158;0.9427;0.8661;0.5167;0.6167;-0.0895;;;;;;;;3.99
2026-02-17T23:35:10.390727;mvtec_AD/wood;cont_30pct_ensemble_loo_mahal;0.3;ensemble_loo_mahal;10;10;10;3;79;79;19;60;4;5;99;0.8263;0.9458;0.8750;0.5333;0.6167;-0.0789;0.1176;0.6190;1;0.3333;0.3333;;;6.50
2026-02-17T23:35:19.138971;mvtec_AD/zipper;cont_0pct_none;0.0;none;10;10;10;0;0;151;32;119;0;5;90;0.9898;0.9970;0.9835;0.8235;0.9664;;;;;;;;;7.25
2026-02-17T23:35:29.342927;mvtec_AD/zipper;cont_0pct_ensemble_loo_mahal;0.0;ensemble_loo_mahal;10;10;10;0;784;151;32;119;0;5;90;0.9890;0.9969;0.9794;0.8235;0.9580;-0.0008;;;;;;;;10.20
2026-02-17T23:35:36.834340;mvtec_AD/zipper;cont_30pct_none;0.3;none;10;10;10;3;0;151;32;119;0;5;90;0.9624;0.9909;0.9667;0.7563;0.9328;-0.0273;;;;;;;;7.47
2026-02-17T23:35:47.392932;mvtec_AD/zipper;cont_30pct_ensemble_loo_mahal;0.3;ensemble_loo_mahal;10;10;10;3;784;151;32;119;0;5;90;0.9892;0.9969;0.9794;0.8319;0.9580;-0.0005;0.9808;1.0000;1;1.0000;1.0000;;;9.97
2026-02-17T23:35:55.260510;mvtec_AD/zipper;cont_0pct_none;0.0;none;10;10;10;0;0;151;32;119;0;5;95;0.9898;0.9970;0.9835;0.8235;0.9664;;;;;;;;;7.67
2026-02-17T23:36:05.905011;mvtec_AD/zipper;cont_0pct_ensemble_loo_mahal;0.0;ensemble_loo_mahal;10;10;10;0;392;151;32;119;0;5;95;0.9898;0.9971;0.9835;0.8487;0.9580;0.0000;;;;;;;;10.64
2026-02-17T23:36:13.596387;mvtec_AD/zipper;cont_30pct_none;0.3;none;10;10;10;3;0;151;32;119;0;5;95;0.9624;0.9909;0.9667;0.7563;0.9328;-0.0273;;;;;;;;7.67
2026-02-17T23:36:24.258413;mvtec_AD/zipper;cont_30pct_ensemble_loo_mahal;0.3;ensemble_loo_mahal;10;10;10;3;392;151;32;119;0;5;95;0.9882;0.9966;0.9794;0.8235;0.9496;-0.0016;0.9423;1.0000;1;1.0000;1.0000;;;10.44
2026-02-17T23:36:31.455603;mvtec_AD/zipper;cont_0pct_none;0.0;none;10;10;10;0;0;151;32;119;0;5;99;0.9898;0.9970;0.9835;0.8235;0.9664;;;;;;;;;7.03
2026-02-17T23:36:42.484081;mvtec_AD/zipper;cont_0pct_ensemble_loo_mahal;0.0;ensemble_loo_mahal;10;10;10;0;79;151;32;119;0;5;99;0.9905;0.9973;0.9835;0.8403;0.9664;0.0008;;;;;;;;11.02
2026-02-17T23:36:49.597657;mvtec_AD/zipper;cont_30pct_none;0.3;none;10;10;10;3;0;151;32;119;0;5;99;0.9624;0.9909;0.9667;0.7563;0.9328;-0.0273;;;;;;;;7.10
2026-02-17T23:37:00.825574;mvtec_AD/zipper;cont_30pct_ensemble_loo_mahal;0.3;ensemble_loo_mahal;10;10;10;3;79;151;32;119;0;5;99;0.9635;0.9911;0.9667;0.7563;0.9328;-0.0263;0.0385;1.0000;1;1.0000;1.0000;;;11.06
2026-02-17T23:37:07.572973;mvtec_AD/zipper;cont_0pct_none;0.0;none;10;10;10;0;0;151;32;119;1;5;90;0.9919;0.9977;0.9835;0.8739;0.9832;;;;;;;;;6.55
2026-02-17T23:37:17.714454;mvtec_AD/zipper;cont_0pct_ensemble_loo_mahal;0.0;ensemble_loo_mahal;10;10;10;0;784;151;32;119;1;5;90;0.9895;0.9970;0.9794;0.8319;0.9664;-0.0024;;;;;;;;10.14
2026-02-17T23:37:24.343752;mvtec_AD/zipper;cont_30pct_none;0.3;none;10;10;10;3;0;151;32;119;1;5;90;0.9659;0.9920;0.9702;0.8235;0.9496;-0.0260;;;;;;;;6.61
2026-02-17T23:37:34.449521;mvtec_AD/zipper;cont_30pct_ensemble_loo_mahal;0.3;ensemble_loo_mahal;10;10;10;3;784;151;32;119;1;5;90;0.9858;0.9960;0.9754;0.8319;0.9412;-0.0060;0.7677;1.0000;1;1.0000;1.0000;;;10.10
2026-02-17T23:37:41.799472;mvtec_AD/zipper;cont_0pct_none;0.0;none;10;10;10;0;0;151;32;119;1;5;95;0.9919;0.9977;0.9835;0.8739;0.9832;;;;;;;;;7.18
2026-02-17T23:37:51.976501;mvtec_AD/zipper;cont_0pct_ensemble_loo_mahal;0.0;ensemble_loo_mahal;10;10;10;0;392;151;32;119;1;5;95;0.9924;0.9978;0.9835;0.8655;0.9748;0.0005;;;;;;;;10.17
2026-02-17T23:37:59.431970;mvtec_AD/zipper;cont_30pct_none;0.3;none;10;10;10;3;0;151;32;119;1;5;95;0.9659;0.9920;0.9702;0.8235;0.9496;-0.0260;;;;;;;;7.44
2026-02-17T23:38:09.525126;mvtec_AD/zipper;cont_30pct_ensemble_loo_mahal;0.3;ensemble_loo_mahal;10;10;10;3;392;151;32;119;1;5;95;0.9900;0.9972;0.9789;0.8319;0.9748;-0.0018;0.9293;1.0000;1;1.0000;1.0000;;;9.89
2026-02-17T23:38:16.910715;mvtec_AD/zipper;cont_0pct_none;0.0;none;10;10;10;0;0;151;32;119;1;5;99;0.9919;0.9977;0.9835;0.8739;0.9832;;;;;;;;;7.26
2026-02-17T23:38:26.595485;mvtec_AD/zipper;cont_0pct_ensemble_loo_mahal;0.0;ensemble_loo_mahal;10;10;10;0;79;151;32;119;1;5;99;0.9924;0.9978;0.9874;0.8739;0.9832;0.0005;;;;;;;;9.68
2026-02-17T23:38:33.561099;mvtec_AD/zipper;cont_30pct_none;0.3;none;10;10;10;3;0;151;32;119;1;5;99;0.9659;0.9920;0.9702;0.8235;0.9496;-0.0260;;;;;;;;6.94
2026-02-17T23:38:44.913530;mvtec_AD/zipper;cont_30pct_ensemble_loo_mahal;0.3;ensemble_loo_mahal;10;10;10;3;79;151;32;119;1;5;99;0.9664;0.9921;0.9702;0.8235;0.9496;-0.0255;0.0202;1.0000;1;1.0000;1.0000;;;11.25
2026-02-17T23:38:52.214251;mvtec_AD/zipper;cont_0pct_none;0.0;none;10;10;10;0;0;151;32;119;2;5;90;0.9842;0.9954;0.9794;0.7647;0.9328;;;;;;;;;7.13
2026-02-17T23:39:02.716074;mvtec_AD/zipper;cont_0pct_ensemble_loo_mahal;0.0;ensemble_loo_mahal;10;10;10;0;784;151;32;119;2;5;90;0.9837;0.9953;0.9754;0.7983;0.9160;-0.0005;;;;;;;;10.50
2026-02-17T23:39:09.957481;mvtec_AD/zipper;cont_30pct_none;0.3;none;10;10;10;3;0;151;32;119;2;5;90;0.9617;0.9907;0.9667;0.7815;0.9160;-0.0226;;;;;;;;7.22
2026-02-17T23:39:19.581735;mvtec_AD/zipper;cont_30pct_ensemble_loo_mahal;0.3;ensemble_loo_mahal;10;10;10;3;784;151;32;119;2;5;90;0.9863;0.9961;0.9794;0.8235;0.9244;0.0021;1.0930;1.0000;1;1.0000;1.0000;;;9.62
2026-02-17T23:39:26.410400;mvtec_AD/zipper;cont_0pct_none;0.0;none;10;10;10;0;0;151;32;119;2;5;95;0.9842;0.9954;0.9794;0.7647;0.9328;;;;;;;;;6.69
2026-02-17T23:39:36.759343;mvtec_AD/zipper;cont_0pct_ensemble_loo_mahal;0.0;ensemble_loo_mahal;10;10;10;0;392;151;32;119;2;5;95;0.9840;0.9954;0.9794;0.7899;0.9244;-0.0003;;;;;;;;10.34
2026-02-17T23:39:44.041616;mvtec_AD/zipper;cont_30pct_none;0.3;none;10;10;10;3;0;151;32;119;2;5;95;0.9617;0.9907;0.9667;0.7815;0.9160;-0.0226;;;;;;;;7.26
2026-02-17T23:39:54.382455;mvtec_AD/zipper;cont_30pct_ensemble_loo_mahal;0.3;ensemble_loo_mahal;10;10;10;3;392;151;32;119;2;5;95;0.9842;0.9955;0.9794;0.7815;0.9244;0.0000;1.0000;1.0000;1;1.0000;1.0000;;;10.33
2026-02-17T23:40:02.152085;mvtec_AD/zipper;cont_0pct_none;0.0;none;10;10;10;0;0;151;32;119;2;5;99;0.9842;0.9954;0.9794;0.7647;0.9328;;;;;;;;;7.55
2026-02-17T23:40:12.048914;mvtec_AD/zipper;cont_0pct_ensemble_loo_mahal;0.0;ensemble_loo_mahal;10;10;10;0;79;151;32;119;2;5;99;0.9842;0.9954;0.9794;0.7647;0.9328;0.0000;;;;;;;;9.89
2026-02-17T23:40:19.533070;mvtec_AD/zipper;cont_30pct_none;0.3;none;10;10;10;3;0;151;32;119;2;5;99;0.9617;0.9907;0.9667;0.7815;0.9160;-0.0226;;;;;;;;7.45
2026-02-17T23:40:29.715739;mvtec_AD/zipper;cont_30pct_ensemble_loo_mahal;0.3;ensemble_loo_mahal;10;10;10;3;79;151;32;119;2;5;99;0.9617;0.9907;0.9667;0.7815;0.9160;-0.0226;0.0000;1.0000;1;1.0000;1.0000;;;10.09
2026-02-17T23:40:37.319280;mvtec_AD/zipper;cont_0pct_none;0.0;none;10;10;10;0;0;151;32;119;3;5;90;0.9929;0.9981;0.9835;0.8908;0.9580;;;;;;;;;7.41
2026-02-17T23:40:47.139926;mvtec_AD/zipper;cont_0pct_ensemble_loo_mahal;0.0;ensemble_loo_mahal;10;10;10;0;784;151;32;119;3;5;90;0.9856;0.9959;0.9794;0.7983;0.9328;-0.0074;;;;;;;;9.81
2026-02-17T23:40:54.585679;mvtec_AD/zipper;cont_30pct_none;0.3;none;10;10;10;3;0;151;32;119;3;5;90;0.9709;0.9931;0.9707;0.8655;0.9328;-0.0221;;;;;;;;7.42
2026-02-17T23:41:05.161932;mvtec_AD/zipper;cont_30pct_ensemble_loo_mahal;0.3;ensemble_loo_mahal;10;10;10;3;784;151;32;119;3;5;90;0.9845;0.9957;0.9752;0.8403;0.9244;-0.0084;0.6190;1.0000;1;1.0000;1.0000;;;10.25
2026-02-17T23:41:12.713128;mvtec_AD/zipper;cont_0pct_none;0.0;none;10;10;10;0;0;151;32;119;3;5;95;0.9929;0.9981;0.9835;0.8908;0.9580;;;;;;;;;7.37
2026-02-17T23:41:22.470684;mvtec_AD/zipper;cont_0pct_ensemble_loo_mahal;0.0;ensemble_loo_mahal;10;10;10;0;392;151;32;119;3;5;95;0.9863;0.9961;0.9794;0.8067;0.9496;-0.0066;;;;;;;;9.57
2026-02-17T23:41:30.096146;mvtec_AD/zipper;cont_30pct_none;0.3;none;10;10;10;3;0;151;32;119;3;5;95;0.9709;0.9931;0.9707;0.8655;0.9328;-0.0221;;;;;;;;7.61
2026-02-17T23:41:42.945325;mvtec_AD/zipper;cont_30pct_ensemble_loo_mahal;0.3;ensemble_loo_mahal;10;10;10;3;392;151;32;119;3;5;95;0.9806;0.9951;0.9752;0.8487;0.9328;-0.0123;0.4405;1.0000;1;1.0000;1.0000;;;12.47
2026-02-17T23:41:50.232851;mvtec_AD/zipper;cont_0pct_none;0.0;none;10;10;10;0;0;151;32;119;3;5;99;0.9929;0.9981;0.9835;0.8908;0.9580;;;;;;;;;7.12
2026-02-17T23:42:01.704377;mvtec_AD/zipper;cont_0pct_ensemble_loo_mahal;0.0;ensemble_loo_mahal;10;10;10;0;79;151;32;119;3;5;99;0.9929;0.9981;0.9835;0.8908;0.9496;0.0000;;;;;;;;11.47
2026-02-17T23:42:08.996815;mvtec_AD/zipper;cont_30pct_none;0.3;none;10;10;10;3;0;151;32;119;3;5;99;0.9709;0.9931;0.9707;0.8655;0.9328;-0.0221;;;;;;;;7.27
2026-02-17T23:42:20.932915;mvtec_AD/zipper;cont_30pct_ensemble_loo_mahal;0.3;ensemble_loo_mahal;10;10;10;3;79;151;32;119;3;5;99;0.9751;0.9941;0.9750;0.8739;0.9412;-0.0179;0.1905;1.0000;1;1.0000;1.0000;;;11.04
2026-02-17T23:42:27.454809;mvtec_AD/zipper;cont_0pct_none;0.0;none;10;10;10;0;0;151;32;119;4;5;90;0.9887;0.9968;0.9794;0.8319;0.9412;;;;;;;;;6.35
2026-02-17T23:42:36.428242;mvtec_AD/zipper;cont_0pct_ensemble_loo_mahal;0.0;ensemble_loo_mahal;10;10;10;0;784;151;32;119;4;5;90;0.9863;0.9961;0.9794;0.8067;0.9412;-0.0024;;;;;;;;8.97
2026-02-17T23:42:43.933094;mvtec_AD/zipper;cont_30pct_none;0.3;none;10;10;10;3;0;151;32;119;4;5;90;0.9567;0.9891;0.9627;0.7395;0.8824;-0.0320;;;;;;;;7.49
2026-02-17T23:42:54.013390;mvtec_AD/zipper;cont_30pct_ensemble_loo_mahal;0.3;ensemble_loo_mahal;10;10;10;3;784;151;32;119;4;5;90;0.9858;0.9959;0.9754;0.7899;0.9412;-0.0029;0.9098;1.0000;1;1.0000;1.0000;;;10.08
2026-02-17T23:43:01.800488;mvtec_AD/zipper;cont_0pct_none;0.0;none;10;10;10;0;0;151;32;119;4;5;95;0.9887;0.9968;0.9794;0.8319;0.9412;;;;;;;;;7.60
2026-02-17T23:43:12.507582;mvtec_AD/zipper;cont_0pct_ensemble_loo_mahal;0.0;ensemble_loo_mahal;10;10;10;0;392;151;32;119;4;5;95;0.9858;0.9959;0.9794;0.7983;0.9328;-0.0029;;;;;;;;10.70
2026-02-17T23:43:20.204736;mvtec_AD/zipper;cont_30pct_none;0.3;none;10;10;10;3;0;151;32;119;4;5;95;0.9567;0.9891;0.9627;0.7395;0.8824;-0.0320;;;;;;;;7.67
2026-02-17T23:43:30.359313;mvtec_AD/zipper;cont_30pct_ensemble_loo_mahal;0.3;ensemble_loo_mahal;10;10;10;3;392;151;32;119;4;5;95;0.9832;0.9951;0.9754;0.7563;0.9244;-0.0055;0.8279;1.0000;1;1.0000;1.0000;;;10.03
2026-02-17T23:43:37.471694;mvtec_AD/zipper;cont_0pct_none;0.0;none;10;10;10;0;0;151;32;119;4;5;99;0.9887;0.9968;0.9794;0.8319;0.9412;;;;;;;;;6.97
2026-02-17T23:43:47.550032;mvtec_AD/zipper;cont_0pct_ensemble_loo_mahal;0.0;ensemble_loo_mahal;10;10;10;0;79;151;32;119;4;5;99;0.9856;0.9959;0.9794;0.8235;0.9160;-0.0032;;;;;;;;10.07
2026-02-17T23:43:55.023957;mvtec_AD/zipper;cont_30pct_none;0.3;none;10;10;10;3;0;151;32;119;4;5;99;0.9567;0.9891;0.9627;0.7395;0.8824;-0.0320;;;;;;;;7.45
2026-02-17T23:44:06.408119;mvtec_AD/zipper;cont_30pct_ensemble_loo_mahal;0.3;ensemble_loo_mahal;10;10;10;3;79;151;32;119;4;5;99;0.9567;0.9891;0.9627;0.7395;0.8824;-0.0320;0.0000;1.0000;1;1.0000;1.0000;;;11.28
2026-02-17T23:44:20.425801;VisA/candle;cont_0pct_none;0.0;none;10;10;10;0;0;200;100;100;0;5;90;0.8974;0.8860;0.8447;0.0900;0.6500;;;;;;;;;9.94
2026-02-17T23:44:32.162795;VisA/candle;cont_0pct_ensemble_loo_mahal;0.0;ensemble_loo_mahal;10;10;10;0;784;200;100;100;0;5;90;0.8816;0.8675;0.8276;0.1400;0.6600;-0.0158;;;;;;;;11.73
2026-02-17T23:44:42.033683;VisA/candle;cont_30pct_none;0.3;none;10;10;10;3;0;200;100;100;0;5;90;0.8309;0.8492;0.7959;0.1300;0.5000;-0.0665;;;;;;;;9.85
2026-02-17T23:44:54.047154;VisA/candle;cont_30pct_ensemble_loo_mahal;0.3;ensemble_loo_mahal;10;10;10;3;784;200;100;100;0;5;90;0.8747;0.8665;0.8165;0.1100;0.5700;-0.0227;0.6586;1.0000;1;1.0000;1.0000;;;11.92
2026-02-17T23:45:04.144213;VisA/candle;cont_0pct_none;0.0;none;10;10;10;0;0;200;100;100;0;5;95;0.8974;0.8860;0.8447;0.0900;0.6500;;;;;;;;;9.93
2026-02-17T23:45:16.912493;VisA/candle;cont_0pct_ensemble_loo_mahal;0.0;ensemble_loo_mahal;10;10;10;0;392;200;100;100;0;5;95;0.9007;0.8866;0.8364;0.1100;0.6700;0.0033;;;;;;;;12.76
2026-02-17T23:45:26.953317;VisA/candle;cont_30pct_none;0.3;none;10;10;10;3;0;200;100;100;0;5;95;0.8309;0.8492;0.7959;0.1300;0.5000;-0.0665;;;;;;;;10.01
2026-02-17T23:45:39.029157;VisA/candle;cont_30pct_ensemble_loo_mahal;0.3;ensemble_loo_mahal;10;10;10;3;392;200;100;100;0;5;95;0.8760;0.8738;0.8148;0.1000;0.5800;-0.0214;0.6782;1.0000;1;1.0000;1.0000;;;12.06
2026-02-17T23:45:49.341474;VisA/candle;cont_0pct_none;0.0;none;10;10;10;0;0;200;100;100;0;5;99;0.8974;0.8860;0.8447;0.0900;0.6500;;;;;;;;;10.17
2026-02-17T23:46:02.278692;VisA/candle;cont_0pct_ensemble_loo_mahal;0.0;ensemble_loo_mahal;10;10;10;0;79;200;100;100;0;5;99;0.8977;0.8872;0.8396;0.0900;0.6700;0.0003;;;;;;;;12.93
2026-02-17T23:46:11.501514;VisA/candle;cont_30pct_none;0.3;none;10;10;10;3;0;200;100;100;0;5;99;0.8309;0.8492;0.7959;0.1300;0.5000;-0.0665;;;;;;;;9.20
2026-02-17T23:46:24.559152;VisA/candle;cont_30pct_ensemble_loo_mahal;0.3;ensemble_loo_mahal;10;10;10;3;79;200;100;100;0;5;99;0.8303;0.8499;0.7879;0.1400;0.5000;-0.0671;-0.0090;1.0000;1;1.0000;1.0000;;;13.04
2026-02-17T23:46:35.021341;VisA/candle;cont_0pct_none;0.0;none;10;10;10;0;0;200;100;100;1;5;90;0.9119;0.8812;0.8559;0.0300;0.6600;;;;;;;;;10.30
2026-02-17T23:46:46.949230;VisA/candle;cont_0pct_ensemble_loo_mahal;0.0;ensemble_loo_mahal;10;10;10;0;784;200;100;100;1;5;90;0.9038;0.8914;0.8357;0.1200;0.6300;-0.0081;;;;;;;;11.92
2026-02-17T23:46:56.152588;VisA/candle;cont_30pct_none;0.3;none;10;10;10;3;0;200;100;100;1;5;90;0.8513;0.8475;0.8083;0.1000;0.5100;-0.0606;;;;;;;;9.18
2026-02-17T23:47:08.204054;VisA/candle;cont_30pct_ensemble_loo_mahal;0.3;ensemble_loo_mahal;10;10;10;3;784;200;100;100;1;5;90;0.8767;0.8680;0.8095;0.1200;0.6100;-0.0352;0.4191;0.8571;0;0.6667;0.6667;;;12.05
2026-02-17T23:47:18.939512;VisA/candle;cont_0pct_none;0.0;none;10;10;10;0;0;200;100;100;1;5;95;0.9119;0.8812;0.8559;0.0300;0.6600;;;;;;;;;10.57
2026-02-17T23:47:32.019207;VisA/candle;cont_0pct_ensemble_loo_mahal;0.0;ensemble_loo_mahal;10;10;10;0;392;200;100;100;1;5;95;0.9156;0.8934;0.8513;0.0800;0.6500;0.0037;;;;;;;;13.07
2026-02-17T23:47:42.616086;VisA/candle;cont_30pct_none;0.3;none;10;10;10;3;0;200;100;100;1;5;95;0.8513;0.8475;0.8083;0.1000;0.5100;-0.0606;;;;;;;;10.58
2026-02-17T23:47:54.705595;VisA/candle;cont_30pct_ensemble_loo_mahal;0.3;ensemble_loo_mahal;10;10;10;3;392;200;100;100;1;5;95;0.8847;0.8624;0.8367;0.0800;0.4700;-0.0272;0.5512;0.8571;0;0.6667;0.6667;;;12.08
2026-02-17T23:48:04.235319;VisA/candle;cont_0pct_none;0.0;none;10;10;10;0;0;200;100;100;1;5;99;0.9119;0.8812;0.8559;0.0300;0.6600;;;;;;;;;9.40
2026-02-17T23:48:17.990996;VisA/candle;cont_0pct_ensemble_loo_mahal;0.0;ensemble_loo_mahal;10;10;10;0;79;200;100;100;1;5;99;0.9134;0.8827;0.8542;0.0300;0.6200;0.0015;;;;;;;;13.75
2026-02-17T23:48:27.543387;VisA/candle;cont_30pct_none;0.3;none;10;10;10;3;0;200;100;100;1;5;99;0.8513;0.8475;0.8083;0.1000;0.5100;-0.0606;;;;;;;;9.53
2026-02-17T23:48:40.801030;VisA/candle;cont_30pct_ensemble_loo_mahal;0.3;ensemble_loo_mahal;10;10;10;3;79;200;100;100;1;5;99;0.8511;0.8461;0.8125;0.1200;0.5100;-0.0608;-0.0033;0.8571;0;0.6667;0.6667;;;13.25
2026-02-17T23:48:50.201117;VisA/candle;cont_0pct_none;0.0;none;10;10;10;0;0;200;100;100;2;5;90;0.9110;0.8797;0.8505;0.0300;0.6100;;;;;;;;;9.24
2026-02-17T23:49:03.024179;VisA/candle;cont_0pct_ensemble_loo_mahal;0.0;ensemble_loo_mahal;10;10;10;0;784;200;100;100;2;5;90;0.9031;0.8785;0.8473;0.0900;0.6500;-0.0079;;;;;;;;12.82
2026-02-17T23:49:12.386435;VisA/candle;cont_30pct_none;0.3;none;10;10;10;3;0;200;100;100;2;5;90;0.8592;0.8496;0.8159;0.0400;0.5300;-0.0518;;;;;;;;9.35
2026-02-17T23:49:25.082501;VisA/candle;cont_30pct_ensemble_loo_mahal;0.3;ensemble_loo_mahal;10;10;10;3;784;200;100;100;2;5;90;0.8898;0.8616;0.8421;0.0600;0.5300;-0.0212;0.5907;1.0000;1;1.0000;1.0000;;;12.69
2026-02-17T23:49:34.858744;VisA/candle;cont_0pct_none;0.0;none;10;10;10;0;0;200;100;100;2;5;95;0.9110;0.8797;0.8505;0.0300;0.6100;;;;;;;;;9.64
2026-02-17T23:49:48.436769;VisA/candle;cont_0pct_ensemble_loo_mahal;0.0;ensemble_loo_mahal;10;10;10;0;392;200;100;100;2;5;95;0.9059;0.8841;0.8614;0.0700;0.5700;-0.0051;;;;;;;;13.34
2026-02-17T23:49:57.758209;VisA/candle;cont_30pct_none;0.3;none;10;10;10;3;0;200;100;100;2;5;95;0.8592;0.8496;0.8159;0.0400;0.5300;-0.0518;;;;;;;;9.30
2026-02-17T23:50:10.585672;VisA/candle;cont_30pct_ensemble_loo_mahal;0.3;ensemble_loo_mahal;10;10;10;3;392;200;100;100;2;5;95;0.8926;0.8674;0.8390;0.0600;0.5100;-0.0184;0.6448;1.0000;1;1.0000;1.0000;;;12.82
2026-02-17T23:50:20.912242;VisA/candle;cont_0pct_none;0.0;none;10;10;10;0;0;200;100;100;2;5;99;0.9110;0.8797;0.8505;0.0300;0.6100;;;;;;;;;10.21
2026-02-17T23:50:32.903719;VisA/candle;cont_0pct_ensemble_loo_mahal;0.0;ensemble_loo_mahal;10;10;10;0;79;200;100;100;2;5;99;0.9112;0.8793;0.8585;0.0300;0.6100;0.0002;;;;;;;;11.99
2026-02-17T23:50:42.738761;VisA/candle;cont_30pct_none;0.3;none;10;10;10;3;0;200;100;100;2;5;99;0.8592;0.8496;0.8159;0.0400;0.5300;-0.0518;;;;;;;;9.82
2026-02-17T23:50:56.584470;VisA/candle;cont_30pct_ensemble_loo_mahal;0.3;ensemble_loo_mahal;10;10;10;3;79;200;100;100;2;5;99;0.8593;0.8488;0.8079;0.0500;0.5100;-0.0517;0.0019;1.0000;1;1.0000;1.0000;;;13.84
2026-02-17T23:51:06.424236;VisA/candle;cont_0pct_none;0.0;none;10;10;10;0;0;200;100;100;3;5;90;0.9114;0.8977;0.8465;0.1400;0.7200;;;;;;;;;9.69
2026-02-17T23:51:18.439140;VisA/candle;cont_0pct_ensemble_loo_mahal;0.0;ensemble_loo_mahal;10;10;10;0;784;200;100;100;3;5;90;0.8891;0.8831;0.8394;0.1200;0.5700;-0.0223;;;;;;;;12.01
2026-02-17T23:51:28.702935;VisA/candle;cont_30pct_none;0.3;none;10;10;10;3;0;200;100;100;3;5;90;0.8655;0.8603;0.8128;0.0900;0.6000;-0.0459;;;;;;;;10.24
2026-02-17T23:51:41.417801;VisA/candle;cont_30pct_ensemble_loo_mahal;0.3;ensemble_loo_mahal;10;10;10;3;784;200;100;100;3;5;90;0.8789;0.8726;0.8213;0.1200;0.6100;-0.0325;0.2919;1.0000;1;1.0000;1.0000;;;12.71
2026-02-17T23:51:51.586366;VisA/candle;cont_0pct_none;0.0;none;10;10;10;0;0;200;100;100;3;5;95;0.9114;0.8977;0.8465;0.1400;0.7200;;;;;;;;;10.02
2026-02-17T23:52:05.381530;VisA/candle;cont_0pct_ensemble_loo_mahal;0.0;ensemble_loo_mahal;10;10;10;0;392;200;100;100;3;5;95;0.9065;0.8900;0.8357;0.0900;0.6500;-0.0049;;;;;;;;13.36
2026-02-17T23:52:14.811605;VisA/candle;cont_30pct_none;0.3;none;10;10;10;3;0;200;100;100;3;5;95;0.8655;0.8603;0.8128;0.0900;0.6000;-0.0459;;;;;;;;9.40
2026-02-17T23:52:26.948124;VisA/candle;cont_30pct_ensemble_loo_mahal;0.3;ensemble_loo_mahal;10;10;10;3;392;200;100;100;3;5;95;0.8840;0.8718;0.8235;0.0700;0.5900;-0.0274;0.4031;1.0000;1;1.0000;1.0000;;;12.13
2026-02-17T23:52:36.765774;VisA/candle;cont_0pct_none;0.0;none;10;10;10;0;0;200;100;100;3;5;99;0.9114;0.8977;0.8465;0.1400;0.7200;;;;;;;;;9.66
2026-02-17T23:52:50.829174;VisA/candle;cont_0pct_ensemble_loo_mahal;0.0;ensemble_loo_mahal;10;10;10;0;79;200;100;100;3;5;99;0.9103;0.8990;0.8426;0.1500;0.7200;-0.0011;;;;;;;;13.18
2026-02-17T23:53:00.681250;VisA/candle;cont_30pct_none;0.3;none;10;10;10;3;0;200;100;100;3;5;99;0.8655;0.8603;0.8128;0.0900;0.6000;-0.0459;;;;;;;;9.83
2026-02-17T23:53:13.937358;VisA/candle;cont_30pct_ensemble_loo_mahal;0.3;ensemble_loo_mahal;10;10;10;3;79;200;100;100;3;5;99;0.8651;0.8583;0.8111;0.1100;0.5700;-0.0463;-0.0087;1.0000;1;1.0000;1.0000;;;13.25
2026-02-17T23:53:24.726295;VisA/candle;cont_0pct_none;0.0;none;10;10;10;0;0;200;100;100;4;5;90;0.8906;0.8864;0.8333;0.1300;0.6300;;;;;;;;;10.64
2026-02-17T23:53:36.126890;VisA/candle;cont_0pct_ensemble_loo_mahal;0.0;ensemble_loo_mahal;10;10;10;0;784;200;100;100;4;5;90;0.8764;0.8652;0.8017;0.1000;0.5600;-0.0142;;;;;;;;11.40
2026-02-17T23:53:46.000127;VisA/candle;cont_30pct_none;0.3;none;10;10;10;3;0;200;100;100;4;5;90;0.8350;0.8433;0.7869;0.0800;0.5100;-0.0556;;;;;;;;9.85
2026-02-17T23:53:58.716436;VisA/candle;cont_30pct_ensemble_loo_mahal;0.3;ensemble_loo_mahal;10;10;10;3;784;200;100;100;4;5;90;0.8716;0.8599;0.8057;0.0700;0.5600;-0.0190;0.6583;0.9524;1;0.6667;0.6667;;;12.52
2026-02-17T23:54:08.643821;VisA/candle;cont_0pct_none;0.0;none;10;10;10;0;0;200;100;100;4;5;95;0.8906;0.8864;0.8333;0.1300;0.6300;;;;;;;;;9.79
2026-02-17T23:54:20.921275;VisA/candle;cont_0pct_ensemble_loo_mahal;0.0;ensemble_loo_mahal;10;10;10;0;392;200;100;100;4;5;95;0.8929;0.8738;0.8265;0.0600;0.6100;0.0023;;;;;;;;12.27
2026-02-17T23:54:31.207906;VisA/candle;cont_30pct_none;0.3;none;10;10;10;3;0;200;100;100;4;5;95;0.8350;0.8433;0.7869;0.0800;0.5100;-0.0556;;;;;;;;10.26
2026-02-17T23:54:43.373514;VisA/candle;cont_30pct_ensemble_loo_mahal;0.3;ensemble_loo_mahal;10;10;10;3;392;200;100;100;4;5;95;0.8768;0.8630;0.8165;0.0500;0.5200;-0.0138;0.7518;0.9524;1;0.6667;0.6667;;;12.06
2026-02-17T23:54:53.234344;VisA/candle;cont_0pct_none;0.0;none;10;10;10;0;0;200;100;100;4;5;99;0.8906;0.8864;0.8333;0.1300;0.6300;;;;;;;;;9.72
2026-02-17T23:55:06.967230;VisA/candle;cont_0pct_ensemble_loo_mahal;0.0;ensemble_loo_mahal;10;10;10;0;79;200;100;100;4;5;99;0.8873;0.8806;0.8283;0.1300;0.6100;-0.0033;;;;;;;;13.73
2026-02-17T23:55:16.806139;VisA/candle;cont_30pct_none;0.3;none;10;10;10;3;0;200;100;100;4;5;99;0.8350;0.8433;0.7869;0.0800;0.5100;-0.0556;;;;;;;;9.82
2026-02-17T23:55:28.913828;VisA/candle;cont_30pct_ensemble_loo_mahal;0.3;ensemble_loo_mahal;10;10;10;3;79;200;100;100;4;5;99;0.8329;0.8435;0.7826;0.0900;0.5400;-0.0577;-0.0378;0.9524;1;0.6667;0.6667;;;11.95
2026-02-17T23:55:38.550291;VisA/capsules;cont_0pct_none;0.0;none;10;10;10;0;0;160;60;100;0;5;90;0.8747;0.9048;0.8545;0.1300;0.6500;;;;;;;;;7.05
2026-02-17T23:55:49.015249;VisA/capsules;cont_0pct_ensemble_loo_mahal;0.0;ensemble_loo_mahal;10;10;10;0;784;160;60;100;0;5;90;0.8772;0.9143;0.8497;0.1500;0.6900;0.0025;;;;;;;;10.46
2026-02-17T23:55:57.224082;VisA/capsules;cont_30pct_none;0.3;none;10;10;10;3;0;160;60;100;0;5;90;0.8098;0.8692;0.8186;0.0700;0.5300;-0.0648;;;;;;;;8.18
2026-02-17T23:56:07.945762;VisA/capsules;cont_30pct_ensemble_loo_mahal;0.3;ensemble_loo_mahal;10;10;10;3;784;160;60;100;0;5;90;0.8315;0.8870;0.8103;0.1300;0.5600;-0.0432;0.3342;1.0000;1;1.0000;1.0000;;;10.46
2026-02-17T23:56:16.275255;VisA/capsules;cont_0pct_none;0.0;none;10;10;10;0;0;160;60;100;0;5;95;0.8747;0.9048;0.8545;0.1300;0.6500;;;;;;;;;8.17
2026-02-17T23:56:27.067005;VisA/capsules;cont_0pct_ensemble_loo_mahal;0.0;ensemble_loo_mahal;10;10;10;0;392;160;60;100;0;5;95;0.8872;0.9151;0.8804;0.1700;0.6300;0.0125;;;;;;;;10.79
2026-02-17T23:56:34.341379;VisA/capsules;cont_30pct_none;0.3;none;10;10;10;3;0;160;60;100;0;5;95;0.8098;0.8692;0.8186;0.0700;0.5300;-0.0648;;;;;;;;7.26
2026-02-17T23:56:44.290930;VisA/capsules;cont_30pct_ensemble_loo_mahal;0.3;ensemble_loo_mahal;10;10;10;3;392;160;60;100;0;5;95;0.8317;0.8812;0.8290;0.1200;0.5700;-0.0430;0.3368;1.0000;1;1.0000;1.0000;;;9.94
2026-02-17T23:56:52.054948;VisA/capsules;cont_0pct_none;0.0;none;10;10;10;0;0;160;60;100;0;5;99;0.8747;0.9048;0.8545;0.1300;0.6500;;;;;;;;;7.62
2026-02-17T23:57:03.800715;VisA/capsules;cont_0pct_ensemble_loo_mahal;0.0;ensemble_loo_mahal;10;10;10;0;79;160;60;100;0;5;99;0.8780;0.9093;0.8700;0.1200;0.6400;0.0033;;;;;;;;11.74
2026-02-17T23:57:11.577202;VisA/capsules;cont_30pct_none;0.3;none;10;10;10;3;0;160;60;100;0;5;99;0.8098;0.8692;0.8186;0.0700;0.5300;-0.0648;;;;;;;;7.76
2026-02-17T23:57:23.950689;VisA/capsules;cont_30pct_ensemble_loo_mahal;0.3;ensemble_loo_mahal;10;10;10;3;79;160;60;100;0;5;99;0.8070;0.8675;0.8186;0.0800;0.5400;-0.0677;-0.0437;1.0000;1;1.0000;1.0000;;;11.73
2026-02-17T23:57:31.101201;VisA/capsules;cont_0pct_none;0.0;none;10;10;10;0;0;160;60;100;1;5;90;0.8930;0.8996;0.8846;0.0800;0.4000;;;;;;;;;7.00
2026-02-17T23:57:41.982819;VisA/capsules;cont_0pct_ensemble_loo_mahal;0.0;ensemble_loo_mahal;10;10;10;0;784;160;60;100;1;5;90;0.8972;0.9102;0.8920;0.1200;0.5500;0.0042;;;;;;;;10.88
2026-02-17T23:57:49.105379;VisA/capsules;cont_30pct_none;0.3;none;10;10;10;3;0;160;60;100;1;5;90;0.8635;0.8903;0.8738;0.0600;0.5200;-0.0295;;;;;;;;7.10
2026-02-17T23:57:59.326800;VisA/capsules;cont_30pct_ensemble_loo_mahal;0.3;ensemble_loo_mahal;10;10;10;3;784;160;60;100;1;5;90;0.8888;0.9083;0.8597;0.1000;0.6000;-0.0042;0.8588;0.9524;1;0.6667;0.6667;;;10.21
2026-02-17T23:58:07.603968;VisA/capsules;cont_0pct_none;0.0;none;10;10;10;0;0;160;60;100;1;5;95;0.8930;0.8996;0.8846;0.0800;0.4000;;;;;;;;;8.11
2026-02-17T23:58:18.332498;VisA/capsules;cont_0pct_ensemble_loo_mahal;0.0;ensemble_loo_mahal;10;10;10;0;392;160;60;100;1;5;95;0.8963;0.9068;0.8922;0.0900;0.4300;0.0033;;;;;;;;10.72
2026-02-17T23:58:26.325104;VisA/capsules;cont_30pct_none;0.3;none;10;10;10;3;0;160;60;100;1;5;95;0.8635;0.8903;0.8738;0.0600;0.5200;-0.0295;;;;;;;;7.97
2026-02-17T23:58:36.399970;VisA/capsules;cont_30pct_ensemble_loo_mahal;0.3;ensemble_loo_mahal;10;10;10;3;392;160;60;100;1;5;95;0.8815;0.8987;0.8687;0.0700;0.5200;-0.0115;0.6102;0.9524;1;0.6667;0.6667;;;10.07
2026-02-17T23:58:44.611059;VisA/capsules;cont_0pct_none;0.0;none;10;10;10;0;0;160;60;100;1;5;99;0.8930;0.8996;0.8846;0.0800;0.4000;;;;;;;;;8.06
2026-02-17T23:58:55.076853;VisA/capsules;cont_0pct_ensemble_loo_mahal;0.0;ensemble_loo_mahal;10;10;10;0;79;160;60;100;1;5;99;0.8918;0.9006;0.8835;0.0900;0.4000;-0.0012;;;;;;;;10.46
2026-02-17T23:59:02.541708;VisA/capsules;cont_30pct_none;0.3;none;10;10;10;3;0;160;60;100;1;5;99;0.8635;0.8903;0.8738;0.0600;0.5200;-0.0295;;;;;;;;7.44
2026-02-17T23:59:14.661935;VisA/capsules;cont_30pct_ensemble_loo_mahal;0.3;ensemble_loo_mahal;10;10;10;3;79;160;60;100;1;5;99;0.8608;0.8897;0.8738;0.0600;0.5400;-0.0322;-0.0904;0.9524;1;0.6667;0.6667;;;11.96
2026-02-17T23:59:22.227344;VisA/capsules;cont_0pct_none;0.0;none;10;10;10;0;0;160;60;100;2;5;90;0.8218;0.8786;0.8283;0.1200;0.5100;;;;;;;;;7.42
2026-02-17T23:59:33.076736;VisA/capsules;cont_0pct_ensemble_loo_mahal;0.0;ensemble_loo_mahal;10;10;10;0;784;160;60;100;2;5;90;0.7760;0.8559;0.7853;0.1000;0.4700;-0.0458;;;;;;;;10.84
2026-02-17T23:59:40.713080;VisA/capsules;cont_30pct_none;0.3;none;10;10;10;3;0;160;60;100;2;5;90;0.7563;0.8419;0.7798;0.1000;0.4400;-0.0655;;;;;;;;7.61
2026-02-17T23:59:50.794577;VisA/capsules;cont_30pct_ensemble_loo_mahal;0.3;ensemble_loo_mahal;10;10;10;3;784;160;60;100;2;5;90;0.7382;0.8328;0.7752;0.1100;0.4200;-0.0837;-0.2774;0.7619;1;0.6667;0.6667;;;10.08
2026-02-17T23:59:58.137282;VisA/capsules;cont_0pct_none;0.0;none;10;10;10;0;0;160;60;100;2;5;95;0.8218;0.8786;0.8283;0.1200;0.5100;;;;;;;;;7.22
2026-02-18T00:00:09.018682;VisA/capsules;cont_0pct_ensemble_loo_mahal;0.0;ensemble_loo_mahal;10;10;10;0;392;160;60;100;2;5;95;0.7910;0.8624;0.7979;0.1000;0.4300;-0.0308;;;;;;;;10.87
2026-02-18T00:00:17.136986;VisA/capsules;cont_30pct_none;0.3;none;10;10;10;3;0;160;60;100;2;5;95;0.7563;0.8419;0.7798;0.1000;0.4400;-0.0655;;;;;;;;8.10
2026-02-18T00:00:28.487461;VisA/capsules;cont_30pct_ensemble_loo_mahal;0.3;ensemble_loo_mahal;10;10;10;3;392;160;60;100;2;5;95;0.7630;0.8489;0.7791;0.1200;0.4600;-0.0588;0.1018;0.7619;1;0.6667;0.6667;;;11.08
2026-02-18T00:00:36.855981;VisA/capsules;cont_0pct_none;0.0;none;10;10;10;0;0;160;60;100;2;5;99;0.8218;0.8786;0.8283;0.1200;0.5100;;;;;;;;;8.20
2026-02-18T00:00:47.828576;VisA/capsules;cont_0pct_ensemble_loo_mahal;0.0;ensemble_loo_mahal;10;10;10;0;79;160;60;100;2;5;99;0.8158;0.8771;0.8205;0.1200;0.5200;-0.0060;;;;;;;;10.96
2026-02-18T00:00:54.711959;VisA/capsules;cont_30pct_none;0.3;none;10;10;10;3;0;160;60;100;2;5;99;0.7563;0.8419;0.7798;0.1000;0.4400;-0.0655;;;;;;;;6.86
2026-02-18T00:01:06.063800;VisA/capsules;cont_30pct_ensemble_loo_mahal;0.3;ensemble_loo_mahal;10;10;10;3;79;160;60;100;2;5;99;0.7577;0.8460;0.7800;0.1000;0.4400;-0.0642;0.0204;0.7619;1;0.6667;0.6667;;;11.35
2026-02-18T00:01:14.203267;VisA/capsules;cont_0pct_none;0.0;none;10;10;10;0;0;160;60;100;3;5;90;0.8883;0.9125;0.8673;0.1200;0.5500;;;;;;;;;7.99
2026-02-18T00:01:24.519012;VisA/capsules;cont_0pct_ensemble_loo_mahal;0.0;ensemble_loo_mahal;10;10;10;0;784;160;60;100;3;5;90;0.8757;0.9108;0.8788;0.1400;0.6200;-0.0127;;;;;;;;10.31
2026-02-18T00:01:32.502060;VisA/capsules;cont_30pct_none;0.3;none;10;10;10;3;0;160;60;100;3;5;90;0.8192;0.8753;0.8283;0.0800;0.5900;-0.0692;;;;;;;;7.96
2026-02-18T00:01:43.022669;VisA/capsules;cont_30pct_ensemble_loo_mahal;0.3;ensemble_loo_mahal;10;10;10;3;784;160;60;100;3;5;90;0.8345;0.8873;0.8308;0.1100;0.6000;-0.0538;0.2217;0.4286;1;0.3333;0.3333;;;10.33
2026-02-18T00:01:50.610144;VisA/capsules;cont_0pct_none;0.0;none;10;10;10;0;0;160;60;100;3;5;95;0.8883;0.9125;0.8673;0.1200;0.5500;;;;;;;;;7.46
2026-02-18T00:02:00.792855;VisA/capsules;cont_0pct_ensemble_loo_mahal;0.0;ensemble_loo_mahal;10;10;10;0;392;160;60;100;3;5;95;0.8898;0.9143;0.8718;0.1600;0.5800;0.0015;;;;;;;;10.18
2026-02-18T00:02:08.846138;VisA/capsules;cont_30pct_none;0.3;none;10;10;10;3;0;160;60;100;3;5;95;0.8192;0.8753;0.8283;0.0800;0.5900;-0.0692;;;;;;;;8.03
2026-02-18T00:02:20.923506;VisA/capsules;cont_30pct_ensemble_loo_mahal;0.3;ensemble_loo_mahal;10;10;10;3;392;160;60;100;3;5;95;0.8300;0.8819;0.8495;0.1100;0.5400;-0.0583;0.1566;0.4286;1;0.3333;0.3333;;;11.85
2026-02-18T00:02:29.115776;VisA/capsules;cont_0pct_none;0.0;none;10;10;10;0;0;160;60;100;3;5;99;0.8883;0.9125;0.8673;0.1200;0.5500;;;;;;;;;8.03
2026-02-18T00:02:40.617596;VisA/capsules;cont_0pct_ensemble_loo_mahal;0.0;ensemble_loo_mahal;10;10;10;0;79;160;60;100;3;5;99;0.8930;0.9153;0.8643;0.1400;0.5900;0.0047;;;;;;;;11.35
2026-02-18T00:02:48.738123;VisA/capsules;cont_30pct_none;0.3;none;10;10;10;3;0;160;60;100;3;5;99;0.8192;0.8753;0.8283;0.0800;0.5900;-0.0692;;;;;;;;8.10
2026-02-18T00:02:59.651722;VisA/capsules;cont_30pct_ensemble_loo_mahal;0.3;ensemble_loo_mahal;10;10;10;3;79;160;60;100;3;5;99;0.8188;0.8755;0.8241;0.0900;0.6000;-0.0695;-0.0048;0.4286;1;0.3333;0.3333;;;10.91
2026-02-18T00:03:06.837853;VisA/capsules;cont_0pct_none;0.0;none;10;10;10;0;0;160;60;100;4;5;90;0.8230;0.8724;0.8214;0.1100;0.4700;;;;;;;;;7.07
2026-02-18T00:03:17.126594;VisA/capsules;cont_0pct_ensemble_loo_mahal;0.0;ensemble_loo_mahal;10;10;10;0;784;160;60;100;4;5;90;0.8357;0.8918;0.8469;0.1600;0.5800;0.0127;;;;;;;;10.28
2026-02-18T00:03:25.059170;VisA/capsules;cont_30pct_none;0.3;none;10;10;10;3;0;160;60;100;4;5;90;0.7658;0.8480;0.7732;0.0900;0.5700;-0.0572;;;;;;;;7.91
2026-02-18T00:03:35.297445;VisA/capsules;cont_30pct_ensemble_loo_mahal;0.3;ensemble_loo_mahal;10;10;10;3;784;160;60;100;4;5;90;0.7937;0.8694;0.7956;0.0900;0.5100;-0.0293;0.4869;0.8571;1;0.6667;0.6667;;;9.96
2026-02-18T00:03:43.609829;VisA/capsules;cont_0pct_none;0.0;none;10;10;10;0;0;160;60;100;4;5;95;0.8230;0.8724;0.8214;0.1100;0.4700;;;;;;;;;8.16
2026-02-18T00:03:54.320967;VisA/capsules;cont_0pct_ensemble_loo_mahal;0.0;ensemble_loo_mahal;10;10;10;0;392;160;60;100;4;5;95;0.8273;0.8846;0.8381;0.1400;0.5700;0.0043;;;;;;;;10.11
2026-02-18T00:04:02.087406;VisA/capsules;cont_30pct_none;0.3;none;10;10;10;3;0;160;60;100;4;5;95;0.7658;0.8480;0.7732;0.0900;0.5700;-0.0572;;;;;;;;7.75
2026-02-18T00:04:12.566224;VisA/capsules;cont_30pct_ensemble_loo_mahal;0.3;ensemble_loo_mahal;10;10;10;3;392;160;60;100;4;5;95;0.7943;0.8701;0.7923;0.1100;0.6100;-0.0287;0.4985;0.8571;1;0.6667;0.6667;;;10.29
2026-02-18T00:04:20.437350;VisA/capsules;cont_0pct_none;0.0;none;10;10;10;0;0;160;60;100;4;5;99;0.8230;0.8724;0.8214;0.1100;0.4700;;;;;;;;;7.75
2026-02-18T00:04:32.095947;VisA/capsules;cont_0pct_ensemble_loo_mahal;0.0;ensemble_loo_mahal;10;10;10;0;79;160;60;100;4;5;99;0.8282;0.8809;0.8194;0.1100;0.5600;0.0052;;;;;;;;11.65
2026-02-18T00:04:39.626344;VisA/capsules;cont_30pct_none;0.3;none;10;10;10;3;0;160;60;100;4;5;99;0.7658;0.8480;0.7732;0.0900;0.5700;-0.0572;;;;;;;;7.51
2026-02-18T00:04:51.009696;VisA/capsules;cont_30pct_ensemble_loo_mahal;0.3;ensemble_loo_mahal;10;10;10;3;79;160;60;100;4;5;99;0.7670;0.8484;0.7755;0.0900;0.5600;-0.0560;0.0204;0.8571;1;0.6667;0.6667;;;11.38
2026-02-18T00:04:59.762847;VisA/cashew;cont_0pct_none;0.0;none;10;10;10;0;0;150;50;100;0;5;90;0.9280;0.9583;0.9179;0.3700;0.6700;;;;;;;;;6.89
2026-02-18T00:05:09.672252;VisA/cashew;cont_0pct_ensemble_loo_mahal;0.0;ensemble_loo_mahal;10;10;10;0;784;150;50;100;0;5;90;0.9036;0.9477;0.8911;0.3700;0.6300;-0.0244;;;;;;;;9.90
2026-02-18T00:05:16.975641;VisA/cashew;cont_30pct_none;0.3;none;10;10;10;3;0;150;50;100;0;5;90;0.8582;0.9254;0.8667;0.3000;0.5500;-0.0698;;;;;;;;7.29
2026-02-18T00:05:27.581994;VisA/cashew;cont_30pct_ensemble_loo_mahal;0.3;ensemble_loo_mahal;10;10;10;3;784;150;50;100;0;5;90;0.8554;0.9215;0.8641;0.2700;0.5800;-0.0726;-0.0401;0.7619;0;0.6667;0.6667;;;10.30
2026-02-18T00:05:35.100065;VisA/cashew;cont_0pct_none;0.0;none;10;10;10;0;0;150;50;100;0;5;95;0.9280;0.9583;0.9179;0.3700;0.6700;;;;;;;;;7.34
2026-02-18T00:05:45.932574;VisA/cashew;cont_0pct_ensemble_loo_mahal;0.0;ensemble_loo_mahal;10;10;10;0;392;150;50;100;0;5;95;0.9230;0.9570;0.9064;0.3900;0.6200;-0.0050;;;;;;;;10.83
2026-02-18T00:05:53.624835;VisA/cashew;cont_30pct_none;0.3;none;10;10;10;3;0;150;50;100;0;5;95;0.8582;0.9254;0.8667;0.3000;0.5500;-0.0698;;;;;;;;7.67
2026-02-18T00:06:04.059990;VisA/cashew;cont_30pct_ensemble_loo_mahal;0.3;ensemble_loo_mahal;10;10;10;3;392;150;50;100;0;5;95;0.8600;0.9250;0.8614;0.3000;0.5100;-0.0680;0.0258;0.7619;0;0.6667;0.6667;;;10.30
2026-02-18T00:06:11.403071;VisA/cashew;cont_0pct_none;0.0;none;10;10;10;0;0;150;50;100;0;5;99;0.9280;0.9583;0.9179;0.3700;0.6700;;;;;;;;;7.18
2026-02-18T00:06:21.424198;VisA/cashew;cont_0pct_ensemble_loo_mahal;0.0;ensemble_loo_mahal;10;10;10;0;79;150;50;100;0;5;99;0.9286;0.9586;0.9187;0.3700;0.6800;0.0006;;;;;;;;10.02
2026-02-18T00:06:28.546887;VisA/cashew;cont_30pct_none;0.3;none;10;10;10;3;0;150;50;100;0;5;99;0.8582;0.9254;0.8667;0.3000;0.5500;-0.0698;;;;;;;;7.10
2026-02-18T00:06:39.377281;VisA/cashew;cont_30pct_ensemble_loo_mahal;0.3;ensemble_loo_mahal;10;10;10;3;79;150;50;100;0;5;99;0.8592;0.9266;0.8720;0.3200;0.5500;-0.0688;0.0143;0.7619;0;0.6667;0.6667;;;10.83
2026-02-18T00:06:46.501102;VisA/cashew;cont_0pct_none;0.0;none;10;10;10;0;0;150;50;100;1;5;90;0.9140;0.9482;0.9135;0.3400;0.5700;;;;;;;;;6.98
2026-02-18T00:06:56.778317;VisA/cashew;cont_0pct_ensemble_loo_mahal;0.0;ensemble_loo_mahal;10;10;10;0;784;150;50;100;1;5;90;0.8990;0.9371;0.8986;0.2200;0.5700;-0.0150;;;;;;;;10.27
2026-02-18T00:07:03.158814;VisA/cashew;cont_30pct_none;0.3;none;10;10;10;3;0;150;50;100;1;5;90;0.8720;0.9274;0.8910;0.2500;0.4500;-0.0420;;;;;;;;6.36
2026-02-18T00:07:13.425798;VisA/cashew;cont_30pct_ensemble_loo_mahal;0.3;ensemble_loo_mahal;10;10;10;3;784;150;50;100;1;5;90;0.8696;0.9236;0.8812;0.2100;0.5400;-0.0444;-0.0571;0.8571;1;0.6667;0.6667;;;10.26
2026-02-18T00:07:19.984822;VisA/cashew;cont_0pct_none;0.0;none;10;10;10;0;0;150;50;100;1;5;95;0.9140;0.9482;0.9135;0.3400;0.5700;;;;;;;;;6.42
2026-02-18T00:07:30.191302;VisA/cashew;cont_0pct_ensemble_loo_mahal;0.0;ensemble_loo_mahal;10;10;10;0;392;150;50;100;1;5;95;0.9100;0.9444;0.9216;0.2700;0.6100;-0.0040;;;;;;;;10.20
2026-02-18T00:07:37.583084;VisA/cashew;cont_30pct_none;0.3;none;10;10;10;3;0;150;50;100;1;5;95;0.8720;0.9274;0.8910;0.2500;0.4500;-0.0420;;;;;;;;7.37
2026-02-18T00:07:48.426700;VisA/cashew;cont_30pct_ensemble_loo_mahal;0.3;ensemble_loo_mahal;10;10;10;3;392;150;50;100;1;5;95;0.8814;0.9275;0.8889;0.2300;0.5400;-0.0326;0.2238;0.8571;1;0.6667;0.6667;;;10.69
2026-02-18T00:07:56.114808;VisA/cashew;cont_0pct_none;0.0;none;10;10;10;0;0;150;50;100;1;5;99;0.9140;0.9482;0.9135;0.3400;0.5700;;;;;;;;;7.47
2026-02-18T00:08:06.341665;VisA/cashew;cont_0pct_ensemble_loo_mahal;0.0;ensemble_loo_mahal;10;10;10;0;79;150;50;100;1;5;99;0.9120;0.9472;0.9100;0.3400;0.5400;-0.0020;;;;;;;;10.22
2026-02-18T00:08:13.955053;VisA/cashew;cont_30pct_none;0.3;none;10;10;10;3;0;150;50;100;1;5;99;0.8720;0.9274;0.8910;0.2500;0.4500;-0.0420;;;;;;;;7.60
2026-02-18T00:08:28.630705;VisA/cashew;cont_30pct_ensemble_loo_mahal;0.3;ensemble_loo_mahal;10;10;10;3;79;150;50;100;1;5;99;0.8744;0.9294;0.8910;0.2700;0.4600;-0.0396;0.0571;0.8571;1;0.6667;0.6667;;;14.52
2026-02-18T00:08:35.470303;VisA/cashew;cont_0pct_none;0.0;none;10;10;10;0;0;150;50;100;2;5;90;0.9247;0.9543;0.9259;0.3500;0.6000;;;;;;;;;6.70
2026-02-18T00:08:45.724058;VisA/cashew;cont_0pct_ensemble_loo_mahal;0.0;ensemble_loo_mahal;10;10;10;0;784;150;50;100;2;5;90;0.8972;0.9409;0.8846;0.3800;0.5500;-0.0275;;;;;;;;10.25
2026-02-18T00:08:52.759447;VisA/cashew;cont_30pct_none;0.3;none;10;10;10;3;0;150;50;100;2;5;90;0.8800;0.9351;0.8900;0.3200;0.5200;-0.0447;;;;;;;;7.01
2026-02-18T00:09:03.450650;VisA/cashew;cont_30pct_ensemble_loo_mahal;0.3;ensemble_loo_mahal;10;10;10;3;784;150;50;100;2;5;90;0.8818;0.9376;0.8846;0.3600;0.6300;-0.0429;0.0403;0.9048;1;0.6667;0.6667;;;10.58
2026-02-18T00:09:09.963726;VisA/cashew;cont_0pct_none;0.0;none;10;10;10;0;0;150;50;100;2;5;95;0.9247;0.9543;0.9259;0.3500;0.6000;;;;;;;;;6.35
2026-02-18T00:09:21.733992;VisA/cashew;cont_0pct_ensemble_loo_mahal;0.0;ensemble_loo_mahal;10;10;10;0;392;150;50;100;2;5;95;0.9180;0.9533;0.8991;0.3700;0.6500;-0.0067;;;;;;;;11.68
2026-02-18T00:09:28.281110;VisA/cashew;cont_30pct_none;0.3;none;10;10;10;3;0;150;50;100;2;5;95;0.8800;0.9351;0.8900;0.3200;0.5200;-0.0447;;;;;;;;6.53
2026-02-18T00:09:38.576528;VisA/cashew;cont_30pct_ensemble_loo_mahal;0.3;ensemble_loo_mahal;10;10;10;3;392;150;50;100;2;5;95;0.8962;0.9429;0.8945;0.3500;0.5600;-0.0285;0.3624;0.9048;1;0.6667;0.6667;;;10.29
2026-02-18T00:09:46.468289;VisA/cashew;cont_0pct_none;0.0;none;10;10;10;0;0;150;50;100;2;5;99;0.9247;0.9543;0.9259;0.3500;0.6000;;;;;;;;;7.74
2026-02-18T00:09:57.066896;VisA/cashew;cont_0pct_ensemble_loo_mahal;0.0;ensemble_loo_mahal;10;10;10;0;79;150;50;100;2;5;99;0.9235;0.9533;0.9259;0.3300;0.6100;-0.0012;;;;;;;;10.50
2026-02-18T00:10:04.563779;VisA/cashew;cont_30pct_none;0.3;none;10;10;10;3;0;150;50;100;2;5;99;0.8800;0.9351;0.8900;0.3200;0.5200;-0.0447;;;;;;;;7.48
2026-02-18T00:10:15.223475;VisA/cashew;cont_30pct_ensemble_loo_mahal;0.3;ensemble_loo_mahal;10;10;10;3;79;150;50;100;2;5;99;0.8798;0.9356;0.8900;0.3100;0.5400;-0.0449;-0.0045;0.9048;1;0.6667;0.6667;;;10.53
2026-02-18T00:10:22.907427;VisA/cashew;cont_0pct_none;0.0;none;10;10;10;0;0;150;50;100;3;5;90;0.9230;0.9523;0.9151;0.3300;0.5600;;;;;;;;;7.53
2026-02-18T00:10:33.142898;VisA/cashew;cont_0pct_ensemble_loo_mahal;0.0;ensemble_loo_mahal;10;10;10;0;784;150;50;100;3;5;90;0.8992;0.9417;0.8930;0.2800;0.5300;-0.0238;;;;;;;;10.10
2026-02-18T00:10:40.992911;VisA/cashew;cont_30pct_none;0.3;none;10;10;10;3;0;150;50;100;3;5;90;0.8620;0.9235;0.8676;0.2400;0.4700;-0.0610;;;;;;;;7.83
2026-02-18T00:10:51.118716;VisA/cashew;cont_30pct_ensemble_loo_mahal;0.3;ensemble_loo_mahal;10;10;10;3;784;150;50;100;3;5;90;0.8502;0.9161;0.8597;0.2200;0.6200;-0.0728;-0.1934;0.9524;1;0.6667;0.6667;;;10.03
2026-02-18T00:10:58.895770;VisA/cashew;cont_0pct_none;0.0;none;10;10;10;0;0;150;50;100;3;5;95;0.9230;0.9523;0.9151;0.3300;0.5600;;;;;;;;;7.63
2026-02-18T00:11:09.591796;VisA/cashew;cont_0pct_ensemble_loo_mahal;0.0;ensemble_loo_mahal;10;10;10;0;392;150;50;100;3;5;95;0.9082;0.9483;0.8972;0.3300;0.5800;-0.0148;;;;;;;;10.69
2026-02-18T00:11:17.435876;VisA/cashew;cont_30pct_none;0.3;none;10;10;10;3;0;150;50;100;3;5;95;0.8620;0.9235;0.8676;0.2400;0.4700;-0.0610;;;;;;;;7.82
2026-02-18T00:11:26.910971;VisA/cashew;cont_30pct_ensemble_loo_mahal;0.3;ensemble_loo_mahal;10;10;10;3;392;150;50;100;3;5;95;0.8558;0.9235;0.8638;0.2900;0.5300;-0.0672;-0.1016;0.9524;1;0.6667;0.6667;;;9.36
2026-02-18T00:11:34.606731;VisA/cashew;cont_0pct_none;0.0;none;10;10;10;0;0;150;50;100;3;5;99;0.9230;0.9523;0.9151;0.3300;0.5600;;;;;;;;;7.56
2026-02-18T00:11:48.053387;VisA/cashew;cont_0pct_ensemble_loo_mahal;0.0;ensemble_loo_mahal;10;10;10;0;79;150;50;100;3;5;99;0.9232;0.9526;0.9151;0.3400;0.5900;0.0002;;;;;;;;13.44
2026-02-18T00:11:54.905846;VisA/cashew;cont_30pct_none;0.3;none;10;10;10;3;0;150;50;100;3;5;99;0.8620;0.9235;0.8676;0.2400;0.4700;-0.0610;;;;;;;;6.83
2026-02-18T00:12:04.524517;VisA/cashew;cont_30pct_ensemble_loo_mahal;0.3;ensemble_loo_mahal;10;10;10;3;79;150;50;100;3;5;99;0.8604;0.9221;0.8664;0.2400;0.4800;-0.0626;-0.0262;0.9524;1;0.6667;0.6667;;;9.35
2026-02-18T00:12:12.181840;VisA/cashew;cont_0pct_none;0.0;none;10;10;10;0;0;150;50;100;4;5;90;0.9308;0.9550;0.9346;0.2900;0.5600;;;;;;;;;7.50
2026-02-18T00:12:22.181278;VisA/cashew;cont_0pct_ensemble_loo_mahal;0.0;ensemble_loo_mahal;10;10;10;0;784;150;50;100;4;5;90;0.9074;0.9450;0.8930;0.2900;0.5700;-0.0234;;;;;;;;9.99
2026-02-18T00:12:29.598943;VisA/cashew;cont_30pct_none;0.3;none;10;10;10;3;0;150;50;100;4;5;90;0.8696;0.9299;0.8738;0.2900;0.5300;-0.0612;;;;;;;;7.40
2026-02-18T00:12:40.656609;VisA/cashew;cont_30pct_ensemble_loo_mahal;0.3;ensemble_loo_mahal;10;10;10;3;784;150;50;100;4;5;90;0.8796;0.9350;0.8800;0.2700;0.5700;-0.0512;0.1634;1.0000;1;1.0000;1.0000;;;10.84
2026-02-18T00:12:47.388265;VisA/cashew;cont_0pct_none;0.0;none;10;10;10;0;0;150;50;100;4;5;95;0.9308;0.9550;0.9346;0.2900;0.5600;;;;;;;;;6.59
2026-02-18T00:12:58.171700;VisA/cashew;cont_0pct_ensemble_loo_mahal;0.0;ensemble_loo_mahal;10;10;10;0;392;150;50;100;4;5;95;0.9210;0.9491;0.9231;0.2800;0.5600;-0.0098;;;;;;;;10.78
2026-02-18T00:13:05.823312;VisA/cashew;cont_30pct_none;0.3;none;10;10;10;3;0;150;50;100;4;5;95;0.8696;0.9299;0.8738;0.2900;0.5300;-0.0612;;;;;;;;7.62
2026-02-18T00:13:16.330863;VisA/cashew;cont_30pct_ensemble_loo_mahal;0.3;ensemble_loo_mahal;10;10;10;3;392;150;50;100;4;5;95;0.8638;0.9245;0.8667;0.2700;0.5100;-0.0670;-0.0948;1.0000;1;1.0000;1.0000;;;10.27
2026-02-18T00:13:24.148239;VisA/cashew;cont_0pct_none;0.0;none;10;10;10;0;0;150;50;100;4;5;99;0.9308;0.9550;0.9346;0.2900;0.5600;;;;;;;;;7.65
2026-02-18T00:13:34.741088;VisA/cashew;cont_0pct_ensemble_loo_mahal;0.0;ensemble_loo_mahal;10;10;10;0;79;150;50;100;4;5;99;0.9290;0.9515;0.9302;0.2700;0.5600;-0.0018;;;;;;;;10.49
2026-02-18T00:13:41.818964;VisA/cashew;cont_30pct_none;0.3;none;10;10;10;3;0;150;50;100;4;5;99;0.8696;0.9299;0.8738;0.2900;0.5300;-0.0612;;;;;;;;7.05
2026-02-18T00:13:52.597720;VisA/cashew;cont_30pct_ensemble_loo_mahal;0.3;ensemble_loo_mahal;10;10;10;3;79;150;50;100;4;5;99;0.8704;0.9302;0.8750;0.2900;0.5300;-0.0604;0.0131;1.0000;1;1.0000;1.0000;;;10.77
2026-02-18T00:14:02.281322;VisA/chewinggum;cont_0pct_none;0.0;none;10;10;10;0;0;150;50;100;0;5;90;0.9526;0.9763;0.9215;0.5300;0.8600;;;;;;;;;7.93
2026-02-18T00:14:13.786403;VisA/chewinggum;cont_0pct_ensemble_loo_mahal;0.0;ensemble_loo_mahal;10;10;10;0;784;150;50;100;0;5;90;0.9564;0.9773;0.9327;0.5800;0.8100;0.0038;;;;;;;;11.50
2026-02-18T00:14:21.528725;VisA/chewinggum;cont_30pct_none;0.3;none;10;10;10;3;0;150;50;100;0;5;90;0.9116;0.9585;0.8966;0.5000;0.7300;-0.0410;;;;;;;;7.72
2026-02-18T00:14:31.355203;VisA/chewinggum;cont_30pct_ensemble_loo_mahal;0.3;ensemble_loo_mahal;10;10;10;3;784;150;50;100;0;5;90;0.9468;0.9721;0.9179;0.5200;0.7800;-0.0058;0.8585;1.0000;1;1.0000;1.0000;;;9.72
2026-02-18T00:14:38.985115;VisA/chewinggum;cont_0pct_none;0.0;none;10;10;10;0;0;150;50;100;0;5;95;0.9526;0.9763;0.9215;0.5300;0.8600;;;;;;;;;7.46
2026-02-18T00:14:49.060342;VisA/chewinggum;cont_0pct_ensemble_loo_mahal;0.0;ensemble_loo_mahal;10;10;10;0;392;150;50;100;0;5;95;0.9572;0.9780;0.9286;0.5500;0.8500;0.0046;;;;;;;;9.99
2026-02-18T00:14:56.542043;VisA/chewinggum;cont_30pct_none;0.3;none;10;10;10;3;0;150;50;100;0;5;95;0.9116;0.9585;0.8966;0.5000;0.7300;-0.0410;;;;;;;;7.46
2026-02-18T00:15:08.435182;VisA/chewinggum;cont_30pct_ensemble_loo_mahal;0.3;ensemble_loo_mahal;10;10;10;3;392;150;50;100;0;5;95;0.9420;0.9696;0.9194;0.5100;0.7200;-0.0106;0.7415;1.0000;1;1.0000;1.0000;;;11.58
2026-02-18T00:15:15.562390;VisA/chewinggum;cont_0pct_none;0.0;none;10;10;10;0;0;150;50;100;0;5;99;0.9526;0.9763;0.9215;0.5300;0.8600;;;;;;;;;6.97
2026-02-18T00:15:27.745699;VisA/chewinggum;cont_0pct_ensemble_loo_mahal;0.0;ensemble_loo_mahal;10;10;10;0;79;150;50;100;0;5;99;0.9502;0.9747;0.9278;0.5300;0.8600;-0.0024;;;;;;;;11.44
2026-02-18T00:15:34.622405;VisA/chewinggum;cont_30pct_none;0.3;none;10;10;10;3;0;150;50;100;0;5;99;0.9116;0.9585;0.8966;0.5000;0.7300;-0.0410;;;;;;;;6.85
2026-02-18T00:15:46.865715;VisA/chewinggum;cont_30pct_ensemble_loo_mahal;0.3;ensemble_loo_mahal;10;10;10;3;79;150;50;100;0;5;99;0.9122;0.9588;0.8966;0.5000;0.7300;-0.0404;0.0146;1.0000;1;1.0000;1.0000;;;11.30
2026-02-18T00:15:53.485208;VisA/chewinggum;cont_0pct_none;0.0;none;10;10;10;0;0;150;50;100;1;5;90;0.9570;0.9775;0.9366;0.5800;0.7800;;;;;;;;;6.44
2026-02-18T00:16:03.690648;VisA/chewinggum;cont_0pct_ensemble_loo_mahal;0.0;ensemble_loo_mahal;10;10;10;0;784;150;50;100;1;5;90;0.9490;0.9741;0.9171;0.6000;0.8000;-0.0080;;;;;;;;10.20
2026-02-18T00:16:10.186944;VisA/chewinggum;cont_30pct_none;0.3;none;10;10;10;3;0;150;50;100;1;5;90;0.9170;0.9623;0.8976;0.5900;0.7200;-0.0400;;;;;;;;6.48
2026-02-18T00:16:19.834970;VisA/chewinggum;cont_30pct_ensemble_loo_mahal;0.3;ensemble_loo_mahal;10;10;10;3;784;150;50;100;1;5;90;0.9434;0.9709;0.9135;0.5600;0.7500;-0.0136;0.6600;0.8571;1;0.6667;0.6667;;;9.64
2026-02-18T00:16:27.658655;VisA/chewinggum;cont_0pct_none;0.0;none;10;10;10;0;0;150;50;100;1;5;95;0.9570;0.9775;0.9366;0.5800;0.7800;;;;;;;;;7.66
2026-02-18T00:16:38.067749;VisA/chewinggum;cont_0pct_ensemble_loo_mahal;0.0;ensemble_loo_mahal;10;10;10;0;392;150;50;100;1;5;95;0.9516;0.9756;0.9208;0.6100;0.8300;-0.0054;;;;;;;;10.40
2026-02-18T00:16:45.663189;VisA/chewinggum;cont_30pct_none;0.3;none;10;10;10;3;0;150;50;100;1;5;95;0.9170;0.9623;0.8976;0.5900;0.7200;-0.0400;;;;;;;;7.57
2026-02-18T00:16:56.223228;VisA/chewinggum;cont_30pct_ensemble_loo_mahal;0.3;ensemble_loo_mahal;10;10;10;3;392;150;50;100;1;5;95;0.9368;0.9694;0.9036;0.5700;0.7800;-0.0202;0.4950;0.8571;1;0.6667;0.6667;;;10.25
2026-02-18T00:17:03.473779;VisA/chewinggum;cont_0pct_none;0.0;none;10;10;10;0;0;150;50;100;1;5;99;0.9570;0.9775;0.9366;0.5800;0.7800;;;;;;;;;7.12
2026-02-18T00:17:13.518740;VisA/chewinggum;cont_0pct_ensemble_loo_mahal;0.0;ensemble_loo_mahal;10;10;10;0;79;150;50;100;1;5;99;0.9572;0.9776;0.9417;0.5500;0.7800;0.0002;;;;;;;;10.04
2026-02-18T00:17:20.450699;VisA/chewinggum;cont_30pct_none;0.3;none;10;10;10;3;0;150;50;100;1;5;99;0.9170;0.9623;0.8976;0.5900;0.7200;-0.0400;;;;;;;;6.91
2026-02-18T00:17:32.655773;VisA/chewinggum;cont_30pct_ensemble_loo_mahal;0.3;ensemble_loo_mahal;10;10;10;3;79;150;50;100;1;5;99;0.9170;0.9623;0.8976;0.5900;0.7200;-0.0400;0.0000;0.8571;1;0.6667;0.6667;;;10.94
2026-02-18T00:17:40.047782;VisA/chewinggum;cont_0pct_none;0.0;none;10;10;10;0;0;150;50;100;2;5;90;0.9524;0.9752;0.9215;0.5200;0.8400;;;;;;;;;7.16
2026-02-18T00:17:50.446941;VisA/chewinggum;cont_0pct_ensemble_loo_mahal;0.0;ensemble_loo_mahal;10;10;10;0;784;150;50;100;2;5;90;0.9494;0.9744;0.9167;0.5300;0.7800;-0.0030;;;;;;;;10.40
2026-02-18T00:17:57.702683;VisA/chewinggum;cont_30pct_none;0.3;none;10;10;10;3;0;150;50;100;2;5;90;0.9204;0.9628;0.9045;0.4900;0.7800;-0.0320;;;;;;;;7.23
2026-02-18T00:18:07.617636;VisA/chewinggum;cont_30pct_ensemble_loo_mahal;0.3;ensemble_loo_mahal;10;10;10;3;784;150;50;100;2;5;90;0.9484;0.9741;0.9208;0.5200;0.8300;-0.0040;0.8750;0.9524;1;0.6667;0.6667;;;9.83
2026-02-18T00:18:12.531994;VisA/chewinggum;cont_0pct_none;0.0;none;10;10;10;0;0;150;50;100;2;5;95;0.9524;0.9752;0.9215;0.5200;0.8400;;;;;;;;;4.79
2026-02-18T00:18:23.326767;VisA/chewinggum;cont_0pct_ensemble_loo_mahal;0.0;ensemble_loo_mahal;10;10;10;0;392;150;50;100;2;5;95;0.9514;0.9751;0.9231;0.5300;0.8200;-0.0010;;;;;;;;10.69
2026-02-18T00:18:30.480643;VisA/chewinggum;cont_30pct_none;0.3;none;10;10;10;3;0;150;50;100;2;5;95;0.9204;0.9628;0.9045;0.4900;0.7800;-0.0320;;;;;;;;7.13
2026-02-18T00:18:41.928473;VisA/chewinggum;cont_30pct_ensemble_loo_mahal;0.3;ensemble_loo_mahal;10;10;10;3;392;150;50;100;2;5;95;0.9500;0.9745;0.9223;0.5100;0.8200;-0.0024;0.9250;0.9524;1;0.6667;0.6667;;;11.18
2026-02-18T00:18:48.905666;VisA/chewinggum;cont_0pct_none;0.0;none;10;10;10;0;0;150;50;100;2;5;99;0.9524;0.9752;0.9215;0.5200;0.8400;;;;;;;;;6.83
2026-02-18T00:19:00.664205;VisA/chewinggum;cont_0pct_ensemble_loo_mahal;0.0;ensemble_loo_mahal;10;10;10;0;79;150;50;100;2;5;99;0.9526;0.9755;0.9215;0.5200;0.8400;0.0002;;;;;;;;11.26
2026-02-18T00:19:07.209661;VisA/chewinggum;cont_30pct_none;0.3;none;10;10;10;3;0;150;50;100;2;5;99;0.9204;0.9628;0.9045;0.4900;0.7800;-0.0320;;;;;;;;6.52
2026-02-18T00:19:18.343321;VisA/chewinggum;cont_30pct_ensemble_loo_mahal;0.3;ensemble_loo_mahal;10;10;10;3;79;150;50;100;2;5;99;0.9204;0.9628;0.9045;0.4900;0.7800;-0.0320;0.0000;0.9524;1;0.6667;0.6667;;;11.13
2026-02-18T00:19:24.842128;VisA/chewinggum;cont_0pct_none;0.0;none;10;10;10;0;0;150;50;100;3;5;90;0.9590;0.9777;0.9412;0.5700;0.7400;;;;;;;;;6.34
2026-02-18T00:19:34.571802;VisA/chewinggum;cont_0pct_ensemble_loo_mahal;0.0;ensemble_loo_mahal;10;10;10;0;784;150;50;100;3;5;90;0.9510;0.9742;0.9245;0.5600;0.7200;-0.0080;;;;;;;;9.72
2026-02-18T00:19:42.143003;VisA/chewinggum;cont_30pct_none;0.3;none;10;10;10;3;0;150;50;100;3;5;90;0.9216;0.9630;0.9100;0.5100;0.7100;-0.0374;;;;;;;;7.54
2026-02-18T00:19:52.334271;VisA/chewinggum;cont_30pct_ensemble_loo_mahal;0.3;ensemble_loo_mahal;10;10;10;3;784;150;50;100;3;5;90;0.9470;0.9723;0.9209;0.5300;0.7500;-0.0120;0.6791;0.9524;1;0.6667;0.6667;;;9.82
2026-02-18T00:19:59.967143;VisA/chewinggum;cont_0pct_none;0.0;none;10;10;10;0;0;150;50;100;3;5;95;0.9590;0.9777;0.9412;0.5700;0.7400;;;;;;;;;7.47
2026-02-18T00:20:10.174671;VisA/chewinggum;cont_0pct_ensemble_loo_mahal;0.0;ensemble_loo_mahal;10;10;10;0;392;150;50;100;3;5;95;0.9556;0.9764;0.9223;0.5900;0.7600;-0.0034;;;;;;;;9.69
2026-02-18T00:20:17.660500;VisA/chewinggum;cont_30pct_none;0.3;none;10;10;10;3;0;150;50;100;3;5;95;0.9216;0.9630;0.9100;0.5100;0.7100;-0.0374;;;;;;;;7.47
2026-02-18T00:20:27.822067;VisA/chewinggum;cont_30pct_ensemble_loo_mahal;0.3;ensemble_loo_mahal;10;10;10;3;392;150;50;100;3;5;95;0.9434;0.9712;0.9282;0.5200;0.7200;-0.0156;0.5829;0.9524;1;0.6667;0.6667;;;10.04
2026-02-18T00:20:35.551800;VisA/chewinggum;cont_0pct_none;0.0;none;10;10;10;0;0;150;50;100;3;5;99;0.9590;0.9777;0.9412;0.5700;0.7400;;;;;;;;;7.58
2026-02-18T00:20:46.479420;VisA/chewinggum;cont_0pct_ensemble_loo_mahal;0.0;ensemble_loo_mahal;10;10;10;0;79;150;50;100;3;5;99;0.9594;0.9781;0.9327;0.5700;0.7700;0.0004;;;;;;;;10.92
2026-02-18T00:20:54.026587;VisA/chewinggum;cont_30pct_none;0.3;none;10;10;10;3;0;150;50;100;3;5;99;0.9216;0.9630;0.9100;0.5100;0.7100;-0.0374;;;;;;;;7.53
2026-02-18T00:21:04.951731;VisA/chewinggum;cont_30pct_ensemble_loo_mahal;0.3;ensemble_loo_mahal;10;10;10;3;79;150;50;100;3;5;99;0.9216;0.9630;0.9100;0.5100;0.7100;-0.0374;0.0000;0.9524;1;0.6667;0.6667;;;10.66
2026-02-18T00:21:12.543075;VisA/chewinggum;cont_0pct_none;0.0;none;10;10;10;0;0;150;50;100;4;5;90;0.9562;0.9782;0.9381;0.5400;0.8800;;;;;;;;;7.43
2026-02-18T00:21:24.666984;VisA/chewinggum;cont_0pct_ensemble_loo_mahal;0.0;ensemble_loo_mahal;10;10;10;0;784;150;50;100;4;5;90;0.9482;0.9743;0.9167;0.5600;0.8600;-0.0080;;;;;;;;11.76
2026-02-18T00:21:30.443303;VisA/chewinggum;cont_30pct_none;0.3;none;10;10;10;3;0;150;50;100;4;5;90;0.9138;0.9611;0.9043;0.4800;0.8400;-0.0424;;;;;;;;5.75
2026-02-18T00:21:40.393211;VisA/chewinggum;cont_30pct_ensemble_loo_mahal;0.3;ensemble_loo_mahal;10;10;10;3;784;150;50;100;4;5;90;0.9498;0.9754;0.9239;0.5500;0.8700;-0.0064;0.8491;1.0000;1;1.0000;1.0000;;;9.94
2026-02-18T00:21:48.111000;VisA/chewinggum;cont_0pct_none;0.0;none;10;10;10;0;0;150;50;100;4;5;95;0.9562;0.9782;0.9381;0.5400;0.8800;;;;;;;;;7.54
2026-02-18T00:21:59.201326;VisA/chewinggum;cont_0pct_ensemble_loo_mahal;0.0;ensemble_loo_mahal;10;10;10;0;392;150;50;100;4;5;95;0.9532;0.9772;0.9278;0.5400;0.8900;-0.0030;;;;;;;;10.30
2026-02-18T00:22:06.754930;VisA/chewinggum;cont_30pct_none;0.3;none;10;10;10;3;0;150;50;100;4;5;95;0.9138;0.9611;0.9043;0.4800;0.8400;-0.0424;;;;;;;;7.53
2026-02-18T00:22:17.558712;VisA/chewinggum;cont_30pct_ensemble_loo_mahal;0.3;ensemble_loo_mahal;10;10;10;3;392;150;50;100;4;5;95;0.9390;0.9702;0.9043;0.5100;0.8400;-0.0172;0.5943;1.0000;1;1.0000;1.0000;;;10.44
2026-02-18T00:22:24.436773;VisA/chewinggum;cont_0pct_none;0.0;none;10;10;10;0;0;150;50;100;4;5;99;0.9562;0.9782;0.9381;0.5400;0.8800;;;;;;;;;6.75
2026-02-18T00:22:34.539485;VisA/chewinggum;cont_0pct_ensemble_loo_mahal;0.0;ensemble_loo_mahal;10;10;10;0;79;150;50;100;4;5;99;0.9556;0.9780;0.9436;0.5500;0.8700;-0.0006;;;;;;;;10.10
2026-02-18T00:22:41.453221;VisA/chewinggum;cont_30pct_none;0.3;none;10;10;10;3;0;150;50;100;4;5;99;0.9138;0.9611;0.9043;0.4800;0.8400;-0.0424;;;;;;;;6.90
2026-02-18T00:22:52.740519;VisA/chewinggum;cont_30pct_ensemble_loo_mahal;0.3;ensemble_loo_mahal;10;10;10;3;79;150;50;100;4;5;99;0.9138;0.9611;0.9043;0.4800;0.8400;-0.0424;0.0000;1.0000;1;1.0000;1.0000;;;11.16
2026-02-18T00:23:01.738398;VisA/fryum;cont_0pct_none;0.0;none;10;10;10;0;0;150;50;100;0;5;90;0.8500;0.9300;0.8451;0.5500;0.5900;;;;;;;;;7.03
2026-02-18T00:23:11.950619;VisA/fryum;cont_0pct_ensemble_loo_mahal;0.0;ensemble_loo_mahal;10;10;10;0;784;150;50;100;0;5;90;0.8134;0.9092;0.8354;0.4100;0.5400;-0.0366;;;;;;;;10.21
2026-02-18T00:23:18.913878;VisA/fryum;cont_30pct_none;0.3;none;10;10;10;3;0;150;50;100;0;5;90;0.7660;0.8926;0.8190;0.4300;0.5200;-0.0840;;;;;;;;6.94
2026-02-18T00:23:28.748748;VisA/fryum;cont_30pct_ensemble_loo_mahal;0.3;ensemble_loo_mahal;10;10;10;3;784;150;50;100;0;5;90;0.7756;0.8892;0.8186;0.3300;0.5100;-0.0744;0.1143;0.6667;0;0.3333;0.3333;;;9.82
2026-02-18T00:23:35.926852;VisA/fryum;cont_0pct_none;0.0;none;10;10;10;0;0;150;50;100;0;5;95;0.8500;0.9300;0.8451;0.5500;0.5900;;;;;;;;;7.01
2026-02-18T00:23:45.922611;VisA/fryum;cont_0pct_ensemble_loo_mahal;0.0;ensemble_loo_mahal;10;10;10;0;392;150;50;100;0;5;95;0.8326;0.9210;0.8376;0.4900;0.5800;-0.0174;;;;;;;;9.99
2026-02-18T00:23:53.359799;VisA/fryum;cont_30pct_none;0.3;none;10;10;10;3;0;150;50;100;0;5;95;0.7660;0.8926;0.8190;0.4300;0.5200;-0.0840;;;;;;;;7.42
2026-02-18T00:24:04.770228;VisA/fryum;cont_30pct_ensemble_loo_mahal;0.3;ensemble_loo_mahal;10;10;10;3;392;150;50;100;0;5;95;0.7712;0.8935;0.8151;0.4200;0.5100;-0.0788;0.0619;0.6667;0;0.3333;0.3333;;;10.03
2026-02-18T00:24:12.417085;VisA/fryum;cont_0pct_none;0.0;none;10;10;10;0;0;150;50;100;0;5;99;0.8500;0.9300;0.8451;0.5500;0.5900;;;;;;;;;7.50
2026-02-18T00:24:24.080329;VisA/fryum;cont_0pct_ensemble_loo_mahal;0.0;ensemble_loo_mahal;10;10;10;0;79;150;50;100;0;5;99;0.8470;0.9283;0.8426;0.5500;0.5800;-0.0030;;;;;;;;10.60
2026-02-18T00:24:31.245873;VisA/fryum;cont_30pct_none;0.3;none;10;10;10;3;0;150;50;100;0;5;99;0.7660;0.8926;0.8190;0.4300;0.5200;-0.0840;;;;;;;;7.15
2026-02-18T00:24:41.329882;VisA/fryum;cont_30pct_ensemble_loo_mahal;0.3;ensemble_loo_mahal;10;10;10;3;79;150;50;100;0;5;99;0.7646;0.8915;0.8190;0.4100;0.5000;-0.0854;-0.0167;0.6667;0;0.3333;0.3333;;;10.08
2026-02-18T00:24:49.139148;VisA/fryum;cont_0pct_none;0.0;none;10;10;10;0;0;150;50;100;1;5;90;0.8646;0.9376;0.8488;0.4900;0.6600;;;;;;;;;7.64
2026-02-18T00:24:58.983861;VisA/fryum;cont_0pct_ensemble_loo_mahal;0.0;ensemble_loo_mahal;10;10;10;0;784;150;50;100;1;5;90;0.8294;0.9188;0.8333;0.3300;0.6600;-0.0352;;;;;;;;9.84
2026-02-18T00:25:06.336298;VisA/fryum;cont_30pct_none;0.3;none;10;10;10;3;0;150;50;100;1;5;90;0.8328;0.9247;0.8295;0.5000;0.6500;-0.0318;;;;;;;;7.33
2026-02-18T00:25:16.543239;VisA/fryum;cont_30pct_ensemble_loo_mahal;0.3;ensemble_loo_mahal;10;10;10;3;784;150;50;100;1;5;90;0.8374;0.9227;0.8421;0.3800;0.6000;-0.0272;0.1447;0.7143;1;0.3333;0.3333;;;10.20
2026-02-18T00:25:24.308728;VisA/fryum;cont_0pct_none;0.0;none;10;10;10;0;0;150;50;100;1;5;95;0.8646;0.9376;0.8488;0.4900;0.6600;;;;;;;;;7.62
2026-02-18T00:25:34.784361;VisA/fryum;cont_0pct_ensemble_loo_mahal;0.0;ensemble_loo_mahal;10;10;10;0;392;150;50;100;1;5;95;0.8560;0.9340;0.8517;0.5300;0.6200;-0.0086;;;;;;;;9.76
2026-02-18T00:25:41.440970;VisA/fryum;cont_30pct_none;0.3;none;10;10;10;3;0;150;50;100;1;5;95;0.8328;0.9247;0.8295;0.5000;0.6500;-0.0318;;;;;;;;6.63
2026-02-18T00:25:51.175319;VisA/fryum;cont_30pct_ensemble_loo_mahal;0.3;ensemble_loo_mahal;10;10;10;3;392;150;50;100;1;5;95;0.8330;0.9232;0.8326;0.5000;0.5600;-0.0316;0.0063;0.7143;1;0.3333;0.3333;;;9.73
2026-02-18T00:25:58.593988;VisA/fryum;cont_0pct_none;0.0;none;10;10;10;0;0;150;50;100;1;5;99;0.8646;0.9376;0.8488;0.4900;0.6600;;;;;;;;;7.29
2026-02-18T00:26:09.434634;VisA/fryum;cont_0pct_ensemble_loo_mahal;0.0;ensemble_loo_mahal;10;10;10;0;79;150;50;100;1;5;99;0.8600;0.9361;0.8442;0.5000;0.6400;-0.0046;;;;;;;;10.84
2026-02-18T00:26:16.428781;VisA/fryum;cont_30pct_none;0.3;none;10;10;10;3;0;150;50;100;1;5;99;0.8328;0.9247;0.8295;0.5000;0.6500;-0.0318;;;;;;;;6.97
2026-02-18T00:26:27.482606;VisA/fryum;cont_30pct_ensemble_loo_mahal;0.3;ensemble_loo_mahal;10;10;10;3;79;150;50;100;1;5;99;0.8376;0.9272;0.8295;0.5100;0.6600;-0.0270;0.1509;0.7143;1;0.3333;0.3333;;;10.87
2026-02-18T00:26:34.158175;VisA/fryum;cont_0pct_none;0.0;none;10;10;10;0;0;150;50;100;2;5;90;0.8574;0.9325;0.8513;0.4900;0.5800;;;;;;;;;6.50
2026-02-18T00:26:43.305515;VisA/fryum;cont_0pct_ensemble_loo_mahal;0.0;ensemble_loo_mahal;10;10;10;0;784;150;50;100;2;5;90;0.8394;0.9207;0.8407;0.4000;0.5900;-0.0180;;;;;;;;9.14
2026-02-18T00:26:50.961176;VisA/fryum;cont_30pct_none;0.3;none;10;10;10;3;0;150;50;100;2;5;90;0.7962;0.9060;0.8165;0.4500;0.5000;-0.0612;;;;;;;;7.63
2026-02-18T00:27:01.120785;VisA/fryum;cont_30pct_ensemble_loo_mahal;0.3;ensemble_loo_mahal;10;10;10;3;784;150;50;100;2;5;90;0.8252;0.9110;0.8430;0.3100;0.5200;-0.0322;0.4739;0.9524;1;0.6667;0.6667;;;10.01
2026-02-18T00:27:08.708091;VisA/fryum;cont_0pct_none;0.0;none;10;10;10;0;0;150;50;100;2;5;95;0.8574;0.9325;0.8513;0.4900;0.5800;;;;;;;;;7.44
2026-02-18T00:27:19.477858;VisA/fryum;cont_0pct_ensemble_loo_mahal;0.0;ensemble_loo_mahal;10;10;10;0;392;150;50;100;2;5;95;0.8566;0.9286;0.8545;0.4100;0.5300;-0.0008;;;;;;;;10.44
2026-02-18T00:27:26.925523;VisA/fryum;cont_30pct_none;0.3;none;10;10;10;3;0;150;50;100;2;5;95;0.7962;0.9060;0.8165;0.4500;0.5000;-0.0612;;;;;;;;7.43
2026-02-18T00:27:39.856699;VisA/fryum;cont_30pct_ensemble_loo_mahal;0.3;ensemble_loo_mahal;10;10;10;3;392;150;50;100;2;5;95;0.8236;0.9166;0.8378;0.4500;0.5200;-0.0338;0.4477;0.9524;1;0.6667;0.6667;;;12.77
2026-02-18T00:27:47.553805;VisA/fryum;cont_0pct_none;0.0;none;10;10;10;0;0;150;50;100;2;5;99;0.8574;0.9325;0.8513;0.4900;0.5800;;;;;;;;;7.56
2026-02-18T00:27:58.151619;VisA/fryum;cont_0pct_ensemble_loo_mahal;0.0;ensemble_loo_mahal;10;10;10;0;79;150;50;100;2;5;99;0.8544;0.9319;0.8513;0.4900;0.5800;-0.0030;;;;;;;;10.37
2026-02-18T00:28:05.197576;VisA/fryum;cont_30pct_none;0.3;none;10;10;10;3;0;150;50;100;2;5;99;0.7962;0.9060;0.8165;0.4500;0.5000;-0.0612;;;;;;;;7.02
2026-02-18T00:28:16.540988;VisA/fryum;cont_30pct_ensemble_loo_mahal;0.3;ensemble_loo_mahal;10;10;10;3;79;150;50;100;2;5;99;0.7982;0.9071;0.8165;0.4500;0.5000;-0.0592;0.0327;0.9524;1;0.6667;0.6667;;;11.15
2026-02-18T00:28:23.706224;VisA/fryum;cont_0pct_none;0.0;none;10;10;10;0;0;150;50;100;3;5;90;0.8912;0.9484;0.8832;0.5000;0.6400;;;;;;;;;7.02
2026-02-18T00:28:34.117123;VisA/fryum;cont_0pct_ensemble_loo_mahal;0.0;ensemble_loo_mahal;10;10;10;0;784;150;50;100;3;5;90;0.8840;0.9417;0.8856;0.4400;0.5800;-0.0072;;;;;;;;10.41
2026-02-18T00:28:40.915784;VisA/fryum;cont_30pct_none;0.3;none;10;10;10;3;0;150;50;100;3;5;90;0.8188;0.9173;0.8269;0.4100;0.5100;-0.0724;;;;;;;;6.78
2026-02-18T00:28:50.839309;VisA/fryum;cont_30pct_ensemble_loo_mahal;0.3;ensemble_loo_mahal;10;10;10;3;784;150;50;100;3;5;90;0.8502;0.9254;0.8598;0.3300;0.5800;-0.0410;0.4337;0.9048;1;0.6667;0.6667;;;9.92
2026-02-18T00:28:57.287661;VisA/fryum;cont_0pct_none;0.0;none;10;10;10;0;0;150;50;100;3;5;95;0.8912;0.9484;0.8832;0.5000;0.6400;;;;;;;;;6.29
2026-02-18T00:29:07.654873;VisA/fryum;cont_0pct_ensemble_loo_mahal;0.0;ensemble_loo_mahal;10;10;10;0;392;150;50;100;3;5;95;0.8710;0.9383;0.8705;0.4600;0.5800;-0.0202;;;;;;;;10.36
2026-02-18T00:29:15.246497;VisA/fryum;cont_30pct_none;0.3;none;10;10;10;3;0;150;50;100;3;5;95;0.8188;0.9173;0.8269;0.4100;0.5100;-0.0724;;;;;;;;7.57
2026-02-18T00:29:25.847896;VisA/fryum;cont_30pct_ensemble_loo_mahal;0.3;ensemble_loo_mahal;10;10;10;3;392;150;50;100;3;5;95;0.8456;0.9235;0.8416;0.3500;0.4900;-0.0456;0.3702;0.9048;1;0.6667;0.6667;;;10.48
2026-02-18T00:29:33.360083;VisA/fryum;cont_0pct_none;0.0;none;10;10;10;0;0;150;50;100;3;5;99;0.8912;0.9484;0.8832;0.5000;0.6400;;;;;;;;;7.37
2026-02-18T00:29:44.112203;VisA/fryum;cont_0pct_ensemble_loo_mahal;0.0;ensemble_loo_mahal;10;10;10;0;79;150;50;100;3;5;99;0.8910;0.9485;0.8800;0.5200;0.6400;-0.0002;;;;;;;;10.75
2026-02-18T00:29:50.781417;VisA/fryum;cont_30pct_none;0.3;none;10;10;10;3;0;150;50;100;3;5;99;0.8188;0.9173;0.8269;0.4100;0.5100;-0.0724;;;;;;;;6.65
2026-02-18T00:30:00.716536;VisA/fryum;cont_30pct_ensemble_loo_mahal;0.3;ensemble_loo_mahal;10;10;10;3;79;150;50;100;3;5;99;0.8158;0.9135;0.8265;0.3300;0.4700;-0.0754;-0.0414;0.9048;1;0.6667;0.6667;;;9.93
2026-02-18T00:30:07.841851;VisA/fryum;cont_0pct_none;0.0;none;10;10;10;0;0;150;50;100;4;5;90;0.8782;0.9419;0.8673;0.5100;0.5900;;;;;;;;;6.95
2026-02-18T00:30:18.317059;VisA/fryum;cont_0pct_ensemble_loo_mahal;0.0;ensemble_loo_mahal;10;10;10;0;784;150;50;100;4;5;90;0.8642;0.9360;0.8517;0.4800;0.6000;-0.0140;;;;;;;;10.47
2026-02-18T00:30:25.893113;VisA/fryum;cont_30pct_none;0.3;none;10;10;10;3;0;150;50;100;4;5;90;0.8448;0.9263;0.8614;0.4500;0.5500;-0.0334;;;;;;;;7.56
2026-02-18T00:30:35.823919;VisA/fryum;cont_30pct_ensemble_loo_mahal;0.3;ensemble_loo_mahal;10;10;10;3;784;150;50;100;4;5;90;0.8566;0.9313;0.8705;0.3900;0.6200;-0.0216;0.3533;1.0000;1;1.0000;1.0000;;;9.91
2026-02-18T00:30:43.358142;VisA/fryum;cont_0pct_none;0.0;none;10;10;10;0;0;150;50;100;4;5;95;0.8782;0.9419;0.8673;0.5100;0.5900;;;;;;;;;7.38
2026-02-18T00:30:54.997217;VisA/fryum;cont_0pct_ensemble_loo_mahal;0.0;ensemble_loo_mahal;10;10;10;0;392;150;50;100;4;5;95;0.8686;0.9371;0.8660;0.4400;0.5600;-0.0096;;;;;;;;11.63
2026-02-18T00:31:01.187028;VisA/fryum;cont_30pct_none;0.3;none;10;10;10;3;0;150;50;100;4;5;95;0.8448;0.9263;0.8614;0.4500;0.5500;-0.0334;;;;;;;;6.16
2026-02-18T00:31:11.314574;VisA/fryum;cont_30pct_ensemble_loo_mahal;0.3;ensemble_loo_mahal;10;10;10;3;392;150;50;100;4;5;95;0.8606;0.9321;0.8571;0.4200;0.5400;-0.0176;0.4731;1.0000;1;1.0000;1.0000;;;10.12
2026-02-18T00:31:19.020281;VisA/fryum;cont_0pct_none;0.0;none;10;10;10;0;0;150;50;100;4;5;99;0.8782;0.9419;0.8673;0.5100;0.5900;;;;;;;;;7.55
2026-02-18T00:31:29.641195;VisA/fryum;cont_0pct_ensemble_loo_mahal;0.0;ensemble_loo_mahal;10;10;10;0;79;150;50;100;4;5;99;0.8756;0.9406;0.8615;0.5000;0.5700;-0.0026;;;;;;;;10.52
2026-02-18T00:31:37.232750;VisA/fryum;cont_30pct_none;0.3;none;10;10;10;3;0;150;50;100;4;5;99;0.8448;0.9263;0.8614;0.4500;0.5500;-0.0334;;;;;;;;7.57
2026-02-18T00:31:47.506676;VisA/fryum;cont_30pct_ensemble_loo_mahal;0.3;ensemble_loo_mahal;10;10;10;3;79;150;50;100;4;5;99;0.8474;0.9280;0.8614;0.4600;0.5600;-0.0308;0.0778;1.0000;1;1.0000;1.0000;;;10.13
2026-02-18T00:32:01.044322;VisA/macaroni1;cont_0pct_none;0.0;none;10;10;10;0;0;200;100;100;0;5;90;0.7515;0.7752;0.7155;0.2300;0.3600;;;;;;;;;9.99
2026-02-18T00:32:12.962759;VisA/macaroni1;cont_0pct_ensemble_loo_mahal;0.0;ensemble_loo_mahal;10;10;10;0;784;200;100;100;0;5;90;0.7683;0.7894;0.7273;0.1800;0.3500;0.0168;;;;;;;;11.91
2026-02-18T00:32:22.184120;VisA/macaroni1;cont_30pct_none;0.3;none;10;10;10;3;0;200;100;100;0;5;90;0.6843;0.7149;0.6960;0.2000;0.2600;-0.0672;;;;;;;;9.20
2026-02-18T00:32:34.371826;VisA/macaroni1;cont_30pct_ensemble_loo_mahal;0.3;ensemble_loo_mahal;10;10;10;3;784;200;100;100;0;5;90;0.7371;0.7717;0.7068;0.1400;0.3800;-0.0144;0.7857;0.8095;1;0.6667;0.6667;;;12.06
2026-02-18T00:32:44.339699;VisA/macaroni1;cont_0pct_none;0.0;none;10;10;10;0;0;200;100;100;0;5;95;0.7515;0.7752;0.7155;0.2300;0.3600;;;;;;;;;9.79
2026-02-18T00:32:56.295348;VisA/macaroni1;cont_0pct_ensemble_loo_mahal;0.0;ensemble_loo_mahal;10;10;10;0;392;200;100;100;0;5;95;0.7407;0.7657;0.7184;0.2300;0.3600;-0.0108;;;;;;;;11.95
2026-02-18T00:33:06.450510;VisA/macaroni1;cont_30pct_none;0.3;none;10;10;10;3;0;200;100;100;0;5;95;0.6843;0.7149;0.6960;0.2000;0.2600;-0.0672;;;;;;;;10.13
2026-02-18T00:33:18.173522;VisA/macaroni1;cont_30pct_ensemble_loo_mahal;0.3;ensemble_loo_mahal;10;10;10;3;392;200;100;100;0;5;95;0.7108;0.7358;0.7019;0.1500;0.2900;-0.0407;0.3943;0.8095;1;0.6667;0.6667;;;11.72
2026-02-18T00:33:27.842942;VisA/macaroni1;cont_0pct_none;0.0;none;10;10;10;0;0;200;100;100;0;5;99;0.7515;0.7752;0.7155;0.2300;0.3600;;;;;;;;;9.47
2026-02-18T00:33:39.319053;VisA/macaroni1;cont_0pct_ensemble_loo_mahal;0.0;ensemble_loo_mahal;10;10;10;0;79;200;100;100;0;5;99;0.7455;0.7707;0.7100;0.2200;0.3300;-0.0060;;;;;;;;11.47
2026-02-18T00:33:48.860504;VisA/macaroni1;cont_30pct_none;0.3;none;10;10;10;3;0;200;100;100;0;5;99;0.6843;0.7149;0.6960;0.2000;0.2600;-0.0672;;;;;;;;9.52
2026-02-18T00:34:02.481029;VisA/macaroni1;cont_30pct_ensemble_loo_mahal;0.3;ensemble_loo_mahal;10;10;10;3;79;200;100;100;0;5;99;0.6989;0.7293;0.6966;0.2100;0.2800;-0.0526;0.2173;0.8095;1;0.6667;0.6667;;;13.31
2026-02-18T00:34:11.622462;VisA/macaroni1;cont_0pct_none;0.0;none;10;10;10;0;0;200;100;100;1;5;90;0.7034;0.7362;0.6957;0.1100;0.3400;;;;;;;;;8.97
2026-02-18T00:34:23.370385;VisA/macaroni1;cont_0pct_ensemble_loo_mahal;0.0;ensemble_loo_mahal;10;10;10;0;784;200;100;100;1;5;90;0.7327;0.7636;0.6931;0.1300;0.3800;0.0293;;;;;;;;11.74
2026-02-18T00:34:33.116820;VisA/macaroni1;cont_30pct_none;0.3;none;10;10;10;3;0;200;100;100;1;5;90;0.6464;0.6809;0.6797;0.1000;0.2200;-0.0570;;;;;;;;9.72
2026-02-18T00:34:46.017176;VisA/macaroni1;cont_30pct_ensemble_loo_mahal;0.3;ensemble_loo_mahal;10;10;10;3;784;200;100;100;1;5;90;0.6906;0.7370;0.6982;0.2700;0.3700;-0.0128;0.7754;0.8095;1;0.6667;0.6667;;;12.79
2026-02-18T00:34:55.855965;VisA/macaroni1;cont_0pct_none;0.0;none;10;10;10;0;0;200;100;100;1;5;95;0.7034;0.7362;0.6957;0.1100;0.3400;;;;;;;;;9.70
2026-02-18T00:35:07.777529;VisA/macaroni1;cont_0pct_ensemble_loo_mahal;0.0;ensemble_loo_mahal;10;10;10;0;392;200;100;100;1;5;95;0.7097;0.7464;0.7068;0.2200;0.3100;0.0063;;;;;;;;11.83
2026-02-18T00:35:17.800614;VisA/macaroni1;cont_30pct_none;0.3;none;10;10;10;3;0;200;100;100;1;5;95;0.6464;0.6809;0.6797;0.1000;0.2200;-0.0570;;;;;;;;10.00
2026-02-18T00:35:30.004133;VisA/macaroni1;cont_30pct_ensemble_loo_mahal;0.3;ensemble_loo_mahal;10;10;10;3;392;200;100;100;1;5;95;0.6700;0.7080;0.6914;0.1200;0.3000;-0.0334;0.4140;0.8095;1;0.6667;0.6667;;;12.20
2026-02-18T00:35:40.078720;VisA/macaroni1;cont_0pct_none;0.0;none;10;10;10;0;0;200;100;100;1;5;99;0.7034;0.7362;0.6957;0.1100;0.3400;;;;;;;;;9.90
2026-02-18T00:35:52.854099;VisA/macaroni1;cont_0pct_ensemble_loo_mahal;0.0;ensemble_loo_mahal;10;10;10;0;79;200;100;100;1;5;99;0.6994;0.7321;0.6943;0.1100;0.3000;-0.0040;;;;;;;;12.76
2026-02-18T00:36:02.655221;VisA/macaroni1;cont_30pct_none;0.3;none;10;10;10;3;0;200;100;100;1;5;99;0.6464;0.6809;0.6797;0.1000;0.2200;-0.0570;;;;;;;;9.78
2026-02-18T00:36:15.275215;VisA/macaroni1;cont_30pct_ensemble_loo_mahal;0.3;ensemble_loo_mahal;10;10;10;3;79;200;100;100;1;5;99;0.6436;0.6809;0.6770;0.1000;0.2400;-0.0598;-0.0491;0.8095;1;0.6667;0.6667;;;12.61
2026-02-18T00:36:25.636001;VisA/macaroni1;cont_0pct_none;0.0;none;10;10;10;0;0;200;100;100;2;5;90;0.7356;0.7586;0.7171;0.2000;0.3400;;;;;;;;;10.20
2026-02-18T00:36:38.059346;VisA/macaroni1;cont_0pct_ensemble_loo_mahal;0.0;ensemble_loo_mahal;10;10;10;0;784;200;100;100;2;5;90;0.7516;0.7691;0.7294;0.1700;0.3500;0.0160;;;;;;;;12.30
2026-02-18T00:36:47.481781;VisA/macaroni1;cont_30pct_none;0.3;none;10;10;10;3;0;200;100;100;2;5;90;0.6703;0.7049;0.6807;0.1900;0.2300;-0.0653;;;;;;;;9.40
2026-02-18T00:36:59.482544;VisA/macaroni1;cont_30pct_ensemble_loo_mahal;0.3;ensemble_loo_mahal;10;10;10;3;784;200;100;100;2;5;90;0.6961;0.7268;0.7055;0.2000;0.2600;-0.0395;0.3951;0.6190;0;0.3333;0.3333;;;12.00
2026-02-18T00:37:09.376341;VisA/macaroni1;cont_0pct_none;0.0;none;10;10;10;0;0;200;100;100;2;5;95;0.7356;0.7586;0.7171;0.2000;0.3400;;;;;;;;;9.74
2026-02-18T00:37:21.331256;VisA/macaroni1;cont_0pct_ensemble_loo_mahal;0.0;ensemble_loo_mahal;10;10;10;0;392;200;100;100;2;5;95;0.7370;0.7579;0.7194;0.1500;0.3300;0.0014;;;;;;;;11.95
2026-02-18T00:37:31.395705;VisA/macaroni1;cont_30pct_none;0.3;none;10;10;10;3;0;200;100;100;2;5;95;0.6703;0.7049;0.6807;0.1900;0.2300;-0.0653;;;;;;;;10.04
2026-02-18T00:37:42.933456;VisA/macaroni1;cont_30pct_ensemble_loo_mahal;0.3;ensemble_loo_mahal;10;10;10;3;392;200;100;100;2;5;95;0.7022;0.7317;0.6978;0.1700;0.2800;-0.0334;0.4885;0.6190;0;0.3333;0.3333;;;11.53
2026-02-18T00:37:52.726317;VisA/macaroni1;cont_0pct_none;0.0;none;10;10;10;0;0;200;100;100;2;5;99;0.7356;0.7586;0.7171;0.2000;0.3400;;;;;;;;;9.63
2026-02-18T00:38:06.162720;VisA/macaroni1;cont_0pct_ensemble_loo_mahal;0.0;ensemble_loo_mahal;10;10;10;0;79;200;100;100;2;5;99;0.7330;0.7588;0.7194;0.2000;0.3400;-0.0026;;;;;;;;13.43
2026-02-18T00:38:16.160578;VisA/macaroni1;cont_30pct_none;0.3;none;10;10;10;3;0;200;100;100;2;5;99;0.6703;0.7049;0.6807;0.1900;0.2300;-0.0653;;;;;;;;9.98
2026-02-18T00:38:28.499519;VisA/macaroni1;cont_30pct_ensemble_loo_mahal;0.3;ensemble_loo_mahal;10;10;10;3;79;200;100;100;2;5;99;0.6837;0.7161;0.6904;0.1500;0.2400;-0.0519;0.2052;0.6190;0;0.3333;0.3333;;;12.22
2026-02-18T00:38:38.281070;VisA/macaroni1;cont_0pct_none;0.0;none;10;10;10;0;0;200;100;100;3;5;90;0.7677;0.7945;0.7200;0.1900;0.4100;;;;;;;;;9.63
2026-02-18T00:38:49.887658;VisA/macaroni1;cont_0pct_ensemble_loo_mahal;0.0;ensemble_loo_mahal;10;10;10;0;784;200;100;100;3;5;90;0.7701;0.7995;0.7126;0.1900;0.4100;0.0024;;;;;;;;11.60
2026-02-18T00:38:59.555340;VisA/macaroni1;cont_30pct_none;0.3;none;10;10;10;3;0;200;100;100;3;5;90;0.6864;0.7197;0.6940;0.1600;0.2700;-0.0813;;;;;;;;9.64
2026-02-18T00:39:11.485000;VisA/macaroni1;cont_30pct_ensemble_loo_mahal;0.3;ensemble_loo_mahal;10;10;10;3;784;200;100;100;3;5;90;0.7132;0.7426;0.7085;0.1900;0.2900;-0.0545;0.3296;0.6190;0;0.3333;0.3333;;;11.82
2026-02-18T00:39:21.644267;VisA/macaroni1;cont_0pct_none;0.0;none;10;10;10;0;0;200;100;100;3;5;95;0.7677;0.7945;0.7200;0.1900;0.4100;;;;;;;;;10.00
2026-02-18T00:39:33.619643;VisA/macaroni1;cont_0pct_ensemble_loo_mahal;0.0;ensemble_loo_mahal;10;10;10;0;392;200;100;100;3;5;95;0.7674;0.7874;0.7352;0.1800;0.3800;-0.0003;;;;;;;;11.96
2026-02-18T00:39:42.362350;VisA/macaroni1;cont_30pct_none;0.3;none;10;10;10;3;0;200;100;100;3;5;95;0.6864;0.7197;0.6940;0.1600;0.2700;-0.0813;;;;;;;;8.72
2026-02-18T00:39:54.909925;VisA/macaroni1;cont_30pct_ensemble_loo_mahal;0.3;ensemble_loo_mahal;10;10;10;3;392;200;100;100;3;5;95;0.6802;0.7116;0.6980;0.1600;0.2600;-0.0875;-0.0763;0.6190;0;0.3333;0.3333;;;12.54
2026-02-18T00:40:05.024884;VisA/macaroni1;cont_0pct_none;0.0;none;10;10;10;0;0;200;100;100;3;5;99;0.7677;0.7945;0.7200;0.1900;0.4100;;;;;;;;;9.96
2026-02-18T00:40:18.285711;VisA/macaroni1;cont_0pct_ensemble_loo_mahal;0.0;ensemble_loo_mahal;10;10;10;0;79;200;100;100;3;5;99;0.7666;0.7930;0.7200;0.2000;0.4200;-0.0011;;;;;;;;13.26
2026-02-18T00:40:28.742715;VisA/macaroni1;cont_30pct_none;0.3;none;10;10;10;3;0;200;100;100;3;5;99;0.6864;0.7197;0.6940;0.1600;0.2700;-0.0813;;;;;;;;10.43
2026-02-18T00:40:41.576396;VisA/macaroni1;cont_30pct_ensemble_loo_mahal;0.3;ensemble_loo_mahal;10;10;10;3;79;200;100;100;3;5;99;0.6868;0.7150;0.6989;0.1300;0.2600;-0.0809;0.0049;0.6190;0;0.3333;0.3333;;;12.64
2026-02-18T00:40:51.655085;VisA/macaroni1;cont_0pct_none;0.0;none;10;10;10;0;0;200;100;100;4;5;90;0.7544;0.7652;0.7171;0.1000;0.3600;;;;;;;;;9.92
2026-02-18T00:41:03.152434;VisA/macaroni1;cont_0pct_ensemble_loo_mahal;0.0;ensemble_loo_mahal;10;10;10;0;784;200;100;100;4;5;90;0.7691;0.7941;0.7176;0.1500;0.3900;0.0147;;;;;;;;11.49
2026-02-18T00:41:13.065429;VisA/macaroni1;cont_30pct_none;0.3;none;10;10;10;3;0;200;100;100;4;5;90;0.6926;0.7327;0.6886;0.1900;0.3300;-0.0618;;;;;;;;9.89
2026-02-18T00:41:25.007503;VisA/macaroni1;cont_30pct_ensemble_loo_mahal;0.3;ensemble_loo_mahal;10;10;10;3;784;200;100;100;4;5;90;0.7365;0.7685;0.7037;0.2100;0.3000;-0.0179;0.7104;0.4762;0;0.0000;0.0000;;;11.87
2026-02-18T00:41:34.448907;VisA/macaroni1;cont_0pct_none;0.0;none;10;10;10;0;0;200;100;100;4;5;95;0.7544;0.7652;0.7171;0.1000;0.3600;;;;;;;;;9.29
2026-02-18T00:41:46.635616;VisA/macaroni1;cont_0pct_ensemble_loo_mahal;0.0;ensemble_loo_mahal;10;10;10;0;392;200;100;100;4;5;95;0.7626;0.7799;0.7210;0.1000;0.4200;0.0082;;;;;;;;12.08
2026-02-18T00:41:56.952712;VisA/macaroni1;cont_30pct_none;0.3;none;10;10;10;3;0;200;100;100;4;5;95;0.6926;0.7327;0.6886;0.1900;0.3300;-0.0618;;;;;;;;10.29
2026-02-18T00:42:09.354155;VisA/macaroni1;cont_30pct_ensemble_loo_mahal;0.3;ensemble_loo_mahal;10;10;10;3;392;200;100;100;4;5;95;0.7296;0.7563;0.7104;0.1300;0.3800;-0.0248;0.5987;0.4762;0;0.0000;0.0000;;;12.30
2026-02-18T00:42:19.251903;VisA/macaroni1;cont_0pct_none;0.0;none;10;10;10;0;0;200;100;100;4;5;99;0.7544;0.7652;0.7171;0.1000;0.3600;;;;;;;;;9.77
2026-02-18T00:42:32.591053;VisA/macaroni1;cont_0pct_ensemble_loo_mahal;0.0;ensemble_loo_mahal;10;10;10;0;79;200;100;100;4;5;99;0.7537;0.7637;0.7184;0.1000;0.3900;-0.0007;;;;;;;;12.91
2026-02-18T00:42:42.281961;VisA/macaroni1;cont_30pct_none;0.3;none;10;10;10;3;0;200;100;100;4;5;99;0.6926;0.7327;0.6886;0.1900;0.3300;-0.0618;;;;;;;;9.67
2026-02-18T00:42:54.672913;VisA/macaroni1;cont_30pct_ensemble_loo_mahal;0.3;ensemble_loo_mahal;10;10;10;3;79;200;100;100;4;5;99;0.6927;0.7279;0.6838;0.1400;0.3400;-0.0617;0.0016;0.4762;0;0.0000;0.0000;;;12.37
2026-02-18T00:43:07.017560;VisA/macaroni2;cont_0pct_none;0.0;none;10;10;10;0;0;200;100;100;0;5;90;0.6218;0.5842;0.6897;0.0000;0.0900;;;;;;;;;8.63
2026-02-18T00:43:19.189787;VisA/macaroni2;cont_0pct_ensemble_loo_mahal;0.0;ensemble_loo_mahal;10;10;10;0;784;200;100;100;0;5;90;0.6729;0.6618;0.7000;0.0300;0.1300;0.0511;;;;;;;;12.17
2026-02-18T00:43:29.315978;VisA/macaroni2;cont_30pct_none;0.3;none;10;10;10;3;0;200;100;100;0;5;90;0.5804;0.5824;0.6667;0.0200;0.1400;-0.0414;;;;;;;;10.11
2026-02-18T00:43:42.229169;VisA/macaroni2;cont_30pct_ensemble_loo_mahal;0.3;ensemble_loo_mahal;10;10;10;3;784;200;100;100;0;5;90;0.5821;0.5612;0.6781;0.0400;0.0900;-0.0397;0.0411;0.4762;0;0.0000;0.0000;;;12.52
2026-02-18T00:43:52.192690;VisA/macaroni2;cont_0pct_none;0.0;none;10;10;10;0;0;200;100;100;0;5;95;0.6218;0.5842;0.6897;0.0000;0.0900;;;;;;;;;9.79
2026-02-18T00:44:04.094205;VisA/macaroni2;cont_0pct_ensemble_loo_mahal;0.0;ensemble_loo_mahal;10;10;10;0;392;200;100;100;0;5;95;0.6322;0.5989;0.6977;0.0100;0.0800;0.0104;;;;;;;;11.90
2026-02-18T00:44:13.350260;VisA/macaroni2;cont_30pct_none;0.3;none;10;10;10;3;0;200;100;100;0;5;95;0.5804;0.5824;0.6667;0.0200;0.1400;-0.0414;;;;;;;;9.24
2026-02-18T00:44:26.811386;VisA/macaroni2;cont_30pct_ensemble_loo_mahal;0.3;ensemble_loo_mahal;10;10;10;3;392;200;100;100;0;5;95;0.6064;0.6021;0.6749;0.0400;0.1300;-0.0154;0.6280;0.4762;0;0.0000;0.0000;;;13.46
2026-02-18T00:44:36.595511;VisA/macaroni2;cont_0pct_none;0.0;none;10;10;10;0;0;200;100;100;0;5;99;0.6218;0.5842;0.6897;0.0000;0.0900;;;;;;;;;9.63
2026-02-18T00:44:50.195181;VisA/macaroni2;cont_0pct_ensemble_loo_mahal;0.0;ensemble_loo_mahal;10;10;10;0;79;200;100;100;0;5;99;0.6239;0.5871;0.6902;0.0000;0.0900;0.0021;;;;;;;;13.59
2026-02-18T00:44:59.368630;VisA/macaroni2;cont_30pct_none;0.3;none;10;10;10;3;0;200;100;100;0;5;99;0.5804;0.5824;0.6667;0.0200;0.1400;-0.0414;;;;;;;;9.15
2026-02-18T00:45:12.368415;VisA/macaroni2;cont_30pct_ensemble_loo_mahal;0.3;ensemble_loo_mahal;10;10;10;3;79;200;100;100;0;5;99;0.5937;0.5943;0.6667;0.0500;0.1000;-0.0281;0.3213;0.4762;0;0.0000;0.0000;;;12.99
2026-02-18T00:45:22.022737;VisA/macaroni2;cont_0pct_none;0.0;none;10;10;10;0;0;200;100;100;1;5;90;0.5339;0.5057;0.6788;0.0100;0.0200;;;;;;;;;9.53
2026-02-18T00:45:34.882233;VisA/macaroni2;cont_0pct_ensemble_loo_mahal;0.0;ensemble_loo_mahal;10;10;10;0;784;200;100;100;1;5;90;0.5958;0.5631;0.6857;0.0200;0.0300;0.0619;;;;;;;;12.86
2026-02-18T00:45:44.927718;VisA/macaroni2;cont_30pct_none;0.3;none;10;10;10;3;0;200;100;100;1;5;90;0.4789;0.4751;0.6667;0.0200;0.0200;-0.0550;;;;;;;;10.03
2026-02-18T00:45:56.931053;VisA/macaroni2;cont_30pct_ensemble_loo_mahal;0.3;ensemble_loo_mahal;10;10;10;3;784;200;100;100;1;5;90;0.5351;0.5225;0.6689;0.0000;0.0300;0.0012;1.0218;0.9524;1;0.6667;0.6667;;;12.00
2026-02-18T00:46:05.855451;VisA/macaroni2;cont_0pct_none;0.0;none;10;10;10;0;0;200;100;100;1;5;95;0.5339;0.5057;0.6788;0.0100;0.0200;;;;;;;;;8.75
2026-02-18T00:46:18.884459;VisA/macaroni2;cont_0pct_ensemble_loo_mahal;0.0;ensemble_loo_mahal;10;10;10;0;392;200;100;100;1;5;95;0.5789;0.5411;0.7000;0.0100;0.0400;0.0450;;;;;;;;12.92
2026-02-18T00:46:28.128386;VisA/macaroni2;cont_30pct_none;0.3;none;10;10;10;3;0;200;100;100;1;5;95;0.4789;0.4751;0.6667;0.0200;0.0200;-0.0550;;;;;;;;9.21
2026-02-18T00:46:40.627779;VisA/macaroni2;cont_30pct_ensemble_loo_mahal;0.3;ensemble_loo_mahal;10;10;10;3;392;200;100;100;1;5;95;0.4906;0.4776;0.6690;0.0100;0.0200;-0.0433;0.2127;0.9524;1;0.6667;0.6667;;;12.50
2026-02-18T00:46:50.361241;VisA/macaroni2;cont_0pct_none;0.0;none;10;10;10;0;0;200;100;100;1;5;99;0.5339;0.5057;0.6788;0.0100;0.0200;;;;;;;;;9.58
2026-02-18T00:47:03.777491;VisA/macaroni2;cont_0pct_ensemble_loo_mahal;0.0;ensemble_loo_mahal;10;10;10;0;79;200;100;100;1;5;99;0.5409;0.5111;0.6838;0.0100;0.0100;0.0070;;;;;;;;13.41
2026-02-18T00:47:13.721034;VisA/macaroni2;cont_30pct_none;0.3;none;10;10;10;3;0;200;100;100;1;5;99;0.4789;0.4751;0.6667;0.0200;0.0200;-0.0550;;;;;;;;9.92
2026-02-18T00:47:25.444427;VisA/macaroni2;cont_30pct_ensemble_loo_mahal;0.3;ensemble_loo_mahal;10;10;10;3;79;200;100;100;1;5;99;0.4759;0.4755;0.6667;0.0100;0.0200;-0.0580;-0.0545;0.9524;1;0.6667;0.6667;;;11.72
2026-02-18T00:47:34.661009;VisA/macaroni2;cont_0pct_none;0.0;none;10;10;10;0;0;200;100;100;2;5;90;0.5030;0.5013;0.6667;0.0100;0.0400;;;;;;;;;9.10
2026-02-18T00:47:46.747239;VisA/macaroni2;cont_0pct_ensemble_loo_mahal;0.0;ensemble_loo_mahal;10;10;10;0;784;200;100;100;2;5;90;0.5722;0.5564;0.6782;0.0100;0.0500;0.0692;;;;;;;;12.07
2026-02-18T00:47:56.642692;VisA/macaroni2;cont_30pct_none;0.3;none;10;10;10;3;0;200;100;100;2;5;90;0.4448;0.4570;0.6667;0.0100;0.0200;-0.0582;;;;;;;;9.87
2026-02-18T00:48:08.851434;VisA/macaroni2;cont_30pct_ensemble_loo_mahal;0.3;ensemble_loo_mahal;10;10;10;3;784;200;100;100;2;5;90;0.5924;0.5685;0.6826;0.0000;0.0700;0.0895;2.5383;0.4286;0;0.0000;0.0000;;;12.05
2026-02-18T00:48:17.817628;VisA/macaroni2;cont_0pct_none;0.0;none;10;10;10;0;0;200;100;100;2;5;95;0.5030;0.5013;0.6667;0.0100;0.0400;;;;;;;;;8.83
2026-02-18T00:48:29.823117;VisA/macaroni2;cont_0pct_ensemble_loo_mahal;0.0;ensemble_loo_mahal;10;10;10;0;392;200;100;100;2;5;95;0.5177;0.5184;0.6667;0.0300;0.0300;0.0148;;;;;;;;12.00
2026-02-18T00:48:39.262076;VisA/macaroni2;cont_30pct_none;0.3;none;10;10;10;3;0;200;100;100;2;5;95;0.4448;0.4570;0.6667;0.0100;0.0200;-0.0582;;;;;;;;9.41
2026-02-18T00:48:52.423315;VisA/macaroni2;cont_30pct_ensemble_loo_mahal;0.3;ensemble_loo_mahal;10;10;10;3;392;200;100;100;2;5;95;0.5056;0.5170;0.6667;0.0100;0.0500;0.0026;1.0456;0.4286;0;0.0000;0.0000;;;13.06
2026-02-18T00:49:01.968837;VisA/macaroni2;cont_0pct_none;0.0;none;10;10;10;0;0;200;100;100;2;5;99;0.5030;0.5013;0.6667;0.0100;0.0400;;;;;;;;;9.40
2026-02-18T00:49:15.927039;VisA/macaroni2;cont_0pct_ensemble_loo_mahal;0.0;ensemble_loo_mahal;10;10;10;0;79;200;100;100;2;5;99;0.4981;0.4969;0.6667;0.0100;0.0300;-0.0049;;;;;;;;13.55
2026-02-18T00:49:24.956488;VisA/macaroni2;cont_30pct_none;0.3;none;10;10;10;3;0;200;100;100;2;5;99;0.4448;0.4570;0.6667;0.0100;0.0200;-0.0582;;;;;;;;9.01
2026-02-18T00:49:37.265204;VisA/macaroni2;cont_30pct_ensemble_loo_mahal;0.3;ensemble_loo_mahal;10;10;10;3;79;200;100;100;2;5;99;0.4457;0.4582;0.6667;0.0100;0.0300;-0.0573;0.0155;0.4286;0;0.0000;0.0000;;;12.30
2026-02-18T00:49:46.956084;VisA/macaroni2;cont_0pct_none;0.0;none;10;10;10;0;0;200;100;100;3;5;90;0.5305;0.5062;0.6667;0.0000;0.0400;;;;;;;;;9.52
2026-02-18T00:49:59.687693;VisA/macaroni2;cont_0pct_ensemble_loo_mahal;0.0;ensemble_loo_mahal;10;10;10;0;784;200;100;100;3;5;90;0.5423;0.5105;0.6711;0.0100;0.0300;0.0118;;;;;;;;12.72
2026-02-18T00:50:09.080515;VisA/macaroni2;cont_30pct_none;0.3;none;10;10;10;3;0;200;100;100;3;5;90;0.4934;0.4908;0.6667;0.0100;0.0300;-0.0371;;;;;;;;9.37
2026-02-18T00:50:21.761294;VisA/macaroni2;cont_30pct_ensemble_loo_mahal;0.3;ensemble_loo_mahal;10;10;10;3;784;200;100;100;3;5;90;0.5405;0.5107;0.6711;0.0100;0.0200;0.0100;1.2695;0.5714;0;0.0000;0.0000;;;12.67
2026-02-18T00:50:30.755299;VisA/macaroni2;cont_0pct_none;0.0;none;10;10;10;0;0;200;100;100;3;5;95;0.5305;0.5062;0.6667;0.0000;0.0400;;;;;;;;;8.82
2026-02-18T00:50:42.891393;VisA/macaroni2;cont_0pct_ensemble_loo_mahal;0.0;ensemble_loo_mahal;10;10;10;0;392;200;100;100;3;5;95;0.5454;0.5193;0.6689;0.0100;0.0400;0.0149;;;;;;;;12.13
2026-02-18T00:50:52.817832;VisA/macaroni2;cont_30pct_none;0.3;none;10;10;10;3;0;200;100;100;3;5;95;0.4934;0.4908;0.6667;0.0100;0.0300;-0.0371;;;;;;;;9.91
2026-02-18T00:51:05.583892;VisA/macaroni2;cont_30pct_ensemble_loo_mahal;0.3;ensemble_loo_mahal;10;10;10;3;392;200;100;100;3;5;95;0.5344;0.5154;0.6667;0.0200;0.0300;0.0039;1.1051;0.5714;0;0.0000;0.0000;;;12.76
2026-02-18T00:51:15.328668;VisA/macaroni2;cont_0pct_none;0.0;none;10;10;10;0;0;200;100;100;3;5;99;0.5305;0.5062;0.6667;0.0000;0.0400;;;;;;;;;9.59
2026-02-18T00:51:28.852637;VisA/macaroni2;cont_0pct_ensemble_loo_mahal;0.0;ensemble_loo_mahal;10;10;10;0;79;200;100;100;3;5;99;0.5301;0.5069;0.6689;0.0000;0.0400;-0.0004;;;;;;;;13.52
2026-02-18T00:51:37.921051;VisA/macaroni2;cont_30pct_none;0.3;none;10;10;10;3;0;200;100;100;3;5;99;0.4934;0.4908;0.6667;0.0100;0.0300;-0.0371;;;;;;;;9.05
2026-02-18T00:51:50.314829;VisA/macaroni2;cont_30pct_ensemble_loo_mahal;0.3;ensemble_loo_mahal;10;10;10;3;79;200;100;100;3;5;99;0.4985;0.4939;0.6667;0.0100;0.0300;-0.0320;0.1375;0.5714;0;0.0000;0.0000;;;12.39
2026-02-18T00:51:59.939248;VisA/macaroni2;cont_0pct_none;0.0;none;10;10;10;0;0;200;100;100;4;5;90;0.5042;0.4915;0.6689;0.0100;0.0300;;;;;;;;;9.47
2026-02-18T00:52:12.534542;VisA/macaroni2;cont_0pct_ensemble_loo_mahal;0.0;ensemble_loo_mahal;10;10;10;0;784;200;100;100;4;5;90;0.5588;0.5289;0.6787;0.0100;0.0400;0.0546;;;;;;;;12.59
2026-02-18T00:52:22.513140;VisA/macaroni2;cont_30pct_none;0.3;none;10;10;10;3;0;200;100;100;4;5;90;0.4858;0.4874;0.6667;0.0100;0.0300;-0.0184;;;;;;;;9.96
2026-02-18T00:52:35.173932;VisA/macaroni2;cont_30pct_ensemble_loo_mahal;0.3;ensemble_loo_mahal;10;10;10;3;784;200;100;100;4;5;90;0.6068;0.5903;0.6861;0.0100;0.0800;0.1026;6.5761;0.2857;0;0.0000;0.0000;;;12.65
2026-02-18T00:52:44.602727;VisA/macaroni2;cont_0pct_none;0.0;none;10;10;10;0;0;200;100;100;4;5;95;0.5042;0.4915;0.6689;0.0100;0.0300;;;;;;;;;9.29
2026-02-18T00:52:56.573221;VisA/macaroni2;cont_0pct_ensemble_loo_mahal;0.0;ensemble_loo_mahal;10;10;10;0;392;200;100;100;4;5;95;0.5316;0.5060;0.6804;0.0200;0.0400;0.0274;;;;;;;;11.97
2026-02-18T00:53:06.162704;VisA/macaroni2;cont_30pct_none;0.3;none;10;10;10;3;0;200;100;100;4;5;95;0.4858;0.4874;0.6667;0.0100;0.0300;-0.0184;;;;;;;;9.57
2026-02-18T00:53:19.692798;VisA/macaroni2;cont_30pct_ensemble_loo_mahal;0.3;ensemble_loo_mahal;10;10;10;3;392;200;100;100;4;5;95;0.5529;0.5268;0.6761;0.0100;0.0300;0.0487;3.6467;0.2857;0;0.0000;0.0000;;;12.86
2026-02-18T00:53:29.918684;VisA/macaroni2;cont_0pct_none;0.0;none;10;10;10;0;0;200;100;100;4;5;99;0.5042;0.4915;0.6689;0.0100;0.0300;;;;;;;;;10.07
2026-02-18T00:53:42.361039;VisA/macaroni2;cont_0pct_ensemble_loo_mahal;0.0;ensemble_loo_mahal;10;10;10;0;79;200;100;100;4;5;99;0.5070;0.4916;0.6712;0.0100;0.0200;0.0028;;;;;;;;12.44
2026-02-18T00:53:52.754095;VisA/macaroni2;cont_30pct_none;0.3;none;10;10;10;3;0;200;100;100;4;5;99;0.4858;0.4874;0.6667;0.0100;0.0300;-0.0184;;;;;;;;10.37
2026-02-18T00:54:05.310523;VisA/macaroni2;cont_30pct_ensemble_loo_mahal;0.3;ensemble_loo_mahal;10;10;10;3;79;200;100;100;4;5;99;0.4904;0.4952;0.6667;0.0200;0.0300;-0.0138;0.2500;0.2857;0;0.0000;0.0000;;;12.55
2026-02-18T00:54:18.731010;VisA/pcb1;cont_0pct_none;0.0;none;10;10;10;0;0;200;100;100;0;5;90;0.9319;0.9287;0.8626;0.4600;0.6700;;;;;;;;;10.27
2026-02-18T00:54:31.128028;VisA/pcb1;cont_0pct_ensemble_loo_mahal;0.0;ensemble_loo_mahal;10;10;10;0;784;200;100;100;0;5;90;0.9431;0.9394;0.8846;0.3400;0.7200;0.0112;;;;;;;;12.39
2026-02-18T00:54:41.917080;VisA/pcb1;cont_30pct_none;0.3;none;10;10;10;3;0;200;100;100;0;5;90;0.8891;0.8977;0.8435;0.4100;0.4900;-0.0428;;;;;;;;10.76
2026-02-18T00:54:53.579578;VisA/pcb1;cont_30pct_ensemble_loo_mahal;0.3;ensemble_loo_mahal;10;10;10;3;784;200;100;100;0;5;90;0.9423;0.9356;0.8824;0.3400;0.6500;0.0104;1.2430;1.0000;1;1.0000;1.0000;;;11.46
2026-02-18T00:55:03.732062;VisA/pcb1;cont_0pct_none;0.0;none;10;10;10;0;0;200;100;100;0;5;95;0.9319;0.9287;0.8626;0.4600;0.6700;;;;;;;;;9.97
2026-02-18T00:55:16.419760;VisA/pcb1;cont_0pct_ensemble_loo_mahal;0.0;ensemble_loo_mahal;10;10;10;0;392;200;100;100;0;5;95;0.9342;0.9293;0.8732;0.4700;0.6700;0.0023;;;;;;;;12.68
2026-02-18T00:55:26.533771;VisA/pcb1;cont_30pct_none;0.3;none;10;10;10;3;0;200;100;100;0;5;95;0.8891;0.8977;0.8435;0.4100;0.4900;-0.0428;;;;;;;;10.10
2026-02-18T00:55:38.987225;VisA/pcb1;cont_30pct_ensemble_loo_mahal;0.3;ensemble_loo_mahal;10;10;10;3;392;200;100;100;0;5;95;0.9350;0.9294;0.8762;0.3500;0.6600;0.0031;1.0724;1.0000;1;1.0000;1.0000;;;12.45
2026-02-18T00:55:49.036848;VisA/pcb1;cont_0pct_none;0.0;none;10;10;10;0;0;200;100;100;0;5;99;0.9319;0.9287;0.8626;0.4600;0.6700;;;;;;;;;9.87
2026-02-18T00:56:00.934788;VisA/pcb1;cont_0pct_ensemble_loo_mahal;0.0;ensemble_loo_mahal;10;10;10;0;79;200;100;100;0;5;99;0.9326;0.9295;0.8626;0.4700;0.6800;0.0007;;;;;;;;11.89
2026-02-18T00:56:09.897570;VisA/pcb1;cont_30pct_none;0.3;none;10;10;10;3;0;200;100;100;0;5;99;0.8891;0.8977;0.8435;0.4100;0.4900;-0.0428;;;;;;;;8.95
2026-02-18T00:56:22.918582;VisA/pcb1;cont_30pct_ensemble_loo_mahal;0.3;ensemble_loo_mahal;10;10;10;3;79;200;100;100;0;5;99;0.8890;0.8919;0.8435;0.3200;0.4600;-0.0429;-0.0023;1.0000;1;1.0000;1.0000;;;13.01
2026-02-18T00:56:33.060440;VisA/pcb1;cont_0pct_none;0.0;none;10;10;10;0;0;200;100;100;1;5;90;0.9437;0.9434;0.8673;0.5500;0.6600;;;;;;;;;9.99
2026-02-18T00:56:44.801498;VisA/pcb1;cont_0pct_ensemble_loo_mahal;0.0;ensemble_loo_mahal;10;10;10;0;784;200;100;100;1;5;90;0.9230;0.9161;0.8756;0.4000;0.6000;-0.0207;;;;;;;;11.73
2026-02-18T00:56:54.116299;VisA/pcb1;cont_30pct_none;0.3;none;10;10;10;3;0;200;100;100;1;5;90;0.9134;0.9226;0.8559;0.5300;0.6800;-0.0303;;;;;;;;9.29
2026-02-18T00:57:06.329269;VisA/pcb1;cont_30pct_ensemble_loo_mahal;0.3;ensemble_loo_mahal;10;10;10;3;784;200;100;100;1;5;90;0.9326;0.9231;0.8676;0.3500;0.6600;-0.0111;0.6337;0.9524;1;0.6667;0.6667;;;12.21
2026-02-18T00:57:16.640782;VisA/pcb1;cont_0pct_none;0.0;none;10;10;10;0;0;200;100;100;1;5;95;0.9437;0.9434;0.8673;0.5500;0.6600;;;;;;;;;10.16
2026-02-18T00:57:30.171681;VisA/pcb1;cont_0pct_ensemble_loo_mahal;0.0;ensemble_loo_mahal;10;10;10;0;392;200;100;100;1;5;95;0.9481;0.9403;0.9029;0.2900;0.6400;0.0044;;;;;;;;13.53
2026-02-18T00:57:39.678331;VisA/pcb1;cont_30pct_none;0.3;none;10;10;10;3;0;200;100;100;1;5;95;0.9134;0.9226;0.8559;0.5300;0.6800;-0.0303;;;;;;;;9.49
2026-02-18T00:57:51.799483;VisA/pcb1;cont_30pct_ensemble_loo_mahal;0.3;ensemble_loo_mahal;10;10;10;3;392;200;100;100;1;5;95;0.9310;0.9256;0.8651;0.4500;0.7000;-0.0127;0.5809;0.9524;1;0.6667;0.6667;;;12.12
2026-02-18T00:58:01.159494;VisA/pcb1;cont_0pct_none;0.0;none;10;10;10;0;0;200;100;100;1;5;99;0.9437;0.9434;0.8673;0.5500;0.6600;;;;;;;;;9.20
2026-02-18T00:58:14.494503;VisA/pcb1;cont_0pct_ensemble_loo_mahal;0.0;ensemble_loo_mahal;10;10;10;0;79;200;100;100;1;5;99;0.9456;0.9471;0.8643;0.5700;0.7200;0.0019;;;;;;;;13.33
2026-02-18T00:58:24.049424;VisA/pcb1;cont_30pct_none;0.3;none;10;10;10;3;0;200;100;100;1;5;99;0.9134;0.9226;0.8559;0.5300;0.6800;-0.0303;;;;;;;;9.54
2026-02-18T00:58:36.934590;VisA/pcb1;cont_30pct_ensemble_loo_mahal;0.3;ensemble_loo_mahal;10;10;10;3;79;200;100;100;1;5;99;0.9172;0.9235;0.8584;0.5000;0.6500;-0.0265;0.1254;0.9524;1;0.6667;0.6667;;;12.88
2026-02-18T00:58:46.212652;VisA/pcb1;cont_0pct_none;0.0;none;10;10;10;0;0;200;100;100;2;5;90;0.9163;0.9055;0.8621;0.2700;0.5500;;;;;;;;;9.16
2026-02-18T00:58:58.884298;VisA/pcb1;cont_0pct_ensemble_loo_mahal;0.0;ensemble_loo_mahal;10;10;10;0;784;200;100;100;2;5;90;0.9202;0.9122;0.8571;0.2700;0.5900;0.0039;;;;;;;;12.67
2026-02-18T00:59:08.329960;VisA/pcb1;cont_30pct_none;0.3;none;10;10;10;3;0;200;100;100;2;5;90;0.8698;0.8674;0.8458;0.2300;0.4900;-0.0465;;;;;;;;9.42
2026-02-18T00:59:20.605008;VisA/pcb1;cont_30pct_ensemble_loo_mahal;0.3;ensemble_loo_mahal;10;10;10;3;784;200;100;100;2;5;90;0.9341;0.9298;0.8696;0.4100;0.6100;0.0178;1.3828;1.0000;1;1.0000;1.0000;;;12.18
2026-02-18T00:59:29.643404;VisA/pcb1;cont_0pct_none;0.0;none;10;10;10;0;0;200;100;100;2;5;95;0.9163;0.9055;0.8621;0.2700;0.5500;;;;;;;;;8.89
2026-02-18T00:59:42.551083;VisA/pcb1;cont_0pct_ensemble_loo_mahal;0.0;ensemble_loo_mahal;10;10;10;0;392;200;100;100;2;5;95;0.9167;0.9075;0.8584;0.3400;0.5200;0.0004;;;;;;;;12.90
2026-02-18T00:59:51.923969;VisA/pcb1;cont_30pct_none;0.3;none;10;10;10;3;0;200;100;100;2;5;95;0.8698;0.8674;0.8458;0.2300;0.4900;-0.0465;;;;;;;;9.35
2026-02-18T01:00:04.269560;VisA/pcb1;cont_30pct_ensemble_loo_mahal;0.3;ensemble_loo_mahal;10;10;10;3;392;200;100;100;2;5;95;0.9163;0.9125;0.8571;0.4400;0.5600;0.0000;1.0000;1.0000;1;1.0000;1.0000;;;12.34
2026-02-18T01:00:13.785173;VisA/pcb1;cont_0pct_none;0.0;none;10;10;10;0;0;200;100;100;2;5;99;0.9163;0.9055;0.8621;0.2700;0.5500;;;;;;;;;9.40
2026-02-18T01:00:26.279333;VisA/pcb1;cont_0pct_ensemble_loo_mahal;0.0;ensemble_loo_mahal;10;10;10;0;79;200;100;100;2;5;99;0.9176;0.9072;0.8584;0.3200;0.5700;0.0013;;;;;;;;12.49
2026-02-18T01:00:36.255060;VisA/pcb1;cont_30pct_none;0.3;none;10;10;10;3;0;200;100;100;2;5;99;0.8698;0.8674;0.8458;0.2300;0.4900;-0.0465;;;;;;;;9.95
2026-02-18T01:00:49.759827;VisA/pcb1;cont_30pct_ensemble_loo_mahal;0.3;ensemble_loo_mahal;10;10;10;3;79;200;100;100;2;5;99;0.8711;0.8692;0.8421;0.2400;0.4200;-0.0452;0.0280;1.0000;1;1.0000;1.0000;;;13.36
2026-02-18T01:00:59.087636;VisA/pcb1;cont_0pct_none;0.0;none;10;10;10;0;0;200;100;100;3;5;90;0.9492;0.9485;0.8812;0.4400;0.7700;;;;;;;;;9.17
2026-02-18T01:01:10.528417;VisA/pcb1;cont_0pct_ensemble_loo_mahal;0.0;ensemble_loo_mahal;10;10;10;0;784;200;100;100;3;5;90;0.9342;0.9293;0.8651;0.3500;0.7300;-0.0150;;;;;;;;11.44
2026-02-18T01:01:20.673909;VisA/pcb1;cont_30pct_none;0.3;none;10;10;10;3;0;200;100;100;3;5;90;0.9122;0.9254;0.8612;0.5900;0.6200;-0.0370;;;;;;;;10.12
2026-02-18T01:01:33.063593;VisA/pcb1;cont_30pct_ensemble_loo_mahal;0.3;ensemble_loo_mahal;10;10;10;3;784;200;100;100;3;5;90;0.9419;0.9394;0.8756;0.4800;0.7300;-0.0073;0.8027;0.9524;1;0.6667;0.6667;;;12.38
2026-02-18T01:01:43.190469;VisA/pcb1;cont_0pct_none;0.0;none;10;10;10;0;0;200;100;100;3;5;95;0.9492;0.9485;0.8812;0.4400;0.7700;;;;;;;;;9.97
2026-02-18T01:01:56.401226;VisA/pcb1;cont_0pct_ensemble_loo_mahal;0.0;ensemble_loo_mahal;10;10;10;0;392;200;100;100;3;5;95;0.9237;0.9147;0.8621;0.3700;0.5900;-0.0255;;;;;;;;12.99
2026-02-18T01:02:05.329930;VisA/pcb1;cont_30pct_none;0.3;none;10;10;10;3;0;200;100;100;3;5;95;0.9122;0.9254;0.8612;0.5900;0.6200;-0.0370;;;;;;;;8.91
2026-02-18T01:02:18.243192;VisA/pcb1;cont_30pct_ensemble_loo_mahal;0.3;ensemble_loo_mahal;10;10;10;3;392;200;100;100;3;5;95;0.9516;0.9491;0.8910;0.5000;0.6600;0.0024;1.0649;0.9524;1;0.6667;0.6667;;;12.91
2026-02-18T01:02:28.301324;VisA/pcb1;cont_0pct_none;0.0;none;10;10;10;0;0;200;100;100;3;5;99;0.9492;0.9485;0.8812;0.4400;0.7700;;;;;;;;;9.91
2026-02-18T01:02:41.050890;VisA/pcb1;cont_0pct_ensemble_loo_mahal;0.0;ensemble_loo_mahal;10;10;10;0;79;200;100;100;3;5;99;0.9394;0.9317;0.8732;0.3100;0.6300;-0.0098;;;;;;;;12.75
2026-02-18T01:02:49.904131;VisA/pcb1;cont_30pct_none;0.3;none;10;10;10;3;0;200;100;100;3;5;99;0.9122;0.9254;0.8612;0.5900;0.6200;-0.0370;;;;;;;;8.83
2026-02-18T01:03:03.194379;VisA/pcb1;cont_30pct_ensemble_loo_mahal;0.3;ensemble_loo_mahal;10;10;10;3;79;200;100;100;3;5;99;0.9110;0.9253;0.8610;0.5100;0.6300;-0.0382;-0.0324;0.9524;1;0.6667;0.6667;;;13.28
2026-02-18T01:03:13.404561;VisA/pcb1;cont_0pct_none;0.0;none;10;10;10;0;0;200;100;100;4;5;90;0.9506;0.9483;0.8832;0.5600;0.7700;;;;;;;;;10.05
2026-02-18T01:03:25.981726;VisA/pcb1;cont_0pct_ensemble_loo_mahal;0.0;ensemble_loo_mahal;10;10;10;0;784;200;100;100;4;5;90;0.9376;0.9364;0.8692;0.4900;0.6600;-0.0130;;;;;;;;12.57
2026-02-18T01:03:35.324605;VisA/pcb1;cont_30pct_none;0.3;none;10;10;10;3;0;200;100;100;4;5;90;0.8704;0.8729;0.8421;0.3000;0.5300;-0.0802;;;;;;;;9.32
2026-02-18T01:03:47.454401;VisA/pcb1;cont_30pct_ensemble_loo_mahal;0.3;ensemble_loo_mahal;10;10;10;3;784;200;100;100;4;5;90;0.9285;0.9230;0.8654;0.4300;0.5800;-0.0221;0.7244;1.0000;1;1.0000;1.0000;;;12.13
2026-02-18T01:03:57.613871;VisA/pcb1;cont_0pct_none;0.0;none;10;10;10;0;0;200;100;100;4;5;95;0.9506;0.9483;0.8832;0.5600;0.7700;;;;;;;;;10.00
2026-02-18T01:04:10.783693;VisA/pcb1;cont_0pct_ensemble_loo_mahal;0.0;ensemble_loo_mahal;10;10;10;0;392;200;100;100;4;5;95;0.9392;0.9362;0.8804;0.4300;0.7300;-0.0114;;;;;;;;13.07
2026-02-18T01:04:20.251244;VisA/pcb1;cont_30pct_none;0.3;none;10;10;10;3;0;200;100;100;4;5;95;0.8704;0.8729;0.8421;0.3000;0.5300;-0.0802;;;;;;;;9.44
2026-02-18T01:04:33.249815;VisA/pcb1;cont_30pct_ensemble_loo_mahal;0.3;ensemble_loo_mahal;10;10;10;3;392;200;100;100;4;5;95;0.9192;0.9074;0.8571;0.2600;0.5000;-0.0314;0.6085;1.0000;1;1.0000;1.0000;;;12.99
2026-02-18T01:04:43.206718;VisA/pcb1;cont_0pct_none;0.0;none;10;10;10;0;0;200;100;100;4;5;99;0.9506;0.9483;0.8832;0.5600;0.7700;;;;;;;;;9.80
2026-02-18T01:04:56.441898;VisA/pcb1;cont_0pct_ensemble_loo_mahal;0.0;ensemble_loo_mahal;10;10;10;0;79;200;100;100;4;5;99;0.9500;0.9496;0.8824;0.5000;0.7800;-0.0006;;;;;;;;13.23
2026-02-18T01:05:06.482557;VisA/pcb1;cont_30pct_none;0.3;none;10;10;10;3;0;200;100;100;4;5;99;0.8704;0.8729;0.8421;0.3000;0.5300;-0.0802;;;;;;;;10.01
2026-02-18T01:05:19.029987;VisA/pcb1;cont_30pct_ensemble_loo_mahal;0.3;ensemble_loo_mahal;10;10;10;3;79;200;100;100;4;5;99;0.8796;0.8839;0.8421;0.3400;0.5600;-0.0710;0.1147;1.0000;1;1.0000;1.0000;;;12.54
2026-02-18T01:05:31.289781;VisA/pcb2;cont_0pct_none;0.0;none;10;10;10;0;0;200;100;100;0;5;90;0.7865;0.7709;0.7535;0.1200;0.2500;;;;;;;;;9.22
2026-02-18T01:05:43.541976;VisA/pcb2;cont_0pct_ensemble_loo_mahal;0.0;ensemble_loo_mahal;10;10;10;0;784;200;100;100;0;5;90;0.7213;0.7120;0.7266;0.1100;0.1700;-0.0652;;;;;;;;12.25
2026-02-18T01:05:53.397296;VisA/pcb2;cont_30pct_none;0.3;none;10;10;10;3;0;200;100;100;0;5;90;0.7372;0.7379;0.7315;0.1200;0.1900;-0.0493;;;;;;;;9.83
2026-02-18T01:06:05.213078;VisA/pcb2;cont_30pct_ensemble_loo_mahal;0.3;ensemble_loo_mahal;10;10;10;3;784;200;100;100;0;5;90;0.7038;0.7164;0.7042;0.1000;0.2200;-0.0827;-0.6775;0.7619;0;0.3333;0.3333;;;11.65
2026-02-18T01:06:14.512010;VisA/pcb2;cont_0pct_none;0.0;none;10;10;10;0;0;200;100;100;0;5;95;0.7865;0.7709;0.7535;0.1200;0.2500;;;;;;;;;9.12
2026-02-18T01:06:26.772725;VisA/pcb2;cont_0pct_ensemble_loo_mahal;0.0;ensemble_loo_mahal;10;10;10;0;392;200;100;100;0;5;95;0.7407;0.7234;0.7324;0.1000;0.1300;-0.0458;;;;;;;;12.26
2026-02-18T01:06:36.612778;VisA/pcb2;cont_30pct_none;0.3;none;10;10;10;3;0;200;100;100;0;5;95;0.7372;0.7379;0.7315;0.1200;0.1900;-0.0493;;;;;;;;9.81
2026-02-18T01:06:49.465110;VisA/pcb2;cont_30pct_ensemble_loo_mahal;0.3;ensemble_loo_mahal;10;10;10;3;392;200;100;100;0;5;95;0.7123;0.7197;0.7155;0.1300;0.2200;-0.0742;-0.5051;0.7619;0;0.3333;0.3333;;;12.64
2026-02-18T01:06:58.696474;VisA/pcb2;cont_0pct_none;0.0;none;10;10;10;0;0;200;100;100;0;5;99;0.7865;0.7709;0.7535;0.1200;0.2500;;;;;;;;;9.11
2026-02-18T01:07:11.160271;VisA/pcb2;cont_0pct_ensemble_loo_mahal;0.0;ensemble_loo_mahal;10;10;10;0;79;200;100;100;0;5;99;0.7835;0.7670;0.7500;0.1300;0.2300;-0.0030;;;;;;;;12.46
2026-02-18T01:07:20.874124;VisA/pcb2;cont_30pct_none;0.3;none;10;10;10;3;0;200;100;100;0;5;99;0.7372;0.7379;0.7315;0.1200;0.1900;-0.0493;;;;;;;;9.70
2026-02-18T01:07:34.212882;VisA/pcb2;cont_30pct_ensemble_loo_mahal;0.3;ensemble_loo_mahal;10;10;10;3;79;200;100;100;0;5;99;0.7360;0.7364;0.7248;0.1200;0.1900;-0.0505;-0.0243;0.7619;0;0.3333;0.3333;;;13.24
2026-02-18T01:07:42.654351;VisA/pcb2;cont_0pct_none;0.0;none;10;10;10;0;0;200;100;100;1;5;90;0.7244;0.7143;0.7407;0.0900;0.1800;;;;;;;;;8.28
2026-02-18T01:07:54.131309;VisA/pcb2;cont_0pct_ensemble_loo_mahal;0.0;ensemble_loo_mahal;10;10;10;0;784;200;100;100;1;5;90;0.6934;0.7007;0.6987;0.1600;0.1800;-0.0310;;;;;;;;11.47
2026-02-18T01:08:03.477261;VisA/pcb2;cont_30pct_none;0.3;none;10;10;10;3;0;200;100;100;1;5;90;0.6470;0.6833;0.6667;0.1000;0.2400;-0.0774;;;;;;;;9.33
2026-02-18T01:08:16.360373;VisA/pcb2;cont_30pct_ensemble_loo_mahal;0.3;ensemble_loo_mahal;10;10;10;3;784;200;100;100;1;5;90;0.6219;0.6671;0.6758;0.1600;0.1800;-0.1025;-0.3243;0.6190;1;0.3333;0.3333;;;12.88
2026-02-18T01:08:25.935864;VisA/pcb2;cont_0pct_none;0.0;none;10;10;10;0;0;200;100;100;1;5;95;0.7244;0.7143;0.7407;0.0900;0.1800;;;;;;;;;9.43
2026-02-18T01:08:37.812890;VisA/pcb2;cont_0pct_ensemble_loo_mahal;0.0;ensemble_loo_mahal;10;10;10;0;392;200;100;100;1;5;95;0.7422;0.7278;0.7311;0.1000;0.1900;0.0178;;;;;;;;11.87
2026-02-18T01:08:46.464225;VisA/pcb2;cont_30pct_none;0.3;none;10;10;10;3;0;200;100;100;1;5;95;0.6470;0.6833;0.6667;0.1000;0.2400;-0.0774;;;;;;;;8.63
2026-02-18T01:08:58.760192;VisA/pcb2;cont_30pct_ensemble_loo_mahal;0.3;ensemble_loo_mahal;10;10;10;3;392;200;100;100;1;5;95;0.6555;0.6979;0.6667;0.1200;0.2600;-0.0689;0.1098;0.6190;1;0.3333;0.3333;;;12.29
2026-02-18T01:09:08.750435;VisA/pcb2;cont_0pct_none;0.0;none;10;10;10;0;0;200;100;100;1;5;99;0.7244;0.7143;0.7407;0.0900;0.1800;;;;;;;;;9.82
2026-02-18T01:09:22.231953;VisA/pcb2;cont_0pct_ensemble_loo_mahal;0.0;ensemble_loo_mahal;10;10;10;0;79;200;100;100;1;5;99;0.7264;0.7198;0.7345;0.1100;0.1700;0.0020;;;;;;;;13.36
2026-02-18T01:09:31.219209;VisA/pcb2;cont_30pct_none;0.3;none;10;10;10;3;0;200;100;100;1;5;99;0.6470;0.6833;0.6667;0.1000;0.2400;-0.0774;;;;;;;;8.97
2026-02-18T01:09:48.136028;VisA/pcb2;cont_30pct_ensemble_loo_mahal;0.3;ensemble_loo_mahal;10;10;10;3;79;200;100;100;1;5;99;0.6499;0.6830;0.6667;0.1100;0.2100;-0.0745;0.0375;0.6190;1;0.3333;0.3333;;;16.91
2026-02-18T01:09:58.315206;VisA/pcb2;cont_0pct_none;0.0;none;10;10;10;0;0;200;100;100;2;5;90;0.6710;0.6920;0.6842;0.1300;0.1300;;;;;;;;;10.01
2026-02-18T01:10:10.662686;VisA/pcb2;cont_0pct_ensemble_loo_mahal;0.0;ensemble_loo_mahal;10;10;10;0;784;200;100;100;2;5;90;0.6671;0.6978;0.6782;0.1400;0.2200;-0.0039;;;;;;;;12.34
2026-02-18T01:10:19.418329;VisA/pcb2;cont_30pct_none;0.3;none;10;10;10;3;0;200;100;100;2;5;90;0.6148;0.6597;0.6667;0.1300;0.2100;-0.0562;;;;;;;;8.74
2026-02-18T01:10:31.549186;VisA/pcb2;cont_30pct_ensemble_loo_mahal;0.3;ensemble_loo_mahal;10;10;10;3;784;200;100;100;2;5;90;0.6406;0.6796;0.6780;0.1500;0.1600;-0.0304;0.4591;0.6190;1;0.6667;0.6667;;;12.12
2026-02-18T01:10:41.251172;VisA/pcb2;cont_0pct_none;0.0;none;10;10;10;0;0;200;100;100;2;5;95;0.6710;0.6920;0.6842;0.1300;0.1300;;;;;;;;;9.56
2026-02-18T01:10:54.182284;VisA/pcb2;cont_0pct_ensemble_loo_mahal;0.0;ensemble_loo_mahal;10;10;10;0;392;200;100;100;2;5;95;0.6580;0.6820;0.6735;0.1100;0.1800;-0.0130;;;;;;;;12.92
2026-02-18T01:11:04.298831;VisA/pcb2;cont_30pct_none;0.3;none;10;10;10;3;0;200;100;100;2;5;95;0.6148;0.6597;0.6667;0.1300;0.2100;-0.0562;;;;;;;;10.09
2026-02-18T01:11:16.804343;VisA/pcb2;cont_30pct_ensemble_loo_mahal;0.3;ensemble_loo_mahal;10;10;10;3;392;200;100;100;2;5;95;0.6266;0.6692;0.6667;0.1200;0.2200;-0.0444;0.2100;0.6190;1;0.6667;0.6667;;;12.50
2026-02-18T01:11:26.060188;VisA/pcb2;cont_0pct_none;0.0;none;10;10;10;0;0;200;100;100;2;5;99;0.6710;0.6920;0.6842;0.1300;0.1300;;;;;;;;;9.12
2026-02-18T01:11:39.408431;VisA/pcb2;cont_0pct_ensemble_loo_mahal;0.0;ensemble_loo_mahal;10;10;10;0;79;200;100;100;2;5;99;0.6659;0.6883;0.6840;0.1300;0.1500;-0.0051;;;;;;;;13.34
2026-02-18T01:11:49.285343;VisA/pcb2;cont_30pct_none;0.3;none;10;10;10;3;0;200;100;100;2;5;99;0.6148;0.6597;0.6667;0.1300;0.2100;-0.0562;;;;;;;;9.85
2026-02-18T01:12:02.149197;VisA/pcb2;cont_30pct_ensemble_loo_mahal;0.3;ensemble_loo_mahal;10;10;10;3;79;200;100;100;2;5;99;0.6221;0.6611;0.6667;0.1300;0.2000;-0.0489;0.1299;0.6190;1;0.6667;0.6667;;;12.22
2026-02-18T01:12:11.889554;VisA/pcb2;cont_0pct_none;0.0;none;10;10;10;0;0;200;100;100;3;5;90;0.7440;0.7562;0.7230;0.1700;0.2200;;;;;;;;;9.57
2026-02-18T01:12:23.289476;VisA/pcb2;cont_0pct_ensemble_loo_mahal;0.0;ensemble_loo_mahal;10;10;10;0;784;200;100;100;3;5;90;0.6713;0.7073;0.7008;0.1900;0.2700;-0.0727;;;;;;;;11.40
2026-02-18T01:12:32.417492;VisA/pcb2;cont_30pct_none;0.3;none;10;10;10;3;0;200;100;100;3;5;90;0.6814;0.6869;0.6996;0.1100;0.1200;-0.0626;;;;;;;;9.10
2026-02-18T01:12:44.490183;VisA/pcb2;cont_30pct_ensemble_loo_mahal;0.3;ensemble_loo_mahal;10;10;10;3;784;200;100;100;3;5;90;0.6454;0.6820;0.6792;0.1700;0.2100;-0.0986;-0.5751;0.6667;1;0.3333;0.3333;;;12.07
2026-02-18T01:12:54.557668;VisA/pcb2;cont_0pct_none;0.0;none;10;10;10;0;0;200;100;100;3;5;95;0.7440;0.7562;0.7230;0.1700;0.2200;;;;;;;;;9.93
2026-02-18T01:13:07.903784;VisA/pcb2;cont_0pct_ensemble_loo_mahal;0.0;ensemble_loo_mahal;10;10;10;0;392;200;100;100;3;5;95;0.7138;0.7331;0.7149;0.2000;0.2500;-0.0302;;;;;;;;12.82
2026-02-18T01:13:16.735200;VisA/pcb2;cont_30pct_none;0.3;none;10;10;10;3;0;200;100;100;3;5;95;0.6814;0.6869;0.6996;0.1100;0.1200;-0.0626;;;;;;;;8.81
2026-02-18T01:13:28.743963;VisA/pcb2;cont_30pct_ensemble_loo_mahal;0.3;ensemble_loo_mahal;10;10;10;3;392;200;100;100;3;5;95;0.6883;0.6920;0.7020;0.1400;0.1400;-0.0557;0.1102;0.6667;1;0.3333;0.3333;;;12.00
2026-02-18T01:13:38.547376;VisA/pcb2;cont_0pct_none;0.0;none;10;10;10;0;0;200;100;100;3;5;99;0.7440;0.7562;0.7230;0.1700;0.2200;;;;;;;;;9.65
2026-02-18T01:13:51.519959;VisA/pcb2;cont_0pct_ensemble_loo_mahal;0.0;ensemble_loo_mahal;10;10;10;0;79;200;100;100;3;5;99;0.7469;0.7587;0.7240;0.1700;0.2100;0.0029;;;;;;;;12.97
2026-02-18T01:14:01.172736;VisA/pcb2;cont_30pct_none;0.3;none;10;10;10;3;0;200;100;100;3;5;99;0.6814;0.6869;0.6996;0.1100;0.1200;-0.0626;;;;;;;;9.63
2026-02-18T01:14:14.819610;VisA/pcb2;cont_30pct_ensemble_loo_mahal;0.3;ensemble_loo_mahal;10;10;10;3;79;200;100;100;3;5;99;0.6835;0.6919;0.6996;0.1100;0.1300;-0.0605;0.0335;0.6667;1;0.3333;0.3333;;;13.64
2026-02-18T01:14:24.821071;VisA/pcb2;cont_0pct_none;0.0;none;10;10;10;0;0;200;100;100;4;5;90;0.6763;0.6851;0.6934;0.0700;0.1900;;;;;;;;;9.81
2026-02-18T01:14:36.567415;VisA/pcb2;cont_0pct_ensemble_loo_mahal;0.0;ensemble_loo_mahal;10;10;10;0;784;200;100;100;4;5;90;0.6626;0.6786;0.6953;0.1300;0.2100;-0.0137;;;;;;;;11.74
2026-02-18T01:14:46.194048;VisA/pcb2;cont_30pct_none;0.3;none;10;10;10;3;0;200;100;100;4;5;90;0.6073;0.6453;0.6692;0.1100;0.1700;-0.0690;;;;;;;;9.60
2026-02-18T01:14:58.037615;VisA/pcb2;cont_30pct_ensemble_loo_mahal;0.3;ensemble_loo_mahal;10;10;10;3;784;200;100;100;4;5;90;0.6345;0.6751;0.6768;0.1600;0.2100;-0.0418;0.3942;0.7619;1;0.3333;0.3333;;;11.84
2026-02-18T01:15:07.787847;VisA/pcb2;cont_0pct_none;0.0;none;10;10;10;0;0;200;100;100;4;5;95;0.6763;0.6851;0.6934;0.0700;0.1900;;;;;;;;;9.58
2026-02-18T01:15:20.812338;VisA/pcb2;cont_0pct_ensemble_loo_mahal;0.0;ensemble_loo_mahal;10;10;10;0;392;200;100;100;4;5;95;0.6479;0.6795;0.6943;0.1300;0.2200;-0.0284;;;;;;;;13.02
2026-02-18T01:15:30.582489;VisA/pcb2;cont_30pct_none;0.3;none;10;10;10;3;0;200;100;100;4;5;95;0.6073;0.6453;0.6692;0.1100;0.1700;-0.0690;;;;;;;;9.75
2026-02-18T01:15:43.863609;VisA/pcb2;cont_30pct_ensemble_loo_mahal;0.3;ensemble_loo_mahal;10;10;10;3;392;200;100;100;4;5;95;0.6094;0.6600;0.6717;0.1200;0.2200;-0.0669;0.0304;0.7619;1;0.3333;0.3333;;;13.28
2026-02-18T01:15:53.535509;VisA/pcb2;cont_0pct_none;0.0;none;10;10;10;0;0;200;100;100;4;5;99;0.6763;0.6851;0.6934;0.0700;0.1900;;;;;;;;;9.52
2026-02-18T01:16:06.451319;VisA/pcb2;cont_0pct_ensemble_loo_mahal;0.0;ensemble_loo_mahal;10;10;10;0;79;200;100;100;4;5;99;0.6799;0.6930;0.6957;0.0900;0.1800;0.0036;;;;;;;;12.91
2026-02-18T01:16:16.278295;VisA/pcb2;cont_30pct_none;0.3;none;10;10;10;3;0;200;100;100;4;5;99;0.6073;0.6453;0.6692;0.1100;0.1700;-0.0690;;;;;;;;9.81
2026-02-18T01:16:29.241643;VisA/pcb2;cont_30pct_ensemble_loo_mahal;0.3;ensemble_loo_mahal;10;10;10;3;79;200;100;100;4;5;99;0.6068;0.6526;0.6667;0.1100;0.2000;-0.0695;-0.0072;0.7619;1;0.3333;0.3333;;;12.96
2026-02-18T01:16:42.249493;VisA/pcb3;cont_0pct_none;0.0;none;10;10;10;0;0;201;101;100;0;5;90;0.8222;0.8484;0.7512;0.3600;0.4800;;;;;;;;;9.63
2026-02-18T01:16:54.465255;VisA/pcb3;cont_0pct_ensemble_loo_mahal;0.0;ensemble_loo_mahal;10;10;10;0;784;201;101;100;0;5;90;0.7898;0.8019;0.7602;0.2600;0.3500;-0.0324;;;;;;;;12.21
2026-02-18T01:17:04.243522;VisA/pcb3;cont_30pct_none;0.3;none;10;10;10;3;0;201;101;100;0;5;90;0.7227;0.7643;0.7040;0.2500;0.3400;-0.0995;;;;;;;;9.76
2026-02-18T01:17:16.898670;VisA/pcb3;cont_30pct_ensemble_loo_mahal;0.3;ensemble_loo_mahal;10;10;10;3;784;201;101;100;0;5;90;0.7442;0.7558;0.7381;0.2100;0.2800;-0.0780;0.2159;0.9048;1;0.6667;0.6667;;;12.45
2026-02-18T01:17:25.876942;VisA/pcb3;cont_0pct_none;0.0;none;10;10;10;0;0;201;101;100;0;5;95;0.8222;0.8484;0.7512;0.3600;0.4800;;;;;;;;;8.79
2026-02-18T01:17:39.355635;VisA/pcb3;cont_0pct_ensemble_loo_mahal;0.0;ensemble_loo_mahal;10;10;10;0;392;201;101;100;0;5;95;0.8151;0.8340;0.7604;0.3400;0.3800;-0.0070;;;;;;;;13.47
2026-02-18T01:17:48.574087;VisA/pcb3;cont_30pct_none;0.3;none;10;10;10;3;0;201;101;100;0;5;95;0.7227;0.7643;0.7040;0.2500;0.3400;-0.0995;;;;;;;;9.19
2026-02-18T01:18:01.661984;VisA/pcb3;cont_30pct_ensemble_loo_mahal;0.3;ensemble_loo_mahal;10;10;10;3;392;201;101;100;0;5;95;0.7396;0.7671;0.7065;0.2300;0.2400;-0.0826;0.1701;0.9048;1;0.6667;0.6667;;;13.08
2026-02-18T01:18:11.794963;VisA/pcb3;cont_0pct_none;0.0;none;10;10;10;0;0;201;101;100;0;5;99;0.8222;0.8484;0.7512;0.3600;0.4800;;;;;;;;;9.95
2026-02-18T01:18:25.068456;VisA/pcb3;cont_0pct_ensemble_loo_mahal;0.0;ensemble_loo_mahal;10;10;10;0;79;201;101;100;0;5;99;0.8214;0.8484;0.7461;0.3500;0.4700;-0.0008;;;;;;;;13.27
2026-02-18T01:18:35.416246;VisA/pcb3;cont_30pct_none;0.3;none;10;10;10;3;0;201;101;100;0;5;99;0.7227;0.7643;0.7040;0.2500;0.3400;-0.0995;;;;;;;;10.33
2026-02-18T01:18:49.131749;VisA/pcb3;cont_30pct_ensemble_loo_mahal;0.3;ensemble_loo_mahal;10;10;10;3;79;201;101;100;0;5;99;0.7253;0.7634;0.7012;0.2400;0.2900;-0.0968;0.0269;0.9048;1;0.6667;0.6667;;;13.42
2026-02-18T01:18:58.792892;VisA/pcb3;cont_0pct_none;0.0;none;10;10;10;0;0;201;101;100;1;5;90;0.8476;0.8622;0.7914;0.2700;0.5500;;;;;;;;;9.53
2026-02-18T01:19:10.540980;VisA/pcb3;cont_0pct_ensemble_loo_mahal;0.0;ensemble_loo_mahal;10;10;10;0;784;201;101;100;1;5;90;0.8103;0.8189;0.7593;0.2600;0.3600;-0.0373;;;;;;;;11.74
2026-02-18T01:19:20.518441;VisA/pcb3;cont_30pct_none;0.3;none;10;10;10;3;0;201;101;100;1;5;90;0.8144;0.8308;0.7552;0.3300;0.3900;-0.0333;;;;;;;;9.95
2026-02-18T01:19:33.320705;VisA/pcb3;cont_30pct_ensemble_loo_mahal;0.3;ensemble_loo_mahal;10;10;10;3;784;201;101;100;1;5;90;0.8221;0.8351;0.7602;0.3400;0.3900;-0.0255;0.2321;0.7619;1;0.6667;0.6667;;;12.61
2026-02-18T01:19:43.728683;VisA/pcb3;cont_0pct_none;0.0;none;10;10;10;0;0;201;101;100;1;5;95;0.8476;0.8622;0.7914;0.2700;0.5500;;;;;;;;;10.26
2026-02-18T01:19:56.693361;VisA/pcb3;cont_0pct_ensemble_loo_mahal;0.0;ensemble_loo_mahal;10;10;10;0;392;201;101;100;1;5;95;0.8406;0.8485;0.7772;0.2300;0.4300;-0.0070;;;;;;;;12.48
2026-02-18T01:20:06.659604;VisA/pcb3;cont_30pct_none;0.3;none;10;10;10;3;0;201;101;100;1;5;95;0.8144;0.8308;0.7552;0.3300;0.3900;-0.0333;;;;;;;;9.94
2026-02-18T01:20:19.125329;VisA/pcb3;cont_30pct_ensemble_loo_mahal;0.3;ensemble_loo_mahal;10;10;10;3;392;201;101;100;1;5;95;0.8401;0.8533;0.7783;0.3000;0.4600;-0.0075;0.7738;0.7619;1;0.6667;0.6667;;;12.37
2026-02-18T01:20:28.404113;VisA/pcb3;cont_0pct_none;0.0;none;10;10;10;0;0;201;101;100;1;5;99;0.8476;0.8622;0.7914;0.2700;0.5500;;;;;;;;;9.12
2026-02-18T01:20:41.903343;VisA/pcb3;cont_0pct_ensemble_loo_mahal;0.0;ensemble_loo_mahal;10;10;10;0;79;201;101;100;1;5;99;0.8464;0.8614;0.7772;0.2400;0.5700;-0.0012;;;;;;;;13.49
2026-02-18T01:20:52.504693;VisA/pcb3;cont_30pct_none;0.3;none;10;10;10;3;0;201;101;100;1;5;99;0.8144;0.8308;0.7552;0.3300;0.3900;-0.0333;;;;;;;;10.58
2026-02-18T01:21:06.154738;VisA/pcb3;cont_30pct_ensemble_loo_mahal;0.3;ensemble_loo_mahal;10;10;10;3;79;201;101;100;1;5;99;0.8167;0.8342;0.7627;0.2800;0.4100;-0.0309;0.0714;0.7619;1;0.6667;0.6667;;;13.54
2026-02-18T01:21:16.361598;VisA/pcb3;cont_0pct_none;0.0;none;10;10;10;0;0;201;101;100;2;5;90;0.8544;0.8669;0.7911;0.3500;0.5200;;;;;;;;;10.04
2026-02-18T01:21:29.054369;VisA/pcb3;cont_0pct_ensemble_loo_mahal;0.0;ensemble_loo_mahal;10;10;10;0;784;201;101;100;2;5;90;0.8305;0.8360;0.7636;0.2400;0.4800;-0.0239;;;;;;;;12.39
2026-02-18T01:21:38.366468;VisA/pcb3;cont_30pct_none;0.3;none;10;10;10;3;0;201;101;100;2;5;90;0.8563;0.8744;0.8163;0.3000;0.5300;0.0020;;;;;;;;9.29
2026-02-18T01:21:51.166657;VisA/pcb3;cont_30pct_ensemble_loo_mahal;0.3;ensemble_loo_mahal;10;10;10;3;784;201;101;100;2;5;90;0.8308;0.8478;0.7707;0.2600;0.4300;-0.0236;12.9000;0.5714;1;0.3333;0.3333;;;12.79
2026-02-18T01:22:00.449863;VisA/pcb3;cont_0pct_none;0.0;none;10;10;10;0;0;201;101;100;2;5;95;0.8544;0.8669;0.7911;0.3500;0.5200;;;;;;;;;9.12
2026-02-18T01:22:12.943828;VisA/pcb3;cont_0pct_ensemble_loo_mahal;0.0;ensemble_loo_mahal;10;10;10;0;392;201;101;100;2;5;95;0.8513;0.8618;0.7822;0.3600;0.4400;-0.0031;;;;;;;;12.48
2026-02-18T01:22:23.134227;VisA/pcb3;cont_30pct_none;0.3;none;10;10;10;3;0;201;101;100;2;5;95;0.8563;0.8744;0.8163;0.3000;0.5300;0.0020;;;;;;;;10.16
2026-02-18T01:22:36.830829;VisA/pcb3;cont_30pct_ensemble_loo_mahal;0.3;ensemble_loo_mahal;10;10;10;3;392;201;101;100;2;5;95;0.8678;0.8854;0.8276;0.3400;0.5100;0.0135;-5.8000;0.5714;1;0.3333;0.3333;;;13.04
2026-02-18T01:22:46.598982;VisA/pcb3;cont_0pct_none;0.0;none;10;10;10;0;0;201;101;100;2;5;99;0.8544;0.8669;0.7911;0.3500;0.5200;;;;;;;;;9.62
2026-02-18T01:23:00.460290;VisA/pcb3;cont_0pct_ensemble_loo_mahal;0.0;ensemble_loo_mahal;10;10;10;0;79;201;101;100;2;5;99;0.8560;0.8680;0.7885;0.3500;0.5200;0.0017;;;;;;;;13.86
2026-02-18T01:23:09.747184;VisA/pcb3;cont_30pct_none;0.3;none;10;10;10;3;0;201;101;100;2;5;99;0.8563;0.8744;0.8163;0.3000;0.5300;0.0020;;;;;;;;9.27
2026-02-18T01:23:23.299826;VisA/pcb3;cont_30pct_ensemble_loo_mahal;0.3;ensemble_loo_mahal;10;10;10;3;79;201;101;100;2;5;99;0.8569;0.8753;0.8040;0.3200;0.5500;0.0026;-0.3000;0.5714;1;0.3333;0.3333;;;13.54
2026-02-18T01:23:32.921862;VisA/pcb3;cont_0pct_none;0.0;none;10;10;10;0;0;201;101;100;3;5;90;0.8223;0.8464;0.7717;0.2800;0.4500;;;;;;;;;9.44
2026-02-18T01:23:45.535113;VisA/pcb3;cont_0pct_ensemble_loo_mahal;0.0;ensemble_loo_mahal;10;10;10;0;784;201;101;100;3;5;90;0.8014;0.8274;0.7400;0.2500;0.4100;-0.0209;;;;;;;;12.61
2026-02-18T01:23:55.462373;VisA/pcb3;cont_30pct_none;0.3;none;10;10;10;3;0;201;101;100;3;5;90;0.7996;0.8381;0.7606;0.3600;0.4600;-0.0227;;;;;;;;9.91
2026-02-18T01:24:07.973738;VisA/pcb3;cont_30pct_ensemble_loo_mahal;0.3;ensemble_loo_mahal;10;10;10;3;784;201;101;100;3;5;90;0.7958;0.8161;0.7500;0.2400;0.4300;-0.0264;-0.1659;0.8095;1;0.6667;0.6667;;;12.51
2026-02-18T01:24:18.026419;VisA/pcb3;cont_0pct_none;0.0;none;10;10;10;0;0;201;101;100;3;5;95;0.8223;0.8464;0.7717;0.2800;0.4500;;;;;;;;;9.92
2026-02-18T01:24:31.744007;VisA/pcb3;cont_0pct_ensemble_loo_mahal;0.0;ensemble_loo_mahal;10;10;10;0;392;201;101;100;3;5;95;0.8233;0.8465;0.7708;0.2600;0.5200;0.0010;;;;;;;;13.62
2026-02-18T01:24:41.589430;VisA/pcb3;cont_30pct_none;0.3;none;10;10;10;3;0;201;101;100;3;5;95;0.7996;0.8381;0.7606;0.3600;0.4600;-0.0227;;;;;;;;9.82
2026-02-18T01:24:53.992813;VisA/pcb3;cont_30pct_ensemble_loo_mahal;0.3;ensemble_loo_mahal;10;10;10;3;392;201;101;100;3;5;95;0.8004;0.8274;0.7562;0.3500;0.3800;-0.0219;0.0349;0.8095;1;0.6667;0.6667;;;12.40
2026-02-18T01:25:04.624749;VisA/pcb3;cont_0pct_none;0.0;none;10;10;10;0;0;201;101;100;3;5;99;0.8223;0.8464;0.7717;0.2800;0.4500;;;;;;;;;10.48
2026-02-18T01:25:17.832213;VisA/pcb3;cont_0pct_ensemble_loo_mahal;0.0;ensemble_loo_mahal;10;10;10;0;79;201;101;100;3;5;99;0.8297;0.8553;0.7857;0.3000;0.5100;0.0074;;;;;;;;13.05
2026-02-18T01:25:28.053643;VisA/pcb3;cont_30pct_none;0.3;none;10;10;10;3;0;201;101;100;3;5;99;0.7996;0.8381;0.7606;0.3600;0.4600;-0.0227;;;;;;;;10.20
2026-02-18T01:25:42.072731;VisA/pcb3;cont_30pct_ensemble_loo_mahal;0.3;ensemble_loo_mahal;10;10;10;3;79;201;101;100;3;5;99;0.8027;0.8386;0.7535;0.3500;0.4800;-0.0196;0.1354;0.8095;1;0.6667;0.6667;;;13.77
2026-02-18T01:25:52.622672;VisA/pcb3;cont_0pct_none;0.0;none;10;10;10;0;0;201;101;100;4;5;90;0.8214;0.8472;0.7615;0.2600;0.5400;;;;;;;;;10.39
2026-02-18T01:26:04.294448;VisA/pcb3;cont_0pct_ensemble_loo_mahal;0.0;ensemble_loo_mahal;10;10;10;0;784;201;101;100;4;5;90;0.8119;0.8320;0.7658;0.2400;0.4800;-0.0095;;;;;;;;11.66
2026-02-18T01:26:13.750916;VisA/pcb3;cont_30pct_none;0.3;none;10;10;10;3;0;201;101;100;4;5;90;0.7589;0.7852;0.7358;0.2000;0.3200;-0.0625;;;;;;;;9.44
2026-02-18T01:26:25.954000;VisA/pcb3;cont_30pct_ensemble_loo_mahal;0.3;ensemble_loo_mahal;10;10;10;3;784;201;101;100;4;5;90;0.7995;0.8084;0.7465;0.2200;0.3400;-0.0219;0.6498;0.7619;1;0.6667;0.6667;;;12.20
2026-02-18T01:26:35.846973;VisA/pcb3;cont_0pct_none;0.0;none;10;10;10;0;0;201;101;100;4;5;95;0.8214;0.8472;0.7615;0.2600;0.5400;;;;;;;;;9.74
2026-02-18T01:26:49.433970;VisA/pcb3;cont_0pct_ensemble_loo_mahal;0.0;ensemble_loo_mahal;10;10;10;0;392;201;101;100;4;5;95;0.8287;0.8507;0.7783;0.2600;0.4800;0.0073;;;;;;;;13.58
2026-02-18T01:26:59.061027;VisA/pcb3;cont_30pct_none;0.3;none;10;10;10;3;0;201;101;100;4;5;95;0.7589;0.7852;0.7358;0.2000;0.3200;-0.0625;;;;;;;;9.60
2026-02-18T01:27:12.465136;VisA/pcb3;cont_30pct_ensemble_loo_mahal;0.3;ensemble_loo_mahal;10;10;10;3;392;201;101;100;4;5;95;0.8040;0.8295;0.7583;0.2800;0.4100;-0.0174;0.7211;0.7619;1;0.6667;0.6667;;;13.23
2026-02-18T01:27:22.391434;VisA/pcb3;cont_0pct_none;0.0;none;10;10;10;0;0;201;101;100;4;5;99;0.8214;0.8472;0.7615;0.2600;0.5400;;;;;;;;;9.77
2026-02-18T01:27:35.320621;VisA/pcb3;cont_0pct_ensemble_loo_mahal;0.0;ensemble_loo_mahal;10;10;10;0;79;201;101;100;4;5;99;0.8241;0.8499;0.7593;0.3000;0.5100;0.0027;;;;;;;;12.92
2026-02-18T01:27:45.047933;VisA/pcb3;cont_30pct_none;0.3;none;10;10;10;3;0;201;101;100;4;5;99;0.7589;0.7852;0.7358;0.2000;0.3200;-0.0625;;;;;;;;9.71
2026-02-18T01:27:58.739468;VisA/pcb3;cont_30pct_ensemble_loo_mahal;0.3;ensemble_loo_mahal;10;10;10;3;79;201;101;100;4;5;99;0.7579;0.7854;0.7358;0.2000;0.3400;-0.0635;-0.0158;0.7619;1;0.6667;0.6667;;;13.69
2026-02-18T01:28:12.124143;VisA/pcb4;cont_0pct_none;0.0;none;10;10;10;0;0;201;101;100;0;5;90;0.9873;0.9861;0.9608;0.7500;0.9500;;;;;;;;;9.95
2026-02-18T01:28:24.229545;VisA/pcb4;cont_0pct_ensemble_loo_mahal;0.0;ensemble_loo_mahal;10;10;10;0;784;201;101;100;0;5;90;0.9861;0.9864;0.9381;0.8800;0.9100;-0.0012;;;;;;;;12.10
2026-02-18T01:28:34.032023;VisA/pcb4;cont_30pct_none;0.3;none;10;10;10;3;0;201;101;100;0;5;90;0.9402;0.9535;0.8986;0.6000;0.7800;-0.0471;;;;;;;;9.79
2026-02-18T01:28:47.409272;VisA/pcb4;cont_30pct_ensemble_loo_mahal;0.3;ensemble_loo_mahal;10;10;10;3;784;201;101;100;0;5;90;0.9639;0.9631;0.9082;0.6200;0.7900;-0.0235;0.5021;0.9048;1;0.6667;0.6667;;;12.79
2026-02-18T01:28:56.771577;VisA/pcb4;cont_0pct_none;0.0;none;10;10;10;0;0;201;101;100;0;5;95;0.9873;0.9861;0.9608;0.7500;0.9500;;;;;;;;;9.18
2026-02-18T01:29:10.026698;VisA/pcb4;cont_0pct_ensemble_loo_mahal;0.0;ensemble_loo_mahal;10;10;10;0;392;201;101;100;0;5;95;0.9893;0.9893;0.9505;0.7900;0.9400;0.0020;;;;;;;;13.25
2026-02-18T01:29:19.283997;VisA/pcb4;cont_30pct_none;0.3;none;10;10;10;3;0;201;101;100;0;5;95;0.9402;0.9535;0.8986;0.6000;0.7800;-0.0471;;;;;;;;9.23
2026-02-18T01:29:32.151024;VisA/pcb4;cont_30pct_ensemble_loo_mahal;0.3;ensemble_loo_mahal;10;10;10;3;392;201;101;100;0;5;95;0.9680;0.9635;0.9151;0.4300;0.8600;-0.0193;0.5903;0.9048;1;0.6667;0.6667;;;12.85
2026-02-18T01:29:42.172488;VisA/pcb4;cont_0pct_none;0.0;none;10;10;10;0;0;201;101;100;0;5;99;0.9873;0.9861;0.9608;0.7500;0.9500;;;;;;;;;9.83
2026-02-18T01:29:55.356092;VisA/pcb4;cont_0pct_ensemble_loo_mahal;0.0;ensemble_loo_mahal;10;10;10;0;79;201;101;100;0;5;99;0.9882;0.9871;0.9608;0.8100;0.9600;0.0009;;;;;;;;13.18
2026-02-18T01:30:05.558440;VisA/pcb4;cont_30pct_none;0.3;none;10;10;10;3;0;201;101;100;0;5;99;0.9402;0.9535;0.8986;0.6000;0.7800;-0.0471;;;;;;;;10.18
2026-02-18T01:30:19.408106;VisA/pcb4;cont_30pct_ensemble_loo_mahal;0.3;ensemble_loo_mahal;10;10;10;3;79;201;101;100;0;5;99;0.9412;0.9541;0.9029;0.6500;0.8200;-0.0461;0.0210;0.9048;1;0.6667;0.6667;;;13.84
2026-02-18T01:30:28.561298;VisA/pcb4;cont_0pct_none;0.0;none;10;10;10;0;0;201;101;100;1;5;90;0.9903;0.9899;0.9612;0.7900;0.9400;;;;;;;;;9.01
2026-02-18T01:30:40.229636;VisA/pcb4;cont_0pct_ensemble_loo_mahal;0.0;ensemble_loo_mahal;10;10;10;0;784;201;101;100;1;5;90;0.9842;0.9822;0.9469;0.6900;0.9100;-0.0061;;;;;;;;11.66
2026-02-18T01:30:49.988744;VisA/pcb4;cont_30pct_none;0.3;none;10;10;10;3;0;201;101;100;1;5;90;0.9451;0.9606;0.9118;0.7200;0.8200;-0.0451;;;;;;;;9.73
2026-02-18T01:31:02.511842;VisA/pcb4;cont_30pct_ensemble_loo_mahal;0.3;ensemble_loo_mahal;10;10;10;3;784;201;101;100;1;5;90;0.9707;0.9694;0.9300;0.6600;0.8700;-0.0196;0.5658;1.0000;1;1.0000;1.0000;;;12.38
2026-02-18T01:31:12.872567;VisA/pcb4;cont_0pct_none;0.0;none;10;10;10;0;0;201;101;100;1;5;95;0.9903;0.9899;0.9612;0.7900;0.9400;;;;;;;;;10.22
2026-02-18T01:31:26.936835;VisA/pcb4;cont_0pct_ensemble_loo_mahal;0.0;ensemble_loo_mahal;10;10;10;0;392;201;101;100;1;5;95;0.9858;0.9850;0.9510;0.7300;0.9000;-0.0045;;;;;;;;12.90
2026-02-18T01:31:36.997227;VisA/pcb4;cont_30pct_none;0.3;none;10;10;10;3;0;201;101;100;1;5;95;0.9451;0.9606;0.9118;0.7200;0.8200;-0.0451;;;;;;;;10.03
2026-02-18T01:31:48.943411;VisA/pcb4;cont_30pct_ensemble_loo_mahal;0.3;ensemble_loo_mahal;10;10;10;3;392;201;101;100;1;5;95;0.9683;0.9673;0.9202;0.6000;0.8200;-0.0220;0.5132;1.0000;1;1.0000;1.0000;;;11.94
2026-02-18T01:31:57.869567;VisA/pcb4;cont_0pct_none;0.0;none;10;10;10;0;0;201;101;100;1;5;99;0.9903;0.9899;0.9612;0.7900;0.9400;;;;;;;;;8.77
2026-02-18T01:32:10.704750;VisA/pcb4;cont_0pct_ensemble_loo_mahal;0.0;ensemble_loo_mahal;10;10;10;0;79;201;101;100;1;5;99;0.9888;0.9880;0.9608;0.7400;0.9500;-0.0015;;;;;;;;12.83
2026-02-18T01:32:20.766190;VisA/pcb4;cont_30pct_none;0.3;none;10;10;10;3;0;201;101;100;1;5;99;0.9451;0.9606;0.9118;0.7200;0.8200;-0.0451;;;;;;;;10.03
2026-02-18T01:32:34.783186;VisA/pcb4;cont_30pct_ensemble_loo_mahal;0.3;ensemble_loo_mahal;10;10;10;3;79;201;101;100;1;5;99;0.9441;0.9591;0.9118;0.6600;0.8400;-0.0462;-0.0241;1.0000;1;1.0000;1.0000;;;13.73
2026-02-18T01:32:44.630864;VisA/pcb4;cont_0pct_none;0.0;none;10;10;10;0;0;201;101;100;2;5;90;0.9889;0.9886;0.9500;0.7700;0.9500;;;;;;;;;9.70
2026-02-18T01:32:57.292574;VisA/pcb4;cont_0pct_ensemble_loo_mahal;0.0;ensemble_loo_mahal;10;10;10;0;784;201;101;100;2;5;90;0.9851;0.9844;0.9372;0.7000;0.9200;-0.0038;;;;;;;;12.66
2026-02-18T01:33:06.477484;VisA/pcb4;cont_30pct_none;0.3;none;10;10;10;3;0;201;101;100;2;5;90;0.9357;0.9407;0.9135;0.3500;0.7700;-0.0532;;;;;;;;9.16
2026-02-18T01:33:19.067976;VisA/pcb4;cont_30pct_ensemble_loo_mahal;0.3;ensemble_loo_mahal;10;10;10;3;784;201;101;100;2;5;90;0.9742;0.9727;0.9282;0.6500;0.8400;-0.0148;0.7225;1.0000;1;1.0000;1.0000;;;12.58
2026-02-18T01:33:28.211405;VisA/pcb4;cont_0pct_none;0.0;none;10;10;10;0;0;201;101;100;2;5;95;0.9889;0.9886;0.9500;0.7700;0.9500;;;;;;;;;9.00
2026-02-18T01:33:41.067377;VisA/pcb4;cont_0pct_ensemble_loo_mahal;0.0;ensemble_loo_mahal;10;10;10;0;392;201;101;100;2;5;95;0.9851;0.9841;0.9390;0.6900;0.9200;-0.0038;;;;;;;;12.85
2026-02-18T01:33:51.383441;VisA/pcb4;cont_30pct_none;0.3;none;10;10;10;3;0;201;101;100;2;5;95;0.9357;0.9407;0.9135;0.3500;0.7700;-0.0532;;;;;;;;10.29
2026-02-18T01:34:04.845855;VisA/pcb4;cont_30pct_ensemble_loo_mahal;0.3;ensemble_loo_mahal;10;10;10;3;392;201;101;100;2;5;95;0.9763;0.9745;0.9296;0.6600;0.8800;-0.0126;0.7635;1.0000;1;1.0000;1.0000;;;13.35
2026-02-18T01:34:14.901194;VisA/pcb4;cont_0pct_none;0.0;none;10;10;10;0;0;201;101;100;2;5;99;0.9889;0.9886;0.9500;0.7700;0.9500;;;;;;;;;9.91
2026-02-18T01:34:28.520914;VisA/pcb4;cont_0pct_ensemble_loo_mahal;0.0;ensemble_loo_mahal;10;10;10;0;79;201;101;100;2;5;99;0.9881;0.9877;0.9500;0.7700;0.9500;-0.0008;;;;;;;;13.61
2026-02-18T01:34:37.783355;VisA/pcb4;cont_30pct_none;0.3;none;10;10;10;3;0;201;101;100;2;5;99;0.9357;0.9407;0.9135;0.3500;0.7700;-0.0532;;;;;;;;9.24
2026-02-18T01:34:51.212902;VisA/pcb4;cont_30pct_ensemble_loo_mahal;0.3;ensemble_loo_mahal;10;10;10;3;79;201;101;100;2;5;99;0.9416;0.9502;0.9100;0.4900;0.8400;-0.0473;0.1099;1.0000;1;1.0000;1.0000;;;13.42
2026-02-18T01:35:00.397673;VisA/pcb4;cont_0pct_none;0.0;none;10;10;10;0;0;201;101;100;3;5;90;0.9711;0.9683;0.9300;0.5700;0.8700;;;;;;;;;9.04
2026-02-18T01:35:12.854095;VisA/pcb4;cont_0pct_ensemble_loo_mahal;0.0;ensemble_loo_mahal;10;10;10;0;784;201;101;100;3;5;90;0.9695;0.9640;0.9231;0.6600;0.8100;-0.0016;;;;;;;;12.45
2026-02-18T01:35:22.626145;VisA/pcb4;cont_30pct_none;0.3;none;10;10;10;3;0;201;101;100;3;5;90;0.9000;0.9128;0.8585;0.4300;0.6800;-0.0711;;;;;;;;9.74
2026-02-18T01:35:34.856538;VisA/pcb4;cont_30pct_ensemble_loo_mahal;0.3;ensemble_loo_mahal;10;10;10;3;784;201;101;100;3;5;90;0.9337;0.9274;0.8815;0.3500;0.6900;-0.0374;0.4735;0.8095;0;0.6667;0.6667;;;12.22
2026-02-18T01:35:44.805918;VisA/pcb4;cont_0pct_none;0.0;none;10;10;10;0;0;201;101;100;3;5;95;0.9711;0.9683;0.9300;0.5700;0.8700;;;;;;;;;9.81
2026-02-18T01:35:57.928768;VisA/pcb4;cont_0pct_ensemble_loo_mahal;0.0;ensemble_loo_mahal;10;10;10;0;392;201;101;100;3;5;95;0.9786;0.9762;0.9378;0.6900;0.8900;0.0075;;;;;;;;13.12
2026-02-18T01:36:07.147743;VisA/pcb4;cont_30pct_none;0.3;none;10;10;10;3;0;201;101;100;3;5;95;0.9000;0.9128;0.8585;0.4300;0.6800;-0.0711;;;;;;;;9.20
2026-02-18T01:36:18.951843;VisA/pcb4;cont_30pct_ensemble_loo_mahal;0.3;ensemble_loo_mahal;10;10;10;3;392;201;101;100;3;5;95;0.9217;0.9146;0.8815;0.4700;0.6200;-0.0494;0.3050;0.8095;0;0.6667;0.6667;;;11.80
2026-02-18T01:36:29.397377;VisA/pcb4;cont_0pct_none;0.0;none;10;10;10;0;0;201;101;100;3;5;99;0.9711;0.9683;0.9300;0.5700;0.8700;;;;;;;;;10.29
2026-02-18T01:36:42.298963;VisA/pcb4;cont_0pct_ensemble_loo_mahal;0.0;ensemble_loo_mahal;10;10;10;0;79;201;101;100;3;5;99;0.9674;0.9620;0.9307;0.5200;0.8500;-0.0037;;;;;;;;12.89
2026-02-18T01:36:52.318931;VisA/pcb4;cont_30pct_none;0.3;none;10;10;10;3;0;201;101;100;3;5;99;0.9000;0.9128;0.8585;0.4300;0.6800;-0.0711;;;;;;;;9.99
2026-02-18T01:37:05.804612;VisA/pcb4;cont_30pct_ensemble_loo_mahal;0.3;ensemble_loo_mahal;10;10;10;3;79;201;101;100;3;5;99;0.8994;0.9074;0.8586;0.4700;0.6500;-0.0717;-0.0084;0.8095;0;0.6667;0.6667;;;13.48
2026-02-18T01:37:16.227056;VisA/pcb4;cont_0pct_none;0.0;none;10;10;10;0;0;201;101;100;4;5;90;0.9896;0.9877;0.9662;0.8000;0.9600;;;;;;;;;10.26
2026-02-18T01:37:28.118326;VisA/pcb4;cont_0pct_ensemble_loo_mahal;0.0;ensemble_loo_mahal;10;10;10;0;784;201;101;100;4;5;90;0.9893;0.9891;0.9500;0.8100;0.9500;-0.0003;;;;;;;;11.73
2026-02-18T01:37:37.669071;VisA/pcb4;cont_30pct_none;0.3;none;10;10;10;3;0;201;101;100;4;5;90;0.9572;0.9706;0.9394;0.7100;0.9300;-0.0324;;;;;;;;9.53
2026-02-18T01:37:49.764647;VisA/pcb4;cont_30pct_ensemble_loo_mahal;0.3;ensemble_loo_mahal;10;10;10;3;784;201;101;100;4;5;90;0.9810;0.9780;0.9453;0.6000;0.9200;-0.0086;0.7339;0.9524;1;0.6667;0.6667;;;12.09
2026-02-18T01:37:59.876065;VisA/pcb4;cont_0pct_none;0.0;none;10;10;10;0;0;201;101;100;4;5;95;0.9896;0.9877;0.9662;0.8000;0.9600;;;;;;;;;9.95
2026-02-18T01:38:13.230876;VisA/pcb4;cont_0pct_ensemble_loo_mahal;0.0;ensemble_loo_mahal;10;10;10;0;392;201;101;100;4;5;95;0.9860;0.9844;0.9615;0.6600;0.9500;-0.0036;;;;;;;;13.35
2026-02-18T01:38:23.011319;VisA/pcb4;cont_30pct_none;0.3;none;10;10;10;3;0;201;101;100;4;5;95;0.9572;0.9706;0.9394;0.7100;0.9300;-0.0324;;;;;;;;9.76
2026-02-18T01:38:37.121651;VisA/pcb4;cont_30pct_ensemble_loo_mahal;0.3;ensemble_loo_mahal;10;10;10;3;392;201;101;100;4;5;95;0.9797;0.9782;0.9458;0.5600;0.9100;-0.0099;0.6942;0.9524;1;0.6667;0.6667;;;13.56
2026-02-18T01:38:46.439774;VisA/pcb4;cont_0pct_none;0.0;none;10;10;10;0;0;201;101;100;4;5;99;0.9896;0.9877;0.9662;0.8000;0.9600;;;;;;;;;9.15
2026-02-18T01:39:00.433694;VisA/pcb4;cont_0pct_ensemble_loo_mahal;0.0;ensemble_loo_mahal;10;10;10;0;79;201;101;100;4;5;99;0.9895;0.9879;0.9662;0.7600;0.9600;-0.0001;;;;;;;;13.99
2026-02-18T01:39:09.589281;VisA/pcb4;cont_30pct_none;0.3;none;10;10;10;3;0;201;101;100;4;5;99;0.9572;0.9706;0.9394;0.7100;0.9300;-0.0324;;;;;;;;9.14
2026-02-18T01:39:22.835181;VisA/pcb4;cont_30pct_ensemble_loo_mahal;0.3;ensemble_loo_mahal;10;10;10;3;79;201;101;100;4;5;99;0.9604;0.9746;0.9406;0.8000;0.9200;-0.0292;0.0979;0.9524;1;0.6667;0.6667;;;13.24
2026-02-18T01:39:32.696611;VisA/pipe_fryum;cont_0pct_none;0.0;none;10;10;10;0;0;150;50;100;0;5;90;0.7254;0.8722;0.8097;0.3600;0.4200;;;;;;;;;7.51
2026-02-18T01:39:43.122209;VisA/pipe_fryum;cont_0pct_ensemble_loo_mahal;0.0;ensemble_loo_mahal;10;10;10;0;784;150;50;100;0;5;90;0.6828;0.8380;0.8049;0.2200;0.2900;-0.0426;;;;;;;;10.42
2026-02-18T01:39:50.457841;VisA/pipe_fryum;cont_30pct_none;0.3;none;10;10;10;3;0;150;50;100;0;5;90;0.6826;0.8541;0.8000;0.3300;0.4500;-0.0428;;;;;;;;7.31
2026-02-18T01:40:01.031272;VisA/pipe_fryum;cont_30pct_ensemble_loo_mahal;0.3;ensemble_loo_mahal;10;10;10;3;784;150;50;100;0;5;90;0.6898;0.8427;0.8083;0.2000;0.3300;-0.0356;0.1682;0.5714;0;0.3333;0.3333;;;10.33
2026-02-18T01:40:08.762644;VisA/pipe_fryum;cont_0pct_none;0.0;none;10;10;10;0;0;150;50;100;0;5;95;0.7254;0.8722;0.8097;0.3600;0.4200;;;;;;;;;7.60
2026-02-18T01:40:18.603804;VisA/pipe_fryum;cont_0pct_ensemble_loo_mahal;0.0;ensemble_loo_mahal;10;10;10;0;392;150;50;100;0;5;95;0.7068;0.8585;0.8065;0.2600;0.4000;-0.0186;;;;;;;;9.84
2026-02-18T01:40:26.152808;VisA/pipe_fryum;cont_30pct_none;0.3;none;10;10;10;3;0;150;50;100;0;5;95;0.6826;0.8541;0.8000;0.3300;0.4500;-0.0428;;;;;;;;7.52
2026-02-18T01:40:36.269852;VisA/pipe_fryum;cont_30pct_ensemble_loo_mahal;0.3;ensemble_loo_mahal;10;10;10;3;392;150;50;100;0;5;95;0.6834;0.8502;0.8000;0.2500;0.4200;-0.0420;0.0187;0.5714;0;0.3333;0.3333;;;9.78
2026-02-18T01:40:44.051407;VisA/pipe_fryum;cont_0pct_none;0.0;none;10;10;10;0;0;150;50;100;0;5;99;0.7254;0.8722;0.8097;0.3600;0.4200;;;;;;;;;7.62
2026-02-18T01:40:54.430818;VisA/pipe_fryum;cont_0pct_ensemble_loo_mahal;0.0;ensemble_loo_mahal;10;10;10;0;79;150;50;100;0;5;99;0.7206;0.8690;0.8097;0.3400;0.4300;-0.0048;;;;;;;;10.37
2026-02-18T01:41:01.993035;VisA/pipe_fryum;cont_30pct_none;0.3;none;10;10;10;3;0;150;50;100;0;5;99;0.6826;0.8541;0.8000;0.3300;0.4500;-0.0428;;;;;;;;7.54
2026-02-18T01:41:12.707592;VisA/pipe_fryum;cont_30pct_ensemble_loo_mahal;0.3;ensemble_loo_mahal;10;10;10;3;79;150;50;100;0;5;99;0.6832;0.8542;0.8000;0.3300;0.4600;-0.0422;0.0140;0.5714;0;0.3333;0.3333;;;10.56
2026-02-18T01:41:20.459188;VisA/pipe_fryum;cont_0pct_none;0.0;none;10;10;10;0;0;150;50;100;1;5;90;0.6974;0.8577;0.8000;0.3300;0.4200;;;;;;;;;7.61
2026-02-18T01:41:30.564529;VisA/pipe_fryum;cont_0pct_ensemble_loo_mahal;0.0;ensemble_loo_mahal;10;10;10;0;784;150;50;100;1;5;90;0.6766;0.8427;0.8065;0.2500;0.4000;-0.0208;;;;;;;;9.96
2026-02-18T01:41:38.288803;VisA/pipe_fryum;cont_30pct_none;0.3;none;10;10;10;3;0;150;50;100;1;5;90;0.6496;0.8335;0.8000;0.3100;0.3800;-0.0478;;;;;;;;7.70
2026-02-18T01:41:49.231323;VisA/pipe_fryum;cont_30pct_ensemble_loo_mahal;0.3;ensemble_loo_mahal;10;10;10;3;784;150;50;100;1;5;90;0.6754;0.8425;0.8065;0.2300;0.3900;-0.0220;0.5397;0.7143;1;0.6667;0.6667;;;10.73
2026-02-18T01:41:55.869061;VisA/pipe_fryum;cont_0pct_none;0.0;none;10;10;10;0;0;150;50;100;1;5;95;0.6974;0.8577;0.8000;0.3300;0.4200;;;;;;;;;6.49
2026-02-18T01:42:06.814817;VisA/pipe_fryum;cont_0pct_ensemble_loo_mahal;0.0;ensemble_loo_mahal;10;10;10;0;392;150;50;100;1;5;95;0.6940;0.8536;0.8016;0.3100;0.4200;-0.0034;;;;;;;;10.94
2026-02-18T01:42:13.159224;VisA/pipe_fryum;cont_30pct_none;0.3;none;10;10;10;3;0;150;50;100;1;5;95;0.6496;0.8335;0.8000;0.3100;0.3800;-0.0478;;;;;;;;6.32
2026-02-18T01:42:23.833909;VisA/pipe_fryum;cont_30pct_ensemble_loo_mahal;0.3;ensemble_loo_mahal;10;10;10;3;392;150;50;100;1;5;95;0.6684;0.8447;0.8000;0.3000;0.4100;-0.0290;0.3933;0.7143;1;0.6667;0.6667;;;10.67
2026-02-18T01:42:30.839080;VisA/pipe_fryum;cont_0pct_none;0.0;none;10;10;10;0;0;150;50;100;1;5;99;0.6974;0.8577;0.8000;0.3300;0.4200;;;;;;;;;6.85
2026-02-18T01:42:42.329644;VisA/pipe_fryum;cont_0pct_ensemble_loo_mahal;0.0;ensemble_loo_mahal;10;10;10;0;79;150;50;100;1;5;99;0.6958;0.8563;0.8000;0.3300;0.4200;-0.0016;;;;;;;;11.17
2026-02-18T01:42:49.899780;VisA/pipe_fryum;cont_30pct_none;0.3;none;10;10;10;3;0;150;50;100;1;5;99;0.6496;0.8335;0.8000;0.3100;0.3800;-0.0478;;;;;;;;7.55
2026-02-18T01:43:00.757332;VisA/pipe_fryum;cont_30pct_ensemble_loo_mahal;0.3;ensemble_loo_mahal;10;10;10;3;79;150;50;100;1;5;99;0.6584;0.8383;0.8000;0.3200;0.3900;-0.0390;0.1841;0.7143;1;0.6667;0.6667;;;10.62
2026-02-18T01:43:08.777943;VisA/pipe_fryum;cont_0pct_none;0.0;none;10;10;10;0;0;150;50;100;2;5;90;0.7312;0.8658;0.8097;0.2400;0.3900;;;;;;;;;7.85
2026-02-18T01:43:19.376766;VisA/pipe_fryum;cont_0pct_ensemble_loo_mahal;0.0;ensemble_loo_mahal;10;10;10;0;784;150;50;100;2;5;90;0.6970;0.8451;0.8082;0.2000;0.2900;-0.0342;;;;;;;;10.59
2026-02-18T01:43:27.106882;VisA/pipe_fryum;cont_30pct_none;0.3;none;10;10;10;3;0;150;50;100;2;5;90;0.6644;0.8363;0.8000;0.2500;0.3900;-0.0668;;;;;;;;7.71
2026-02-18T01:43:36.681071;VisA/pipe_fryum;cont_30pct_ensemble_loo_mahal;0.3;ensemble_loo_mahal;10;10;10;3;784;150;50;100;2;5;90;0.6464;0.8176;0.8000;0.2200;0.2900;-0.0848;-0.2695;0.4762;1;0.3333;0.3333;;;9.57
2026-02-18T01:43:44.097789;VisA/pipe_fryum;cont_0pct_none;0.0;none;10;10;10;0;0;150;50;100;2;5;95;0.7312;0.8658;0.8097;0.2400;0.3900;;;;;;;;;7.28
2026-02-18T01:43:56.281976;VisA/pipe_fryum;cont_0pct_ensemble_loo_mahal;0.0;ensemble_loo_mahal;10;10;10;0;392;150;50;100;2;5;95;0.7112;0.8526;0.8097;0.2100;0.3300;-0.0200;;;;;;;;12.18
2026-02-18T01:44:03.633996;VisA/pipe_fryum;cont_30pct_none;0.3;none;10;10;10;3;0;150;50;100;2;5;95;0.6644;0.8363;0.8000;0.2500;0.3900;-0.0668;;;;;;;;7.33
2026-02-18T01:44:14.089334;VisA/pipe_fryum;cont_30pct_ensemble_loo_mahal;0.3;ensemble_loo_mahal;10;10;10;3;392;150;50;100;2;5;95;0.6642;0.8299;0.8000;0.2300;0.3500;-0.0670;-0.0030;0.4762;1;0.3333;0.3333;;;10.21
2026-02-18T01:44:21.547480;VisA/pipe_fryum;cont_0pct_none;0.0;none;10;10;10;0;0;150;50;100;2;5;99;0.7312;0.8658;0.8097;0.2400;0.3900;;;;;;;;;7.28
2026-02-18T01:44:33.345127;VisA/pipe_fryum;cont_0pct_ensemble_loo_mahal;0.0;ensemble_loo_mahal;10;10;10;0;79;150;50;100;2;5;99;0.7322;0.8664;0.8097;0.2400;0.3900;0.0010;;;;;;;;11.23
2026-02-18T01:44:40.589191;VisA/pipe_fryum;cont_30pct_none;0.3;none;10;10;10;3;0;150;50;100;2;5;99;0.6644;0.8363;0.8000;0.2500;0.3900;-0.0668;;;;;;;;7.22
2026-02-18T01:44:52.225930;VisA/pipe_fryum;cont_30pct_ensemble_loo_mahal;0.3;ensemble_loo_mahal;10;10;10;3;79;150;50;100;2;5;99;0.6634;0.8358;0.8000;0.2500;0.3600;-0.0678;-0.0150;0.4762;1;0.3333;0.3333;;;11.14
2026-02-18T01:44:59.960172;VisA/pipe_fryum;cont_0pct_none;0.0;none;10;10;10;0;0;150;50;100;3;5;90;0.7316;0.8688;0.8065;0.2900;0.4300;;;;;;;;;7.57
2026-02-18T01:45:09.614142;VisA/pipe_fryum;cont_0pct_ensemble_loo_mahal;0.0;ensemble_loo_mahal;10;10;10;0;784;150;50;100;3;5;90;0.7128;0.8542;0.8032;0.2400;0.3100;-0.0188;;;;;;;;9.09
2026-02-18T01:45:17.312508;VisA/pipe_fryum;cont_30pct_none;0.3;none;10;10;10;3;0;150;50;100;3;5;90;0.6720;0.8395;0.8000;0.2100;0.3400;-0.0596;;;;;;;;7.68
2026-02-18T01:45:27.919309;VisA/pipe_fryum;cont_30pct_ensemble_loo_mahal;0.3;ensemble_loo_mahal;10;10;10;3;784;150;50;100;3;5;90;0.6682;0.8346;0.8032;0.2200;0.3200;-0.0634;-0.0638;0.2381;0;0.0000;0.0000;;;10.48
2026-02-18T01:45:34.537476;VisA/pipe_fryum;cont_0pct_none;0.0;none;10;10;10;0;0;150;50;100;3;5;95;0.7316;0.8688;0.8065;0.2900;0.4300;;;;;;;;;6.47
2026-02-18T01:45:45.203732;VisA/pipe_fryum;cont_0pct_ensemble_loo_mahal;0.0;ensemble_loo_mahal;10;10;10;0;392;150;50;100;3;5;95;0.7206;0.8634;0.8049;0.2500;0.4200;-0.0110;;;;;;;;10.66
2026-02-18T01:45:52.338687;VisA/pipe_fryum;cont_30pct_none;0.3;none;10;10;10;3;0;150;50;100;3;5;95;0.6720;0.8395;0.8000;0.2100;0.3400;-0.0596;;;;;;;;7.11
2026-02-18T01:46:03.087361;VisA/pipe_fryum;cont_30pct_ensemble_loo_mahal;0.3;ensemble_loo_mahal;10;10;10;3;392;150;50;100;3;5;95;0.6916;0.8466;0.8000;0.2100;0.3500;-0.0400;0.3289;0.2381;0;0.0000;0.0000;;;10.74
2026-02-18T01:46:10.703955;VisA/pipe_fryum;cont_0pct_none;0.0;none;10;10;10;0;0;150;50;100;3;5;99;0.7316;0.8688;0.8065;0.2900;0.4300;;;;;;;;;7.47
2026-02-18T01:46:21.337415;VisA/pipe_fryum;cont_0pct_ensemble_loo_mahal;0.0;ensemble_loo_mahal;10;10;10;0;79;150;50;100;3;5;99;0.7314;0.8690;0.8065;0.2900;0.4300;-0.0002;;;;;;;;10.63
2026-02-18T01:46:28.921541;VisA/pipe_fryum;cont_30pct_none;0.3;none;10;10;10;3;0;150;50;100;3;5;99;0.6720;0.8395;0.8000;0.2100;0.3400;-0.0596;;;;;;;;7.56
2026-02-18T01:46:39.967133;VisA/pipe_fryum;cont_30pct_ensemble_loo_mahal;0.3;ensemble_loo_mahal;10;10;10;3;79;150;50;100;3;5;99;0.6744;0.8409;0.8000;0.2100;0.3500;-0.0572;0.0403;0.2381;0;0.0000;0.0000;;;10.82
2026-02-18T01:46:47.656009;VisA/pipe_fryum;cont_0pct_none;0.0;none;10;10;10;0;0;150;50;100;4;5;90;0.7132;0.8629;0.8049;0.3700;0.4700;;;;;;;;;7.53
2026-02-18T01:46:57.513201;VisA/pipe_fryum;cont_0pct_ensemble_loo_mahal;0.0;ensemble_loo_mahal;10;10;10;0;784;150;50;100;4;5;90;0.6894;0.8442;0.8065;0.1900;0.3400;-0.0238;;;;;;;;9.57
2026-02-18T01:47:05.026139;VisA/pipe_fryum;cont_30pct_none;0.3;none;10;10;10;3;0;150;50;100;4;5;90;0.6686;0.8401;0.8000;0.2800;0.4000;-0.0446;;;;;;;;7.49
2026-02-18T01:47:14.547070;VisA/pipe_fryum;cont_30pct_ensemble_loo_mahal;0.3;ensemble_loo_mahal;10;10;10;3;784;150;50;100;4;5;90;0.6780;0.8375;0.8049;0.2000;0.3200;-0.0352;0.2108;0.7619;1;0.6667;0.6667;;;9.38
2026-02-18T01:47:21.774319;VisA/pipe_fryum;cont_0pct_none;0.0;none;10;10;10;0;0;150;50;100;4;5;95;0.7132;0.8629;0.8049;0.3700;0.4700;;;;;;;;;7.12
2026-02-18T01:47:31.933257;VisA/pipe_fryum;cont_0pct_ensemble_loo_mahal;0.0;ensemble_loo_mahal;10;10;10;0;392;150;50;100;4;5;95;0.7030;0.8561;0.8033;0.2900;0.4500;-0.0102;;;;;;;;10.15
2026-02-18T01:47:39.409089;VisA/pipe_fryum;cont_30pct_none;0.3;none;10;10;10;3;0;150;50;100;4;5;95;0.6686;0.8401;0.8000;0.2800;0.4000;-0.0446;;;;;;;;7.46
2026-02-18T01:47:50.389122;VisA/pipe_fryum;cont_30pct_ensemble_loo_mahal;0.3;ensemble_loo_mahal;10;10;10;3;392;150;50;100;4;5;95;0.6872;0.8493;0.8000;0.2300;0.4300;-0.0260;0.4170;0.7619;1;0.6667;0.6667;;;10.69
2026-02-18T01:47:58.118108;VisA/pipe_fryum;cont_0pct_none;0.0;none;10;10;10;0;0;150;50;100;4;5;99;0.7132;0.8629;0.8049;0.3700;0.4700;;;;;;;;;7.58
2026-02-18T01:48:09.257259;VisA/pipe_fryum;cont_0pct_ensemble_loo_mahal;0.0;ensemble_loo_mahal;10;10;10;0;79;150;50;100;4;5;99;0.7090;0.8618;0.8049;0.3800;0.4700;-0.0042;;;;;;;;10.85
2026-02-18T01:48:16.764492;VisA/pipe_fryum;cont_30pct_none;0.3;none;10;10;10;3;0;150;50;100;4;5;99;0.6686;0.8401;0.8000;0.2800;0.4000;-0.0446;;;;;;;;7.49
2026-02-18T01:48:28.088636;VisA/pipe_fryum;cont_30pct_ensemble_loo_mahal;0.3;ensemble_loo_mahal;10;10;10;3;79;150;50;100;4;5;99;0.6696;0.8410;0.8000;0.2900;0.4100;-0.0436;0.0224;0.7619;1;0.6667;0.6667;;;10.90
2026-02-18T01:48:42.235734;mvtec_loco_AD/breakfast_box;cont_0pct_none;0.0;none;10;10;10;0;0;275;102;173;0;5;90;0.7521;0.8715;0.7791;0.4220;0.5029;;;;;;;;;12.57
2026-02-18T01:48:57.082429;mvtec_loco_AD/breakfast_box;cont_0pct_ensemble_loo_mahal;0.0;ensemble_loo_mahal;10;10;10;0;784;275;102;173;0;5;90;0.7335;0.8624;0.7798;0.4162;0.4740;-0.0185;;;;;;;;14.84
2026-02-18T01:49:10.446060;mvtec_loco_AD/breakfast_box;cont_30pct_none;0.3;none;10;10;10;3;0;275;102;173;0;5;90;0.7374;0.8695;0.7723;0.4335;0.5029;-0.0146;;;;;;;;13.34
2026-02-18T01:49:26.355915;mvtec_loco_AD/breakfast_box;cont_30pct_ensemble_loo_mahal;0.3;ensemble_loo_mahal;10;10;10;3;784;275;102;173;0;5;90;0.7492;0.8727;0.7760;0.4393;0.5029;-0.0029;0.8023;0.9524;1;0.6667;0.6667;;;15.90
2026-02-18T01:49:39.908137;mvtec_loco_AD/breakfast_box;cont_0pct_none;0.0;none;10;10;10;0;0;275;102;173;0;5;95;0.7521;0.8715;0.7791;0.4220;0.5029;;;;;;;;;13.29
2026-02-18T01:49:56.300871;mvtec_loco_AD/breakfast_box;cont_0pct_ensemble_loo_mahal;0.0;ensemble_loo_mahal;10;10;10;0;392;275;102;173;0;5;95;0.7371;0.8644;0.7812;0.4566;0.4913;-0.0150;;;;;;;;16.39
2026-02-18T01:50:09.377743;mvtec_loco_AD/breakfast_box;cont_30pct_none;0.3;none;10;10;10;3;0;275;102;173;0;5;95;0.7374;0.8695;0.7723;0.4335;0.5029;-0.0146;;;;;;;;13.06
2026-02-18T01:50:25.092182;mvtec_loco_AD/breakfast_box;cont_30pct_ensemble_loo_mahal;0.3;ensemble_loo_mahal;10;10;10;3;392;275;102;173;0;5;95;0.7530;0.8765;0.7723;0.4855;0.5202;0.0009;1.0620;0.9524;1;0.6667;0.6667;;;15.71
2026-02-18T01:50:37.914376;mvtec_loco_AD/breakfast_box;cont_0pct_none;0.0;none;10;10;10;0;0;275;102;173;0;5;99;0.7521;0.8715;0.7791;0.4220;0.5029;;;;;;;;;12.64
2026-02-18T01:50:54.756932;mvtec_loco_AD/breakfast_box;cont_0pct_ensemble_loo_mahal;0.0;ensemble_loo_mahal;10;10;10;0;79;275;102;173;0;5;99;0.7505;0.8711;0.7799;0.4220;0.5087;-0.0015;;;;;;;;16.84
2026-02-18T01:51:08.830701;mvtec_loco_AD/breakfast_box;cont_30pct_none;0.3;none;10;10;10;3;0;275;102;173;0;5;99;0.7374;0.8695;0.7723;0.4335;0.5029;-0.0146;;;;;;;;14.05
2026-02-18T01:51:25.550679;mvtec_loco_AD/breakfast_box;cont_30pct_ensemble_loo_mahal;0.3;ensemble_loo_mahal;10;10;10;3;79;275;102;173;0;5;99;0.7369;0.8695;0.7723;0.4335;0.5087;-0.0152;-0.0388;0.9524;1;0.6667;0.6667;;;16.56
2026-02-18T01:51:39.540431;mvtec_loco_AD/breakfast_box;cont_0pct_none;0.0;none;10;10;10;0;0;275;102;173;1;5;90;0.7476;0.8708;0.7723;0.4566;0.5087;;;;;;;;;13.72
2026-02-18T01:51:54.266020;mvtec_loco_AD/breakfast_box;cont_0pct_ensemble_loo_mahal;0.0;ensemble_loo_mahal;10;10;10;0;784;275;102;173;1;5;90;0.7149;0.8543;0.7723;0.3931;0.4393;-0.0327;;;;;;;;14.72
2026-02-18T01:52:07.841560;mvtec_loco_AD/breakfast_box;cont_30pct_none;0.3;none;10;10;10;3;0;275;102;173;1;5;90;0.7077;0.8472;0.7723;0.3699;0.4509;-0.0400;;;;;;;;13.56
2026-02-18T01:52:22.646799;mvtec_loco_AD/breakfast_box;cont_30pct_ensemble_loo_mahal;0.3;ensemble_loo_mahal;10;10;10;3;784;275;102;173;1;5;90;0.7101;0.8528;0.7723;0.4104;0.4855;-0.0375;0.0610;0.9524;1;0.6667;0.6667;;;14.80
2026-02-18T01:52:35.980725;mvtec_loco_AD/breakfast_box;cont_0pct_none;0.0;none;10;10;10;0;0;275;102;173;1;5;95;0.7476;0.8708;0.7723;0.4566;0.5087;;;;;;;;;13.11
2026-02-18T01:52:52.647042;mvtec_loco_AD/breakfast_box;cont_0pct_ensemble_loo_mahal;0.0;ensemble_loo_mahal;10;10;10;0;392;275;102;173;1;5;95;0.7384;0.8664;0.7723;0.4740;0.5087;-0.0092;;;;;;;;16.66
2026-02-18T01:53:05.909881;mvtec_loco_AD/breakfast_box;cont_30pct_none;0.3;none;10;10;10;3;0;275;102;173;1;5;95;0.7077;0.8472;0.7723;0.3699;0.4509;-0.0400;;;;;;;;13.24
2026-02-18T01:53:23.095066;mvtec_loco_AD/breakfast_box;cont_30pct_ensemble_loo_mahal;0.3;ensemble_loo_mahal;10;10;10;3;392;275;102;173;1;5;95;0.7253;0.8593;0.7723;0.4046;0.5029;-0.0223;0.4411;0.9524;1;0.6667;0.6667;;;16.99
2026-02-18T01:53:35.757718;mvtec_loco_AD/breakfast_box;cont_0pct_none;0.0;none;10;10;10;0;0;275;102;173;1;5;99;0.7476;0.8708;0.7723;0.4566;0.5087;;;;;;;;;12.44
2026-02-18T01:53:52.862723;mvtec_loco_AD/breakfast_box;cont_0pct_ensemble_loo_mahal;0.0;ensemble_loo_mahal;10;10;10;0;79;275;102;173;1;5;99;0.7483;0.8713;0.7723;0.4624;0.5087;0.0007;;;;;;;;17.10
2026-02-18T01:54:05.650140;mvtec_loco_AD/breakfast_box;cont_30pct_none;0.3;none;10;10;10;3;0;275;102;173;1;5;99;0.7077;0.8472;0.7723;0.3699;0.4509;-0.0400;;;;;;;;12.77
2026-02-18T01:54:22.161630;mvtec_loco_AD/breakfast_box;cont_30pct_ensemble_loo_mahal;0.3;ensemble_loo_mahal;10;10;10;3;79;275;102;173;1;5;99;0.7092;0.8490;0.7723;0.3699;0.4682;-0.0385;0.0369;0.9524;1;0.6667;0.6667;;;16.50
2026-02-18T01:54:36.243376;mvtec_loco_AD/breakfast_box;cont_0pct_none;0.0;none;10;10;10;0;0;275;102;173;2;5;90;0.7826;0.8905;0.7790;0.5087;0.5434;;;;;;;;;13.82
2026-02-18T01:54:51.731096;mvtec_loco_AD/breakfast_box;cont_0pct_ensemble_loo_mahal;0.0;ensemble_loo_mahal;10;10;10;0;784;275;102;173;2;5;90;0.7640;0.8776;0.7813;0.4798;0.5029;-0.0185;;;;;;;;15.48
2026-02-18T01:55:05.240265;mvtec_loco_AD/breakfast_box;cont_30pct_none;0.3;none;10;10;10;3;0;275;102;173;2;5;90;0.7615;0.8784;0.7723;0.4855;0.5029;-0.0210;;;;;;;;13.48
2026-02-18T01:55:20.060585;mvtec_loco_AD/breakfast_box;cont_30pct_ensemble_loo_mahal;0.3;ensemble_loo_mahal;10;10;10;3;784;275;102;173;2;5;90;0.7527;0.8739;0.7729;0.4393;0.5087;-0.0298;-0.4178;0.8095;1;0.6667;0.6667;;;14.81
2026-02-18T01:55:34.229202;mvtec_loco_AD/breakfast_box;cont_0pct_none;0.0;none;10;10;10;0;0;275;102;173;2;5;95;0.7826;0.8905;0.7790;0.5087;0.5434;;;;;;;;;13.91
2026-02-18T01:55:51.777549;mvtec_loco_AD/breakfast_box;cont_0pct_ensemble_loo_mahal;0.0;ensemble_loo_mahal;10;10;10;0;392;275;102;173;2;5;95;0.7761;0.8871;0.7798;0.5087;0.5491;-0.0065;;;;;;;;17.54
2026-02-18T01:56:05.583715;mvtec_loco_AD/breakfast_box;cont_30pct_none;0.3;none;10;10;10;3;0;275;102;173;2;5;95;0.7615;0.8784;0.7723;0.4855;0.5029;-0.0210;;;;;;;;13.79
2026-02-18T01:56:22.956735;mvtec_loco_AD/breakfast_box;cont_30pct_ensemble_loo_mahal;0.3;ensemble_loo_mahal;10;10;10;3;392;275;102;173;2;5;95;0.7587;0.8799;0.7723;0.4798;0.5491;-0.0239;-0.1348;0.8095;1;0.6667;0.6667;;;17.07
2026-02-18T01:56:36.785504;mvtec_loco_AD/breakfast_box;cont_0pct_none;0.0;none;10;10;10;0;0;275;102;173;2;5;99;0.7826;0.8905;0.7790;0.5087;0.5434;;;;;;;;;13.59
2026-02-18T01:56:53.913374;mvtec_loco_AD/breakfast_box;cont_0pct_ensemble_loo_mahal;0.0;ensemble_loo_mahal;10;10;10;0;79;275;102;173;2;5;99;0.7823;0.8904;0.7790;0.5087;0.5491;-0.0002;;;;;;;;17.12
2026-02-18T01:57:06.780695;mvtec_loco_AD/breakfast_box;cont_30pct_none;0.3;none;10;10;10;3;0;275;102;173;2;5;99;0.7615;0.8784;0.7723;0.4855;0.5029;-0.0210;;;;;;;;12.84
2026-02-18T01:57:22.691579;mvtec_loco_AD/breakfast_box;cont_30pct_ensemble_loo_mahal;0.3;ensemble_loo_mahal;10;10;10;3;79;275;102;173;2;5;99;0.7613;0.8786;0.7723;0.4855;0.5087;-0.0213;-0.0108;0.8095;1;0.6667;0.6667;;;15.90
2026-02-18T01:57:35.925122;mvtec_loco_AD/breakfast_box;cont_0pct_none;0.0;none;10;10;10;0;0;275;102;173;3;5;90;0.7397;0.8643;0.7830;0.4046;0.4740;;;;;;;;;12.95
2026-02-18T01:57:51.760557;mvtec_loco_AD/breakfast_box;cont_0pct_ensemble_loo_mahal;0.0;ensemble_loo_mahal;10;10;10;0;784;275;102;173;3;5;90;0.7163;0.8518;0.7723;0.3815;0.4566;-0.0235;;;;;;;;15.83
2026-02-18T01:58:05.571952;mvtec_loco_AD/breakfast_box;cont_30pct_none;0.3;none;10;10;10;3;0;275;102;173;3;5;90;0.7152;0.8515;0.7723;0.3931;0.4509;-0.0245;;;;;;;;13.79
2026-02-18T01:58:20.737388;mvtec_loco_AD/breakfast_box;cont_30pct_ensemble_loo_mahal;0.3;ensemble_loo_mahal;10;10;10;3;784;275;102;173;3;5;90;0.7164;0.8486;0.7723;0.3526;0.4046;-0.0233;0.0508;1.0000;1;1.0000;1.0000;;;15.16
2026-02-18T01:58:34.557555;mvtec_loco_AD/breakfast_box;cont_0pct_none;0.0;none;10;10;10;0;0;275;102;173;3;5;95;0.7397;0.8643;0.7830;0.4046;0.4740;;;;;;;;;13.58
2026-02-18T01:58:53.407526;mvtec_loco_AD/breakfast_box;cont_0pct_ensemble_loo_mahal;0.0;ensemble_loo_mahal;10;10;10;0;392;275;102;173;3;5;95;0.7292;0.8608;0.7773;0.4277;0.4855;-0.0105;;;;;;;;18.68
2026-02-18T01:59:06.881512;mvtec_loco_AD/breakfast_box;cont_30pct_none;0.3;none;10;10;10;3;0;275;102;173;3;5;95;0.7152;0.8515;0.7723;0.3931;0.4509;-0.0245;;;;;;;;13.46
2026-02-18T01:59:22.698711;mvtec_loco_AD/breakfast_box;cont_30pct_ensemble_loo_mahal;0.3;ensemble_loo_mahal;10;10;10;3;392;275;102;173;3;5;95;0.7220;0.8544;0.7725;0.3988;0.4393;-0.0177;0.2771;1.0000;1;1.0000;1.0000;;;15.81
2026-02-18T01:59:36.098881;mvtec_loco_AD/breakfast_box;cont_0pct_none;0.0;none;10;10;10;0;0;275;102;173;3;5;99;0.7397;0.8643;0.7830;0.4046;0.4740;;;;;;;;;13.23
2026-02-18T01:59:52.910929;mvtec_loco_AD/breakfast_box;cont_0pct_ensemble_loo_mahal;0.0;ensemble_loo_mahal;10;10;10;0;79;275;102;173;3;5;99;0.7410;0.8652;0.7849;0.4046;0.4855;0.0012;;;;;;;;16.81
2026-02-18T02:00:06.265546;mvtec_loco_AD/breakfast_box;cont_30pct_none;0.3;none;10;10;10;3;0;275;102;173;3;5;99;0.7152;0.8515;0.7723;0.3931;0.4509;-0.0245;;;;;;;;13.33
2026-02-18T02:00:23.294017;mvtec_loco_AD/breakfast_box;cont_30pct_ensemble_loo_mahal;0.3;ensemble_loo_mahal;10;10;10;3;79;275;102;173;3;5;99;0.7157;0.8513;0.7723;0.3931;0.4509;-0.0240;0.0231;1.0000;1;1.0000;1.0000;;;16.93
2026-02-18T02:00:36.177636;mvtec_loco_AD/breakfast_box;cont_0pct_none;0.0;none;10;10;10;0;0;275;102;173;4;5;90;0.7721;0.8836;0.7723;0.4451;0.5029;;;;;;;;;12.63
2026-02-18T02:00:51.362442;mvtec_loco_AD/breakfast_box;cont_0pct_ensemble_loo_mahal;0.0;ensemble_loo_mahal;10;10;10;0;784;275;102;173;4;5;90;0.7558;0.8753;0.7723;0.4855;0.5202;-0.0163;;;;;;;;15.17
2026-02-18T02:01:03.906692;mvtec_loco_AD/breakfast_box;cont_30pct_none;0.3;none;10;10;10;3;0;275;102;173;4;5;90;0.7580;0.8802;0.7723;0.4913;0.5318;-0.0141;;;;;;;;12.53
2026-02-18T02:01:19.669813;mvtec_loco_AD/breakfast_box;cont_30pct_ensemble_loo_mahal;0.3;ensemble_loo_mahal;10;10;10;3;784;275;102;173;4;5;90;0.7537;0.8755;0.7745;0.4393;0.4740;-0.0184;-0.3052;0.7619;1;0.6667;0.6667;;;15.75
2026-02-18T02:01:33.408408;mvtec_loco_AD/breakfast_box;cont_0pct_none;0.0;none;10;10;10;0;0;275;102;173;4;5;95;0.7721;0.8836;0.7723;0.4451;0.5029;;;;;;;;;13.48
2026-02-18T02:01:49.702957;mvtec_loco_AD/breakfast_box;cont_0pct_ensemble_loo_mahal;0.0;ensemble_loo_mahal;10;10;10;0;392;275;102;173;4;5;95;0.7613;0.8771;0.7730;0.4220;0.4913;-0.0108;;;;;;;;16.29
2026-02-18T02:02:03.565335;mvtec_loco_AD/breakfast_box;cont_30pct_none;0.3;none;10;10;10;3;0;275;102;173;4;5;95;0.7580;0.8802;0.7723;0.4913;0.5318;-0.0141;;;;;;;;13.84
2026-02-18T02:02:19.087611;mvtec_loco_AD/breakfast_box;cont_30pct_ensemble_loo_mahal;0.3;ensemble_loo_mahal;10;10;10;3;392;275;102;173;4;5;95;0.7616;0.8811;0.7723;0.4798;0.5434;-0.0105;0.2570;0.7619;1;0.6667;0.6667;;;15.51
2026-02-18T02:02:31.601919;mvtec_loco_AD/breakfast_box;cont_0pct_none;0.0;none;10;10;10;0;0;275;102;173;4;5;99;0.7721;0.8836;0.7723;0.4451;0.5029;;;;;;;;;12.26
2026-02-18T02:02:47.958787;mvtec_loco_AD/breakfast_box;cont_0pct_ensemble_loo_mahal;0.0;ensemble_loo_mahal;10;10;10;0;79;275;102;173;4;5;99;0.7713;0.8834;0.7723;0.4451;0.4971;-0.0008;;;;;;;;16.35
2026-02-18T02:03:01.714866;mvtec_loco_AD/breakfast_box;cont_30pct_none;0.3;none;10;10;10;3;0;275;102;173;4;5;99;0.7580;0.8802;0.7723;0.4913;0.5318;-0.0141;;;;;;;;13.73
2026-02-18T02:03:18.058089;mvtec_loco_AD/breakfast_box;cont_30pct_ensemble_loo_mahal;0.3;ensemble_loo_mahal;10;10;10;3;79;275;102;173;4;5;99;0.7581;0.8804;0.7723;0.4971;0.5202;-0.0139;0.0120;0.7619;1;0.6667;0.6667;;;16.34
2026-02-18T02:03:36.210129;mvtec_loco_AD/juice_bottle;cont_0pct_none;0.0;none;10;10;10;0;0;330;94;236;0;5;90;0.8342;0.9368;0.8511;0.4915;0.6102;;;;;;;;;16.38
2026-02-18T02:03:53.351840;mvtec_loco_AD/juice_bottle;cont_0pct_ensemble_loo_mahal;0.0;ensemble_loo_mahal;10;10;10;0;784;330;94;236;0;5;90;0.8046;0.9232;0.8425;0.3983;0.5127;-0.0296;;;;;;;;17.14
2026-02-18T02:04:08.427144;mvtec_loco_AD/juice_bottle;cont_30pct_none;0.3;none;10;10;10;3;0;330;94;236;0;5;90;0.8104;0.9257;0.8441;0.4407;0.4958;-0.0238;;;;;;;;15.06
2026-02-18T02:04:26.021243;mvtec_loco_AD/juice_bottle;cont_30pct_ensemble_loo_mahal;0.3;ensemble_loo_mahal;10;10;10;3;784;330;94;236;0;5;90;0.8086;0.9284;0.8342;0.4958;0.5975;-0.0256;-0.0737;0.4286;1;0.3333;0.3333;;;17.59
2026-02-18T02:04:42.742213;mvtec_loco_AD/juice_bottle;cont_0pct_none;0.0;none;10;10;10;0;0;330;94;236;0;5;95;0.8342;0.9368;0.8511;0.4915;0.6102;;;;;;;;;16.39
2026-02-18T02:05:01.751708;mvtec_loco_AD/juice_bottle;cont_0pct_ensemble_loo_mahal;0.0;ensemble_loo_mahal;10;10;10;0;392;330;94;236;0;5;95;0.8322;0.9385;0.8440;0.5847;0.6102;-0.0020;;;;;;;;19.00
2026-02-18T02:05:18.177869;mvtec_loco_AD/juice_bottle;cont_30pct_none;0.3;none;10;10;10;3;0;330;94;236;0;5;95;0.8104;0.9257;0.8441;0.4407;0.4958;-0.0238;;;;;;;;16.40
2026-02-18T02:05:36.191451;mvtec_loco_AD/juice_bottle;cont_30pct_ensemble_loo_mahal;0.3;ensemble_loo_mahal;10;10;10;3;392;330;94;236;0;5;95;0.8125;0.9313;0.8395;0.5381;0.6314;-0.0217;0.0907;0.4286;1;0.3333;0.3333;;;17.84
2026-02-18T02:05:52.617800;mvtec_loco_AD/juice_bottle;cont_0pct_none;0.0;none;10;10;10;0;0;330;94;236;0;5;99;0.8342;0.9368;0.8511;0.4915;0.6102;;;;;;;;;16.07
2026-02-18T02:06:11.673678;mvtec_loco_AD/juice_bottle;cont_0pct_ensemble_loo_mahal;0.0;ensemble_loo_mahal;10;10;10;0;79;330;94;236;0;5;99;0.8272;0.9341;0.8488;0.4746;0.6017;-0.0070;;;;;;;;19.05
2026-02-18T02:06:27.775422;mvtec_loco_AD/juice_bottle;cont_30pct_none;0.3;none;10;10;10;3;0;330;94;236;0;5;99;0.8104;0.9257;0.8441;0.4407;0.4958;-0.0238;;;;;;;;16.07
2026-02-18T02:06:47.014183;mvtec_loco_AD/juice_bottle;cont_30pct_ensemble_loo_mahal;0.3;ensemble_loo_mahal;10;10;10;3;79;330;94;236;0;5;99;0.8132;0.9271;0.8423;0.4280;0.5297;-0.0210;0.1191;0.4286;1;0.3333;0.3333;;;19.23
2026-02-18T02:07:03.912468;mvtec_loco_AD/juice_bottle;cont_0pct_none;0.0;none;10;10;10;0;0;330;94;236;1;5;90;0.8553;0.9432;0.8659;0.4788;0.5847;;;;;;;;;16.55
2026-02-18T02:07:21.195754;mvtec_loco_AD/juice_bottle;cont_0pct_ensemble_loo_mahal;0.0;ensemble_loo_mahal;10;10;10;0;784;330;94;236;1;5;90;0.8156;0.9248;0.8582;0.3644;0.5000;-0.0397;;;;;;;;17.28
2026-02-18T02:07:37.621313;mvtec_loco_AD/juice_bottle;cont_30pct_none;0.3;none;10;10;10;3;0;330;94;236;1;5;90;0.7902;0.9119;0.8544;0.3686;0.4534;-0.0651;;;;;;;;16.41
2026-02-18T02:07:55.601962;mvtec_loco_AD/juice_bottle;cont_30pct_ensemble_loo_mahal;0.3;ensemble_loo_mahal;10;10;10;3;784;330;94;236;1;5;90;0.7917;0.9134;0.8478;0.3856;0.4619;-0.0636;0.0229;0.8571;0;0.6667;0.6667;;;17.98
2026-02-18T02:08:12.366892;mvtec_loco_AD/juice_bottle;cont_0pct_none;0.0;none;10;10;10;0;0;330;94;236;1;5;95;0.8553;0.9432;0.8659;0.4788;0.5847;;;;;;;;;16.44
2026-02-18T02:08:31.138436;mvtec_loco_AD/juice_bottle;cont_0pct_ensemble_loo_mahal;0.0;ensemble_loo_mahal;10;10;10;0;392;330;94;236;1;5;95;0.8300;0.9337;0.8622;0.4746;0.5975;-0.0253;;;;;;;;18.77
2026-02-18T02:08:47.690111;mvtec_loco_AD/juice_bottle;cont_30pct_none;0.3;none;10;10;10;3;0;330;94;236;1;5;95;0.7902;0.9119;0.8544;0.3686;0.4534;-0.0651;;;;;;;;16.53
2026-02-18T02:09:05.947940;mvtec_loco_AD/juice_bottle;cont_30pct_ensemble_loo_mahal;0.3;ensemble_loo_mahal;10;10;10;3;392;330;94;236;1;5;95;0.7928;0.9154;0.8533;0.4364;0.4915;-0.0625;0.0395;0.8571;0;0.6667;0.6667;;;18.25
2026-02-18T02:09:21.307127;mvtec_loco_AD/juice_bottle;cont_0pct_none;0.0;none;10;10;10;0;0;330;94;236;1;5;99;0.8553;0.9432;0.8659;0.4788;0.5847;;;;;;;;;15.05
2026-02-18T02:09:40.421441;mvtec_loco_AD/juice_bottle;cont_0pct_ensemble_loo_mahal;0.0;ensemble_loo_mahal;10;10;10;0;79;330;94;236;1;5;99;0.8467;0.9400;0.8638;0.5127;0.5636;-0.0086;;;;;;;;19.11
2026-02-18T02:09:57.124305;mvtec_loco_AD/juice_bottle;cont_30pct_none;0.3;none;10;10;10;3;0;330;94;236;1;5;99;0.7902;0.9119;0.8544;0.3686;0.4534;-0.0651;;;;;;;;16.68
2026-02-18T02:10:16.190695;mvtec_loco_AD/juice_bottle;cont_30pct_ensemble_loo_mahal;0.3;ensemble_loo_mahal;10;10;10;3;79;330;94;236;1;5;99;0.7938;0.9155;0.8502;0.3814;0.4831;-0.0615;0.0554;0.8571;0;0.6667;0.6667;;;19.06
2026-02-18T02:10:33.170950;mvtec_loco_AD/juice_bottle;cont_0pct_none;0.0;none;10;10;10;0;0;330;94;236;2;5;90;0.8329;0.9323;0.8622;0.4153;0.5466;;;;;;;;;16.62
2026-02-18T02:10:51.171527;mvtec_loco_AD/juice_bottle;cont_0pct_ensemble_loo_mahal;0.0;ensemble_loo_mahal;10;10;10;0;784;330;94;236;2;5;90;0.7816;0.9078;0.8457;0.3390;0.4322;-0.0514;;;;;;;;18.00
2026-02-18T02:11:06.702205;mvtec_loco_AD/juice_bottle;cont_30pct_none;0.3;none;10;10;10;3;0;330;94;236;2;5;90;0.7757;0.9034;0.8583;0.3559;0.4237;-0.0572;;;;;;;;15.51
2026-02-18T02:11:24.680545;mvtec_loco_AD/juice_bottle;cont_30pct_ensemble_loo_mahal;0.3;ensemble_loo_mahal;10;10;10;3;784;330;94;236;2;5;90;0.7716;0.9009;0.8516;0.3602;0.4153;-0.0614;-0.0717;0.7619;1;0.6667;0.6667;;;17.97
2026-02-18T02:11:41.317822;mvtec_loco_AD/juice_bottle;cont_0pct_none;0.0;none;10;10;10;0;0;330;94;236;2;5;95;0.8329;0.9323;0.8622;0.4153;0.5466;;;;;;;;;16.31
2026-02-18T02:11:59.697657;mvtec_loco_AD/juice_bottle;cont_0pct_ensemble_loo_mahal;0.0;ensemble_loo_mahal;10;10;10;0;392;330;94;236;2;5;95;0.8033;0.9197;0.8498;0.4195;0.5169;-0.0296;;;;;;;;18.37
2026-02-18T02:12:16.210642;mvtec_loco_AD/juice_bottle;cont_30pct_none;0.3;none;10;10;10;3;0;330;94;236;2;5;95;0.7757;0.9034;0.8583;0.3559;0.4237;-0.0572;;;;;;;;16.49
2026-02-18T02:12:35.865009;mvtec_loco_AD/juice_bottle;cont_30pct_ensemble_loo_mahal;0.3;ensemble_loo_mahal;10;10;10;3;392;330;94;236;2;5;95;0.7774;0.9036;0.8623;0.3602;0.4153;-0.0555;0.0299;0.7619;1;0.6667;0.6667;;;19.39
2026-02-18T02:12:51.651972;mvtec_loco_AD/juice_bottle;cont_0pct_none;0.0;none;10;10;10;0;0;330;94;236;2;5;99;0.8329;0.9323;0.8622;0.4153;0.5466;;;;;;;;;15.50
2026-02-18T02:13:10.827703;mvtec_loco_AD/juice_bottle;cont_0pct_ensemble_loo_mahal;0.0;ensemble_loo_mahal;10;10;10;0;79;330;94;236;2;5;99;0.8216;0.9283;0.8588;0.4661;0.5466;-0.0114;;;;;;;;19.17
2026-02-18T02:13:27.545679;mvtec_loco_AD/juice_bottle;cont_30pct_none;0.3;none;10;10;10;3;0;330;94;236;2;5;99;0.7757;0.9034;0.8583;0.3559;0.4237;-0.0572;;;;;;;;16.70
2026-02-18T02:13:47.974954;mvtec_loco_AD/juice_bottle;cont_30pct_ensemble_loo_mahal;0.3;ensemble_loo_mahal;10;10;10;3;79;330;94;236;2;5;99;0.7765;0.9045;0.8588;0.3644;0.4407;-0.0564;0.0142;0.7619;1;0.6667;0.6667;;;20.29
2026-02-18T02:14:04.792939;mvtec_loco_AD/juice_bottle;cont_0pct_none;0.0;none;10;10;10;0;0;330;94;236;3;5;90;0.8522;0.9454;0.8530;0.5424;0.6441;;;;;;;;;16.50
2026-02-18T02:14:22.093888;mvtec_loco_AD/juice_bottle;cont_0pct_ensemble_loo_mahal;0.0;ensemble_loo_mahal;10;10;10;0;784;330;94;236;3;5;90;0.7949;0.9172;0.8409;0.3559;0.5042;-0.0573;;;;;;;;17.30
2026-02-18T02:14:37.530655;mvtec_loco_AD/juice_bottle;cont_30pct_none;0.3;none;10;10;10;3;0;330;94;236;3;5;90;0.8537;0.9451;0.8607;0.5339;0.6017;0.0014;;;;;;;;15.42
2026-02-18T02:14:54.982386;mvtec_loco_AD/juice_bottle;cont_30pct_ensemble_loo_mahal;0.3;ensemble_loo_mahal;10;10;10;3;784;330;94;236;3;5;90;0.8238;0.9277;0.8550;0.3432;0.4873;-0.0284;20.6875;1.0000;1;1.0000;1.0000;;;17.44
2026-02-18T02:15:10.269619;mvtec_loco_AD/juice_bottle;cont_0pct_none;0.0;none;10;10;10;0;0;330;94;236;3;5;95;0.8522;0.9454;0.8530;0.5424;0.6441;;;;;;;;;14.96
2026-02-18T02:15:28.974553;mvtec_loco_AD/juice_bottle;cont_0pct_ensemble_loo_mahal;0.0;ensemble_loo_mahal;10;10;10;0;392;330;94;236;3;5;95;0.8375;0.9370;0.8583;0.4831;0.5551;-0.0147;;;;;;;;18.70
2026-02-18T02:15:45.479717;mvtec_loco_AD/juice_bottle;cont_30pct_none;0.3;none;10;10;10;3;0;330;94;236;3;5;95;0.8537;0.9451;0.8607;0.5339;0.6017;0.0014;;;;;;;;16.47
2026-02-18T02:16:03.631769;mvtec_loco_AD/juice_bottle;cont_30pct_ensemble_loo_mahal;0.3;ensemble_loo_mahal;10;10;10;3;392;330;94;236;3;5;95;0.8339;0.9326;0.8549;0.4068;0.5169;-0.0183;13.6875;1.0000;1;1.0000;1.0000;;;18.14
2026-02-18T02:16:18.855174;mvtec_loco_AD/juice_bottle;cont_0pct_none;0.0;none;10;10;10;0;0;330;94;236;3;5;99;0.8522;0.9454;0.8530;0.5424;0.6441;;;;;;;;;14.90
2026-02-18T02:16:37.798854;mvtec_loco_AD/juice_bottle;cont_0pct_ensemble_loo_mahal;0.0;ensemble_loo_mahal;10;10;10;0;79;330;94;236;3;5;99;0.8451;0.9422;0.8548;0.5339;0.6229;-0.0071;;;;;;;;18.94
2026-02-18T02:16:54.341874;mvtec_loco_AD/juice_bottle;cont_30pct_none;0.3;none;10;10;10;3;0;330;94;236;3;5;99;0.8537;0.9451;0.8607;0.5339;0.6017;0.0014;;;;;;;;16.52
2026-02-18T02:17:13.991895;mvtec_loco_AD/juice_bottle;cont_30pct_ensemble_loo_mahal;0.3;ensemble_loo_mahal;10;10;10;3;79;330;94;236;3;5;99;0.8471;0.9414;0.8602;0.4703;0.5720;-0.0052;4.5938;1.0000;1;1.0000;1.0000;;;19.27
2026-02-18T02:17:29.502287;mvtec_loco_AD/juice_bottle;cont_0pct_none;0.0;none;10;10;10;0;0;330;94;236;4;5;90;0.7709;0.8966;0.8643;0.3432;0.3602;;;;;;;;;15.16
2026-02-18T02:17:46.658842;mvtec_loco_AD/juice_bottle;cont_0pct_ensemble_loo_mahal;0.0;ensemble_loo_mahal;10;10;10;0;784;330;94;236;4;5;90;0.7491;0.8881;0.8462;0.2627;0.3220;-0.0218;;;;;;;;17.15
2026-02-18T02:18:02.591338;mvtec_loco_AD/juice_bottle;cont_30pct_none;0.3;none;10;10;10;3;0;330;94;236;4;5;90;0.7758;0.9007;0.8638;0.3390;0.4025;0.0049;;;;;;;;15.90
2026-02-18T02:18:21.018153;mvtec_loco_AD/juice_bottle;cont_30pct_ensemble_loo_mahal;0.3;ensemble_loo_mahal;10;10;10;3;784;330;94;236;4;5;90;0.7731;0.9020;0.8485;0.2839;0.4195;0.0022;0.5505;1.0000;1;1.0000;1.0000;;;18.42
2026-02-18T02:18:37.589172;mvtec_loco_AD/juice_bottle;cont_0pct_none;0.0;none;10;10;10;0;0;330;94;236;4;5;95;0.7709;0.8966;0.8643;0.3432;0.3602;;;;;;;;;16.26
2026-02-18T02:18:56.808554;mvtec_loco_AD/juice_bottle;cont_0pct_ensemble_loo_mahal;0.0;ensemble_loo_mahal;10;10;10;0;392;330;94;236;4;5;95;0.7715;0.8977;0.8516;0.2754;0.3475;0.0005;;;;;;;;19.21
2026-02-18T02:19:12.182812;mvtec_loco_AD/juice_bottle;cont_30pct_none;0.3;none;10;10;10;3;0;330;94;236;4;5;95;0.7758;0.9007;0.8638;0.3390;0.4025;0.0049;;;;;;;;15.35
2026-02-18T02:19:30.533649;mvtec_loco_AD/juice_bottle;cont_30pct_ensemble_loo_mahal;0.3;ensemble_loo_mahal;10;10;10;3;392;330;94;236;4;5;95;0.7830;0.9053;0.8606;0.3305;0.4237;0.0121;-1.4679;1.0000;1;1.0000;1.0000;;;18.35
2026-02-18T02:19:47.065055;mvtec_loco_AD/juice_bottle;cont_0pct_none;0.0;none;10;10;10;0;0;330;94;236;4;5;99;0.7709;0.8966;0.8643;0.3432;0.3602;;;;;;;;;16.19
2026-02-18T02:20:06.801229;mvtec_loco_AD/juice_bottle;cont_0pct_ensemble_loo_mahal;0.0;ensemble_loo_mahal;10;10;10;0;79;330;94;236;4;5;99;0.7692;0.8971;0.8631;0.3263;0.3644;-0.0017;;;;;;;;19.73
2026-02-18T02:20:22.722163;mvtec_loco_AD/juice_bottle;cont_30pct_none;0.3;none;10;10;10;3;0;330;94;236;4;5;99;0.7758;0.9007;0.8638;0.3390;0.4025;0.0049;;;;;;;;15.89
2026-02-18T02:20:42.517417;mvtec_loco_AD/juice_bottle;cont_30pct_ensemble_loo_mahal;0.3;ensemble_loo_mahal;10;10;10;3;79;330;94;236;4;5;99;0.7722;0.8986;0.8684;0.3305;0.3559;0.0013;0.7339;1.0000;1;1.0000;1.0000;;;19.63
2026-02-18T02:20:59.323039;mvtec_loco_AD/pushpins;cont_0pct_none;0.0;none;10;10;10;0;0;310;138;172;0;5;90;0.5708;0.6179;0.7212;0.0407;0.0756;;;;;;;;;15.51
2026-02-18T02:21:15.466447;mvtec_loco_AD/pushpins;cont_0pct_ensemble_loo_mahal;0.0;ensemble_loo_mahal;10;10;10;0;784;310;138;172;0;5;90;0.5419;0.6065;0.7185;0.0407;0.0988;-0.0289;;;;;;;;16.14
2026-02-18T02:21:30.527300;mvtec_loco_AD/pushpins;cont_30pct_none;0.3;none;10;10;10;3;0;310;138;172;0;5;90;0.5426;0.5968;0.7137;0.0407;0.0640;-0.0282;;;;;;;;15.04
2026-02-18T02:21:48.157141;mvtec_loco_AD/pushpins;cont_30pct_ensemble_loo_mahal;0.3;ensemble_loo_mahal;10;10;10;3;784;310;138;172;0;5;90;0.5309;0.5986;0.7158;0.0407;0.0756;-0.0399;-0.4134;0.6190;0;0.3333;0.3333;;;17.20
2026-02-18T02:22:03.239566;mvtec_loco_AD/pushpins;cont_0pct_none;0.0;none;10;10;10;0;0;310;138;172;0;5;95;0.5708;0.6179;0.7212;0.0407;0.0756;;;;;;;;;14.83
2026-02-18T02:22:20.965671;mvtec_loco_AD/pushpins;cont_0pct_ensemble_loo_mahal;0.0;ensemble_loo_mahal;10;10;10;0;392;310;138;172;0;5;95;0.5526;0.6073;0.7234;0.0407;0.0698;-0.0182;;;;;;;;17.72
2026-02-18T02:22:35.516662;mvtec_loco_AD/pushpins;cont_30pct_none;0.3;none;10;10;10;3;0;310;138;172;0;5;95;0.5426;0.5968;0.7137;0.0407;0.0640;-0.0282;;;;;;;;14.53
2026-02-18T02:22:54.820903;mvtec_loco_AD/pushpins;cont_30pct_ensemble_loo_mahal;0.3;ensemble_loo_mahal;10;10;10;3;392;310;138;172;0;5;95;0.5462;0.6039;0.7137;0.0407;0.0872;-0.0246;0.1269;0.6190;0;0.3333;0.3333;;;19.30
2026-02-18T02:23:10.250226;mvtec_loco_AD/pushpins;cont_0pct_none;0.0;none;10;10;10;0;0;310;138;172;0;5;99;0.5708;0.6179;0.7212;0.0407;0.0756;;;;;;;;;15.23
2026-02-18T02:23:28.217720;mvtec_loco_AD/pushpins;cont_0pct_ensemble_loo_mahal;0.0;ensemble_loo_mahal;10;10;10;0;79;310;138;172;0;5;99;0.5608;0.6118;0.7242;0.0407;0.0698;-0.0100;;;;;;;;17.96
2026-02-18T02:23:43.639091;mvtec_loco_AD/pushpins;cont_30pct_none;0.3;none;10;10;10;3;0;310;138;172;0;5;99;0.5426;0.5968;0.7137;0.0407;0.0640;-0.0282;;;;;;;;15.40
2026-02-18T02:24:01.615124;mvtec_loco_AD/pushpins;cont_30pct_ensemble_loo_mahal;0.3;ensemble_loo_mahal;10;10;10;3;79;310;138;172;0;5;99;0.5406;0.5972;0.7137;0.0407;0.0640;-0.0302;-0.0701;0.6190;0;0.3333;0.3333;;;17.65
2026-02-18T02:24:16.085089;mvtec_loco_AD/pushpins;cont_0pct_none;0.0;none;10;10;10;0;0;310;138;172;1;5;90;0.5729;0.6313;0.7237;0.0756;0.0988;;;;;;;;;14.23
2026-02-18T02:24:32.582341;mvtec_loco_AD/pushpins;cont_0pct_ensemble_loo_mahal;0.0;ensemble_loo_mahal;10;10;10;0;784;310;138;172;1;5;90;0.5578;0.6245;0.7193;0.0756;0.0930;-0.0151;;;;;;;;16.50
2026-02-18T02:24:48.450078;mvtec_loco_AD/pushpins;cont_30pct_none;0.3;none;10;10;10;3;0;310;138;172;1;5;90;0.5882;0.6450;0.7196;0.0523;0.1279;0.0153;;;;;;;;15.84
2026-02-18T02:25:05.640724;mvtec_loco_AD/pushpins;cont_30pct_ensemble_loo_mahal;0.3;ensemble_loo_mahal;10;10;10;3;784;310;138;172;1;5;90;0.5645;0.6246;0.7152;0.0640;0.0756;-0.0084;1.5510;0.4762;0;0.3333;0.3333;;;17.07
2026-02-18T02:25:21.605009;mvtec_loco_AD/pushpins;cont_0pct_none;0.0;none;10;10;10;0;0;310;138;172;1;5;95;0.5729;0.6313;0.7237;0.0756;0.0988;;;;;;;;;15.72
2026-02-18T02:25:38.671458;mvtec_loco_AD/pushpins;cont_0pct_ensemble_loo_mahal;0.0;ensemble_loo_mahal;10;10;10;0;392;310;138;172;1;5;95;0.5760;0.6348;0.7245;0.0581;0.1047;0.0031;;;;;;;;17.06
2026-02-18T02:25:54.283421;mvtec_loco_AD/pushpins;cont_30pct_none;0.3;none;10;10;10;3;0;310;138;172;1;5;95;0.5882;0.6450;0.7196;0.0523;0.1279;0.0153;;;;;;;;15.58
2026-02-18T02:26:12.310089;mvtec_loco_AD/pushpins;cont_30pct_ensemble_loo_mahal;0.3;ensemble_loo_mahal;10;10;10;3;392;310;138;172;1;5;95;0.5838;0.6389;0.7233;0.0640;0.0872;0.0109;0.2865;0.4762;0;0.3333;0.3333;;;18.02
2026-02-18T02:26:28.135559;mvtec_loco_AD/pushpins;cont_0pct_none;0.0;none;10;10;10;0;0;310;138;172;1;5;99;0.5729;0.6313;0.7237;0.0756;0.0988;;;;;;;;;15.59
2026-02-18T02:26:46.827850;mvtec_loco_AD/pushpins;cont_0pct_ensemble_loo_mahal;0.0;ensemble_loo_mahal;10;10;10;0;79;310;138;172;1;5;99;0.5720;0.6281;0.7237;0.0640;0.0988;-0.0008;;;;;;;;18.69
2026-02-18T02:27:02.201097;mvtec_loco_AD/pushpins;cont_30pct_none;0.3;none;10;10;10;3;0;310;138;172;1;5;99;0.5882;0.6450;0.7196;0.0523;0.1279;0.0153;;;;;;;;15.35
2026-02-18T02:27:20.364648;mvtec_loco_AD/pushpins;cont_30pct_ensemble_loo_mahal;0.3;ensemble_loo_mahal;10;10;10;3;79;310;138;172;1;5;99;0.5815;0.6386;0.7241;0.0581;0.1163;0.0086;0.4353;0.4762;0;0.3333;0.3333;;;17.86
2026-02-18T02:27:35.533455;mvtec_loco_AD/pushpins;cont_0pct_none;0.0;none;10;10;10;0;0;310;138;172;2;5;90;0.5598;0.6118;0.7253;0.0581;0.0698;;;;;;;;;14.95
2026-02-18T02:27:51.598849;mvtec_loco_AD/pushpins;cont_0pct_ensemble_loo_mahal;0.0;ensemble_loo_mahal;10;10;10;0;784;310;138;172;2;5;90;0.5186;0.5741;0.7188;0.0465;0.0640;-0.0412;;;;;;;;16.06
2026-02-18T02:28:06.767820;mvtec_loco_AD/pushpins;cont_30pct_none;0.3;none;10;10;10;3;0;310;138;172;2;5;90;0.5452;0.5976;0.7137;0.0465;0.0640;-0.0147;;;;;;;;15.15
2026-02-18T02:28:23.246754;mvtec_loco_AD/pushpins;cont_30pct_ensemble_loo_mahal;0.3;ensemble_loo_mahal;10;10;10;3;784;310;138;172;2;5;90;0.5112;0.5720;0.7137;0.0465;0.0523;-0.0486;-2.3161;0.9048;1;0.6667;0.6667;;;16.47
2026-02-18T02:28:38.696189;mvtec_loco_AD/pushpins;cont_0pct_none;0.0;none;10;10;10;0;0;310;138;172;2;5;95;0.5598;0.6118;0.7253;0.0581;0.0698;;;;;;;;;15.21
2026-02-18T02:28:56.020383;mvtec_loco_AD/pushpins;cont_0pct_ensemble_loo_mahal;0.0;ensemble_loo_mahal;10;10;10;0;392;310;138;172;2;5;95;0.5530;0.6017;0.7174;0.0581;0.0814;-0.0068;;;;;;;;17.31
2026-02-18T02:29:10.763796;mvtec_loco_AD/pushpins;cont_30pct_none;0.3;none;10;10;10;3;0;310;138;172;2;5;95;0.5452;0.5976;0.7137;0.0465;0.0640;-0.0147;;;;;;;;14.72
2026-02-18T02:29:28.686473;mvtec_loco_AD/pushpins;cont_30pct_ensemble_loo_mahal;0.3;ensemble_loo_mahal;10;10;10;3;392;310;138;172;2;5;95;0.5182;0.5809;0.7137;0.0407;0.0640;-0.0416;-1.8362;0.9048;1;0.6667;0.6667;;;17.92
2026-02-18T02:29:44.549133;mvtec_loco_AD/pushpins;cont_0pct_none;0.0;none;10;10;10;0;0;310;138;172;2;5;99;0.5598;0.6118;0.7253;0.0581;0.0698;;;;;;;;;15.59
2026-02-18T02:30:02.889395;mvtec_loco_AD/pushpins;cont_0pct_ensemble_loo_mahal;0.0;ensemble_loo_mahal;10;10;10;0;79;310;138;172;2;5;99;0.5597;0.6091;0.7207;0.0523;0.0814;-0.0002;;;;;;;;18.34
2026-02-18T02:30:18.536171;mvtec_loco_AD/pushpins;cont_30pct_none;0.3;none;10;10;10;3;0;310;138;172;2;5;99;0.5452;0.5976;0.7137;0.0465;0.0640;-0.0147;;;;;;;;15.63
2026-02-18T02:30:36.289524;mvtec_loco_AD/pushpins;cont_30pct_ensemble_loo_mahal;0.3;ensemble_loo_mahal;10;10;10;3;79;310;138;172;2;5;99;0.5464;0.5999;0.7137;0.0407;0.0698;-0.0134;0.0833;0.9048;1;0.6667;0.6667;;;17.62
2026-02-18T02:30:50.653076;mvtec_loco_AD/pushpins;cont_0pct_none;0.0;none;10;10;10;0;0;310;138;172;3;5;90;0.5546;0.6181;0.7179;0.0523;0.0988;;;;;;;;;14.11
2026-02-18T02:31:07.443967;mvtec_loco_AD/pushpins;cont_0pct_ensemble_loo_mahal;0.0;ensemble_loo_mahal;10;10;10;0;784;310;138;172;3;5;90;0.5312;0.5934;0.7137;0.0465;0.0640;-0.0235;;;;;;;;16.79
2026-02-18T02:31:22.963054;mvtec_loco_AD/pushpins;cont_30pct_none;0.3;none;10;10;10;3;0;310;138;172;3;5;90;0.5574;0.6180;0.7137;0.0465;0.0988;0.0028;;;;;;;;15.50
2026-02-18T02:31:40.113909;mvtec_loco_AD/pushpins;cont_30pct_ensemble_loo_mahal;0.3;ensemble_loo_mahal;10;10;10;3;784;310;138;172;3;5;90;0.5298;0.5997;0.7137;0.0349;0.0930;-0.0248;9.9242;1.0000;1;1.0000;1.0000;;;16.82
2026-02-18T02:31:55.314659;mvtec_loco_AD/pushpins;cont_0pct_none;0.0;none;10;10;10;0;0;310;138;172;3;5;95;0.5546;0.6181;0.7179;0.0523;0.0988;;;;;;;;;14.93
2026-02-18T02:32:13.351105;mvtec_loco_AD/pushpins;cont_0pct_ensemble_loo_mahal;0.0;ensemble_loo_mahal;10;10;10;0;392;310;138;172;3;5;95;0.5694;0.6170;0.7155;0.0407;0.0698;0.0147;;;;;;;;18.03
2026-02-18T02:32:28.092174;mvtec_loco_AD/pushpins;cont_30pct_none;0.3;none;10;10;10;3;0;310;138;172;3;5;95;0.5574;0.6180;0.7137;0.0465;0.0988;0.0028;;;;;;;;14.72
2026-02-18T02:32:46.113263;mvtec_loco_AD/pushpins;cont_30pct_ensemble_loo_mahal;0.3;ensemble_loo_mahal;10;10;10;3;392;310;138;172;3;5;95;0.5485;0.6104;0.7137;0.0465;0.0814;-0.0061;3.1970;1.0000;1;1.0000;1.0000;;;18.01
2026-02-18T02:33:01.704940;mvtec_loco_AD/pushpins;cont_0pct_none;0.0;none;10;10;10;0;0;310;138;172;3;5;99;0.5546;0.6181;0.7179;0.0523;0.0988;;;;;;;;;15.34
2026-02-18T02:33:20.418763;mvtec_loco_AD/pushpins;cont_0pct_ensemble_loo_mahal;0.0;ensemble_loo_mahal;10;10;10;0;79;310;138;172;3;5;99;0.5625;0.6257;0.7215;0.0465;0.1279;0.0079;;;;;;;;18.71
2026-02-18T02:33:36.029454;mvtec_loco_AD/pushpins;cont_30pct_none;0.3;none;10;10;10;3;0;310;138;172;3;5;99;0.5574;0.6180;0.7137;0.0465;0.0988;0.0028;;;;;;;;15.59
2026-02-18T02:33:55.604446;mvtec_loco_AD/pushpins;cont_30pct_ensemble_loo_mahal;0.3;ensemble_loo_mahal;10;10;10;3;79;310;138;172;3;5;99;0.5613;0.6255;0.7137;0.0465;0.0988;0.0067;-1.4091;1.0000;1;1.0000;1.0000;;;19.57
2026-02-18T02:34:10.573014;mvtec_loco_AD/pushpins;cont_0pct_none;0.0;none;10;10;10;0;0;310;138;172;4;5;90;0.5855;0.6302;0.7195;0.0465;0.0872;;;;;;;;;14.76
2026-02-18T02:34:27.961411;mvtec_loco_AD/pushpins;cont_0pct_ensemble_loo_mahal;0.0;ensemble_loo_mahal;10;10;10;0;784;310;138;172;4;5;90;0.5430;0.6265;0.7137;0.0814;0.1163;-0.0426;;;;;;;;17.38
2026-02-18T02:34:43.478937;mvtec_loco_AD/pushpins;cont_30pct_none;0.3;none;10;10;10;3;0;310;138;172;4;5;90;0.5603;0.6197;0.7137;0.0465;0.1047;-0.0252;;;;;;;;15.50
2026-02-18T02:35:00.960901;mvtec_loco_AD/pushpins;cont_30pct_ensemble_loo_mahal;0.3;ensemble_loo_mahal;10;10;10;3;784;310;138;172;4;5;90;0.5495;0.6116;0.7137;0.0407;0.0930;-0.0360;-0.4274;0.7143;1;0.6667;0.6667;;;17.48
2026-02-18T02:35:17.234972;mvtec_loco_AD/pushpins;cont_0pct_none;0.0;none;10;10;10;0;0;310;138;172;4;5;95;0.5855;0.6302;0.7195;0.0465;0.0872;;;;;;;;;16.03
2026-02-18T02:35:34.347139;mvtec_loco_AD/pushpins;cont_0pct_ensemble_loo_mahal;0.0;ensemble_loo_mahal;10;10;10;0;392;310;138;172;4;5;95;0.5505;0.6152;0.7158;0.0465;0.0930;-0.0351;;;;;;;;16.98
2026-02-18T02:35:49.076736;mvtec_loco_AD/pushpins;cont_30pct_none;0.3;none;10;10;10;3;0;310;138;172;4;5;95;0.5603;0.6197;0.7137;0.0465;0.1047;-0.0252;;;;;;;;14.70
2026-02-18T02:36:07.060945;mvtec_loco_AD/pushpins;cont_30pct_ensemble_loo_mahal;0.3;ensemble_loo_mahal;10;10;10;3;392;310;138;172;4;5;95;0.5529;0.6098;0.7137;0.0407;0.0756;-0.0327;-0.2938;0.7143;1;0.6667;0.6667;;;17.98
2026-02-18T02:36:23.011620;mvtec_loco_AD/pushpins;cont_0pct_none;0.0;none;10;10;10;0;0;310;138;172;4;5;99;0.5855;0.6302;0.7195;0.0465;0.0872;;;;;;;;;15.70
2026-02-18T02:36:41.669470;mvtec_loco_AD/pushpins;cont_0pct_ensemble_loo_mahal;0.0;ensemble_loo_mahal;10;10;10;0;79;310;138;172;4;5;99;0.5869;0.6376;0.7217;0.0581;0.0872;0.0014;;;;;;;;18.65
2026-02-18T02:36:56.588194;mvtec_loco_AD/pushpins;cont_30pct_none;0.3;none;10;10;10;3;0;310;138;172;4;5;99;0.5603;0.6197;0.7137;0.0465;0.1047;-0.0252;;;;;;;;14.90
2026-02-18T02:37:13.994145;mvtec_loco_AD/pushpins;cont_30pct_ensemble_loo_mahal;0.3;ensemble_loo_mahal;10;10;10;3;79;310;138;172;4;5;99;0.5624;0.6196;0.7137;0.0465;0.0814;-0.0231;0.0835;0.7143;1;0.6667;0.6667;;;17.40
2026-02-18T02:37:32.957216;mvtec_loco_AD/screw_bag;cont_0pct_none;0.0;none;10;10;10;0;0;341;122;219;0;5;90;0.5227;0.6990;0.7821;0.0502;0.1553;;;;;;;;;16.68
2026-02-18T02:37:51.820170;mvtec_loco_AD/screw_bag;cont_0pct_ensemble_loo_mahal;0.0;ensemble_loo_mahal;10;10;10;0;784;341;122;219;0;5;90;0.5168;0.7018;0.7821;0.0639;0.1598;-0.0060;;;;;;;;18.86
2026-02-18T02:38:08.966371;mvtec_loco_AD/screw_bag;cont_30pct_none;0.3;none;10;10;10;3;0;341;122;219;0;5;90;0.5144;0.6959;0.7821;0.0731;0.1461;-0.0083;;;;;;;;17.12
2026-02-18T02:38:28.532931;mvtec_loco_AD/screw_bag;cont_30pct_ensemble_loo_mahal;0.3;ensemble_loo_mahal;10;10;10;3;784;341;122;219;0;5;90;0.5016;0.6957;0.7821;0.0639;0.1735;-0.0211;-1.5405;0.4286;1;0.3333;0.3333;;;18.81
2026-02-18T02:38:44.984050;mvtec_loco_AD/screw_bag;cont_0pct_none;0.0;none;10;10;10;0;0;341;122;219;0;5;95;0.5227;0.6990;0.7821;0.0502;0.1553;;;;;;;;;16.20
2026-02-18T02:39:03.189155;mvtec_loco_AD/screw_bag;cont_0pct_ensemble_loo_mahal;0.0;ensemble_loo_mahal;10;10;10;0;392;341;122;219;0;5;95;0.5214;0.6993;0.7821;0.0868;0.1598;-0.0013;;;;;;;;18.20
2026-02-18T02:39:19.970734;mvtec_loco_AD/screw_bag;cont_30pct_none;0.3;none;10;10;10;3;0;341;122;219;0;5;95;0.5144;0.6959;0.7821;0.0731;0.1461;-0.0083;;;;;;;;16.75
2026-02-18T02:39:39.563777;mvtec_loco_AD/screw_bag;cont_30pct_ensemble_loo_mahal;0.3;ensemble_loo_mahal;10;10;10;3;392;341;122;219;0;5;95;0.5078;0.6978;0.7821;0.1050;0.1553;-0.0149;-0.7973;0.4286;1;0.3333;0.3333;;;19.50
2026-02-18T02:39:56.476672;mvtec_loco_AD/screw_bag;cont_0pct_none;0.0;none;10;10;10;0;0;341;122;219;0;5;99;0.5227;0.6990;0.7821;0.0502;0.1553;;;;;;;;;16.62
2026-02-18T02:40:15.586517;mvtec_loco_AD/screw_bag;cont_0pct_ensemble_loo_mahal;0.0;ensemble_loo_mahal;10;10;10;0;79;341;122;219;0;5;99;0.5229;0.7002;0.7821;0.0594;0.1644;0.0002;;;;;;;;19.10
2026-02-18T02:40:32.514040;mvtec_loco_AD/screw_bag;cont_30pct_none;0.3;none;10;10;10;3;0;341;122;219;0;5;99;0.5144;0.6959;0.7821;0.0731;0.1461;-0.0083;;;;;;;;16.90
2026-02-18T02:40:54.920282;mvtec_loco_AD/screw_bag;cont_30pct_ensemble_loo_mahal;0.3;ensemble_loo_mahal;10;10;10;3;79;341;122;219;0;5;99;0.5140;0.6968;0.7821;0.0731;0.1507;-0.0088;-0.0541;0.4286;1;0.3333;0.3333;;;22.12
2026-02-18T02:41:12.420487;mvtec_loco_AD/screw_bag;cont_0pct_none;0.0;none;10;10;10;0;0;341;122;219;1;5;90;0.5133;0.6881;0.7828;0.0457;0.1279;;;;;;;;;17.19
2026-02-18T02:41:30.720374;mvtec_loco_AD/screw_bag;cont_0pct_ensemble_loo_mahal;0.0;ensemble_loo_mahal;10;10;10;0;784;341;122;219;1;5;90;0.5390;0.6979;0.7824;0.0731;0.1142;0.0257;;;;;;;;18.30
2026-02-18T02:41:47.720054;mvtec_loco_AD/screw_bag;cont_30pct_none;0.3;none;10;10;10;3;0;341;122;219;1;5;90;0.5272;0.7012;0.7821;0.0548;0.1553;0.0139;;;;;;;;16.98
2026-02-18T02:42:06.264980;mvtec_loco_AD/screw_bag;cont_30pct_ensemble_loo_mahal;0.3;ensemble_loo_mahal;10;10;10;3;784;341;122;219;1;5;90;0.5371;0.7047;0.7821;0.0594;0.1507;0.0238;-0.7097;0.2381;0;0.0000;0.0000;;;18.09
2026-02-18T02:42:22.405721;mvtec_loco_AD/screw_bag;cont_0pct_none;0.0;none;10;10;10;0;0;341;122;219;1;5;95;0.5133;0.6881;0.7828;0.0457;0.1279;;;;;;;;;15.86
2026-02-18T02:42:41.744178;mvtec_loco_AD/screw_bag;cont_0pct_ensemble_loo_mahal;0.0;ensemble_loo_mahal;10;10;10;0;392;341;122;219;1;5;95;0.5143;0.6866;0.7835;0.0502;0.1279;0.0009;;;;;;;;19.33
2026-02-18T02:42:58.869416;mvtec_loco_AD/screw_bag;cont_30pct_none;0.3;none;10;10;10;3;0;341;122;219;1;5;95;0.5272;0.7012;0.7821;0.0548;0.1553;0.0139;;;;;;;;17.10
2026-02-18T02:43:18.474101;mvtec_loco_AD/screw_bag;cont_30pct_ensemble_loo_mahal;0.3;ensemble_loo_mahal;10;10;10;3;392;341;122;219;1;5;95;0.5259;0.6997;0.7821;0.0776;0.1370;0.0125;0.0995;0.2381;0;0.0000;0.0000;;;19.50
2026-02-18T02:43:34.805216;mvtec_loco_AD/screw_bag;cont_0pct_none;0.0;none;10;10;10;0;0;341;122;219;1;5;99;0.5133;0.6881;0.7828;0.0457;0.1279;;;;;;;;;16.02
2026-02-18T02:43:53.666320;mvtec_loco_AD/screw_bag;cont_0pct_ensemble_loo_mahal;0.0;ensemble_loo_mahal;10;10;10;0;79;341;122;219;1;5;99;0.5158;0.6896;0.7821;0.0457;0.1324;0.0025;;;;;;;;18.86
2026-02-18T02:44:10.324465;mvtec_loco_AD/screw_bag;cont_30pct_none;0.3;none;10;10;10;3;0;341;122;219;1;5;99;0.5272;0.7012;0.7821;0.0548;0.1553;0.0139;;;;;;;;16.64
2026-02-18T02:44:30.937578;mvtec_loco_AD/screw_bag;cont_30pct_ensemble_loo_mahal;0.3;ensemble_loo_mahal;10;10;10;3;79;341;122;219;1;5;99;0.5220;0.6984;0.7821;0.0594;0.1461;0.0086;0.3790;0.2381;0;0.0000;0.0000;;;20.61
2026-02-18T02:44:47.738073;mvtec_loco_AD/screw_bag;cont_0pct_none;0.0;none;10;10;10;0;0;341;122;219;2;5;90;0.5595;0.7164;0.7835;0.0411;0.1781;;;;;;;;;16.53
2026-02-18T02:45:05.610358;mvtec_loco_AD/screw_bag;cont_0pct_ensemble_loo_mahal;0.0;ensemble_loo_mahal;10;10;10;0;784;341;122;219;2;5;90;0.5300;0.6982;0.7835;0.0685;0.1324;-0.0295;;;;;;;;17.87
2026-02-18T02:45:22.494480;mvtec_loco_AD/screw_bag;cont_30pct_none;0.3;none;10;10;10;3;0;341;122;219;2;5;90;0.5665;0.7284;0.7821;0.0639;0.1872;0.0070;;;;;;;;16.87
2026-02-18T02:45:40.025726;mvtec_loco_AD/screw_bag;cont_30pct_ensemble_loo_mahal;0.3;ensemble_loo_mahal;10;10;10;3;784;341;122;219;2;5;90;0.5488;0.7139;0.7864;0.0868;0.1416;-0.0107;2.5213;0.4762;0;0.3333;0.3333;;;17.20
2026-02-18T02:45:56.677598;mvtec_loco_AD/screw_bag;cont_0pct_none;0.0;none;10;10;10;0;0;341;122;219;2;5;95;0.5595;0.7164;0.7835;0.0411;0.1781;;;;;;;;;16.34
2026-02-18T02:46:15.895481;mvtec_loco_AD/screw_bag;cont_0pct_ensemble_loo_mahal;0.0;ensemble_loo_mahal;10;10;10;0;392;341;122;219;2;5;95;0.5483;0.7062;0.7842;0.0594;0.1461;-0.0112;;;;;;;;19.21
2026-02-18T02:46:32.893463;mvtec_loco_AD/screw_bag;cont_30pct_none;0.3;none;10;10;10;3;0;341;122;219;2;5;95;0.5665;0.7284;0.7821;0.0639;0.1872;0.0070;;;;;;;;16.98
2026-02-18T02:46:51.810313;mvtec_loco_AD/screw_bag;cont_30pct_ensemble_loo_mahal;0.3;ensemble_loo_mahal;10;10;10;3;392;341;122;219;2;5;95;0.5578;0.7233;0.7821;0.0776;0.1689;-0.0017;1.2394;0.4762;0;0.3333;0.3333;;;18.91
2026-02-18T02:47:08.166006;mvtec_loco_AD/screw_bag;cont_0pct_none;0.0;none;10;10;10;0;0;341;122;219;2;5;99;0.5595;0.7164;0.7835;0.0411;0.1781;;;;;;;;;16.07
2026-02-18T02:47:27.485494;mvtec_loco_AD/screw_bag;cont_0pct_ensemble_loo_mahal;0.0;ensemble_loo_mahal;10;10;10;0;79;341;122;219;2;5;99;0.5559;0.7145;0.7835;0.0457;0.1553;-0.0036;;;;;;;;19.31
2026-02-18T02:47:43.534856;mvtec_loco_AD/screw_bag;cont_30pct_none;0.3;none;10;10;10;3;0;341;122;219;2;5;99;0.5665;0.7284;0.7821;0.0639;0.1872;0.0070;;;;;;;;16.02
2026-02-18T02:48:03.340650;mvtec_loco_AD/screw_bag;cont_30pct_ensemble_loo_mahal;0.3;ensemble_loo_mahal;10;10;10;3;79;341;122;219;2;5;99;0.5600;0.7268;0.7821;0.0685;0.1735;0.0006;0.9202;0.4762;0;0.3333;0.3333;;;19.80
2026-02-18T02:48:20.659391;mvtec_loco_AD/screw_bag;cont_0pct_none;0.0;none;10;10;10;0;0;341;122;219;3;5;90;0.5104;0.6820;0.7835;0.0594;0.1279;;;;;;;;;16.99
2026-02-18T02:48:38.593138;mvtec_loco_AD/screw_bag;cont_0pct_ensemble_loo_mahal;0.0;ensemble_loo_mahal;10;10;10;0;784;341;122;219;3;5;90;0.5286;0.7023;0.7821;0.0776;0.1187;0.0182;;;;;;;;17.93
2026-02-18T02:48:54.529638;mvtec_loco_AD/screw_bag;cont_30pct_none;0.3;none;10;10;10;3;0;341;122;219;3;5;90;0.4919;0.6694;0.7821;0.0457;0.1096;-0.0185;;;;;;;;15.91
2026-02-18T02:49:12.645417;mvtec_loco_AD/screw_bag;cont_30pct_ensemble_loo_mahal;0.3;ensemble_loo_mahal;10;10;10;3;784;341;122;219;3;5;90;0.4960;0.6856;0.7821;0.0822;0.1142;-0.0144;0.2227;0.6667;1;0.3333;0.3333;;;18.10
2026-02-18T02:49:33.329075;mvtec_loco_AD/screw_bag;cont_0pct_none;0.0;none;10;10;10;0;0;341;122;219;3;5;95;0.5104;0.6820;0.7835;0.0594;0.1279;;;;;;;;;17.58
2026-02-18T02:49:53.617674;mvtec_loco_AD/screw_bag;cont_0pct_ensemble_loo_mahal;0.0;ensemble_loo_mahal;10;10;10;0;392;341;122;219;3;5;95;0.5246;0.6917;0.7821;0.0776;0.1233;0.0143;;;;;;;;20.28
2026-02-18T02:50:10.279176;mvtec_loco_AD/screw_bag;cont_30pct_none;0.3;none;10;10;10;3;0;341;122;219;3;5;95;0.4919;0.6694;0.7821;0.0457;0.1096;-0.0185;;;;;;;;16.64
2026-02-18T02:50:32.553498;mvtec_loco_AD/screw_bag;cont_30pct_ensemble_loo_mahal;0.3;ensemble_loo_mahal;10;10;10;3;392;341;122;219;3;5;95;0.4951;0.6737;0.7821;0.0502;0.1096;-0.0153;0.1741;0.6667;1;0.3333;0.3333;;;22.27
2026-02-18T02:50:49.020801;mvtec_loco_AD/screw_bag;cont_0pct_none;0.0;none;10;10;10;0;0;341;122;219;3;5;99;0.5104;0.6820;0.7835;0.0594;0.1279;;;;;;;;;16.26
2026-02-18T02:51:08.770131;mvtec_loco_AD/screw_bag;cont_0pct_ensemble_loo_mahal;0.0;ensemble_loo_mahal;10;10;10;0;79;341;122;219;3;5;99;0.5084;0.6805;0.7835;0.0548;0.1233;-0.0020;;;;;;;;19.75
2026-02-18T02:51:24.979969;mvtec_loco_AD/screw_bag;cont_30pct_none;0.3;none;10;10;10;3;0;341;122;219;3;5;99;0.4919;0.6694;0.7821;0.0457;0.1096;-0.0185;;;;;;;;16.19
2026-02-18T02:51:45.029645;mvtec_loco_AD/screw_bag;cont_30pct_ensemble_loo_mahal;0.3;ensemble_loo_mahal;10;10;10;3;79;341;122;219;3;5;99;0.4891;0.6647;0.7821;0.0365;0.1050;-0.0213;-0.1498;0.6667;1;0.3333;0.3333;;;20.04
2026-02-18T02:52:00.249037;mvtec_loco_AD/screw_bag;cont_0pct_none;0.0;none;10;10;10;0;0;341;122;219;4;5;90;0.5322;0.6942;0.7821;0.0548;0.1187;;;;;;;;;14.90
2026-02-18T02:52:18.752230;mvtec_loco_AD/screw_bag;cont_0pct_ensemble_loo_mahal;0.0;ensemble_loo_mahal;10;10;10;0;784;341;122;219;4;5;90;0.5167;0.6912;0.7834;0.0502;0.1142;-0.0155;;;;;;;;18.50
2026-02-18T02:52:34.853409;mvtec_loco_AD/screw_bag;cont_30pct_none;0.3;none;10;10;10;3;0;341;122;219;4;5;90;0.5265;0.6910;0.7821;0.0411;0.1142;-0.0057;;;;;;;;16.08
2026-02-18T02:52:53.188734;mvtec_loco_AD/screw_bag;cont_30pct_ensemble_loo_mahal;0.3;ensemble_loo_mahal;10;10;10;3;784;341;122;219;4;5;90;0.5376;0.7001;0.7821;0.0548;0.1324;0.0055;1.9669;0.5714;1;0.3333;0.3333;;;18.33
2026-02-18T02:53:10.429710;mvtec_loco_AD/screw_bag;cont_0pct_none;0.0;none;10;10;10;0;0;341;122;219;4;5;95;0.5322;0.6942;0.7821;0.0548;0.1187;;;;;;;;;16.92
2026-02-18T02:53:29.693110;mvtec_loco_AD/screw_bag;cont_0pct_ensemble_loo_mahal;0.0;ensemble_loo_mahal;10;10;10;0;392;341;122;219;4;5;95;0.5175;0.6961;0.7835;0.0639;0.1598;-0.0147;;;;;;;;19.26
2026-02-18T02:53:46.731496;mvtec_loco_AD/screw_bag;cont_30pct_none;0.3;none;10;10;10;3;0;341;122;219;4;5;95;0.5265;0.6910;0.7821;0.0411;0.1142;-0.0057;;;;;;;;17.01
2026-02-18T02:54:05.805979;mvtec_loco_AD/screw_bag;cont_30pct_ensemble_loo_mahal;0.3;ensemble_loo_mahal;10;10;10;3;392;341;122;219;4;5;95;0.5265;0.6923;0.7821;0.0502;0.1142;-0.0057;-0.0066;0.5714;1;0.3333;0.3333;;;19.06
2026-02-18T02:54:21.453613;mvtec_loco_AD/screw_bag;cont_0pct_none;0.0;none;10;10;10;0;0;341;122;219;4;5;99;0.5322;0.6942;0.7821;0.0548;0.1187;;;;;;;;;15.35
2026-02-18T02:54:41.181514;mvtec_loco_AD/screw_bag;cont_0pct_ensemble_loo_mahal;0.0;ensemble_loo_mahal;10;10;10;0;79;341;122;219;4;5;99;0.5340;0.6960;0.7832;0.0457;0.1416;0.0019;;;;;;;;19.71
2026-02-18T02:54:57.952567;mvtec_loco_AD/screw_bag;cont_30pct_none;0.3;none;10;10;10;3;0;341;122;219;4;5;99;0.5265;0.6910;0.7821;0.0411;0.1142;-0.0057;;;;;;;;16.74
2026-02-18T02:55:17.586680;mvtec_loco_AD/screw_bag;cont_30pct_ensemble_loo_mahal;0.3;ensemble_loo_mahal;10;10;10;3;79;341;122;219;4;5;99;0.5267;0.6916;0.7821;0.0320;0.1233;-0.0055;0.0298;0.5714;1;0.3333;0.3333;;;19.63
2026-02-18T02:55:35.456966;mvtec_loco_AD/splicing_connectors;cont_0pct_none;0.0;none;10;10;10;0;0;312;119;193;0;5;90;0.7209;0.8334;0.7667;0.3005;0.3782;;;;;;;;;15.48
2026-02-18T02:55:51.516356;mvtec_loco_AD/splicing_connectors;cont_0pct_ensemble_loo_mahal;0.0;ensemble_loo_mahal;10;10;10;0;784;312;119;193;0;5;90;0.6387;0.7623;0.7644;0.1813;0.2176;-0.0822;;;;;;;;16.06
2026-02-18T02:56:05.809879;mvtec_loco_AD/splicing_connectors;cont_30pct_none;0.3;none;10;10;10;3;0;312;119;193;0;5;90;0.7325;0.8502;0.7644;0.3834;0.4249;0.0116;;;;;;;;14.27
2026-02-18T02:56:22.910048;mvtec_loco_AD/splicing_connectors;cont_30pct_ensemble_loo_mahal;0.3;ensemble_loo_mahal;10;10;10;3;784;312;119;193;0;5;90;0.6685;0.8018;0.7644;0.2487;0.2798;-0.0524;5.5094;0.9048;1;0.6667;0.6667;;;17.09
2026-02-18T02:56:38.896332;mvtec_loco_AD/splicing_connectors;cont_0pct_none;0.0;none;10;10;10;0;0;312;119;193;0;5;95;0.7209;0.8334;0.7667;0.3005;0.3782;;;;;;;;;15.69
2026-02-18T02:56:57.367033;mvtec_loco_AD/splicing_connectors;cont_0pct_ensemble_loo_mahal;0.0;ensemble_loo_mahal;10;10;10;0;392;312;119;193;0;5;95;0.6994;0.8180;0.7644;0.2798;0.3627;-0.0215;;;;;;;;18.20
2026-02-18T02:57:13.063590;mvtec_loco_AD/splicing_connectors;cont_30pct_none;0.3;none;10;10;10;3;0;312;119;193;0;5;95;0.7325;0.8502;0.7644;0.3834;0.4249;0.0116;;;;;;;;15.67
2026-02-18T02:57:30.755844;mvtec_loco_AD/splicing_connectors;cont_30pct_ensemble_loo_mahal;0.3;ensemble_loo_mahal;10;10;10;3;392;312;119;193;0;5;95;0.7110;0.8355;0.7644;0.3368;0.3731;-0.0099;1.8502;0.9048;1;0.6667;0.6667;;;17.39
2026-02-18T02:57:45.619899;mvtec_loco_AD/splicing_connectors;cont_0pct_none;0.0;none;10;10;10;0;0;312;119;193;0;5;99;0.7209;0.8334;0.7667;0.3005;0.3782;;;;;;;;;14.59
2026-02-18T02:58:04.048410;mvtec_loco_AD/splicing_connectors;cont_0pct_ensemble_loo_mahal;0.0;ensemble_loo_mahal;10;10;10;0;79;312;119;193;0;5;99;0.7176;0.8315;0.7696;0.3057;0.3575;-0.0034;;;;;;;;18.42
2026-02-18T02:58:19.550782;mvtec_loco_AD/splicing_connectors;cont_30pct_none;0.3;none;10;10;10;3;0;312;119;193;0;5;99;0.7325;0.8502;0.7644;0.3834;0.4249;0.0116;;;;;;;;15.47
2026-02-18T02:58:38.116863;mvtec_loco_AD/splicing_connectors;cont_30pct_ensemble_loo_mahal;0.3;ensemble_loo_mahal;10;10;10;3;79;312;119;193;0;5;99;0.7356;0.8523;0.7644;0.3782;0.4301;0.0147;-0.2622;0.9048;1;0.6667;0.6667;;;18.42
2026-02-18T02:58:53.919633;mvtec_loco_AD/splicing_connectors;cont_0pct_none;0.0;none;10;10;10;0;0;312;119;193;1;5;90;0.7320;0.8442;0.7822;0.3472;0.3886;;;;;;;;;15.47
2026-02-18T02:59:10.595575;mvtec_loco_AD/splicing_connectors;cont_0pct_ensemble_loo_mahal;0.0;ensemble_loo_mahal;10;10;10;0;784;312;119;193;1;5;90;0.6792;0.8023;0.7785;0.2383;0.3161;-0.0528;;;;;;;;16.44
2026-02-18T02:59:26.107859;mvtec_loco_AD/splicing_connectors;cont_30pct_none;0.3;none;10;10;10;3;0;312;119;193;1;5;90;0.7039;0.8276;0.7650;0.3161;0.3472;-0.0281;;;;;;;;15.49
2026-02-18T02:59:46.343741;mvtec_loco_AD/splicing_connectors;cont_30pct_ensemble_loo_mahal;0.3;ensemble_loo_mahal;10;10;10;3;784;312;119;193;1;5;90;0.6703;0.7996;0.7661;0.2591;0.2850;-0.0617;-1.1969;0.9524;1;0.6667;0.6667;;;18.67
2026-02-18T03:00:01.688425;mvtec_loco_AD/splicing_connectors;cont_0pct_none;0.0;none;10;10;10;0;0;312;119;193;1;5;95;0.7320;0.8442;0.7822;0.3472;0.3886;;;;;;;;;15.08
2026-02-18T03:00:19.849419;mvtec_loco_AD/splicing_connectors;cont_0pct_ensemble_loo_mahal;0.0;ensemble_loo_mahal;10;10;10;0;392;312;119;193;1;5;95;0.6977;0.8244;0.7783;0.3264;0.3731;-0.0343;;;;;;;;18.15
2026-02-18T03:00:34.786856;mvtec_loco_AD/splicing_connectors;cont_30pct_none;0.3;none;10;10;10;3;0;312;119;193;1;5;95;0.7039;0.8276;0.7650;0.3161;0.3472;-0.0281;;;;;;;;14.92
2026-02-18T03:00:52.987520;mvtec_loco_AD/splicing_connectors;cont_30pct_ensemble_loo_mahal;0.3;ensemble_loo_mahal;10;10;10;3;392;312;119;193;1;5;95;0.7060;0.8285;0.7757;0.3368;0.3782;-0.0260;0.0744;0.9524;1;0.6667;0.6667;;;18.10
2026-02-18T03:01:07.678925;mvtec_loco_AD/splicing_connectors;cont_0pct_none;0.0;none;10;10;10;0;0;312;119;193;1;5;99;0.7320;0.8442;0.7822;0.3472;0.3886;;;;;;;;;14.49
2026-02-18T03:01:25.673422;mvtec_loco_AD/splicing_connectors;cont_0pct_ensemble_loo_mahal;0.0;ensemble_loo_mahal;10;10;10;0;79;312;119;193;1;5;99;0.7312;0.8457;0.7859;0.3575;0.3886;-0.0008;;;;;;;;17.99
2026-02-18T03:01:41.048758;mvtec_loco_AD/splicing_connectors;cont_30pct_none;0.3;none;10;10;10;3;0;312;119;193;1;5;99;0.7039;0.8276;0.7650;0.3161;0.3472;-0.0281;;;;;;;;15.35
2026-02-18T03:01:59.529077;mvtec_loco_AD/splicing_connectors;cont_30pct_ensemble_loo_mahal;0.3;ensemble_loo_mahal;10;10;10;3;79;312;119;193;1;5;99;0.7114;0.8320;0.7660;0.3212;0.3575;-0.0206;0.2667;0.9524;1;0.6667;0.6667;;;18.39
2026-02-18T03:02:14.826757;mvtec_loco_AD/splicing_connectors;cont_0pct_none;0.0;none;10;10;10;0;0;312;119;193;2;5;90;0.7356;0.8478;0.7696;0.3161;0.3990;;;;;;;;;15.04
2026-02-18T03:02:32.364790;mvtec_loco_AD/splicing_connectors;cont_0pct_ensemble_loo_mahal;0.0;ensemble_loo_mahal;10;10;10;0;784;312;119;193;2;5;90;0.7109;0.8223;0.7644;0.2383;0.2953;-0.0247;;;;;;;;17.53
2026-02-18T03:02:47.213777;mvtec_loco_AD/splicing_connectors;cont_30pct_none;0.3;none;10;10;10;3;0;312;119;193;2;5;90;0.7081;0.8239;0.7682;0.2591;0.3316;-0.0275;;;;;;;;14.83
2026-02-18T03:03:03.402939;mvtec_loco_AD/splicing_connectors;cont_30pct_ensemble_loo_mahal;0.3;ensemble_loo_mahal;10;10;10;3;784;312;119;193;2;5;90;0.6468;0.7708;0.7682;0.1606;0.1917;-0.0888;-2.2278;0.6190;1;0.3333;0.3333;;;16.18
2026-02-18T03:03:18.524020;mvtec_loco_AD/splicing_connectors;cont_0pct_none;0.0;none;10;10;10;0;0;312;119;193;2;5;95;0.7356;0.8478;0.7696;0.3161;0.3990;;;;;;;;;14.83
2026-02-18T03:03:36.914090;mvtec_loco_AD/splicing_connectors;cont_0pct_ensemble_loo_mahal;0.0;ensemble_loo_mahal;10;10;10;0;392;312;119;193;2;5;95;0.7397;0.8493;0.7644;0.3264;0.3782;0.0041;;;;;;;;18.38
2026-02-18T03:03:51.987397;mvtec_loco_AD/splicing_connectors;cont_30pct_none;0.3;none;10;10;10;3;0;312;119;193;2;5;95;0.7081;0.8239;0.7682;0.2591;0.3316;-0.0275;;;;;;;;15.05
2026-02-18T03:04:10.324391;mvtec_loco_AD/splicing_connectors;cont_30pct_ensemble_loo_mahal;0.3;ensemble_loo_mahal;10;10;10;3;392;312;119;193;2;5;95;0.6978;0.8138;0.7677;0.2073;0.2850;-0.0378;-0.3750;0.6190;1;0.3333;0.3333;;;18.17
2026-02-18T03:04:25.017140;mvtec_loco_AD/splicing_connectors;cont_0pct_none;0.0;none;10;10;10;0;0;312;119;193;2;5;99;0.7356;0.8478;0.7696;0.3161;0.3990;;;;;;;;;14.41
2026-02-18T03:04:42.707452;mvtec_loco_AD/splicing_connectors;cont_0pct_ensemble_loo_mahal;0.0;ensemble_loo_mahal;10;10;10;0;79;312;119;193;2;5;99;0.7402;0.8520;0.7669;0.3264;0.4352;0.0046;;;;;;;;17.68
2026-02-18T03:04:57.642310;mvtec_loco_AD/splicing_connectors;cont_30pct_none;0.3;none;10;10;10;3;0;312;119;193;2;5;99;0.7081;0.8239;0.7682;0.2591;0.3316;-0.0275;;;;;;;;14.91
2026-02-18T03:05:16.560280;mvtec_loco_AD/splicing_connectors;cont_30pct_ensemble_loo_mahal;0.3;ensemble_loo_mahal;10;10;10;3;79;312;119;193;2;5;99;0.7126;0.8263;0.7686;0.2487;0.3472;-0.0231;0.1622;0.6190;1;0.3333;0.3333;;;18.62
2026-02-18T03:05:32.019059;mvtec_loco_AD/splicing_connectors;cont_0pct_none;0.0;none;10;10;10;0;0;312;119;193;3;5;90;0.7343;0.8409;0.7695;0.3109;0.3523;;;;;;;;;15.18
2026-02-18T03:05:49.721543;mvtec_loco_AD/splicing_connectors;cont_0pct_ensemble_loo_mahal;0.0;ensemble_loo_mahal;10;10;10;0;784;312;119;193;3;5;90;0.6608;0.7813;0.7683;0.1762;0.2487;-0.0735;;;;;;;;17.69
2026-02-18T03:06:04.078026;mvtec_loco_AD/splicing_connectors;cont_30pct_none;0.3;none;10;10;10;3;0;312;119;193;3;5;90;0.7161;0.8304;0.7746;0.2539;0.3679;-0.0182;;;;;;;;14.34
2026-02-18T03:06:21.330806;mvtec_loco_AD/splicing_connectors;cont_30pct_ensemble_loo_mahal;0.3;ensemble_loo_mahal;10;10;10;3;784;312;119;193;3;5;90;0.6727;0.7994;0.7644;0.1969;0.2902;-0.0615;-2.3804;0.7143;0;0.6667;0.6667;;;17.25
2026-02-18T03:06:36.231339;mvtec_loco_AD/splicing_connectors;cont_0pct_none;0.0;none;10;10;10;0;0;312;119;193;3;5;95;0.7343;0.8409;0.7695;0.3109;0.3523;;;;;;;;;14.63
2026-02-18T03:06:54.090907;mvtec_loco_AD/splicing_connectors;cont_0pct_ensemble_loo_mahal;0.0;ensemble_loo_mahal;10;10;10;0;392;312;119;193;3;5;95;0.7007;0.8166;0.7721;0.1813;0.3679;-0.0336;;;;;;;;17.85
2026-02-18T03:07:09.512122;mvtec_loco_AD/splicing_connectors;cont_30pct_none;0.3;none;10;10;10;3;0;312;119;193;3;5;95;0.7161;0.8304;0.7746;0.2539;0.3679;-0.0182;;;;;;;;15.40
2026-02-18T03:07:27.483178;mvtec_loco_AD/splicing_connectors;cont_30pct_ensemble_loo_mahal;0.3;ensemble_loo_mahal;10;10;10;3;392;312;119;193;3;5;95;0.7019;0.8210;0.7686;0.2021;0.3679;-0.0324;-0.7775;0.7143;0;0.6667;0.6667;;;17.96
2026-02-18T03:07:43.790064;mvtec_loco_AD/splicing_connectors;cont_0pct_none;0.0;none;10;10;10;0;0;312;119;193;3;5;99;0.7343;0.8409;0.7695;0.3109;0.3523;;;;;;;;;16.04
2026-02-18T03:08:01.742704;mvtec_loco_AD/splicing_connectors;cont_0pct_ensemble_loo_mahal;0.0;ensemble_loo_mahal;10;10;10;0;79;312;119;193;3;5;99;0.7331;0.8399;0.7705;0.3057;0.3316;-0.0012;;;;;;;;17.95
2026-02-18T03:08:17.887225;mvtec_loco_AD/splicing_connectors;cont_30pct_none;0.3;none;10;10;10;3;0;312;119;193;3;5;99;0.7161;0.8304;0.7746;0.2539;0.3679;-0.0182;;;;;;;;16.12
2026-02-18T03:08:36.419592;mvtec_loco_AD/splicing_connectors;cont_30pct_ensemble_loo_mahal;0.3;ensemble_loo_mahal;10;10;10;3;79;312;119;193;3;5;99;0.7167;0.8301;0.7795;0.2435;0.3523;-0.0175;0.0359;0.7143;0;0.6667;0.6667;;;18.36
2026-02-18T03:08:51.949201;mvtec_loco_AD/splicing_connectors;cont_0pct_none;0.0;none;10;10;10;0;0;312;119;193;4;5;90;0.7296;0.8495;0.7759;0.3316;0.4301;;;;;;;;;15.28
2026-02-18T03:09:08.781770;mvtec_loco_AD/splicing_connectors;cont_0pct_ensemble_loo_mahal;0.0;ensemble_loo_mahal;10;10;10;0;784;312;119;193;4;5;90;0.7093;0.8367;0.7683;0.3057;0.3990;-0.0203;;;;;;;;16.72
2026-02-18T03:09:23.669054;mvtec_loco_AD/splicing_connectors;cont_30pct_none;0.3;none;10;10;10;3;0;312;119;193;4;5;90;0.7358;0.8447;0.7787;0.3420;0.3990;0.0062;;;;;;;;14.87
2026-02-18T03:09:41.232036;mvtec_loco_AD/splicing_connectors;cont_30pct_ensemble_loo_mahal;0.3;ensemble_loo_mahal;10;10;10;3;784;312;119;193;4;5;90;0.6636;0.7774;0.7644;0.1813;0.2383;-0.0660;11.6014;0.3810;0;0.3333;0.3333;;;17.36
2026-02-18T03:09:56.597909;mvtec_loco_AD/splicing_connectors;cont_0pct_none;0.0;none;10;10;10;0;0;312;119;193;4;5;95;0.7296;0.8495;0.7759;0.3316;0.4301;;;;;;;;;15.15
2026-02-18T03:10:17.430623;mvtec_loco_AD/splicing_connectors;cont_0pct_ensemble_loo_mahal;0.0;ensemble_loo_mahal;10;10;10;0;392;312;119;193;4;5;95;0.7283;0.8457;0.7699;0.3316;0.4456;-0.0013;;;;;;;;20.83
2026-02-18T03:10:32.511113;mvtec_loco_AD/splicing_connectors;cont_30pct_none;0.3;none;10;10;10;3;0;312;119;193;4;5;95;0.7358;0.8447;0.7787;0.3420;0.3990;0.0062;;;;;;;;15.06
2026-02-18T03:10:50.556847;mvtec_loco_AD/splicing_connectors;cont_30pct_ensemble_loo_mahal;0.3;ensemble_loo_mahal;10;10;10;3;392;312;119;193;4;5;95;0.7100;0.8239;0.7680;0.2539;0.3316;-0.0196;4.1469;0.3810;0;0.3333;0.3333;;;17.95
2026-02-18T03:11:05.555421;mvtec_loco_AD/splicing_connectors;cont_0pct_none;0.0;none;10;10;10;0;0;312;119;193;4;5;99;0.7296;0.8495;0.7759;0.3316;0.4301;;;;;;;;;14.70
2026-02-18T03:11:23.649741;mvtec_loco_AD/splicing_connectors;cont_0pct_ensemble_loo_mahal;0.0;ensemble_loo_mahal;10;10;10;0;79;312;119;193;4;5;99;0.7346;0.8515;0.7759;0.3420;0.4404;0.0050;;;;;;;;18.09
2026-02-18T03:11:38.183624;mvtec_loco_AD/splicing_connectors;cont_30pct_none;0.3;none;10;10;10;3;0;312;119;193;4;5;99;0.7358;0.8447;0.7787;0.3420;0.3990;0.0062;;;;;;;;14.51
2026-02-18T03:11:56.269577;mvtec_loco_AD/splicing_connectors;cont_30pct_ensemble_loo_mahal;0.3;ensemble_loo_mahal;10;10;10;3;79;312;119;193;4;5;99;0.7376;0.8457;0.7728;0.3316;0.4093;0.0080;-0.2797;0.3810;0;0.3333;0.3333;;;18.08
2026-02-18T03:12:01.112796;btad/01;cont_0pct_none;0.0;none;10;10;10;0;0;70;21;49;0;5;90;0.9854;0.9946;0.9792;0.9592;0.9592;;;;;;;;;3.05
2026-02-18T03:12:07.804954;btad/01;cont_0pct_ensemble_loo_mahal;0.0;ensemble_loo_mahal;10;10;10;0;784;70;21;49;0;5;90;0.9864;0.9949;0.9792;0.9592;0.9592;0.0010;;;;;;;;6.69
2026-02-18T03:12:11.292683;btad/01;cont_30pct_none;0.3;none;10;10;10;3;0;70;21;49;0;5;90;0.9524;0.9840;0.9574;0.9184;0.9184;-0.0330;;;;;;;;3.46
2026-02-18T03:12:18.254255;btad/01;cont_30pct_ensemble_loo_mahal;0.3;ensemble_loo_mahal;10;10;10;3;784;70;21;49;0;5;90;0.9767;0.9919;0.9792;0.9592;0.9592;-0.0087;0.7353;1.0000;1;1.0000;1.0000;;;6.86
2026-02-18T03:12:21.900829;btad/01;cont_0pct_none;0.0;none;10;10;10;0;0;70;21;49;0;5;95;0.9854;0.9946;0.9792;0.9592;0.9592;;;;;;;;;3.56
2026-02-18T03:12:28.928136;btad/01;cont_0pct_ensemble_loo_mahal;0.0;ensemble_loo_mahal;10;10;10;0;392;70;21;49;0;5;95;0.9815;0.9933;0.9792;0.9592;0.9592;-0.0039;;;;;;;;6.76
2026-02-18T03:12:32.169344;btad/01;cont_30pct_none;0.3;none;10;10;10;3;0;70;21;49;0;5;95;0.9524;0.9840;0.9574;0.9184;0.9184;-0.0330;;;;;;;;3.22
2026-02-18T03:12:39.194352;btad/01;cont_30pct_ensemble_loo_mahal;0.3;ensemble_loo_mahal;10;10;10;3;392;70;21;49;0;5;95;0.9592;0.9866;0.9684;0.9388;0.9388;-0.0262;0.2059;1.0000;1;1.0000;1.0000;;;6.77
2026-02-18T03:12:43.058399;btad/01;cont_0pct_none;0.0;none;10;10;10;0;0;70;21;49;0;5;99;0.9854;0.9946;0.9792;0.9592;0.9592;;;;;;;;;3.78
2026-02-18T03:12:50.290558;btad/01;cont_0pct_ensemble_loo_mahal;0.0;ensemble_loo_mahal;10;10;10;0;79;70;21;49;0;5;99;0.9864;0.9949;0.9792;0.9592;0.9592;0.0010;;;;;;;;7.09
2026-02-18T03:12:53.896359;btad/01;cont_30pct_none;0.3;none;10;10;10;3;0;70;21;49;0;5;99;0.9524;0.9840;0.9574;0.9184;0.9184;-0.0330;;;;;;;;3.58
2026-02-18T03:12:59.962127;btad/01;cont_30pct_ensemble_loo_mahal;0.3;ensemble_loo_mahal;10;10;10;3;79;70;21;49;0;5;99;0.9572;0.9861;0.9684;0.9388;0.9388;-0.0282;0.1471;1.0000;1;1.0000;1.0000;;;5.81
2026-02-18T03:13:03.617659;btad/01;cont_0pct_none;0.0;none;10;10;10;0;0;70;21;49;1;5;90;0.9767;0.9921;0.9691;0.9592;0.9592;;;;;;;;;3.56
2026-02-18T03:13:10.455225;btad/01;cont_0pct_ensemble_loo_mahal;0.0;ensemble_loo_mahal;10;10;10;0;784;70;21;49;1;5;90;0.9776;0.9922;0.9792;0.9592;0.9592;0.0010;;;;;;;;6.83
2026-02-18T03:13:14.119568;btad/01;cont_30pct_none;0.3;none;10;10;10;3;0;70;21;49;1;5;90;0.9339;0.9780;0.9375;0.8571;0.8980;-0.0428;;;;;;;;3.64
2026-02-18T03:13:22.278439;btad/01;cont_30pct_ensemble_loo_mahal;0.3;ensemble_loo_mahal;10;10;10;3;784;70;21;49;1;5;90;0.9757;0.9911;0.9583;0.9184;0.9388;-0.0010;0.9773;1.0000;1;1.0000;1.0000;;;6.57
2026-02-18T03:13:25.067261;btad/01;cont_0pct_none;0.0;none;10;10;10;0;0;70;21;49;1;5;95;0.9767;0.9921;0.9691;0.9592;0.9592;;;;;;;;;2.70
2026-02-18T03:13:31.962976;btad/01;cont_0pct_ensemble_loo_mahal;0.0;ensemble_loo_mahal;10;10;10;0;392;70;21;49;1;5;95;0.9767;0.9919;0.9792;0.9592;0.9592;0.0000;;;;;;;;6.89
2026-02-18T03:13:35.455028;btad/01;cont_30pct_none;0.3;none;10;10;10;3;0;70;21;49;1;5;95;0.9339;0.9780;0.9375;0.8571;0.8980;-0.0428;;;;;;;;3.47
2026-02-18T03:13:42.306772;btad/01;cont_30pct_ensemble_loo_mahal;0.3;ensemble_loo_mahal;10;10;10;3;392;70;21;49;1;5;95;0.9553;0.9852;0.9583;0.8980;0.9388;-0.0214;0.5000;1.0000;1;1.0000;1.0000;;;6.73
2026-02-18T03:13:46.091299;btad/01;cont_0pct_none;0.0;none;10;10;10;0;0;70;21;49;1;5;99;0.9767;0.9921;0.9691;0.9592;0.9592;;;;;;;;;3.70
2026-02-18T03:13:53.244065;btad/01;cont_0pct_ensemble_loo_mahal;0.0;ensemble_loo_mahal;10;10;10;0;79;70;21;49;1;5;99;0.9786;0.9927;0.9792;0.9592;0.9592;0.0019;;;;;;;;7.15
2026-02-18T03:13:56.872923;btad/01;cont_30pct_none;0.3;none;10;10;10;3;0;70;21;49;1;5;99;0.9339;0.9780;0.9375;0.8571;0.8980;-0.0428;;;;;;;;3.61
2026-02-18T03:14:04.098741;btad/01;cont_30pct_ensemble_loo_mahal;0.3;ensemble_loo_mahal;10;10;10;3;79;70;21;49;1;5;99;0.9368;0.9791;0.9474;0.8776;0.9184;-0.0398;0.0682;1.0000;1;1.0000;1.0000;;;7.02
2026-02-18T03:14:08.011932;btad/01;cont_0pct_none;0.0;none;10;10;10;0;0;70;21;49;2;5;90;0.9708;0.9902;0.9691;0.9388;0.9592;;;;;;;;;3.81
2026-02-18T03:14:14.748179;btad/01;cont_0pct_ensemble_loo_mahal;0.0;ensemble_loo_mahal;10;10;10;0;784;70;21;49;2;5;90;0.9776;0.9919;0.9684;0.9388;0.9388;0.0068;;;;;;;;6.52
2026-02-18T03:14:18.384692;btad/01;cont_30pct_none;0.3;none;10;10;10;3;0;70;21;49;2;5;90;0.9213;0.9743;0.9348;0.8776;0.8776;-0.0496;;;;;;;;3.61
2026-02-18T03:14:25.373971;btad/01;cont_30pct_ensemble_loo_mahal;0.3;ensemble_loo_mahal;10;10;10;3;784;70;21;49;2;5;90;0.9699;0.9895;0.9684;0.9388;0.9388;-0.0010;0.9804;1.0000;1;1.0000;1.0000;;;6.81
2026-02-18T03:14:29.057924;btad/01;cont_0pct_none;0.0;none;10;10;10;0;0;70;21;49;2;5;95;0.9708;0.9902;0.9691;0.9388;0.9592;;;;;;;;;3.60
2026-02-18T03:14:36.311332;btad/01;cont_0pct_ensemble_loo_mahal;0.0;ensemble_loo_mahal;10;10;10;0;392;70;21;49;2;5;95;0.9757;0.9915;0.9691;0.9592;0.9592;0.0049;;;;;;;;7.14
2026-02-18T03:14:39.662024;btad/01;cont_30pct_none;0.3;none;10;10;10;3;0;70;21;49;2;5;95;0.9213;0.9743;0.9348;0.8776;0.8776;-0.0496;;;;;;;;3.33
2026-02-18T03:14:45.915230;btad/01;cont_30pct_ensemble_loo_mahal;0.3;ensemble_loo_mahal;10;10;10;3;392;70;21;49;2;5;95;0.9670;0.9889;0.9684;0.9388;0.9388;-0.0039;0.9216;1.0000;1;1.0000;1.0000;;;6.25
2026-02-18T03:14:49.578472;btad/01;cont_0pct_none;0.0;none;10;10;10;0;0;70;21;49;2;5;99;0.9708;0.9902;0.9691;0.9388;0.9592;;;;;;;;;3.58
2026-02-18T03:14:56.715248;btad/01;cont_0pct_ensemble_loo_mahal;0.0;ensemble_loo_mahal;10;10;10;0;79;70;21;49;2;5;99;0.9728;0.9907;0.9691;0.9388;0.9592;0.0019;;;;;;;;6.88
2026-02-18T03:15:00.372408;btad/01;cont_30pct_none;0.3;none;10;10;10;3;0;70;21;49;2;5;99;0.9213;0.9743;0.9348;0.8776;0.8776;-0.0496;;;;;;;;3.64
2026-02-18T03:15:07.854707;btad/01;cont_30pct_ensemble_loo_mahal;0.3;ensemble_loo_mahal;10;10;10;3;79;70;21;49;2;5;99;0.9252;0.9760;0.9462;0.8980;0.8980;-0.0457;0.0784;1.0000;1;1.0000;1.0000;;;6.69
2026-02-18T03:15:11.692697;btad/01;cont_0pct_none;0.0;none;10;10;10;0;0;70;21;49;3;5;90;0.9767;0.9918;0.9691;0.9388;0.9592;;;;;;;;;3.75
2026-02-18T03:15:18.469204;btad/01;cont_0pct_ensemble_loo_mahal;0.0;ensemble_loo_mahal;10;10;10;0;784;70;21;49;3;5;90;0.9747;0.9912;0.9691;0.9388;0.9592;-0.0019;;;;;;;;6.66
2026-02-18T03:15:21.514471;btad/01;cont_30pct_none;0.3;none;10;10;10;3;0;70;21;49;3;5;90;0.9446;0.9810;0.9375;0.8776;0.8980;-0.0321;;;;;;;;3.02
2026-02-18T03:15:28.660202;btad/01;cont_30pct_ensemble_loo_mahal;0.3;ensemble_loo_mahal;10;10;10;3;784;70;21;49;3;5;90;0.9767;0.9918;0.9691;0.9388;0.9592;0.0000;1.0000;1.0000;1;1.0000;1.0000;;;6.98
2026-02-18T03:15:32.429712;btad/01;cont_0pct_none;0.0;none;10;10;10;0;0;70;21;49;3;5;95;0.9767;0.9918;0.9691;0.9388;0.9592;;;;;;;;;3.68
2026-02-18T03:15:39.748824;btad/01;cont_0pct_ensemble_loo_mahal;0.0;ensemble_loo_mahal;10;10;10;0;392;70;21;49;3;5;95;0.9786;0.9923;0.9691;0.9592;0.9592;0.0019;;;;;;;;7.22
2026-02-18T03:15:43.456112;btad/01;cont_30pct_none;0.3;none;10;10;10;3;0;70;21;49;3;5;95;0.9446;0.9810;0.9375;0.8776;0.8980;-0.0321;;;;;;;;3.68
2026-02-18T03:15:50.503740;btad/01;cont_30pct_ensemble_loo_mahal;0.3;ensemble_loo_mahal;10;10;10;3;392;70;21;49;3;5;95;0.9738;0.9908;0.9684;0.9388;0.9388;-0.0029;0.9091;1.0000;1;1.0000;1.0000;;;6.94
2026-02-18T03:15:54.088533;btad/01;cont_0pct_none;0.0;none;10;10;10;0;0;70;21;49;3;5;99;0.9767;0.9918;0.9691;0.9388;0.9592;;;;;;;;;3.51
2026-02-18T03:16:01.346445;btad/01;cont_0pct_ensemble_loo_mahal;0.0;ensemble_loo_mahal;10;10;10;0;79;70;21;49;3;5;99;0.9767;0.9918;0.9691;0.9388;0.9592;0.0000;;;;;;;;6.97
2026-02-18T03:16:05.007684;btad/01;cont_30pct_none;0.3;none;10;10;10;3;0;70;21;49;3;5;99;0.9446;0.9810;0.9375;0.8776;0.8980;-0.0321;;;;;;;;3.64
2026-02-18T03:16:12.138719;btad/01;cont_30pct_ensemble_loo_mahal;0.3;ensemble_loo_mahal;10;10;10;3;79;70;21;49;3;5;99;0.9543;0.9848;0.9574;0.9184;0.9184;-0.0224;0.3030;1.0000;1;1.0000;1.0000;;;6.99
2026-02-18T03:16:15.856754;btad/01;cont_0pct_none;0.0;none;10;10;10;0;0;70;21;49;4;5;90;0.9806;0.9930;0.9792;0.9592;0.9592;;;;;;;;;3.62
2026-02-18T03:16:21.424811;btad/01;cont_0pct_ensemble_loo_mahal;0.0;ensemble_loo_mahal;10;10;10;0;784;70;21;49;4;5;90;0.9776;0.9922;0.9792;0.9592;0.9592;-0.0029;;;;;;;;5.56
2026-02-18T03:16:24.938743;btad/01;cont_30pct_none;0.3;none;10;10;10;3;0;70;21;49;4;5;90;0.9368;0.9798;0.9574;0.9184;0.9184;-0.0437;;;;;;;;3.50
2026-02-18T03:16:32.077648;btad/01;cont_30pct_ensemble_loo_mahal;0.3;ensemble_loo_mahal;10;10;10;3;784;70;21;49;4;5;90;0.9815;0.9934;0.9792;0.9592;0.9592;0.0010;1.0222;1.0000;1;1.0000;1.0000;;;6.73
2026-02-18T03:16:35.745144;btad/01;cont_0pct_none;0.0;none;10;10;10;0;0;70;21;49;4;5;95;0.9806;0.9930;0.9792;0.9592;0.9592;;;;;;;;;3.58
2026-02-18T03:16:42.459319;btad/01;cont_0pct_ensemble_loo_mahal;0.0;ensemble_loo_mahal;10;10;10;0;392;70;21;49;4;5;95;0.9815;0.9933;0.9792;0.9592;0.9592;0.0010;;;;;;;;6.67
2026-02-18T03:16:46.160007;btad/01;cont_30pct_none;0.3;none;10;10;10;3;0;70;21;49;4;5;95;0.9368;0.9798;0.9574;0.9184;0.9184;-0.0437;;;;;;;;3.68
2026-02-18T03:16:53.049060;btad/01;cont_30pct_ensemble_loo_mahal;0.3;ensemble_loo_mahal;10;10;10;3;392;70;21;49;4;5;95;0.9776;0.9924;0.9792;0.9592;0.9592;-0.0029;0.9333;1.0000;1;1.0000;1.0000;;;6.77
2026-02-18T03:16:56.658092;btad/01;cont_0pct_none;0.0;none;10;10;10;0;0;70;21;49;4;5;99;0.9806;0.9930;0.9792;0.9592;0.9592;;;;;;;;;3.53
2026-02-18T03:17:03.758818;btad/01;cont_0pct_ensemble_loo_mahal;0.0;ensemble_loo_mahal;10;10;10;0;79;70;21;49;4;5;99;0.9806;0.9930;0.9792;0.9592;0.9592;0.0000;;;;;;;;6.99
2026-02-18T03:17:07.283583;btad/01;cont_30pct_none;0.3;none;10;10;10;3;0;70;21;49;4;5;99;0.9368;0.9798;0.9574;0.9184;0.9184;-0.0437;;;;;;;;3.50
2026-02-18T03:17:15.158148;btad/01;cont_30pct_ensemble_loo_mahal;0.3;ensemble_loo_mahal;10;10;10;3;79;70;21;49;4;5;99;0.9397;0.9804;0.9574;0.9184;0.9184;-0.0408;0.0667;1.0000;1;1.0000;1.0000;;;7.51
2026-02-18T03:17:28.530433;btad/02;cont_0pct_none;0.0;none;10;10;10;0;0;229;30;199;0;5;90;0.8948;0.9826;0.9406;0.5176;0.6683;;;;;;;;;11.06
2026-02-18T03:17:42.411514;btad/02;cont_0pct_ensemble_loo_mahal;0.0;ensemble_loo_mahal;10;10;10;0;784;229;30;199;0;5;90;0.8975;0.9834;0.9360;0.5427;0.6834;0.0027;;;;;;;;13.88
2026-02-18T03:17:53.780949;btad/02;cont_30pct_none;0.3;none;10;10;10;3;0;229;30;199;0;5;90;0.8631;0.9779;0.9299;0.5276;0.6482;-0.0317;;;;;;;;11.35
2026-02-18T03:18:06.864957;btad/02;cont_30pct_ensemble_loo_mahal;0.3;ensemble_loo_mahal;10;10;10;3;784;229;30;199;0;5;90;0.8816;0.9810;0.9330;0.5377;0.6683;-0.0132;0.5820;0.9524;1;0.6667;0.6667;;;12.91
2026-02-18T03:18:17.521458;btad/02;cont_0pct_none;0.0;none;10;10;10;0;0;229;30;199;0;5;95;0.8948;0.9826;0.9406;0.5176;0.6683;;;;;;;;;10.31
2026-02-18T03:18:31.626892;btad/02;cont_0pct_ensemble_loo_mahal;0.0;ensemble_loo_mahal;10;10;10;0;392;229;30;199;0;5;95;0.8960;0.9830;0.9400;0.5226;0.6683;0.0012;;;;;;;;14.10
2026-02-18T03:18:42.955330;btad/02;cont_30pct_none;0.3;none;10;10;10;3;0;229;30;199;0;5;95;0.8631;0.9779;0.9299;0.5276;0.6482;-0.0317;;;;;;;;11.31
2026-02-18T03:18:57.441106;btad/02;cont_30pct_ensemble_loo_mahal;0.3;ensemble_loo_mahal;10;10;10;3;392;229;30;199;0;5;95;0.8722;0.9794;0.9321;0.5377;0.6683;-0.0226;0.2857;0.9524;1;0.6667;0.6667;;;14.32
2026-02-18T03:19:08.494702;btad/02;cont_0pct_none;0.0;none;10;10;10;0;0;229;30;199;0;5;99;0.8948;0.9826;0.9406;0.5176;0.6683;;;;;;;;;10.78
2026-02-18T03:19:23.575887;btad/02;cont_0pct_ensemble_loo_mahal;0.0;ensemble_loo_mahal;10;10;10;0;79;229;30;199;0;5;99;0.8931;0.9823;0.9426;0.5226;0.6734;-0.0017;;;;;;;;15.07
2026-02-18T03:19:35.169191;btad/02;cont_30pct_none;0.3;none;10;10;10;3;0;229;30;199;0;5;99;0.8631;0.9779;0.9299;0.5276;0.6482;-0.0317;;;;;;;;11.57
2026-02-18T03:19:49.097088;btad/02;cont_30pct_ensemble_loo_mahal;0.3;ensemble_loo_mahal;10;10;10;3;79;229;30;199;0;5;99;0.8643;0.9781;0.9299;0.5327;0.6533;-0.0305;0.0370;0.9524;1;0.6667;0.6667;;;13.82
2026-02-18T03:20:01.339346;btad/02;cont_0pct_none;0.0;none;10;10;10;0;0;229;30;199;1;5;90;0.9102;0.9851;0.9489;0.5025;0.6533;;;;;;;;;11.97
2026-02-18T03:20:17.240996;btad/02;cont_0pct_ensemble_loo_mahal;0.0;ensemble_loo_mahal;10;10;10;0;784;229;30;199;1;5;90;0.9069;0.9846;0.9429;0.5176;0.6784;-0.0034;;;;;;;;15.90
2026-02-18T03:20:28.115848;btad/02;cont_30pct_none;0.3;none;10;10;10;3;0;229;30;199;1;5;90;0.8920;0.9825;0.9356;0.4925;0.6683;-0.0183;;;;;;;;10.85
2026-02-18T03:20:42.335489;btad/02;cont_30pct_ensemble_loo_mahal;0.3;ensemble_loo_mahal;10;10;10;3;784;229;30;199;1;5;90;0.9022;0.9841;0.9409;0.5075;0.6834;-0.0080;0.5596;0.9524;1;0.6667;0.6667;;;14.09
2026-02-18T03:20:54.376871;btad/02;cont_0pct_none;0.0;none;10;10;10;0;0;229;30;199;1;5;95;0.9102;0.9851;0.9489;0.5025;0.6533;;;;;;;;;11.77
2026-02-18T03:21:09.126101;btad/02;cont_0pct_ensemble_loo_mahal;0.0;ensemble_loo_mahal;10;10;10;0;392;229;30;199;1;5;95;0.9087;0.9850;0.9426;0.5025;0.6583;-0.0015;;;;;;;;13.87
2026-02-18T03:21:20.993300;btad/02;cont_30pct_none;0.3;none;10;10;10;3;0;229;30;199;1;5;95;0.8920;0.9825;0.9356;0.4925;0.6683;-0.0183;;;;;;;;11.84
2026-02-18T03:21:34.610407;btad/02;cont_30pct_ensemble_loo_mahal;0.3;ensemble_loo_mahal;10;10;10;3;392;229;30;199;1;5;95;0.9027;0.9841;0.9409;0.5126;0.6784;-0.0075;0.5872;0.9524;1;0.6667;0.6667;;;13.45
2026-02-18T03:21:46.310994;btad/02;cont_0pct_none;0.0;none;10;10;10;0;0;229;30;199;1;5;99;0.9102;0.9851;0.9489;0.5025;0.6533;;;;;;;;;11.41
2026-02-18T03:22:00.306618;btad/02;cont_0pct_ensemble_loo_mahal;0.0;ensemble_loo_mahal;10;10;10;0;79;229;30;199;1;5;99;0.9106;0.9851;0.9512;0.5025;0.6533;0.0003;;;;;;;;13.99
2026-02-18T03:22:11.311267;btad/02;cont_30pct_none;0.3;none;10;10;10;3;0;229;30;199;1;5;99;0.8920;0.9825;0.9356;0.4925;0.6683;-0.0183;;;;;;;;10.98
2026-02-18T03:22:25.970587;btad/02;cont_30pct_ensemble_loo_mahal;0.3;ensemble_loo_mahal;10;10;10;3;79;229;30;199;1;5;99;0.8968;0.9832;0.9383;0.4925;0.6683;-0.0134;0.2661;0.9524;1;0.6667;0.6667;;;14.65
2026-02-18T03:22:36.993933;btad/02;cont_0pct_none;0.0;none;10;10;10;0;0;229;30;199;2;5;90;0.8995;0.9837;0.9474;0.5226;0.7186;;;;;;;;;10.73
2026-02-18T03:22:50.405038;btad/02;cont_0pct_ensemble_loo_mahal;0.0;ensemble_loo_mahal;10;10;10;0;784;229;30;199;2;5;90;0.9082;0.9852;0.9450;0.5628;0.7286;0.0087;;;;;;;;13.41
2026-02-18T03:23:01.727858;btad/02;cont_30pct_none;0.3;none;10;10;10;3;0;229;30;199;2;5;90;0.8824;0.9811;0.9364;0.5126;0.6683;-0.0171;;;;;;;;11.30
2026-02-18T03:23:15.095217;btad/02;cont_30pct_ensemble_loo_mahal;0.3;ensemble_loo_mahal;10;10;10;3;784;229;30;199;2;5;90;0.8990;0.9836;0.9403;0.5377;0.7085;-0.0005;0.9706;1.0000;1;1.0000;1.0000;;;12.90
2026-02-18T03:23:26.980501;btad/02;cont_0pct_none;0.0;none;10;10;10;0;0;229;30;199;2;5;95;0.8995;0.9837;0.9474;0.5226;0.7186;;;;;;;;;11.60
2026-02-18T03:23:41.993587;btad/02;cont_0pct_ensemble_loo_mahal;0.0;ensemble_loo_mahal;10;10;10;0;392;229;30;199;2;5;95;0.8995;0.9839;0.9448;0.5327;0.7387;0.0000;;;;;;;;15.01
2026-02-18T03:23:52.967417;btad/02;cont_30pct_none;0.3;none;10;10;10;3;0;229;30;199;2;5;95;0.8824;0.9811;0.9364;0.5126;0.6683;-0.0171;;;;;;;;10.96
2026-02-18T03:24:08.279782;btad/02;cont_30pct_ensemble_loo_mahal;0.3;ensemble_loo_mahal;10;10;10;3;392;229;30;199;2;5;95;0.8997;0.9837;0.9387;0.5276;0.7136;0.0002;1.0098;1.0000;1;1.0000;1.0000;;;14.60
2026-02-18T03:24:19.895180;btad/02;cont_0pct_none;0.0;none;10;10;10;0;0;229;30;199;2;5;99;0.8995;0.9837;0.9474;0.5226;0.7186;;;;;;;;;11.39
2026-02-18T03:24:35.194690;btad/02;cont_0pct_ensemble_loo_mahal;0.0;ensemble_loo_mahal;10;10;10;0;79;229;30;199;2;5;99;0.8997;0.9837;0.9451;0.5226;0.7136;0.0002;;;;;;;;15.29
2026-02-18T03:24:46.424407;btad/02;cont_30pct_none;0.3;none;10;10;10;3;0;229;30;199;2;5;99;0.8824;0.9811;0.9364;0.5126;0.6683;-0.0171;;;;;;;;11.21
2026-02-18T03:25:01.441547;btad/02;cont_30pct_ensemble_loo_mahal;0.3;ensemble_loo_mahal;10;10;10;3;79;229;30;199;2;5;99;0.8832;0.9812;0.9364;0.5126;0.6683;-0.0162;0.0490;1.0000;1;1.0000;1.0000;;;15.00
2026-02-18T03:25:11.242033;btad/02;cont_0pct_none;0.0;none;10;10;10;0;0;229;30;199;3;5;90;0.9089;0.9850;0.9466;0.5126;0.6583;;;;;;;;;9.56
2026-02-18T03:25:24.776283;btad/02;cont_0pct_ensemble_loo_mahal;0.0;ensemble_loo_mahal;10;10;10;0;784;229;30;199;3;5;90;0.9074;0.9850;0.9409;0.5276;0.7136;-0.0015;;;;;;;;13.53
2026-02-18T03:25:36.421493;btad/02;cont_30pct_none;0.3;none;10;10;10;3;0;229;30;199;3;5;90;0.8889;0.9819;0.9392;0.4925;0.6683;-0.0199;;;;;;;;11.62
2026-02-18T03:25:50.107557;btad/02;cont_30pct_ensemble_loo_mahal;0.3;ensemble_loo_mahal;10;10;10;3;784;229;30;199;3;5;90;0.9020;0.9840;0.9409;0.5126;0.7085;-0.0069;0.6555;1.0000;1;1.0000;1.0000;;;13.68
2026-02-18T03:26:01.499956;btad/02;cont_0pct_none;0.0;none;10;10;10;0;0;229;30;199;3;5;95;0.9089;0.9850;0.9466;0.5126;0.6583;;;;;;;;;11.15
2026-02-18T03:26:15.949050;btad/02;cont_0pct_ensemble_loo_mahal;0.0;ensemble_loo_mahal;10;10;10;0;392;229;30;199;3;5;95;0.9126;0.9856;0.9474;0.5226;0.6533;0.0037;;;;;;;;14.45
2026-02-18T03:26:26.687441;btad/02;cont_30pct_none;0.3;none;10;10;10;3;0;229;30;199;3;5;95;0.8889;0.9819;0.9392;0.4925;0.6683;-0.0199;;;;;;;;10.72
2026-02-18T03:26:41.284242;btad/02;cont_30pct_ensemble_loo_mahal;0.3;ensemble_loo_mahal;10;10;10;3;392;229;30;199;3;5;95;0.8985;0.9834;0.9443;0.5075;0.6834;-0.0104;0.4790;1.0000;1;1.0000;1.0000;;;14.59
2026-02-18T03:26:52.851043;btad/02;cont_0pct_none;0.0;none;10;10;10;0;0;229;30;199;3;5;99;0.9089;0.9850;0.9466;0.5126;0.6583;;;;;;;;;11.29
2026-02-18T03:27:07.555848;btad/02;cont_0pct_ensemble_loo_mahal;0.0;ensemble_loo_mahal;10;10;10;0;79;229;30;199;3;5;99;0.9084;0.9849;0.9466;0.5126;0.6583;-0.0005;;;;;;;;14.70
2026-02-18T03:27:19.026584;btad/02;cont_30pct_none;0.3;none;10;10;10;3;0;229;30;199;3;5;99;0.8889;0.9819;0.9392;0.4925;0.6683;-0.0199;;;;;;;;11.45
2026-02-18T03:27:34.358731;btad/02;cont_30pct_ensemble_loo_mahal;0.3;ensemble_loo_mahal;10;10;10;3;79;229;30;199;3;5;99;0.8940;0.9827;0.9417;0.4975;0.6734;-0.0149;0.2521;1.0000;1;1.0000;1.0000;;;14.93
2026-02-18T03:27:45.990123;btad/02;cont_0pct_none;0.0;none;10;10;10;0;0;229;30;199;4;5;90;0.9042;0.9840;0.9489;0.4874;0.6583;;;;;;;;;11.32
2026-02-18T03:27:59.499749;btad/02;cont_0pct_ensemble_loo_mahal;0.0;ensemble_loo_mahal;10;10;10;0;784;229;30;199;4;5;90;0.9112;0.9855;0.9415;0.5075;0.6935;0.0070;;;;;;;;13.50
2026-02-18T03:28:09.739040;btad/02;cont_30pct_none;0.3;none;10;10;10;3;0;229;30;199;4;5;90;0.8851;0.9816;0.9337;0.4975;0.7085;-0.0191;;;;;;;;10.21
2026-02-18T03:28:23.410358;btad/02;cont_30pct_ensemble_loo_mahal;0.3;ensemble_loo_mahal;10;10;10;3;784;229;30;199;4;5;90;0.8951;0.9829;0.9443;0.5327;0.6884;-0.0090;0.5263;0.7143;0;0.3333;0.3333;;;13.66
2026-02-18T03:28:33.912634;btad/02;cont_0pct_none;0.0;none;10;10;10;0;0;229;30;199;4;5;95;0.9042;0.9840;0.9489;0.4874;0.6583;;;;;;;;;10.28
2026-02-18T03:28:48.349384;btad/02;cont_0pct_ensemble_loo_mahal;0.0;ensemble_loo_mahal;10;10;10;0;392;229;30;199;4;5;95;0.9072;0.9846;0.9466;0.4975;0.6734;0.0030;;;;;;;;14.43
2026-02-18T03:28:59.574279;btad/02;cont_30pct_none;0.3;none;10;10;10;3;0;229;30;199;4;5;95;0.8851;0.9816;0.9337;0.4975;0.7085;-0.0191;;;;;;;;11.20
2026-02-18T03:29:13.651146;btad/02;cont_30pct_ensemble_loo_mahal;0.3;ensemble_loo_mahal;10;10;10;3;392;229;30;199;4;5;95;0.8941;0.9828;0.9415;0.5126;0.7136;-0.0101;0.4737;0.7143;0;0.3333;0.3333;;;13.97
2026-02-18T03:29:25.339414;btad/02;cont_0pct_none;0.0;none;10;10;10;0;0;229;30;199;4;5;99;0.9042;0.9840;0.9489;0.4874;0.6583;;;;;;;;;11.38
2026-02-18T03:29:39.721419;btad/02;cont_0pct_ensemble_loo_mahal;0.0;ensemble_loo_mahal;10;10;10;0;79;229;30;199;4;5;99;0.9047;0.9841;0.9489;0.4874;0.6533;0.0005;;;;;;;;14.27
2026-02-18T03:29:50.710764;btad/02;cont_30pct_none;0.3;none;10;10;10;3;0;229;30;199;4;5;99;0.8851;0.9816;0.9337;0.4975;0.7085;-0.0191;;;;;;;;10.97
2026-02-18T03:30:04.760192;btad/02;cont_30pct_ensemble_loo_mahal;0.3;ensemble_loo_mahal;10;10;10;3;79;229;30;199;4;5;99;0.8851;0.9816;0.9337;0.5025;0.7136;-0.0191;0.0000;0.7143;0;0.3333;0.3333;;;14.04
2026-02-18T03:30:30.276742;btad/03;cont_0pct_none;0.0;none;10;10;10;0;0;431;400;31;0;5;90;1.0000;1.0000;1.0000;1.0000;1.0000;;;;;;;;;20.81
2026-02-18T03:30:52.121053;btad/03;cont_0pct_ensemble_loo_mahal;0.0;ensemble_loo_mahal;10;10;10;0;784;431;400;31;0;5;90;0.9999;0.9990;0.9841;1.0000;1.0000;-0.0001;;;;;;;;21.84
2026-02-18T03:31:12.602470;btad/03;cont_30pct_none;0.3;none;10;10;10;3;0;431;400;31;0;5;90;0.9027;0.9039;0.9153;0.8710;0.9032;-0.0973;;;;;;;;20.46
2026-02-18T03:31:33.430729;btad/03;cont_30pct_ensemble_loo_mahal;0.3;ensemble_loo_mahal;10;10;10;3;784;431;400;31;0;5;90;0.9999;0.9990;0.9841;1.0000;1.0000;-0.0001;0.9992;1.0000;1;1.0000;1.0000;;;20.82
2026-02-18T03:31:53.937601;btad/03;cont_0pct_none;0.0;none;10;10;10;0;0;431;400;31;0;5;95;1.0000;1.0000;1.0000;1.0000;1.0000;;;;;;;;;20.43
2026-02-18T03:32:17.252335;btad/03;cont_0pct_ensemble_loo_mahal;0.0;ensemble_loo_mahal;10;10;10;0;392;431;400;31;0;5;95;1.0000;1.0000;1.0000;1.0000;1.0000;0.0000;;;;;;;;23.31
2026-02-18T03:32:38.944613;btad/03;cont_30pct_none;0.3;none;10;10;10;3;0;431;400;31;0;5;95;0.9027;0.9039;0.9153;0.8710;0.9032;-0.0973;;;;;;;;21.67
2026-02-18T03:33:01.532088;btad/03;cont_30pct_ensemble_loo_mahal;0.3;ensemble_loo_mahal;10;10;10;3;392;431;400;31;0;5;95;0.9999;0.9990;0.9841;1.0000;1.0000;-0.0001;0.9992;1.0000;1;1.0000;1.0000;;;22.58
2026-02-18T03:33:22.121390;btad/03;cont_0pct_none;0.0;none;10;10;10;0;0;431;400;31;0;5;99;1.0000;1.0000;1.0000;1.0000;1.0000;;;;;;;;;20.52
2026-02-18T03:33:46.090901;btad/03;cont_0pct_ensemble_loo_mahal;0.0;ensemble_loo_mahal;10;10;10;0;79;431;400;31;0;5;99;1.0000;1.0000;1.0000;1.0000;1.0000;0.0000;;;;;;;;23.96
2026-02-18T03:34:07.101966;btad/03;cont_30pct_none;0.3;none;10;10;10;3;0;431;400;31;0;5;99;0.9027;0.9039;0.9153;0.8710;0.9032;-0.0973;;;;;;;;20.99
2026-02-18T03:34:30.821704;btad/03;cont_30pct_ensemble_loo_mahal;0.3;ensemble_loo_mahal;10;10;10;3;79;431;400;31;0;5;99;0.9027;0.9039;0.9153;0.8710;0.9032;-0.0973;0.0000;1.0000;1;1.0000;1.0000;;;23.71
2026-02-18T03:34:52.173228;btad/03;cont_0pct_none;0.0;none;10;10;10;0;0;431;400;31;1;5;90;1.0000;1.0000;1.0000;1.0000;1.0000;;;;;;;;;21.28
2026-02-18T03:35:13.620463;btad/03;cont_0pct_ensemble_loo_mahal;0.0;ensemble_loo_mahal;10;10;10;0;784;431;400;31;1;5;90;1.0000;1.0000;1.0000;1.0000;1.0000;0.0000;;;;;;;;21.35
2026-02-18T03:35:34.534233;btad/03;cont_30pct_none;0.3;none;10;10;10;3;0;431;400;31;1;5;90;0.9032;0.9100;0.9492;0.9032;0.9032;-0.0968;;;;;;;;20.89
2026-02-18T03:35:56.540625;btad/03;cont_30pct_ensemble_loo_mahal;0.3;ensemble_loo_mahal;10;10;10;3;784;431;400;31;1;5;90;1.0000;1.0000;1.0000;1.0000;1.0000;0.0000;1.0000;1.0000;1;1.0000;1.0000;;;22.00
2026-02-18T03:36:16.554992;btad/03;cont_0pct_none;0.0;none;10;10;10;0;0;431;400;31;1;5;95;1.0000;1.0000;1.0000;1.0000;1.0000;;;;;;;;;19.96
2026-02-18T03:36:38.774633;btad/03;cont_0pct_ensemble_loo_mahal;0.0;ensemble_loo_mahal;10;10;10;0;392;431;400;31;1;5;95;1.0000;1.0000;1.0000;1.0000;1.0000;0.0000;;;;;;;;22.22
2026-02-18T03:36:59.199825;btad/03;cont_30pct_none;0.3;none;10;10;10;3;0;431;400;31;1;5;95;0.9032;0.9100;0.9492;0.9032;0.9032;-0.0968;;;;;;;;20.41
2026-02-18T03:37:22.518750;btad/03;cont_30pct_ensemble_loo_mahal;0.3;ensemble_loo_mahal;10;10;10;3;392;431;400;31;1;5;95;1.0000;1.0000;1.0000;1.0000;1.0000;0.0000;1.0000;1.0000;1;1.0000;1.0000;;;23.20
2026-02-18T03:37:43.117113;btad/03;cont_0pct_none;0.0;none;10;10;10;0;0;431;400;31;1;5;99;1.0000;1.0000;1.0000;1.0000;1.0000;;;;;;;;;20.53
2026-02-18T03:38:06.742352;btad/03;cont_0pct_ensemble_loo_mahal;0.0;ensemble_loo_mahal;10;10;10;0;79;431;400;31;1;5;99;1.0000;1.0000;1.0000;1.0000;1.0000;0.0000;;;;;;;;23.62
2026-02-18T03:38:27.628395;btad/03;cont_30pct_none;0.3;none;10;10;10;3;0;431;400;31;1;5;99;0.9032;0.9100;0.9492;0.9032;0.9032;-0.0968;;;;;;;;20.86
2026-02-18T03:38:51.729694;btad/03;cont_30pct_ensemble_loo_mahal;0.3;ensemble_loo_mahal;10;10;10;3;79;431;400;31;1;5;99;0.9034;0.9100;0.9492;0.9032;0.9032;-0.0966;0.0017;1.0000;1;1.0000;1.0000;;;23.89
2026-02-18T03:39:13.367070;btad/03;cont_0pct_none;0.0;none;10;10;10;0;0;431;400;31;2;5;90;0.9999;0.9990;0.9841;1.0000;1.0000;;;;;;;;;21.57
2026-02-18T03:39:35.490609;btad/03;cont_0pct_ensemble_loo_mahal;0.0;ensemble_loo_mahal;10;10;10;0;784;431;400;31;2;5;90;0.9998;0.9972;0.9836;1.0000;1.0000;-0.0002;;;;;;;;21.95
2026-02-18T03:39:55.619296;btad/03;cont_30pct_none;0.3;none;10;10;10;3;0;431;400;31;2;5;90;0.9003;0.8899;0.9153;0.8710;0.8710;-0.0996;;;;;;;;20.10
2026-02-18T03:40:17.595537;btad/03;cont_30pct_ensemble_loo_mahal;0.3;ensemble_loo_mahal;10;10;10;3;784;431;400;31;2;5;90;0.9998;0.9972;0.9836;1.0000;1.0000;-0.0002;0.9984;1.0000;1;1.0000;1.0000;;;21.97
2026-02-18T03:40:38.384432;btad/03;cont_0pct_none;0.0;none;10;10;10;0;0;431;400;31;2;5;95;0.9999;0.9990;0.9841;1.0000;1.0000;;;;;;;;;20.71
2026-02-18T03:41:01.633674;btad/03;cont_0pct_ensemble_loo_mahal;0.0;ensemble_loo_mahal;10;10;10;0;392;431;400;31;2;5;95;0.9999;0.9990;0.9841;1.0000;1.0000;0.0000;;;;;;;;23.24
2026-02-18T03:41:21.903385;btad/03;cont_30pct_none;0.3;none;10;10;10;3;0;431;400;31;2;5;95;0.9003;0.8899;0.9153;0.8710;0.8710;-0.0996;;;;;;;;20.25
2026-02-18T03:41:44.302043;btad/03;cont_30pct_ensemble_loo_mahal;0.3;ensemble_loo_mahal;10;10;10;3;392;431;400;31;2;5;95;0.9981;0.9810;0.9508;0.9355;1.0000;-0.0019;0.9814;1.0000;1;1.0000;1.0000;;;22.39
2026-02-18T03:42:05.506496;btad/03;cont_0pct_none;0.0;none;10;10;10;0;0;431;400;31;2;5;99;0.9999;0.9990;0.9841;1.0000;1.0000;;;;;;;;;21.15
2026-02-18T03:42:29.775864;btad/03;cont_0pct_ensemble_loo_mahal;0.0;ensemble_loo_mahal;10;10;10;0;79;431;400;31;2;5;99;0.9999;0.9990;0.9841;1.0000;1.0000;0.0000;;;;;;;;24.27
2026-02-18T03:42:49.996748;btad/03;cont_30pct_none;0.3;none;10;10;10;3;0;431;400;31;2;5;99;0.9003;0.8899;0.9153;0.8710;0.8710;-0.0996;;;;;;;;20.20
2026-02-18T03:43:12.998555;btad/03;cont_30pct_ensemble_loo_mahal;0.3;ensemble_loo_mahal;10;10;10;3;79;431;400;31;2;5;99;0.9325;0.9192;0.9333;0.9032;0.9032;-0.0674;0.3231;1.0000;1;1.0000;1.0000;;;23.00
2026-02-18T03:43:33.627112;btad/03;cont_0pct_none;0.0;none;10;10;10;0;0;431;400;31;3;5;90;1.0000;1.0000;1.0000;1.0000;1.0000;;;;;;;;;20.55
2026-02-18T03:43:55.286332;btad/03;cont_0pct_ensemble_loo_mahal;0.0;ensemble_loo_mahal;10;10;10;0;784;431;400;31;3;5;90;0.9998;0.9980;0.9836;1.0000;1.0000;-0.0002;;;;;;;;21.66
2026-02-18T03:44:16.446839;btad/03;cont_30pct_none;0.3;none;10;10;10;3;0;431;400;31;3;5;90;0.9031;0.9089;0.9333;0.9032;0.9032;-0.0969;;;;;;;;21.13
2026-02-18T03:44:37.659871;btad/03;cont_30pct_ensemble_loo_mahal;0.3;ensemble_loo_mahal;10;10;10;3;784;431;400;31;3;5;90;1.0000;1.0000;1.0000;1.0000;1.0000;0.0000;1.0000;1.0000;1;1.0000;1.0000;;;21.21
2026-02-18T03:44:57.824311;btad/03;cont_0pct_none;0.0;none;10;10;10;0;0;431;400;31;3;5;95;1.0000;1.0000;1.0000;1.0000;1.0000;;;;;;;;;20.10
2026-02-18T03:45:21.954178;btad/03;cont_0pct_ensemble_loo_mahal;0.0;ensemble_loo_mahal;10;10;10;0;392;431;400;31;3;5;95;0.9999;0.9990;0.9841;1.0000;1.0000;-0.0001;;;;;;;;24.13
2026-02-18T03:45:42.769103;btad/03;cont_30pct_none;0.3;none;10;10;10;3;0;431;400;31;3;5;95;0.9031;0.9089;0.9333;0.9032;0.9032;-0.0969;;;;;;;;20.78
2026-02-18T03:46:05.648669;btad/03;cont_30pct_ensemble_loo_mahal;0.3;ensemble_loo_mahal;10;10;10;3;392;431;400;31;3;5;95;0.9999;0.9990;0.9841;1.0000;1.0000;-0.0001;0.9992;1.0000;1;1.0000;1.0000;;;22.76
2026-02-18T03:46:26.017685;btad/03;cont_0pct_none;0.0;none;10;10;10;0;0;431;400;31;3;5;99;1.0000;1.0000;1.0000;1.0000;1.0000;;;;;;;;;20.30
2026-02-18T03:46:49.786711;btad/03;cont_0pct_ensemble_loo_mahal;0.0;ensemble_loo_mahal;10;10;10;0;79;431;400;31;3;5;99;1.0000;1.0000;1.0000;1.0000;1.0000;0.0000;;;;;;;;23.76
2026-02-18T03:47:09.859888;btad/03;cont_30pct_none;0.3;none;10;10;10;3;0;431;400;31;3;5;99;0.9031;0.9089;0.9333;0.9032;0.9032;-0.0969;;;;;;;;20.05
2026-02-18T03:47:34.800152;btad/03;cont_30pct_ensemble_loo_mahal;0.3;ensemble_loo_mahal;10;10;10;3;79;431;400;31;3;5;99;0.9354;0.9390;0.9508;0.9355;0.9355;-0.0646;0.3331;1.0000;1;1.0000;1.0000;;;24.68
2026-02-18T03:47:54.985908;btad/03;cont_0pct_none;0.0;none;10;10;10;0;0;431;400;31;4;5;90;1.0000;1.0000;1.0000;1.0000;1.0000;;;;;;;;;20.11
2026-02-18T03:48:16.551316;btad/03;cont_0pct_ensemble_loo_mahal;0.0;ensemble_loo_mahal;10;10;10;0;784;431;400;31;4;5;90;0.9999;0.9990;0.9841;1.0000;1.0000;-0.0001;;;;;;;;21.56
2026-02-18T03:48:36.996664;btad/03;cont_30pct_none;0.3;none;10;10;10;3;0;431;400;31;4;5;90;0.8994;0.8898;0.9310;0.8710;0.8710;-0.1006;;;;;;;;20.42
2026-02-18T03:48:58.905351;btad/03;cont_30pct_ensemble_loo_mahal;0.3;ensemble_loo_mahal;10;10;10;3;784;431;400;31;4;5;90;0.9990;0.9905;0.9677;0.9677;1.0000;-0.0010;0.9904;1.0000;1;1.0000;1.0000;;;21.90
2026-02-18T03:49:19.816980;btad/03;cont_0pct_none;0.0;none;10;10;10;0;0;431;400;31;4;5;95;1.0000;1.0000;1.0000;1.0000;1.0000;;;;;;;;;20.85
2026-02-18T03:49:40.927229;btad/03;cont_0pct_ensemble_loo_mahal;0.0;ensemble_loo_mahal;10;10;10;0;392;431;400;31;4;5;95;1.0000;1.0000;1.0000;1.0000;1.0000;0.0000;;;;;;;;21.11
2026-02-18T03:50:01.650220;btad/03;cont_30pct_none;0.3;none;10;10;10;3;0;431;400;31;4;5;95;0.8994;0.8898;0.9310;0.8710;0.8710;-0.1006;;;;;;;;20.70
2026-02-18T03:50:24.800417;btad/03;cont_30pct_ensemble_loo_mahal;0.3;ensemble_loo_mahal;10;10;10;3;392;431;400;31;4;5;95;0.9957;0.9701;0.9667;0.9355;0.9355;-0.0043;0.9575;1.0000;1;1.0000;1.0000;;;23.15
2026-02-18T03:50:45.738568;btad/03;cont_0pct_none;0.0;none;10;10;10;0;0;431;400;31;4;5;99;1.0000;1.0000;1.0000;1.0000;1.0000;;;;;;;;;20.87
2026-02-18T03:51:08.892337;btad/03;cont_0pct_ensemble_loo_mahal;0.0;ensemble_loo_mahal;10;10;10;0;79;431;400;31;4;5;99;1.0000;1.0000;1.0000;1.0000;1.0000;0.0000;;;;;;;;23.15
2026-02-18T03:51:28.704671;btad/03;cont_30pct_none;0.3;none;10;10;10;3;0;431;400;31;4;5;99;0.8994;0.8898;0.9310;0.8710;0.8710;-0.1006;;;;;;;;19.79
2026-02-18T03:51:53.179551;btad/03;cont_30pct_ensemble_loo_mahal;0.3;ensemble_loo_mahal;10;10;10;3;79;431;400;31;4;5;99;0.9255;0.8964;0.9310;0.8710;0.8710;-0.0745;0.2590;1.0000;1;1.0000;1.0000;;;24.47
