timestamp;dataset;config;contamination_rate;purification_method;train_limit;n_train_original;n_contaminated;n_patches_removed;n_test;seed;knn_k;percentile_threshold;img_auroc;pix_auroc;pix_aupr;n_masks_found;auroc_delta_vs_clean;recovery_rate;pix_auroc_delta_vs_clean;pix_recovery_rate;inference_time_s
2026-02-17T14:03:24.542119;mvtec_AD/bottle;cont_0pct_none;0.0;none;10;10;0;0;83;0;5;95;0.9794;0.9843;0.8287;63;;;;;2.67
2026-02-17T14:03:37.256101;mvtec_AD/bottle;cont_0pct_ensemble_loo_mahal;0.0;ensemble_loo_mahal;10;10;0;392;83;0;5;95;0.9849;0.9822;0.8096;63;0.0056;;-0.0021;;5.10
2026-02-17T14:03:44.753133;mvtec_AD/bottle;cont_0pct_oracle_patch;0.0;oracle_patch;10;10;0;0;83;0;5;95;0.9794;0.9843;0.8287;63;0.0000;;0.0000;;0.01
2026-02-17T14:03:54.912518;mvtec_AD/bottle;cont_30pct_none;0.3;none;10;10;3;0;83;0;5;95;0.9333;0.9684;0.7742;63;-0.0460;;-0.0160;;2.60
2026-02-17T14:04:07.065722;mvtec_AD/bottle;cont_30pct_ensemble_loo_mahal;0.3;ensemble_loo_mahal;10;10;3;392;83;0;5;95;0.9714;0.9772;0.8048;63;-0.0079;0.8276;-0.0071;0.5547;4.61
2026-02-17T14:04:16.306322;mvtec_AD/bottle;cont_30pct_oracle_patch;0.3;oracle_patch;10;10;3;2352;83;0;5;95;0.9786;0.9835;0.8259;63;-0.0008;0.9828;-0.0008;0.9503;1.92
2026-02-17T14:04:36.217117;mvtec_AD/cable;cont_0pct_none;0.0;none;10;10;0;0;150;0;5;95;0.9310;0.9689;0.6788;92;;;;;4.60
2026-02-17T14:04:56.873092;mvtec_AD/cable;cont_0pct_ensemble_loo_mahal;0.0;ensemble_loo_mahal;10;10;0;392;150;0;5;95;0.9237;0.9675;0.6666;92;-0.0073;;-0.0013;;6.70
2026-02-17T14:05:10.805626;mvtec_AD/cable;cont_0pct_oracle_patch;0.0;oracle_patch;10;10;0;0;150;0;5;95;0.9310;0.9689;0.6788;92;0.0000;;0.0000;;0.01
2026-02-17T14:05:28.972446;mvtec_AD/cable;cont_30pct_none;0.3;none;10;10;3;0;150;0;5;95;0.8831;0.8810;0.4126;92;-0.0480;;-0.0879;;4.51
2026-02-17T14:05:49.462471;mvtec_AD/cable;cont_30pct_ensemble_loo_mahal;0.3;ensemble_loo_mahal;10;10;3;392;150;0;5;95;0.9125;0.9198;0.5041;92;-0.0186;0.6133;-0.0491;0.4417;6.33
2026-02-17T14:06:06.564096;mvtec_AD/cable;cont_30pct_oracle_patch;0.3;oracle_patch;10;10;3;2352;150;0;5;95;0.9265;0.9682;0.6688;92;-0.0045;0.9062;-0.0006;0.9928;3.20
2026-02-18T04:42:30.801627;mvtec_AD/bottle;cont_0pct_none;0.0;none;10;10;0;0;83;1;5;95;0.9825;0.9848;0.8282;63;;;;;2.51
2026-02-18T04:42:41.702968;mvtec_AD/bottle;cont_0pct_ensemble_loo_mahal;0.0;ensemble_loo_mahal;10;10;0;392;83;1;5;95;0.9873;0.9827;0.8082;63;0.0048;;-0.0021;;4.34
2026-02-18T04:42:48.305725;mvtec_AD/bottle;cont_0pct_oracle_patch;0.0;oracle_patch;10;10;0;0;83;1;5;95;0.9825;0.9848;0.8282;63;0.0000;;0.0000;;0.01
2026-02-18T04:42:57.315864;mvtec_AD/bottle;cont_30pct_none;0.3;none;10;10;3;0;83;1;5;95;0.9333;0.9712;0.7622;63;-0.0492;;-0.0136;;2.43
2026-02-18T04:43:08.086318;mvtec_AD/bottle;cont_30pct_ensemble_loo_mahal;0.3;ensemble_loo_mahal;10;10;3;392;83;1;5;95;0.9833;0.9795;0.8047;63;0.0008;1.0161;-0.0052;0.6142;4.26
2026-02-18T04:43:16.391119;mvtec_AD/bottle;cont_30pct_oracle_patch;0.3;oracle_patch;10;10;3;2352;83;1;5;95;0.9841;0.9834;0.8219;63;0.0016;1.0323;-0.0014;0.8974;1.79
2026-02-18T04:43:25.338522;mvtec_AD/bottle;cont_0pct_none;0.0;none;10;10;0;0;83;2;5;95;0.9849;0.9837;0.8230;63;;;;;2.43
2026-02-18T04:43:36.299917;mvtec_AD/bottle;cont_0pct_ensemble_loo_mahal;0.0;ensemble_loo_mahal;10;10;0;392;83;2;5;95;0.9873;0.9819;0.8086;63;0.0024;;-0.0018;;4.42
2026-02-18T04:43:42.766805;mvtec_AD/bottle;cont_0pct_oracle_patch;0.0;oracle_patch;10;10;0;0;83;2;5;95;0.9849;0.9837;0.8230;63;0.0000;;0.0000;;0.01
2026-02-18T04:43:51.661429;mvtec_AD/bottle;cont_30pct_none;0.3;none;10;10;3;0;83;2;5;95;0.9429;0.9714;0.7496;63;-0.0421;;-0.0123;;2.43
2026-02-18T04:44:02.190713;mvtec_AD/bottle;cont_30pct_ensemble_loo_mahal;0.3;ensemble_loo_mahal;10;10;3;392;83;2;5;95;0.9754;0.9816;0.8092;63;-0.0095;0.7736;-0.0021;0.8281;4.18
2026-02-18T04:44:10.417307;mvtec_AD/bottle;cont_30pct_oracle_patch;0.3;oracle_patch;10;10;3;2352;83;2;5;95;0.9833;0.9829;0.8203;63;-0.0016;0.9623;-0.0008;0.9339;1.68
2026-02-18T04:44:19.575416;mvtec_AD/bottle;cont_0pct_none;0.0;none;10;10;0;0;83;3;5;95;0.9746;0.9838;0.8284;63;;;;;2.42
2026-02-18T04:44:30.086235;mvtec_AD/bottle;cont_0pct_ensemble_loo_mahal;0.0;ensemble_loo_mahal;10;10;0;392;83;3;5;95;0.9786;0.9819;0.8088;63;0.0040;;-0.0020;;4.08
2026-02-18T04:44:36.529795;mvtec_AD/bottle;cont_0pct_oracle_patch;0.0;oracle_patch;10;10;0;0;83;3;5;95;0.9746;0.9838;0.8284;63;0.0000;;0.0000;;0.01
2026-02-18T04:44:45.476331;mvtec_AD/bottle;cont_30pct_none;0.3;none;10;10;3;0;83;3;5;95;0.9302;0.9690;0.7472;63;-0.0444;;-0.0148;;2.38
2026-02-18T04:44:56.258207;mvtec_AD/bottle;cont_30pct_ensemble_loo_mahal;0.3;ensemble_loo_mahal;10;10;3;392;83;3;5;95;0.9786;0.9790;0.7901;63;0.0040;1.0893;-0.0048;0.6733;4.40
2026-02-18T04:45:04.333462;mvtec_AD/bottle;cont_30pct_oracle_patch;0.3;oracle_patch;10;10;3;2352;83;3;5;95;0.9802;0.9830;0.8267;63;0.0056;1.1250;-0.0008;0.9430;1.67
2026-02-18T04:45:13.304512;mvtec_AD/bottle;cont_0pct_none;0.0;none;10;10;0;0;83;4;5;95;0.9881;0.9840;0.8246;63;;;;;2.38
2026-02-18T04:45:24.009063;mvtec_AD/bottle;cont_0pct_ensemble_loo_mahal;0.0;ensemble_loo_mahal;10;10;0;392;83;4;5;95;0.9841;0.9822;0.8092;63;-0.0040;;-0.0018;;4.30
2026-02-18T04:45:30.425578;mvtec_AD/bottle;cont_0pct_oracle_patch;0.0;oracle_patch;10;10;0;0;83;4;5;95;0.9881;0.9840;0.8246;63;0.0000;;0.0000;;0.01
2026-02-18T04:45:39.227996;mvtec_AD/bottle;cont_30pct_none;0.3;none;10;10;3;0;83;4;5;95;0.9413;0.9731;0.7946;63;-0.0468;;-0.0109;;2.34
2026-02-18T04:45:50.605132;mvtec_AD/bottle;cont_30pct_ensemble_loo_mahal;0.3;ensemble_loo_mahal;10;10;3;392;83;4;5;95;0.9873;0.9802;0.8080;63;-0.0008;0.9831;-0.0038;0.6515;4.65
2026-02-18T04:45:58.789732;mvtec_AD/bottle;cont_30pct_oracle_patch;0.3;oracle_patch;10;10;3;2352;83;4;5;95;0.9889;0.9832;0.8224;63;0.0008;1.0169;-0.0008;0.9245;1.72
2026-02-18T04:46:16.225764;mvtec_AD/cable;cont_0pct_none;0.0;none;10;10;0;0;150;1;5;95;0.9462;0.9685;0.6726;92;;;;;4.27
2026-02-18T04:46:33.827560;mvtec_AD/cable;cont_0pct_ensemble_loo_mahal;0.0;ensemble_loo_mahal;10;10;0;392;150;1;5;95;0.9395;0.9675;0.6594;92;-0.0067;;-0.0010;;5.91
2026-02-18T04:46:45.479088;mvtec_AD/cable;cont_0pct_oracle_patch;0.0;oracle_patch;10;10;0;0;150;1;5;95;0.9462;0.9685;0.6726;92;0.0000;;0.0000;;0.01
2026-02-18T04:47:01.643499;mvtec_AD/cable;cont_30pct_none;0.3;none;10;10;3;0;150;1;5;95;0.8928;0.8962;0.4377;92;-0.0534;;-0.0723;;4.33
2026-02-18T04:47:19.160700;mvtec_AD/cable;cont_30pct_ensemble_loo_mahal;0.3;ensemble_loo_mahal;10;10;3;392;150;1;5;95;0.9219;0.9114;0.4691;92;-0.0244;0.5439;-0.0572;0.2092;5.84
2026-02-18T04:47:34.022091;mvtec_AD/cable;cont_30pct_oracle_patch;0.3;oracle_patch;10;10;3;2352;150;1;5;95;0.9234;0.9661;0.6700;92;-0.0229;0.5719;-0.0024;0.9667;3.03
2026-02-18T04:47:50.062127;mvtec_AD/cable;cont_0pct_none;0.0;none;10;10;0;0;150;2;5;95;0.8714;0.9654;0.6670;92;;;;;4.33
2026-02-18T04:48:08.020269;mvtec_AD/cable;cont_0pct_ensemble_loo_mahal;0.0;ensemble_loo_mahal;10;10;0;392;150;2;5;95;0.8619;0.9640;0.6515;92;-0.0096;;-0.0014;;6.12
2026-02-18T04:48:19.704850;mvtec_AD/cable;cont_0pct_oracle_patch;0.0;oracle_patch;10;10;0;0;150;2;5;95;0.8714;0.9654;0.6670;92;0.0000;;0.0000;;0.01
2026-02-18T04:48:35.747463;mvtec_AD/cable;cont_30pct_none;0.3;none;10;10;3;0;150;2;5;95;0.8988;0.8833;0.4273;92;0.0274;;-0.0820;;4.28
2026-02-18T04:48:53.564481;mvtec_AD/cable;cont_30pct_ensemble_loo_mahal;0.3;ensemble_loo_mahal;10;10;3;392;150;2;5;95;0.9185;0.9093;0.4877;92;0.0470;-0.7192;-0.0561;0.3163;5.84
2026-02-18T04:49:08.616743;mvtec_AD/cable;cont_30pct_oracle_patch;0.3;oracle_patch;10;10;3;2352;150;2;5;95;0.8876;0.9643;0.6661;92;0.0161;0.4110;-0.0011;0.9870;3.08
2026-02-18T04:49:24.656472;mvtec_AD/cable;cont_0pct_none;0.0;none;10;10;0;0;150;3;5;95;0.9312;0.9661;0.6783;92;;;;;4.33
2026-02-18T04:49:42.186609;mvtec_AD/cable;cont_0pct_ensemble_loo_mahal;0.0;ensemble_loo_mahal;10;10;0;392;150;3;5;95;0.9241;0.9650;0.6673;92;-0.0071;;-0.0011;;5.81
2026-02-18T04:49:53.925325;mvtec_AD/cable;cont_0pct_oracle_patch;0.0;oracle_patch;10;10;0;0;150;3;5;95;0.9312;0.9661;0.6783;92;0.0000;;0.0000;;0.01
2026-02-18T04:50:10.020768;mvtec_AD/cable;cont_30pct_none;0.3;none;10;10;3;0;150;3;5;95;0.9040;0.8611;0.4272;92;-0.0272;;-0.1050;;4.41
2026-02-18T04:50:27.560184;mvtec_AD/cable;cont_30pct_ensemble_loo_mahal;0.3;ensemble_loo_mahal;10;10;3;392;150;3;5;95;0.9198;0.8980;0.4764;92;-0.0114;0.5793;-0.0680;0.3521;5.86
2026-02-18T04:50:42.220262;mvtec_AD/cable;cont_30pct_oracle_patch;0.3;oracle_patch;10;10;3;2352;150;3;5;95;0.9320;0.9662;0.6741;92;0.0007;1.0276;0.0001;1.0011;3.02
2026-02-18T04:50:58.185428;mvtec_AD/cable;cont_0pct_none;0.0;none;10;10;0;0;150;4;5;95;0.9303;0.9678;0.6773;92;;;;;4.19
2026-02-18T04:51:15.634570;mvtec_AD/cable;cont_0pct_ensemble_loo_mahal;0.0;ensemble_loo_mahal;10;10;0;392;150;4;5;95;0.9226;0.9665;0.6635;92;-0.0077;;-0.0013;;5.82
2026-02-18T04:51:27.584766;mvtec_AD/cable;cont_0pct_oracle_patch;0.0;oracle_patch;10;10;0;0;150;4;5;95;0.9303;0.9678;0.6773;92;0.0000;;0.0000;;0.01
2026-02-18T04:51:43.568447;mvtec_AD/cable;cont_30pct_none;0.3;none;10;10;3;0;150;4;5;95;0.9215;0.8701;0.4263;92;-0.0088;;-0.0976;;4.31
2026-02-18T04:52:01.568588;mvtec_AD/cable;cont_30pct_ensemble_loo_mahal;0.3;ensemble_loo_mahal;10;10;3;392;150;4;5;95;0.9408;0.8973;0.4739;92;0.0105;2.1915;-0.0704;0.2785;5.95
2026-02-18T04:52:16.272923;mvtec_AD/cable;cont_30pct_oracle_patch;0.3;oracle_patch;10;10;3;2352;150;4;5;95;0.9368;0.9675;0.6703;92;0.0066;1.7447;-0.0002;0.9977;2.98
2026-02-18T04:52:32.316728;mvtec_AD/capsule;cont_0pct_none;0.0;none;10;10;0;0;132;0;5;95;0.8748;0.9834;0.5308;109;;;;;3.69
2026-02-18T04:52:48.505105;mvtec_AD/capsule;cont_0pct_ensemble_loo_mahal;0.0;ensemble_loo_mahal;10;10;0;392;132;0;5;95;0.8636;0.9764;0.2651;109;-0.0112;;-0.0070;;5.60
2026-02-18T04:52:59.250389;mvtec_AD/capsule;cont_0pct_oracle_patch;0.0;oracle_patch;10;10;0;0;132;0;5;95;0.8748;0.9834;0.5308;109;0.0000;;0.0000;;0.01
2026-02-18T04:53:13.603089;mvtec_AD/capsule;cont_30pct_none;0.3;none;10;10;3;0;132;0;5;95;0.8209;0.9835;0.5382;109;-0.0538;;0.0001;;3.78
2026-02-18T04:53:30.108759;mvtec_AD/capsule;cont_30pct_ensemble_loo_mahal;0.3;ensemble_loo_mahal;10;10;3;392;132;0;5;95;0.8265;0.9768;0.2682;109;-0.0483;0.1037;-0.0066;54.9565;5.80
2026-02-18T04:53:43.365480;mvtec_AD/capsule;cont_30pct_oracle_patch;0.3;oracle_patch;10;10;3;2352;132;0;5;95;0.8600;0.9821;0.5192;109;-0.0148;0.7259;-0.0013;11.4762;2.64
2026-02-18T04:53:57.996002;mvtec_AD/capsule;cont_0pct_none;0.0;none;10;10;0;0;132;1;5;95;0.9218;0.9844;0.5435;109;;;;;3.93
2026-02-18T04:54:14.276289;mvtec_AD/capsule;cont_0pct_ensemble_loo_mahal;0.0;ensemble_loo_mahal;10;10;0;392;132;1;5;95;0.8696;0.9761;0.2564;109;-0.0523;;-0.0083;;5.54
2026-02-18T04:54:24.923111;mvtec_AD/capsule;cont_0pct_oracle_patch;0.0;oracle_patch;10;10;0;0;132;1;5;95;0.9218;0.9844;0.5435;109;0.0000;;0.0000;;0.01
2026-02-18T04:54:39.380623;mvtec_AD/capsule;cont_30pct_none;0.3;none;10;10;3;0;132;1;5;95;0.8580;0.9836;0.5315;109;-0.0638;;-0.0008;;3.73
2026-02-18T04:54:55.589503;mvtec_AD/capsule;cont_30pct_ensemble_loo_mahal;0.3;ensemble_loo_mahal;10;10;3;392;132;1;5;95;0.8289;0.9762;0.2508;109;-0.0929;-0.4563;-0.0082;-8.7230;5.36
2026-02-18T04:55:08.971027;mvtec_AD/capsule;cont_30pct_oracle_patch;0.3;oracle_patch;10;10;3;2352;132;1;5;95;0.8704;0.9827;0.5290;109;-0.0515;0.1937;-0.0017;-1.0158;2.67
2026-02-18T04:55:23.435571;mvtec_AD/capsule;cont_0pct_none;0.0;none;10;10;0;0;132;2;5;95;0.8732;0.9831;0.5278;109;;;;;3.75
2026-02-18T04:55:39.393073;mvtec_AD/capsule;cont_0pct_ensemble_loo_mahal;0.0;ensemble_loo_mahal;10;10;0;392;132;2;5;95;0.8696;0.9758;0.2446;109;-0.0036;;-0.0074;;5.40
2026-02-18T04:55:50.280619;mvtec_AD/capsule;cont_0pct_oracle_patch;0.0;oracle_patch;10;10;0;0;132;2;5;95;0.8732;0.9831;0.5278;109;0.0000;;0.0000;;0.01
2026-02-18T04:56:04.842226;mvtec_AD/capsule;cont_30pct_none;0.3;none;10;10;3;0;132;2;5;95;0.8345;0.9817;0.5136;109;-0.0387;;-0.0014;;3.85
2026-02-18T04:56:20.936168;mvtec_AD/capsule;cont_30pct_ensemble_loo_mahal;0.3;ensemble_loo_mahal;10;10;3;392;132;2;5;95;0.8400;0.9762;0.2471;109;-0.0331;0.1443;-0.0069;-3.9785;5.34
2026-02-18T04:56:34.177336;mvtec_AD/capsule;cont_30pct_oracle_patch;0.3;oracle_patch;10;10;3;2352;132;2;5;95;0.8867;0.9826;0.5250;109;0.0136;1.3505;-0.0005;0.6237;2.62
2026-02-18T04:56:48.631900;mvtec_AD/capsule;cont_0pct_none;0.0;none;10;10;0;0;132;3;5;95;0.8775;0.9826;0.5196;109;;;;;3.69
2026-02-18T04:57:04.698890;mvtec_AD/capsule;cont_0pct_ensemble_loo_mahal;0.0;ensemble_loo_mahal;10;10;0;392;132;3;5;95;0.8771;0.9759;0.2480;109;-0.0004;;-0.0067;;5.40
2026-02-18T04:57:15.368387;mvtec_AD/capsule;cont_0pct_oracle_patch;0.0;oracle_patch;10;10;0;0;132;3;5;95;0.8775;0.9826;0.5196;109;0.0000;;0.0000;;0.01
2026-02-18T04:57:29.832241;mvtec_AD/capsule;cont_30pct_none;0.3;none;10;10;3;0;132;3;5;95;0.8177;0.9832;0.5352;109;-0.0598;;0.0006;;3.77
2026-02-18T04:57:46.018271;mvtec_AD/capsule;cont_30pct_ensemble_loo_mahal;0.3;ensemble_loo_mahal;10;10;3;392;132;3;5;95;0.8297;0.9768;0.2523;109;-0.0479;0.2000;-0.0058;11.2699;5.62
2026-02-18T04:57:59.602147;mvtec_AD/capsule;cont_30pct_oracle_patch;0.3;oracle_patch;10;10;3;2352;132;3;5;95;0.8456;0.9821;0.5190;109;-0.0319;0.4667;-0.0005;1.8463;2.65
2026-02-18T04:58:14.170745;mvtec_AD/capsule;cont_0pct_none;0.0;none;10;10;0;0;132;4;5;95;0.8333;0.9836;0.5363;109;;;;;3.83
2026-02-18T04:58:30.295781;mvtec_AD/capsule;cont_0pct_ensemble_loo_mahal;0.0;ensemble_loo_mahal;10;10;0;392;132;4;5;95;0.8361;0.9762;0.2528;109;0.0028;;-0.0075;;5.43
2026-02-18T04:58:41.016388;mvtec_AD/capsule;cont_0pct_oracle_patch;0.0;oracle_patch;10;10;0;0;132;4;5;95;0.8333;0.9836;0.5363;109;0.0000;;0.0000;;0.01
2026-02-18T04:58:55.519219;mvtec_AD/capsule;cont_30pct_none;0.3;none;10;10;3;0;132;4;5;95;0.7958;0.9808;0.4980;109;-0.0375;;-0.0028;;3.89
2026-02-18T04:59:11.942893;mvtec_AD/capsule;cont_30pct_ensemble_loo_mahal;0.3;ensemble_loo_mahal;10;10;3;392;132;4;5;95;0.8097;0.9764;0.2531;109;-0.0235;0.3723;-0.0072;-1.5338;5.71
2026-02-18T04:59:25.219639;mvtec_AD/capsule;cont_30pct_oracle_patch;0.3;oracle_patch;10;10;3;2352;132;4;5;95;0.8297;0.9821;0.5095;109;-0.0036;0.9043;-0.0015;0.4743;2.61
2026-02-18T04:59:38.913700;mvtec_AD/carpet;cont_0pct_none;0.0;none;10;10;0;0;117;0;5;95;0.9747;0.9955;0.7403;89;;;;;3.30
2026-02-18T04:59:53.005433;mvtec_AD/carpet;cont_0pct_ensemble_loo_mahal;0.0;ensemble_loo_mahal;10;10;0;392;117;0;5;95;0.9775;0.9955;0.7397;89;0.0028;;-0.0000;;5.20
2026-02-18T05:00:02.044579;mvtec_AD/carpet;cont_0pct_oracle_patch;0.0;oracle_patch;10;10;0;0;117;0;5;95;0.9747;0.9955;0.7403;89;0.0000;;0.0000;;0.01
2026-02-18T05:00:14.625258;mvtec_AD/carpet;cont_30pct_none;0.3;none;10;10;3;0;117;0;5;95;0.9442;0.9859;0.5652;89;-0.0305;;-0.0096;;3.37
2026-02-18T05:00:28.872271;mvtec_AD/carpet;cont_30pct_ensemble_loo_mahal;0.3;ensemble_loo_mahal;10;10;3;392;117;0;5;95;0.9763;0.9956;0.7392;89;0.0016;1.0526;0.0001;1.0103;5.35
2026-02-18T05:00:40.306575;mvtec_AD/carpet;cont_30pct_oracle_patch;0.3;oracle_patch;10;10;3;2352;117;0;5;95;0.9747;0.9955;0.7407;89;0.0000;1.0000;0.0000;1.0002;2.31
2026-02-18T05:00:52.658522;mvtec_AD/carpet;cont_0pct_none;0.0;none;10;10;0;0;117;1;5;95;0.9743;0.9955;0.7381;89;;;;;3.24
2026-02-18T05:01:06.965573;mvtec_AD/carpet;cont_0pct_ensemble_loo_mahal;0.0;ensemble_loo_mahal;10;10;0;392;117;1;5;95;0.9811;0.9955;0.7379;89;0.0068;;-0.0000;;5.26
2026-02-18T05:01:16.156517;mvtec_AD/carpet;cont_0pct_oracle_patch;0.0;oracle_patch;10;10;0;0;117;1;5;95;0.9743;0.9955;0.7381;89;0.0000;;0.0000;;0.01
2026-02-18T05:01:28.398450;mvtec_AD/carpet;cont_30pct_none;0.3;none;10;10;3;0;117;1;5;95;0.9250;0.9944;0.7255;89;-0.0494;;-0.0011;;3.35
2026-02-18T05:01:42.303760;mvtec_AD/carpet;cont_30pct_ensemble_loo_mahal;0.3;ensemble_loo_mahal;10;10;3;392;117;1;5;95;0.9603;0.9958;0.7494;89;-0.0140;0.7154;0.0003;1.3024;4.98
2026-02-18T05:01:53.752576;mvtec_AD/carpet;cont_30pct_oracle_patch;0.3;oracle_patch;10;10;3;2352;117;1;5;95;0.9711;0.9955;0.7374;89;-0.0032;0.9350;0.0000;1.0037;2.37
2026-02-18T05:02:06.132295;mvtec_AD/carpet;cont_0pct_none;0.0;none;10;10;0;0;117;2;5;95;0.9799;0.9954;0.7226;89;;;;;3.36
2026-02-18T05:02:20.452236;mvtec_AD/carpet;cont_0pct_ensemble_loo_mahal;0.0;ensemble_loo_mahal;10;10;0;392;117;2;5;95;0.9819;0.9954;0.7352;89;0.0020;;0.0000;;5.34
2026-02-18T05:02:29.610254;mvtec_AD/carpet;cont_0pct_oracle_patch;0.0;oracle_patch;10;10;0;0;117;2;5;95;0.9799;0.9954;0.7226;89;0.0000;;0.0000;;0.01
2026-02-18T05:02:41.867177;mvtec_AD/carpet;cont_30pct_none;0.3;none;10;10;3;0;117;2;5;95;0.9438;0.9883;0.5788;89;-0.0361;;-0.0071;;3.29
2026-02-18T05:02:56.198195;mvtec_AD/carpet;cont_30pct_ensemble_loo_mahal;0.3;ensemble_loo_mahal;10;10;3;392;117;2;5;95;0.9655;0.9956;0.7349;89;-0.0144;0.6000;0.0002;1.0225;5.38
2026-02-18T05:03:07.574467;mvtec_AD/carpet;cont_30pct_oracle_patch;0.3;oracle_patch;10;10;3;2352;117;2;5;95;0.9783;0.9953;0.7181;89;-0.0016;0.9556;-0.0001;0.9914;2.36
2026-02-18T05:03:19.926714;mvtec_AD/carpet;cont_0pct_none;0.0;none;10;10;0;0;117;3;5;95;0.9723;0.9956;0.7476;89;;;;;3.30
2026-02-18T05:03:34.237817;mvtec_AD/carpet;cont_0pct_ensemble_loo_mahal;0.0;ensemble_loo_mahal;10;10;0;392;117;3;5;95;0.9791;0.9955;0.7418;89;0.0068;;-0.0001;;5.10
2026-02-18T05:03:43.339197;mvtec_AD/carpet;cont_0pct_oracle_patch;0.0;oracle_patch;10;10;0;0;117;3;5;95;0.9723;0.9956;0.7476;89;0.0000;;0.0000;;0.01
2026-02-18T05:03:55.598385;mvtec_AD/carpet;cont_30pct_none;0.3;none;10;10;3;0;117;3;5;95;0.8993;0.9966;0.8283;89;-0.0730;;0.0010;;3.26
2026-02-18T05:04:09.676051;mvtec_AD/carpet;cont_30pct_ensemble_loo_mahal;0.3;ensemble_loo_mahal;10;10;3;392;117;3;5;95;0.9567;0.9959;0.7604;89;-0.0157;0.7857;0.0004;0.6577;4.96
2026-02-18T05:04:21.038754;mvtec_AD/carpet;cont_30pct_oracle_patch;0.3;oracle_patch;10;10;3;2352;117;3;5;95;0.9767;0.9956;0.7495;89;0.0044;1.0604;0.0000;0.9826;2.32
2026-02-18T05:04:33.607044;mvtec_AD/carpet;cont_0pct_none;0.0;none;10;10;0;0;117;4;5;95;0.9759;0.9955;0.7411;89;;;;;3.32
2026-02-18T05:04:47.720129;mvtec_AD/carpet;cont_0pct_ensemble_loo_mahal;0.0;ensemble_loo_mahal;10;10;0;392;117;4;5;95;0.9799;0.9954;0.7362;89;0.0040;;-0.0001;;5.10
2026-02-18T05:04:56.748022;mvtec_AD/carpet;cont_0pct_oracle_patch;0.0;oracle_patch;10;10;0;0;117;4;5;95;0.9759;0.9955;0.7411;89;0.0000;;0.0000;;0.01
2026-02-18T05:05:09.215008;mvtec_AD/carpet;cont_30pct_none;0.3;none;10;10;3;0;117;4;5;95;0.9366;0.9888;0.7630;89;-0.0393;;-0.0067;;3.41
2026-02-18T05:05:23.592089;mvtec_AD/carpet;cont_30pct_ensemble_loo_mahal;0.3;ensemble_loo_mahal;10;10;3;392;117;4;5;95;0.9739;0.9956;0.7428;89;-0.0020;0.9490;0.0001;1.0197;5.41
2026-02-18T05:05:34.980555;mvtec_AD/carpet;cont_30pct_oracle_patch;0.3;oracle_patch;10;10;3;2352;117;4;5;95;0.9743;0.9955;0.7408;89;-0.0016;0.9592;-0.0000;0.9998;2.33
2026-02-18T05:05:44.574192;mvtec_AD/grid;cont_0pct_none;0.0;none;10;10;0;0;78;0;5;95;0.8997;0.9945;0.4728;57;;;;;2.33
2026-02-18T05:05:54.600177;mvtec_AD/grid;cont_0pct_ensemble_loo_mahal;0.0;ensemble_loo_mahal;10;10;0;392;78;0;5;95;0.9148;0.9944;0.4690;57;0.0150;;-0.0001;;4.01
2026-02-18T05:06:00.628332;mvtec_AD/grid;cont_0pct_oracle_patch;0.0;oracle_patch;10;10;0;0;78;0;5;95;0.8997;0.9945;0.4728;57;0.0000;;0.0000;;0.01
2026-02-18T05:06:08.875415;mvtec_AD/grid;cont_30pct_none;0.3;none;10;10;3;0;78;0;5;95;0.8262;0.9774;0.5033;57;-0.0735;;-0.0171;;2.12
2026-02-18T05:06:18.986780;mvtec_AD/grid;cont_30pct_ensemble_loo_mahal;0.3;ensemble_loo_mahal;10;10;3;392;78;0;5;95;0.8772;0.9948;0.5008;57;-0.0226;0.6932;0.0003;1.0186;4.09
2026-02-18T05:06:26.514518;mvtec_AD/grid;cont_30pct_oracle_patch;0.3;oracle_patch;10;10;3;2352;78;0;5;95;0.8947;0.9945;0.4695;57;-0.0050;0.9318;-0.0000;0.9974;1.53
2026-02-18T05:06:34.778259;mvtec_AD/grid;cont_0pct_none;0.0;none;10;10;0;0;78;1;5;95;0.9181;0.9946;0.4815;57;;;;;2.20
2026-02-18T05:06:44.729500;mvtec_AD/grid;cont_0pct_ensemble_loo_mahal;0.0;ensemble_loo_mahal;10;10;0;392;78;1;5;95;0.9340;0.9943;0.4650;57;0.0159;;-0.0003;;4.02
2026-02-18T05:06:50.910178;mvtec_AD/grid;cont_0pct_oracle_patch;0.0;oracle_patch;10;10;0;0;78;1;5;95;0.9181;0.9946;0.4815;57;0.0000;;0.0000;;0.01
2026-02-18T05:06:59.102030;mvtec_AD/grid;cont_30pct_none;0.3;none;10;10;3;0;78;1;5;95;0.8363;0.9744;0.5001;57;-0.0819;;-0.0202;;2.22
2026-02-18T05:07:09.480091;mvtec_AD/grid;cont_30pct_ensemble_loo_mahal;0.3;ensemble_loo_mahal;10;10;3;392;78;1;5;95;0.9156;0.9942;0.4822;57;-0.0025;0.9694;-0.0004;0.9802;4.36
2026-02-18T05:07:17.126374;mvtec_AD/grid;cont_30pct_oracle_patch;0.3;oracle_patch;10;10;3;2352;78;1;5;95;0.9106;0.9945;0.4790;57;-0.0075;0.9082;-0.0001;0.9956;1.57
2026-02-18T05:07:25.490889;mvtec_AD/grid;cont_0pct_none;0.0;none;10;10;0;0;78;2;5;95;0.9273;0.9945;0.4639;57;;;;;2.21
2026-02-18T05:07:35.562526;mvtec_AD/grid;cont_0pct_ensemble_loo_mahal;0.0;ensemble_loo_mahal;10;10;0;392;78;2;5;95;0.9373;0.9943;0.4622;57;0.0100;;-0.0002;;4.04
2026-02-18T05:07:41.600521;mvtec_AD/grid;cont_0pct_oracle_patch;0.0;oracle_patch;10;10;0;0;78;2;5;95;0.9273;0.9945;0.4639;57;0.0000;;0.0000;;0.01
2026-02-18T05:07:49.849864;mvtec_AD/grid;cont_30pct_none;0.3;none;10;10;3;0;78;2;5;95;0.8530;0.9772;0.4131;57;-0.0744;;-0.0174;;2.22
2026-02-18T05:08:00.117672;mvtec_AD/grid;cont_30pct_ensemble_loo_mahal;0.3;ensemble_loo_mahal;10;10;3;392;78;2;5;95;0.9048;0.9946;0.4824;57;-0.0226;0.6966;0.0000;1.0019;4.20
2026-02-18T05:08:07.662267;mvtec_AD/grid;cont_30pct_oracle_patch;0.3;oracle_patch;10;10;3;2352;78;2;5;95;0.9181;0.9945;0.4630;57;-0.0092;0.8764;-0.0000;0.9988;1.52
2026-02-18T05:08:16.001345;mvtec_AD/grid;cont_0pct_none;0.0;none;10;10;0;0;78;3;5;95;0.9482;0.9948;0.4937;57;;;;;2.20
2026-02-18T05:08:26.139187;mvtec_AD/grid;cont_0pct_ensemble_loo_mahal;0.0;ensemble_loo_mahal;10;10;0;392;78;3;5;95;0.9482;0.9946;0.4838;57;0.0000;;-0.0002;;4.06
2026-02-18T05:08:32.220650;mvtec_AD/grid;cont_0pct_oracle_patch;0.0;oracle_patch;10;10;0;0;78;3;5;95;0.9482;0.9948;0.4937;57;0.0000;;0.0000;;0.01
2026-02-18T05:08:40.389573;mvtec_AD/grid;cont_30pct_none;0.3;none;10;10;3;0;78;3;5;95;0.8622;0.9847;0.4888;57;-0.0860;;-0.0100;;2.17
2026-02-18T05:08:50.513451;mvtec_AD/grid;cont_30pct_ensemble_loo_mahal;0.3;ensemble_loo_mahal;10;10;3;392;78;3;5;95;0.8981;0.9947;0.4944;57;-0.0501;0.4175;-0.0001;0.9930;4.15
2026-02-18T05:08:58.096586;mvtec_AD/grid;cont_30pct_oracle_patch;0.3;oracle_patch;10;10;3;2352;78;3;5;95;0.9424;0.9948;0.4951;57;-0.0058;0.9320;0.0000;1.0025;1.59
2026-02-18T05:09:06.477895;mvtec_AD/grid;cont_0pct_none;0.0;none;10;10;0;0;78;4;5;95;0.9315;0.9945;0.4680;57;;;;;2.22
2026-02-18T05:09:16.787590;mvtec_AD/grid;cont_0pct_ensemble_loo_mahal;0.0;ensemble_loo_mahal;10;10;0;392;78;4;5;95;0.9231;0.9942;0.4588;57;-0.0084;;-0.0003;;4.32
2026-02-18T05:09:22.821004;mvtec_AD/grid;cont_0pct_oracle_patch;0.0;oracle_patch;10;10;0;0;78;4;5;95;0.9315;0.9945;0.4680;57;0.0000;;0.0000;;0.01
2026-02-18T05:09:31.123302;mvtec_AD/grid;cont_30pct_none;0.3;none;10;10;3;0;78;4;5;95;0.8271;0.9931;0.5492;57;-0.1044;;-0.0014;;2.22
2026-02-18T05:09:41.008704;mvtec_AD/grid;cont_30pct_ensemble_loo_mahal;0.3;ensemble_loo_mahal;10;10;3;392;78;4;5;95;0.8906;0.9951;0.5099;57;-0.0409;0.6080;0.0006;1.4276;3.87
2026-02-18T05:09:48.643426;mvtec_AD/grid;cont_30pct_oracle_patch;0.3;oracle_patch;10;10;3;2352;78;4;5;95;0.8271;0.9943;0.4617;57;-0.1044;0.0000;-0.0002;0.8429;1.55
2026-02-18T05:10:02.010015;mvtec_AD/hazelnut;cont_0pct_none;0.0;none;10;10;0;0;110;0;5;95;0.8796;0.9955;0.8107;70;;;;;3.03
2026-02-18T05:10:15.635759;mvtec_AD/hazelnut;cont_0pct_ensemble_loo_mahal;0.0;ensemble_loo_mahal;10;10;0;392;110;0;5;95;0.8686;0.9950;0.7989;70;-0.0111;;-0.0006;;4.98
2026-02-18T05:10:24.165113;mvtec_AD/hazelnut;cont_0pct_oracle_patch;0.0;oracle_patch;10;10;0;0;110;0;5;95;0.8796;0.9955;0.8107;70;0.0000;;0.0000;;0.01
2026-02-18T05:10:35.861260;mvtec_AD/hazelnut;cont_30pct_none;0.3;none;10;10;3;0;110;0;5;95;0.7643;0.9867;0.7883;70;-0.1154;;-0.0088;;3.14
2026-02-18T05:10:49.151927;mvtec_AD/hazelnut;cont_30pct_ensemble_loo_mahal;0.3;ensemble_loo_mahal;10;10;3;392;110;0;5;95;0.8250;0.9937;0.7827;70;-0.0546;0.5263;-0.0018;0.7955;4.73
2026-02-18T05:10:59.822921;mvtec_AD/hazelnut;cont_30pct_oracle_patch;0.3;oracle_patch;10;10;3;2352;110;0;5;95;0.8175;0.9949;0.7973;70;-0.0621;0.4613;-0.0007;0.9253;2.18
2026-02-18T05:11:11.490909;mvtec_AD/hazelnut;cont_0pct_none;0.0;none;10;10;0;0;110;1;5;95;0.8457;0.9952;0.7977;70;;;;;3.11
2026-02-18T05:11:24.719619;mvtec_AD/hazelnut;cont_0pct_ensemble_loo_mahal;0.0;ensemble_loo_mahal;10;10;0;392;110;1;5;95;0.8571;0.9947;0.7810;70;0.0114;;-0.0005;;4.79
2026-02-18T05:11:33.245015;mvtec_AD/hazelnut;cont_0pct_oracle_patch;0.0;oracle_patch;10;10;0;0;110;1;5;95;0.8457;0.9952;0.7977;70;0.0000;;0.0000;;0.01
2026-02-18T05:11:44.907576;mvtec_AD/hazelnut;cont_30pct_none;0.3;none;10;10;3;0;110;1;5;95;0.8236;0.9458;0.5772;70;-0.0221;;-0.0494;;3.08
2026-02-18T05:11:58.357691;mvtec_AD/hazelnut;cont_30pct_ensemble_loo_mahal;0.3;ensemble_loo_mahal;10;10;3;392;110;1;5;95;0.8443;0.9895;0.7348;70;-0.0014;0.9355;-0.0057;0.8839;4.99
2026-02-18T05:12:09.029481;mvtec_AD/hazelnut;cont_30pct_oracle_patch;0.3;oracle_patch;10;10;3;2352;110;1;5;95;0.8425;0.9950;0.7932;70;-0.0032;0.8548;-0.0002;0.9951;2.15
2026-02-18T05:12:20.820720;mvtec_AD/hazelnut;cont_0pct_none;0.0;none;10;10;0;0;110;2;5;95;0.8264;0.9950;0.7870;70;;;;;3.07
2026-02-18T05:12:34.185701;mvtec_AD/hazelnut;cont_0pct_ensemble_loo_mahal;0.0;ensemble_loo_mahal;10;10;0;392;110;2;5;95;0.8421;0.9944;0.7810;70;0.0157;;-0.0006;;4.91
2026-02-18T05:12:42.765492;mvtec_AD/hazelnut;cont_0pct_oracle_patch;0.0;oracle_patch;10;10;0;0;110;2;5;95;0.8264;0.9950;0.7870;70;0.0000;;0.0000;;0.01
2026-02-18T05:12:54.490248;mvtec_AD/hazelnut;cont_30pct_none;0.3;none;10;10;3;0;110;2;5;95;0.7446;0.9888;0.7854;70;-0.0818;;-0.0062;;3.07
2026-02-18T05:13:08.269865;mvtec_AD/hazelnut;cont_30pct_ensemble_loo_mahal;0.3;ensemble_loo_mahal;10;10;3;392;110;2;5;95;0.7936;0.9949;0.8017;70;-0.0329;0.5983;-0.0001;0.9834;5.06
2026-02-18T05:13:19.017047;mvtec_AD/hazelnut;cont_30pct_oracle_patch;0.3;oracle_patch;10;10;3;2352;110;2;5;95;0.8200;0.9948;0.7826;70;-0.0064;0.9214;-0.0002;0.9673;2.17
2026-02-18T05:13:30.917572;mvtec_AD/hazelnut;cont_0pct_none;0.0;none;10;10;0;0;110;3;5;95;0.8104;0.9956;0.8035;70;;;;;3.07
2026-02-18T05:13:44.625581;mvtec_AD/hazelnut;cont_0pct_ensemble_loo_mahal;0.0;ensemble_loo_mahal;10;10;0;392;110;3;5;95;0.8121;0.9949;0.7888;70;0.0018;;-0.0007;;5.18
2026-02-18T05:13:53.231525;mvtec_AD/hazelnut;cont_0pct_oracle_patch;0.0;oracle_patch;10;10;0;0;110;3;5;95;0.8104;0.9956;0.8035;70;0.0000;;0.0000;;0.01
2026-02-18T05:14:04.965001;mvtec_AD/hazelnut;cont_30pct_none;0.3;none;10;10;3;0;110;3;5;95;0.7868;0.9924;0.7950;70;-0.0236;;-0.0032;;3.06
2026-02-18T05:14:18.472348;mvtec_AD/hazelnut;cont_30pct_ensemble_loo_mahal;0.3;ensemble_loo_mahal;10;10;3;392;110;3;5;95;0.7864;0.9954;0.8176;70;-0.0239;-0.0152;-0.0001;0.9672;4.93
2026-02-18T05:14:29.148395;mvtec_AD/hazelnut;cont_30pct_oracle_patch;0.3;oracle_patch;10;10;3;2352;110;3;5;95;0.8357;0.9954;0.7970;70;0.0254;2.0758;-0.0001;0.9663;2.20
2026-02-18T05:14:40.989212;mvtec_AD/hazelnut;cont_0pct_none;0.0;none;10;10;0;0;110;4;5;95;0.8743;0.9953;0.7843;70;;;;;3.16
2026-02-18T05:14:54.377638;mvtec_AD/hazelnut;cont_0pct_ensemble_loo_mahal;0.0;ensemble_loo_mahal;10;10;0;392;110;4;5;95;0.8868;0.9949;0.7767;70;0.0125;;-0.0003;;4.91
2026-02-18T05:15:02.880349;mvtec_AD/hazelnut;cont_0pct_oracle_patch;0.0;oracle_patch;10;10;0;0;110;4;5;95;0.8743;0.9953;0.7843;70;0.0000;;0.0000;;0.01
2026-02-18T05:15:14.475649;mvtec_AD/hazelnut;cont_30pct_none;0.3;none;10;10;3;0;110;4;5;95;0.8325;0.9554;0.5740;70;-0.0418;;-0.0399;;3.10
2026-02-18T05:15:27.582113;mvtec_AD/hazelnut;cont_30pct_ensemble_loo_mahal;0.3;ensemble_loo_mahal;10;10;3;392;110;4;5;95;0.8579;0.9944;0.7775;70;-0.0164;0.6068;-0.0009;0.9776;4.69
2026-02-18T05:15:38.293338;mvtec_AD/hazelnut;cont_30pct_oracle_patch;0.3;oracle_patch;10;10;3;2352;110;4;5;95;0.8671;0.9952;0.7832;70;-0.0071;0.8291;-0.0001;0.9987;2.15
2026-02-18T05:15:52.852555;mvtec_AD/leather;cont_0pct_none;0.0;none;10;10;0;0;124;0;5;95;0.9990;0.9925;0.3849;92;;;;;3.36
2026-02-18T05:16:07.865765;mvtec_AD/leather;cont_0pct_ensemble_loo_mahal;0.0;ensemble_loo_mahal;10;10;0;392;124;0;5;95;0.9993;0.9917;0.3191;92;0.0003;;-0.0009;;5.20
2026-02-18T05:16:17.744954;mvtec_AD/leather;cont_0pct_oracle_patch;0.0;oracle_patch;10;10;0;0;124;0;5;95;0.9990;0.9925;0.3849;92;0.0000;;0.0000;;0.01
2026-02-18T05:16:30.902774;mvtec_AD/leather;cont_30pct_none;0.3;none;10;10;3;0;124;0;5;95;0.9671;0.9791;0.4349;92;-0.0319;;-0.0135;;3.46
2026-02-18T05:16:46.117353;mvtec_AD/leather;cont_30pct_ensemble_loo_mahal;0.3;ensemble_loo_mahal;10;10;3;392;124;0;5;95;0.9997;0.9941;0.4711;92;0.0007;1.0213;0.0016;1.1170;5.49
2026-02-18T05:16:58.325514;mvtec_AD/leather;cont_30pct_oracle_patch;0.3;oracle_patch;10;10;3;2352;124;0;5;95;0.9990;0.9926;0.3896;92;0.0000;1.0000;0.0001;1.0058;2.48
2026-02-18T05:17:11.578573;mvtec_AD/leather;cont_0pct_none;0.0;none;10;10;0;0;124;1;5;95;0.9990;0.9915;0.3121;92;;;;;3.46
2026-02-18T05:17:26.558122;mvtec_AD/leather;cont_0pct_ensemble_loo_mahal;0.0;ensemble_loo_mahal;10;10;0;392;124;1;5;95;0.9997;0.9915;0.3106;92;0.0007;;-0.0000;;5.30
2026-02-18T05:17:36.366748;mvtec_AD/leather;cont_0pct_oracle_patch;0.0;oracle_patch;10;10;0;0;124;1;5;95;0.9990;0.9915;0.3121;92;0.0000;;0.0000;;0.01
2026-02-18T05:17:49.440064;mvtec_AD/leather;cont_30pct_none;0.3;none;10;10;3;0;124;1;5;95;0.9660;0.9673;0.4441;92;-0.0329;;-0.0242;;3.36
2026-02-18T05:18:04.712739;mvtec_AD/leather;cont_30pct_ensemble_loo_mahal;0.3;ensemble_loo_mahal;10;10;3;392;124;1;5;95;0.9993;0.9927;0.4105;92;0.0003;1.0103;0.0012;1.0477;5.62
2026-02-18T05:18:16.881560;mvtec_AD/leather;cont_30pct_oracle_patch;0.3;oracle_patch;10;10;3;2352;124;1;5;95;0.9990;0.9912;0.2973;92;0.0000;1.0000;-0.0003;0.9869;2.46
2026-02-18T05:18:30.139996;mvtec_AD/leather;cont_0pct_none;0.0;none;10;10;0;0;124;2;5;95;0.9990;0.9914;0.3287;92;;;;;3.42
2026-02-18T05:18:45.272992;mvtec_AD/leather;cont_0pct_ensemble_loo_mahal;0.0;ensemble_loo_mahal;10;10;0;392;124;2;5;95;0.9997;0.9914;0.3077;92;0.0007;;-0.0000;;5.45
2026-02-18T05:18:55.015111;mvtec_AD/leather;cont_0pct_oracle_patch;0.0;oracle_patch;10;10;0;0;124;2;5;95;0.9990;0.9914;0.3287;92;0.0000;;0.0000;;0.01
2026-02-18T05:19:08.516758;mvtec_AD/leather;cont_30pct_none;0.3;none;10;10;3;0;124;2;5;95;0.9660;0.9939;0.5754;92;-0.0329;;0.0025;;3.46
2026-02-18T05:19:23.496608;mvtec_AD/leather;cont_30pct_ensemble_loo_mahal;0.3;ensemble_loo_mahal;10;10;3;392;124;2;5;95;0.9986;0.9949;0.4949;92;-0.0003;0.9897;0.0036;-0.4077;5.20
2026-02-18T05:19:35.591486;mvtec_AD/leather;cont_30pct_oracle_patch;0.3;oracle_patch;10;10;3;2352;124;2;5;95;0.9983;0.9916;0.3210;92;-0.0007;0.9794;0.0002;0.9274;2.41
2026-02-18T05:19:48.787454;mvtec_AD/leather;cont_0pct_none;0.0;none;10;10;0;0;124;3;5;95;0.9990;0.9917;0.3204;92;;;;;3.49
2026-02-18T05:20:04.038969;mvtec_AD/leather;cont_0pct_ensemble_loo_mahal;0.0;ensemble_loo_mahal;10;10;0;392;124;3;5;95;0.9997;0.9918;0.3209;92;0.0007;;0.0001;;5.45
2026-02-18T05:20:13.909963;mvtec_AD/leather;cont_0pct_oracle_patch;0.0;oracle_patch;10;10;0;0;124;3;5;95;0.9990;0.9917;0.3204;92;0.0000;;0.0000;;0.01
2026-02-18T05:20:27.028974;mvtec_AD/leather;cont_30pct_none;0.3;none;10;10;3;0;124;3;5;95;0.9667;0.9909;0.5246;92;-0.0323;;-0.0008;;3.43
2026-02-18T05:20:42.213516;mvtec_AD/leather;cont_30pct_ensemble_loo_mahal;0.3;ensemble_loo_mahal;10;10;3;392;124;3;5;95;0.9997;0.9931;0.4027;92;0.0007;1.0211;0.0014;2.6722;5.46
2026-02-18T05:20:54.344825;mvtec_AD/leather;cont_30pct_oracle_patch;0.3;oracle_patch;10;10;3;2352;124;3;5;95;0.9997;0.9917;0.3192;92;0.0007;1.0211;0.0000;1.0083;2.44
2026-02-18T05:21:07.474648;mvtec_AD/leather;cont_0pct_none;0.0;none;10;10;0;0;124;4;5;95;0.9993;0.9915;0.3188;92;;;;;3.45
2026-02-18T05:21:22.218038;mvtec_AD/leather;cont_0pct_ensemble_loo_mahal;0.0;ensemble_loo_mahal;10;10;0;392;124;4;5;95;0.9990;0.9918;0.3268;92;-0.0003;;0.0002;;5.09
2026-02-18T05:21:31.956926;mvtec_AD/leather;cont_0pct_oracle_patch;0.0;oracle_patch;10;10;0;0;124;4;5;95;0.9993;0.9915;0.3188;92;0.0000;;0.0000;;0.01
2026-02-18T05:21:45.221013;mvtec_AD/leather;cont_30pct_none;0.3;none;10;10;3;0;124;4;5;95;0.9660;0.9961;0.6306;92;-0.0333;;0.0046;;3.55
2026-02-18T05:22:00.043189;mvtec_AD/leather;cont_30pct_ensemble_loo_mahal;0.3;ensemble_loo_mahal;10;10;3;392;124;4;5;95;0.9983;0.9931;0.3832;92;-0.0010;0.9694;0.0016;0.6550;5.23
2026-02-18T05:22:12.265420;mvtec_AD/leather;cont_30pct_oracle_patch;0.3;oracle_patch;10;10;3;2352;124;4;5;95;0.9993;0.9914;0.3133;92;0.0000;1.0000;-0.0001;1.0245;2.47
2026-02-18T05:22:25.648758;mvtec_AD/metal_nut;cont_0pct_none;0.0;none;10;10;0;0;115;0;5;95;0.9311;0.9754;0.7902;93;;;;;3.22
2026-02-18T05:22:39.806820;mvtec_AD/metal_nut;cont_0pct_ensemble_loo_mahal;0.0;ensemble_loo_mahal;10;10;0;392;115;0;5;95;0.9306;0.9727;0.7749;93;-0.0005;;-0.0027;;5.23
2026-02-18T05:22:48.805186;mvtec_AD/metal_nut;cont_0pct_oracle_patch;0.0;oracle_patch;10;10;0;0;115;0;5;95;0.9311;0.9754;0.7902;93;0.0000;;0.0000;;0.01
2026-02-18T05:23:01.068323;mvtec_AD/metal_nut;cont_30pct_none;0.3;none;10;10;3;0;115;0;5;95;0.9018;0.8552;0.4570;93;-0.0293;;-0.1201;;3.20
2026-02-18T05:23:15.160866;mvtec_AD/metal_nut;cont_30pct_ensemble_loo_mahal;0.3;ensemble_loo_mahal;10;10;3;392;115;0;5;95;0.9330;0.8855;0.5230;93;0.0020;1.0667;-0.0899;0.2517;5.17
2026-02-18T05:23:26.742956;mvtec_AD/metal_nut;cont_30pct_oracle_patch;0.3;oracle_patch;10;10;3;2352;115;0;5;95;0.9272;0.9724;0.7766;93;-0.0039;0.8667;-0.0030;0.9751;2.36
2026-02-18T05:23:38.941860;mvtec_AD/metal_nut;cont_0pct_none;0.0;none;10;10;0;0;115;1;5;95;0.8827;0.9741;0.7819;93;;;;;3.21
2026-02-18T05:23:52.770194;mvtec_AD/metal_nut;cont_0pct_ensemble_loo_mahal;0.0;ensemble_loo_mahal;10;10;0;392;115;1;5;95;0.8807;0.9716;0.7674;93;-0.0020;;-0.0025;;4.85
2026-02-18T05:24:01.838101;mvtec_AD/metal_nut;cont_0pct_oracle_patch;0.0;oracle_patch;10;10;0;0;115;1;5;95;0.8827;0.9741;0.7819;93;0.0000;;0.0000;;0.01
2026-02-18T05:24:13.997289;mvtec_AD/metal_nut;cont_30pct_none;0.3;none;10;10;3;0;115;1;5;95;0.8402;0.9722;0.7783;93;-0.0425;;-0.0019;;3.19
2026-02-18T05:24:28.263910;mvtec_AD/metal_nut;cont_30pct_ensemble_loo_mahal;0.3;ensemble_loo_mahal;10;10;3;392;115;1;5;95;0.8724;0.9721;0.7731;93;-0.0103;0.7586;-0.0021;-0.0839;5.29
2026-02-18T05:24:39.616336;mvtec_AD/metal_nut;cont_30pct_oracle_patch;0.3;oracle_patch;10;10;3;2352;115;1;5;95;0.8763;0.9728;0.7756;93;-0.0064;0.8506;-0.0014;0.2856;2.29
2026-02-18T05:24:51.853265;mvtec_AD/metal_nut;cont_0pct_none;0.0;none;10;10;0;0;115;2;5;95;0.9071;0.9736;0.7799;93;;;;;3.21
2026-02-18T05:25:05.879513;mvtec_AD/metal_nut;cont_0pct_ensemble_loo_mahal;0.0;ensemble_loo_mahal;10;10;0;392;115;2;5;95;0.8939;0.9717;0.7694;93;-0.0132;;-0.0019;;4.90
2026-02-18T05:25:15.109945;mvtec_AD/metal_nut;cont_0pct_oracle_patch;0.0;oracle_patch;10;10;0;0;115;2;5;95;0.9071;0.9736;0.7799;93;0.0000;;0.0000;;0.01
2026-02-18T05:25:27.492725;mvtec_AD/metal_nut;cont_30pct_none;0.3;none;10;10;3;0;115;2;5;95;0.8685;0.8721;0.4834;93;-0.0386;;-0.1014;;3.32
2026-02-18T05:25:41.621114;mvtec_AD/metal_nut;cont_30pct_ensemble_loo_mahal;0.3;ensemble_loo_mahal;10;10;3;392;115;2;5;95;0.8812;0.8924;0.5231;93;-0.0259;0.3291;-0.0812;0.1999;4.96
2026-02-18T05:25:52.898184;mvtec_AD/metal_nut;cont_30pct_oracle_patch;0.3;oracle_patch;10;10;3;2352;115;2;5;95;0.9110;0.9725;0.7755;93;0.0039;1.1013;-0.0010;0.9898;2.28
2026-02-18T05:26:05.206068;mvtec_AD/metal_nut;cont_0pct_none;0.0;none;10;10;0;0;115;3;5;95;0.9164;0.9759;0.7932;93;;;;;3.25
2026-02-18T05:26:19.162883;mvtec_AD/metal_nut;cont_0pct_ensemble_loo_mahal;0.0;ensemble_loo_mahal;10;10;0;392;115;3;5;95;0.9091;0.9740;0.7823;93;-0.0073;;-0.0019;;4.98
2026-02-18T05:26:28.172427;mvtec_AD/metal_nut;cont_0pct_oracle_patch;0.0;oracle_patch;10;10;0;0;115;3;5;95;0.9164;0.9759;0.7932;93;0.0000;;0.0000;;0.01
2026-02-18T05:26:40.354461;mvtec_AD/metal_nut;cont_30pct_none;0.3;none;10;10;3;0;115;3;5;95;0.8661;0.8455;0.4492;93;-0.0503;;-0.1304;;3.19
2026-02-18T05:26:54.160502;mvtec_AD/metal_nut;cont_30pct_ensemble_loo_mahal;0.3;ensemble_loo_mahal;10;10;3;392;115;3;5;95;0.8920;0.8863;0.5275;93;-0.0244;0.5146;-0.0896;0.3129;4.86
2026-02-18T05:27:05.296870;mvtec_AD/metal_nut;cont_30pct_oracle_patch;0.3;oracle_patch;10;10;3;2352;115;3;5;95;0.9198;0.9740;0.7818;93;0.0034;1.0680;-0.0019;0.9853;2.21
2026-02-18T05:27:17.668856;mvtec_AD/metal_nut;cont_0pct_none;0.0;none;10;10;0;0;115;4;5;95;0.9360;0.9734;0.7790;93;;;;;3.25
2026-02-18T05:27:31.841939;mvtec_AD/metal_nut;cont_0pct_ensemble_loo_mahal;0.0;ensemble_loo_mahal;10;10;0;392;115;4;5;95;0.9321;0.9708;0.7647;93;-0.0039;;-0.0027;;5.28
2026-02-18T05:27:40.803345;mvtec_AD/metal_nut;cont_0pct_oracle_patch;0.0;oracle_patch;10;10;0;0;115;4;5;95;0.9360;0.9734;0.7790;93;0.0000;;0.0000;;0.01
2026-02-18T05:27:53.101153;mvtec_AD/metal_nut;cont_30pct_none;0.3;none;10;10;3;0;115;4;5;95;0.8734;0.9711;0.7705;93;-0.0626;;-0.0023;;3.13
2026-02-18T05:28:07.081970;mvtec_AD/metal_nut;cont_30pct_ensemble_loo_mahal;0.3;ensemble_loo_mahal;10;10;3;392;115;4;5;95;0.9013;0.9707;0.7643;93;-0.0347;0.4453;-0.0028;-0.1898;5.06
2026-02-18T05:28:18.477449;mvtec_AD/metal_nut;cont_30pct_oracle_patch;0.3;oracle_patch;10;10;3;2352;115;4;5;95;0.9179;0.9710;0.7695;93;-0.0181;0.7109;-0.0024;-0.0267;2.25
2026-02-18T05:28:38.580682;mvtec_AD/pill;cont_0pct_none;0.0;none;10;10;0;0;167;0;5;95;0.9258;0.9413;0.4813;141;;;;;4.58
2026-02-18T05:28:59.215281;mvtec_AD/pill;cont_0pct_ensemble_loo_mahal;0.0;ensemble_loo_mahal;10;10;0;392;167;0;5;95;0.9171;0.9388;0.4626;141;-0.0087;;-0.0025;;6.69
2026-02-18T05:29:12.984700;mvtec_AD/pill;cont_0pct_oracle_patch;0.0;oracle_patch;10;10;0;0;167;0;5;95;0.9258;0.9413;0.4813;141;0.0000;;0.0000;;0.01
2026-02-18T05:29:31.334106;mvtec_AD/pill;cont_30pct_none;0.3;none;10;10;3;0;167;0;5;95;0.8931;0.9105;0.4150;141;-0.0327;;-0.0309;;4.64
2026-02-18T05:29:51.031418;mvtec_AD/pill;cont_30pct_ensemble_loo_mahal;0.3;ensemble_loo_mahal;10;10;3;392;167;0;5;95;0.9034;0.9229;0.4351;141;-0.0224;0.3167;-0.0184;0.4028;6.16
2026-02-18T05:30:08.038024;mvtec_AD/pill;cont_30pct_oracle_patch;0.3;oracle_patch;10;10;3;2352;167;0;5;95;0.9149;0.9400;0.4780;141;-0.0109;0.6667;-0.0013;0.9573;3.22
2026-02-18T05:30:26.498917;mvtec_AD/pill;cont_0pct_none;0.0;none;10;10;0;0;167;1;5;95;0.8963;0.9430;0.4834;141;;;;;4.78
2026-02-18T05:30:46.317641;mvtec_AD/pill;cont_0pct_ensemble_loo_mahal;0.0;ensemble_loo_mahal;10;10;0;392;167;1;5;95;0.8947;0.9400;0.4646;141;-0.0016;;-0.0030;;6.20
2026-02-18T05:31:00.053668;mvtec_AD/pill;cont_0pct_oracle_patch;0.0;oracle_patch;10;10;0;0;167;1;5;95;0.8963;0.9430;0.4834;141;0.0000;;0.0000;;0.01
2026-02-18T05:31:18.742362;mvtec_AD/pill;cont_30pct_none;0.3;none;10;10;3;0;167;1;5;95;0.8672;0.9381;0.4461;141;-0.0292;;-0.0048;;4.71
2026-02-18T05:31:38.947682;mvtec_AD/pill;cont_30pct_ensemble_loo_mahal;0.3;ensemble_loo_mahal;10;10;3;392;167;1;5;95;0.8753;0.9373;0.4561;141;-0.0210;0.2804;-0.0056;-0.1605;6.54
2026-02-18T05:31:55.940292;mvtec_AD/pill;cont_30pct_oracle_patch;0.3;oracle_patch;10;10;3;2352;167;1;5;95;0.8953;0.9389;0.4688;141;-0.0011;0.9626;-0.0041;0.1593;3.28
2026-02-18T05:32:14.266503;mvtec_AD/pill;cont_0pct_none;0.0;none;10;10;0;0;167;2;5;95;0.8996;0.9452;0.4858;141;;;;;4.55
2026-02-18T05:32:34.224597;mvtec_AD/pill;cont_0pct_ensemble_loo_mahal;0.0;ensemble_loo_mahal;10;10;0;392;167;2;5;95;0.8917;0.9422;0.4684;141;-0.0079;;-0.0030;;6.37
2026-02-18T05:32:47.956348;mvtec_AD/pill;cont_0pct_oracle_patch;0.0;oracle_patch;10;10;0;0;167;2;5;95;0.8996;0.9452;0.4858;141;0.0000;;0.0000;;0.01
2026-02-18T05:33:06.203608;mvtec_AD/pill;cont_30pct_none;0.3;none;10;10;3;0;167;2;5;95;0.8740;0.9206;0.4415;141;-0.0256;;-0.0246;;4.55
2026-02-18T05:33:26.349628;mvtec_AD/pill;cont_30pct_ensemble_loo_mahal;0.3;ensemble_loo_mahal;10;10;3;392;167;2;5;95;0.8947;0.9280;0.4602;141;-0.0049;0.8085;-0.0172;0.3032;6.33
2026-02-18T05:33:43.185183;mvtec_AD/pill;cont_30pct_oracle_patch;0.3;oracle_patch;10;10;3;2352;167;2;5;95;0.8917;0.9445;0.4836;141;-0.0079;0.6915;-0.0007;0.9736;3.27
2026-02-18T05:34:01.631492;mvtec_AD/pill;cont_0pct_none;0.0;none;10;10;0;0;167;3;5;95;0.9026;0.9428;0.4858;141;;;;;4.62
2026-02-18T05:34:21.846498;mvtec_AD/pill;cont_0pct_ensemble_loo_mahal;0.0;ensemble_loo_mahal;10;10;0;392;167;3;5;95;0.8909;0.9400;0.4695;141;-0.0117;;-0.0028;;6.25
2026-02-18T05:34:35.684638;mvtec_AD/pill;cont_0pct_oracle_patch;0.0;oracle_patch;10;10;0;0;167;3;5;95;0.9026;0.9428;0.4858;141;0.0000;;0.0000;;0.01
2026-02-18T05:34:53.960067;mvtec_AD/pill;cont_30pct_none;0.3;none;10;10;3;0;167;3;5;95;0.8770;0.9439;0.4854;141;-0.0256;;0.0011;;4.73
2026-02-18T05:35:14.126729;mvtec_AD/pill;cont_30pct_ensemble_loo_mahal;0.3;ensemble_loo_mahal;10;10;3;392;167;3;5;95;0.8849;0.9415;0.4722;141;-0.0177;0.3085;-0.0013;2.1862;6.52
2026-02-18T05:35:31.189680;mvtec_AD/pill;cont_30pct_oracle_patch;0.3;oracle_patch;10;10;3;2352;167;3;5;95;0.8988;0.9419;0.4833;141;-0.0038;0.8511;-0.0009;1.8886;3.40
2026-02-18T05:35:49.727590;mvtec_AD/pill;cont_0pct_none;0.0;none;10;10;0;0;167;4;5;95;0.9149;0.9419;0.4820;141;;;;;4.74
2026-02-18T05:36:10.322304;mvtec_AD/pill;cont_0pct_ensemble_loo_mahal;0.0;ensemble_loo_mahal;10;10;0;392;167;4;5;95;0.9040;0.9389;0.4643;141;-0.0109;;-0.0031;;6.84
2026-02-18T05:36:24.111296;mvtec_AD/pill;cont_0pct_oracle_patch;0.0;oracle_patch;10;10;0;0;167;4;5;95;0.9149;0.9419;0.4820;141;0.0000;;0.0000;;0.01
2026-02-18T05:36:42.670478;mvtec_AD/pill;cont_30pct_none;0.3;none;10;10;3;0;167;4;5;95;0.8999;0.9440;0.4865;141;-0.0150;;0.0021;;4.71
2026-02-18T05:37:02.589308;mvtec_AD/pill;cont_30pct_ensemble_loo_mahal;0.3;ensemble_loo_mahal;10;10;3;392;167;4;5;95;0.9113;0.9410;0.4682;141;-0.0035;0.7636;-0.0009;1.4337;6.29
2026-02-18T05:37:19.938443;mvtec_AD/pill;cont_30pct_oracle_patch;0.3;oracle_patch;10;10;3;2352;167;4;5;95;0.9223;0.9388;0.4721;141;0.0074;1.4909;-0.0031;2.5289;3.35
2026-02-18T05:37:39.185300;mvtec_AD/screw;cont_0pct_none;0.0;none;10;10;0;0;160;0;5;95;0.5265;0.9889;0.4152;119;;;;;4.57
2026-02-18T05:37:58.282070;mvtec_AD/screw;cont_0pct_ensemble_loo_mahal;0.0;ensemble_loo_mahal;10;10;0;392;160;0;5;95;0.5423;0.9842;0.1903;119;0.0158;;-0.0047;;6.31
2026-02-18T05:38:11.026014;mvtec_AD/screw;cont_0pct_oracle_patch;0.0;oracle_patch;10;10;0;0;160;0;5;95;0.5265;0.9889;0.4152;119;0.0000;;0.0000;;0.01
2026-02-18T05:38:28.615864;mvtec_AD/screw;cont_30pct_none;0.3;none;10;10;3;0;160;0;5;95;0.5302;0.9825;0.2741;119;0.0037;;-0.0064;;4.65
2026-02-18T05:38:47.615807;mvtec_AD/screw;cont_30pct_ensemble_loo_mahal;0.3;ensemble_loo_mahal;10;10;3;392;160;0;5;95;0.5294;0.9840;0.2354;119;0.0029;0.2222;-0.0049;0.2336;6.28
2026-02-18T05:39:03.699954;mvtec_AD/screw;cont_30pct_oracle_patch;0.3;oracle_patch;10;10;3;2352;160;0;5;95;0.5378;0.9889;0.4058;119;0.0113;-2.0556;0.0000;1.0018;3.13
2026-02-18T05:39:20.996588;mvtec_AD/screw;cont_0pct_none;0.0;none;10;10;0;0;160;1;5;95;0.7596;0.9933;0.5291;119;;;;;4.43
2026-02-18T05:39:40.209862;mvtec_AD/screw;cont_0pct_ensemble_loo_mahal;0.0;ensemble_loo_mahal;10;10;0;392;160;1;5;95;0.7424;0.9866;0.2140;119;-0.0172;;-0.0067;;6.35
2026-02-18T05:39:52.996271;mvtec_AD/screw;cont_0pct_oracle_patch;0.0;oracle_patch;10;10;0;0;160;1;5;95;0.7596;0.9933;0.5291;119;0.0000;;0.0000;;0.01
2026-02-18T05:40:10.343307;mvtec_AD/screw;cont_30pct_none;0.3;none;10;10;3;0;160;1;5;95;0.6046;0.9909;0.5002;119;-0.1549;;-0.0024;;4.43
2026-02-18T05:40:30.116258;mvtec_AD/screw;cont_30pct_ensemble_loo_mahal;0.3;ensemble_loo_mahal;10;10;3;392;160;1;5;95;0.5784;0.9859;0.2567;119;-0.1812;-0.1693;-0.0074;-2.0713;6.62
2026-02-18T05:40:45.965886;mvtec_AD/screw;cont_30pct_oracle_patch;0.3;oracle_patch;10;10;3;2352;160;1;5;95;0.5899;0.9900;0.4573;119;-0.1697;-0.0952;-0.0033;-0.3652;3.14
2026-02-18T05:41:04.096774;mvtec_AD/screw;cont_0pct_none;0.0;none;10;10;0;0;160;2;5;95;0.5854;0.9929;0.5004;119;;;;;4.59
2026-02-18T05:41:23.177899;mvtec_AD/screw;cont_0pct_ensemble_loo_mahal;0.0;ensemble_loo_mahal;10;10;0;392;160;2;5;95;0.5604;0.9881;0.2828;119;-0.0250;;-0.0048;;6.14
2026-02-18T05:41:36.401389;mvtec_AD/screw;cont_0pct_oracle_patch;0.0;oracle_patch;10;10;0;0;160;2;5;95;0.5854;0.9929;0.5004;119;0.0000;;0.0000;;0.01
2026-02-18T05:41:53.890200;mvtec_AD/screw;cont_30pct_none;0.3;none;10;10;3;0;160;2;5;95;0.5706;0.9876;0.4170;119;-0.0148;;-0.0053;;4.48
2026-02-18T05:42:13.420296;mvtec_AD/screw;cont_30pct_ensemble_loo_mahal;0.3;ensemble_loo_mahal;10;10;3;392;160;2;5;95;0.5964;0.9872;0.2760;119;0.0111;1.7500;-0.0057;-0.0830;6.43
2026-02-18T05:42:29.678715;mvtec_AD/screw;cont_30pct_oracle_patch;0.3;oracle_patch;10;10;3;2352;160;2;5;95;0.5349;0.9901;0.4293;119;-0.0504;-2.4167;-0.0028;0.4609;3.33
2026-02-18T05:42:47.318277;mvtec_AD/screw;cont_0pct_none;0.0;none;10;10;0;0;160;3;5;95;0.6835;0.9929;0.5168;119;;;;;4.52
2026-02-18T05:43:06.946595;mvtec_AD/screw;cont_0pct_ensemble_loo_mahal;0.0;ensemble_loo_mahal;10;10;0;392;160;3;5;95;0.6214;0.9875;0.2850;119;-0.0621;;-0.0054;;6.54
2026-02-18T05:43:20.156366;mvtec_AD/screw;cont_0pct_oracle_patch;0.0;oracle_patch;10;10;0;0;160;3;5;95;0.6835;0.9929;0.5168;119;0.0000;;0.0000;;0.01
2026-02-18T05:43:37.459874;mvtec_AD/screw;cont_30pct_none;0.3;none;10;10;3;0;160;3;5;95;0.5884;0.9854;0.4321;119;-0.0951;;-0.0075;;4.50
2026-02-18T05:43:56.290194;mvtec_AD/screw;cont_30pct_ensemble_loo_mahal;0.3;ensemble_loo_mahal;10;10;3;392;160;3;5;95;0.5464;0.9866;0.2795;119;-0.1371;-0.4418;-0.0063;0.1580;6.11
2026-02-18T05:44:12.183556;mvtec_AD/screw;cont_30pct_oracle_patch;0.3;oracle_patch;10;10;3;2352;160;3;5;95;0.6278;0.9910;0.4794;119;-0.0557;0.4138;-0.0019;0.7517;3.15
2026-02-18T05:44:29.626520;mvtec_AD/screw;cont_0pct_none;0.0;none;10;10;0;0;160;4;5;95;0.6192;0.9912;0.5147;119;;;;;4.50
2026-02-18T05:44:48.271602;mvtec_AD/screw;cont_0pct_ensemble_loo_mahal;0.0;ensemble_loo_mahal;10;10;0;392;160;4;5;95;0.5610;0.9858;0.2526;119;-0.0582;;-0.0055;;6.03
2026-02-18T05:45:01.028630;mvtec_AD/screw;cont_0pct_oracle_patch;0.0;oracle_patch;10;10;0;0;160;4;5;95;0.6192;0.9912;0.5147;119;0.0000;;0.0000;;0.01
2026-02-18T05:45:18.230084;mvtec_AD/screw;cont_30pct_none;0.3;none;10;10;3;0;160;4;5;95;0.6112;0.9894;0.4545;119;-0.0080;;-0.0019;;4.44
2026-02-18T05:45:37.254792;mvtec_AD/screw;cont_30pct_ensemble_loo_mahal;0.3;ensemble_loo_mahal;10;10;3;392;160;4;5;95;0.6132;0.9879;0.3082;119;-0.0059;0.2564;-0.0033;-0.7540;6.20
2026-02-18T05:45:53.012663;mvtec_AD/screw;cont_30pct_oracle_patch;0.3;oracle_patch;10;10;3;2352;160;4;5;95;0.5901;0.9906;0.4799;119;-0.0291;-2.6410;-0.0006;0.6904;3.13
2026-02-18T05:46:06.475415;mvtec_AD/tile;cont_0pct_none;0.0;none;10;10;0;0;117;0;5;95;1.0000;0.9762;0.7188;84;;;;;3.30
2026-02-18T05:46:20.920587;mvtec_AD/tile;cont_0pct_ensemble_loo_mahal;0.0;ensemble_loo_mahal;10;10;0;392;117;0;5;95;1.0000;0.9760;0.7179;84;0.0000;;-0.0002;;5.29
2026-02-18T05:46:29.959631;mvtec_AD/tile;cont_0pct_oracle_patch;0.0;oracle_patch;10;10;0;0;117;0;5;95;1.0000;0.9762;0.7188;84;0.0000;;0.0000;;0.01
2026-02-18T05:46:42.451643;mvtec_AD/tile;cont_30pct_none;0.3;none;10;10;3;0;117;0;5;95;0.9639;0.9601;0.6894;84;-0.0361;;-0.0161;;3.25
2026-02-18T05:46:56.600154;mvtec_AD/tile;cont_30pct_ensemble_loo_mahal;0.3;ensemble_loo_mahal;10;10;3;392;117;0;5;95;1.0000;0.9786;0.7464;84;0.0000;1.0000;0.0025;1.1523;5.15
2026-02-18T05:47:07.990296;mvtec_AD/tile;cont_30pct_oracle_patch;0.3;oracle_patch;10;10;3;2352;117;0;5;95;1.0000;0.9755;0.7163;84;0.0000;1.0000;-0.0006;0.9607;2.29
2026-02-18T05:47:20.332862;mvtec_AD/tile;cont_0pct_none;0.0;none;10;10;0;0;117;1;5;95;1.0000;0.9765;0.7183;84;;;;;3.24
2026-02-18T05:47:34.254361;mvtec_AD/tile;cont_0pct_ensemble_loo_mahal;0.0;ensemble_loo_mahal;10;10;0;392;117;1;5;95;1.0000;0.9764;0.7188;84;0.0000;;-0.0001;;4.99
2026-02-18T05:47:43.386816;mvtec_AD/tile;cont_0pct_oracle_patch;0.0;oracle_patch;10;10;0;0;117;1;5;95;1.0000;0.9765;0.7183;84;0.0000;;0.0000;;0.01
2026-02-18T05:47:55.696128;mvtec_AD/tile;cont_30pct_none;0.3;none;10;10;3;0;117;1;5;95;0.9643;0.9368;0.6195;84;-0.0357;;-0.0397;;3.22
2026-02-18T05:48:09.969324;mvtec_AD/tile;cont_30pct_ensemble_loo_mahal;0.3;ensemble_loo_mahal;10;10;3;392;117;1;5;95;1.0000;0.9674;0.7141;84;0.0000;1.0000;-0.0091;0.7700;5.23
2026-02-18T05:48:21.365084;mvtec_AD/tile;cont_30pct_oracle_patch;0.3;oracle_patch;10;10;3;2352;117;1;5;95;1.0000;0.9762;0.7185;84;0.0000;1.0000;-0.0003;0.9925;2.30
2026-02-18T05:48:33.716950;mvtec_AD/tile;cont_0pct_none;0.0;none;10;10;0;0;117;2;5;95;1.0000;0.9763;0.7202;84;;;;;3.26
2026-02-18T05:48:47.971179;mvtec_AD/tile;cont_0pct_ensemble_loo_mahal;0.0;ensemble_loo_mahal;10;10;0;392;117;2;5;95;1.0000;0.9762;0.7200;84;0.0000;;-0.0002;;5.27
2026-02-18T05:48:57.217740;mvtec_AD/tile;cont_0pct_oracle_patch;0.0;oracle_patch;10;10;0;0;117;2;5;95;1.0000;0.9763;0.7202;84;0.0000;;0.0000;;0.01
2026-02-18T05:49:09.451134;mvtec_AD/tile;cont_30pct_none;0.3;none;10;10;3;0;117;2;5;95;0.9643;0.9561;0.6304;84;-0.0357;;-0.0202;;3.22
2026-02-18T05:49:24.181177;mvtec_AD/tile;cont_30pct_ensemble_loo_mahal;0.3;ensemble_loo_mahal;10;10;3;392;117;2;5;95;1.0000;0.9793;0.7433;84;0.0000;1.0000;0.0029;1.1442;5.43
2026-02-18T05:49:35.665567;mvtec_AD/tile;cont_30pct_oracle_patch;0.3;oracle_patch;10;10;3;2352;117;2;5;95;1.0000;0.9759;0.7184;84;0.0000;1.0000;-0.0004;0.9779;2.28
2026-02-18T05:49:47.986922;mvtec_AD/tile;cont_0pct_none;0.0;none;10;10;0;0;117;3;5;95;1.0000;0.9762;0.7170;84;;;;;3.25
2026-02-18T05:50:02.063941;mvtec_AD/tile;cont_0pct_ensemble_loo_mahal;0.0;ensemble_loo_mahal;10;10;0;392;117;3;5;95;1.0000;0.9761;0.7182;84;0.0000;;-0.0001;;5.01
2026-02-18T05:50:11.195854;mvtec_AD/tile;cont_0pct_oracle_patch;0.0;oracle_patch;10;10;0;0;117;3;5;95;1.0000;0.9762;0.7170;84;0.0000;;0.0000;;0.01
2026-02-18T05:50:23.432683;mvtec_AD/tile;cont_30pct_none;0.3;none;10;10;3;0;117;3;5;95;0.9643;0.9648;0.6601;84;-0.0357;;-0.0115;;3.23
2026-02-18T05:50:37.785336;mvtec_AD/tile;cont_30pct_ensemble_loo_mahal;0.3;ensemble_loo_mahal;10;10;3;392;117;3;5;95;1.0000;0.9801;0.7482;84;0.0000;1.0000;0.0039;1.3388;5.36
2026-02-18T05:50:49.034115;mvtec_AD/tile;cont_30pct_oracle_patch;0.3;oracle_patch;10;10;3;2352;117;3;5;95;1.0000;0.9759;0.7183;84;0.0000;1.0000;-0.0003;0.9730;2.29
2026-02-18T05:51:01.454171;mvtec_AD/tile;cont_0pct_none;0.0;none;10;10;0;0;117;4;5;95;1.0000;0.9764;0.7206;84;;;;;3.26
2026-02-18T05:51:15.689010;mvtec_AD/tile;cont_0pct_ensemble_loo_mahal;0.0;ensemble_loo_mahal;10;10;0;392;117;4;5;95;1.0000;0.9763;0.7209;84;0.0000;;-0.0001;;5.16
2026-02-18T05:51:24.711541;mvtec_AD/tile;cont_0pct_oracle_patch;0.0;oracle_patch;10;10;0;0;117;4;5;95;1.0000;0.9764;0.7206;84;0.0000;;0.0000;;0.01
2026-02-18T05:51:37.036056;mvtec_AD/tile;cont_30pct_none;0.3;none;10;10;3;0;117;4;5;95;0.9643;0.9420;0.6761;84;-0.0357;;-0.0344;;3.30
2026-02-18T05:51:51.225853;mvtec_AD/tile;cont_30pct_ensemble_loo_mahal;0.3;ensemble_loo_mahal;10;10;3;392;117;4;5;95;1.0000;0.9707;0.7184;84;0.0000;1.0000;-0.0057;0.8355;5.17
2026-02-18T05:52:02.480689;mvtec_AD/tile;cont_30pct_oracle_patch;0.3;oracle_patch;10;10;3;2352;117;4;5;95;1.0000;0.9761;0.7203;84;0.0000;1.0000;-0.0003;0.9919;2.27
2026-02-18T05:52:07.491218;mvtec_AD/toothbrush;cont_0pct_none;0.0;none;10;10;0;0;42;0;5;95;0.9389;0.9927;0.6078;30;;;;;1.22
2026-02-18T05:52:13.655187;mvtec_AD/toothbrush;cont_0pct_ensemble_loo_mahal;0.0;ensemble_loo_mahal;10;10;0;392;42;0;5;95;0.9278;0.9914;0.5714;30;-0.0111;;-0.0013;;2.90
2026-02-18T05:52:16.977086;mvtec_AD/toothbrush;cont_0pct_oracle_patch;0.0;oracle_patch;10;10;0;0;42;0;5;95;0.9389;0.9927;0.6078;30;0.0000;;0.0000;;0.01
2026-02-18T05:52:21.389970;mvtec_AD/toothbrush;cont_30pct_none;0.3;none;10;10;3;0;42;0;5;95;0.8444;0.9751;0.5164;30;-0.0944;;-0.0177;;1.13
2026-02-18T05:52:27.678933;mvtec_AD/toothbrush;cont_30pct_ensemble_loo_mahal;0.3;ensemble_loo_mahal;10;10;3;392;42;0;5;95;0.8917;0.9915;0.5834;30;-0.0472;0.5000;-0.0013;0.9289;3.01
2026-02-18T05:52:31.841184;mvtec_AD/toothbrush;cont_30pct_oracle_patch;0.3;oracle_patch;10;10;3;2352;42;0;5;95;0.9222;0.9921;0.5956;30;-0.0167;0.8235;-0.0006;0.9639;0.85
2026-02-18T05:52:36.338938;mvtec_AD/toothbrush;cont_0pct_none;0.0;none;10;10;0;0;42;1;5;95;0.8944;0.9922;0.5948;30;;;;;1.14
2026-02-18T05:52:42.612096;mvtec_AD/toothbrush;cont_0pct_ensemble_loo_mahal;0.0;ensemble_loo_mahal;10;10;0;392;42;1;5;95;0.8639;0.9901;0.5449;30;-0.0306;;-0.0021;;2.94
2026-02-18T05:52:45.869992;mvtec_AD/toothbrush;cont_0pct_oracle_patch;0.0;oracle_patch;10;10;0;0;42;1;5;95;0.8944;0.9922;0.5948;30;0.0000;;0.0000;;0.01
2026-02-18T05:52:50.380427;mvtec_AD/toothbrush;cont_30pct_none;0.3;none;10;10;3;0;42;1;5;95;0.8167;0.9903;0.6254;30;-0.0778;;-0.0018;;1.25
2026-02-18T05:52:56.589408;mvtec_AD/toothbrush;cont_30pct_ensemble_loo_mahal;0.3;ensemble_loo_mahal;10;10;3;392;42;1;5;95;0.9194;0.9916;0.5700;30;0.0250;1.3214;-0.0006;0.6798;2.91
2026-02-18T05:53:00.673128;mvtec_AD/toothbrush;cont_30pct_oracle_patch;0.3;oracle_patch;10;10;3;2352;42;1;5;95;0.9083;0.9926;0.6018;30;0.0139;1.1786;0.0004;1.2373;0.82
2026-02-18T05:53:05.235527;mvtec_AD/toothbrush;cont_0pct_none;0.0;none;10;10;0;0;42;2;5;95;0.9056;0.9925;0.6059;30;;;;;1.26
2026-02-18T05:53:11.464039;mvtec_AD/toothbrush;cont_0pct_ensemble_loo_mahal;0.0;ensemble_loo_mahal;10;10;0;392;42;2;5;95;0.8500;0.9906;0.5614;30;-0.0556;;-0.0019;;2.97
2026-02-18T05:53:14.790671;mvtec_AD/toothbrush;cont_0pct_oracle_patch;0.0;oracle_patch;10;10;0;0;42;2;5;95;0.9056;0.9925;0.6059;30;0.0000;;0.0000;;0.01
2026-02-18T05:53:19.322198;mvtec_AD/toothbrush;cont_30pct_none;0.3;none;10;10;3;0;42;2;5;95;0.8194;0.9871;0.6097;30;-0.0861;;-0.0054;;1.19
2026-02-18T05:53:25.708954;mvtec_AD/toothbrush;cont_30pct_ensemble_loo_mahal;0.3;ensemble_loo_mahal;10;10;3;392;42;2;5;95;0.8944;0.9920;0.6010;30;-0.0111;0.8710;-0.0005;0.9041;2.96
2026-02-18T05:53:29.926072;mvtec_AD/toothbrush;cont_30pct_oracle_patch;0.3;oracle_patch;10;10;3;2352;42;2;5;95;0.9083;0.9924;0.6072;30;0.0028;1.0323;-0.0001;0.9823;0.87
2026-02-18T05:53:34.419451;mvtec_AD/toothbrush;cont_0pct_none;0.0;none;10;10;0;0;42;3;5;95;0.9639;0.9934;0.6298;30;;;;;1.16
2026-02-18T05:53:40.679459;mvtec_AD/toothbrush;cont_0pct_ensemble_loo_mahal;0.0;ensemble_loo_mahal;10;10;0;392;42;3;5;95;0.9639;0.9922;0.5820;30;0.0000;;-0.0012;;2.94
2026-02-18T05:53:43.938280;mvtec_AD/toothbrush;cont_0pct_oracle_patch;0.0;oracle_patch;10;10;0;0;42;3;5;95;0.9639;0.9934;0.6298;30;0.0000;;0.0000;;0.01
2026-02-18T05:53:48.425781;mvtec_AD/toothbrush;cont_30pct_none;0.3;none;10;10;3;0;42;3;5;95;0.8444;0.9457;0.4632;30;-0.1194;;-0.0477;;1.17
2026-02-18T05:53:54.730340;mvtec_AD/toothbrush;cont_30pct_ensemble_loo_mahal;0.3;ensemble_loo_mahal;10;10;3;392;42;3;5;95;0.9389;0.9877;0.5667;30;-0.0250;0.7907;-0.0057;0.8803;2.98
2026-02-18T05:53:58.902755;mvtec_AD/toothbrush;cont_30pct_oracle_patch;0.3;oracle_patch;10;10;3;2352;42;3;5;95;0.9389;0.9933;0.6326;30;-0.0250;0.7907;-0.0001;0.9978;0.87
2026-02-18T05:54:03.451725;mvtec_AD/toothbrush;cont_0pct_none;0.0;none;10;10;0;0;42;4;5;95;0.9611;0.9925;0.6004;30;;;;;1.23
2026-02-18T05:54:09.700595;mvtec_AD/toothbrush;cont_0pct_ensemble_loo_mahal;0.0;ensemble_loo_mahal;10;10;0;392;42;4;5;95;0.9472;0.9910;0.5518;30;-0.0139;;-0.0015;;2.92
2026-02-18T05:54:12.859841;mvtec_AD/toothbrush;cont_0pct_oracle_patch;0.0;oracle_patch;10;10;0;0;42;4;5;95;0.9611;0.9925;0.6004;30;0.0000;;0.0000;;0.01
2026-02-18T05:54:17.308820;mvtec_AD/toothbrush;cont_30pct_none;0.3;none;10;10;3;0;42;4;5;95;0.8583;0.9915;0.6296;30;-0.1028;;-0.0010;;1.17
2026-02-18T05:54:23.615236;mvtec_AD/toothbrush;cont_30pct_ensemble_loo_mahal;0.3;ensemble_loo_mahal;10;10;3;392;42;4;5;95;0.9472;0.9915;0.5647;30;-0.0139;0.8649;-0.0010;-0.0098;3.05
2026-02-18T05:54:27.779451;mvtec_AD/toothbrush;cont_30pct_oracle_patch;0.3;oracle_patch;10;10;3;2352;42;4;5;95;0.9556;0.9924;0.6001;30;-0.0056;0.9459;-0.0001;0.8850;0.82
2026-02-18T05:54:39.303358;mvtec_AD/transistor;cont_0pct_none;0.0;none;10;10;0;0;100;0;5;95;0.8950;0.9165;0.4749;40;;;;;2.81
2026-02-18T05:54:52.044295;mvtec_AD/transistor;cont_0pct_ensemble_loo_mahal;0.0;ensemble_loo_mahal;10;10;0;392;100;0;5;95;0.8988;0.9110;0.4177;40;0.0037;;-0.0055;;4.76
2026-02-18T05:54:59.969578;mvtec_AD/transistor;cont_0pct_oracle_patch;0.0;oracle_patch;10;10;0;0;100;0;5;95;0.8950;0.9165;0.4749;40;0.0000;;0.0000;;0.01
2026-02-18T05:55:10.821934;mvtec_AD/transistor;cont_30pct_none;0.3;none;10;10;3;0;100;0;5;95;0.8179;0.7806;0.2851;40;-0.0771;;-0.1359;;2.87
2026-02-18T05:55:23.549879;mvtec_AD/transistor;cont_30pct_ensemble_loo_mahal;0.3;ensemble_loo_mahal;10;10;3;392;100;0;5;95;0.8792;0.8032;0.2869;40;-0.0158;0.7946;-0.1134;0.1659;4.81
2026-02-18T05:55:33.585348;mvtec_AD/transistor;cont_30pct_oracle_patch;0.3;oracle_patch;10;10;3;2352;100;0;5;95;0.8950;0.9073;0.4586;40;-0.0000;1.0000;-0.0092;0.9322;2.05
2026-02-18T05:55:44.254753;mvtec_AD/transistor;cont_0pct_none;0.0;none;10;10;0;0;100;1;5;95;0.9250;0.9012;0.4552;40;;;;;2.84
2026-02-18T05:55:56.925667;mvtec_AD/transistor;cont_0pct_ensemble_loo_mahal;0.0;ensemble_loo_mahal;10;10;0;392;100;1;5;95;0.9113;0.8935;0.3397;40;-0.0137;;-0.0077;;4.85
2026-02-18T05:56:05.018177;mvtec_AD/transistor;cont_0pct_oracle_patch;0.0;oracle_patch;10;10;0;0;100;1;5;95;0.9250;0.9012;0.4552;40;0.0000;;0.0000;;0.01
2026-02-18T05:56:15.946847;mvtec_AD/transistor;cont_30pct_none;0.3;none;10;10;3;0;100;1;5;95;0.8642;0.9040;0.4618;40;-0.0608;;0.0029;;2.87
2026-02-18T05:56:28.547111;mvtec_AD/transistor;cont_30pct_ensemble_loo_mahal;0.3;ensemble_loo_mahal;10;10;3;392;100;1;5;95;0.8800;0.8970;0.3497;40;-0.0450;0.2603;-0.0041;2.4341;4.79
2026-02-18T05:56:38.567780;mvtec_AD/transistor;cont_30pct_oracle_patch;0.3;oracle_patch;10;10;3;2352;100;1;5;95;0.9183;0.8884;0.4328;40;-0.0067;0.8904;-0.0127;5.4265;2.01
2026-02-18T05:56:49.382851;mvtec_AD/transistor;cont_0pct_none;0.0;none;10;10;0;0;100;2;5;95;0.9325;0.9055;0.4631;40;;;;;2.82
2026-02-18T05:57:02.002531;mvtec_AD/transistor;cont_0pct_ensemble_loo_mahal;0.0;ensemble_loo_mahal;10;10;0;392;100;2;5;95;0.9075;0.8996;0.3668;40;-0.0250;;-0.0059;;4.78
2026-02-18T05:57:09.953096;mvtec_AD/transistor;cont_0pct_oracle_patch;0.0;oracle_patch;10;10;0;0;100;2;5;95;0.9325;0.9055;0.4631;40;0.0000;;0.0000;;0.01
2026-02-18T05:57:20.716747;mvtec_AD/transistor;cont_30pct_none;0.3;none;10;10;3;0;100;2;5;95;0.8612;0.7865;0.3371;40;-0.0713;;-0.1190;;2.76
2026-02-18T05:57:33.218542;mvtec_AD/transistor;cont_30pct_ensemble_loo_mahal;0.3;ensemble_loo_mahal;10;10;3;392;100;2;5;95;0.9100;0.8015;0.2818;40;-0.0225;0.6842;-0.1039;0.1267;4.71
2026-02-18T05:57:43.235917;mvtec_AD/transistor;cont_30pct_oracle_patch;0.3;oracle_patch;10;10;3;2352;100;2;5;95;0.9363;0.9045;0.4553;40;0.0037;1.0526;-0.0010;0.9918;1.99
2026-02-18T05:57:53.995535;mvtec_AD/transistor;cont_0pct_none;0.0;none;10;10;0;0;100;3;5;95;0.8979;0.9180;0.4814;40;;;;;2.75
2026-02-18T05:58:06.677932;mvtec_AD/transistor;cont_0pct_ensemble_loo_mahal;0.0;ensemble_loo_mahal;10;10;0;392;100;3;5;95;0.8529;0.9112;0.3721;40;-0.0450;;-0.0068;;4.86
2026-02-18T05:58:14.617084;mvtec_AD/transistor;cont_0pct_oracle_patch;0.0;oracle_patch;10;10;0;0;100;3;5;95;0.8979;0.9180;0.4814;40;0.0000;;0.0000;;0.01
2026-02-18T05:58:25.370313;mvtec_AD/transistor;cont_30pct_none;0.3;none;10;10;3;0;100;3;5;95;0.8444;0.9129;0.4803;40;-0.0535;;-0.0051;;2.81
2026-02-18T05:58:37.859940;mvtec_AD/transistor;cont_30pct_ensemble_loo_mahal;0.3;ensemble_loo_mahal;10;10;3;392;100;3;5;95;0.8225;0.9061;0.3704;40;-0.0754;-0.4086;-0.0119;-1.3326;4.55
2026-02-18T05:58:47.712242;mvtec_AD/transistor;cont_30pct_oracle_patch;0.3;oracle_patch;10;10;3;2352;100;3;5;95;0.8950;0.9067;0.4613;40;-0.0029;0.9455;-0.0113;-1.2140;1.94
2026-02-18T05:58:58.534554;mvtec_AD/transistor;cont_0pct_none;0.0;none;10;10;0;0;100;4;5;95;0.8950;0.9063;0.4648;40;;;;;2.78
2026-02-18T05:59:11.157151;mvtec_AD/transistor;cont_0pct_ensemble_loo_mahal;0.0;ensemble_loo_mahal;10;10;0;392;100;4;5;95;0.9050;0.9012;0.3678;40;0.0100;;-0.0050;;4.81
2026-02-18T05:59:19.131791;mvtec_AD/transistor;cont_0pct_oracle_patch;0.0;oracle_patch;10;10;0;0;100;4;5;95;0.8950;0.9063;0.4648;40;0.0000;;0.0000;;0.01
2026-02-18T05:59:29.796032;mvtec_AD/transistor;cont_30pct_none;0.3;none;10;10;3;0;100;4;5;95;0.8421;0.9073;0.4656;40;-0.0529;;0.0011;;2.78
2026-02-18T05:59:42.282460;mvtec_AD/transistor;cont_30pct_ensemble_loo_mahal;0.3;ensemble_loo_mahal;10;10;3;392;100;4;5;95;0.8533;0.9027;0.3728;40;-0.0417;0.2126;-0.0035;4.3696;4.72
2026-02-18T05:59:52.184510;mvtec_AD/transistor;cont_30pct_oracle_patch;0.3;oracle_patch;10;10;3;2352;100;4;5;95;0.9075;0.8942;0.4430;40;0.0125;1.2362;-0.0121;12.4616;1.97
2026-02-18T06:00:01.819319;mvtec_AD/wood;cont_0pct_none;0.0;none;10;10;0;0;79;0;5;95;0.8851;0.9637;0.6661;60;;;;;2.21
2026-02-18T06:00:12.278542;mvtec_AD/wood;cont_0pct_ensemble_loo_mahal;0.0;ensemble_loo_mahal;10;10;0;392;79;0;5;95;0.8842;0.9634;0.6628;60;-0.0009;;-0.0003;;4.25
2026-02-18T06:00:18.575707;mvtec_AD/wood;cont_0pct_oracle_patch;0.0;oracle_patch;10;10;0;0;79;0;5;95;0.8851;0.9637;0.6661;60;0.0000;;0.0000;;0.01
2026-02-18T06:00:27.134292;mvtec_AD/wood;cont_30pct_none;0.3;none;10;10;3;0;79;0;5;95;0.7895;0.9409;0.6760;60;-0.0956;;-0.0229;;2.18
2026-02-18T06:00:37.456865;mvtec_AD/wood;cont_30pct_ensemble_loo_mahal;0.3;ensemble_loo_mahal;10;10;3;392;79;0;5;95;0.8246;0.9624;0.6900;60;-0.0605;0.3670;-0.0014;0.9399;4.12
2026-02-18T06:00:45.283528;mvtec_AD/wood;cont_30pct_oracle_patch;0.3;oracle_patch;10;10;3;2352;79;0;5;95;0.8711;0.9619;0.6589;60;-0.0140;0.8532;-0.0018;0.9214;1.59
2026-02-18T06:00:53.806566;mvtec_AD/wood;cont_0pct_none;0.0;none;10;10;0;0;79;1;5;95;0.8974;0.9615;0.6681;60;;;;;2.21
2026-02-18T06:01:04.408546;mvtec_AD/wood;cont_0pct_ensemble_loo_mahal;0.0;ensemble_loo_mahal;10;10;0;392;79;1;5;95;0.9009;0.9615;0.6639;60;0.0035;;0.0000;;4.34
2026-02-18T06:01:10.739235;mvtec_AD/wood;cont_0pct_oracle_patch;0.0;oracle_patch;10;10;0;0;79;1;5;95;0.8974;0.9615;0.6681;60;0.0000;;0.0000;;0.01
2026-02-18T06:01:19.245407;mvtec_AD/wood;cont_30pct_none;0.3;none;10;10;3;0;79;1;5;95;0.8430;0.7678;0.5424;60;-0.0544;;-0.1938;;2.13
2026-02-18T06:01:29.614288;mvtec_AD/wood;cont_30pct_ensemble_loo_mahal;0.3;ensemble_loo_mahal;10;10;3;392;79;1;5;95;0.8675;0.8521;0.5933;60;-0.0298;0.4516;-0.1094;0.4353;3.97
2026-02-18T06:01:37.500622;mvtec_AD/wood;cont_30pct_oracle_patch;0.3;oracle_patch;10;10;3;2352;79;1;5;95;0.9105;0.9618;0.6695;60;0.0132;1.2419;0.0002;1.0012;1.53
2026-02-18T06:01:46.228460;mvtec_AD/wood;cont_0pct_none;0.0;none;10;10;0;0;79;2;5;95;0.9088;0.9620;0.6654;60;;;;;2.23
2026-02-18T06:01:56.399840;mvtec_AD/wood;cont_0pct_ensemble_loo_mahal;0.0;ensemble_loo_mahal;10;10;0;392;79;2;5;95;0.9009;0.9617;0.6607;60;-0.0079;;-0.0003;;3.89
2026-02-18T06:02:02.728557;mvtec_AD/wood;cont_0pct_oracle_patch;0.0;oracle_patch;10;10;0;0;79;2;5;95;0.9088;0.9620;0.6654;60;0.0000;;0.0000;;0.01
2026-02-18T06:02:11.186412;mvtec_AD/wood;cont_30pct_none;0.3;none;10;10;3;0;79;2;5;95;0.8158;0.9419;0.6789;60;-0.0930;;-0.0201;;2.19
2026-02-18T06:02:21.789088;mvtec_AD/wood;cont_30pct_ensemble_loo_mahal;0.3;ensemble_loo_mahal;10;10;3;392;79;2;5;95;0.8509;0.9631;0.7080;60;-0.0579;0.3774;0.0011;1.0545;4.35
2026-02-18T06:02:29.777296;mvtec_AD/wood;cont_30pct_oracle_patch;0.3;oracle_patch;10;10;3;2352;79;2;5;95;0.9140;0.9612;0.6583;60;0.0053;1.0566;-0.0008;0.9597;1.62
2026-02-18T06:02:38.487229;mvtec_AD/wood;cont_0pct_none;0.0;none;10;10;0;0;79;3;5;95;0.9079;0.9616;0.6631;60;;;;;2.23
2026-02-18T06:02:48.643587;mvtec_AD/wood;cont_0pct_ensemble_loo_mahal;0.0;ensemble_loo_mahal;10;10;0;392;79;3;5;95;0.9070;0.9614;0.6583;60;-0.0009;;-0.0002;;3.90
2026-02-18T06:02:55.054776;mvtec_AD/wood;cont_0pct_oracle_patch;0.0;oracle_patch;10;10;0;0;79;3;5;95;0.9079;0.9616;0.6631;60;0.0000;;0.0000;;0.01
2026-02-18T06:03:03.538365;mvtec_AD/wood;cont_30pct_none;0.3;none;10;10;3;0;79;3;5;95;0.7798;0.9382;0.6562;60;-0.1281;;-0.0234;;2.17
2026-02-18T06:03:13.856713;mvtec_AD/wood;cont_30pct_ensemble_loo_mahal;0.3;ensemble_loo_mahal;10;10;3;392;79;3;5;95;0.8491;0.9657;0.6962;60;-0.0588;0.5411;0.0041;1.1745;4.01
2026-02-18T06:03:21.872893;mvtec_AD/wood;cont_30pct_oracle_patch;0.3;oracle_patch;10;10;3;2352;79;3;5;95;0.9079;0.9619;0.6601;60;0.0000;1.0000;0.0003;1.0121;1.63
2026-02-18T06:03:30.569426;mvtec_AD/wood;cont_0pct_none;0.0;none;10;10;0;0;79;4;5;95;0.9053;0.9647;0.6815;60;;;;;2.38
2026-02-18T06:03:41.022520;mvtec_AD/wood;cont_0pct_ensemble_loo_mahal;0.0;ensemble_loo_mahal;10;10;0;392;79;4;5;95;0.9132;0.9642;0.6690;60;0.0079;;-0.0004;;4.22
2026-02-18T06:03:47.335747;mvtec_AD/wood;cont_0pct_oracle_patch;0.0;oracle_patch;10;10;0;0;79;4;5;95;0.9053;0.9647;0.6815;60;0.0000;;0.0000;;0.01
2026-02-18T06:03:56.030908;mvtec_AD/wood;cont_30pct_none;0.3;none;10;10;3;0;79;4;5;95;0.8158;0.8584;0.6473;60;-0.0895;;-0.1063;;2.36
2026-02-18T06:04:06.126789;mvtec_AD/wood;cont_30pct_ensemble_loo_mahal;0.3;ensemble_loo_mahal;10;10;3;392;79;4;5;95;0.8719;0.8880;0.6485;60;-0.0333;0.6275;-0.0767;0.2790;3.92
2026-02-18T06:04:14.018197;mvtec_AD/wood;cont_30pct_oracle_patch;0.3;oracle_patch;10;10;3;2352;79;4;5;95;0.9132;0.9637;0.6706;60;0.0079;1.0882;-0.0010;0.9908;1.59
2026-02-18T06:04:32.336102;mvtec_AD/zipper;cont_0pct_none;0.0;none;10;10;0;0;151;0;5;95;0.9898;0.9856;0.6983;119;;;;;4.23
2026-02-18T06:04:50.500001;mvtec_AD/zipper;cont_0pct_ensemble_loo_mahal;0.0;ensemble_loo_mahal;10;10;0;392;151;0;5;95;0.9898;0.9848;0.6920;119;0.0000;;-0.0008;;5.92
2026-02-18T06:05:02.659098;mvtec_AD/zipper;cont_0pct_oracle_patch;0.0;oracle_patch;10;10;0;0;151;0;5;95;0.9898;0.9856;0.6983;119;0.0000;;0.0000;;0.01
2026-02-18T06:05:19.006797;mvtec_AD/zipper;cont_30pct_none;0.3;none;10;10;3;0;151;0;5;95;0.9624;0.9806;0.6246;119;-0.0273;;-0.0050;;4.16
2026-02-18T06:05:37.078111;mvtec_AD/zipper;cont_30pct_ensemble_loo_mahal;0.3;ensemble_loo_mahal;10;10;3;392;151;0;5;95;0.9882;0.9855;0.6998;119;-0.0016;0.9423;-0.0001;0.9859;5.73
2026-02-18T06:05:52.161933;mvtec_AD/zipper;cont_30pct_oracle_patch;0.3;oracle_patch;10;10;3;2352;151;0;5;95;0.9903;0.9855;0.6978;119;0.0005;1.0192;-0.0000;0.9907;2.98
2026-02-18T06:06:09.499868;mvtec_AD/zipper;cont_0pct_none;0.0;none;10;10;0;0;151;1;5;95;0.9919;0.9850;0.6938;119;;;;;4.18
2026-02-18T06:06:27.734129;mvtec_AD/zipper;cont_0pct_ensemble_loo_mahal;0.0;ensemble_loo_mahal;10;10;0;392;151;1;5;95;0.9924;0.9843;0.6886;119;0.0005;;-0.0007;;5.83
2026-02-18T06:06:40.242124;mvtec_AD/zipper;cont_0pct_oracle_patch;0.0;oracle_patch;10;10;0;0;151;1;5;95;0.9919;0.9850;0.6938;119;0.0000;;0.0000;;0.01
2026-02-18T06:06:56.637521;mvtec_AD/zipper;cont_30pct_none;0.3;none;10;10;3;0;151;1;5;95;0.9659;0.9831;0.7154;119;-0.0260;;-0.0019;;4.12
2026-02-18T06:07:14.820957;mvtec_AD/zipper;cont_30pct_ensemble_loo_mahal;0.3;ensemble_loo_mahal;10;10;3;392;151;1;5;95;0.9900;0.9844;0.6931;119;-0.0018;0.9293;-0.0005;0.7189;5.74
2026-02-18T06:07:30.210910;mvtec_AD/zipper;cont_30pct_oracle_patch;0.3;oracle_patch;10;10;3;2352;151;1;5;95;0.9926;0.9847;0.6947;119;0.0008;1.0303;-0.0003;0.8645;2.92
2026-02-18T06:07:46.861732;mvtec_AD/zipper;cont_0pct_none;0.0;none;10;10;0;0;151;2;5;95;0.9842;0.9848;0.6840;119;;;;;4.20
2026-02-18T06:08:05.078145;mvtec_AD/zipper;cont_0pct_ensemble_loo_mahal;0.0;ensemble_loo_mahal;10;10;0;392;151;2;5;95;0.9840;0.9840;0.6791;119;-0.0003;;-0.0008;;5.78
2026-02-18T06:08:17.468687;mvtec_AD/zipper;cont_0pct_oracle_patch;0.0;oracle_patch;10;10;0;0;151;2;5;95;0.9842;0.9848;0.6840;119;0.0000;;0.0000;;0.01
2026-02-18T06:08:34.515896;mvtec_AD/zipper;cont_30pct_none;0.3;none;10;10;3;0;151;2;5;95;0.9617;0.9817;0.6331;119;-0.0226;;-0.0030;;4.37
2026-02-18T06:08:52.841769;mvtec_AD/zipper;cont_30pct_ensemble_loo_mahal;0.3;ensemble_loo_mahal;10;10;3;392;151;2;5;95;0.9842;0.9861;0.6946;119;0.0000;1.0000;0.0013;1.4409;5.83
2026-02-18T06:09:08.077200;mvtec_AD/zipper;cont_30pct_oracle_patch;0.3;oracle_patch;10;10;3;2352;151;2;5;95;0.9840;0.9848;0.6835;119;-0.0003;0.9884;-0.0000;0.9923;2.96
2026-02-18T06:09:24.875280;mvtec_AD/zipper;cont_0pct_none;0.0;none;10;10;0;0;151;3;5;95;0.9929;0.9855;0.6943;119;;;;;4.23
2026-02-18T06:09:43.165516;mvtec_AD/zipper;cont_0pct_ensemble_loo_mahal;0.0;ensemble_loo_mahal;10;10;0;392;151;3;5;95;0.9863;0.9849;0.6918;119;-0.0066;;-0.0006;;5.87
2026-02-18T06:09:55.659261;mvtec_AD/zipper;cont_0pct_oracle_patch;0.0;oracle_patch;10;10;0;0;151;3;5;95;0.9929;0.9855;0.6943;119;0.0000;;0.0000;;0.01
2026-02-18T06:10:12.440525;mvtec_AD/zipper;cont_30pct_none;0.3;none;10;10;3;0;151;3;5;95;0.9709;0.9840;0.6843;119;-0.0221;;-0.0015;;4.26
2026-02-18T06:10:30.757958;mvtec_AD/zipper;cont_30pct_ensemble_loo_mahal;0.3;ensemble_loo_mahal;10;10;3;392;151;3;5;95;0.9806;0.9848;0.6935;119;-0.0123;0.4405;-0.0007;0.5646;5.80
2026-02-18T06:10:46.065809;mvtec_AD/zipper;cont_30pct_oracle_patch;0.3;oracle_patch;10;10;3;2352;151;3;5;95;0.9921;0.9851;0.6934;119;-0.0008;0.9643;-0.0004;0.7309;3.05
2026-02-18T06:11:02.878933;mvtec_AD/zipper;cont_0pct_none;0.0;none;10;10;0;0;151;4;5;95;0.9887;0.9855;0.6940;119;;;;;4.30
2026-02-18T06:11:21.058674;mvtec_AD/zipper;cont_0pct_ensemble_loo_mahal;0.0;ensemble_loo_mahal;10;10;0;392;151;4;5;95;0.9858;0.9848;0.6897;119;-0.0029;;-0.0007;;5.80
2026-02-18T06:11:33.464710;mvtec_AD/zipper;cont_0pct_oracle_patch;0.0;oracle_patch;10;10;0;0;151;4;5;95;0.9887;0.9855;0.6940;119;0.0000;;0.0000;;0.01
2026-02-18T06:11:49.992537;mvtec_AD/zipper;cont_30pct_none;0.3;none;10;10;3;0;151;4;5;95;0.9567;0.9823;0.6736;119;-0.0320;;-0.0032;;4.12
2026-02-18T06:12:08.235021;mvtec_AD/zipper;cont_30pct_ensemble_loo_mahal;0.3;ensemble_loo_mahal;10;10;3;392;151;4;5;95;0.9832;0.9853;0.7033;119;-0.0055;0.8279;-0.0002;0.9412;5.74
2026-02-18T06:12:23.700237;mvtec_AD/zipper;cont_30pct_oracle_patch;0.3;oracle_patch;10;10;3;2352;151;4;5;95;0.9845;0.9851;0.6970;119;-0.0042;0.8689;-0.0003;0.8950;2.93
2026-02-18T06:12:49.945122;VisA/candle;cont_0pct_none;0.0;none;10;10;0;0;200;0;5;95;0.8974;0.9957;0.4183;100;;;;;5.31
2026-02-18T06:13:14.218859;VisA/candle;cont_0pct_ensemble_loo_mahal;0.0;ensemble_loo_mahal;10;10;0;392;200;0;5;95;0.9007;0.9950;0.4027;100;0.0033;;-0.0007;;7.05
2026-02-18T06:13:31.169411;VisA/candle;cont_0pct_oracle_patch;0.0;oracle_patch;10;10;0;0;200;0;5;95;0.8974;0.9957;0.4183;100;0.0000;;0.0000;;0.01
2026-02-18T06:13:53.759837;VisA/candle;cont_30pct_none;0.3;none;10;10;3;0;200;0;5;95;0.8309;0.9936;0.4605;100;-0.0665;;-0.0021;;5.61
2026-02-18T06:14:17.874205;VisA/candle;cont_30pct_ensemble_loo_mahal;0.3;ensemble_loo_mahal;10;10;3;392;200;0;5;95;0.8760;0.9951;0.4121;100;-0.0214;0.6782;-0.0006;0.7078;7.10
2026-02-18T06:14:38.991697;VisA/candle;cont_30pct_oracle_patch;0.3;oracle_patch;10;10;3;2352;200;0;5;95;0.8867;0.9956;0.4200;100;-0.0107;0.8391;-0.0001;0.9609;3.92
2026-02-18T06:15:01.584216;VisA/candle;cont_0pct_none;0.0;none;10;10;0;0;200;1;5;95;0.9119;0.9955;0.4138;100;;;;;5.59
2026-02-18T06:15:25.604017;VisA/candle;cont_0pct_ensemble_loo_mahal;0.0;ensemble_loo_mahal;10;10;0;392;200;1;5;95;0.9156;0.9947;0.3934;100;0.0037;;-0.0008;;7.05
2026-02-18T06:15:42.200051;VisA/candle;cont_0pct_oracle_patch;0.0;oracle_patch;10;10;0;0;200;1;5;95;0.9119;0.9955;0.4138;100;0.0000;;0.0000;;0.01
2026-02-18T06:16:04.158885;VisA/candle;cont_30pct_none;0.3;none;10;10;3;0;200;1;5;95;0.8513;0.9943;0.4425;100;-0.0606;;-0.0012;;5.53
2026-02-18T06:16:27.719128;VisA/candle;cont_30pct_ensemble_loo_mahal;0.3;ensemble_loo_mahal;10;10;3;392;200;1;5;95;0.8847;0.9950;0.4051;100;-0.0272;0.5512;-0.0005;0.5962;7.12
2026-02-18T06:16:48.488743;VisA/candle;cont_30pct_oracle_patch;0.3;oracle_patch;10;10;3;2352;200;1;5;95;0.9033;0.9953;0.4117;100;-0.0086;0.8581;-0.0002;0.8725;3.93
2026-02-18T06:17:10.605355;VisA/candle;cont_0pct_none;0.0;none;10;10;0;0;200;2;5;95;0.9110;0.9954;0.4212;100;;;;;5.53
2026-02-18T06:17:34.267074;VisA/candle;cont_0pct_ensemble_loo_mahal;0.0;ensemble_loo_mahal;10;10;0;392;200;2;5;95;0.9059;0.9949;0.3999;100;-0.0051;;-0.0005;;7.12
2026-02-18T06:17:50.900846;VisA/candle;cont_0pct_oracle_patch;0.0;oracle_patch;10;10;0;0;200;2;5;95;0.9110;0.9954;0.4212;100;0.0000;;0.0000;;0.01
2026-02-18T06:18:12.922701;VisA/candle;cont_30pct_none;0.3;none;10;10;3;0;200;2;5;95;0.8592;0.9950;0.4228;100;-0.0518;;-0.0005;;5.56
2026-02-18T06:18:36.830746;VisA/candle;cont_30pct_ensemble_loo_mahal;0.3;ensemble_loo_mahal;10;10;3;392;200;2;5;95;0.8926;0.9950;0.4012;100;-0.0184;0.6448;-0.0005;-0.0027;7.40
2026-02-18T06:18:57.278607;VisA/candle;cont_30pct_oracle_patch;0.3;oracle_patch;10;10;3;2352;200;2;5;95;0.9062;0.9951;0.4115;100;-0.0048;0.9073;-0.0003;0.3830;3.87
2026-02-18T06:19:19.681683;VisA/candle;cont_0pct_none;0.0;none;10;10;0;0;200;3;5;95;0.9114;0.9957;0.4173;100;;;;;5.59
2026-02-18T06:19:43.597852;VisA/candle;cont_0pct_ensemble_loo_mahal;0.0;ensemble_loo_mahal;10;10;0;392;200;3;5;95;0.9065;0.9951;0.4003;100;-0.0049;;-0.0006;;7.31
2026-02-18T06:20:00.293379;VisA/candle;cont_0pct_oracle_patch;0.0;oracle_patch;10;10;0;0;200;3;5;95;0.9114;0.9957;0.4173;100;0.0000;;0.0000;;0.01
2026-02-18T06:20:22.816518;VisA/candle;cont_30pct_none;0.3;none;10;10;3;0;200;3;5;95;0.8655;0.9907;0.3087;100;-0.0459;;-0.0050;;5.49
2026-02-18T06:20:52.607192;VisA/candle;cont_30pct_ensemble_loo_mahal;0.3;ensemble_loo_mahal;10;10;3;392;200;3;5;95;0.8840;0.9950;0.3985;100;-0.0274;0.4031;-0.0007;0.8647;7.39
2026-02-18T06:21:37.826078;VisA/candle;cont_30pct_oracle_patch;0.3;oracle_patch;10;10;3;2352;200;3;5;95;0.9091;0.9954;0.4180;100;-0.0023;0.9499;-0.0003;0.9451;17.27
2026-02-18T06:22:29.313793;VisA/candle;cont_0pct_none;0.0;none;10;10;0;0;200;4;5;95;0.8906;0.9955;0.4313;100;;;;;24.49
2026-02-18T06:23:49.038636;VisA/candle;cont_0pct_ensemble_loo_mahal;0.0;ensemble_loo_mahal;10;10;0;392;200;4;5;95;0.8929;0.9945;0.3918;100;0.0023;;-0.0009;;52.95
2026-02-18T06:24:15.684586;VisA/candle;cont_0pct_oracle_patch;0.0;oracle_patch;10;10;0;0;200;4;5;95;0.8906;0.9955;0.4313;100;0.0000;;0.0000;;0.01
2026-02-18T06:25:11.207531;VisA/candle;cont_30pct_none;0.3;none;10;10;3;0;200;4;5;95;0.8350;0.9945;0.4253;100;-0.0556;;-0.0010;;25.52
2026-02-18T06:26:18.156734;VisA/candle;cont_30pct_ensemble_loo_mahal;0.3;ensemble_loo_mahal;10;10;3;392;200;4;5;95;0.8768;0.9946;0.4072;100;-0.0138;0.7518;-0.0008;0.1631;46.29
2026-02-18T06:26:39.954492;VisA/candle;cont_30pct_oracle_patch;0.3;oracle_patch;10;10;3;2352;200;4;5;95;0.8812;0.9952;0.4138;100;-0.0094;0.8309;-0.0002;0.7925;4.34
2026-02-18T06:27:01.201293;VisA/capsules;cont_0pct_none;0.0;none;10;10;0;0;160;0;5;95;0.8747;0.9948;0.6228;100;;;;;4.84
2026-02-18T06:27:21.929846;VisA/capsules;cont_0pct_ensemble_loo_mahal;0.0;ensemble_loo_mahal;10;10;0;392;160;0;5;95;0.8872;0.9939;0.5652;100;0.0125;;-0.0010;;6.76
2026-02-18T06:27:35.956505;VisA/capsules;cont_0pct_oracle_patch;0.0;oracle_patch;10;10;0;0;160;0;5;95;0.8747;0.9948;0.6228;100;0.0000;;0.0000;;0.01
2026-02-18T06:27:55.268239;VisA/capsules;cont_30pct_none;0.3;none;10;10;3;0;160;0;5;95;0.8098;0.9863;0.5280;100;-0.0648;;-0.0085;;5.29
2026-02-18T06:28:16.627069;VisA/capsules;cont_30pct_ensemble_loo_mahal;0.3;ensemble_loo_mahal;10;10;3;392;160;0;5;95;0.8317;0.9935;0.5742;100;-0.0430;0.3368;-0.0014;0.8409;6.97
2026-02-18T06:28:34.460267;VisA/capsules;cont_30pct_oracle_patch;0.3;oracle_patch;10;10;3;2352;160;0;5;95;0.8588;0.9945;0.6122;100;-0.0158;0.7558;-0.0004;0.9557;3.77
2026-02-18T06:28:54.287396;VisA/capsules;cont_0pct_none;0.0;none;10;10;0;0;160;1;5;95;0.8930;0.9945;0.6171;100;;;;;5.44
2026-02-18T06:29:15.858945;VisA/capsules;cont_0pct_ensemble_loo_mahal;0.0;ensemble_loo_mahal;10;10;0;392;160;1;5;95;0.8963;0.9937;0.5845;100;0.0033;;-0.0008;;7.20
2026-02-18T06:29:30.177910;VisA/capsules;cont_0pct_oracle_patch;0.0;oracle_patch;10;10;0;0;160;1;5;95;0.8930;0.9945;0.6171;100;0.0000;;0.0000;;0.01
2026-02-18T06:29:50.230391;VisA/capsules;cont_30pct_none;0.3;none;10;10;3;0;160;1;5;95;0.8635;0.9873;0.5967;100;-0.0295;;-0.0072;;5.52
2026-02-18T06:30:12.333509;VisA/capsules;cont_30pct_ensemble_loo_mahal;0.3;ensemble_loo_mahal;10;10;3;392;160;1;5;95;0.8815;0.9926;0.5807;100;-0.0115;0.6102;-0.0019;0.7335;7.63
2026-02-18T06:30:30.597817;VisA/capsules;cont_30pct_oracle_patch;0.3;oracle_patch;10;10;3;2352;160;1;5;95;0.9148;0.9942;0.6060;100;0.0218;1.7401;-0.0004;0.9497;3.88
2026-02-18T06:30:50.707996;VisA/capsules;cont_0pct_none;0.0;none;10;10;0;0;160;2;5;95;0.8218;0.9935;0.5952;100;;;;;5.65
2026-02-18T06:31:12.733891;VisA/capsules;cont_0pct_ensemble_loo_mahal;0.0;ensemble_loo_mahal;10;10;0;392;160;2;5;95;0.7910;0.9928;0.5655;100;-0.0308;;-0.0008;;7.34
2026-02-18T06:31:27.196891;VisA/capsules;cont_0pct_oracle_patch;0.0;oracle_patch;10;10;0;0;160;2;5;95;0.8218;0.9935;0.5952;100;0.0000;;0.0000;;0.01
2026-02-18T06:31:47.286884;VisA/capsules;cont_30pct_none;0.3;none;10;10;3;0;160;2;5;95;0.7563;0.9898;0.5992;100;-0.0655;;-0.0037;;5.50
2026-02-18T06:32:09.688554;VisA/capsules;cont_30pct_ensemble_loo_mahal;0.3;ensemble_loo_mahal;10;10;3;392;160;2;5;95;0.7630;0.9921;0.5582;100;-0.0588;0.1018;-0.0015;0.6030;7.81
2026-02-18T06:32:27.994024;VisA/capsules;cont_30pct_oracle_patch;0.3;oracle_patch;10;10;3;2352;160;2;5;95;0.8160;0.9926;0.5861;100;-0.0058;0.9109;-0.0009;0.7581;3.95
2026-02-18T06:32:48.056930;VisA/capsules;cont_0pct_none;0.0;none;10;10;0;0;160;3;5;95;0.8883;0.9947;0.6200;100;;;;;5.58
2026-02-18T06:33:09.852593;VisA/capsules;cont_0pct_ensemble_loo_mahal;0.0;ensemble_loo_mahal;10;10;0;392;160;3;5;95;0.8898;0.9940;0.5684;100;0.0015;;-0.0006;;7.32
2026-02-18T06:33:24.541078;VisA/capsules;cont_0pct_oracle_patch;0.0;oracle_patch;10;10;0;0;160;3;5;95;0.8883;0.9947;0.6200;100;0.0000;;0.0000;;0.01
2026-02-18T06:33:44.694765;VisA/capsules;cont_30pct_none;0.3;none;10;10;3;0;160;3;5;95;0.8192;0.9816;0.6245;100;-0.0692;;-0.0131;;5.76
2026-02-18T06:34:07.337388;VisA/capsules;cont_30pct_ensemble_loo_mahal;0.3;ensemble_loo_mahal;10;10;3;392;160;3;5;95;0.8300;0.9912;0.5902;100;-0.0583;0.1566;-0.0035;0.7343;7.98
2026-02-18T06:34:25.790085;VisA/capsules;cont_30pct_oracle_patch;0.3;oracle_patch;10;10;3;2352;160;3;5;95;0.8975;0.9945;0.6140;100;0.0092;1.1325;-0.0002;0.9885;3.96
2026-02-18T06:34:46.561285;VisA/capsules;cont_0pct_none;0.0;none;10;10;0;0;160;4;5;95;0.8230;0.9944;0.6323;100;;;;;5.79
2026-02-18T06:35:08.775389;VisA/capsules;cont_0pct_ensemble_loo_mahal;0.0;ensemble_loo_mahal;10;10;0;392;160;4;5;95;0.8273;0.9934;0.5659;100;0.0043;;-0.0010;;7.63
2026-02-18T06:35:23.582038;VisA/capsules;cont_0pct_oracle_patch;0.0;oracle_patch;10;10;0;0;160;4;5;95;0.8230;0.9944;0.6323;100;0.0000;;0.0000;;0.01
2026-02-18T06:35:43.745978;VisA/capsules;cont_30pct_none;0.3;none;10;10;3;0;160;4;5;95;0.7658;0.9935;0.6312;100;-0.0572;;-0.0010;;5.73
2026-02-18T06:36:06.392878;VisA/capsules;cont_30pct_ensemble_loo_mahal;0.3;ensemble_loo_mahal;10;10;3;392;160;4;5;95;0.7943;0.9934;0.5820;100;-0.0287;0.4985;-0.0011;-0.1018;7.86
2026-02-18T06:36:24.733146;VisA/capsules;cont_30pct_oracle_patch;0.3;oracle_patch;10;10;3;2352;160;4;5;95;0.8082;0.9933;0.6033;100;-0.0148;0.7405;-0.0012;-0.2126;3.99
2026-02-18T06:36:47.103567;VisA/cashew;cont_0pct_none;0.0;none;10;10;0;0;150;0;5;95;0.9280;0.9923;0.5851;100;;;;;5.25
2026-02-18T06:37:08.581678;VisA/cashew;cont_0pct_ensemble_loo_mahal;0.0;ensemble_loo_mahal;10;10;0;392;150;0;5;95;0.9230;0.9912;0.5460;100;-0.0050;;-0.0011;;7.14
2026-02-18T06:37:23.160611;VisA/cashew;cont_0pct_oracle_patch;0.0;oracle_patch;10;10;0;0;150;0;5;95;0.9280;0.9923;0.5851;100;0.0000;;0.0000;;0.01
2026-02-18T06:37:42.981914;VisA/cashew;cont_30pct_none;0.3;none;10;10;3;0;150;0;5;95;0.8582;0.9924;0.6198;100;-0.0698;;0.0001;;5.34
2026-02-18T06:38:04.699346;VisA/cashew;cont_30pct_ensemble_loo_mahal;0.3;ensemble_loo_mahal;10;10;3;392;150;0;5;95;0.8600;0.9908;0.5414;100;-0.0680;0.0258;-0.0015;13.8356;7.49
2026-02-18T06:38:22.548407;VisA/cashew;cont_30pct_oracle_patch;0.3;oracle_patch;10;10;3;2352;150;0;5;95;0.9054;0.9915;0.5702;100;-0.0226;0.6762;-0.0008;7.7861;3.70
2026-02-18T06:38:42.239347;VisA/cashew;cont_0pct_none;0.0;none;10;10;0;0;150;1;5;95;0.9140;0.9919;0.5855;100;;;;;5.55
2026-02-18T06:39:03.498661;VisA/cashew;cont_0pct_ensemble_loo_mahal;0.0;ensemble_loo_mahal;10;10;0;392;150;1;5;95;0.9100;0.9902;0.5382;100;-0.0040;;-0.0018;;7.09
2026-02-18T06:39:17.792604;VisA/cashew;cont_0pct_oracle_patch;0.0;oracle_patch;10;10;0;0;150;1;5;95;0.9140;0.9919;0.5855;100;0.0000;;0.0000;;0.01
2026-02-18T06:39:37.355913;VisA/cashew;cont_30pct_none;0.3;none;10;10;3;0;150;1;5;95;0.8720;0.9723;0.4929;100;-0.0420;;-0.0197;;5.32
2026-02-18T06:39:59.104895;VisA/cashew;cont_30pct_ensemble_loo_mahal;0.3;ensemble_loo_mahal;10;10;3;392;150;1;5;95;0.8814;0.9860;0.5339;100;-0.0326;0.2238;-0.0059;0.7004;7.47
2026-02-18T06:40:16.912688;VisA/cashew;cont_30pct_oracle_patch;0.3;oracle_patch;10;10;3;2352;150;1;5;95;0.9094;0.9912;0.5733;100;-0.0046;0.8905;-0.0007;0.9643;3.72
2026-02-18T06:40:36.373031;VisA/cashew;cont_0pct_none;0.0;none;10;10;0;0;150;2;5;95;0.9247;0.9926;0.5923;100;;;;;5.26
2026-02-18T06:40:57.927350;VisA/cashew;cont_0pct_ensemble_loo_mahal;0.0;ensemble_loo_mahal;10;10;0;392;150;2;5;95;0.9180;0.9912;0.5458;100;-0.0067;;-0.0014;;7.32
2026-02-18T06:41:13.334561;VisA/cashew;cont_0pct_oracle_patch;0.0;oracle_patch;10;10;0;0;150;2;5;95;0.9247;0.9926;0.5923;100;0.0000;;0.0000;;0.01
2026-02-18T06:41:33.488212;VisA/cashew;cont_30pct_none;0.3;none;10;10;3;0;150;2;5;95;0.8800;0.9924;0.6125;100;-0.0447;;-0.0002;;5.45
2026-02-18T06:41:55.134890;VisA/cashew;cont_30pct_ensemble_loo_mahal;0.3;ensemble_loo_mahal;10;10;3;392;150;2;5;95;0.8962;0.9908;0.5400;100;-0.0285;0.3624;-0.0018;-8.2453;7.27
2026-02-18T06:42:13.451420;VisA/cashew;cont_30pct_oracle_patch;0.3;oracle_patch;10;10;3;2352;150;2;5;95;0.9212;0.9918;0.5779;100;-0.0035;0.9217;-0.0008;-3.1551;3.77
2026-02-18T06:42:33.180213;VisA/cashew;cont_0pct_none;0.0;none;10;10;0;0;150;3;5;95;0.9230;0.9922;0.5819;100;;;;;5.45
2026-02-18T06:42:54.926642;VisA/cashew;cont_0pct_ensemble_loo_mahal;0.0;ensemble_loo_mahal;10;10;0;392;150;3;5;95;0.9082;0.9904;0.5289;100;-0.0148;;-0.0018;;7.33
2026-02-18T06:43:09.224150;VisA/cashew;cont_0pct_oracle_patch;0.0;oracle_patch;10;10;0;0;150;3;5;95;0.9230;0.9922;0.5819;100;0.0000;;0.0000;;0.01
2026-02-18T06:43:28.894052;VisA/cashew;cont_30pct_none;0.3;none;10;10;3;0;150;3;5;95;0.8620;0.9925;0.6285;100;-0.0610;;0.0003;;5.37
2026-02-18T06:43:53.743131;VisA/cashew;cont_30pct_ensemble_loo_mahal;0.3;ensemble_loo_mahal;10;10;3;392;150;3;5;95;0.8558;0.9901;0.5233;100;-0.0672;-0.1016;-0.0021;7.8176;7.14
2026-02-18T06:44:18.505745;VisA/cashew;cont_30pct_oracle_patch;0.3;oracle_patch;10;10;3;2352;150;3;5;95;0.9064;0.9919;0.5790;100;-0.0166;0.7279;-0.0003;1.9443;4.15
2026-02-18T06:44:44.814179;VisA/cashew;cont_0pct_none;0.0;none;10;10;0;0;150;4;5;95;0.9308;0.9928;0.5960;100;;;;;6.48
2026-02-18T06:45:12.997916;VisA/cashew;cont_0pct_ensemble_loo_mahal;0.0;ensemble_loo_mahal;10;10;0;392;150;4;5;95;0.9210;0.9912;0.5453;100;-0.0098;;-0.0016;;8.08
2026-02-18T06:45:33.351631;VisA/cashew;cont_0pct_oracle_patch;0.0;oracle_patch;10;10;0;0;150;4;5;95;0.9308;0.9928;0.5960;100;0.0000;;0.0000;;0.01
2026-02-18T06:45:58.029008;VisA/cashew;cont_30pct_none;0.3;none;10;10;3;0;150;4;5;95;0.8696;0.9928;0.6129;100;-0.0612;;0.0000;;5.49
2026-02-18T06:46:27.126676;VisA/cashew;cont_30pct_ensemble_loo_mahal;0.3;ensemble_loo_mahal;10;10;3;392;150;4;5;95;0.8638;0.9911;0.5468;100;-0.0670;-0.0948;-0.0016;59.6809;8.81
2026-02-18T06:46:50.490998;VisA/cashew;cont_30pct_oracle_patch;0.3;oracle_patch;10;10;3;2352;150;4;5;95;0.9148;0.9922;0.5850;100;-0.0160;0.7386;-0.0006;21.2995;3.98
2026-02-18T06:47:19.169189;VisA/chewinggum;cont_0pct_none;0.0;none;10;10;0;0;150;0;5;95;0.9526;0.9958;0.6451;100;;;;;6.08
2026-02-18T06:47:46.617557;VisA/chewinggum;cont_0pct_ensemble_loo_mahal;0.0;ensemble_loo_mahal;10;10;0;392;150;0;5;95;0.9572;0.9958;0.6380;100;0.0046;;-0.0001;;8.31
2026-02-18T06:48:06.265047;VisA/chewinggum;cont_0pct_oracle_patch;0.0;oracle_patch;10;10;0;0;150;0;5;95;0.9526;0.9958;0.6451;100;0.0000;;0.0000;;0.01
2026-02-18T06:48:32.386923;VisA/chewinggum;cont_30pct_none;0.3;none;10;10;3;0;150;0;5;95;0.9116;0.9928;0.4946;100;-0.0410;;-0.0030;;6.34
2026-02-18T06:49:01.517392;VisA/chewinggum;cont_30pct_ensemble_loo_mahal;0.3;ensemble_loo_mahal;10;10;3;392;150;0;5;95;0.9420;0.9954;0.6518;100;-0.0106;0.7415;-0.0004;0.8675;8.44
2026-02-18T06:49:26.933727;VisA/chewinggum;cont_30pct_oracle_patch;0.3;oracle_patch;10;10;3;2352;150;0;5;95;0.9552;0.9960;0.6418;100;0.0026;1.0634;0.0002;1.0637;4.62
2026-02-18T06:49:53.519147;VisA/chewinggum;cont_0pct_none;0.0;none;10;10;0;0;150;1;5;95;0.9570;0.9961;0.6402;100;;;;;5.73
2026-02-18T06:50:23.287411;VisA/chewinggum;cont_0pct_ensemble_loo_mahal;0.0;ensemble_loo_mahal;10;10;0;392;150;1;5;95;0.9516;0.9962;0.6689;100;-0.0054;;0.0001;;8.58
2026-02-18T06:50:43.374467;VisA/chewinggum;cont_0pct_oracle_patch;0.0;oracle_patch;10;10;0;0;150;1;5;95;0.9570;0.9961;0.6402;100;0.0000;;0.0000;;0.01
2026-02-18T06:51:10.385063;VisA/chewinggum;cont_30pct_none;0.3;none;10;10;3;0;150;1;5;95;0.9170;0.9935;0.4963;100;-0.0400;;-0.0026;;6.24
2026-02-18T06:51:39.478696;VisA/chewinggum;cont_30pct_ensemble_loo_mahal;0.3;ensemble_loo_mahal;10;10;3;392;150;1;5;95;0.9368;0.9965;0.6711;100;-0.0202;0.4950;0.0004;1.1610;8.70
2026-02-18T06:52:04.108113;VisA/chewinggum;cont_30pct_oracle_patch;0.3;oracle_patch;10;10;3;2352;150;1;5;95;0.9546;0.9962;0.6317;100;-0.0024;0.9400;0.0001;1.0416;4.69
2026-02-18T06:52:29.651032;VisA/chewinggum;cont_0pct_none;0.0;none;10;10;0;0;150;2;5;95;0.9524;0.9963;0.6854;100;;;;;5.92
2026-02-18T06:52:59.383078;VisA/chewinggum;cont_0pct_ensemble_loo_mahal;0.0;ensemble_loo_mahal;10;10;0;392;150;2;5;95;0.9514;0.9962;0.6745;100;-0.0010;;-0.0001;;8.96
2026-02-18T06:53:19.295217;VisA/chewinggum;cont_0pct_oracle_patch;0.0;oracle_patch;10;10;0;0;150;2;5;95;0.9524;0.9963;0.6854;100;0.0000;;0.0000;;0.01
2026-02-18T06:53:44.803820;VisA/chewinggum;cont_30pct_none;0.3;none;10;10;3;0;150;2;5;95;0.9204;0.9934;0.4815;100;-0.0320;;-0.0029;;5.62
2026-02-18T06:54:14.143338;VisA/chewinggum;cont_30pct_ensemble_loo_mahal;0.3;ensemble_loo_mahal;10;10;3;392;150;2;5;95;0.9500;0.9963;0.6917;100;-0.0024;0.9250;-0.0001;0.9813;8.93
2026-02-18T06:54:38.893545;VisA/chewinggum;cont_30pct_oracle_patch;0.3;oracle_patch;10;10;3;2352;150;2;5;95;0.9548;0.9963;0.6745;100;0.0024;1.0750;-0.0000;0.9994;4.60
2026-02-18T06:55:04.560415;VisA/chewinggum;cont_0pct_none;0.0;none;10;10;0;0;150;3;5;95;0.9590;0.9959;0.6671;100;;;;;5.80
2026-02-18T06:55:33.971486;VisA/chewinggum;cont_0pct_ensemble_loo_mahal;0.0;ensemble_loo_mahal;10;10;0;392;150;3;5;95;0.9556;0.9958;0.6686;100;-0.0034;;-0.0001;;9.49
2026-02-18T06:55:54.135871;VisA/chewinggum;cont_0pct_oracle_patch;0.0;oracle_patch;10;10;0;0;150;3;5;95;0.9590;0.9959;0.6671;100;0.0000;;0.0000;;0.01
2026-02-18T06:56:19.894537;VisA/chewinggum;cont_30pct_none;0.3;none;10;10;3;0;150;3;5;95;0.9216;0.9917;0.4730;100;-0.0374;;-0.0042;;5.53
2026-02-18T06:56:48.568561;VisA/chewinggum;cont_30pct_ensemble_loo_mahal;0.3;ensemble_loo_mahal;10;10;3;392;150;3;5;95;0.9434;0.9962;0.6866;100;-0.0156;0.5829;0.0003;1.0696;9.09
2026-02-18T06:57:12.077163;VisA/chewinggum;cont_30pct_oracle_patch;0.3;oracle_patch;10;10;3;2352;150;3;5;95;0.9610;0.9961;0.6684;100;0.0020;1.0535;0.0002;1.0499;3.78
2026-02-18T06:57:38.362086;VisA/chewinggum;cont_0pct_none;0.0;none;10;10;0;0;150;4;5;95;0.9562;0.9961;0.6766;100;;;;;5.80
2026-02-18T06:58:07.147202;VisA/chewinggum;cont_0pct_ensemble_loo_mahal;0.0;ensemble_loo_mahal;10;10;0;392;150;4;5;95;0.9532;0.9960;0.6617;100;-0.0030;;-0.0001;;8.96
2026-02-18T06:58:26.899808;VisA/chewinggum;cont_0pct_oracle_patch;0.0;oracle_patch;10;10;0;0;150;4;5;95;0.9562;0.9961;0.6766;100;0.0000;;0.0000;;0.01
2026-02-18T06:58:52.288904;VisA/chewinggum;cont_30pct_none;0.3;none;10;10;3;0;150;4;5;95;0.9138;0.9917;0.4743;100;-0.0424;;-0.0044;;6.16
2026-02-18T06:59:19.724644;VisA/chewinggum;cont_30pct_ensemble_loo_mahal;0.3;ensemble_loo_mahal;10;10;3;392;150;4;5;95;0.9390;0.9964;0.7140;100;-0.0172;0.5943;0.0003;1.0713;8.09
2026-02-18T06:59:44.621420;VisA/chewinggum;cont_30pct_oracle_patch;0.3;oracle_patch;10;10;3;2352;150;4;5;95;0.9556;0.9963;0.6875;100;-0.0006;0.9858;0.0002;1.0399;4.61
2026-02-18T07:00:12.501921;VisA/fryum;cont_0pct_none;0.0;none;10;10;0;0;150;0;5;95;0.8500;0.9718;0.4313;100;;;;;5.88
2026-02-18T07:00:39.761461;VisA/fryum;cont_0pct_ensemble_loo_mahal;0.0;ensemble_loo_mahal;10;10;0;392;150;0;5;95;0.8326;0.9687;0.4014;100;-0.0174;;-0.0031;;8.17
2026-02-18T07:00:58.540435;VisA/fryum;cont_0pct_oracle_patch;0.0;oracle_patch;10;10;0;0;150;0;5;95;0.8500;0.9718;0.4313;100;0.0000;;0.0000;;0.01
2026-02-18T07:01:23.134527;VisA/fryum;cont_30pct_none;0.3;none;10;10;3;0;150;0;5;95;0.7660;0.9635;0.4077;100;-0.0840;;-0.0083;;5.89
2026-02-18T07:01:51.348500;VisA/fryum;cont_30pct_ensemble_loo_mahal;0.3;ensemble_loo_mahal;10;10;3;392;150;0;5;95;0.7712;0.9641;0.3862;100;-0.0788;0.0619;-0.0077;0.0666;8.98
2026-02-18T07:02:15.089478;VisA/fryum;cont_30pct_oracle_patch;0.3;oracle_patch;10;10;3;2352;150;0;5;95;0.8214;0.9695;0.4174;100;-0.0286;0.6595;-0.0023;0.7249;4.08
2026-02-18T07:02:40.013358;VisA/fryum;cont_0pct_none;0.0;none;10;10;0;0;150;1;5;95;0.8646;0.9739;0.4399;100;;;;;5.28
2026-02-18T07:03:08.076707;VisA/fryum;cont_0pct_ensemble_loo_mahal;0.0;ensemble_loo_mahal;10;10;0;392;150;1;5;95;0.8560;0.9705;0.4055;100;-0.0086;;-0.0034;;8.44
2026-02-18T07:03:27.408945;VisA/fryum;cont_0pct_oracle_patch;0.0;oracle_patch;10;10;0;0;150;1;5;95;0.8646;0.9739;0.4399;100;0.0000;;0.0000;;0.01
2026-02-18T07:03:53.649678;VisA/fryum;cont_30pct_none;0.3;none;10;10;3;0;150;1;5;95;0.8328;0.9688;0.4337;100;-0.0318;;-0.0051;;6.10
2026-02-18T07:04:21.929140;VisA/fryum;cont_30pct_ensemble_loo_mahal;0.3;ensemble_loo_mahal;10;10;3;392;150;1;5;95;0.8330;0.9698;0.4105;100;-0.0316;0.0063;-0.0041;0.1924;8.49
2026-02-18T07:04:45.491847;VisA/fryum;cont_30pct_oracle_patch;0.3;oracle_patch;10;10;3;2352;150;1;5;95;0.8602;0.9726;0.4341;100;-0.0044;0.8616;-0.0013;0.7497;4.12
2026-02-18T07:05:10.435558;VisA/fryum;cont_0pct_none;0.0;none;10;10;0;0;150;2;5;95;0.8574;0.9730;0.4396;100;;;;;6.07
2026-02-18T07:05:37.243907;VisA/fryum;cont_0pct_ensemble_loo_mahal;0.0;ensemble_loo_mahal;10;10;0;392;150;2;5;95;0.8566;0.9693;0.3997;100;-0.0008;;-0.0037;;8.32
2026-02-18T07:05:55.890938;VisA/fryum;cont_0pct_oracle_patch;0.0;oracle_patch;10;10;0;0;150;2;5;95;0.8574;0.9730;0.4396;100;0.0000;;0.0000;;0.01
2026-02-18T07:06:19.256983;VisA/fryum;cont_30pct_none;0.3;none;10;10;3;0;150;2;5;95;0.7962;0.9660;0.4120;100;-0.0612;;-0.0070;;5.71
2026-02-18T07:06:45.886148;VisA/fryum;cont_30pct_ensemble_loo_mahal;0.3;ensemble_loo_mahal;10;10;3;392;150;2;5;95;0.8236;0.9665;0.3972;100;-0.0338;0.4477;-0.0065;0.0787;8.34
2026-02-18T07:07:07.886747;VisA/fryum;cont_30pct_oracle_patch;0.3;oracle_patch;10;10;3;2352;150;2;5;95;0.8324;0.9717;0.4309;100;-0.0250;0.5915;-0.0013;0.8102;3.62
2026-02-18T07:07:32.364184;VisA/fryum;cont_0pct_none;0.0;none;10;10;0;0;150;3;5;95;0.8912;0.9733;0.4373;100;;;;;5.73
2026-02-18T07:07:59.519222;VisA/fryum;cont_0pct_ensemble_loo_mahal;0.0;ensemble_loo_mahal;10;10;0;392;150;3;5;95;0.8710;0.9705;0.4068;100;-0.0202;;-0.0028;;9.10
2026-02-18T07:08:17.558978;VisA/fryum;cont_0pct_oracle_patch;0.0;oracle_patch;10;10;0;0;150;3;5;95;0.8912;0.9733;0.4373;100;0.0000;;0.0000;;0.01
2026-02-18T07:08:41.559089;VisA/fryum;cont_30pct_none;0.3;none;10;10;3;0;150;3;5;95;0.8188;0.9730;0.4493;100;-0.0724;;-0.0003;;5.71
2026-02-18T07:09:08.446027;VisA/fryum;cont_30pct_ensemble_loo_mahal;0.3;ensemble_loo_mahal;10;10;3;392;150;3;5;95;0.8456;0.9703;0.4085;100;-0.0456;0.3702;-0.0030;-9.9192;8.29
2026-02-18T07:09:31.243664;VisA/fryum;cont_30pct_oracle_patch;0.3;oracle_patch;10;10;3;2352;150;3;5;95;0.8772;0.9726;0.4345;100;-0.0140;0.8066;-0.0008;-1.7059;3.90
2026-02-18T07:09:56.191366;VisA/fryum;cont_0pct_none;0.0;none;10;10;0;0;150;4;5;95;0.8782;0.9735;0.4369;100;;;;;5.76
2026-02-18T07:10:24.640147;VisA/fryum;cont_0pct_ensemble_loo_mahal;0.0;ensemble_loo_mahal;10;10;0;392;150;4;5;95;0.8686;0.9699;0.4034;100;-0.0096;;-0.0036;;8.35
2026-02-18T07:10:43.953406;VisA/fryum;cont_0pct_oracle_patch;0.0;oracle_patch;10;10;0;0;150;4;5;95;0.8782;0.9735;0.4369;100;0.0000;;0.0000;;0.01
2026-02-18T07:11:09.347822;VisA/fryum;cont_30pct_none;0.3;none;10;10;3;0;150;4;5;95;0.8448;0.9691;0.4329;100;-0.0334;;-0.0044;;5.66
2026-02-18T07:11:36.932697;VisA/fryum;cont_30pct_ensemble_loo_mahal;0.3;ensemble_loo_mahal;10;10;3;392;150;4;5;95;0.8606;0.9700;0.4153;100;-0.0176;0.4731;-0.0034;0.2153;8.75
2026-02-18T07:11:59.839345;VisA/fryum;cont_30pct_oracle_patch;0.3;oracle_patch;10;10;3;2352;150;4;5;95;0.8760;0.9732;0.4329;100;-0.0022;0.9341;-0.0003;0.9301;4.15
2026-02-18T07:12:38.792719;VisA/macaroni1;cont_0pct_none;0.0;none;10;10;0;0;200;0;5;95;0.7515;0.9954;0.1577;100;;;;;7.72
2026-02-18T07:13:15.784450;VisA/macaroni1;cont_0pct_ensemble_loo_mahal;0.0;ensemble_loo_mahal;10;10;0;392;200;0;5;95;0.7407;0.9945;0.1344;100;-0.0108;;-0.0009;;10.75
2026-02-18T07:13:41.646281;VisA/macaroni1;cont_0pct_oracle_patch;0.0;oracle_patch;10;10;0;0;200;0;5;95;0.7515;0.9954;0.1577;100;0.0000;;0.0000;;0.01
2026-02-18T07:14:15.840053;VisA/macaroni1;cont_30pct_none;0.3;none;10;10;3;0;200;0;5;95;0.6843;0.9952;0.1724;100;-0.0672;;-0.0003;;7.79
2026-02-18T07:14:53.074004;VisA/macaroni1;cont_30pct_ensemble_loo_mahal;0.3;ensemble_loo_mahal;10;10;3;392;200;0;5;95;0.7108;0.9950;0.1375;100;-0.0407;0.3943;-0.0005;-0.6503;10.09
2026-02-18T07:15:25.500424;VisA/macaroni1;cont_30pct_oracle_patch;0.3;oracle_patch;10;10;3;2352;200;0;5;95;0.7403;0.9952;0.1551;100;-0.0112;0.8333;-0.0003;0.0371;5.60
2026-02-18T07:16:00.130403;VisA/macaroni1;cont_0pct_none;0.0;none;10;10;0;0;200;1;5;95;0.7034;0.9956;0.1615;100;;;;;8.02
2026-02-18T07:16:37.050295;VisA/macaroni1;cont_0pct_ensemble_loo_mahal;0.0;ensemble_loo_mahal;10;10;0;392;200;1;5;95;0.7097;0.9951;0.1609;100;0.0063;;-0.0005;;10.28
2026-02-18T07:17:02.759634;VisA/macaroni1;cont_0pct_oracle_patch;0.0;oracle_patch;10;10;0;0;200;1;5;95;0.7034;0.9956;0.1615;100;0.0000;;0.0000;;0.01
2026-02-18T07:17:37.235371;VisA/macaroni1;cont_30pct_none;0.3;none;10;10;3;0;200;1;5;95;0.6464;0.9943;0.1639;100;-0.0570;;-0.0014;;7.94
2026-02-18T07:18:14.534352;VisA/macaroni1;cont_30pct_ensemble_loo_mahal;0.3;ensemble_loo_mahal;10;10;3;392;200;1;5;95;0.6700;0.9956;0.1612;100;-0.0334;0.4140;-0.0000;0.9853;10.24
2026-02-18T07:18:46.890623;VisA/macaroni1;cont_30pct_oracle_patch;0.3;oracle_patch;10;10;3;2352;200;1;5;95;0.7012;0.9955;0.1610;100;-0.0022;0.9614;-0.0001;0.9216;5.86
2026-02-18T07:19:21.002964;VisA/macaroni1;cont_0pct_none;0.0;none;10;10;0;0;200;2;5;95;0.7356;0.9959;0.1639;100;;;;;7.85
2026-02-18T07:19:57.833654;VisA/macaroni1;cont_0pct_ensemble_loo_mahal;0.0;ensemble_loo_mahal;10;10;0;392;200;2;5;95;0.7370;0.9950;0.1462;100;0.0014;;-0.0008;;10.63
2026-02-18T07:20:24.180243;VisA/macaroni1;cont_0pct_oracle_patch;0.0;oracle_patch;10;10;0;0;200;2;5;95;0.7356;0.9959;0.1639;100;0.0000;;0.0000;;0.01
2026-02-18T07:20:57.693164;VisA/macaroni1;cont_30pct_none;0.3;none;10;10;3;0;200;2;5;95;0.6703;0.9951;0.1545;100;-0.0653;;-0.0008;;7.71
2026-02-18T07:21:35.096162;VisA/macaroni1;cont_30pct_ensemble_loo_mahal;0.3;ensemble_loo_mahal;10;10;3;392;200;2;5;95;0.7022;0.9952;0.1485;100;-0.0334;0.4885;-0.0006;0.1365;10.27
2026-02-18T07:22:07.493762;VisA/macaroni1;cont_30pct_oracle_patch;0.3;oracle_patch;10;10;3;2352;200;2;5;95;0.7094;0.9956;0.1592;100;-0.0262;0.5988;-0.0002;0.6812;5.52
2026-02-18T07:22:41.261370;VisA/macaroni1;cont_0pct_none;0.0;none;10;10;0;0;200;3;5;95;0.7677;0.9951;0.1583;100;;;;;7.78
2026-02-18T07:23:17.924982;VisA/macaroni1;cont_0pct_ensemble_loo_mahal;0.0;ensemble_loo_mahal;10;10;0;392;200;3;5;95;0.7674;0.9944;0.1372;100;-0.0003;;-0.0007;;10.09
2026-02-18T07:23:43.909944;VisA/macaroni1;cont_0pct_oracle_patch;0.0;oracle_patch;10;10;0;0;200;3;5;95;0.7677;0.9951;0.1583;100;0.0000;;0.0000;;0.01
2026-02-18T07:24:17.085918;VisA/macaroni1;cont_30pct_none;0.3;none;10;10;3;0;200;3;5;95;0.6864;0.9945;0.1546;100;-0.0813;;-0.0007;;7.48
2026-02-18T07:24:55.045701;VisA/macaroni1;cont_30pct_ensemble_loo_mahal;0.3;ensemble_loo_mahal;10;10;3;392;200;3;5;95;0.6802;0.9950;0.1510;100;-0.0875;-0.0763;-0.0001;0.8194;10.78
2026-02-18T07:25:29.300362;VisA/macaroni1;cont_30pct_oracle_patch;0.3;oracle_patch;10;10;3;2352;200;3;5;95;0.7430;0.9949;0.1574;100;-0.0247;0.6962;-0.0002;0.7079;5.46
2026-02-18T07:26:05.926318;VisA/macaroni1;cont_0pct_none;0.0;none;10;10;0;0;200;4;5;95;0.7544;0.9957;0.1556;100;;;;;8.24
2026-02-18T07:26:45.040972;VisA/macaroni1;cont_0pct_ensemble_loo_mahal;0.0;ensemble_loo_mahal;10;10;0;392;200;4;5;95;0.7626;0.9954;0.1636;100;0.0082;;-0.0003;;10.37
2026-02-18T07:27:12.157974;VisA/macaroni1;cont_0pct_oracle_patch;0.0;oracle_patch;10;10;0;0;200;4;5;95;0.7544;0.9957;0.1556;100;0.0000;;0.0000;;0.01
2026-02-18T07:27:47.352387;VisA/macaroni1;cont_30pct_none;0.3;none;10;10;3;0;200;4;5;95;0.6926;0.9945;0.1348;100;-0.0618;;-0.0012;;7.58
2026-02-18T07:28:25.428384;VisA/macaroni1;cont_30pct_ensemble_loo_mahal;0.3;ensemble_loo_mahal;10;10;3;392;200;4;5;95;0.7296;0.9950;0.1509;100;-0.0248;0.5987;-0.0007;0.4093;9.96
2026-02-18T07:28:57.547002;VisA/macaroni1;cont_30pct_oracle_patch;0.3;oracle_patch;10;10;3;2352;200;4;5;95;0.7527;0.9955;0.1566;100;-0.0017;0.9725;-0.0002;0.8251;5.73
2026-02-18T07:29:38.182217;VisA/macaroni2;cont_0pct_none;0.0;none;10;10;0;0;200;0;5;95;0.6218;0.9891;0.0808;100;;;;;7.84
2026-02-18T07:30:15.852209;VisA/macaroni2;cont_0pct_ensemble_loo_mahal;0.0;ensemble_loo_mahal;10;10;0;392;200;0;5;95;0.6322;0.9860;0.0641;100;0.0104;;-0.0031;;10.95
2026-02-18T07:30:42.947879;VisA/macaroni2;cont_0pct_oracle_patch;0.0;oracle_patch;10;10;0;0;200;0;5;95;0.6218;0.9891;0.0808;100;0.0000;;0.0000;;0.01
2026-02-18T07:31:17.741979;VisA/macaroni2;cont_30pct_none;0.3;none;10;10;3;0;200;0;5;95;0.5804;0.9815;0.0774;100;-0.0414;;-0.0077;;8.33
2026-02-18T07:31:54.499807;VisA/macaroni2;cont_30pct_ensemble_loo_mahal;0.3;ensemble_loo_mahal;10;10;3;392;200;0;5;95;0.6064;0.9854;0.0720;100;-0.0154;0.6280;-0.0038;0.5098;10.74
2026-02-18T07:32:26.990864;VisA/macaroni2;cont_30pct_oracle_patch;0.3;oracle_patch;10;10;3;2352;200;0;5;95;0.6264;0.9887;0.0786;100;0.0046;1.1111;-0.0004;0.9477;6.09
2026-02-18T07:33:01.471079;VisA/macaroni2;cont_0pct_none;0.0;none;10;10;0;0;200;1;5;95;0.5339;0.9885;0.0831;100;;;;;7.77
2026-02-18T07:33:38.805299;VisA/macaroni2;cont_0pct_ensemble_loo_mahal;0.0;ensemble_loo_mahal;10;10;0;392;200;1;5;95;0.5789;0.9845;0.0610;100;0.0450;;-0.0040;;10.47
2026-02-18T07:34:05.195523;VisA/macaroni2;cont_0pct_oracle_patch;0.0;oracle_patch;10;10;0;0;200;1;5;95;0.5339;0.9885;0.0831;100;0.0000;;0.0000;;0.01
2026-02-18T07:34:39.524483;VisA/macaroni2;cont_30pct_none;0.3;none;10;10;3;0;200;1;5;95;0.4789;0.9834;0.0781;100;-0.0550;;-0.0051;;8.27
2026-02-18T07:35:16.802213;VisA/macaroni2;cont_30pct_ensemble_loo_mahal;0.3;ensemble_loo_mahal;10;10;3;392;200;1;5;95;0.4906;0.9841;0.0714;100;-0.0433;0.2127;-0.0044;0.1398;11.00
2026-02-18T07:35:47.951359;VisA/macaroni2;cont_30pct_oracle_patch;0.3;oracle_patch;10;10;3;2352;200;1;5;95;0.5313;0.9871;0.0777;100;-0.0026;0.9527;-0.0014;0.7327;5.16
2026-02-18T07:36:23.190462;VisA/macaroni2;cont_0pct_none;0.0;none;10;10;0;0;200;2;5;95;0.5030;0.9886;0.0870;100;;;;;8.26
2026-02-18T07:36:59.924816;VisA/macaroni2;cont_0pct_ensemble_loo_mahal;0.0;ensemble_loo_mahal;10;10;0;392;200;2;5;95;0.5177;0.9856;0.0748;100;0.0148;;-0.0030;;10.36
2026-02-18T07:37:25.170784;VisA/macaroni2;cont_0pct_oracle_patch;0.0;oracle_patch;10;10;0;0;200;2;5;95;0.5030;0.9886;0.0870;100;0.0000;;0.0000;;0.01
2026-02-18T07:37:58.716118;VisA/macaroni2;cont_30pct_none;0.3;none;10;10;3;0;200;2;5;95;0.4448;0.9848;0.0787;100;-0.0582;;-0.0038;;7.90
2026-02-18T07:38:34.742441;VisA/macaroni2;cont_30pct_ensemble_loo_mahal;0.3;ensemble_loo_mahal;10;10;3;392;200;2;5;95;0.5056;0.9849;0.0692;100;0.0026;1.0456;-0.0037;0.0267;10.48
2026-02-18T07:39:06.440506;VisA/macaroni2;cont_30pct_oracle_patch;0.3;oracle_patch;10;10;3;2352;200;2;5;95;0.4943;0.9881;0.0804;100;-0.0086;0.8512;-0.0005;0.8647;5.93
2026-02-18T07:39:39.740303;VisA/macaroni2;cont_0pct_none;0.0;none;10;10;0;0;200;3;5;95;0.5305;0.9878;0.0851;100;;;;;8.07
2026-02-18T07:40:15.657952;VisA/macaroni2;cont_0pct_ensemble_loo_mahal;0.0;ensemble_loo_mahal;10;10;0;392;200;3;5;95;0.5454;0.9832;0.0386;100;0.0149;;-0.0046;;10.23
2026-02-18T07:40:40.746274;VisA/macaroni2;cont_0pct_oracle_patch;0.0;oracle_patch;10;10;0;0;200;3;5;95;0.5305;0.9878;0.0851;100;0.0000;;0.0000;;0.01
2026-02-18T07:41:13.652662;VisA/macaroni2;cont_30pct_none;0.3;none;10;10;3;0;200;3;5;95;0.4934;0.9810;0.0827;100;-0.0371;;-0.0068;;7.78
2026-02-18T07:41:49.573132;VisA/macaroni2;cont_30pct_ensemble_loo_mahal;0.3;ensemble_loo_mahal;10;10;3;392;200;3;5;95;0.5344;0.9822;0.0633;100;0.0039;1.1051;-0.0056;0.1794;10.32
2026-02-18T07:42:20.883383;VisA/macaroni2;cont_30pct_oracle_patch;0.3;oracle_patch;10;10;3;2352;200;3;5;95;0.5248;0.9879;0.0843;100;-0.0057;0.8464;0.0001;1.0095;6.37
2026-02-18T07:42:52.475222;VisA/macaroni2;cont_0pct_none;0.0;none;10;10;0;0;200;4;5;95;0.5042;0.9904;0.0923;100;;;;;8.10
2026-02-18T07:43:25.824375;VisA/macaroni2;cont_0pct_ensemble_loo_mahal;0.0;ensemble_loo_mahal;10;10;0;392;200;4;5;95;0.5316;0.9858;0.0532;100;0.0274;;-0.0045;;10.37
2026-02-18T07:43:49.462292;VisA/macaroni2;cont_0pct_oracle_patch;0.0;oracle_patch;10;10;0;0;200;4;5;95;0.5042;0.9904;0.0923;100;0.0000;;0.0000;;0.01
2026-02-18T07:44:20.440799;VisA/macaroni2;cont_30pct_none;0.3;none;10;10;3;0;200;4;5;95;0.4858;0.9874;0.0721;100;-0.0184;;-0.0030;;7.68
2026-02-18T07:44:53.117766;VisA/macaroni2;cont_30pct_ensemble_loo_mahal;0.3;ensemble_loo_mahal;10;10;3;392;200;4;5;95;0.5529;0.9868;0.0650;100;0.0487;3.6467;-0.0036;-0.1965;9.65
2026-02-18T07:45:21.992527;VisA/macaroni2;cont_30pct_oracle_patch;0.3;oracle_patch;10;10;3;2352;200;4;5;95;0.5613;0.9894;0.0862;100;0.0571;4.1033;-0.0010;0.6774;5.13
2026-02-18T07:45:56.491104;VisA/pcb1;cont_0pct_none;0.0;none;10;10;0;0;200;0;5;95;0.9319;0.9873;0.4749;100;;;;;7.26
2026-02-18T07:46:31.498640;VisA/pcb1;cont_0pct_ensemble_loo_mahal;0.0;ensemble_loo_mahal;10;10;0;392;200;0;5;95;0.9342;0.9868;0.4507;100;0.0023;;-0.0005;;10.13
2026-02-18T07:46:56.325557;VisA/pcb1;cont_0pct_oracle_patch;0.0;oracle_patch;10;10;0;0;200;0;5;95;0.9319;0.9873;0.4749;100;0.0000;;0.0000;;0.01
2026-02-18T07:47:29.016724;VisA/pcb1;cont_30pct_none;0.3;none;10;10;3;0;200;0;5;95;0.8891;0.9899;0.6757;100;-0.0428;;0.0026;;7.65
2026-02-18T07:48:05.998291;VisA/pcb1;cont_30pct_ensemble_loo_mahal;0.3;ensemble_loo_mahal;10;10;3;392;200;0;5;95;0.9350;0.9900;0.4534;100;0.0031;1.0724;0.0026;-0.0187;12.17
2026-02-18T07:48:36.464440;VisA/pcb1;cont_30pct_oracle_patch;0.3;oracle_patch;10;10;3;2352;200;0;5;95;0.9257;0.9873;0.4684;100;-0.0062;0.8551;-0.0000;1.0103;5.20
2026-02-18T07:49:09.540123;VisA/pcb1;cont_0pct_none;0.0;none;10;10;0;0;200;1;5;95;0.9437;0.9938;0.6825;100;;;;;7.80
2026-02-18T07:49:46.142479;VisA/pcb1;cont_0pct_ensemble_loo_mahal;0.0;ensemble_loo_mahal;10;10;0;392;200;1;5;95;0.9481;0.9902;0.4957;100;0.0044;;-0.0036;;10.78
2026-02-18T07:50:10.675856;VisA/pcb1;cont_0pct_oracle_patch;0.0;oracle_patch;10;10;0;0;200;1;5;95;0.9437;0.9938;0.6825;100;0.0000;;0.0000;;0.01
2026-02-18T07:50:44.193862;VisA/pcb1;cont_30pct_none;0.3;none;10;10;3;0;200;1;5;95;0.9134;0.9729;0.5897;100;-0.0303;;-0.0210;;7.94
2026-02-18T07:51:19.162154;VisA/pcb1;cont_30pct_ensemble_loo_mahal;0.3;ensemble_loo_mahal;10;10;3;392;200;1;5;95;0.9310;0.9919;0.5657;100;-0.0127;0.5809;-0.0019;0.9085;10.44
2026-02-18T07:51:48.807844;VisA/pcb1;cont_30pct_oracle_patch;0.3;oracle_patch;10;10;3;2352;200;1;5;95;0.9471;0.9930;0.6452;100;0.0034;1.1122;-0.0008;0.9622;5.58
2026-02-18T07:52:21.695792;VisA/pcb1;cont_0pct_none;0.0;none;10;10;0;0;200;2;5;95;0.9163;0.9872;0.4589;100;;;;;7.55
2026-02-18T07:52:55.958893;VisA/pcb1;cont_0pct_ensemble_loo_mahal;0.0;ensemble_loo_mahal;10;10;0;392;200;2;5;95;0.9167;0.9866;0.4460;100;0.0004;;-0.0006;;10.34
2026-02-18T07:53:20.768445;VisA/pcb1;cont_0pct_oracle_patch;0.0;oracle_patch;10;10;0;0;200;2;5;95;0.9163;0.9872;0.4589;100;0.0000;;0.0000;;0.01
2026-02-18T07:53:53.007251;VisA/pcb1;cont_30pct_none;0.3;none;10;10;3;0;200;2;5;95;0.8698;0.9897;0.6866;100;-0.0465;;0.0025;;7.98
2026-02-18T07:54:27.963650;VisA/pcb1;cont_30pct_ensemble_loo_mahal;0.3;ensemble_loo_mahal;10;10;3;392;200;2;5;95;0.9163;0.9908;0.5345;100;0.0000;1.0000;0.0036;-0.4384;10.42
2026-02-18T07:54:57.762708;VisA/pcb1;cont_30pct_oracle_patch;0.3;oracle_patch;10;10;3;2352;200;2;5;95;0.9169;0.9868;0.4482;100;0.0006;1.0129;-0.0004;1.1514;5.25
2026-02-18T07:55:36.566211;VisA/pcb1;cont_0pct_none;0.0;none;10;10;0;0;200;3;5;95;0.9492;0.9928;0.6389;100;;;;;8.03
2026-02-18T07:56:38.432327;VisA/pcb1;cont_0pct_ensemble_loo_mahal;0.0;ensemble_loo_mahal;10;10;0;392;200;3;5;95;0.9237;0.9877;0.4522;100;-0.0255;;-0.0052;;12.07
2026-02-18T07:57:36.980398;VisA/pcb1;cont_0pct_oracle_patch;0.0;oracle_patch;10;10;0;0;200;3;5;95;0.9492;0.9928;0.6389;100;0.0000;;0.0000;;0.01
2026-02-18T07:59:35.194915;VisA/pcb1;cont_30pct_none;0.3;none;10;10;3;0;200;3;5;95;0.9122;0.9940;0.7336;100;-0.0370;;0.0012;;64.85
2026-02-18T08:02:13.222877;VisA/pcb1;cont_30pct_ensemble_loo_mahal;0.3;ensemble_loo_mahal;10;10;3;392;200;3;5;95;0.9516;0.9902;0.4232;100;0.0024;1.0649;-0.0027;3.2260;90.51
2026-02-18T08:03:46.112974;VisA/pcb1;cont_30pct_oracle_patch;0.3;oracle_patch;10;10;3;2352;200;3;5;95;0.9466;0.9927;0.6387;100;-0.0026;0.9297;-0.0001;1.0869;31.71
2026-02-18T08:05:44.921242;VisA/pcb1;cont_0pct_none;0.0;none;10;10;0;0;200;4;5;95;0.9506;0.9940;0.6890;100;;;;;52.29
2026-02-18T08:08:00.310821;VisA/pcb1;cont_0pct_ensemble_loo_mahal;0.0;ensemble_loo_mahal;10;10;0;392;200;4;5;95;0.9392;0.9907;0.5158;100;-0.0114;;-0.0033;;69.69
2026-02-18T08:09:13.966302;VisA/pcb1;cont_0pct_oracle_patch;0.0;oracle_patch;10;10;0;0;200;4;5;95;0.9506;0.9940;0.6890;100;0.0000;;0.0000;;0.01
2026-02-18T08:11:08.774063;VisA/pcb1;cont_30pct_none;0.3;none;10;10;3;0;200;4;5;95;0.8704;0.9714;0.5921;100;-0.0802;;-0.0226;;53.20
2026-02-18T08:13:41.910864;VisA/pcb1;cont_30pct_ensemble_loo_mahal;0.3;ensemble_loo_mahal;10;10;3;392;200;4;5;95;0.9192;0.9905;0.5430;100;-0.0314;0.6085;-0.0035;0.8448;89.81
2026-02-18T08:15:11.595380;VisA/pcb1;cont_30pct_oracle_patch;0.3;oracle_patch;10;10;3;2352;200;4;5;95;0.9332;0.9876;0.4860;100;-0.0174;0.7830;-0.0064;0.7181;23.90
2026-02-18T08:17:17.231038;VisA/pcb2;cont_0pct_none;0.0;none;10;10;0;0;200;0;5;95;0.7865;0.9801;0.3388;100;;;;;51.83
2026-02-18T08:19:49.694064;VisA/pcb2;cont_0pct_ensemble_loo_mahal;0.0;ensemble_loo_mahal;10;10;0;392;200;0;5;95;0.7407;0.9782;0.3096;100;-0.0458;;-0.0019;;88.60
2026-02-18T08:20:55.178295;VisA/pcb2;cont_0pct_oracle_patch;0.0;oracle_patch;10;10;0;0;200;0;5;95;0.7865;0.9801;0.3388;100;0.0000;;0.0000;;0.02
2026-02-18T08:22:35.167601;VisA/pcb2;cont_30pct_none;0.3;none;10;10;3;0;200;0;5;95;0.7372;0.9787;0.3118;100;-0.0493;;-0.0013;;36.73
2026-02-18T08:25:27.037411;VisA/pcb2;cont_30pct_ensemble_loo_mahal;0.3;ensemble_loo_mahal;10;10;3;392;200;0;5;95;0.7123;0.9777;0.3094;100;-0.0742;-0.5051;-0.0023;-0.7264;103.09
2026-02-18T08:26:55.537126;VisA/pcb2;cont_30pct_oracle_patch;0.3;oracle_patch;10;10;3;2352;200;0;5;95;0.7948;0.9782;0.3357;100;0.0083;1.1684;-0.0018;-0.3467;24.11
2026-02-18T08:27:57.722003;VisA/pcb2;cont_0pct_none;0.0;none;10;10;0;0;200;1;5;95;0.7244;0.9790;0.3396;100;;;;;35.93
2026-02-18T08:28:36.692634;VisA/pcb2;cont_0pct_ensemble_loo_mahal;0.0;ensemble_loo_mahal;10;10;0;392;200;1;5;95;0.7422;0.9767;0.3047;100;0.0178;;-0.0023;;11.32
2026-02-18T08:29:04.705713;VisA/pcb2;cont_0pct_oracle_patch;0.0;oracle_patch;10;10;0;0;200;1;5;95;0.7244;0.9790;0.3396;100;0.0000;;0.0000;;0.01
2026-02-18T08:29:41.696269;VisA/pcb2;cont_30pct_none;0.3;none;10;10;3;0;200;1;5;95;0.6470;0.9735;0.3418;100;-0.0774;;-0.0054;;8.21
2026-02-18T08:30:21.328733;VisA/pcb2;cont_30pct_ensemble_loo_mahal;0.3;ensemble_loo_mahal;10;10;3;392;200;1;5;95;0.6555;0.9747;0.3149;100;-0.0689;0.1098;-0.0043;0.2102;11.19
2026-02-18T08:30:56.288833;VisA/pcb2;cont_30pct_oracle_patch;0.3;oracle_patch;10;10;3;2352;200;1;5;95;0.7074;0.9765;0.3398;100;-0.0170;0.7804;-0.0025;0.5409;6.09
2026-02-18T08:31:33.909420;VisA/pcb2;cont_0pct_none;0.0;none;10;10;0;0;200;2;5;95;0.6710;0.9793;0.3339;100;;;;;9.25
2026-02-18T08:32:13.763683;VisA/pcb2;cont_0pct_ensemble_loo_mahal;0.0;ensemble_loo_mahal;10;10;0;392;200;2;5;95;0.6580;0.9768;0.2979;100;-0.0130;;-0.0025;;11.49
2026-02-18T08:32:42.463951;VisA/pcb2;cont_0pct_oracle_patch;0.0;oracle_patch;10;10;0;0;200;2;5;95;0.6710;0.9793;0.3339;100;0.0000;;0.0000;;0.01
2026-02-18T08:33:19.700442;VisA/pcb2;cont_30pct_none;0.3;none;10;10;3;0;200;2;5;95;0.6148;0.9773;0.3252;100;-0.0562;;-0.0020;;8.23
2026-02-18T08:33:59.891557;VisA/pcb2;cont_30pct_ensemble_loo_mahal;0.3;ensemble_loo_mahal;10;10;3;392;200;2;5;95;0.6266;0.9763;0.3037;100;-0.0444;0.2100;-0.0029;-0.4730;11.47
2026-02-18T08:34:34.349397;VisA/pcb2;cont_30pct_oracle_patch;0.3;oracle_patch;10;10;3;2352;200;2;5;95;0.6477;0.9776;0.3315;100;-0.0233;0.5854;-0.0017;0.1565;6.18
2026-02-18T08:35:11.967765;VisA/pcb2;cont_0pct_none;0.0;none;10;10;0;0;200;3;5;95;0.7440;0.9800;0.3468;100;;;;;8.82
2026-02-18T08:35:50.923982;VisA/pcb2;cont_0pct_ensemble_loo_mahal;0.0;ensemble_loo_mahal;10;10;0;392;200;3;5;95;0.7138;0.9774;0.3099;100;-0.0302;;-0.0026;;10.72
2026-02-18T08:36:19.326487;VisA/pcb2;cont_0pct_oracle_patch;0.0;oracle_patch;10;10;0;0;200;3;5;95;0.7440;0.9800;0.3468;100;0.0000;;0.0000;;0.01
2026-02-18T08:36:56.177351;VisA/pcb2;cont_30pct_none;0.3;none;10;10;3;0;200;3;5;95;0.6814;0.9796;0.3259;100;-0.0626;;-0.0004;;8.75
2026-02-18T08:37:35.355607;VisA/pcb2;cont_30pct_ensemble_loo_mahal;0.3;ensemble_loo_mahal;10;10;3;392;200;3;5;95;0.6883;0.9781;0.3183;100;-0.0557;0.1102;-0.0019;-3.7878;12.15
2026-02-18T08:38:09.102443;VisA/pcb2;cont_30pct_oracle_patch;0.3;oracle_patch;10;10;3;2352;200;3;5;95;0.7443;0.9780;0.3464;100;0.0003;1.0048;-0.0020;-4.1276;5.34
2026-02-18T08:38:46.366839;VisA/pcb2;cont_0pct_none;0.0;none;10;10;0;0;200;4;5;95;0.6763;0.9794;0.3639;100;;;;;8.76
2026-02-18T08:39:25.195037;VisA/pcb2;cont_0pct_ensemble_loo_mahal;0.0;ensemble_loo_mahal;10;10;0;392;200;4;5;95;0.6479;0.9770;0.3091;100;-0.0284;;-0.0024;;10.53
2026-02-18T08:39:53.494302;VisA/pcb2;cont_0pct_oracle_patch;0.0;oracle_patch;10;10;0;0;200;4;5;95;0.6763;0.9794;0.3639;100;0.0000;;0.0000;;0.01
2026-02-18T08:40:30.582042;VisA/pcb2;cont_30pct_none;0.3;none;10;10;3;0;200;4;5;95;0.6073;0.9728;0.3609;100;-0.0690;;-0.0067;;8.46
2026-02-18T08:41:10.432012;VisA/pcb2;cont_30pct_ensemble_loo_mahal;0.3;ensemble_loo_mahal;10;10;3;392;200;4;5;95;0.6094;0.9749;0.2989;100;-0.0669;0.0304;-0.0045;0.3263;10.91
2026-02-18T08:41:44.257498;VisA/pcb2;cont_30pct_oracle_patch;0.3;oracle_patch;10;10;3;2352;200;4;5;95;0.6748;0.9776;0.3652;100;-0.0015;0.9783;-0.0019;0.7228;6.09
2026-02-18T08:42:27.585346;VisA/pcb3;cont_0pct_none;0.0;none;10;10;0;0;201;0;5;95;0.8222;0.9849;0.4160;100;;;;;8.47
2026-02-18T08:43:08.387046;VisA/pcb3;cont_0pct_ensemble_loo_mahal;0.0;ensemble_loo_mahal;10;10;0;392;201;0;5;95;0.8151;0.9810;0.2207;100;-0.0070;;-0.0039;;11.53
2026-02-18T08:43:36.600833;VisA/pcb3;cont_0pct_oracle_patch;0.0;oracle_patch;10;10;0;0;201;0;5;95;0.8222;0.9849;0.4160;100;0.0000;;0.0000;;0.01
2026-02-18T08:44:12.691340;VisA/pcb3;cont_30pct_none;0.3;none;10;10;3;0;201;0;5;95;0.7227;0.9831;0.3929;100;-0.0995;;-0.0018;;8.62
2026-02-18T08:44:51.533901;VisA/pcb3;cont_30pct_ensemble_loo_mahal;0.3;ensemble_loo_mahal;10;10;3;392;201;0;5;95;0.7396;0.9798;0.2084;100;-0.0826;0.1701;-0.0051;-1.8453;10.83
2026-02-18T08:45:25.978358;VisA/pcb3;cont_30pct_oracle_patch;0.3;oracle_patch;10;10;3;2352;201;0;5;95;0.7498;0.9830;0.4063;100;-0.0724;0.2726;-0.0019;-0.0614;6.28
2026-02-18T08:46:03.214299;VisA/pcb3;cont_0pct_none;0.0;none;10;10;0;0;201;1;5;95;0.8476;0.9853;0.4164;100;;;;;8.58
2026-02-18T08:46:43.429580;VisA/pcb3;cont_0pct_ensemble_loo_mahal;0.0;ensemble_loo_mahal;10;10;0;392;201;1;5;95;0.8406;0.9808;0.1883;100;-0.0070;;-0.0046;;11.98
2026-02-18T08:47:10.791754;VisA/pcb3;cont_0pct_oracle_patch;0.0;oracle_patch;10;10;0;0;201;1;5;95;0.8476;0.9853;0.4164;100;0.0000;;0.0000;;0.01
2026-02-18T08:47:47.111977;VisA/pcb3;cont_30pct_none;0.3;none;10;10;3;0;201;1;5;95;0.8144;0.9833;0.4030;100;-0.0333;;-0.0020;;8.54
2026-02-18T08:48:26.786954;VisA/pcb3;cont_30pct_ensemble_loo_mahal;0.3;ensemble_loo_mahal;10;10;3;392;201;1;5;95;0.8401;0.9807;0.2232;100;-0.0075;0.7738;-0.0046;-1.2719;11.63
2026-02-18T08:49:00.438194;VisA/pcb3;cont_30pct_oracle_patch;0.3;oracle_patch;10;10;3;2352;201;1;5;95;0.8131;0.9835;0.3990;100;-0.0346;-0.0387;-0.0018;0.1141;5.84
2026-02-18T08:49:36.663476;VisA/pcb3;cont_0pct_none;0.0;none;10;10;0;0;201;2;5;95;0.8544;0.9840;0.3948;100;;;;;8.61
2026-02-18T08:50:16.299427;VisA/pcb3;cont_0pct_ensemble_loo_mahal;0.0;ensemble_loo_mahal;10;10;0;392;201;2;5;95;0.8513;0.9796;0.1769;100;-0.0031;;-0.0044;;11.69
2026-02-18T08:50:43.711948;VisA/pcb3;cont_0pct_oracle_patch;0.0;oracle_patch;10;10;0;0;201;2;5;95;0.8544;0.9840;0.3948;100;0.0000;;0.0000;;0.01
2026-02-18T08:51:19.670240;VisA/pcb3;cont_30pct_none;0.3;none;10;10;3;0;201;2;5;95;0.8563;0.9838;0.4036;100;0.0020;;-0.0001;;8.43
2026-02-18T08:51:59.426852;VisA/pcb3;cont_30pct_ensemble_loo_mahal;0.3;ensemble_loo_mahal;10;10;3;392;201;2;5;95;0.8678;0.9806;0.1842;100;0.0135;-5.8000;-0.0033;-21.3898;12.64
2026-02-18T08:52:34.060759;VisA/pcb3;cont_30pct_oracle_patch;0.3;oracle_patch;10;10;3;2352;201;2;5;95;0.8511;0.9831;0.3955;100;-0.0033;2.6500;-0.0008;-4.6180;5.68
2026-02-18T08:53:11.200073;VisA/pcb3;cont_0pct_none;0.0;none;10;10;0;0;201;3;5;95;0.8223;0.9856;0.4100;100;;;;;8.46
2026-02-18T08:53:51.126829;VisA/pcb3;cont_0pct_ensemble_loo_mahal;0.0;ensemble_loo_mahal;10;10;0;392;201;3;5;95;0.8233;0.9822;0.2306;100;0.0010;;-0.0035;;10.80
2026-02-18T08:54:19.054053;VisA/pcb3;cont_0pct_oracle_patch;0.0;oracle_patch;10;10;0;0;201;3;5;95;0.8223;0.9856;0.4100;100;0.0000;;0.0000;;0.01
2026-02-18T08:54:55.797925;VisA/pcb3;cont_30pct_none;0.3;none;10;10;3;0;201;3;5;95;0.7996;0.9842;0.3999;100;-0.0227;;-0.0015;;8.68
2026-02-18T08:55:35.770242;VisA/pcb3;cont_30pct_ensemble_loo_mahal;0.3;ensemble_loo_mahal;10;10;3;392;201;3;5;95;0.8004;0.9811;0.2228;100;-0.0219;0.0349;-0.0045;-2.1244;12.02
2026-02-18T08:56:09.501536;VisA/pcb3;cont_30pct_oracle_patch;0.3;oracle_patch;10;10;3;2352;201;3;5;95;0.8139;0.9846;0.4080;100;-0.0084;0.6288;-0.0010;0.2970;5.40
2026-02-18T08:56:46.403035;VisA/pcb3;cont_0pct_none;0.0;none;10;10;0;0;201;4;5;95;0.8214;0.9854;0.4107;100;;;;;8.60
2026-02-18T08:57:25.565793;VisA/pcb3;cont_0pct_ensemble_loo_mahal;0.0;ensemble_loo_mahal;10;10;0;392;201;4;5;95;0.8287;0.9817;0.2619;100;0.0073;;-0.0037;;10.80
2026-02-18T08:57:53.542336;VisA/pcb3;cont_0pct_oracle_patch;0.0;oracle_patch;10;10;0;0;201;4;5;95;0.8214;0.9854;0.4107;100;0.0000;;0.0000;;0.01
2026-02-18T08:58:30.036367;VisA/pcb3;cont_30pct_none;0.3;none;10;10;3;0;201;4;5;95;0.7589;0.9807;0.3597;100;-0.0625;;-0.0047;;8.64
2026-02-18T08:59:09.325187;VisA/pcb3;cont_30pct_ensemble_loo_mahal;0.3;ensemble_loo_mahal;10;10;3;392;201;4;5;95;0.8040;0.9798;0.2036;100;-0.0174;0.7211;-0.0056;-0.1992;11.71
2026-02-18T08:59:42.102153;VisA/pcb3;cont_30pct_oracle_patch;0.3;oracle_patch;10;10;3;2352;201;4;5;95;0.8047;0.9841;0.4114;100;-0.0167;0.7322;-0.0013;0.7169;5.87
2026-02-18T09:00:23.440611;VisA/pcb4;cont_0pct_none;0.0;none;10;10;0;0;201;0;5;95;0.9873;0.9723;0.3487;100;;;;;8.97
2026-02-18T09:01:01.885991;VisA/pcb4;cont_0pct_ensemble_loo_mahal;0.0;ensemble_loo_mahal;10;10;0;392;201;0;5;95;0.9893;0.9661;0.2439;100;0.0020;;-0.0062;;11.15
2026-02-18T09:01:30.905877;VisA/pcb4;cont_0pct_oracle_patch;0.0;oracle_patch;10;10;0;0;201;0;5;95;0.9873;0.9723;0.3487;100;0.0000;;0.0000;;0.01
2026-02-18T09:02:08.589658;VisA/pcb4;cont_30pct_none;0.3;none;10;10;3;0;201;0;5;95;0.9402;0.9611;0.3106;100;-0.0471;;-0.0112;;8.57
2026-02-18T09:02:49.945169;VisA/pcb4;cont_30pct_ensemble_loo_mahal;0.3;ensemble_loo_mahal;10;10;3;392;201;0;5;95;0.9680;0.9639;0.2577;100;-0.0193;0.5903;-0.0084;0.2478;11.72
2026-02-18T09:03:25.862539;VisA/pcb4;cont_30pct_oracle_patch;0.3;oracle_patch;10;10;3;2352;201;0;5;95;0.9865;0.9702;0.3432;100;-0.0008;0.9832;-0.0021;0.8098;6.54
2026-02-18T09:04:04.117443;VisA/pcb4;cont_0pct_none;0.0;none;10;10;0;0;201;1;5;95;0.9903;0.9713;0.3426;100;;;;;8.92
2026-02-18T09:04:45.688430;VisA/pcb4;cont_0pct_ensemble_loo_mahal;0.0;ensemble_loo_mahal;10;10;0;392;201;1;5;95;0.9858;0.9656;0.2427;100;-0.0045;;-0.0057;;12.61
2026-02-18T09:05:15.067266;VisA/pcb4;cont_0pct_oracle_patch;0.0;oracle_patch;10;10;0;0;201;1;5;95;0.9903;0.9713;0.3426;100;0.0000;;0.0000;;0.01
2026-02-18T09:05:52.742873;VisA/pcb4;cont_30pct_none;0.3;none;10;10;3;0;201;1;5;95;0.9451;0.9606;0.3124;100;-0.0451;;-0.0107;;8.82
2026-02-18T09:06:33.375864;VisA/pcb4;cont_30pct_ensemble_loo_mahal;0.3;ensemble_loo_mahal;10;10;3;392;201;1;5;95;0.9683;0.9587;0.2157;100;-0.0220;0.5132;-0.0127;-0.1784;11.85
2026-02-18T09:07:09.192532;VisA/pcb4;cont_30pct_oracle_patch;0.3;oracle_patch;10;10;3;2352;201;1;5;95;0.9890;0.9678;0.3349;100;-0.0013;0.9715;-0.0035;0.6753;6.64
2026-02-18T09:07:46.777889;VisA/pcb4;cont_0pct_none;0.0;none;10;10;0;0;201;2;5;95;0.9889;0.9703;0.2735;100;;;;;8.96
2026-02-18T09:08:26.972843;VisA/pcb4;cont_0pct_ensemble_loo_mahal;0.0;ensemble_loo_mahal;10;10;0;392;201;2;5;95;0.9851;0.9663;0.2327;100;-0.0038;;-0.0040;;11.80
2026-02-18T09:08:56.333881;VisA/pcb4;cont_0pct_oracle_patch;0.0;oracle_patch;10;10;0;0;201;2;5;95;0.9889;0.9703;0.2735;100;0.0000;;0.0000;;0.01
2026-02-18T09:09:33.447355;VisA/pcb4;cont_30pct_none;0.3;none;10;10;3;0;201;2;5;95;0.9357;0.9599;0.2925;100;-0.0532;;-0.0104;;8.58
2026-02-18T09:10:13.986200;VisA/pcb4;cont_30pct_ensemble_loo_mahal;0.3;ensemble_loo_mahal;10;10;3;392;201;2;5;95;0.9763;0.9618;0.2130;100;-0.0126;0.7635;-0.0085;0.1853;11.10
2026-02-18T09:10:49.299931;VisA/pcb4;cont_30pct_oracle_patch;0.3;oracle_patch;10;10;3;2352;201;2;5;95;0.9851;0.9664;0.2593;100;-0.0038;0.9292;-0.0039;0.6259;6.57
2026-02-18T09:11:25.939883;VisA/pcb4;cont_0pct_none;0.0;none;10;10;0;0;201;3;5;95;0.9711;0.9719;0.3417;100;;;;;8.92
2026-02-18T09:12:06.426895;VisA/pcb4;cont_0pct_ensemble_loo_mahal;0.0;ensemble_loo_mahal;10;10;0;392;201;3;5;95;0.9786;0.9659;0.2279;100;0.0075;;-0.0060;;11.87
2026-02-18T09:12:35.116615;VisA/pcb4;cont_0pct_oracle_patch;0.0;oracle_patch;10;10;0;0;201;3;5;95;0.9711;0.9719;0.3417;100;0.0000;;0.0000;;0.01
2026-02-18T09:13:13.971534;VisA/pcb4;cont_30pct_none;0.3;none;10;10;3;0;201;3;5;95;0.9000;0.9691;0.3290;100;-0.0711;;-0.0028;;8.60
2026-02-18T09:13:54.156667;VisA/pcb4;cont_30pct_ensemble_loo_mahal;0.3;ensemble_loo_mahal;10;10;3;392;201;3;5;95;0.9217;0.9663;0.2192;100;-0.0494;0.3050;-0.0056;-1.0161;11.68
2026-02-18T09:14:28.812075;VisA/pcb4;cont_30pct_oracle_patch;0.3;oracle_patch;10;10;3;2352;201;3;5;95;0.9738;0.9706;0.3328;100;0.0027;1.0376;-0.0013;0.5210;6.78
2026-02-18T09:15:07.016235;VisA/pcb4;cont_0pct_none;0.0;none;10;10;0;0;201;4;5;95;0.9896;0.9706;0.2755;100;;;;;9.19
2026-02-18T09:15:46.505610;VisA/pcb4;cont_0pct_ensemble_loo_mahal;0.0;ensemble_loo_mahal;10;10;0;392;201;4;5;95;0.9860;0.9666;0.2449;100;-0.0036;;-0.0040;;11.32
2026-02-18T09:16:15.719574;VisA/pcb4;cont_0pct_oracle_patch;0.0;oracle_patch;10;10;0;0;201;4;5;95;0.9896;0.9706;0.2755;100;0.0000;;0.0000;;0.01
2026-02-18T09:16:53.497775;VisA/pcb4;cont_30pct_none;0.3;none;10;10;3;0;201;4;5;95;0.9572;0.9669;0.3029;100;-0.0324;;-0.0037;;9.68
2026-02-18T09:17:34.081744;VisA/pcb4;cont_30pct_ensemble_loo_mahal;0.3;ensemble_loo_mahal;10;10;3;392;201;4;5;95;0.9797;0.9647;0.2444;100;-0.0099;0.6942;-0.0059;-0.5772;11.83
2026-02-18T09:18:09.448200;VisA/pcb4;cont_30pct_oracle_patch;0.3;oracle_patch;10;10;3;2352;201;4;5;95;0.9898;0.9677;0.2664;100;0.0002;1.0061;-0.0029;0.2301;6.84
2026-02-18T09:18:40.352782;VisA/pipe_fryum;cont_0pct_none;0.0;none;10;10;0;0;150;0;5;95;0.7254;0.9894;0.4082;100;;;;;6.05
2026-02-18T09:19:11.156038;VisA/pipe_fryum;cont_0pct_ensemble_loo_mahal;0.0;ensemble_loo_mahal;10;10;0;392;150;0;5;95;0.7068;0.9869;0.3671;100;-0.0186;;-0.0025;;9.40
2026-02-18T09:19:32.310497;VisA/pipe_fryum;cont_0pct_oracle_patch;0.0;oracle_patch;10;10;0;0;150;0;5;95;0.7254;0.9894;0.4082;100;0.0000;;0.0000;;0.01
2026-02-18T09:19:59.824659;VisA/pipe_fryum;cont_30pct_none;0.3;none;10;10;3;0;150;0;5;95;0.6826;0.9896;0.4271;100;-0.0428;;0.0001;;6.58
2026-02-18T09:20:29.613001;VisA/pipe_fryum;cont_30pct_ensemble_loo_mahal;0.3;ensemble_loo_mahal;10;10;3;392;150;0;5;95;0.6834;0.9869;0.3666;100;-0.0420;0.0187;-0.0026;20.3827;9.24
2026-02-18T09:20:56.598691;VisA/pipe_fryum;cont_30pct_oracle_patch;0.3;oracle_patch;10;10;3;2352;150;0;5;95;0.7184;0.9892;0.4053;100;-0.0070;0.8364;-0.0003;3.1400;4.91
2026-02-18T09:21:24.941573;VisA/pipe_fryum;cont_0pct_none;0.0;none;10;10;0;0;150;1;5;95;0.6974;0.9900;0.4257;100;;;;;6.55
2026-02-18T09:21:55.763361;VisA/pipe_fryum;cont_0pct_ensemble_loo_mahal;0.0;ensemble_loo_mahal;10;10;0;392;150;1;5;95;0.6940;0.9881;0.3898;100;-0.0034;;-0.0018;;9.61
2026-02-18T09:22:16.909033;VisA/pipe_fryum;cont_0pct_oracle_patch;0.0;oracle_patch;10;10;0;0;150;1;5;95;0.6974;0.9900;0.4257;100;0.0000;;0.0000;;0.01
2026-02-18T09:22:45.017731;VisA/pipe_fryum;cont_30pct_none;0.3;none;10;10;3;0;150;1;5;95;0.6496;0.9857;0.4172;100;-0.0478;;-0.0043;;6.46
2026-02-18T09:23:16.999506;VisA/pipe_fryum;cont_30pct_ensemble_loo_mahal;0.3;ensemble_loo_mahal;10;10;3;392;150;1;5;95;0.6684;0.9885;0.3977;100;-0.0290;0.3933;-0.0015;0.6557;11.20
2026-02-18T09:23:43.135056;VisA/pipe_fryum;cont_30pct_oracle_patch;0.3;oracle_patch;10;10;3;2352;150;1;5;95;0.7042;0.9897;0.4188;100;0.0068;1.1423;-0.0002;0.9436;4.38
2026-02-18T09:24:10.947520;VisA/pipe_fryum;cont_0pct_none;0.0;none;10;10;0;0;150;2;5;95;0.7312;0.9896;0.4184;100;;;;;6.55
2026-02-18T09:24:40.445911;VisA/pipe_fryum;cont_0pct_ensemble_loo_mahal;0.0;ensemble_loo_mahal;10;10;0;392;150;2;5;95;0.7112;0.9864;0.3623;100;-0.0200;;-0.0032;;8.92
2026-02-18T09:25:01.611300;VisA/pipe_fryum;cont_0pct_oracle_patch;0.0;oracle_patch;10;10;0;0;150;2;5;95;0.7312;0.9896;0.4184;100;0.0000;;0.0000;;0.01
2026-02-18T09:25:30.795567;VisA/pipe_fryum;cont_30pct_none;0.3;none;10;10;3;0;150;2;5;95;0.6644;0.9900;0.4416;100;-0.0668;;0.0004;;6.80
2026-02-18T09:26:01.775623;VisA/pipe_fryum;cont_30pct_ensemble_loo_mahal;0.3;ensemble_loo_mahal;10;10;3;392;150;2;5;95;0.6642;0.9868;0.3672;100;-0.0670;-0.0030;-0.0028;8.3489;9.62
2026-02-18T09:26:27.762135;VisA/pipe_fryum;cont_30pct_oracle_patch;0.3;oracle_patch;10;10;3;2352;150;2;5;95;0.6998;0.9891;0.4085;100;-0.0314;0.5299;-0.0005;2.3472;4.96
2026-02-18T09:26:56.755591;VisA/pipe_fryum;cont_0pct_none;0.0;none;10;10;0;0;150;3;5;95;0.7316;0.9895;0.4187;100;;;;;6.82
2026-02-18T09:27:28.696614;VisA/pipe_fryum;cont_0pct_ensemble_loo_mahal;0.0;ensemble_loo_mahal;10;10;0;392;150;3;5;95;0.7206;0.9869;0.3698;100;-0.0110;;-0.0026;;10.13
2026-02-18T09:27:49.608803;VisA/pipe_fryum;cont_0pct_oracle_patch;0.0;oracle_patch;10;10;0;0;150;3;5;95;0.7316;0.9895;0.4187;100;0.0000;;0.0000;;0.01
2026-02-18T09:28:18.184192;VisA/pipe_fryum;cont_30pct_none;0.3;none;10;10;3;0;150;3;5;95;0.6720;0.9899;0.4370;100;-0.0596;;0.0005;;6.79
2026-02-18T09:28:49.057535;VisA/pipe_fryum;cont_30pct_ensemble_loo_mahal;0.3;ensemble_loo_mahal;10;10;3;392;150;3;5;95;0.6916;0.9871;0.3775;100;-0.0400;0.3289;-0.0023;6.1548;9.91
2026-02-18T09:29:15.658858;VisA/pipe_fryum;cont_30pct_oracle_patch;0.3;oracle_patch;10;10;3;2352;150;3;5;95;0.7240;0.9893;0.4157;100;-0.0076;0.8725;-0.0001;1.3235;4.76
2026-02-18T09:29:43.470423;VisA/pipe_fryum;cont_0pct_none;0.0;none;10;10;0;0;150;4;5;95;0.7132;0.9894;0.4080;100;;;;;6.95
2026-02-18T09:30:14.181175;VisA/pipe_fryum;cont_0pct_ensemble_loo_mahal;0.0;ensemble_loo_mahal;10;10;0;392;150;4;5;95;0.7030;0.9871;0.3702;100;-0.0102;;-0.0024;;9.81
2026-02-18T09:30:34.826485;VisA/pipe_fryum;cont_0pct_oracle_patch;0.0;oracle_patch;10;10;0;0;150;4;5;95;0.7132;0.9894;0.4080;100;0.0000;;0.0000;;0.01
2026-02-18T09:31:02.351269;VisA/pipe_fryum;cont_30pct_none;0.3;none;10;10;3;0;150;4;5;95;0.6686;0.9904;0.5006;100;-0.0446;;0.0010;;6.26
2026-02-18T09:31:32.783476;VisA/pipe_fryum;cont_30pct_ensemble_loo_mahal;0.3;ensemble_loo_mahal;10;10;3;392;150;4;5;95;0.6872;0.9874;0.3733;100;-0.0260;0.4170;-0.0021;3.1174;9.13
2026-02-18T09:31:58.877858;VisA/pipe_fryum;cont_30pct_oracle_patch;0.3;oracle_patch;10;10;3;2352;150;4;5;95;0.7054;0.9892;0.4046;100;-0.0078;0.8251;-0.0003;1.2698;5.17
2026-02-18T09:32:56.775178;mvtec_loco_AD/breakfast_box;cont_0pct_none;0.0;none;10;10;0;0;275;0;5;95;0.7521;0.8883;0.4778;173;;;;;11.85
2026-02-18T09:33:52.271507;mvtec_loco_AD/breakfast_box;cont_0pct_ensemble_loo_mahal;0.0;ensemble_loo_mahal;10;10;0;392;275;0;5;95;0.7371;0.8863;0.4474;173;-0.0150;;-0.0020;;15.40
2026-02-18T09:34:33.005963;mvtec_loco_AD/breakfast_box;cont_0pct_oracle_patch;0.0;oracle_patch;10;10;0;0;275;0;5;95;0.7521;0.8883;0.4778;173;0.0000;;0.0000;;0.01
2026-02-18T09:35:24.842386;mvtec_loco_AD/breakfast_box;cont_30pct_none;0.3;none;10;10;3;0;275;0;5;95;0.7374;0.8335;0.3265;173;-0.0146;;-0.0548;;11.75
2026-02-18T09:36:20.017140;mvtec_loco_AD/breakfast_box;cont_30pct_ensemble_loo_mahal;0.3;ensemble_loo_mahal;10;10;3;392;275;0;5;95;0.7530;0.8461;0.3267;173;0.0009;1.0620;-0.0422;0.2297;15.48
2026-02-18T09:37:08.421284;mvtec_loco_AD/breakfast_box;cont_30pct_oracle_patch;0.3;oracle_patch;10;10;3;2352;275;0;5;95;0.7556;0.8909;0.4783;173;0.0036;1.2442;0.0026;1.0466;8.59
2026-02-18T09:38:02.040477;mvtec_loco_AD/breakfast_box;cont_0pct_none;0.0;none;10;10;0;0;275;1;5;95;0.7476;0.8901;0.4831;173;;;;;13.01
2026-02-18T09:38:57.647863;mvtec_loco_AD/breakfast_box;cont_0pct_ensemble_loo_mahal;0.0;ensemble_loo_mahal;10;10;0;392;275;1;5;95;0.7384;0.8878;0.4478;173;-0.0092;;-0.0023;;15.07
2026-02-18T09:39:37.989740;mvtec_loco_AD/breakfast_box;cont_0pct_oracle_patch;0.0;oracle_patch;10;10;0;0;275;1;5;95;0.7476;0.8901;0.4831;173;0.0000;;0.0000;;0.01
2026-02-18T09:40:29.595224;mvtec_loco_AD/breakfast_box;cont_30pct_none;0.3;none;10;10;3;0;275;1;5;95;0.7077;0.8796;0.4485;173;-0.0400;;-0.0105;;11.68
2026-02-18T09:41:24.323543;mvtec_loco_AD/breakfast_box;cont_30pct_ensemble_loo_mahal;0.3;ensemble_loo_mahal;10;10;3;392;275;1;5;95;0.7253;0.8821;0.4322;173;-0.0223;0.4411;-0.0081;0.2314;15.59
2026-02-18T09:42:15.042302;mvtec_loco_AD/breakfast_box;cont_30pct_oracle_patch;0.3;oracle_patch;10;10;3;2352;275;1;5;95;0.7313;0.8882;0.4743;173;-0.0163;0.5915;-0.0020;0.8119;8.85
2026-02-18T09:43:08.842660;mvtec_loco_AD/breakfast_box;cont_0pct_none;0.0;none;10;10;0;0;275;2;5;95;0.7826;0.8903;0.4818;173;;;;;11.99
2026-02-18T09:44:03.681211;mvtec_loco_AD/breakfast_box;cont_0pct_ensemble_loo_mahal;0.0;ensemble_loo_mahal;10;10;0;392;275;2;5;95;0.7761;0.8883;0.4492;173;-0.0065;;-0.0020;;14.73
2026-02-18T09:44:43.973294;mvtec_loco_AD/breakfast_box;cont_0pct_oracle_patch;0.0;oracle_patch;10;10;0;0;275;2;5;95;0.7826;0.8903;0.4818;173;0.0000;;0.0000;;0.01
2026-02-18T09:45:36.695975;mvtec_loco_AD/breakfast_box;cont_30pct_none;0.3;none;10;10;3;0;275;2;5;95;0.7615;0.8915;0.4852;173;-0.0210;;0.0013;;12.55
2026-02-18T09:46:33.394073;mvtec_loco_AD/breakfast_box;cont_30pct_ensemble_loo_mahal;0.3;ensemble_loo_mahal;10;10;3;392;275;2;5;95;0.7587;0.8901;0.4566;173;-0.0239;-0.1348;-0.0001;1.0935;15.48
2026-02-18T09:47:21.336469;mvtec_loco_AD/breakfast_box;cont_30pct_oracle_patch;0.3;oracle_patch;10;10;3;2352;275;2;5;95;0.7879;0.8898;0.4720;173;0.0053;1.2534;-0.0005;1.3684;8.88
2026-02-18T09:48:12.792789;mvtec_loco_AD/breakfast_box;cont_0pct_none;0.0;none;10;10;0;0;275;3;5;95;0.7397;0.8884;0.4695;173;;;;;12.00
2026-02-18T09:49:05.652345;mvtec_loco_AD/breakfast_box;cont_0pct_ensemble_loo_mahal;0.0;ensemble_loo_mahal;10;10;0;392;275;3;5;95;0.7292;0.8864;0.4361;173;-0.0105;;-0.0020;;13.77
2026-02-18T09:49:45.369428;mvtec_loco_AD/breakfast_box;cont_0pct_oracle_patch;0.0;oracle_patch;10;10;0;0;275;3;5;95;0.7397;0.8884;0.4695;173;0.0000;;0.0000;;0.01
2026-02-18T09:50:36.994877;mvtec_loco_AD/breakfast_box;cont_30pct_none;0.3;none;10;10;3;0;275;3;5;95;0.7152;0.8580;0.3659;173;-0.0245;;-0.0305;;11.78
2026-02-18T09:51:30.355982;mvtec_loco_AD/breakfast_box;cont_30pct_ensemble_loo_mahal;0.3;ensemble_loo_mahal;10;10;3;392;275;3;5;95;0.7220;0.8602;0.3557;173;-0.0177;0.2771;-0.0282;0.0741;14.47
2026-02-18T09:52:18.007547;mvtec_loco_AD/breakfast_box;cont_30pct_oracle_patch;0.3;oracle_patch;10;10;3;2352;275;3;5;95;0.7296;0.8872;0.4579;173;-0.0101;0.5889;-0.0013;0.9580;8.29
2026-02-18T09:53:09.248599;mvtec_loco_AD/breakfast_box;cont_0pct_none;0.0;none;10;10;0;0;275;4;5;95;0.7721;0.8898;0.4851;173;;;;;11.49
2026-02-18T09:54:05.234592;mvtec_loco_AD/breakfast_box;cont_0pct_ensemble_loo_mahal;0.0;ensemble_loo_mahal;10;10;0;392;275;4;5;95;0.7613;0.8881;0.4552;173;-0.0108;;-0.0017;;14.50
2026-02-18T09:54:45.125803;mvtec_loco_AD/breakfast_box;cont_0pct_oracle_patch;0.0;oracle_patch;10;10;0;0;275;4;5;95;0.7721;0.8898;0.4851;173;0.0000;;0.0000;;0.01
2026-02-18T09:55:39.929096;mvtec_loco_AD/breakfast_box;cont_30pct_none;0.3;none;10;10;3;0;275;4;5;95;0.7580;0.8886;0.4844;173;-0.0141;;-0.0013;;13.03
2026-02-18T09:56:36.034157;mvtec_loco_AD/breakfast_box;cont_30pct_ensemble_loo_mahal;0.3;ensemble_loo_mahal;10;10;3;392;275;4;5;95;0.7616;0.8875;0.4534;173;-0.0105;0.2570;-0.0023;-0.8491;15.53
2026-02-18T09:57:26.624695;mvtec_loco_AD/breakfast_box;cont_30pct_oracle_patch;0.3;oracle_patch;10;10;3;2352;275;4;5;95;0.7889;0.8894;0.4750;173;0.0168;2.1928;-0.0005;0.6254;8.72
2026-02-18T09:58:38.474392;mvtec_loco_AD/juice_bottle;cont_0pct_none;0.0;none;10;10;0;0;330;0;5;95;0.8342;0.9201;0.4688;236;;;;;14.98
2026-02-18T09:59:47.507290;mvtec_loco_AD/juice_bottle;cont_0pct_ensemble_loo_mahal;0.0;ensemble_loo_mahal;10;10;0;392;330;0;5;95;0.8322;0.9133;0.3513;236;-0.0020;;-0.0067;;17.65
2026-02-18T10:00:38.441900;mvtec_loco_AD/juice_bottle;cont_0pct_oracle_patch;0.0;oracle_patch;10;10;0;0;330;0;5;95;0.8342;0.9201;0.4688;236;0.0000;;0.0000;;0.02
2026-02-18T10:01:43.392303;mvtec_loco_AD/juice_bottle;cont_30pct_none;0.3;none;10;10;3;0;330;0;5;95;0.8104;0.9166;0.4355;236;-0.0238;;-0.0035;;15.27
2026-02-18T10:02:52.640440;mvtec_loco_AD/juice_bottle;cont_30pct_ensemble_loo_mahal;0.3;ensemble_loo_mahal;10;10;3;392;330;0;5;95;0.8125;0.9108;0.3293;236;-0.0217;0.0907;-0.0093;-1.6533;18.43
2026-02-18T10:03:55.294650;mvtec_loco_AD/juice_bottle;cont_30pct_oracle_patch;0.3;oracle_patch;10;10;3;2352;330;0;5;95;0.8174;0.9179;0.4368;236;-0.0168;0.2949;-0.0021;0.3883;10.84
2026-02-18T10:05:04.350747;mvtec_loco_AD/juice_bottle;cont_0pct_none;0.0;none;10;10;0;0;330;1;5;95;0.8553;0.9199;0.4691;236;;;;;15.68
2026-02-18T10:06:14.764968;mvtec_loco_AD/juice_bottle;cont_0pct_ensemble_loo_mahal;0.0;ensemble_loo_mahal;10;10;0;392;330;1;5;95;0.8300;0.9111;0.3234;236;-0.0253;;-0.0088;;18.02
2026-02-18T10:07:06.555881;mvtec_loco_AD/juice_bottle;cont_0pct_oracle_patch;0.0;oracle_patch;10;10;0;0;330;1;5;95;0.8553;0.9199;0.4691;236;0.0000;;0.0000;;0.01
2026-02-18T10:08:12.471670;mvtec_loco_AD/juice_bottle;cont_30pct_none;0.3;none;10;10;3;0;330;1;5;95;0.7902;0.9153;0.4301;236;-0.0651;;-0.0046;;14.97
2026-02-18T10:09:21.288005;mvtec_loco_AD/juice_bottle;cont_30pct_ensemble_loo_mahal;0.3;ensemble_loo_mahal;10;10;3;392;330;1;5;95;0.7928;0.9100;0.3343;236;-0.0625;0.0395;-0.0099;-1.1370;18.03
2026-02-18T10:10:25.161762;mvtec_loco_AD/juice_bottle;cont_30pct_oracle_patch;0.3;oracle_patch;10;10;3;2352;330;1;5;95;0.8103;0.9164;0.4247;236;-0.0450;0.3082;-0.0035;0.2392;11.21
2026-02-18T10:11:32.944620;mvtec_loco_AD/juice_bottle;cont_0pct_none;0.0;none;10;10;0;0;330;2;5;95;0.8329;0.9193;0.4672;236;;;;;15.41
2026-02-18T10:12:41.535184;mvtec_loco_AD/juice_bottle;cont_0pct_ensemble_loo_mahal;0.0;ensemble_loo_mahal;10;10;0;392;330;2;5;95;0.8033;0.9118;0.3380;236;-0.0296;;-0.0075;;17.51
2026-02-18T10:13:31.243068;mvtec_loco_AD/juice_bottle;cont_0pct_oracle_patch;0.0;oracle_patch;10;10;0;0;330;2;5;95;0.8329;0.9193;0.4672;236;0.0000;;0.0000;;0.01
2026-02-18T10:14:37.491406;mvtec_loco_AD/juice_bottle;cont_30pct_none;0.3;none;10;10;3;0;330;2;5;95;0.7757;0.9121;0.3862;236;-0.0572;;-0.0072;;15.05
2026-02-18T10:15:46.704137;mvtec_loco_AD/juice_bottle;cont_30pct_ensemble_loo_mahal;0.3;ensemble_loo_mahal;10;10;3;392;330;2;5;95;0.7774;0.9107;0.3365;236;-0.0555;0.0299;-0.0086;-0.2004;17.62
2026-02-18T10:16:48.846465;mvtec_loco_AD/juice_bottle;cont_30pct_oracle_patch;0.3;oracle_patch;10;10;3;2352;330;2;5;95;0.8036;0.9163;0.4280;236;-0.0294;0.4866;-0.0030;0.5773;10.01
2026-02-18T10:17:56.831510;mvtec_loco_AD/juice_bottle;cont_0pct_none;0.0;none;10;10;0;0;330;3;5;95;0.8522;0.9180;0.4642;236;;;;;15.61
2026-02-18T10:19:05.690385;mvtec_loco_AD/juice_bottle;cont_0pct_ensemble_loo_mahal;0.0;ensemble_loo_mahal;10;10;0;392;330;3;5;95;0.8375;0.9100;0.3339;236;-0.0147;;-0.0080;;17.34
2026-02-18T10:19:56.112554;mvtec_loco_AD/juice_bottle;cont_0pct_oracle_patch;0.0;oracle_patch;10;10;0;0;330;3;5;95;0.8522;0.9180;0.4642;236;0.0000;;0.0000;;0.01
2026-02-18T10:21:01.928689;mvtec_loco_AD/juice_bottle;cont_30pct_none;0.3;none;10;10;3;0;330;3;5;95;0.8537;0.9123;0.4242;236;0.0014;;-0.0057;;14.61
2026-02-18T10:22:12.271287;mvtec_loco_AD/juice_bottle;cont_30pct_ensemble_loo_mahal;0.3;ensemble_loo_mahal;10;10;3;392;330;3;5;95;0.8339;0.9074;0.3294;236;-0.0183;13.6875;-0.0105;-0.8527;18.90
2026-02-18T10:23:14.983965;mvtec_loco_AD/juice_bottle;cont_30pct_oracle_patch;0.3;oracle_patch;10;10;3;2352;330;3;5;95;0.8521;0.9151;0.4287;236;-0.0001;1.0938;-0.0029;0.4977;10.85
2026-02-18T10:24:20.491061;mvtec_loco_AD/juice_bottle;cont_0pct_none;0.0;none;10;10;0;0;330;4;5;95;0.7709;0.9153;0.3979;236;;;;;14.87
2026-02-18T10:25:29.022423;mvtec_loco_AD/juice_bottle;cont_0pct_ensemble_loo_mahal;0.0;ensemble_loo_mahal;10;10;0;392;330;4;5;95;0.7715;0.9084;0.3253;236;0.0005;;-0.0069;;18.35
2026-02-18T10:26:19.999097;mvtec_loco_AD/juice_bottle;cont_0pct_oracle_patch;0.0;oracle_patch;10;10;0;0;330;4;5;95;0.7709;0.9153;0.3979;236;0.0000;;0.0000;;0.01
2026-02-18T10:27:26.707377;mvtec_loco_AD/juice_bottle;cont_30pct_none;0.3;none;10;10;3;0;330;4;5;95;0.7758;0.9145;0.3843;236;0.0049;;-0.0008;;14.86
2026-02-18T10:28:37.397201;mvtec_loco_AD/juice_bottle;cont_30pct_ensemble_loo_mahal;0.3;ensemble_loo_mahal;10;10;3;392;330;4;5;95;0.7830;0.9102;0.3340;236;0.0121;-1.4679;-0.0051;-5.5269;18.54
2026-02-18T10:29:39.050338;mvtec_loco_AD/juice_bottle;cont_30pct_oracle_patch;0.3;oracle_patch;10;10;3;2352;330;4;5;95;0.7678;0.9141;0.3889;236;-0.0032;1.6422;-0.0012;-0.5946;9.74
2026-02-18T10:30:49.638160;mvtec_loco_AD/pushpins;cont_0pct_none;0.0;none;10;10;0;0;310;0;5;95;0.5708;0.6711;0.0658;172;;;;;15.22
2026-02-18T10:31:53.920970;mvtec_loco_AD/pushpins;cont_0pct_ensemble_loo_mahal;0.0;ensemble_loo_mahal;10;10;0;392;310;0;5;95;0.5526;0.6672;0.0597;172;-0.0182;;-0.0039;;17.27
2026-02-18T10:32:41.950813;mvtec_loco_AD/pushpins;cont_0pct_oracle_patch;0.0;oracle_patch;10;10;0;0;310;0;5;95;0.5708;0.6711;0.0658;172;0.0000;;0.0000;;0.01
2026-02-18T10:33:45.559392;mvtec_loco_AD/pushpins;cont_30pct_none;0.3;none;10;10;3;0;310;0;5;95;0.5426;0.6729;0.0653;172;-0.0282;;0.0018;;15.15
2026-02-18T10:34:50.783553;mvtec_loco_AD/pushpins;cont_30pct_ensemble_loo_mahal;0.3;ensemble_loo_mahal;10;10;3;392;310;0;5;95;0.5462;0.6692;0.0594;172;-0.0246;0.1269;-0.0019;2.0966;17.25
2026-02-18T10:35:49.128760;mvtec_loco_AD/pushpins;cont_30pct_oracle_patch;0.3;oracle_patch;10;10;3;2352;310;0;5;95;0.5665;0.6727;0.0658;172;-0.0043;0.8478;0.0016;0.0651;9.95
2026-02-18T10:36:52.971810;mvtec_loco_AD/pushpins;cont_0pct_none;0.0;none;10;10;0;0;310;1;5;95;0.5729;0.6854;0.0680;172;;;;;13.77
2026-02-18T10:37:57.572649;mvtec_loco_AD/pushpins;cont_0pct_ensemble_loo_mahal;0.0;ensemble_loo_mahal;10;10;0;392;310;1;5;95;0.5760;0.6810;0.0603;172;0.0031;;-0.0044;;16.83
2026-02-18T10:38:46.087642;mvtec_loco_AD/pushpins;cont_0pct_oracle_patch;0.0;oracle_patch;10;10;0;0;310;1;5;95;0.5729;0.6854;0.0680;172;0.0000;;0.0000;;0.01
2026-02-18T10:39:47.770138;mvtec_loco_AD/pushpins;cont_30pct_none;0.3;none;10;10;3;0;310;1;5;95;0.5882;0.6780;0.0677;172;0.0153;;-0.0073;;14.51
2026-02-18T10:40:52.786346;mvtec_loco_AD/pushpins;cont_30pct_ensemble_loo_mahal;0.3;ensemble_loo_mahal;10;10;3;392;310;1;5;95;0.5838;0.6742;0.0584;172;0.0109;0.2865;-0.0112;-0.5297;17.35
2026-02-18T10:41:51.037866;mvtec_loco_AD/pushpins;cont_30pct_oracle_patch;0.3;oracle_patch;10;10;3;2352;310;1;5;95;0.5979;0.6815;0.0666;172;0.0250;-0.6364;-0.0038;0.4744;10.13
2026-02-18T10:42:51.854271;mvtec_loco_AD/pushpins;cont_0pct_none;0.0;none;10;10;0;0;310;2;5;95;0.5598;0.6731;0.0674;172;;;;;13.46
2026-02-18T10:43:57.854807;mvtec_loco_AD/pushpins;cont_0pct_ensemble_loo_mahal;0.0;ensemble_loo_mahal;10;10;0;392;310;2;5;95;0.5530;0.6693;0.0598;172;-0.0068;;-0.0037;;17.92
2026-02-18T10:44:47.794084;mvtec_loco_AD/pushpins;cont_0pct_oracle_patch;0.0;oracle_patch;10;10;0;0;310;2;5;95;0.5598;0.6731;0.0674;172;0.0000;;0.0000;;0.01
2026-02-18T10:45:46.262100;mvtec_loco_AD/pushpins;cont_30pct_none;0.3;none;10;10;3;0;310;2;5;95;0.5452;0.6661;0.0668;172;-0.0147;;-0.0070;;14.51
2026-02-18T10:46:43.364392;mvtec_loco_AD/pushpins;cont_30pct_ensemble_loo_mahal;0.3;ensemble_loo_mahal;10;10;3;392;310;2;5;95;0.5182;0.6623;0.0577;172;-0.0416;-1.8362;-0.0107;-0.5390;15.53
2026-02-18T10:47:33.981358;mvtec_loco_AD/pushpins;cont_30pct_oracle_patch;0.3;oracle_patch;10;10;3;2352;310;2;5;95;0.5482;0.6647;0.0657;172;-0.0116;0.2098;-0.0084;-0.1980;8.97
2026-02-18T10:48:27.394921;mvtec_loco_AD/pushpins;cont_0pct_none;0.0;none;10;10;0;0;310;3;5;95;0.5546;0.6614;0.0653;172;;;;;12.44
2026-02-18T10:49:23.377958;mvtec_loco_AD/pushpins;cont_0pct_ensemble_loo_mahal;0.0;ensemble_loo_mahal;10;10;0;392;310;3;5;95;0.5694;0.6574;0.0586;172;0.0147;;-0.0040;;14.45
2026-02-18T10:50:08.425660;mvtec_loco_AD/pushpins;cont_0pct_oracle_patch;0.0;oracle_patch;10;10;0;0;310;3;5;95;0.5546;0.6614;0.0653;172;0.0000;;0.0000;;0.01
2026-02-18T10:51:09.122202;mvtec_loco_AD/pushpins;cont_30pct_none;0.3;none;10;10;3;0;310;3;5;95;0.5574;0.6761;0.0698;172;0.0028;;0.0146;;13.70
2026-02-18T10:52:11.432157;mvtec_loco_AD/pushpins;cont_30pct_ensemble_loo_mahal;0.3;ensemble_loo_mahal;10;10;3;392;310;3;5;95;0.5485;0.6723;0.0596;172;-0.0061;3.1970;0.0109;0.2534;15.41
2026-02-18T10:53:06.836805;mvtec_loco_AD/pushpins;cont_30pct_oracle_patch;0.3;oracle_patch;10;10;3;2352;310;3;5;95;0.5570;0.6619;0.0636;172;0.0023;0.1667;0.0005;0.9676;9.47
2026-02-18T10:54:06.536846;mvtec_loco_AD/pushpins;cont_0pct_none;0.0;none;10;10;0;0;310;4;5;95;0.5855;0.6662;0.0641;172;;;;;13.16
2026-02-18T10:55:10.288721;mvtec_loco_AD/pushpins;cont_0pct_ensemble_loo_mahal;0.0;ensemble_loo_mahal;10;10;0;392;310;4;5;95;0.5505;0.6615;0.0579;172;-0.0351;;-0.0048;;16.48
2026-02-18T10:55:55.756919;mvtec_loco_AD/pushpins;cont_0pct_oracle_patch;0.0;oracle_patch;10;10;0;0;310;4;5;95;0.5855;0.6662;0.0641;172;0.0000;;0.0000;;0.01
2026-02-18T10:56:54.943351;mvtec_loco_AD/pushpins;cont_30pct_none;0.3;none;10;10;3;0;310;4;5;95;0.5603;0.6530;0.0621;172;-0.0252;;-0.0132;;13.33
2026-02-18T10:57:59.368375;mvtec_loco_AD/pushpins;cont_30pct_ensemble_loo_mahal;0.3;ensemble_loo_mahal;10;10;3;392;310;4;5;95;0.5529;0.6500;0.0556;172;-0.0327;-0.2938;-0.0163;-0.2303;17.10
2026-02-18T10:58:58.593959;mvtec_loco_AD/pushpins;cont_30pct_oracle_patch;0.3;oracle_patch;10;10;3;2352;310;4;5;95;0.5710;0.6581;0.0623;172;-0.0145;0.4240;-0.0081;0.3879;10.71
2026-02-18T11:00:15.343613;mvtec_loco_AD/screw_bag;cont_0pct_none;0.0;none;10;10;0;0;341;0;5;95;0.5227;0.7206;0.1387;219;;;;;16.75
2026-02-18T11:01:26.520163;mvtec_loco_AD/screw_bag;cont_0pct_ensemble_loo_mahal;0.0;ensemble_loo_mahal;10;10;0;392;341;0;5;95;0.5214;0.7199;0.1358;219;-0.0013;;-0.0007;;18.72
2026-02-18T11:02:19.643115;mvtec_loco_AD/screw_bag;cont_0pct_oracle_patch;0.0;oracle_patch;10;10;0;0;341;0;5;95;0.5227;0.7206;0.1387;219;0.0000;;0.0000;;0.01
2026-02-18T11:03:28.155423;mvtec_loco_AD/screw_bag;cont_30pct_none;0.3;none;10;10;3;0;341;0;5;95;0.5144;0.7148;0.1365;219;-0.0083;;-0.0058;;16.21
2026-02-18T11:04:39.087806;mvtec_loco_AD/screw_bag;cont_30pct_ensemble_loo_mahal;0.3;ensemble_loo_mahal;10;10;3;392;341;0;5;95;0.5078;0.7141;0.1339;219;-0.0149;-0.7973;-0.0065;-0.1177;18.75
2026-02-18T11:05:41.971923;mvtec_loco_AD/screw_bag;cont_30pct_oracle_patch;0.3;oracle_patch;10;10;3;2352;341;0;5;95;0.5388;0.7175;0.1376;219;0.0161;2.9324;-0.0031;0.4737;11.21
2026-02-18T11:06:51.521972;mvtec_loco_AD/screw_bag;cont_0pct_none;0.0;none;10;10;0;0;341;1;5;95;0.5133;0.7228;0.1398;219;;;;;16.08
2026-02-18T11:08:03.506638;mvtec_loco_AD/screw_bag;cont_0pct_ensemble_loo_mahal;0.0;ensemble_loo_mahal;10;10;0;392;341;1;5;95;0.5143;0.7220;0.1364;219;0.0009;;-0.0007;;18.09
2026-02-18T11:08:56.559099;mvtec_loco_AD/screw_bag;cont_0pct_oracle_patch;0.0;oracle_patch;10;10;0;0;341;1;5;95;0.5133;0.7228;0.1398;219;0.0000;;0.0000;;0.01
2026-02-18T11:10:04.272261;mvtec_loco_AD/screw_bag;cont_30pct_none;0.3;none;10;10;3;0;341;1;5;95;0.5272;0.7194;0.1391;219;0.0139;;-0.0034;;16.06
2026-02-18T11:11:13.155944;mvtec_loco_AD/screw_bag;cont_30pct_ensemble_loo_mahal;0.3;ensemble_loo_mahal;10;10;3;392;341;1;5;95;0.5259;0.7191;0.1359;219;0.0125;0.0995;-0.0037;-0.0939;19.11
2026-02-18T11:11:53.524745;mvtec_loco_AD/screw_bag;cont_30pct_oracle_patch;0.3;oracle_patch;10;10;3;2352;341;1;5;95;0.5198;0.7229;0.1394;219;0.0064;0.5376;0.0002;1.0518;8.22
2026-02-18T11:12:36.800602;mvtec_loco_AD/screw_bag;cont_0pct_none;0.0;none;10;10;0;0;341;2;5;95;0.5595;0.7210;0.1402;219;;;;;11.09
2026-02-18T11:13:21.498563;mvtec_loco_AD/screw_bag;cont_0pct_ensemble_loo_mahal;0.0;ensemble_loo_mahal;10;10;0;392;341;2;5;95;0.5483;0.7199;0.1364;219;-0.0112;;-0.0011;;12.87
2026-02-18T11:13:53.018102;mvtec_loco_AD/screw_bag;cont_0pct_oracle_patch;0.0;oracle_patch;10;10;0;0;341;2;5;95;0.5595;0.7210;0.1402;219;0.0000;;0.0000;;0.01
2026-02-18T11:14:35.515425;mvtec_loco_AD/screw_bag;cont_30pct_none;0.3;none;10;10;3;0;341;2;5;95;0.5665;0.7231;0.1407;219;0.0070;;0.0021;;11.24
2026-02-18T11:15:20.356345;mvtec_loco_AD/screw_bag;cont_30pct_ensemble_loo_mahal;0.3;ensemble_loo_mahal;10;10;3;392;341;2;5;95;0.5578;0.7219;0.1371;219;-0.0017;1.2394;0.0009;0.5772;13.38
2026-02-18T11:15:58.909952;mvtec_loco_AD/screw_bag;cont_30pct_oracle_patch;0.3;oracle_patch;10;10;3;2352;341;2;5;95;0.5585;0.7197;0.1391;219;-0.0009;1.1330;-0.0013;1.6317;7.78
2026-02-18T11:16:41.260984;mvtec_loco_AD/screw_bag;cont_0pct_none;0.0;none;10;10;0;0;341;3;5;95;0.5104;0.7180;0.1370;219;;;;;11.07
2026-02-18T11:17:24.961368;mvtec_loco_AD/screw_bag;cont_0pct_ensemble_loo_mahal;0.0;ensemble_loo_mahal;10;10;0;392;341;3;5;95;0.5246;0.7173;0.1347;219;0.0143;;-0.0007;;12.80
2026-02-18T11:17:56.052059;mvtec_loco_AD/screw_bag;cont_0pct_oracle_patch;0.0;oracle_patch;10;10;0;0;341;3;5;95;0.5104;0.7180;0.1370;219;0.0000;;0.0000;;0.01
2026-02-18T11:18:37.843591;mvtec_loco_AD/screw_bag;cont_30pct_none;0.3;none;10;10;3;0;341;3;5;95;0.4919;0.7146;0.1363;219;-0.0185;;-0.0034;;10.70
2026-02-18T11:19:20.822808;mvtec_loco_AD/screw_bag;cont_30pct_ensemble_loo_mahal;0.3;ensemble_loo_mahal;10;10;3;392;341;3;5;95;0.4951;0.7141;0.1335;219;-0.0153;0.1741;-0.0039;-0.1599;11.88
2026-02-18T11:19:59.495637;mvtec_loco_AD/screw_bag;cont_30pct_oracle_patch;0.3;oracle_patch;10;10;3;2352;341;3;5;95;0.4990;0.7181;0.1373;219;-0.0113;0.3866;0.0001;1.0193;7.67
2026-02-18T11:20:41.426390;mvtec_loco_AD/screw_bag;cont_0pct_none;0.0;none;10;10;0;0;341;4;5;95;0.5322;0.7205;0.1389;219;;;;;10.37
2026-02-18T11:21:25.464335;mvtec_loco_AD/screw_bag;cont_0pct_ensemble_loo_mahal;0.0;ensemble_loo_mahal;10;10;0;392;341;4;5;95;0.5175;0.7198;0.1361;219;-0.0147;;-0.0006;;12.57
2026-02-18T11:21:56.208586;mvtec_loco_AD/screw_bag;cont_0pct_oracle_patch;0.0;oracle_patch;10;10;0;0;341;4;5;95;0.5322;0.7205;0.1389;219;0.0000;;0.0000;;0.01
2026-02-18T11:22:38.146672;mvtec_loco_AD/screw_bag;cont_30pct_none;0.3;none;10;10;3;0;341;4;5;95;0.5265;0.7074;0.1348;219;-0.0057;;-0.0131;;10.88
2026-02-18T11:23:21.885658;mvtec_loco_AD/screw_bag;cont_30pct_ensemble_loo_mahal;0.3;ensemble_loo_mahal;10;10;3;392;341;4;5;95;0.5265;0.7075;0.1323;219;-0.0057;-0.0066;-0.0130;0.0087;12.84
2026-02-18T11:24:03.294711;mvtec_loco_AD/screw_bag;cont_30pct_oracle_patch;0.3;oracle_patch;10;10;3;2352;341;4;5;95;0.5511;0.7173;0.1374;219;0.0189;4.3510;-0.0032;0.7544;7.41
2026-02-18T11:24:45.153635;mvtec_loco_AD/splicing_connectors;cont_0pct_none;0.0;none;10;10;0;0;312;0;5;95;0.7209;0.6942;0.1865;193;;;;;10.09
2026-02-18T11:25:25.328670;mvtec_loco_AD/splicing_connectors;cont_0pct_ensemble_loo_mahal;0.0;ensemble_loo_mahal;10;10;0;392;312;0;5;95;0.6994;0.6918;0.1608;193;-0.0215;;-0.0024;;12.04
2026-02-18T11:25:53.430205;mvtec_loco_AD/splicing_connectors;cont_0pct_oracle_patch;0.0;oracle_patch;10;10;0;0;312;0;5;95;0.7209;0.6942;0.1865;193;0.0000;;0.0000;;0.01
2026-02-18T11:26:30.970826;mvtec_loco_AD/splicing_connectors;cont_30pct_none;0.3;none;10;10;3;0;312;0;5;95;0.7325;0.7044;0.1916;193;0.0116;;0.0102;;9.59
2026-02-18T11:27:10.291066;mvtec_loco_AD/splicing_connectors;cont_30pct_ensemble_loo_mahal;0.3;ensemble_loo_mahal;10;10;3;392;312;0;5;95;0.7110;0.7023;0.1669;193;-0.0099;1.8502;0.0081;0.2112;11.34
2026-02-18T11:27:45.457992;mvtec_loco_AD/splicing_connectors;cont_30pct_oracle_patch;0.3;oracle_patch;10;10;3;2352;312;0;5;95;0.6934;0.6940;0.1856;193;-0.0275;3.3670;-0.0002;1.0168;6.98
2026-02-18T11:28:23.542742;mvtec_loco_AD/splicing_connectors;cont_0pct_none;0.0;none;10;10;0;0;312;1;5;95;0.7320;0.7033;0.1869;193;;;;;9.43
2026-02-18T11:29:03.255850;mvtec_loco_AD/splicing_connectors;cont_0pct_ensemble_loo_mahal;0.0;ensemble_loo_mahal;10;10;0;392;312;1;5;95;0.6977;0.7011;0.1649;193;-0.0343;;-0.0022;;11.05
2026-02-18T11:29:31.718336;mvtec_loco_AD/splicing_connectors;cont_0pct_oracle_patch;0.0;oracle_patch;10;10;0;0;312;1;5;95;0.7320;0.7033;0.1869;193;0.0000;;0.0000;;0.01
2026-02-18T11:30:09.900509;mvtec_loco_AD/splicing_connectors;cont_30pct_none;0.3;none;10;10;3;0;312;1;5;95;0.7039;0.6579;0.1614;193;-0.0281;;-0.0454;;9.75
2026-02-18T11:30:49.574013;mvtec_loco_AD/splicing_connectors;cont_30pct_ensemble_loo_mahal;0.3;ensemble_loo_mahal;10;10;3;392;312;1;5;95;0.7060;0.6578;0.1511;193;-0.0260;0.0744;-0.0455;-0.0014;11.34
2026-02-18T11:31:24.684552;mvtec_loco_AD/splicing_connectors;cont_30pct_oracle_patch;0.3;oracle_patch;10;10;3;2352;312;1;5;95;0.7122;0.7002;0.1849;193;-0.0198;0.2946;-0.0031;0.9327;6.79
2026-02-18T11:32:02.876561;mvtec_loco_AD/splicing_connectors;cont_0pct_none;0.0;none;10;10;0;0;312;2;5;95;0.7356;0.7108;0.1916;193;;;;;9.66
2026-02-18T11:32:42.937853;mvtec_loco_AD/splicing_connectors;cont_0pct_ensemble_loo_mahal;0.0;ensemble_loo_mahal;10;10;0;392;312;2;5;95;0.7397;0.7079;0.1661;193;0.0041;;-0.0029;;11.63
2026-02-18T11:33:11.229794;mvtec_loco_AD/splicing_connectors;cont_0pct_oracle_patch;0.0;oracle_patch;10;10;0;0;312;2;5;95;0.7356;0.7108;0.1916;193;0.0000;;0.0000;;0.01
2026-02-18T11:33:49.384041;mvtec_loco_AD/splicing_connectors;cont_30pct_none;0.3;none;10;10;3;0;312;2;5;95;0.7081;0.6651;0.1770;193;-0.0275;;-0.0457;;9.84
2026-02-18T11:34:29.626976;mvtec_loco_AD/splicing_connectors;cont_30pct_ensemble_loo_mahal;0.3;ensemble_loo_mahal;10;10;3;392;312;2;5;95;0.6978;0.6624;0.1529;193;-0.0378;-0.3750;-0.0484;-0.0591;11.75
2026-02-18T11:35:04.845840;mvtec_loco_AD/splicing_connectors;cont_30pct_oracle_patch;0.3;oracle_patch;10;10;3;2352;312;2;5;95;0.7165;0.7073;0.1854;193;-0.0192;0.3038;-0.0036;0.9223;6.81
2026-02-18T11:35:43.165952;mvtec_loco_AD/splicing_connectors;cont_0pct_none;0.0;none;10;10;0;0;312;3;5;95;0.7343;0.7035;0.1875;193;;;;;9.81
2026-02-18T11:36:23.053531;mvtec_loco_AD/splicing_connectors;cont_0pct_ensemble_loo_mahal;0.0;ensemble_loo_mahal;10;10;0;392;312;3;5;95;0.7007;0.7014;0.1650;193;-0.0336;;-0.0022;;11.33
2026-02-18T11:36:51.298815;mvtec_loco_AD/splicing_connectors;cont_0pct_oracle_patch;0.0;oracle_patch;10;10;0;0;312;3;5;95;0.7343;0.7035;0.1875;193;0.0000;;0.0000;;0.01
2026-02-18T11:37:29.188562;mvtec_loco_AD/splicing_connectors;cont_30pct_none;0.3;none;10;10;3;0;312;3;5;95;0.7161;0.6986;0.1826;193;-0.0182;;-0.0050;;9.57
2026-02-18T11:38:09.236681;mvtec_loco_AD/splicing_connectors;cont_30pct_ensemble_loo_mahal;0.3;ensemble_loo_mahal;10;10;3;392;312;3;5;95;0.7019;0.6973;0.1622;193;-0.0324;-0.7775;-0.0062;-0.2489;11.58
2026-02-18T11:38:44.713247;mvtec_loco_AD/splicing_connectors;cont_30pct_oracle_patch;0.3;oracle_patch;10;10;3;2352;312;3;5;95;0.7124;0.6973;0.1821;193;-0.0219;-0.2010;-0.0062;-0.2540;6.83
2026-02-18T11:39:22.963070;mvtec_loco_AD/splicing_connectors;cont_0pct_none;0.0;none;10;10;0;0;312;4;5;95;0.7296;0.7002;0.1830;193;;;;;9.74
2026-02-18T11:40:03.587247;mvtec_loco_AD/splicing_connectors;cont_0pct_ensemble_loo_mahal;0.0;ensemble_loo_mahal;10;10;0;392;312;4;5;95;0.7283;0.6978;0.1633;193;-0.0013;;-0.0024;;11.87
2026-02-18T11:40:31.737810;mvtec_loco_AD/splicing_connectors;cont_0pct_oracle_patch;0.0;oracle_patch;10;10;0;0;312;4;5;95;0.7296;0.7002;0.1830;193;0.0000;;0.0000;;0.01
2026-02-18T11:41:09.853321;mvtec_loco_AD/splicing_connectors;cont_30pct_none;0.3;none;10;10;3;0;312;4;5;95;0.7358;0.6979;0.1850;193;0.0062;;-0.0023;;9.54
2026-02-18T11:41:50.962644;mvtec_loco_AD/splicing_connectors;cont_30pct_ensemble_loo_mahal;0.3;ensemble_loo_mahal;10;10;3;392;312;4;5;95;0.7100;0.6951;0.1664;193;-0.0196;4.1469;-0.0050;-1.1880;11.80
2026-02-18T11:42:27.041166;mvtec_loco_AD/splicing_connectors;cont_30pct_oracle_patch;0.3;oracle_patch;10;10;3;2352;312;4;5;95;0.7269;0.6926;0.1767;193;-0.0027;1.4406;-0.0076;-2.2948;7.05
2026-02-18T11:42:36.704184;btad/01;cont_0pct_none;0.0;none;10;10;0;0;70;0;5;95;0.9854;0.9758;0.6435;49;;;;;2.19
2026-02-18T11:42:47.165502;btad/01;cont_0pct_ensemble_loo_mahal;0.0;ensemble_loo_mahal;10;10;0;392;70;0;5;95;0.9815;0.9753;0.6318;49;-0.0039;;-0.0004;;4.34
2026-02-18T11:42:53.213201;btad/01;cont_0pct_oracle_patch;0.0;oracle_patch;10;10;0;0;70;0;5;95;0.9854;0.9758;0.6435;49;0.0000;;0.0000;;0.01
2026-02-18T11:43:01.533390;btad/01;cont_30pct_none;0.3;none;10;10;3;0;70;0;5;95;0.9524;0.9556;0.5398;49;-0.0330;;-0.0202;;2.40
2026-02-18T11:43:11.719091;btad/01;cont_30pct_ensemble_loo_mahal;0.3;ensemble_loo_mahal;10;10;3;392;70;0;5;95;0.9592;0.9742;0.6403;49;-0.0262;0.2059;-0.0016;0.9202;4.38
2026-02-18T11:43:19.282326;btad/01;cont_30pct_oracle_patch;0.3;oracle_patch;10;10;3;2352;70;0;5;95;0.9796;0.9754;0.6432;49;-0.0058;0.8235;-0.0004;0.9790;1.55
2026-02-18T11:43:27.705741;btad/01;cont_0pct_none;0.0;none;10;10;0;0;70;1;5;95;0.9767;0.9744;0.6353;49;;;;;2.22
2026-02-18T11:43:38.278637;btad/01;cont_0pct_ensemble_loo_mahal;0.0;ensemble_loo_mahal;10;10;0;392;70;1;5;95;0.9767;0.9739;0.6251;49;0.0000;;-0.0005;;4.75
2026-02-18T11:43:43.970599;btad/01;cont_0pct_oracle_patch;0.0;oracle_patch;10;10;0;0;70;1;5;95;0.9767;0.9744;0.6353;49;0.0000;;0.0000;;0.01
2026-02-18T11:43:52.298593;btad/01;cont_30pct_none;0.3;none;10;10;3;0;70;1;5;95;0.9339;0.9593;0.5817;49;-0.0428;;-0.0150;;2.27
2026-02-18T11:44:02.748015;btad/01;cont_30pct_ensemble_loo_mahal;0.3;ensemble_loo_mahal;10;10;3;392;70;1;5;95;0.9553;0.9747;0.6369;49;-0.0214;0.5000;0.0003;1.0226;4.34
2026-02-18T11:44:10.121594;btad/01;cont_30pct_oracle_patch;0.3;oracle_patch;10;10;3;2352;70;1;5;95;0.9767;0.9739;0.6337;49;0.0000;1.0000;-0.0004;0.9703;1.51
2026-02-18T11:44:18.224951;btad/01;cont_0pct_none;0.0;none;10;10;0;0;70;2;5;95;0.9708;0.9751;0.6400;49;;;;;2.27
2026-02-18T11:44:28.498015;btad/01;cont_0pct_ensemble_loo_mahal;0.0;ensemble_loo_mahal;10;10;0;392;70;2;5;95;0.9757;0.9747;0.6304;49;0.0049;;-0.0004;;4.46
2026-02-18T11:44:34.449728;btad/01;cont_0pct_oracle_patch;0.0;oracle_patch;10;10;0;0;70;2;5;95;0.9708;0.9751;0.6400;49;0.0000;;0.0000;;0.01
2026-02-18T11:44:42.728959;btad/01;cont_30pct_none;0.3;none;10;10;3;0;70;2;5;95;0.9213;0.9623;0.5709;49;-0.0496;;-0.0128;;2.49
2026-02-18T11:44:52.934595;btad/01;cont_30pct_ensemble_loo_mahal;0.3;ensemble_loo_mahal;10;10;3;392;70;2;5;95;0.9670;0.9756;0.6410;49;-0.0039;0.9216;0.0005;1.0391;4.39
2026-02-18T11:45:00.554156;btad/01;cont_30pct_oracle_patch;0.3;oracle_patch;10;10;3;2352;70;2;5;95;0.9679;0.9748;0.6384;49;-0.0029;0.9412;-0.0004;0.9712;1.52
2026-02-18T11:45:08.859036;btad/01;cont_0pct_none;0.0;none;10;10;0;0;70;3;5;95;0.9767;0.9752;0.6404;49;;;;;2.39
2026-02-18T11:45:19.599105;btad/01;cont_0pct_ensemble_loo_mahal;0.0;ensemble_loo_mahal;10;10;0;392;70;3;5;95;0.9786;0.9745;0.6298;49;0.0019;;-0.0007;;4.68
2026-02-18T11:45:25.504285;btad/01;cont_0pct_oracle_patch;0.0;oracle_patch;10;10;0;0;70;3;5;95;0.9767;0.9752;0.6404;49;0.0000;;0.0000;;0.01
2026-02-18T11:45:33.552343;btad/01;cont_30pct_none;0.3;none;10;10;3;0;70;3;5;95;0.9446;0.9594;0.5485;49;-0.0321;;-0.0158;;2.29
2026-02-18T11:45:44.069630;btad/01;cont_30pct_ensemble_loo_mahal;0.3;ensemble_loo_mahal;10;10;3;392;70;3;5;95;0.9738;0.9745;0.6339;49;-0.0029;0.9091;-0.0007;0.9584;4.49
2026-02-18T11:45:51.739478;btad/01;cont_30pct_oracle_patch;0.3;oracle_patch;10;10;3;2352;70;3;5;95;0.9738;0.9748;0.6389;49;-0.0029;0.9091;-0.0004;0.9730;1.56
2026-02-18T11:45:59.802231;btad/01;cont_0pct_none;0.0;none;10;10;0;0;70;4;5;95;0.9806;0.9746;0.6401;49;;;;;2.21
2026-02-18T11:46:10.257944;btad/01;cont_0pct_ensemble_loo_mahal;0.0;ensemble_loo_mahal;10;10;0;392;70;4;5;95;0.9815;0.9742;0.6257;49;0.0010;;-0.0004;;4.63
2026-02-18T11:46:16.198178;btad/01;cont_0pct_oracle_patch;0.0;oracle_patch;10;10;0;0;70;4;5;95;0.9806;0.9746;0.6401;49;0.0000;;0.0000;;0.01
2026-02-18T11:46:24.163228;btad/01;cont_30pct_none;0.3;none;10;10;3;0;70;4;5;95;0.9368;0.9552;0.5605;49;-0.0437;;-0.0194;;2.19
2026-02-18T11:46:34.641918;btad/01;cont_30pct_ensemble_loo_mahal;0.3;ensemble_loo_mahal;10;10;3;392;70;4;5;95;0.9776;0.9745;0.6401;49;-0.0029;0.9333;-0.0001;0.9931;4.19
2026-02-18T11:46:42.120829;btad/01;cont_30pct_oracle_patch;0.3;oracle_patch;10;10;3;2352;70;4;5;95;0.9786;0.9742;0.6306;49;-0.0019;0.9556;-0.0005;0.9764;1.63
2026-02-18T11:47:13.205305;btad/02;cont_0pct_none;0.0;none;10;10;0;0;229;0;5;95;0.8948;0.9560;0.4673;199;;;;;7.46
2026-02-18T11:47:42.974241;btad/02;cont_0pct_ensemble_loo_mahal;0.0;ensemble_loo_mahal;10;10;0;392;229;0;5;95;0.8960;0.9557;0.4660;199;0.0012;;-0.0003;;8.91
2026-02-18T11:48:04.013366;btad/02;cont_0pct_oracle_patch;0.0;oracle_patch;10;10;0;0;229;0;5;95;0.8948;0.9560;0.4673;199;0.0000;;0.0000;;0.01
2026-02-18T11:48:32.158580;btad/02;cont_30pct_none;0.3;none;10;10;3;0;229;0;5;95;0.8631;0.9560;0.4701;199;-0.0317;;-0.0000;;7.41
2026-02-18T11:49:02.282057;btad/02;cont_30pct_ensemble_loo_mahal;0.3;ensemble_loo_mahal;10;10;3;392;229;0;5;95;0.8722;0.9559;0.4687;199;-0.0226;0.2857;-0.0000;1.0000;8.88
2026-02-18T11:49:28.156980;btad/02;cont_30pct_oracle_patch;0.3;oracle_patch;10;10;3;2352;229;0;5;95;0.8869;0.9557;0.4664;199;-0.0079;0.7513;-0.0003;1.0000;5.01
2026-02-18T11:49:56.461792;btad/02;cont_0pct_none;0.0;none;10;10;0;0;229;1;5;95;0.9102;0.9550;0.4542;199;;;;;7.11
2026-02-18T11:50:26.839279;btad/02;cont_0pct_ensemble_loo_mahal;0.0;ensemble_loo_mahal;10;10;0;392;229;1;5;95;0.9087;0.9550;0.4583;199;-0.0015;;0.0000;;9.44
2026-02-18T11:50:47.484890;btad/02;cont_0pct_oracle_patch;0.0;oracle_patch;10;10;0;0;229;1;5;95;0.9102;0.9550;0.4542;199;0.0000;;0.0000;;0.01
2026-02-18T11:51:15.564130;btad/02;cont_30pct_none;0.3;none;10;10;3;0;229;1;5;95;0.8920;0.9220;0.3759;199;-0.0183;;-0.0329;;7.38
2026-02-18T11:51:45.425225;btad/02;cont_30pct_ensemble_loo_mahal;0.3;ensemble_loo_mahal;10;10;3;392;229;1;5;95;0.9027;0.9394;0.4094;199;-0.0075;0.5872;-0.0156;0.5264;8.95
2026-02-18T11:52:11.597097;btad/02;cont_30pct_oracle_patch;0.3;oracle_patch;10;10;3;2352;229;1;5;95;0.9104;0.9553;0.4624;199;0.0002;1.0092;0.0004;1.0107;5.35
2026-02-18T11:52:40.066305;btad/02;cont_0pct_none;0.0;none;10;10;0;0;229;2;5;95;0.8995;0.9553;0.4588;199;;;;;7.20
2026-02-18T11:53:10.476842;btad/02;cont_0pct_ensemble_loo_mahal;0.0;ensemble_loo_mahal;10;10;0;392;229;2;5;95;0.8995;0.9550;0.4578;199;0.0000;;-0.0003;;9.18
2026-02-18T11:53:30.986639;btad/02;cont_0pct_oracle_patch;0.0;oracle_patch;10;10;0;0;229;2;5;95;0.8995;0.9553;0.4588;199;0.0000;;0.0000;;0.01
2026-02-18T11:53:58.890706;btad/02;cont_30pct_none;0.3;none;10;10;3;0;229;2;5;95;0.8824;0.9543;0.4515;199;-0.0171;;-0.0010;;7.00
2026-02-18T11:54:28.944603;btad/02;cont_30pct_ensemble_loo_mahal;0.3;ensemble_loo_mahal;10;10;3;392;229;2;5;95;0.8997;0.9545;0.4543;199;0.0002;1.0098;-0.0008;0.1893;9.18
2026-02-18T11:54:54.833224;btad/02;cont_30pct_oracle_patch;0.3;oracle_patch;10;10;3;2352;229;2;5;95;0.9067;0.9540;0.4500;199;0.0072;1.4216;-0.0013;-0.2826;5.05
2026-02-18T11:55:23.546921;btad/02;cont_0pct_none;0.0;none;10;10;0;0;229;3;5;95;0.9089;0.9544;0.4461;199;;;;;7.39
2026-02-18T11:55:53.170616;btad/02;cont_0pct_ensemble_loo_mahal;0.0;ensemble_loo_mahal;10;10;0;392;229;3;5;95;0.9126;0.9549;0.4584;199;0.0037;;0.0005;;8.96
2026-02-18T11:56:13.922754;btad/02;cont_0pct_oracle_patch;0.0;oracle_patch;10;10;0;0;229;3;5;95;0.9089;0.9544;0.4461;199;0.0000;;0.0000;;0.01
2026-02-18T11:56:42.568142;btad/02;cont_30pct_none;0.3;none;10;10;3;0;229;3;5;95;0.8889;0.9554;0.4928;199;-0.0199;;0.0010;;7.72
2026-02-18T11:57:12.629237;btad/02;cont_30pct_ensemble_loo_mahal;0.3;ensemble_loo_mahal;10;10;3;392;229;3;5;95;0.8985;0.9580;0.4896;199;-0.0104;0.4790;0.0036;-2.7298;9.17
2026-02-18T11:57:38.677108;btad/02;cont_30pct_oracle_patch;0.3;oracle_patch;10;10;3;2352;229;3;5;95;0.9117;0.9541;0.4431;199;0.0028;1.1429;-0.0003;1.3394;5.26
2026-02-18T11:58:06.791247;btad/02;cont_0pct_none;0.0;none;10;10;0;0;229;4;5;95;0.9042;0.9556;0.4580;199;;;;;7.35
2026-02-18T11:58:36.745759;btad/02;cont_0pct_ensemble_loo_mahal;0.0;ensemble_loo_mahal;10;10;0;392;229;4;5;95;0.9072;0.9555;0.4605;199;0.0030;;-0.0001;;9.17
2026-02-18T11:58:57.244822;btad/02;cont_0pct_oracle_patch;0.0;oracle_patch;10;10;0;0;229;4;5;95;0.9042;0.9556;0.4580;199;0.0000;;0.0000;;0.01
2026-02-18T11:59:25.592565;btad/02;cont_30pct_none;0.3;none;10;10;3;0;229;4;5;95;0.8851;0.9535;0.4387;199;-0.0191;;-0.0020;;7.13
2026-02-18T11:59:55.899741;btad/02;cont_30pct_ensemble_loo_mahal;0.3;ensemble_loo_mahal;10;10;3;392;229;4;5;95;0.8941;0.9544;0.4514;199;-0.0101;0.4737;-0.0011;0.4439;8.98
2026-02-18T12:00:21.664835;btad/02;cont_30pct_oracle_patch;0.3;oracle_patch;10;10;3;2352;229;4;5;95;0.9022;0.9553;0.4575;199;-0.0020;0.8947;-0.0002;0.8795;5.01
2026-02-18T12:01:19.883108;btad/03;cont_0pct_none;0.0;none;10;10;0;0;431;0;5;95;1.0000;0.9944;0.7226;31;;;;;14.16
2026-02-18T12:02:16.081290;btad/03;cont_0pct_ensemble_loo_mahal;0.0;ensemble_loo_mahal;10;10;0;392;431;0;5;95;1.0000;0.9935;0.6254;31;0.0000;;-0.0008;;15.52
2026-02-18T12:02:55.940064;btad/03;cont_0pct_oracle_patch;0.0;oracle_patch;10;10;0;0;431;0;5;95;1.0000;0.9944;0.7226;31;0.0000;;0.0000;;0.01
2026-02-18T12:03:49.894848;btad/03;cont_30pct_none;0.3;none;10;10;3;0;431;0;5;95;0.9027;0.9735;0.6185;31;-0.0973;;-0.0209;;13.91
2026-02-18T12:04:45.825633;btad/03;cont_30pct_ensemble_loo_mahal;0.3;ensemble_loo_mahal;10;10;3;392;431;0;5;95;0.9999;0.9885;0.6805;31;-0.0001;0.9992;-0.0059;0.7171;15.44
2026-02-18T12:05:35.631362;btad/03;cont_30pct_oracle_patch;0.3;oracle_patch;10;10;3;2352;431;0;5;95;1.0000;0.9939;0.7065;31;0.0000;1.0000;-0.0005;0.9775;9.47
2026-02-18T12:06:29.403847;btad/03;cont_0pct_none;0.0;none;10;10;0;0;431;1;5;95;1.0000;0.9944;0.7433;31;;;;;13.27
2026-02-18T12:07:25.118320;btad/03;cont_0pct_ensemble_loo_mahal;0.0;ensemble_loo_mahal;10;10;0;392;431;1;5;95;1.0000;0.9936;0.6513;31;0.0000;;-0.0008;;15.67
2026-02-18T12:08:08.053168;btad/03;cont_0pct_oracle_patch;0.0;oracle_patch;10;10;0;0;431;1;5;95;1.0000;0.9944;0.7433;31;0.0000;;0.0000;;0.01
2026-02-18T12:09:27.047737;btad/03;cont_30pct_none;0.3;none;10;10;3;0;431;1;5;95;0.9032;0.9641;0.5310;31;-0.0968;;-0.0302;;14.75
2026-02-18T12:10:24.716877;btad/03;cont_30pct_ensemble_loo_mahal;0.3;ensemble_loo_mahal;10;10;3;392;431;1;5;95;1.0000;0.9916;0.6716;31;0.0000;1.0000;-0.0028;0.9081;16.13
2026-02-18T12:11:16.995220;btad/03;cont_30pct_oracle_patch;0.3;oracle_patch;10;10;3;2352;431;1;5;95;1.0000;0.9941;0.7207;31;0.0000;1.0000;-0.0002;0.9927;9.40
2026-02-18T12:12:11.981028;btad/03;cont_0pct_none;0.0;none;10;10;0;0;431;2;5;95;0.9999;0.9943;0.7309;31;;;;;14.02
2026-02-18T12:14:13.938491;btad/03;cont_0pct_ensemble_loo_mahal;0.0;ensemble_loo_mahal;10;10;0;392;431;2;5;95;0.9999;0.9934;0.6494;31;0.0000;;-0.0008;;49.27
2026-02-18T12:15:24.719238;btad/03;cont_0pct_oracle_patch;0.0;oracle_patch;10;10;0;0;431;2;5;95;0.9999;0.9943;0.7309;31;0.0000;;0.0000;;0.04
2026-02-18T12:18:02.073790;btad/03;cont_30pct_none;0.3;none;10;10;3;0;431;2;5;95;0.9003;0.9488;0.4062;31;-0.0996;;-0.0455;;80.03
2026-02-18T12:20:58.731066;btad/03;cont_30pct_ensemble_loo_mahal;0.3;ensemble_loo_mahal;10;10;3;392;431;2;5;95;0.9981;0.9906;0.6792;31;-0.0019;0.9814;-0.0037;0.9193;102.85
2026-02-18T12:21:47.715677;btad/03;cont_30pct_oracle_patch;0.3;oracle_patch;10;10;3;2352;431;2;5;95;0.9999;0.9937;0.7144;31;0.0000;1.0000;-0.0006;0.9874;9.42
2026-02-18T12:22:40.967585;btad/03;cont_0pct_none;0.0;none;10;10;0;0;431;3;5;95;1.0000;0.9944;0.7059;31;;;;;13.00
2026-02-18T12:23:35.721310;btad/03;cont_0pct_ensemble_loo_mahal;0.0;ensemble_loo_mahal;10;10;0;392;431;3;5;95;0.9999;0.9933;0.5971;31;-0.0001;;-0.0011;;14.73
2026-02-18T12:24:16.365790;btad/03;cont_0pct_oracle_patch;0.0;oracle_patch;10;10;0;0;431;3;5;95;1.0000;0.9944;0.7059;31;0.0000;;0.0000;;0.01
2026-02-18T12:25:10.714024;btad/03;cont_30pct_none;0.3;none;10;10;3;0;431;3;5;95;0.9031;0.9493;0.4078;31;-0.0969;;-0.0452;;13.65
2026-02-18T12:26:06.727792;btad/03;cont_30pct_ensemble_loo_mahal;0.3;ensemble_loo_mahal;10;10;3;392;431;3;5;95;0.9999;0.9912;0.6515;31;-0.0001;0.9992;-0.0032;0.9287;15.70
2026-02-18T12:26:56.522367;btad/03;cont_30pct_oracle_patch;0.3;oracle_patch;10;10;3;2352;431;3;5;95;1.0000;0.9940;0.6927;31;0.0000;1.0000;-0.0004;0.9906;9.40
2026-02-18T12:27:50.075753;btad/03;cont_0pct_none;0.0;none;10;10;0;0;431;4;5;95;1.0000;0.9944;0.7191;31;;;;;13.62
2026-02-18T12:28:44.640610;btad/03;cont_0pct_ensemble_loo_mahal;0.0;ensemble_loo_mahal;10;10;0;392;431;4;5;95;1.0000;0.9936;0.6289;31;0.0000;;-0.0008;;14.63
2026-02-18T12:29:24.865433;btad/03;cont_0pct_oracle_patch;0.0;oracle_patch;10;10;0;0;431;4;5;95;1.0000;0.9944;0.7191;31;0.0000;;0.0000;;0.01
2026-02-18T12:30:18.270606;btad/03;cont_30pct_none;0.3;none;10;10;3;0;431;4;5;95;0.8994;0.9730;0.5325;31;-0.1006;;-0.0215;;13.14
2026-02-18T12:31:13.511216;btad/03;cont_30pct_ensemble_loo_mahal;0.3;ensemble_loo_mahal;10;10;3;392;431;4;5;95;0.9957;0.9914;0.6565;31;-0.0043;0.9575;-0.0030;0.8598;15.34
2026-02-18T12:32:02.593435;btad/03;cont_30pct_oracle_patch;0.3;oracle_patch;10;10;3;2352;431;4;5;95;1.0000;0.9938;0.6873;31;0.0000;1.0000;-0.0006;0.9726;9.34
