timestamp;dataset;config;contamination_rate;purification_method;train_limit;n_train_original;n_train_after_purification;n_contaminated;n_patches_removed;n_test;n_normal_test;n_anomaly_test;seed;knn_k;percentile_threshold;img_auroc;img_aupr;img_f1max;tpr_fpr1;tpr_fpr5;auroc_delta_vs_clean;recovery_rate;contaminant_detection_auroc;contaminant_precision_at_1;contaminant_precision_at_k;contaminant_recall_at_k;adaptive_did_purify;adaptive_skewness;inference_time_s
2026-02-17T13:59:17.571666;mvtec_AD/bottle;cont_0pct_none;0.0;none;10;10;10;0;0;83;20;63;0;5;95;0.9794;0.9937;0.9612;0.8571;0.9048;;;;;;;;;2.31
2026-02-17T13:59:20.346786;mvtec_AD/bottle;cont_0pct_loo_patch;0.0;loo_patch;10;10;10;0;392;83;20;63;0;5;95;0.9810;0.9942;0.9612;0.8889;0.9048;0.0016;;;;;;;;2.77
2026-02-17T13:59:28.377691;mvtec_AD/bottle;cont_0pct_random_patch;0.0;random_patch;10;10;10;0;392;83;20;63;0;5;95;0.9794;0.9937;0.9612;0.8730;0.9048;0.0000;;;;;;;;7.87
2026-02-17T13:59:32.499464;mvtec_AD/bottle;cont_0pct_mahalanobis_patch;0.0;mahalanobis_patch;10;10;10;0;392;83;20;63;0;5;95;0.9817;0.9944;0.9764;0.8730;0.8730;0.0024;;;;;;;;4.12
2026-02-17T13:59:32.510983;mvtec_AD/bottle;cont_0pct_oracle_patch;0.0;oracle_patch;10;10;10;0;0;83;20;63;0;5;95;0.9794;0.9937;0.9612;0.8571;0.9048;0.0000;;;;;;;;0.01
2026-02-17T13:59:36.485187;mvtec_AD/bottle;cont_0pct_ensemble_loo_mahal;0.0;ensemble_loo_mahal;10;10;10;0;392;83;20;63;0;5;95;0.9849;0.9954;0.9764;0.8889;0.9048;0.0056;;;;;;;;3.90
2026-02-17T13:59:39.421903;mvtec_AD/bottle;cont_0pct_cosine_loo;0.0;cosine_loo;10;10;10;0;392;83;20;63;0;5;95;0.9810;0.9943;0.9764;0.8889;0.9048;0.0016;;;;;;;;2.93
2026-02-17T13:59:41.907860;mvtec_AD/bottle;cont_40pct_none;0.4;none;10;10;10;4;0;83;20;63;0;5;95;0.9167;0.9783;0.9355;0.8254;0.8413;-0.0627;;;;;;;;2.47
2026-02-17T13:59:44.911372;mvtec_AD/bottle;cont_40pct_loo_patch;0.4;loo_patch;10;10;10;4;392;83;20;63;0;5;95;0.9619;0.9895;0.9606;0.8413;0.8889;-0.0175;0.7215;1.0000;1;1.0000;1.0000;;;3.00
2026-02-17T13:59:47.340967;mvtec_AD/bottle;cont_40pct_random_patch;0.4;random_patch;10;10;10;4;392;83;20;63;0;5;95;0.9143;0.9774;0.9355;0.8095;0.8413;-0.0651;-0.0380;1.0000;1;1.0000;1.0000;;;2.43
2026-02-17T13:59:51.264796;mvtec_AD/bottle;cont_40pct_mahalanobis_patch;0.4;mahalanobis_patch;10;10;10;4;392;83;20;63;0;5;95;0.9643;0.9902;0.9606;0.8730;0.8889;-0.0151;0.7595;1.0000;1;1.0000;1.0000;;;3.92
2026-02-17T13:59:52.836178;mvtec_AD/bottle;cont_40pct_oracle_patch;0.4;oracle_patch;10;10;6;4;3136;83;20;63;0;5;95;0.9802;0.9941;0.9764;0.8571;0.9048;0.0008;1.0127;1.0000;1;1.0000;1.0000;;;1.57
2026-02-17T13:59:57.063105;mvtec_AD/bottle;cont_40pct_ensemble_loo_mahal;0.4;ensemble_loo_mahal;10;10;10;4;392;83;20;63;0;5;95;0.9643;0.9900;0.9606;0.8413;0.8889;-0.0151;0.7595;1.0000;1;1.0000;1.0000;;;4.22
2026-02-17T14:00:00.126643;mvtec_AD/bottle;cont_40pct_cosine_loo;0.4;cosine_loo;10;10;10;4;392;83;20;63;0;5;95;0.9627;0.9897;0.9606;0.8413;0.8889;-0.0167;0.7342;1.0000;1;1.0000;1.0000;;;3.06
2026-02-17T14:00:05.353434;mvtec_AD/cable;cont_0pct_none;0.0;none;10;10;10;0;0;150;58;92;0;5;95;0.9310;0.9613;0.8788;0.6957;0.7609;;;;;;;;;4.64
2026-02-17T14:00:10.388242;mvtec_AD/cable;cont_0pct_loo_patch;0.0;loo_patch;10;10;10;0;392;150;58;92;0;5;95;0.9215;0.9565;0.8710;0.6413;0.7609;-0.0096;;;;;;;;5.03
2026-02-17T14:00:14.879269;mvtec_AD/cable;cont_0pct_random_patch;0.0;random_patch;10;10;10;0;392;150;58;92;0;5;95;0.9288;0.9601;0.8744;0.6739;0.7609;-0.0022;;;;;;;;4.49
2026-02-17T14:00:21.167052;mvtec_AD/cable;cont_0pct_mahalanobis_patch;0.0;mahalanobis_patch;10;10;10;0;392;150;58;92;0;5;95;0.9331;0.9630;0.8876;0.6739;0.7935;0.0021;;;;;;;;6.28
2026-02-17T14:00:21.180050;mvtec_AD/cable;cont_0pct_oracle_patch;0.0;oracle_patch;10;10;10;0;0;150;58;92;0;5;95;0.9310;0.9613;0.8788;0.6957;0.7609;0.0000;;;;;;;;0.01
2026-02-17T14:00:27.215032;mvtec_AD/cable;cont_0pct_ensemble_loo_mahal;0.0;ensemble_loo_mahal;10;10;10;0;392;150;58;92;0;5;95;0.9237;0.9578;0.8800;0.6522;0.7500;-0.0073;;;;;;;;6.02
2026-02-17T14:00:32.274609;mvtec_AD/cable;cont_0pct_cosine_loo;0.0;cosine_loo;10;10;10;0;392;150;58;92;0;5;95;0.9249;0.9587;0.8791;0.6304;0.7717;-0.0062;;;;;;;;5.06
2026-02-17T14:00:36.931018;mvtec_AD/cable;cont_40pct_none;0.4;none;10;10;10;4;0;150;58;92;0;5;95;0.8769;0.9354;0.8556;0.5870;0.6522;-0.0542;;;;;;;;4.64
2026-02-17T14:00:41.909131;mvtec_AD/cable;cont_40pct_loo_patch;0.4;loo_patch;10;10;10;4;392;150;58;92;0;5;95;0.9110;0.9489;0.8800;0.5761;0.6848;-0.0201;0.6298;0.9167;1;0.7500;0.7500;;;4.98
2026-02-17T14:00:46.438937;mvtec_AD/cable;cont_40pct_random_patch;0.4;random_patch;10;10;10;4;392;150;58;92;0;5;95;0.8718;0.9329;0.8444;0.5652;0.6304;-0.0592;-0.0934;0.9167;1;0.7500;0.7500;;;4.53
2026-02-17T14:00:52.549824;mvtec_AD/cable;cont_40pct_mahalanobis_patch;0.4;mahalanobis_patch;10;10;10;4;392;150;58;92;0;5;95;0.8956;0.9428;0.8605;0.5870;0.6413;-0.0354;0.3460;0.9167;1;0.7500;0.7500;;;6.11
2026-02-17T14:00:55.432339;mvtec_AD/cable;cont_40pct_oracle_patch;0.4;oracle_patch;10;10;6;4;3136;150;58;92;0;5;95;0.9295;0.9605;0.8757;0.6522;0.7717;-0.0015;0.9723;0.9167;1;0.7500;0.7500;;;2.88
2026-02-17T14:01:01.473679;mvtec_AD/cable;cont_40pct_ensemble_loo_mahal;0.4;ensemble_loo_mahal;10;10;10;4;392;150;58;92;0;5;95;0.9070;0.9480;0.8736;0.5761;0.6413;-0.0240;0.5571;0.9167;1;0.7500;0.7500;;;6.04
2026-02-17T14:01:06.576102;mvtec_AD/cable;cont_40pct_cosine_loo;0.4;cosine_loo;10;10;10;4;392;150;58;92;0;5;95;0.8994;0.9436;0.8555;0.5761;0.6196;-0.0317;0.4152;0.9167;1;0.7500;0.7500;;;5.10
2026-02-17T18:08:42.005270;mvtec_AD/bottle;cont_5pct_none;0.05;none;10;10;10;0;0;83;20;63;0;5;95;0.9794;0.9937;0.9612;0.8571;0.9048;;;;;;;;;2.36
2026-02-17T18:08:44.927934;mvtec_AD/bottle;cont_5pct_loo_patch;0.05;loo_patch;10;10;10;0;392;83;20;63;0;5;95;0.9810;0.9942;0.9612;0.8889;0.9048;;;;;;;;;2.92
2026-02-17T18:08:47.505170;mvtec_AD/bottle;cont_5pct_random_patch;0.05;random_patch;10;10;10;0;392;83;20;63;0;5;95;0.9794;0.9937;0.9612;0.8730;0.9048;;;;;;;;;2.57
2026-02-17T18:08:52.405163;mvtec_AD/bottle;cont_5pct_mahalanobis_patch;0.05;mahalanobis_patch;10;10;10;0;392;83;20;63;0;5;95;0.9817;0.9944;0.9764;0.8730;0.8730;;;;;;;;;4.90
2026-02-17T18:08:52.417167;mvtec_AD/bottle;cont_5pct_oracle_patch;0.05;oracle_patch;10;10;10;0;0;83;20;63;0;5;95;0.9794;0.9937;0.9612;0.8571;0.9048;;;;;;;;;0.01
2026-02-17T18:08:57.264240;mvtec_AD/bottle;cont_5pct_ensemble_loo_mahal;0.05;ensemble_loo_mahal;10;10;10;0;392;83;20;63;0;5;95;0.9849;0.9954;0.9764;0.8889;0.9048;;;;;;;;;4.75
2026-02-17T18:09:00.648057;mvtec_AD/bottle;cont_5pct_cosine_loo;0.05;cosine_loo;10;10;10;0;392;83;20;63;0;5;95;0.9810;0.9943;0.9764;0.8889;0.9048;;;;;;;;;3.38
2026-02-17T18:09:03.464400;mvtec_AD/bottle;cont_50pct_none;0.5;none;10;10;10;5;0;83;20;63;0;5;95;0.8984;0.9731;0.9268;0.7778;0.8254;;;;;;;;;2.78
2026-02-17T18:09:06.750109;mvtec_AD/bottle;cont_50pct_loo_patch;0.5;loo_patch;10;10;10;5;392;83;20;63;0;5;95;0.9627;0.9896;0.9606;0.8571;0.8889;;;1.0000;1;1.0000;1.0000;;;3.28
2026-02-17T18:09:10.778525;mvtec_AD/bottle;cont_50pct_random_patch;0.5;random_patch;10;10;10;5;392;83;20;63;0;5;95;0.9032;0.9744;0.9268;0.7778;0.8254;;;1.0000;1;1.0000;1.0000;;;4.02
2026-02-17T18:09:17.132468;mvtec_AD/bottle;cont_50pct_mahalanobis_patch;0.5;mahalanobis_patch;10;10;10;5;392;83;20;63;0;5;95;0.9651;0.9902;0.9524;0.8571;0.8889;;;1.0000;1;1.0000;1.0000;;;6.35
2026-02-17T18:09:19.147311;mvtec_AD/bottle;cont_50pct_oracle_patch;0.5;oracle_patch;10;10;5;5;3920;83;20;63;0;5;95;0.9833;0.9949;0.9688;0.8730;0.9206;;;1.0000;1;1.0000;1.0000;;;2.01
2026-02-17T18:09:26.063560;mvtec_AD/bottle;cont_50pct_ensemble_loo_mahal;0.5;ensemble_loo_mahal;10;10;10;5;392;83;20;63;0;5;95;0.9627;0.9896;0.9606;0.8571;0.8889;;;1.0000;1;1.0000;1.0000;;;6.73
2026-02-17T18:09:31.452803;mvtec_AD/bottle;cont_50pct_cosine_loo;0.5;cosine_loo;10;10;10;5;392;83;20;63;0;5;95;0.9635;0.9899;0.9606;0.8571;0.8889;;;1.0000;1;1.0000;1.0000;;;5.38
2026-02-17T18:09:36.441006;mvtec_AD/bottle;cont_0pct_none;0.0;none;10;10;10;0;0;83;20;63;1;5;95;0.9825;0.9946;0.9612;0.8730;0.9206;;;;;;;;;4.28
2026-02-17T18:09:41.333750;mvtec_AD/bottle;cont_0pct_loo_patch;0.0;loo_patch;10;10;10;0;392;83;20;63;1;5;95;0.9873;0.9960;0.9764;0.8889;0.8889;0.0048;;;;;;;;4.89
2026-02-17T18:09:44.900357;mvtec_AD/bottle;cont_0pct_random_patch;0.0;random_patch;10;10;10;0;392;83;20;63;1;5;95;0.9825;0.9946;0.9612;0.8730;0.9206;0.0000;;;;;;;;3.43
2026-02-17T18:09:51.793773;mvtec_AD/bottle;cont_0pct_mahalanobis_patch;0.0;mahalanobis_patch;10;10;10;0;392;83;20;63;1;5;95;0.9841;0.9950;0.9688;0.8889;0.8889;0.0016;;;;;;;;6.89
2026-02-17T18:09:51.814775;mvtec_AD/bottle;cont_0pct_oracle_patch;0.0;oracle_patch;10;10;10;0;0;83;20;63;1;5;95;0.9825;0.9946;0.9612;0.8730;0.9206;0.0000;;;;;;;;0.01
2026-02-17T18:09:59.376729;mvtec_AD/bottle;cont_0pct_ensemble_loo_mahal;0.0;ensemble_loo_mahal;10;10;10;0;392;83;20;63;1;5;95;0.9873;0.9960;0.9764;0.8889;0.8889;0.0048;;;;;;;;7.34
2026-02-17T18:10:04.930120;mvtec_AD/bottle;cont_0pct_cosine_loo;0.0;cosine_loo;10;10;10;0;392;83;20;63;1;5;95;0.9873;0.9960;0.9764;0.8889;0.8889;0.0048;;;;;;;;5.55
2026-02-17T18:10:09.996518;mvtec_AD/bottle;cont_5pct_none;0.05;none;10;10;10;0;0;83;20;63;1;5;95;0.9825;0.9946;0.9612;0.8730;0.9206;0.0000;;;;;;;;4.56
2026-02-17T18:10:15.328868;mvtec_AD/bottle;cont_5pct_loo_patch;0.05;loo_patch;10;10;10;0;392;83;20;63;1;5;95;0.9873;0.9960;0.9764;0.8889;0.8889;0.0048;1.0000;;;;;;;5.18
2026-02-17T18:10:18.477504;mvtec_AD/bottle;cont_5pct_random_patch;0.05;random_patch;10;10;10;0;392;83;20;63;1;5;95;0.9825;0.9946;0.9612;0.8730;0.9206;0.0000;1.0000;;;;;;;3.14
2026-02-17T18:10:24.927459;mvtec_AD/bottle;cont_5pct_mahalanobis_patch;0.05;mahalanobis_patch;10;10;10;0;392;83;20;63;1;5;95;0.9841;0.9950;0.9688;0.8889;0.8889;0.0016;1.0000;;;;;;;6.23
2026-02-17T18:10:24.944459;mvtec_AD/bottle;cont_5pct_oracle_patch;0.05;oracle_patch;10;10;10;0;0;83;20;63;1;5;95;0.9825;0.9946;0.9612;0.8730;0.9206;0.0000;1.0000;;;;;;;0.01
2026-02-17T18:10:31.794263;mvtec_AD/bottle;cont_5pct_ensemble_loo_mahal;0.05;ensemble_loo_mahal;10;10;10;0;392;83;20;63;1;5;95;0.9873;0.9960;0.9764;0.8889;0.8889;0.0048;1.0000;;;;;;;6.62
2026-02-17T18:10:37.221259;mvtec_AD/bottle;cont_5pct_cosine_loo;0.05;cosine_loo;10;10;10;0;392;83;20;63;1;5;95;0.9873;0.9960;0.9764;0.8889;0.8889;0.0048;1.0000;;;;;;;5.42
2026-02-17T18:10:41.743942;mvtec_AD/bottle;cont_40pct_none;0.4;none;10;10;10;4;0;83;20;63;1;5;95;0.9175;0.9780;0.9365;0.8095;0.8095;-0.0651;;;;;;;;4.11
2026-02-17T18:10:45.659996;mvtec_AD/bottle;cont_40pct_loo_patch;0.4;loo_patch;10;10;10;4;392;83;20;63;1;5;95;0.9817;0.9943;0.9692;0.8889;0.8889;-0.0008;0.9878;1.0000;1;1.0000;1.0000;;;3.91
2026-02-17T18:10:49.960220;mvtec_AD/bottle;cont_40pct_random_patch;0.4;random_patch;10;10;10;4;392;83;20;63;1;5;95;0.9183;0.9782;0.9365;0.8095;0.8095;-0.0643;0.0122;1.0000;1;1.0000;1.0000;;;4.11
2026-02-17T18:10:56.946380;mvtec_AD/bottle;cont_40pct_mahalanobis_patch;0.4;mahalanobis_patch;10;10;10;4;392;83;20;63;1;5;95;0.9833;0.9947;0.9692;0.8730;0.8889;0.0008;1.0122;1.0000;1;1.0000;1.0000;;;6.98
2026-02-17T18:10:59.419760;mvtec_AD/bottle;cont_40pct_oracle_patch;0.4;oracle_patch;10;10;6;4;3136;83;20;63;1;5;95;0.9849;0.9953;0.9683;0.8730;0.9048;0.0024;1.0366;1.0000;1;1.0000;1.0000;;;2.47
2026-02-17T18:11:06.126146;mvtec_AD/bottle;cont_40pct_ensemble_loo_mahal;0.4;ensemble_loo_mahal;10;10;10;4;392;83;20;63;1;5;95;0.9817;0.9943;0.9692;0.8730;0.8889;-0.0008;0.9878;1.0000;1;1.0000;1.0000;;;6.60
2026-02-17T18:11:11.627383;mvtec_AD/bottle;cont_40pct_cosine_loo;0.4;cosine_loo;10;10;10;4;392;83;20;63;1;5;95;0.9817;0.9943;0.9692;0.8730;0.8889;-0.0008;0.9878;1.0000;1;1.0000;1.0000;;;5.50
2026-02-17T18:11:16.183792;mvtec_AD/bottle;cont_50pct_none;0.5;none;10;10;10;5;0;83;20;63;1;5;95;0.9000;0.9733;0.9206;0.7937;0.8095;-0.0825;;;;;;;;4.22
2026-02-17T18:11:21.522812;mvtec_AD/bottle;cont_50pct_loo_patch;0.5;loo_patch;10;10;10;5;392;83;20;63;1;5;95;0.9778;0.9930;0.9618;0.8730;0.8730;-0.0048;0.9423;1.0000;1;1.0000;1.0000;;;5.33
2026-02-17T18:11:26.213857;mvtec_AD/bottle;cont_50pct_random_patch;0.5;random_patch;10;10;10;5;392;83;20;63;1;5;95;0.9008;0.9737;0.9206;0.7937;0.8095;-0.0817;0.0096;1.0000;1;1.0000;1.0000;;;4.37
2026-02-17T18:11:32.322083;mvtec_AD/bottle;cont_50pct_mahalanobis_patch;0.5;mahalanobis_patch;10;10;10;5;392;83;20;63;1;5;95;0.9794;0.9934;0.9692;0.8571;0.8571;-0.0032;0.9615;1.0000;1;1.0000;1.0000;;;5.98
2026-02-17T18:11:34.499382;mvtec_AD/bottle;cont_50pct_oracle_patch;0.5;oracle_patch;10;10;5;5;3920;83;20;63;1;5;95;0.9810;0.9940;0.9618;0.8571;0.8730;-0.0016;0.9808;1.0000;1;1.0000;1.0000;;;2.17
2026-02-17T18:11:41.172580;mvtec_AD/bottle;cont_50pct_ensemble_loo_mahal;0.5;ensemble_loo_mahal;10;10;10;5;392;83;20;63;1;5;95;0.9786;0.9933;0.9618;0.8730;0.8730;-0.0040;0.9519;1.0000;1;1.0000;1.0000;;;6.67
2026-02-17T18:11:45.653327;mvtec_AD/bottle;cont_50pct_cosine_loo;0.5;cosine_loo;10;10;10;5;392;83;20;63;1;5;95;0.9730;0.9917;0.9538;0.8571;0.8730;-0.0095;0.8846;1.0000;1;1.0000;1.0000;;;4.47
2026-02-17T18:11:50.443164;mvtec_AD/bottle;cont_0pct_none;0.0;none;10;10;10;0;0;83;20;63;2;5;95;0.9849;0.9953;0.9764;0.8889;0.9048;;;;;;;;;4.68
2026-02-17T18:11:55.461066;mvtec_AD/bottle;cont_0pct_loo_patch;0.0;loo_patch;10;10;10;0;392;83;20;63;2;5;95;0.9849;0.9954;0.9764;0.8889;0.9048;0.0000;;;;;;;;5.01
2026-02-17T18:12:00.127916;mvtec_AD/bottle;cont_0pct_random_patch;0.0;random_patch;10;10;10;0;392;83;20;63;2;5;95;0.9849;0.9953;0.9764;0.8889;0.9048;0.0000;;;;;;;;4.45
2026-02-17T18:12:07.077805;mvtec_AD/bottle;cont_0pct_mahalanobis_patch;0.0;mahalanobis_patch;10;10;10;0;392;83;20;63;2;5;95;0.9841;0.9952;0.9764;0.8889;0.9048;-0.0008;;;;;;;;6.95
2026-02-17T18:12:07.095007;mvtec_AD/bottle;cont_0pct_oracle_patch;0.0;oracle_patch;10;10;10;0;0;83;20;63;2;5;95;0.9849;0.9953;0.9764;0.8889;0.9048;0.0000;;;;;;;;0.01
2026-02-17T18:12:13.342096;mvtec_AD/bottle;cont_0pct_ensemble_loo_mahal;0.0;ensemble_loo_mahal;10;10;10;0;392;83;20;63;2;5;95;0.9873;0.9960;0.9764;0.8889;0.9048;0.0024;;;;;;;;6.10
2026-02-17T18:12:18.760128;mvtec_AD/bottle;cont_0pct_cosine_loo;0.0;cosine_loo;10;10;10;0;392;83;20;63;2;5;95;0.9841;0.9952;0.9688;0.9048;0.9048;-0.0008;;;;;;;;5.41
2026-02-17T18:12:23.474858;mvtec_AD/bottle;cont_5pct_none;0.05;none;10;10;10;0;0;83;20;63;2;5;95;0.9849;0.9953;0.9764;0.8889;0.9048;0.0000;;;;;;;;4.20
2026-02-17T18:12:28.568049;mvtec_AD/bottle;cont_5pct_loo_patch;0.05;loo_patch;10;10;10;0;392;83;20;63;2;5;95;0.9849;0.9954;0.9764;0.8889;0.9048;0.0000;1.0000;;;;;;;5.09
2026-02-17T18:12:32.293210;mvtec_AD/bottle;cont_5pct_random_patch;0.05;random_patch;10;10;10;0;392;83;20;63;2;5;95;0.9849;0.9953;0.9764;0.8889;0.9048;0.0000;1.0000;;;;;;;3.62
2026-02-17T18:12:38.861738;mvtec_AD/bottle;cont_5pct_mahalanobis_patch;0.05;mahalanobis_patch;10;10;10;0;392;83;20;63;2;5;95;0.9841;0.9952;0.9764;0.8889;0.9048;-0.0008;1.0000;;;;;;;6.56
2026-02-17T18:12:38.881742;mvtec_AD/bottle;cont_5pct_oracle_patch;0.05;oracle_patch;10;10;10;0;0;83;20;63;2;5;95;0.9849;0.9953;0.9764;0.8889;0.9048;0.0000;1.0000;;;;;;;0.02
2026-02-17T18:12:45.611174;mvtec_AD/bottle;cont_5pct_ensemble_loo_mahal;0.05;ensemble_loo_mahal;10;10;10;0;392;83;20;63;2;5;95;0.9873;0.9960;0.9764;0.8889;0.9048;0.0024;1.0000;;;;;;;6.60
2026-02-17T18:12:50.284467;mvtec_AD/bottle;cont_5pct_cosine_loo;0.05;cosine_loo;10;10;10;0;392;83;20;63;2;5;95;0.9841;0.9952;0.9688;0.9048;0.9048;-0.0008;1.0000;;;;;;;4.67
2026-02-17T18:12:54.252310;mvtec_AD/bottle;cont_40pct_none;0.4;none;10;10;10;4;0;83;20;63;2;5;95;0.9254;0.9805;0.9516;0.7937;0.8413;-0.0595;;;;;;;;3.95
2026-02-17T18:12:59.548117;mvtec_AD/bottle;cont_40pct_loo_patch;0.4;loo_patch;10;10;10;4;392;83;20;63;2;5;95;0.9730;0.9925;0.9764;0.8571;0.8889;-0.0119;0.8000;0.9167;1;0.7500;0.7500;;;5.29
2026-02-17T18:13:03.650025;mvtec_AD/bottle;cont_40pct_random_patch;0.4;random_patch;10;10;10;4;392;83;20;63;2;5;95;0.9254;0.9805;0.9516;0.7937;0.8571;-0.0595;0.0000;0.9167;1;0.7500;0.7500;;;3.88
2026-02-17T18:13:10.407366;mvtec_AD/bottle;cont_40pct_mahalanobis_patch;0.4;mahalanobis_patch;10;10;10;4;392;83;20;63;2;5;95;0.9730;0.9926;0.9688;0.8730;0.8889;-0.0119;0.8000;0.9167;1;0.7500;0.7500;;;6.63
2026-02-17T18:13:13.051412;mvtec_AD/bottle;cont_40pct_oracle_patch;0.4;oracle_patch;10;10;6;4;3136;83;20;63;2;5;95;0.9865;0.9958;0.9764;0.8730;0.9048;0.0016;1.0267;0.9167;1;0.7500;0.7500;;;2.64
2026-02-17T18:13:19.688385;mvtec_AD/bottle;cont_40pct_ensemble_loo_mahal;0.4;ensemble_loo_mahal;10;10;10;4;392;83;20;63;2;5;95;0.9730;0.9925;0.9764;0.8571;0.8889;-0.0119;0.8000;0.9167;1;0.7500;0.7500;;;6.37
2026-02-17T18:13:25.136186;mvtec_AD/bottle;cont_40pct_cosine_loo;0.4;cosine_loo;10;10;10;4;392;83;20;63;2;5;95;0.9730;0.9925;0.9764;0.8730;0.8889;-0.0119;0.8000;0.9167;1;0.7500;0.7500;;;5.44
2026-02-17T18:13:29.877747;mvtec_AD/bottle;cont_50pct_none;0.5;none;10;10;10;5;0;83;20;63;2;5;95;0.9071;0.9760;0.9344;0.8254;0.8413;-0.0778;;;;;;;;4.34
2026-02-17T18:13:35.264520;mvtec_AD/bottle;cont_50pct_loo_patch;0.5;loo_patch;10;10;10;5;392;83;20;63;2;5;95;0.9532;0.9876;0.9600;0.8413;0.8889;-0.0317;0.5918;0.9200;1;0.8000;0.8000;;;5.38
2026-02-17T18:13:39.147667;mvtec_AD/bottle;cont_50pct_random_patch;0.5;random_patch;10;10;10;5;392;83;20;63;2;5;95;0.9056;0.9753;0.9256;0.8254;0.8413;-0.0794;-0.0204;0.9200;1;0.8000;0.8000;;;3.66
2026-02-17T18:13:46.010849;mvtec_AD/bottle;cont_50pct_mahalanobis_patch;0.5;mahalanobis_patch;10;10;10;5;392;83;20;63;2;5;95;0.9532;0.9875;0.9524;0.8730;0.9048;-0.0317;0.5918;0.9200;1;0.8000;0.8000;;;6.86
2026-02-17T18:13:48.194201;mvtec_AD/bottle;cont_50pct_oracle_patch;0.5;oracle_patch;10;10;5;5;3920;83;20;63;2;5;95;0.9849;0.9956;0.9841;0.8730;0.9841;-0.0000;1.0000;0.9200;1;0.8000;0.8000;;;2.18
2026-02-17T18:13:55.116895;mvtec_AD/bottle;cont_50pct_ensemble_loo_mahal;0.5;ensemble_loo_mahal;10;10;10;5;392;83;20;63;2;5;95;0.9532;0.9875;0.9524;0.8571;0.9048;-0.0317;0.5918;0.9200;1;0.8000;0.8000;;;6.82
2026-02-17T18:13:59.446520;mvtec_AD/bottle;cont_50pct_cosine_loo;0.5;cosine_loo;10;10;10;5;392;83;20;63;2;5;95;0.9532;0.9875;0.9600;0.8413;0.8889;-0.0317;0.5918;0.9200;1;0.8000;0.8000;;;4.32
2026-02-17T18:14:04.061971;mvtec_AD/bottle;cont_0pct_none;0.0;none;10;10;10;0;0;83;20;63;3;5;95;0.9746;0.9928;0.9606;0.9048;0.9048;;;;;;;;;4.50
2026-02-17T18:14:08.995961;mvtec_AD/bottle;cont_0pct_loo_patch;0.0;loo_patch;10;10;10;0;392;83;20;63;3;5;95;0.9786;0.9939;0.9683;0.9048;0.9048;0.0040;;;;;;;;4.93
2026-02-17T18:14:14.188173;mvtec_AD/bottle;cont_0pct_random_patch;0.0;random_patch;10;10;10;0;392;83;20;63;3;5;95;0.9746;0.9929;0.9606;0.9048;0.9048;0.0000;;;;;;;;4.33
2026-02-17T18:14:21.016760;mvtec_AD/bottle;cont_0pct_mahalanobis_patch;0.0;mahalanobis_patch;10;10;10;0;392;83;20;63;3;5;95;0.9778;0.9934;0.9688;0.8571;0.8889;0.0032;;;;;;;;6.82
2026-02-17T18:14:21.032760;mvtec_AD/bottle;cont_0pct_oracle_patch;0.0;oracle_patch;10;10;10;0;0;83;20;63;3;5;95;0.9746;0.9928;0.9606;0.9048;0.9048;0.0000;;;;;;;;0.01
2026-02-17T18:14:27.599351;mvtec_AD/bottle;cont_0pct_ensemble_loo_mahal;0.0;ensemble_loo_mahal;10;10;10;0;392;83;20;63;3;5;95;0.9786;0.9939;0.9688;0.8889;0.9048;0.0040;;;;;;;;6.32
2026-02-17T18:14:33.067283;mvtec_AD/bottle;cont_0pct_cosine_loo;0.0;cosine_loo;10;10;10;0;392;83;20;63;3;5;95;0.9746;0.9928;0.9606;0.9048;0.9048;0.0000;;;;;;;;5.46
2026-02-17T18:14:38.227853;mvtec_AD/bottle;cont_5pct_none;0.05;none;10;10;10;0;0;83;20;63;3;5;95;0.9746;0.9928;0.9606;0.9048;0.9048;0.0000;;;;;;;;4.51
2026-02-17T18:14:43.582266;mvtec_AD/bottle;cont_5pct_loo_patch;0.05;loo_patch;10;10;10;0;392;83;20;63;3;5;95;0.9786;0.9939;0.9683;0.9048;0.9048;0.0040;1.0000;;;;;;;5.35
2026-02-17T18:14:47.060475;mvtec_AD/bottle;cont_5pct_random_patch;0.05;random_patch;10;10;10;0;392;83;20;63;3;5;95;0.9746;0.9929;0.9606;0.9048;0.9048;0.0000;1.0000;;;;;;;3.38
2026-02-17T18:14:54.194710;mvtec_AD/bottle;cont_5pct_mahalanobis_patch;0.05;mahalanobis_patch;10;10;10;0;392;83;20;63;3;5;95;0.9778;0.9934;0.9688;0.8571;0.8889;0.0032;1.0000;;;;;;;7.13
2026-02-17T18:14:54.211704;mvtec_AD/bottle;cont_5pct_oracle_patch;0.05;oracle_patch;10;10;10;0;0;83;20;63;3;5;95;0.9746;0.9928;0.9606;0.9048;0.9048;0.0000;1.0000;;;;;;;0.01
2026-02-17T18:15:01.474216;mvtec_AD/bottle;cont_5pct_ensemble_loo_mahal;0.05;ensemble_loo_mahal;10;10;10;0;392;83;20;63;3;5;95;0.9786;0.9939;0.9688;0.8889;0.9048;0.0040;1.0000;;;;;;;7.15
2026-02-17T18:15:05.961602;mvtec_AD/bottle;cont_5pct_cosine_loo;0.05;cosine_loo;10;10;10;0;392;83;20;63;3;5;95;0.9746;0.9928;0.9606;0.9048;0.9048;0.0000;1.0000;;;;;;;4.48
2026-02-17T18:15:10.344597;mvtec_AD/bottle;cont_40pct_none;0.4;none;10;10;10;4;0;83;20;63;3;5;95;0.9159;0.9781;0.9280;0.8413;0.8413;-0.0587;;;;;;;;4.36
2026-02-17T18:15:15.284100;mvtec_AD/bottle;cont_40pct_loo_patch;0.4;loo_patch;10;10;10;4;392;83;20;63;3;5;95;0.9770;0.9932;0.9612;0.8730;0.9048;0.0024;1.0405;1.0000;1;1.0000;1.0000;;;4.93
2026-02-17T18:15:19.577732;mvtec_AD/bottle;cont_40pct_random_patch;0.4;random_patch;10;10;10;4;392;83;20;63;3;5;95;0.9175;0.9785;0.9344;0.8413;0.8413;-0.0571;0.0270;1.0000;1;1.0000;1.0000;;;4.17
2026-02-17T18:15:26.081466;mvtec_AD/bottle;cont_40pct_mahalanobis_patch;0.4;mahalanobis_patch;10;10;10;4;392;83;20;63;3;5;95;0.9770;0.9931;0.9688;0.8413;0.8889;0.0024;1.0405;1.0000;1;1.0000;1.0000;;;6.50
2026-02-17T18:15:28.806734;mvtec_AD/bottle;cont_40pct_oracle_patch;0.4;oracle_patch;10;10;6;4;3136;83;20;63;3;5;95;0.9825;0.9949;0.9764;0.9048;0.9048;0.0079;1.1351;1.0000;1;1.0000;1.0000;;;2.72
2026-02-17T18:15:36.585418;mvtec_AD/bottle;cont_40pct_ensemble_loo_mahal;0.4;ensemble_loo_mahal;10;10;10;4;392;83;20;63;3;5;95;0.9786;0.9937;0.9688;0.8730;0.9048;0.0040;1.0676;1.0000;1;1.0000;1.0000;;;7.61
2026-02-17T18:15:41.965052;mvtec_AD/bottle;cont_40pct_cosine_loo;0.4;cosine_loo;10;10;10;4;392;83;20;63;3;5;95;0.9762;0.9929;0.9612;0.8730;0.9048;0.0016;1.0270;1.0000;1;1.0000;1.0000;;;5.37
2026-02-17T18:15:45.434771;mvtec_AD/bottle;cont_50pct_none;0.5;none;10;10;10;5;0;83;20;63;3;5;95;0.9008;0.9740;0.9256;0.8254;0.8254;-0.0738;;;;;;;;3.36
2026-02-17T18:15:50.539892;mvtec_AD/bottle;cont_50pct_loo_patch;0.5;loo_patch;10;10;10;5;392;83;20;63;3;5;95;0.9452;0.9853;0.9516;0.8571;0.8730;-0.0294;0.6022;1.0000;1;1.0000;1.0000;;;5.10
2026-02-17T18:15:55.134232;mvtec_AD/bottle;cont_50pct_random_patch;0.5;random_patch;10;10;10;5;392;83;20;63;3;5;95;0.9071;0.9756;0.9268;0.8254;0.8254;-0.0675;0.0860;1.0000;1;1.0000;1.0000;;;4.41
2026-02-17T18:16:01.948457;mvtec_AD/bottle;cont_50pct_mahalanobis_patch;0.5;mahalanobis_patch;10;10;10;5;392;83;20;63;3;5;95;0.9635;0.9900;0.9683;0.8413;0.8889;-0.0111;0.8495;1.0000;1;1.0000;1.0000;;;6.81
2026-02-17T18:16:04.081669;mvtec_AD/bottle;cont_50pct_oracle_patch;0.5;oracle_patch;10;10;5;5;3920;83;20;63;3;5;95;0.9825;0.9948;0.9688;0.9048;0.9048;0.0079;1.1075;1.0000;1;1.0000;1.0000;;;2.13
2026-02-17T18:16:12.057084;mvtec_AD/bottle;cont_50pct_ensemble_loo_mahal;0.5;ensemble_loo_mahal;10;10;10;5;392;83;20;63;3;5;95;0.9611;0.9893;0.9600;0.8730;0.8889;-0.0135;0.8172;1.0000;1;1.0000;1.0000;;;6.76
2026-02-17T18:16:17.646543;mvtec_AD/bottle;cont_50pct_cosine_loo;0.5;cosine_loo;10;10;10;5;392;83;20;63;3;5;95;0.9468;0.9859;0.9516;0.8730;0.8730;-0.0278;0.6237;1.0000;1;1.0000;1.0000;;;5.58
2026-02-17T18:16:21.792847;mvtec_AD/bottle;cont_0pct_none;0.0;none;10;10;10;0;0;83;20;63;4;5;95;0.9881;0.9964;0.9677;0.9365;0.9524;;;;;;;;;3.83
2026-02-17T18:16:26.381895;mvtec_AD/bottle;cont_0pct_loo_patch;0.0;loo_patch;10;10;10;0;392;83;20;63;4;5;95;0.9825;0.9948;0.9683;0.8889;0.9206;-0.0056;;;;;;;;4.59
2026-02-17T18:16:30.790099;mvtec_AD/bottle;cont_0pct_random_patch;0.0;random_patch;10;10;10;0;392;83;20;63;4;5;95;0.9881;0.9964;0.9672;0.9365;0.9365;0.0000;;;;;;;;4.40
2026-02-17T18:16:37.663398;mvtec_AD/bottle;cont_0pct_mahalanobis_patch;0.0;mahalanobis_patch;10;10;10;0;392;83;20;63;4;5;95;0.9865;0.9958;0.9688;0.8889;0.9048;-0.0016;;;;;;;;6.73
2026-02-17T18:16:37.680402;mvtec_AD/bottle;cont_0pct_oracle_patch;0.0;oracle_patch;10;10;10;0;0;83;20;63;4;5;95;0.9881;0.9964;0.9677;0.9365;0.9524;0.0000;;;;;;;;0.01
2026-02-17T18:16:43.329531;mvtec_AD/bottle;cont_0pct_ensemble_loo_mahal;0.0;ensemble_loo_mahal;10;10;10;0;392;83;20;63;4;5;95;0.9841;0.9951;0.9688;0.8889;0.9048;-0.0040;;;;;;;;5.55
2026-02-17T18:16:48.547450;mvtec_AD/bottle;cont_0pct_cosine_loo;0.0;cosine_loo;10;10;10;0;392;83;20;63;4;5;95;0.9802;0.9940;0.9612;0.8730;0.9206;-0.0079;;;;;;;;5.21
2026-02-17T18:16:53.155952;mvtec_AD/bottle;cont_5pct_none;0.05;none;10;10;10;0;0;83;20;63;4;5;95;0.9881;0.9964;0.9677;0.9365;0.9524;0.0000;;;;;;;;4.59
2026-02-17T18:16:58.841112;mvtec_AD/bottle;cont_5pct_loo_patch;0.05;loo_patch;10;10;10;0;392;83;20;63;4;5;95;0.9825;0.9948;0.9683;0.8889;0.9206;-0.0056;1.0000;;;;;;;5.45
2026-02-17T18:17:02.875526;mvtec_AD/bottle;cont_5pct_random_patch;0.05;random_patch;10;10;10;0;392;83;20;63;4;5;95;0.9881;0.9964;0.9672;0.9365;0.9365;0.0000;1.0000;;;;;;;4.03
2026-02-17T18:17:09.348111;mvtec_AD/bottle;cont_5pct_mahalanobis_patch;0.05;mahalanobis_patch;10;10;10;0;392;83;20;63;4;5;95;0.9865;0.9958;0.9688;0.8889;0.9048;-0.0016;1.0000;;;;;;;6.37
2026-02-17T18:17:09.367110;mvtec_AD/bottle;cont_5pct_oracle_patch;0.05;oracle_patch;10;10;10;0;0;83;20;63;4;5;95;0.9881;0.9964;0.9677;0.9365;0.9524;0.0000;1.0000;;;;;;;0.01
2026-02-17T18:17:16.505214;mvtec_AD/bottle;cont_5pct_ensemble_loo_mahal;0.05;ensemble_loo_mahal;10;10;10;0;392;83;20;63;4;5;95;0.9841;0.9951;0.9688;0.8889;0.9048;-0.0040;1.0000;;;;;;;6.80
2026-02-17T18:17:22.060918;mvtec_AD/bottle;cont_5pct_cosine_loo;0.05;cosine_loo;10;10;10;0;392;83;20;63;4;5;95;0.9802;0.9940;0.9612;0.8730;0.9206;-0.0079;1.0000;;;;;;;5.55
2026-02-17T18:17:26.648197;mvtec_AD/bottle;cont_40pct_none;0.4;none;10;10;10;4;0;83;20;63;4;5;95;0.9254;0.9805;0.9365;0.8254;0.8730;-0.0627;;;;;;;;4.56
2026-02-17T18:17:31.999966;mvtec_AD/bottle;cont_40pct_loo_patch;0.4;loo_patch;10;10;10;4;392;83;20;63;4;5;95;0.9881;0.9963;0.9692;0.8889;0.9365;0.0000;1.0000;1.0000;1;1.0000;1.0000;;;5.34
2026-02-17T18:17:36.453769;mvtec_AD/bottle;cont_40pct_random_patch;0.4;random_patch;10;10;10;4;392;83;20;63;4;5;95;0.9333;0.9820;0.9365;0.8413;0.8730;-0.0548;0.1266;1.0000;1;1.0000;1.0000;;;4.35
2026-02-17T18:17:42.681452;mvtec_AD/bottle;cont_40pct_mahalanobis_patch;0.4;mahalanobis_patch;10;10;10;4;392;83;20;63;4;5;95;0.9849;0.9953;0.9692;0.9048;0.9365;-0.0032;0.9494;1.0000;1;1.0000;1.0000;;;6.22
2026-02-17T18:17:44.666217;mvtec_AD/bottle;cont_40pct_oracle_patch;0.4;oracle_patch;10;10;6;4;3136;83;20;63;4;5;95;0.9905;0.9970;0.9692;0.9206;0.9524;0.0024;1.0380;1.0000;1;1.0000;1.0000;;;1.98
2026-02-17T18:17:51.659132;mvtec_AD/bottle;cont_40pct_ensemble_loo_mahal;0.4;ensemble_loo_mahal;10;10;10;4;392;83;20;63;4;5;95;0.9865;0.9958;0.9692;0.9048;0.9365;-0.0016;0.9747;1.0000;1;1.0000;1.0000;;;6.84
2026-02-17T18:17:57.068753;mvtec_AD/bottle;cont_40pct_cosine_loo;0.4;cosine_loo;10;10;10;4;392;83;20;63;4;5;95;0.9881;0.9963;0.9692;0.8889;0.9365;0.0000;1.0000;1.0000;1;1.0000;1.0000;;;5.40
2026-02-17T18:18:01.710687;mvtec_AD/bottle;cont_50pct_none;0.5;none;10;10;10;5;0;83;20;63;4;5;95;0.9071;0.9757;0.9206;0.8095;0.8571;-0.0810;;;;;;;;4.61
2026-02-17T18:18:07.194325;mvtec_AD/bottle;cont_50pct_loo_patch;0.5;loo_patch;10;10;10;5;392;83;20;63;4;5;95;0.9857;0.9956;0.9618;0.8889;0.9365;-0.0024;0.9706;0.9200;1;0.8000;0.8000;;;5.48
2026-02-17T18:18:11.575254;mvtec_AD/bottle;cont_50pct_random_patch;0.5;random_patch;10;10;10;5;392;83;20;63;4;5;95;0.9103;0.9763;0.9206;0.8095;0.8571;-0.0778;0.0392;0.9200;1;0.8000;0.8000;;;4.37
2026-02-17T18:18:18.602814;mvtec_AD/bottle;cont_50pct_mahalanobis_patch;0.5;mahalanobis_patch;10;10;10;5;392;83;20;63;4;5;95;0.9841;0.9950;0.9692;0.8730;0.9206;-0.0040;0.9510;0.9200;1;0.8000;0.8000;;;6.91
2026-02-17T18:18:20.499171;mvtec_AD/bottle;cont_50pct_oracle_patch;0.5;oracle_patch;10;10;5;5;3920;83;20;63;4;5;95;0.9865;0.9959;0.9688;0.8889;0.9365;-0.0016;0.9804;0.9200;1;0.8000;0.8000;;;1.89
2026-02-17T18:18:29.299237;mvtec_AD/bottle;cont_50pct_ensemble_loo_mahal;0.5;ensemble_loo_mahal;10;10;10;5;392;83;20;63;4;5;95;0.9857;0.9956;0.9618;0.8889;0.9365;-0.0024;0.9706;0.9200;1;0.8000;0.8000;;;8.79
2026-02-17T18:18:34.800538;mvtec_AD/bottle;cont_50pct_cosine_loo;0.5;cosine_loo;10;10;10;5;392;83;20;63;4;5;95;0.9857;0.9956;0.9618;0.8889;0.9365;-0.0024;0.9706;0.9200;1;0.8000;0.8000;;;5.50
2026-02-17T18:18:43.694760;mvtec_AD/cable;cont_5pct_none;0.05;none;10;10;10;0;0;150;58;92;0;5;95;0.9310;0.9613;0.8788;0.6957;0.7609;;;;;;;;;8.00
2026-02-17T18:18:52.861852;mvtec_AD/cable;cont_5pct_loo_patch;0.05;loo_patch;10;10;10;0;392;150;58;92;0;5;95;0.9215;0.9565;0.8710;0.6413;0.7609;;;;;;;;;9.16
2026-02-17T18:19:00.553069;mvtec_AD/cable;cont_5pct_random_patch;0.05;random_patch;10;10;10;0;392;150;58;92;0;5;95;0.9288;0.9601;0.8744;0.6739;0.7609;;;;;;;;;7.69
2026-02-17T18:19:10.151305;mvtec_AD/cable;cont_5pct_mahalanobis_patch;0.05;mahalanobis_patch;10;10;10;0;392;150;58;92;0;5;95;0.9331;0.9630;0.8876;0.6739;0.7935;;;;;;;;;9.49
2026-02-17T18:19:10.167306;mvtec_AD/cable;cont_5pct_oracle_patch;0.05;oracle_patch;10;10;10;0;0;150;58;92;0;5;95;0.9310;0.9613;0.8788;0.6957;0.7609;;;;;;;;;0.01
2026-02-17T18:19:20.361889;mvtec_AD/cable;cont_5pct_ensemble_loo_mahal;0.05;ensemble_loo_mahal;10;10;10;0;392;150;58;92;0;5;95;0.9237;0.9578;0.8800;0.6522;0.7500;;;;;;;;;10.11
2026-02-17T18:19:26.946981;mvtec_AD/cable;cont_5pct_cosine_loo;0.05;cosine_loo;10;10;10;0;392;150;58;92;0;5;95;0.9249;0.9587;0.8791;0.6304;0.7717;;;;;;;;;6.58
2026-02-17T18:19:35.232870;mvtec_AD/cable;cont_50pct_none;0.5;none;10;10;10;5;0;150;58;92;0;5;95;0.8793;0.9378;0.8619;0.5761;0.6739;;;;;;;;;8.03
2026-02-17T18:19:43.915364;mvtec_AD/cable;cont_50pct_loo_patch;0.5;loo_patch;10;10;10;5;392;150;58;92;0;5;95;0.9273;0.9593;0.9121;0.6304;0.6957;;;0.8800;1;0.8000;0.8000;;;8.68
2026-02-17T18:19:52.001547;mvtec_AD/cable;cont_50pct_random_patch;0.5;random_patch;10;10;10;5;392;150;58;92;0;5;95;0.8761;0.9368;0.8636;0.5543;0.6848;;;0.8800;1;0.8000;0.8000;;;7.68
2026-02-17T18:20:02.060312;mvtec_AD/cable;cont_50pct_mahalanobis_patch;0.5;mahalanobis_patch;10;10;10;5;392;150;58;92;0;5;95;0.9061;0.9505;0.8840;0.6196;0.6957;;;0.8800;1;0.8000;0.8000;;;10.05
2026-02-17T18:20:05.199297;mvtec_AD/cable;cont_50pct_oracle_patch;0.5;oracle_patch;10;10;5;5;3920;150;58;92;0;5;95;0.9402;0.9665;0.8851;0.6957;0.8043;;;0.8800;1;0.8000;0.8000;;;3.13
2026-02-17T18:20:15.520589;mvtec_AD/cable;cont_50pct_ensemble_loo_mahal;0.5;ensemble_loo_mahal;10;10;10;5;392;150;58;92;0;5;95;0.9222;0.9560;0.8950;0.5978;0.6957;;;0.8800;1;0.8000;0.8000;;;10.18
2026-02-17T18:20:24.484207;mvtec_AD/cable;cont_50pct_cosine_loo;0.5;cosine_loo;10;10;10;5;392;150;58;92;0;5;95;0.9093;0.9517;0.9000;0.6087;0.6848;;;0.8800;1;0.8000;0.8000;;;8.96
2026-02-17T18:20:32.849242;mvtec_AD/cable;cont_0pct_none;0.0;none;10;10;10;0;0;150;58;92;1;5;95;0.9462;0.9684;0.9198;0.5761;0.7935;;;;;;;;;8.07
2026-02-17T18:20:41.924852;mvtec_AD/cable;cont_0pct_loo_patch;0.0;loo_patch;10;10;10;0;392;150;58;92;1;5;95;0.9363;0.9638;0.8947;0.5870;0.7935;-0.0099;;;;;;;;9.07
2026-02-17T18:20:48.483186;mvtec_AD/cable;cont_0pct_random_patch;0.0;random_patch;10;10;10;0;392;150;58;92;1;5;95;0.9447;0.9676;0.9101;0.5761;0.7826;-0.0015;;;;;;;;6.34
2026-02-17T18:20:59.062618;mvtec_AD/cable;cont_0pct_mahalanobis_patch;0.0;mahalanobis_patch;10;10;10;0;392;150;58;92;1;5;95;0.9406;0.9660;0.9091;0.5870;0.7826;-0.0056;;;;;;;;10.58
2026-02-17T18:20:59.082317;mvtec_AD/cable;cont_0pct_oracle_patch;0.0;oracle_patch;10;10;10;0;0;150;58;92;1;5;95;0.9462;0.9684;0.9198;0.5761;0.7935;0.0000;;;;;;;;0.02
2026-02-17T18:21:09.561226;mvtec_AD/cable;cont_0pct_ensemble_loo_mahal;0.0;ensemble_loo_mahal;10;10;10;0;392;150;58;92;1;5;95;0.9395;0.9659;0.9111;0.5870;0.8043;-0.0067;;;;;;;;10.36
2026-02-17T18:21:18.534709;mvtec_AD/cable;cont_0pct_cosine_loo;0.0;cosine_loo;10;10;10;0;392;150;58;92;1;5;95;0.9383;0.9650;0.9032;0.5870;0.8261;-0.0079;;;;;;;;8.97
2026-02-17T18:21:25.045435;mvtec_AD/cable;cont_5pct_none;0.05;none;10;10;10;0;0;150;58;92;1;5;95;0.9462;0.9684;0.9198;0.5761;0.7935;0.0000;;;;;;;;6.38
2026-02-17T18:21:33.876097;mvtec_AD/cable;cont_5pct_loo_patch;0.05;loo_patch;10;10;10;0;392;150;58;92;1;5;95;0.9363;0.9638;0.8947;0.5870;0.7935;-0.0099;1.0000;;;;;;;8.82
2026-02-17T18:21:41.266833;mvtec_AD/cable;cont_5pct_random_patch;0.05;random_patch;10;10;10;0;392;150;58;92;1;5;95;0.9447;0.9676;0.9101;0.5761;0.7826;-0.0015;1.0000;;;;;;;7.39
2026-02-17T18:21:50.847323;mvtec_AD/cable;cont_5pct_mahalanobis_patch;0.05;mahalanobis_patch;10;10;10;0;392;150;58;92;1;5;95;0.9406;0.9660;0.9091;0.5870;0.7826;-0.0056;1.0000;;;;;;;9.58
2026-02-17T18:21:50.865755;mvtec_AD/cable;cont_5pct_oracle_patch;0.05;oracle_patch;10;10;10;0;0;150;58;92;1;5;95;0.9462;0.9684;0.9198;0.5761;0.7935;0.0000;1.0000;;;;;;;0.01
2026-02-17T18:22:01.426087;mvtec_AD/cable;cont_5pct_ensemble_loo_mahal;0.05;ensemble_loo_mahal;10;10;10;0;392;150;58;92;1;5;95;0.9395;0.9659;0.9111;0.5870;0.8043;-0.0067;1.0000;;;;;;;10.46
2026-02-17T18:22:10.317419;mvtec_AD/cable;cont_5pct_cosine_loo;0.05;cosine_loo;10;10;10;0;392;150;58;92;1;5;95;0.9383;0.9650;0.9032;0.5870;0.8261;-0.0079;1.0000;;;;;;;8.88
2026-02-17T18:22:18.626490;mvtec_AD/cable;cont_40pct_none;0.4;none;10;10;10;4;0;150;58;92;1;5;95;0.8774;0.9337;0.8723;0.4891;0.6196;-0.0688;;;;;;;;8.14
2026-02-17T18:22:26.029232;mvtec_AD/cable;cont_40pct_loo_patch;0.4;loo_patch;10;10;10;4;392;150;58;92;1;5;95;0.9211;0.9552;0.8947;0.5543;0.6848;-0.0251;0.6349;0.9583;1;0.7500;0.7500;;;7.30
2026-02-17T18:22:33.776625;mvtec_AD/cable;cont_40pct_random_patch;0.4;random_patch;10;10;10;4;392;150;58;92;1;5;95;0.8774;0.9343;0.8757;0.5000;0.6196;-0.0688;-0.0000;0.9583;1;0.7500;0.7500;;;7.74
2026-02-17T18:22:44.043119;mvtec_AD/cable;cont_40pct_mahalanobis_patch;0.4;mahalanobis_patch;10;10;10;4;392;150;58;92;1;5;95;0.8960;0.9430;0.8830;0.4783;0.6957;-0.0502;0.2698;0.9583;1;0.7500;0.7500;;;9.92
2026-02-17T18:22:49.050033;mvtec_AD/cable;cont_40pct_oracle_patch;0.4;oracle_patch;10;10;6;4;3136;150;58;92;1;5;95;0.9213;0.9531;0.8925;0.5543;0.6957;-0.0249;0.6376;0.9583;1;0.7500;0.7500;;;5.00
2026-02-17T18:22:59.725542;mvtec_AD/cable;cont_40pct_ensemble_loo_mahal;0.4;ensemble_loo_mahal;10;10;10;4;392;150;58;92;1;5;95;0.9089;0.9484;0.8889;0.5000;0.6848;-0.0373;0.4578;0.9583;1;0.7500;0.7500;;;10.42
2026-02-17T18:23:06.856682;mvtec_AD/cable;cont_40pct_cosine_loo;0.4;cosine_loo;10;10;10;4;392;150;58;92;1;5;95;0.9125;0.9499;0.8842;0.5435;0.6848;-0.0337;0.5095;0.9583;1;0.7500;0.7500;;;7.12
2026-02-17T18:23:15.139206;mvtec_AD/cable;cont_50pct_none;0.5;none;10;10;10;5;0;150;58;92;1;5;95;0.8579;0.9222;0.8696;0.4891;0.5543;-0.0883;;;;;;;;8.25
2026-02-17T18:23:24.246215;mvtec_AD/cable;cont_50pct_loo_patch;0.5;loo_patch;10;10;10;5;392;150;58;92;1;5;95;0.8982;0.9432;0.8776;0.5326;0.6304;-0.0480;0.4565;0.8800;1;0.8000;0.8000;;;8.80
2026-02-17T18:23:31.853476;mvtec_AD/cable;cont_50pct_random_patch;0.5;random_patch;10;10;10;5;392;150;58;92;1;5;95;0.8574;0.9228;0.8617;0.5109;0.5761;-0.0888;-0.0064;0.8800;1;0.8000;0.8000;;;7.60
2026-02-17T18:23:40.945668;mvtec_AD/cable;cont_50pct_mahalanobis_patch;0.5;mahalanobis_patch;10;10;10;5;392;150;58;92;1;5;95;0.8709;0.9283;0.8587;0.4565;0.5978;-0.0753;0.1465;0.8800;1;0.8000;0.8000;;;8.74
2026-02-17T18:23:45.033059;mvtec_AD/cable;cont_50pct_oracle_patch;0.5;oracle_patch;10;10;5;5;3920;150;58;92;1;5;95;0.9144;0.9492;0.8770;0.5652;0.6522;-0.0319;0.6391;0.8800;1;0.8000;0.8000;;;4.08
2026-02-17T18:23:55.732706;mvtec_AD/cable;cont_50pct_ensemble_loo_mahal;0.5;ensemble_loo_mahal;10;10;10;5;392;150;58;92;1;5;95;0.8769;0.9316;0.8587;0.4783;0.6087;-0.0693;0.2144;0.8800;1;0.8000;0.8000;;;10.47
2026-02-17T18:24:02.695526;mvtec_AD/cable;cont_50pct_cosine_loo;0.5;cosine_loo;10;10;10;5;392;150;58;92;1;5;95;0.8836;0.9352;0.8601;0.5326;0.6196;-0.0626;0.2909;0.8800;1;0.8000;0.8000;;;6.95
2026-02-17T18:24:10.838154;mvtec_AD/cable;cont_0pct_none;0.0;none;10;10;10;0;0;150;58;92;2;5;95;0.8714;0.9254;0.8325;0.5543;0.5543;;;;;;;;;8.01
2026-02-17T18:24:19.659486;mvtec_AD/cable;cont_0pct_loo_patch;0.0;loo_patch;10;10;10;0;392;150;58;92;2;5;95;0.8641;0.9215;0.8325;0.5217;0.5652;-0.0073;;;;;;;;8.71
2026-02-17T18:24:27.050286;mvtec_AD/cable;cont_0pct_random_patch;0.0;random_patch;10;10;10;0;392;150;58;92;2;5;95;0.8729;0.9269;0.8325;0.5435;0.5870;0.0015;;;;;;;;7.38
2026-02-17T18:24:36.975856;mvtec_AD/cable;cont_0pct_mahalanobis_patch;0.0;mahalanobis_patch;10;10;10;0;392;150;58;92;2;5;95;0.8634;0.9204;0.8341;0.5435;0.5870;-0.0081;;;;;;;;9.92
2026-02-17T18:24:36.996214;mvtec_AD/cable;cont_0pct_oracle_patch;0.0;oracle_patch;10;10;10;0;0;150;58;92;2;5;95;0.8714;0.9254;0.8325;0.5543;0.5543;0.0000;;;;;;;;0.01
2026-02-17T18:24:47.439091;mvtec_AD/cable;cont_0pct_ensemble_loo_mahal;0.0;ensemble_loo_mahal;10;10;10;0;392;150;58;92;2;5;95;0.8619;0.9197;0.8341;0.5435;0.5652;-0.0096;;;;;;;;10.36
2026-02-17T18:24:55.255122;mvtec_AD/cable;cont_0pct_cosine_loo;0.0;cosine_loo;10;10;10;0;392;150;58;92;2;5;95;0.8621;0.9210;0.8341;0.5435;0.5652;-0.0094;;;;;;;;7.81
2026-02-17T18:25:02.845677;mvtec_AD/cable;cont_5pct_none;0.05;none;10;10;10;0;0;150;58;92;2;5;95;0.8714;0.9254;0.8325;0.5543;0.5543;0.0000;;;;;;;;7.57
2026-02-17T18:25:11.046705;mvtec_AD/cable;cont_5pct_loo_patch;0.05;loo_patch;10;10;10;0;392;150;58;92;2;5;95;0.8641;0.9215;0.8325;0.5217;0.5652;-0.0073;1.0000;;;;;;;8.20
2026-02-17T18:25:18.116670;mvtec_AD/cable;cont_5pct_random_patch;0.05;random_patch;10;10;10;0;392;150;58;92;2;5;95;0.8729;0.9269;0.8325;0.5435;0.5870;0.0015;1.0000;;;;;;;7.07
2026-02-17T18:25:28.775779;mvtec_AD/cable;cont_5pct_mahalanobis_patch;0.05;mahalanobis_patch;10;10;10;0;392;150;58;92;2;5;95;0.8634;0.9204;0.8341;0.5435;0.5870;-0.0081;1.0000;;;;;;;10.47
2026-02-17T18:25:28.799791;mvtec_AD/cable;cont_5pct_oracle_patch;0.05;oracle_patch;10;10;10;0;0;150;58;92;2;5;95;0.8714;0.9254;0.8325;0.5543;0.5543;0.0000;1.0000;;;;;;;0.02
2026-02-17T18:25:38.949968;mvtec_AD/cable;cont_5pct_ensemble_loo_mahal;0.05;ensemble_loo_mahal;10;10;10;0;392;150;58;92;2;5;95;0.8619;0.9197;0.8341;0.5435;0.5652;-0.0096;1.0000;;;;;;;10.03
2026-02-17T18:25:47.924041;mvtec_AD/cable;cont_5pct_cosine_loo;0.05;cosine_loo;10;10;10;0;392;150;58;92;2;5;95;0.8621;0.9210;0.8341;0.5435;0.5652;-0.0094;1.0000;;;;;;;8.97
2026-02-17T18:25:55.271133;mvtec_AD/cable;cont_40pct_none;0.4;none;10;10;10;4;0;150;58;92;2;5;95;0.8900;0.9429;0.8696;0.5870;0.7283;0.0186;;;;;;;;6.99
2026-02-17T18:26:04.191701;mvtec_AD/cable;cont_40pct_loo_patch;0.4;loo_patch;10;10;10;4;392;150;58;92;2;5;95;0.9129;0.9542;0.8840;0.6739;0.7826;0.0414;-1.2323;1.0000;1;1.0000;1.0000;;;8.92
2026-02-17T18:26:12.022362;mvtec_AD/cable;cont_40pct_random_patch;0.4;random_patch;10;10;10;4;392;150;58;92;2;5;95;0.8876;0.9414;0.8619;0.5543;0.7283;0.0161;0.1313;1.0000;1;1.0000;1.0000;;;7.82
2026-02-17T18:26:20.802243;mvtec_AD/cable;cont_40pct_mahalanobis_patch;0.4;mahalanobis_patch;10;10;10;4;392;150;58;92;2;5;95;0.8917;0.9432;0.8729;0.6087;0.7065;0.0202;-0.0909;1.0000;1;1.0000;1.0000;;;8.65
2026-02-17T18:26:25.518575;mvtec_AD/cable;cont_40pct_oracle_patch;0.4;oracle_patch;10;10;6;4;3136;150;58;92;2;5;95;0.8941;0.9391;0.8523;0.5543;0.6304;0.0227;-0.2222;1.0000;1;1.0000;1.0000;;;4.71
2026-02-17T18:26:35.495781;mvtec_AD/cable;cont_40pct_ensemble_loo_mahal;0.4;ensemble_loo_mahal;10;10;10;4;392;150;58;92;2;5;95;0.9127;0.9527;0.8804;0.6413;0.7174;0.0412;-1.2222;1.0000;1;1.0000;1.0000;;;9.87
2026-02-17T18:26:44.573240;mvtec_AD/cable;cont_40pct_cosine_loo;0.4;cosine_loo;10;10;10;4;392;150;58;92;2;5;95;0.9157;0.9558;0.8791;0.6522;0.7826;0.0442;-1.3838;1.0000;1;1.0000;1.0000;;;9.07
2026-02-17T18:26:52.763774;mvtec_AD/cable;cont_50pct_none;0.5;none;10;10;10;5;0;150;58;92;2;5;95;0.8540;0.9229;0.8352;0.5000;0.6304;-0.0174;;;;;;;;8.06
2026-02-17T18:27:01.628246;mvtec_AD/cable;cont_50pct_loo_patch;0.5;loo_patch;10;10;10;5;392;150;58;92;2;5;95;0.8786;0.9350;0.8525;0.5870;0.6630;0.0071;1.4086;0.8800;1;0.8000;0.8000;;;8.86
2026-02-17T18:27:08.475765;mvtec_AD/cable;cont_50pct_random_patch;0.5;random_patch;10;10;10;5;392;150;58;92;2;5;95;0.8593;0.9256;0.8353;0.5109;0.6087;-0.0122;0.3011;0.8800;1;0.8000;0.8000;;;6.52
2026-02-17T18:27:19.099272;mvtec_AD/cable;cont_50pct_mahalanobis_patch;0.5;mahalanobis_patch;10;10;10;5;392;150;58;92;2;5;95;0.8701;0.9319;0.8457;0.5326;0.6522;-0.0013;0.9247;0.8800;1;0.8000;0.8000;;;10.61
2026-02-17T18:27:23.165538;mvtec_AD/cable;cont_50pct_oracle_patch;0.5;oracle_patch;10;10;5;5;3920;150;58;92;2;5;95;0.8392;0.9052;0.8318;0.5109;0.5435;-0.0322;-0.8495;0.8800;1;0.8000;0.8000;;;4.06
2026-02-17T18:27:34.275831;mvtec_AD/cable;cont_50pct_ensemble_loo_mahal;0.5;ensemble_loo_mahal;10;10;10;5;392;150;58;92;2;5;95;0.8722;0.9320;0.8508;0.5761;0.6739;0.0007;1.0430;0.8800;1;0.8000;0.8000;;;11.00
2026-02-17T18:27:42.725774;mvtec_AD/cable;cont_50pct_cosine_loo;0.5;cosine_loo;10;10;10;5;392;150;58;92;2;5;95;0.8741;0.9338;0.8525;0.5870;0.6630;0.0026;1.1505;0.8800;1;0.8000;0.8000;;;8.44
2026-02-17T18:27:51.144229;mvtec_AD/cable;cont_0pct_none;0.0;none;10;10;10;0;0;150;58;92;3;5;95;0.9312;0.9650;0.9158;0.6848;0.7717;;;;;;;;;8.19
2026-02-17T18:27:59.743030;mvtec_AD/cable;cont_0pct_loo_patch;0.0;loo_patch;10;10;10;0;392;150;58;92;3;5;95;0.9241;0.9603;0.9053;0.6522;0.7717;-0.0071;;;;;;;;8.59
2026-02-17T18:28:07.559376;mvtec_AD/cable;cont_0pct_random_patch;0.0;random_patch;10;10;10;0;392;150;58;92;3;5;95;0.9286;0.9635;0.9149;0.6739;0.7717;-0.0026;;;;;;;;7.67
2026-02-17T18:28:17.601822;mvtec_AD/cable;cont_0pct_mahalanobis_patch;0.0;mahalanobis_patch;10;10;10;0;392;150;58;92;3;5;95;0.9226;0.9600;0.9022;0.6848;0.7826;-0.0086;;;;;;;;9.94
2026-02-17T18:28:17.616029;mvtec_AD/cable;cont_0pct_oracle_patch;0.0;oracle_patch;10;10;10;0;0;150;58;92;3;5;95;0.9312;0.9650;0.9158;0.6848;0.7717;0.0000;;;;;;;;0.01
2026-02-17T18:28:27.863100;mvtec_AD/cable;cont_0pct_ensemble_loo_mahal;0.0;ensemble_loo_mahal;10;10;10;0;392;150;58;92;3;5;95;0.9241;0.9606;0.9091;0.6630;0.7609;-0.0071;;;;;;;;10.24
2026-02-17T18:28:36.280678;mvtec_AD/cable;cont_0pct_cosine_loo;0.0;cosine_loo;10;10;10;0;392;150;58;92;3;5;95;0.9237;0.9608;0.9005;0.6848;0.7717;-0.0075;;;;;;;;8.41
2026-02-17T18:28:43.785741;mvtec_AD/cable;cont_5pct_none;0.05;none;10;10;10;0;0;150;58;92;3;5;95;0.9312;0.9650;0.9158;0.6848;0.7717;0.0000;;;;;;;;7.49
2026-02-17T18:28:52.009185;mvtec_AD/cable;cont_5pct_loo_patch;0.05;loo_patch;10;10;10;0;392;150;58;92;3;5;95;0.9241;0.9603;0.9053;0.6522;0.7717;-0.0071;1.0000;;;;;;;8.22
2026-02-17T18:28:59.376517;mvtec_AD/cable;cont_5pct_random_patch;0.05;random_patch;10;10;10;0;392;150;58;92;3;5;95;0.9286;0.9635;0.9149;0.6739;0.7717;-0.0026;1.0000;;;;;;;7.36
2026-02-17T18:29:09.552063;mvtec_AD/cable;cont_5pct_mahalanobis_patch;0.05;mahalanobis_patch;10;10;10;0;392;150;58;92;3;5;95;0.9226;0.9600;0.9022;0.6848;0.7826;-0.0086;1.0000;;;;;;;10.17
2026-02-17T18:29:09.570123;mvtec_AD/cable;cont_5pct_oracle_patch;0.05;oracle_patch;10;10;10;0;0;150;58;92;3;5;95;0.9312;0.9650;0.9158;0.6848;0.7717;0.0000;1.0000;;;;;;;0.01
2026-02-17T18:29:18.642818;mvtec_AD/cable;cont_5pct_ensemble_loo_mahal;0.05;ensemble_loo_mahal;10;10;10;0;392;150;58;92;3;5;95;0.9241;0.9606;0.9091;0.6630;0.7609;-0.0071;1.0000;;;;;;;8.88
2026-02-17T18:29:27.125124;mvtec_AD/cable;cont_5pct_cosine_loo;0.05;cosine_loo;10;10;10;0;392;150;58;92;3;5;95;0.9237;0.9608;0.9005;0.6848;0.7717;-0.0075;1.0000;;;;;;;8.48
2026-02-17T18:29:35.350754;mvtec_AD/cable;cont_40pct_none;0.4;none;10;10;10;4;0;150;58;92;3;5;95;0.9033;0.9516;0.8939;0.5978;0.7283;-0.0279;;;;;;;;8.12
2026-02-17T18:29:44.340657;mvtec_AD/cable;cont_40pct_loo_patch;0.4;loo_patch;10;10;10;4;392;150;58;92;3;5;95;0.9166;0.9576;0.9043;0.6196;0.7500;-0.0146;0.4765;0.7083;1;0.5000;0.5000;;;8.80
2026-02-17T18:29:52.025532;mvtec_AD/cable;cont_40pct_random_patch;0.4;random_patch;10;10;10;4;392;150;58;92;3;5;95;0.9037;0.9522;0.8984;0.6087;0.7391;-0.0275;0.0134;0.7083;1;0.5000;0.5000;;;7.68
2026-02-17T18:30:01.513260;mvtec_AD/cable;cont_40pct_mahalanobis_patch;0.4;mahalanobis_patch;10;10;10;4;392;150;58;92;3;5;95;0.9174;0.9556;0.9016;0.5978;0.7174;-0.0139;0.5034;0.7083;1;0.5000;0.5000;;;8.78
2026-02-17T18:30:06.606883;mvtec_AD/cable;cont_40pct_oracle_patch;0.4;oracle_patch;10;10;6;4;3136;150;58;92;3;5;95;0.9432;0.9701;0.9198;0.6848;0.8152;0.0120;1.4295;0.7083;1;0.5000;0.5000;;;5.09
2026-02-17T18:30:16.868780;mvtec_AD/cable;cont_40pct_ensemble_loo_mahal;0.4;ensemble_loo_mahal;10;10;10;4;392;150;58;92;3;5;95;0.9151;0.9568;0.9005;0.6413;0.7717;-0.0161;0.4228;0.7083;1;0.5000;0.5000;;;9.88
2026-02-17T18:30:24.440035;mvtec_AD/cable;cont_40pct_cosine_loo;0.4;cosine_loo;10;10;10;4;392;150;58;92;3;5;95;0.9170;0.9580;0.9043;0.6196;0.7500;-0.0142;0.4899;0.7083;1;0.5000;0.5000;;;7.57
2026-02-17T18:30:32.703085;mvtec_AD/cable;cont_50pct_none;0.5;none;10;10;10;5;0;150;58;92;3;5;95;0.8857;0.9440;0.8750;0.6196;0.7609;-0.0455;;;;;;;;8.23
2026-02-17T18:30:40.832380;mvtec_AD/cable;cont_50pct_loo_patch;0.5;loo_patch;10;10;10;5;392;150;58;92;3;5;95;0.8982;0.9503;0.8764;0.6522;0.7826;-0.0330;0.2757;0.6400;1;0.6000;0.6000;;;8.12
2026-02-17T18:30:47.755867;mvtec_AD/cable;cont_50pct_random_patch;0.5;random_patch;10;10;10;5;392;150;58;92;3;5;95;0.8810;0.9413;0.8649;0.6196;0.7065;-0.0502;-0.1029;0.6400;1;0.6000;0.6000;;;6.70
2026-02-17T18:30:58.408366;mvtec_AD/cable;cont_50pct_mahalanobis_patch;0.5;mahalanobis_patch;10;10;10;5;392;150;58;92;3;5;95;0.8997;0.9489;0.8667;0.6304;0.7500;-0.0315;0.3086;0.6400;1;0.6000;0.6000;;;10.65
2026-02-17T18:31:02.532418;mvtec_AD/cable;cont_50pct_oracle_patch;0.5;oracle_patch;10;10;5;5;3920;150;58;92;3;5;95;0.9310;0.9631;0.8941;0.6304;0.8261;-0.0002;0.9959;0.6400;1;0.6000;0.6000;;;4.12
2026-02-17T18:31:12.881396;mvtec_AD/cable;cont_50pct_ensemble_loo_mahal;0.5;ensemble_loo_mahal;10;10;10;5;392;150;58;92;3;5;95;0.8969;0.9490;0.8743;0.6413;0.7283;-0.0343;0.2469;0.6400;1;0.6000;0.6000;;;10.34
2026-02-17T18:31:21.596544;mvtec_AD/cable;cont_50pct_cosine_loo;0.5;cosine_loo;10;10;10;5;392;150;58;92;3;5;95;0.8979;0.9503;0.8764;0.6522;0.7826;-0.0334;0.2675;0.6400;1;0.6000;0.6000;;;8.71
2026-02-17T18:31:28.749705;mvtec_AD/cable;cont_0pct_none;0.0;none;10;10;10;0;0;150;58;92;4;5;95;0.9303;0.9610;0.8914;0.6196;0.7826;;;;;;;;;6.88
2026-02-17T18:31:37.884932;mvtec_AD/cable;cont_0pct_loo_patch;0.0;loo_patch;10;10;10;0;392;150;58;92;4;5;95;0.9204;0.9552;0.8743;0.5978;0.7391;-0.0099;;;;;;;;9.13
2026-02-17T18:31:46.580308;mvtec_AD/cable;cont_0pct_random_patch;0.0;random_patch;10;10;10;0;392;150;58;92;4;5;95;0.9318;0.9617;0.8889;0.6087;0.8043;0.0015;;;;;;;;8.51
2026-02-17T18:31:57.016327;mvtec_AD/cable;cont_0pct_mahalanobis_patch;0.0;mahalanobis_patch;10;10;10;0;392;150;58;92;4;5;95;0.9228;0.9577;0.8864;0.6522;0.7609;-0.0075;;;;;;;;10.43
2026-02-17T18:31:57.033843;mvtec_AD/cable;cont_0pct_oracle_patch;0.0;oracle_patch;10;10;10;0;0;150;58;92;4;5;95;0.9303;0.9610;0.8914;0.6196;0.7826;0.0000;;;;;;;;0.01
2026-02-17T18:32:06.014087;mvtec_AD/cable;cont_0pct_ensemble_loo_mahal;0.0;ensemble_loo_mahal;10;10;10;0;392;150;58;92;4;5;95;0.9226;0.9572;0.8800;0.6196;0.7717;-0.0077;;;;;;;;8.90
2026-02-17T18:32:15.039547;mvtec_AD/cable;cont_0pct_cosine_loo;0.0;cosine_loo;10;10;10;0;392;150;58;92;4;5;95;0.9209;0.9565;0.8800;0.6087;0.7717;-0.0094;;;;;;;;9.02
2026-02-17T18:32:23.690924;mvtec_AD/cable;cont_5pct_none;0.05;none;10;10;10;0;0;150;58;92;4;5;95;0.9303;0.9610;0.8914;0.6196;0.7826;0.0000;;;;;;;;8.64
2026-02-17T18:32:32.604755;mvtec_AD/cable;cont_5pct_loo_patch;0.05;loo_patch;10;10;10;0;392;150;58;92;4;5;95;0.9204;0.9552;0.8743;0.5978;0.7391;-0.0099;1.0000;;;;;;;8.81
2026-02-17T18:32:40.505920;mvtec_AD/cable;cont_5pct_random_patch;0.05;random_patch;10;10;10;0;392;150;58;92;4;5;95;0.9318;0.9617;0.8889;0.6087;0.8043;0.0015;1.0000;;;;;;;7.89
2026-02-17T18:32:50.101203;mvtec_AD/cable;cont_5pct_mahalanobis_patch;0.05;mahalanobis_patch;10;10;10;0;392;150;58;92;4;5;95;0.9228;0.9577;0.8864;0.6522;0.7609;-0.0075;1.0000;;;;;;;9.59
2026-02-17T18:32:50.116817;mvtec_AD/cable;cont_5pct_oracle_patch;0.05;oracle_patch;10;10;10;0;0;150;58;92;4;5;95;0.9303;0.9610;0.8914;0.6196;0.7826;0.0000;1.0000;;;;;;;0.01
2026-02-17T18:33:00.994341;mvtec_AD/cable;cont_5pct_ensemble_loo_mahal;0.05;ensemble_loo_mahal;10;10;10;0;392;150;58;92;4;5;95;0.9226;0.9572;0.8800;0.6196;0.7717;-0.0077;1.0000;;;;;;;10.78
2026-02-17T18:33:08.385779;mvtec_AD/cable;cont_5pct_cosine_loo;0.05;cosine_loo;10;10;10;0;392;150;58;92;4;5;95;0.9209;0.9565;0.8800;0.6087;0.7717;-0.0094;1.0000;;;;;;;7.39
2026-02-17T18:33:17.111615;mvtec_AD/cable;cont_40pct_none;0.4;none;10;10;10;4;0;150;58;92;4;5;95;0.9140;0.9562;0.8950;0.6087;0.7717;-0.0163;;;;;;;;8.54
2026-02-17T18:33:26.310437;mvtec_AD/cable;cont_40pct_loo_patch;0.4;loo_patch;10;10;10;4;392;150;58;92;4;5;95;0.9335;0.9647;0.8958;0.6739;0.7826;0.0032;1.1954;0.7917;1;0.5000;0.5000;;;9.19
2026-02-17T18:33:34.300174;mvtec_AD/cable;cont_40pct_random_patch;0.4;random_patch;10;10;10;4;392;150;58;92;4;5;95;0.9142;0.9563;0.8901;0.6630;0.7717;-0.0161;0.0115;0.7917;1;0.5000;0.5000;;;7.98
2026-02-17T18:33:44.264773;mvtec_AD/cable;cont_40pct_mahalanobis_patch;0.4;mahalanobis_patch;10;10;10;4;392;150;58;92;4;5;95;0.9303;0.9627;0.9005;0.6630;0.7826;0.0000;1.0000;0.7917;1;0.5000;0.5000;;;9.96
2026-02-17T18:33:48.262626;mvtec_AD/cable;cont_40pct_oracle_patch;0.4;oracle_patch;10;10;6;4;3136;150;58;92;4;5;95;0.9413;0.9662;0.8901;0.7065;0.7717;0.0111;1.6782;0.7917;1;0.5000;0.5000;;;3.99
2026-02-17T18:33:58.641499;mvtec_AD/cable;cont_40pct_ensemble_loo_mahal;0.4;ensemble_loo_mahal;10;10;10;4;392;150;58;92;4;5;95;0.9331;0.9645;0.8962;0.6739;0.7935;0.0028;1.1724;0.7917;1;0.5000;0.5000;;;10.21
2026-02-17T18:34:07.544737;mvtec_AD/cable;cont_40pct_cosine_loo;0.4;cosine_loo;10;10;10;4;392;150;58;92;4;5;95;0.9320;0.9640;0.8973;0.6848;0.7935;0.0017;1.1034;0.7917;1;0.5000;0.5000;;;8.90
2026-02-17T18:34:16.034153;mvtec_AD/cable;cont_50pct_none;0.5;none;10;10;10;5;0;150;58;92;4;5;95;0.8887;0.9428;0.8710;0.5435;0.7391;-0.0416;;;;;;;;8.46
2026-02-17T18:34:25.423123;mvtec_AD/cable;cont_50pct_loo_patch;0.5;loo_patch;10;10;10;5;392;150;58;92;4;5;95;0.9112;0.9526;0.8705;0.6087;0.7826;-0.0191;0.5405;0.6400;1;0.6000;0.6000;;;9.30
2026-02-17T18:34:31.662431;mvtec_AD/cable;cont_50pct_random_patch;0.5;random_patch;10;10;10;5;392;150;58;92;4;5;95;0.8881;0.9431;0.8649;0.5435;0.7283;-0.0422;-0.0135;0.6400;1;0.6000;0.6000;;;6.23
2026-02-17T18:34:42.449877;mvtec_AD/cable;cont_50pct_mahalanobis_patch;0.5;mahalanobis_patch;10;10;10;5;392;150;58;92;4;5;95;0.9149;0.9536;0.8778;0.5761;0.7826;-0.0154;0.6306;0.6400;1;0.6000;0.6000;;;10.78
2026-02-17T18:34:46.739617;mvtec_AD/cable;cont_50pct_oracle_patch;0.5;oracle_patch;10;10;5;5;3920;150;58;92;4;5;95;0.9292;0.9605;0.8791;0.6739;0.7717;-0.0011;0.9730;0.6400;1;0.6000;0.6000;;;4.28
2026-02-17T18:34:57.801456;mvtec_AD/cable;cont_50pct_ensemble_loo_mahal;0.5;ensemble_loo_mahal;10;10;10;5;392;150;58;92;4;5;95;0.9162;0.9548;0.8776;0.6196;0.7717;-0.0141;0.6622;0.6400;1;0.6000;0.6000;;;10.94
2026-02-17T18:35:05.464184;mvtec_AD/cable;cont_50pct_cosine_loo;0.5;cosine_loo;10;10;10;5;392;150;58;92;4;5;95;0.9138;0.9537;0.8691;0.5978;0.7826;-0.0165;0.6036;0.6400;1;0.6000;0.6000;;;7.66
2026-02-17T18:35:13.674708;mvtec_AD/capsule;cont_0pct_none;0.0;none;10;10;10;0;0;132;23;109;0;5;95;0.8748;0.9701;0.9345;0.4312;0.6055;;;;;;;;;7.18
2026-02-17T18:35:21.404029;mvtec_AD/capsule;cont_0pct_loo_patch;0.0;loo_patch;10;10;10;0;392;132;23;109;0;5;95;0.8624;0.9640;0.9345;0.3394;0.4587;-0.0124;;;;;;;;7.73
2026-02-17T18:35:26.976245;mvtec_AD/capsule;cont_0pct_random_patch;0.0;random_patch;10;10;10;0;392;132;23;109;0;5;95;0.8632;0.9675;0.9258;0.4312;0.6147;-0.0116;;;;;;;;5.57
2026-02-17T18:35:36.331528;mvtec_AD/capsule;cont_0pct_mahalanobis_patch;0.0;mahalanobis_patch;10;10;10;0;392;132;23;109;0;5;95;0.8448;0.9607;0.9304;0.4220;0.4404;-0.0299;;;;;;;;9.04
2026-02-17T18:35:36.349525;mvtec_AD/capsule;cont_0pct_oracle_patch;0.0;oracle_patch;10;10;10;0;0;132;23;109;0;5;95;0.8748;0.9701;0.9345;0.4312;0.6055;0.0000;;;;;;;;0.01
2026-02-17T18:35:45.611887;mvtec_AD/capsule;cont_0pct_ensemble_loo_mahal;0.0;ensemble_loo_mahal;10;10;10;0;392;132;23;109;0;5;95;0.8636;0.9654;0.9369;0.4220;0.4587;-0.0112;;;;;;;;9.09
2026-02-17T18:35:53.663313;mvtec_AD/capsule;cont_0pct_cosine_loo;0.0;cosine_loo;10;10;10;0;392;132;23;109;0;5;95;0.8588;0.9639;0.9386;0.4128;0.4587;-0.0160;;;;;;;;8.04
2026-02-17T18:36:00.789129;mvtec_AD/capsule;cont_5pct_none;0.05;none;10;10;10;0;0;132;23;109;0;5;95;0.8748;0.9701;0.9345;0.4312;0.6055;0.0000;;;;;;;;7.11
2026-02-17T18:36:07.854869;mvtec_AD/capsule;cont_5pct_loo_patch;0.05;loo_patch;10;10;10;0;392;132;23;109;0;5;95;0.8624;0.9640;0.9345;0.3394;0.4587;-0.0124;1.0000;;;;;;;6.70
2026-02-17T18:36:14.657210;mvtec_AD/capsule;cont_5pct_random_patch;0.05;random_patch;10;10;10;0;392;132;23;109;0;5;95;0.8632;0.9675;0.9258;0.4312;0.6147;-0.0116;1.0000;;;;;;;6.66
2026-02-17T18:36:24.782903;mvtec_AD/capsule;cont_5pct_mahalanobis_patch;0.05;mahalanobis_patch;10;10;10;0;392;132;23;109;0;5;95;0.8448;0.9607;0.9304;0.4220;0.4404;-0.0299;1.0000;;;;;;;9.74
2026-02-17T18:36:24.799641;mvtec_AD/capsule;cont_5pct_oracle_patch;0.05;oracle_patch;10;10;10;0;0;132;23;109;0;5;95;0.8748;0.9701;0.9345;0.4312;0.6055;0.0000;1.0000;;;;;;;0.01
2026-02-17T18:36:34.276984;mvtec_AD/capsule;cont_5pct_ensemble_loo_mahal;0.05;ensemble_loo_mahal;10;10;10;0;392;132;23;109;0;5;95;0.8636;0.9654;0.9369;0.4220;0.4587;-0.0112;1.0000;;;;;;;9.18
2026-02-17T18:36:42.638965;mvtec_AD/capsule;cont_5pct_cosine_loo;0.05;cosine_loo;10;10;10;0;392;132;23;109;0;5;95;0.8588;0.9639;0.9386;0.4128;0.4587;-0.0160;1.0000;;;;;;;8.36
2026-02-17T18:36:48.590000;mvtec_AD/capsule;cont_40pct_none;0.4;none;10;10;10;4;0;132;23;109;0;5;95;0.8002;0.9492;0.9046;0.2661;0.3578;-0.0746;;;;;;;;5.52
2026-02-17T18:36:56.783078;mvtec_AD/capsule;cont_40pct_loo_patch;0.4;loo_patch;10;10;10;4;392;132;23;109;0;5;95;0.8329;0.9564;0.9145;0.2936;0.4312;-0.0419;0.4385;1.0000;1;1.0000;1.0000;;;8.19
2026-02-17T18:37:04.003280;mvtec_AD/capsule;cont_40pct_random_patch;0.4;random_patch;10;10;10;4;392;132;23;109;0;5;95;0.8057;0.9501;0.9075;0.2385;0.3578;-0.0690;0.0749;1.0000;1;1.0000;1.0000;;;7.13
2026-02-17T18:37:13.578035;mvtec_AD/capsule;cont_40pct_mahalanobis_patch;0.4;mahalanobis_patch;10;10;10;4;392;132;23;109;0;5;95;0.8121;0.9508;0.9163;0.3486;0.3853;-0.0626;0.1604;1.0000;1;1.0000;1.0000;;;9.56
2026-02-17T18:37:17.972680;mvtec_AD/capsule;cont_40pct_oracle_patch;0.4;oracle_patch;10;10;6;4;3136;132;23;109;0;5;95;0.8528;0.9625;0.9304;0.3578;0.4862;-0.0219;0.7059;1.0000;1;1.0000;1.0000;;;4.39
2026-02-17T18:37:26.368199;mvtec_AD/capsule;cont_40pct_ensemble_loo_mahal;0.4;ensemble_loo_mahal;10;10;10;4;392;132;23;109;0;5;95;0.8177;0.9539;0.9145;0.3670;0.4404;-0.0570;0.2353;1.0000;1;1.0000;1.0000;;;8.08
2026-02-17T18:37:34.803039;mvtec_AD/capsule;cont_40pct_cosine_loo;0.4;cosine_loo;10;10;10;4;392;132;23;109;0;5;95;0.8133;0.9515;0.9145;0.3119;0.3670;-0.0614;0.1765;1.0000;1;1.0000;1.0000;;;8.43
2026-02-17T18:37:41.754684;mvtec_AD/capsule;cont_50pct_none;0.5;none;10;10;10;5;0;132;23;109;0;5;95;0.7810;0.9436;0.9046;0.2569;0.3578;-0.0937;;;;;;;;6.78
2026-02-17T18:37:48.214753;mvtec_AD/capsule;cont_50pct_loo_patch;0.5;loo_patch;10;10;10;5;392;132;23;109;0;5;95;0.8149;0.9485;0.9145;0.2477;0.3578;-0.0598;0.3617;1.0000;1;1.0000;1.0000;;;6.45
2026-02-17T18:37:55.268114;mvtec_AD/capsule;cont_50pct_random_patch;0.5;random_patch;10;10;10;5;392;132;23;109;0;5;95;0.7822;0.9431;0.9046;0.2202;0.3761;-0.0925;0.0128;1.0000;1;1.0000;1.0000;;;6.91
2026-02-17T18:38:03.986735;mvtec_AD/capsule;cont_50pct_mahalanobis_patch;0.5;mahalanobis_patch;10;10;10;5;392;132;23;109;0;5;95;0.7950;0.9438;0.9189;0.2844;0.3211;-0.0798;0.1489;1.0000;1;1.0000;1.0000;;;8.71
2026-02-17T18:38:07.386993;mvtec_AD/capsule;cont_50pct_oracle_patch;0.5;oracle_patch;10;10;5;5;3920;132;23;109;0;5;95;0.8400;0.9585;0.9345;0.3303;0.4312;-0.0347;0.6298;1.0000;1;1.0000;1.0000;;;3.40
2026-02-17T18:38:15.484377;mvtec_AD/capsule;cont_50pct_ensemble_loo_mahal;0.5;ensemble_loo_mahal;10;10;10;5;392;132;23;109;0;5;95;0.8002;0.9427;0.9148;0.2569;0.2752;-0.0746;0.2043;1.0000;1;1.0000;1.0000;;;8.09
2026-02-17T18:38:22.377958;mvtec_AD/capsule;cont_50pct_cosine_loo;0.5;cosine_loo;10;10;10;5;392;132;23;109;0;5;95;0.8185;0.9510;0.9153;0.2752;0.3303;-0.0562;0.4000;1.0000;1;1.0000;1.0000;;;6.89
2026-02-17T18:38:29.181011;mvtec_AD/capsule;cont_0pct_none;0.0;none;10;10;10;0;0;132;23;109;1;5;95;0.9218;0.9823;0.9397;0.5596;0.8440;;;;;;;;;6.65
2026-02-17T18:38:36.419710;mvtec_AD/capsule;cont_0pct_loo_patch;0.0;loo_patch;10;10;10;0;392;132;23;109;1;5;95;0.8620;0.9629;0.9277;0.2294;0.6239;-0.0598;;;;;;;;7.23
2026-02-17T18:38:42.944845;mvtec_AD/capsule;cont_0pct_random_patch;0.0;random_patch;10;10;10;0;392;132;23;109;1;5;95;0.9043;0.9774;0.9339;0.4404;0.7890;-0.0176;;;;;;;;6.52
2026-02-17T18:38:51.753234;mvtec_AD/capsule;cont_0pct_mahalanobis_patch;0.0;mahalanobis_patch;10;10;10;0;392;132;23;109;1;5;95;0.8975;0.9758;0.9327;0.4495;0.6147;-0.0243;;;;;;;;8.80
2026-02-17T18:38:51.768678;mvtec_AD/capsule;cont_0pct_oracle_patch;0.0;oracle_patch;10;10;10;0;0;132;23;109;1;5;95;0.9218;0.9823;0.9397;0.5596;0.8440;0.0000;;;;;;;;0.01
2026-02-17T18:38:59.854247;mvtec_AD/capsule;cont_0pct_ensemble_loo_mahal;0.0;ensemble_loo_mahal;10;10;10;0;392;132;23;109;1;5;95;0.8696;0.9650;0.9279;0.2385;0.6239;-0.0523;;;;;;;;8.08
2026-02-17T18:39:06.631497;mvtec_AD/capsule;cont_0pct_cosine_loo;0.0;cosine_loo;10;10;10;0;392;132;23;109;1;5;95;0.8588;0.9639;0.9237;0.3028;0.5963;-0.0630;;;;;;;;6.77
2026-02-17T18:39:13.227224;mvtec_AD/capsule;cont_5pct_none;0.05;none;10;10;10;0;0;132;23;109;1;5;95;0.9218;0.9823;0.9397;0.5596;0.8440;0.0000;;;;;;;;6.58
2026-02-17T18:39:20.504699;mvtec_AD/capsule;cont_5pct_loo_patch;0.05;loo_patch;10;10;10;0;392;132;23;109;1;5;95;0.8620;0.9629;0.9277;0.2294;0.6239;-0.0598;1.0000;;;;;;;7.27
2026-02-17T18:39:26.390277;mvtec_AD/capsule;cont_5pct_random_patch;0.05;random_patch;10;10;10;0;392;132;23;109;1;5;95;0.9043;0.9774;0.9339;0.4404;0.7890;-0.0176;1.0000;;;;;;;5.88
2026-02-17T18:39:35.947755;mvtec_AD/capsule;cont_5pct_mahalanobis_patch;0.05;mahalanobis_patch;10;10;10;0;392;132;23;109;1;5;95;0.8975;0.9758;0.9327;0.4495;0.6147;-0.0243;1.0000;;;;;;;9.55
2026-02-17T18:39:35.964754;mvtec_AD/capsule;cont_5pct_oracle_patch;0.05;oracle_patch;10;10;10;0;0;132;23;109;1;5;95;0.9218;0.9823;0.9397;0.5596;0.8440;0.0000;1.0000;;;;;;;0.01
2026-02-17T18:39:43.916202;mvtec_AD/capsule;cont_5pct_ensemble_loo_mahal;0.05;ensemble_loo_mahal;10;10;10;0;392;132;23;109;1;5;95;0.8696;0.9650;0.9279;0.2385;0.6239;-0.0523;1.0000;;;;;;;7.85
2026-02-17T18:39:51.729860;mvtec_AD/capsule;cont_5pct_cosine_loo;0.05;cosine_loo;10;10;10;0;392;132;23;109;1;5;95;0.8588;0.9639;0.9237;0.3028;0.5963;-0.0630;1.0000;;;;;;;7.81
2026-02-17T18:39:57.582066;mvtec_AD/capsule;cont_40pct_none;0.4;none;10;10;10;4;0;132;23;109;1;5;95;0.8755;0.9718;0.9211;0.4220;0.7064;-0.0463;;;;;;;;5.63
2026-02-17T18:40:04.265885;mvtec_AD/capsule;cont_40pct_loo_patch;0.4;loo_patch;10;10;10;4;392;132;23;109;1;5;95;0.8520;0.9634;0.9217;0.3028;0.5688;-0.0698;-0.5086;0.9583;1;0.7500;0.7500;;;6.68
2026-02-17T18:40:11.493776;mvtec_AD/capsule;cont_40pct_random_patch;0.4;random_patch;10;10;10;4;392;132;23;109;1;5;95;0.8660;0.9682;0.9170;0.3578;0.7156;-0.0558;-0.2069;0.9583;1;0.7500;0.7500;;;7.22
2026-02-17T18:40:21.255672;mvtec_AD/capsule;cont_40pct_mahalanobis_patch;0.4;mahalanobis_patch;10;10;10;4;392;132;23;109;1;5;95;0.8500;0.9645;0.9138;0.4037;0.6147;-0.0718;-0.5517;0.9583;1;0.7500;0.7500;;;9.75
2026-02-17T18:40:25.961786;mvtec_AD/capsule;cont_40pct_oracle_patch;0.4;oracle_patch;10;10;6;4;3136;132;23;109;1;5;95;0.8911;0.9742;0.9298;0.4404;0.7339;-0.0307;0.3362;0.9583;1;0.7500;0.7500;;;4.70
2026-02-17T18:40:35.114418;mvtec_AD/capsule;cont_40pct_ensemble_loo_mahal;0.4;ensemble_loo_mahal;10;10;10;4;392;132;23;109;1;5;95;0.8560;0.9656;0.9185;0.3853;0.5780;-0.0658;-0.4224;0.9583;1;0.7500;0.7500;;;9.05
2026-02-17T18:40:42.826146;mvtec_AD/capsule;cont_40pct_cosine_loo;0.4;cosine_loo;10;10;10;4;392;132;23;109;1;5;95;0.8656;0.9675;0.9231;0.3761;0.5963;-0.0562;-0.2155;0.9583;1;0.7500;0.7500;;;7.71
2026-02-17T18:40:50.198441;mvtec_AD/capsule;cont_50pct_none;0.5;none;10;10;10;5;0;132;23;109;1;5;95;0.8480;0.9661;0.9130;0.4404;0.6881;-0.0738;;;;;;;;7.35
2026-02-17T18:40:56.817253;mvtec_AD/capsule;cont_50pct_loo_patch;0.5;loo_patch;10;10;10;5;392;132;23;109;1;5;95;0.8528;0.9656;0.9060;0.3578;0.7064;-0.0690;0.0649;1.0000;1;1.0000;1.0000;;;6.61
2026-02-17T18:41:03.277398;mvtec_AD/capsule;cont_50pct_random_patch;0.5;random_patch;10;10;10;5;392;132;23;109;1;5;95;0.8468;0.9648;0.9046;0.3761;0.7156;-0.0750;-0.0162;1.0000;1;1.0000;1.0000;;;6.45
2026-02-17T18:41:13.360174;mvtec_AD/capsule;cont_50pct_mahalanobis_patch;0.5;mahalanobis_patch;10;10;10;5;392;132;23;109;1;5;95;0.8257;0.9589;0.9046;0.3303;0.6239;-0.0961;-0.3027;1.0000;1;1.0000;1.0000;;;9.92
2026-02-17T18:41:16.638552;mvtec_AD/capsule;cont_50pct_oracle_patch;0.5;oracle_patch;10;10;5;5;3920;132;23;109;1;5;95;0.8871;0.9738;0.9224;0.4404;0.7339;-0.0347;0.5297;1.0000;1;1.0000;1.0000;;;3.27
2026-02-17T18:41:25.717805;mvtec_AD/capsule;cont_50pct_ensemble_loo_mahal;0.5;ensemble_loo_mahal;10;10;10;5;392;132;23;109;1;5;95;0.8393;0.9616;0.9099;0.3303;0.6330;-0.0826;-0.1189;1.0000;1;1.0000;1.0000;;;9.07
2026-02-17T18:41:32.428856;mvtec_AD/capsule;cont_50pct_cosine_loo;0.5;cosine_loo;10;10;10;5;392;132;23;109;1;5;95;0.8484;0.9634;0.9177;0.3486;0.5321;-0.0734;0.0054;1.0000;1;1.0000;1.0000;;;6.70
2026-02-17T18:41:39.907303;mvtec_AD/capsule;cont_0pct_none;0.0;none;10;10;10;0;0;132;23;109;2;5;95;0.8732;0.9688;0.9356;0.3945;0.6514;;;;;;;;;7.33
2026-02-17T18:41:46.192984;mvtec_AD/capsule;cont_0pct_loo_patch;0.0;loo_patch;10;10;10;0;392;132;23;109;2;5;95;0.8744;0.9679;0.9386;0.3761;0.4954;0.0012;;;;;;;;6.28
2026-02-17T18:41:51.701735;mvtec_AD/capsule;cont_0pct_random_patch;0.0;random_patch;10;10;10;0;392;132;23;109;2;5;95;0.8748;0.9697;0.9345;0.4220;0.6606;0.0016;;;;;;;;5.51
2026-02-17T18:42:01.044157;mvtec_AD/capsule;cont_0pct_mahalanobis_patch;0.0;mahalanobis_patch;10;10;10;0;392;132;23;109;2;5;95;0.8640;0.9634;0.9345;0.2936;0.5688;-0.0092;;;;;;;;9.24
2026-02-17T18:42:01.062155;mvtec_AD/capsule;cont_0pct_oracle_patch;0.0;oracle_patch;10;10;10;0;0;132;23;109;2;5;95;0.8732;0.9688;0.9356;0.3945;0.6514;0.0000;;;;;;;;0.01
2026-02-17T18:42:09.781199;mvtec_AD/capsule;cont_0pct_ensemble_loo_mahal;0.0;ensemble_loo_mahal;10;10;10;0;392;132;23;109;2;5;95;0.8696;0.9651;0.9339;0.2936;0.4862;-0.0036;;;;;;;;8.59
2026-02-17T18:42:16.713990;mvtec_AD/capsule;cont_0pct_cosine_loo;0.0;cosine_loo;10;10;10;0;392;132;23;109;2;5;95;0.8712;0.9672;0.9351;0.3761;0.5413;-0.0020;;;;;;;;6.93
2026-02-17T18:42:23.442768;mvtec_AD/capsule;cont_5pct_none;0.05;none;10;10;10;0;0;132;23;109;2;5;95;0.8732;0.9688;0.9356;0.3945;0.6514;0.0000;;;;;;;;6.71
2026-02-17T18:42:29.821701;mvtec_AD/capsule;cont_5pct_loo_patch;0.05;loo_patch;10;10;10;0;392;132;23;109;2;5;95;0.8744;0.9679;0.9386;0.3761;0.4954;0.0012;1.0000;;;;;;;6.38
2026-02-17T18:42:36.098218;mvtec_AD/capsule;cont_5pct_random_patch;0.05;random_patch;10;10;10;0;392;132;23;109;2;5;95;0.8748;0.9697;0.9345;0.4220;0.6606;0.0016;1.0000;;;;;;;6.27
2026-02-17T18:42:45.180459;mvtec_AD/capsule;cont_5pct_mahalanobis_patch;0.05;mahalanobis_patch;10;10;10;0;392;132;23;109;2;5;95;0.8640;0.9634;0.9345;0.2936;0.5688;-0.0092;1.0000;;;;;;;9.08
2026-02-17T18:42:45.199070;mvtec_AD/capsule;cont_5pct_oracle_patch;0.05;oracle_patch;10;10;10;0;0;132;23;109;2;5;95;0.8732;0.9688;0.9356;0.3945;0.6514;0.0000;1.0000;;;;;;;0.02
2026-02-17T18:42:53.833253;mvtec_AD/capsule;cont_5pct_ensemble_loo_mahal;0.05;ensemble_loo_mahal;10;10;10;0;392;132;23;109;2;5;95;0.8696;0.9651;0.9339;0.2936;0.4862;-0.0036;1.0000;;;;;;;8.52
2026-02-17T18:43:00.570042;mvtec_AD/capsule;cont_5pct_cosine_loo;0.05;cosine_loo;10;10;10;0;392;132;23;109;2;5;95;0.8712;0.9672;0.9351;0.3761;0.5413;-0.0020;1.0000;;;;;;;6.73
2026-02-17T18:43:06.996172;mvtec_AD/capsule;cont_40pct_none;0.4;none;10;10;10;4;0;132;23;109;2;5;95;0.8141;0.9570;0.9046;0.4037;0.5780;-0.0590;;;;;;;;6.41
2026-02-17T18:43:14.141475;mvtec_AD/capsule;cont_40pct_loo_patch;0.4;loo_patch;10;10;10;4;392;132;23;109;2;5;95;0.8237;0.9539;0.9196;0.2844;0.4587;-0.0495;0.1622;0.8333;1;0.5000;0.5000;;;7.14
2026-02-17T18:43:20.125842;mvtec_AD/capsule;cont_40pct_random_patch;0.4;random_patch;10;10;10;4;392;132;23;109;2;5;95;0.8201;0.9593;0.9046;0.4404;0.5872;-0.0531;0.1014;0.8333;1;0.5000;0.5000;;;5.98
2026-02-17T18:43:28.968177;mvtec_AD/capsule;cont_40pct_mahalanobis_patch;0.4;mahalanobis_patch;10;10;10;4;392;132;23;109;2;5;95;0.8037;0.9458;0.9074;0.1835;0.3578;-0.0694;-0.1757;0.8333;1;0.5000;0.5000;;;8.84
2026-02-17T18:43:33.124815;mvtec_AD/capsule;cont_40pct_oracle_patch;0.4;oracle_patch;10;10;6;4;3136;132;23;109;2;5;95;0.8851;0.9728;0.9270;0.4771;0.6055;0.0120;1.2027;0.8333;1;0.5000;0.5000;;;4.15
2026-02-17T18:43:41.214013;mvtec_AD/capsule;cont_40pct_ensemble_loo_mahal;0.4;ensemble_loo_mahal;10;10;10;4;392;132;23;109;2;5;95;0.8157;0.9519;0.9148;0.2661;0.4037;-0.0574;0.0270;0.8333;1;0.5000;0.5000;;;8.08
2026-02-17T18:43:47.679106;mvtec_AD/capsule;cont_40pct_cosine_loo;0.4;cosine_loo;10;10;10;4;392;132;23;109;2;5;95;0.8325;0.9569;0.9177;0.3028;0.5046;-0.0407;0.3108;0.8333;1;0.5000;0.5000;;;6.46
2026-02-17T18:43:53.807138;mvtec_AD/capsule;cont_50pct_none;0.5;none;10;10;10;5;0;132;23;109;2;5;95;0.8121;0.9576;0.9046;0.5046;0.5872;-0.0610;;;;;;;;6.10
2026-02-17T18:44:00.352178;mvtec_AD/capsule;cont_50pct_loo_patch;0.5;loo_patch;10;10;10;5;392;132;23;109;2;5;95;0.8253;0.9554;0.9238;0.2844;0.4862;-0.0479;0.2157;0.8400;1;0.8000;0.8000;;;6.54
2026-02-17T18:44:05.911298;mvtec_AD/capsule;cont_50pct_random_patch;0.5;random_patch;10;10;10;5;392;132;23;109;2;5;95;0.8061;0.9566;0.9046;0.4587;0.5780;-0.0670;-0.0980;0.8400;1;0.8000;0.8000;;;5.55
2026-02-17T18:44:17.657673;mvtec_AD/capsule;cont_50pct_mahalanobis_patch;0.5;mahalanobis_patch;10;10;10;5;392;132;23;109;2;5;95;0.8057;0.9525;0.9046;0.3670;0.4128;-0.0674;-0.1046;0.8400;1;0.8000;0.8000;;;11.74
2026-02-17T18:44:21.193990;mvtec_AD/capsule;cont_50pct_oracle_patch;0.5;oracle_patch;10;10;5;5;3920;132;23;109;2;5;95;0.8967;0.9763;0.9304;0.5505;0.6697;0.0235;1.3856;0.8400;1;0.8000;0.8000;;;3.53
2026-02-17T18:44:28.962718;mvtec_AD/capsule;cont_50pct_ensemble_loo_mahal;0.5;ensemble_loo_mahal;10;10;10;5;392;132;23;109;2;5;95;0.8129;0.9528;0.9099;0.2844;0.4587;-0.0602;0.0131;0.8400;1;0.8000;0.8000;;;7.76
2026-02-17T18:44:35.859127;mvtec_AD/capsule;cont_50pct_cosine_loo;0.5;cosine_loo;10;10;10;5;392;132;23;109;2;5;95;0.8177;0.9539;0.9140;0.2844;0.5321;-0.0554;0.0915;0.8400;1;0.8000;0.8000;;;6.89
2026-02-17T18:44:41.824135;mvtec_AD/capsule;cont_0pct_none;0.0;none;10;10;10;0;0;132;23;109;3;5;95;0.8775;0.9699;0.9386;0.3945;0.5688;;;;;;;;;5.85
2026-02-17T18:44:47.703649;mvtec_AD/capsule;cont_0pct_loo_patch;0.0;loo_patch;10;10;10;0;392;132;23;109;3;5;95;0.8684;0.9682;0.9315;0.4771;0.5229;-0.0092;;;;;;;;5.87
2026-02-17T18:44:53.067167;mvtec_AD/capsule;cont_0pct_random_patch;0.0;random_patch;10;10;10;0;392;132;23;109;3;5;95;0.8783;0.9707;0.9375;0.4312;0.5872;0.0008;;;;;;;;5.36
2026-02-17T18:45:01.551721;mvtec_AD/capsule;cont_0pct_mahalanobis_patch;0.0;mahalanobis_patch;10;10;10;0;392;132;23;109;3;5;95;0.8684;0.9685;0.9333;0.5321;0.5321;-0.0092;;;;;;;;8.37
2026-02-17T18:45:01.567364;mvtec_AD/capsule;cont_0pct_oracle_patch;0.0;oracle_patch;10;10;10;0;0;132;23;109;3;5;95;0.8775;0.9699;0.9386;0.3945;0.5688;0.0000;;;;;;;;0.01
2026-02-17T18:45:09.441885;mvtec_AD/capsule;cont_0pct_ensemble_loo_mahal;0.0;ensemble_loo_mahal;10;10;10;0;392;132;23;109;3;5;95;0.8771;0.9707;0.9375;0.4862;0.5505;-0.0004;;;;;;;;7.77
2026-02-17T18:45:16.338890;mvtec_AD/capsule;cont_0pct_cosine_loo;0.0;cosine_loo;10;10;10;0;392;132;23;109;3;5;95;0.8548;0.9618;0.9321;0.2661;0.5688;-0.0227;;;;;;;;6.89
2026-02-17T18:45:22.516941;mvtec_AD/capsule;cont_5pct_none;0.05;none;10;10;10;0;0;132;23;109;3;5;95;0.8775;0.9699;0.9386;0.3945;0.5688;0.0000;;;;;;;;6.17
2026-02-17T18:45:29.146487;mvtec_AD/capsule;cont_5pct_loo_patch;0.05;loo_patch;10;10;10;0;392;132;23;109;3;5;95;0.8684;0.9682;0.9315;0.4771;0.5229;-0.0092;1.0000;;;;;;;6.63
2026-02-17T18:45:34.659887;mvtec_AD/capsule;cont_5pct_random_patch;0.05;random_patch;10;10;10;0;392;132;23;109;3;5;95;0.8783;0.9707;0.9375;0.4312;0.5872;0.0008;1.0000;;;;;;;5.51
2026-02-17T18:45:42.493286;mvtec_AD/capsule;cont_5pct_mahalanobis_patch;0.05;mahalanobis_patch;10;10;10;0;392;132;23;109;3;5;95;0.8684;0.9685;0.9333;0.5321;0.5321;-0.0092;1.0000;;;;;;;7.83
2026-02-17T18:45:42.514781;mvtec_AD/capsule;cont_5pct_oracle_patch;0.05;oracle_patch;10;10;10;0;0;132;23;109;3;5;95;0.8775;0.9699;0.9386;0.3945;0.5688;0.0000;1.0000;;;;;;;0.01
2026-02-17T18:45:50.106930;mvtec_AD/capsule;cont_5pct_ensemble_loo_mahal;0.05;ensemble_loo_mahal;10;10;10;0;392;132;23;109;3;5;95;0.8771;0.9707;0.9375;0.4862;0.5505;-0.0004;1.0000;;;;;;;7.42
2026-02-17T18:45:57.415100;mvtec_AD/capsule;cont_5pct_cosine_loo;0.05;cosine_loo;10;10;10;0;392;132;23;109;3;5;95;0.8548;0.9618;0.9321;0.2661;0.5688;-0.0227;1.0000;;;;;;;7.30
2026-02-17T18:46:02.832514;mvtec_AD/capsule;cont_40pct_none;0.4;none;10;10;10;4;0;132;23;109;3;5;95;0.7842;0.9474;0.9046;0.3303;0.4128;-0.0933;;;;;;;;5.39
2026-02-17T18:46:10.277561;mvtec_AD/capsule;cont_40pct_loo_patch;0.4;loo_patch;10;10;10;4;392;132;23;109;3;5;95;0.8189;0.9555;0.9160;0.3945;0.4220;-0.0586;0.3718;0.8750;1;0.7500;0.7500;;;7.44
2026-02-17T18:46:15.043473;mvtec_AD/capsule;cont_40pct_random_patch;0.4;random_patch;10;10;10;4;392;132;23;109;3;5;95;0.7790;0.9459;0.9046;0.3578;0.3945;-0.0985;-0.0556;0.8750;1;0.7500;0.7500;;;4.76
2026-02-17T18:46:22.265631;mvtec_AD/capsule;cont_40pct_mahalanobis_patch;0.4;mahalanobis_patch;10;10;10;4;392;132;23;109;3;5;95;0.7986;0.9494;0.9076;0.3394;0.3761;-0.0790;0.1538;0.8750;1;0.7500;0.7500;;;7.22
2026-02-17T18:46:26.116451;mvtec_AD/capsule;cont_40pct_oracle_patch;0.4;oracle_patch;10;10;6;4;3136;132;23;109;3;5;95;0.8245;0.9550;0.9251;0.3486;0.4037;-0.0531;0.4316;0.8750;1;0.7500;0.7500;;;3.85
2026-02-17T18:46:33.892045;mvtec_AD/capsule;cont_40pct_ensemble_loo_mahal;0.4;ensemble_loo_mahal;10;10;10;4;392;132;23;109;3;5;95;0.8037;0.9512;0.9114;0.3670;0.3945;-0.0738;0.2094;0.8750;1;0.7500;0.7500;;;7.64
2026-02-17T18:46:40.958252;mvtec_AD/capsule;cont_40pct_cosine_loo;0.4;cosine_loo;10;10;10;4;392;132;23;109;3;5;95;0.7906;0.9448;0.9114;0.2294;0.4037;-0.0870;0.0684;0.8750;1;0.7500;0.7500;;;7.06
2026-02-17T18:46:47.326083;mvtec_AD/capsule;cont_50pct_none;0.5;none;10;10;10;5;0;132;23;109;3;5;95;0.7834;0.9474;0.9046;0.3394;0.4037;-0.0941;;;;;;;;6.14
2026-02-17T18:46:54.476902;mvtec_AD/capsule;cont_50pct_loo_patch;0.5;loo_patch;10;10;10;5;392;132;23;109;3;5;95;0.7982;0.9472;0.9138;0.2569;0.4220;-0.0794;0.1568;0.7600;1;0.6000;0.6000;;;7.14
2026-02-17T18:46:59.472092;mvtec_AD/capsule;cont_50pct_random_patch;0.5;random_patch;10;10;10;5;392;132;23;109;3;5;95;0.7794;0.9459;0.9046;0.3486;0.3853;-0.0981;-0.0424;0.7600;1;0.6000;0.6000;;;4.99
2026-02-17T18:47:06.602338;mvtec_AD/capsule;cont_50pct_mahalanobis_patch;0.5;mahalanobis_patch;10;10;10;5;392;132;23;109;3;5;95;0.7874;0.9475;0.9076;0.3303;0.4128;-0.0901;0.0424;0.7600;1;0.6000;0.6000;;;7.12
2026-02-17T18:47:09.555538;mvtec_AD/capsule;cont_50pct_oracle_patch;0.5;oracle_patch;10;10;5;5;3920;132;23;109;3;5;95;0.8393;0.9594;0.9386;0.3486;0.4495;-0.0383;0.5932;0.7600;1;0.6000;0.6000;;;2.95
2026-02-17T18:47:17.906288;mvtec_AD/capsule;cont_50pct_ensemble_loo_mahal;0.5;ensemble_loo_mahal;10;10;10;5;392;132;23;109;3;5;95;0.7890;0.9432;0.9145;0.1927;0.3578;-0.0886;0.0593;0.7600;1;0.6000;0.6000;;;8.18
2026-02-17T18:47:24.146254;mvtec_AD/capsule;cont_50pct_cosine_loo;0.5;cosine_loo;10;10;10;5;392;132;23;109;3;5;95;0.7938;0.9444;0.9083;0.2110;0.4128;-0.0838;0.1102;0.7600;1;0.6000;0.6000;;;6.23
2026-02-17T18:47:29.665019;mvtec_AD/capsule;cont_0pct_none;0.0;none;10;10;10;0;0;132;23;109;4;5;95;0.8333;0.9590;0.9231;0.4312;0.4495;;;;;;;;;5.39
2026-02-17T18:47:36.441492;mvtec_AD/capsule;cont_0pct_loo_patch;0.0;loo_patch;10;10;10;0;392;132;23;109;4;5;95;0.8484;0.9612;0.9321;0.3394;0.4037;0.0152;;;;;;;;6.77
2026-02-17T18:47:41.915866;mvtec_AD/capsule;cont_0pct_random_patch;0.0;random_patch;10;10;10;0;392;132;23;109;4;5;95;0.8365;0.9598;0.9224;0.4587;0.4587;0.0032;;;;;;;;5.47
2026-02-17T18:47:49.764521;mvtec_AD/capsule;cont_0pct_mahalanobis_patch;0.0;mahalanobis_patch;10;10;10;0;392;132;23;109;4;5;95;0.8297;0.9571;0.9196;0.3761;0.3945;-0.0036;;;;;;;;7.85
2026-02-17T18:47:49.782824;mvtec_AD/capsule;cont_0pct_oracle_patch;0.0;oracle_patch;10;10;10;0;0;132;23;109;4;5;95;0.8333;0.9590;0.9231;0.4312;0.4495;0.0000;;;;;;;;0.02
2026-02-17T18:47:58.215795;mvtec_AD/capsule;cont_0pct_ensemble_loo_mahal;0.0;ensemble_loo_mahal;10;10;10;0;392;132;23;109;4;5;95;0.8361;0.9586;0.9273;0.3670;0.4037;0.0028;;;;;;;;8.41
2026-02-17T18:48:04.574253;mvtec_AD/capsule;cont_0pct_cosine_loo;0.0;cosine_loo;10;10;10;0;392;132;23;109;4;5;95;0.8500;0.9634;0.9286;0.3945;0.5872;0.0168;;;;;;;;6.35
2026-02-17T18:48:10.149984;mvtec_AD/capsule;cont_5pct_none;0.05;none;10;10;10;0;0;132;23;109;4;5;95;0.8333;0.9590;0.9231;0.4312;0.4495;0.0000;;;;;;;;5.56
2026-02-17T18:48:17.213106;mvtec_AD/capsule;cont_5pct_loo_patch;0.05;loo_patch;10;10;10;0;392;132;23;109;4;5;95;0.8484;0.9612;0.9321;0.3394;0.4037;0.0152;1.0000;;;;;;;7.06
2026-02-17T18:48:23.125417;mvtec_AD/capsule;cont_5pct_random_patch;0.05;random_patch;10;10;10;0;392;132;23;109;4;5;95;0.8365;0.9598;0.9224;0.4587;0.4587;0.0032;1.0000;;;;;;;5.90
2026-02-17T18:48:30.356869;mvtec_AD/capsule;cont_5pct_mahalanobis_patch;0.05;mahalanobis_patch;10;10;10;0;392;132;23;109;4;5;95;0.8297;0.9571;0.9196;0.3761;0.3945;-0.0036;1.0000;;;;;;;7.23
2026-02-17T18:48:30.369379;mvtec_AD/capsule;cont_5pct_oracle_patch;0.05;oracle_patch;10;10;10;0;0;132;23;109;4;5;95;0.8333;0.9590;0.9231;0.4312;0.4495;0.0000;1.0000;;;;;;;0.01
2026-02-17T18:48:38.433068;mvtec_AD/capsule;cont_5pct_ensemble_loo_mahal;0.05;ensemble_loo_mahal;10;10;10;0;392;132;23;109;4;5;95;0.8361;0.9586;0.9273;0.3670;0.4037;0.0028;1.0000;;;;;;;8.06
2026-02-17T18:48:45.023202;mvtec_AD/capsule;cont_5pct_cosine_loo;0.05;cosine_loo;10;10;10;0;392;132;23;109;4;5;95;0.8500;0.9634;0.9286;0.3945;0.5872;0.0168;1.0000;;;;;;;6.59
2026-02-17T18:48:51.034559;mvtec_AD/capsule;cont_40pct_none;0.4;none;10;10;10;4;0;132;23;109;4;5;95;0.7754;0.9449;0.9046;0.3303;0.3945;-0.0578;;;;;;;;5.99
2026-02-17T18:48:58.236305;mvtec_AD/capsule;cont_40pct_loo_patch;0.4;loo_patch;10;10;10;4;392;132;23;109;4;5;95;0.8014;0.9483;0.9107;0.3028;0.3945;-0.0319;0.4483;0.7917;1;0.7500;0.7500;;;7.00
2026-02-17T18:49:04.066242;mvtec_AD/capsule;cont_40pct_random_patch;0.4;random_patch;10;10;10;4;392;132;23;109;4;5;95;0.7854;0.9473;0.9046;0.3670;0.3761;-0.0479;0.1724;0.7917;1;0.7500;0.7500;;;5.82
2026-02-17T18:49:11.854174;mvtec_AD/capsule;cont_40pct_mahalanobis_patch;0.4;mahalanobis_patch;10;10;10;4;392;132;23;109;4;5;95;0.7958;0.9492;0.9099;0.3394;0.3853;-0.0375;0.3517;0.7917;1;0.7500;0.7500;;;7.78
2026-02-17T18:49:14.782112;mvtec_AD/capsule;cont_40pct_oracle_patch;0.4;oracle_patch;10;10;6;4;3136;132;23;109;4;5;95;0.8321;0.9618;0.9121;0.5505;0.5688;-0.0012;0.9793;0.7917;1;0.7500;0.7500;;;2.92
2026-02-17T18:49:23.605748;mvtec_AD/capsule;cont_40pct_ensemble_loo_mahal;0.4;ensemble_loo_mahal;10;10;10;4;392;132;23;109;4;5;95;0.8002;0.9499;0.9148;0.3211;0.4312;-0.0331;0.4276;0.7917;1;0.7500;0.7500;;;8.73
2026-02-17T18:49:29.540601;mvtec_AD/capsule;cont_40pct_cosine_loo;0.4;cosine_loo;10;10;10;4;392;132;23;109;4;5;95;0.8022;0.9513;0.9046;0.3486;0.5229;-0.0311;0.4621;0.7917;1;0.7500;0.7500;;;5.93
2026-02-17T18:49:36.525725;mvtec_AD/capsule;cont_50pct_none;0.5;none;10;10;10;5;0;132;23;109;4;5;95;0.7292;0.9300;0.9046;0.2294;0.3211;-0.1041;;;;;;;;6.96
2026-02-17T18:49:42.793090;mvtec_AD/capsule;cont_50pct_loo_patch;0.5;loo_patch;10;10;10;5;392;132;23;109;4;5;95;0.7667;0.9381;0.9076;0.1927;0.4312;-0.0666;0.3602;0.8400;1;0.8000;0.8000;;;5.85
2026-02-17T18:49:49.200666;mvtec_AD/capsule;cont_50pct_random_patch;0.5;random_patch;10;10;10;5;392;132;23;109;4;5;95;0.7240;0.9260;0.9046;0.1651;0.2936;-0.1093;-0.0498;0.8400;1;0.8000;0.8000;;;6.40
2026-02-17T18:49:56.303981;mvtec_AD/capsule;cont_50pct_mahalanobis_patch;0.5;mahalanobis_patch;10;10;10;5;392;132;23;109;4;5;95;0.7491;0.9344;0.9046;0.2661;0.3761;-0.0842;0.1916;0.8400;1;0.8000;0.8000;;;7.10
2026-02-17T18:49:58.968909;mvtec_AD/capsule;cont_50pct_oracle_patch;0.5;oracle_patch;10;10;5;5;3920;132;23;109;4;5;95;0.7838;0.9475;0.9106;0.3578;0.3853;-0.0495;0.5249;0.8400;1;0.8000;0.8000;;;2.66
2026-02-17T18:50:07.288347;mvtec_AD/capsule;cont_50pct_ensemble_loo_mahal;0.5;ensemble_loo_mahal;10;10;10;5;392;132;23;109;4;5;95;0.7447;0.9316;0.9046;0.1651;0.4037;-0.0886;0.1494;0.8400;1;0.8000;0.8000;;;8.17
2026-02-17T18:50:13.247812;mvtec_AD/capsule;cont_50pct_cosine_loo;0.5;cosine_loo;10;10;10;5;392;132;23;109;4;5;95;0.7702;0.9380;0.9046;0.1560;0.4128;-0.0630;0.3946;0.8400;1;0.8000;0.8000;;;5.95
2026-02-17T18:50:20.679030;mvtec_AD/carpet;cont_0pct_none;0.0;none;10;10;10;0;0;117;28;89;0;5;95;0.9747;0.9915;0.9667;0.6854;0.8764;;;;;;;;;5.95
2026-02-17T18:50:25.619589;mvtec_AD/carpet;cont_0pct_loo_patch;0.0;loo_patch;10;10;10;0;392;117;28;89;0;5;95;0.9803;0.9931;0.9780;0.6854;0.8989;0.0056;;;;;;;;4.94
2026-02-17T18:50:31.372406;mvtec_AD/carpet;cont_0pct_random_patch;0.0;random_patch;10;10;10;0;392;117;28;89;0;5;95;0.9739;0.9912;0.9613;0.6629;0.8876;-0.0008;;;;;;;;5.75
2026-02-17T18:50:38.096080;mvtec_AD/carpet;cont_0pct_mahalanobis_patch;0.0;mahalanobis_patch;10;10;10;0;392;117;28;89;0;5;95;0.9819;0.9937;0.9727;0.7079;0.8989;0.0072;;;;;;;;6.48
2026-02-17T18:50:38.113079;mvtec_AD/carpet;cont_0pct_oracle_patch;0.0;oracle_patch;10;10;10;0;0;117;28;89;0;5;95;0.9747;0.9915;0.9667;0.6854;0.8764;0.0000;;;;;;;;0.01
2026-02-17T18:50:44.988706;mvtec_AD/carpet;cont_0pct_ensemble_loo_mahal;0.0;ensemble_loo_mahal;10;10;10;0;392;117;28;89;0;5;95;0.9775;0.9924;0.9663;0.6966;0.8989;0.0028;;;;;;;;6.73
2026-02-17T18:50:51.734712;mvtec_AD/carpet;cont_0pct_cosine_loo;0.0;cosine_loo;10;10;10;0;392;117;28;89;0;5;95;0.9787;0.9926;0.9727;0.6854;0.8876;0.0040;;;;;;;;6.74
2026-02-17T18:50:56.408362;mvtec_AD/carpet;cont_5pct_none;0.05;none;10;10;10;0;0;117;28;89;0;5;95;0.9747;0.9915;0.9667;0.6854;0.8764;0.0000;;;;;;;;4.41
2026-02-17T18:51:03.025097;mvtec_AD/carpet;cont_5pct_loo_patch;0.05;loo_patch;10;10;10;0;392;117;28;89;0;5;95;0.9803;0.9931;0.9780;0.6854;0.8989;0.0056;1.0000;;;;;;;6.61
2026-02-17T18:51:07.790009;mvtec_AD/carpet;cont_5pct_random_patch;0.05;random_patch;10;10;10;0;392;117;28;89;0;5;95;0.9739;0.9912;0.9613;0.6629;0.8876;-0.0008;1.0000;;;;;;;4.76
2026-02-17T18:51:15.458985;mvtec_AD/carpet;cont_5pct_mahalanobis_patch;0.05;mahalanobis_patch;10;10;10;0;392;117;28;89;0;5;95;0.9819;0.9937;0.9727;0.7079;0.8989;0.0072;1.0000;;;;;;;7.67
2026-02-17T18:51:15.478116;mvtec_AD/carpet;cont_5pct_oracle_patch;0.05;oracle_patch;10;10;10;0;0;117;28;89;0;5;95;0.9747;0.9915;0.9667;0.6854;0.8764;0.0000;1.0000;;;;;;;0.02
2026-02-17T18:51:22.201969;mvtec_AD/carpet;cont_5pct_ensemble_loo_mahal;0.05;ensemble_loo_mahal;10;10;10;0;392;117;28;89;0;5;95;0.9775;0.9924;0.9663;0.6966;0.8989;0.0028;1.0000;;;;;;;6.64
2026-02-17T18:51:27.276811;mvtec_AD/carpet;cont_5pct_cosine_loo;0.05;cosine_loo;10;10;10;0;392;117;28;89;0;5;95;0.9787;0.9926;0.9727;0.6854;0.8876;0.0040;1.0000;;;;;;;5.07
2026-02-17T18:51:33.182115;mvtec_AD/carpet;cont_40pct_none;0.4;none;10;10;10;4;0;117;28;89;0;5;95;0.9334;0.9806;0.9551;0.6180;0.8315;-0.0413;;;;;;;;5.76
2026-02-17T18:51:39.605330;mvtec_AD/carpet;cont_40pct_loo_patch;0.4;loo_patch;10;10;10;4;392;117;28;89;0;5;95;0.9767;0.9917;0.9780;0.6517;0.8652;0.0020;1.0485;1.0000;1;1.0000;1.0000;;;6.42
2026-02-17T18:51:44.081781;mvtec_AD/carpet;cont_40pct_random_patch;0.4;random_patch;10;10;10;4;392;117;28;89;0;5;95;0.9366;0.9810;0.9492;0.6067;0.7865;-0.0381;0.0777;1.0000;1;1.0000;1.0000;;;4.47
2026-02-17T18:51:51.157983;mvtec_AD/carpet;cont_40pct_mahalanobis_patch;0.4;mahalanobis_patch;10;10;10;4;392;117;28;89;0;5;95;0.9755;0.9912;0.9724;0.6629;0.8652;0.0008;1.0194;1.0000;1;1.0000;1.0000;;;7.07
2026-02-17T18:51:54.478349;mvtec_AD/carpet;cont_40pct_oracle_patch;0.4;oracle_patch;10;10;6;4;3136;117;28;89;0;5;95;0.9747;0.9912;0.9674;0.6742;0.8427;0.0000;1.0000;1.0000;1;1.0000;1.0000;;;3.32
2026-02-17T18:52:01.453125;mvtec_AD/carpet;cont_40pct_ensemble_loo_mahal;0.4;ensemble_loo_mahal;10;10;10;4;392;117;28;89;0;5;95;0.9767;0.9916;0.9780;0.6517;0.8652;0.0020;1.0485;1.0000;1;1.0000;1.0000;;;6.97
2026-02-17T18:52:07.295525;mvtec_AD/carpet;cont_40pct_cosine_loo;0.4;cosine_loo;10;10;10;4;392;117;28;89;0;5;95;0.9767;0.9917;0.9780;0.6517;0.8539;0.0020;1.0485;1.0000;1;1.0000;1.0000;;;5.83
2026-02-17T18:52:12.260328;mvtec_AD/carpet;cont_50pct_none;0.5;none;10;10;10;5;0;117;28;89;0;5;95;0.9242;0.9784;0.9540;0.5955;0.8539;-0.0506;;;;;;;;4.94
2026-02-17T18:52:18.552821;mvtec_AD/carpet;cont_50pct_loo_patch;0.5;loo_patch;10;10;10;5;392;117;28;89;0;5;95;0.9687;0.9899;0.9775;0.6517;0.8989;-0.0060;0.8810;1.0000;1;1.0000;1.0000;;;6.29
2026-02-17T18:52:23.614666;mvtec_AD/carpet;cont_50pct_random_patch;0.5;random_patch;10;10;10;5;392;117;28;89;0;5;95;0.9310;0.9799;0.9545;0.5955;0.8202;-0.0437;0.1349;1.0000;1;1.0000;1.0000;;;5.06
2026-02-17T18:52:30.919783;mvtec_AD/carpet;cont_50pct_mahalanobis_patch;0.5;mahalanobis_patch;10;10;10;5;392;117;28;89;0;5;95;0.9667;0.9891;0.9778;0.6629;0.8539;-0.0080;0.8413;1.0000;1;1.0000;1.0000;;;7.30
2026-02-17T18:52:33.489417;mvtec_AD/carpet;cont_50pct_oracle_patch;0.5;oracle_patch;10;10;5;5;3920;117;28;89;0;5;95;0.9747;0.9913;0.9670;0.6854;0.8652;0.0000;1.0000;1.0000;1;1.0000;1.0000;;;2.56
2026-02-17T18:52:40.852319;mvtec_AD/carpet;cont_50pct_ensemble_loo_mahal;0.5;ensemble_loo_mahal;10;10;10;5;392;117;28;89;0;5;95;0.9687;0.9899;0.9775;0.6517;0.8989;-0.0060;0.8810;1.0000;1;1.0000;1.0000;;;7.36
2026-02-17T18:52:46.544006;mvtec_AD/carpet;cont_50pct_cosine_loo;0.5;cosine_loo;10;10;10;5;392;117;28;89;0;5;95;0.9687;0.9899;0.9775;0.6517;0.8989;-0.0060;0.8810;1.0000;1;1.0000;1.0000;;;5.68
2026-02-17T18:52:51.496705;mvtec_AD/carpet;cont_0pct_none;0.0;none;10;10;10;0;0;117;28;89;1;5;95;0.9743;0.9914;0.9663;0.6854;0.8652;;;;;;;;;4.82
2026-02-17T18:52:57.498044;mvtec_AD/carpet;cont_0pct_loo_patch;0.0;loo_patch;10;10;10;0;392;117;28;89;1;5;95;0.9767;0.9920;0.9667;0.7079;0.8876;0.0024;;;;;;;;6.00
2026-02-17T18:53:02.582797;mvtec_AD/carpet;cont_0pct_random_patch;0.0;random_patch;10;10;10;0;392;117;28;89;1;5;95;0.9771;0.9922;0.9724;0.6854;0.8652;0.0028;;;;;;;;5.08
2026-02-17T18:53:10.018341;mvtec_AD/carpet;cont_0pct_mahalanobis_patch;0.0;mahalanobis_patch;10;10;10;0;392;117;28;89;1;5;95;0.9819;0.9937;0.9775;0.7191;0.9101;0.0076;;;;;;;;7.43
2026-02-17T18:53:10.036340;mvtec_AD/carpet;cont_0pct_oracle_patch;0.0;oracle_patch;10;10;10;0;0;117;28;89;1;5;95;0.9743;0.9914;0.9663;0.6854;0.8652;0.0000;;;;;;;;0.01
2026-02-17T18:53:16.545956;mvtec_AD/carpet;cont_0pct_ensemble_loo_mahal;0.0;ensemble_loo_mahal;10;10;10;0;392;117;28;89;1;5;95;0.9811;0.9934;0.9778;0.7191;0.8989;0.0068;;;;;;;;6.38
2026-02-17T18:53:22.130314;mvtec_AD/carpet;cont_0pct_cosine_loo;0.0;cosine_loo;10;10;10;0;392;117;28;89;1;5;95;0.9787;0.9927;0.9721;0.7079;0.8989;0.0044;;;;;;;;5.58
2026-02-17T18:53:27.761509;mvtec_AD/carpet;cont_5pct_none;0.05;none;10;10;10;0;0;117;28;89;1;5;95;0.9743;0.9914;0.9663;0.6854;0.8652;0.0000;;;;;;;;5.62
2026-02-17T18:53:32.668276;mvtec_AD/carpet;cont_5pct_loo_patch;0.05;loo_patch;10;10;10;0;392;117;28;89;1;5;95;0.9767;0.9920;0.9667;0.7079;0.8876;0.0024;1.0000;;;;;;;4.90
2026-02-17T18:53:38.543864;mvtec_AD/carpet;cont_5pct_random_patch;0.05;random_patch;10;10;10;0;392;117;28;89;1;5;95;0.9771;0.9922;0.9724;0.6854;0.8652;0.0028;1.0000;;;;;;;5.76
2026-02-17T18:53:45.440598;mvtec_AD/carpet;cont_5pct_mahalanobis_patch;0.05;mahalanobis_patch;10;10;10;0;392;117;28;89;1;5;95;0.9819;0.9937;0.9775;0.7191;0.9101;0.0076;1.0000;;;;;;;6.89
2026-02-17T18:53:45.463289;mvtec_AD/carpet;cont_5pct_oracle_patch;0.05;oracle_patch;10;10;10;0;0;117;28;89;1;5;95;0.9743;0.9914;0.9663;0.6854;0.8652;0.0000;1.0000;;;;;;;0.01
2026-02-17T18:53:53.331781;mvtec_AD/carpet;cont_5pct_ensemble_loo_mahal;0.05;ensemble_loo_mahal;10;10;10;0;392;117;28;89;1;5;95;0.9811;0.9934;0.9778;0.7191;0.8989;0.0068;1.0000;;;;;;;7.80
2026-02-17T18:53:59.206976;mvtec_AD/carpet;cont_5pct_cosine_loo;0.05;cosine_loo;10;10;10;0;392;117;28;89;1;5;95;0.9787;0.9927;0.9721;0.7079;0.8989;0.0044;1.0000;;;;;;;5.87
2026-02-17T18:54:04.731433;mvtec_AD/carpet;cont_40pct_none;0.4;none;10;10;10;4;0;117;28;89;1;5;95;0.9153;0.9755;0.9385;0.6067;0.7528;-0.0590;;;;;;;;5.50
2026-02-17T18:54:10.117348;mvtec_AD/carpet;cont_40pct_loo_patch;0.4;loo_patch;10;10;10;4;392;117;28;89;1;5;95;0.9619;0.9877;0.9617;0.6404;0.7753;-0.0124;0.7891;0.8333;1;0.7500;0.7500;;;5.38
2026-02-17T18:54:14.629935;mvtec_AD/carpet;cont_40pct_random_patch;0.4;random_patch;10;10;10;4;392;117;28;89;1;5;95;0.9153;0.9756;0.9326;0.6067;0.7528;-0.0590;0.0000;0.8333;1;0.7500;0.7500;;;4.51
2026-02-17T18:54:22.472619;mvtec_AD/carpet;cont_40pct_mahalanobis_patch;0.4;mahalanobis_patch;10;10;10;4;392;117;28;89;1;5;95;0.9434;0.9828;0.9486;0.6404;0.7753;-0.0309;0.4762;0.8333;1;0.7500;0.7500;;;7.73
2026-02-17T18:54:25.792408;mvtec_AD/carpet;cont_40pct_oracle_patch;0.4;oracle_patch;10;10;6;4;3136;117;28;89;1;5;95;0.9727;0.9908;0.9718;0.6854;0.8876;-0.0016;0.9728;0.8333;1;0.7500;0.7500;;;3.31
2026-02-17T18:54:33.333827;mvtec_AD/carpet;cont_40pct_ensemble_loo_mahal;0.4;ensemble_loo_mahal;10;10;10;4;392;117;28;89;1;5;95;0.9462;0.9837;0.9556;0.6292;0.7753;-0.0281;0.5238;0.8333;1;0.7500;0.7500;;;7.54
2026-02-17T18:54:39.381709;mvtec_AD/carpet;cont_40pct_cosine_loo;0.4;cosine_loo;10;10;10;4;392;117;28;89;1;5;95;0.9543;0.9859;0.9613;0.6517;0.7753;-0.0201;0.6599;0.8333;1;0.7500;0.7500;;;6.04
2026-02-17T18:54:44.826222;mvtec_AD/carpet;cont_50pct_none;0.5;none;10;10;10;5;0;117;28;89;1;5;95;0.9021;0.9721;0.9364;0.5955;0.7303;-0.0722;;;;;;;;5.42
2026-02-17T18:54:50.710982;mvtec_AD/carpet;cont_50pct_loo_patch;0.5;loo_patch;10;10;10;5;392;117;28;89;1;5;95;0.9422;0.9826;0.9545;0.6292;0.7865;-0.0321;0.5556;0.8400;1;0.8000;0.8000;;;5.88
2026-02-17T18:54:55.800971;mvtec_AD/carpet;cont_50pct_random_patch;0.5;random_patch;10;10;10;5;392;117;28;89;1;5;95;0.9021;0.9721;0.9310;0.5955;0.7303;-0.0722;0.0000;0.8400;1;0.8000;0.8000;;;5.08
2026-02-17T18:55:03.002293;mvtec_AD/carpet;cont_50pct_mahalanobis_patch;0.5;mahalanobis_patch;10;10;10;5;392;117;28;89;1;5;95;0.9278;0.9790;0.9432;0.6292;0.7528;-0.0465;0.3556;0.8400;1;0.8000;0.8000;;;7.20
2026-02-17T18:55:06.158475;mvtec_AD/carpet;cont_50pct_oracle_patch;0.5;oracle_patch;10;10;5;5;3920;117;28;89;1;5;95;0.9751;0.9916;0.9718;0.7191;0.8989;0.0008;1.0111;0.8400;1;0.8000;0.8000;;;3.15
2026-02-17T18:55:13.806026;mvtec_AD/carpet;cont_50pct_ensemble_loo_mahal;0.5;ensemble_loo_mahal;10;10;10;5;392;117;28;89;1;5;95;0.9402;0.9820;0.9545;0.6292;0.7753;-0.0341;0.5278;0.8400;1;0.8000;0.8000;;;7.18
2026-02-17T18:55:20.612452;mvtec_AD/carpet;cont_50pct_cosine_loo;0.5;cosine_loo;10;10;10;5;392;117;28;89;1;5;95;0.9426;0.9827;0.9605;0.6292;0.7753;-0.0317;0.5611;0.8400;1;0.8000;0.8000;;;6.80
2026-02-17T18:55:25.560918;mvtec_AD/carpet;cont_0pct_none;0.0;none;10;10;10;0;0;117;28;89;2;5;95;0.9799;0.9929;0.9778;0.6629;0.8989;;;;;;;;;4.83
2026-02-17T18:55:31.974225;mvtec_AD/carpet;cont_0pct_loo_patch;0.0;loo_patch;10;10;10;0;392;117;28;89;2;5;95;0.9803;0.9931;0.9832;0.6742;0.9101;0.0004;;;;;;;;6.41
2026-02-17T18:55:37.039761;mvtec_AD/carpet;cont_0pct_random_patch;0.0;random_patch;10;10;10;0;392;117;28;89;2;5;95;0.9799;0.9929;0.9778;0.6629;0.8989;0.0000;;;;;;;;5.06
2026-02-17T18:55:43.341322;mvtec_AD/carpet;cont_0pct_mahalanobis_patch;0.0;mahalanobis_patch;10;10;10;0;392;117;28;89;2;5;95;0.9811;0.9933;0.9778;0.6966;0.8989;0.0012;;;;;;;;6.30
2026-02-17T18:55:43.363559;mvtec_AD/carpet;cont_0pct_oracle_patch;0.0;oracle_patch;10;10;10;0;0;117;28;89;2;5;95;0.9799;0.9929;0.9778;0.6629;0.8989;0.0000;;;;;;;;0.01
2026-02-17T18:55:50.880760;mvtec_AD/carpet;cont_0pct_ensemble_loo_mahal;0.0;ensemble_loo_mahal;10;10;10;0;392;117;28;89;2;5;95;0.9819;0.9936;0.9778;0.6742;0.9101;0.0020;;;;;;;;7.42
2026-02-17T18:55:56.588075;mvtec_AD/carpet;cont_0pct_cosine_loo;0.0;cosine_loo;10;10;10;0;392;117;28;89;2;5;95;0.9807;0.9932;0.9832;0.6629;0.8989;0.0008;;;;;;;;5.70
2026-02-17T18:56:01.339307;mvtec_AD/carpet;cont_5pct_none;0.05;none;10;10;10;0;0;117;28;89;2;5;95;0.9799;0.9929;0.9778;0.6629;0.8989;0.0000;;;;;;;;4.74
2026-02-17T18:56:07.514872;mvtec_AD/carpet;cont_5pct_loo_patch;0.05;loo_patch;10;10;10;0;392;117;28;89;2;5;95;0.9803;0.9931;0.9832;0.6742;0.9101;0.0004;1.0000;;;;;;;6.17
2026-02-17T18:56:12.671698;mvtec_AD/carpet;cont_5pct_random_patch;0.05;random_patch;10;10;10;0;392;117;28;89;2;5;95;0.9799;0.9929;0.9778;0.6629;0.8989;0.0000;1.0000;;;;;;;5.15
2026-02-17T18:56:19.562951;mvtec_AD/carpet;cont_5pct_mahalanobis_patch;0.05;mahalanobis_patch;10;10;10;0;392;117;28;89;2;5;95;0.9811;0.9933;0.9778;0.6966;0.8989;0.0012;1.0000;;;;;;;6.89
2026-02-17T18:56:19.582950;mvtec_AD/carpet;cont_5pct_oracle_patch;0.05;oracle_patch;10;10;10;0;0;117;28;89;2;5;95;0.9799;0.9929;0.9778;0.6629;0.8989;0.0000;1.0000;;;;;;;0.01
2026-02-17T18:56:26.209050;mvtec_AD/carpet;cont_5pct_ensemble_loo_mahal;0.05;ensemble_loo_mahal;10;10;10;0;392;117;28;89;2;5;95;0.9819;0.9936;0.9778;0.6742;0.9101;0.0020;1.0000;;;;;;;6.55
2026-02-17T18:56:32.363153;mvtec_AD/carpet;cont_5pct_cosine_loo;0.05;cosine_loo;10;10;10;0;392;117;28;89;2;5;95;0.9807;0.9932;0.9832;0.6629;0.8989;0.0008;1.0000;;;;;;;6.15
2026-02-17T18:56:37.523323;mvtec_AD/carpet;cont_40pct_none;0.4;none;10;10;10;4;0;117;28;89;2;5;95;0.9306;0.9800;0.9545;0.6292;0.8427;-0.0494;;;;;;;;5.14
2026-02-17T18:56:43.513796;mvtec_AD/carpet;cont_40pct_loo_patch;0.4;loo_patch;10;10;10;4;392;117;28;89;2;5;95;0.9655;0.9891;0.9721;0.6742;0.8989;-0.0144;0.7073;0.7500;0;0.7500;0.7500;;;5.99
2026-02-17T18:56:48.047721;mvtec_AD/carpet;cont_40pct_random_patch;0.4;random_patch;10;10;10;4;392;117;28;89;2;5;95;0.9314;0.9801;0.9545;0.6404;0.8315;-0.0486;0.0163;0.7500;0;0.7500;0.7500;;;4.53
2026-02-17T18:56:55.719600;mvtec_AD/carpet;cont_40pct_mahalanobis_patch;0.4;mahalanobis_patch;10;10;10;4;392;117;28;89;2;5;95;0.9663;0.9894;0.9721;0.6629;0.8652;-0.0136;0.7236;0.7500;0;0.7500;0.7500;;;7.66
2026-02-17T18:56:59.071703;mvtec_AD/carpet;cont_40pct_oracle_patch;0.4;oracle_patch;10;10;6;4;3136;117;28;89;2;5;95;0.9799;0.9929;0.9832;0.6854;0.8764;0.0000;1.0000;0.7500;0;0.7500;0.7500;;;3.35
2026-02-17T18:57:06.096012;mvtec_AD/carpet;cont_40pct_ensemble_loo_mahal;0.4;ensemble_loo_mahal;10;10;10;4;392;117;28;89;2;5;95;0.9663;0.9893;0.9721;0.6742;0.8876;-0.0136;0.7236;0.7500;0;0.7500;0.7500;;;7.02
2026-02-17T18:57:12.210321;mvtec_AD/carpet;cont_40pct_cosine_loo;0.4;cosine_loo;10;10;10;4;392;117;28;89;2;5;95;0.9655;0.9891;0.9721;0.6742;0.8989;-0.0144;0.7073;0.7500;0;0.7500;0.7500;;;6.11
2026-02-17T18:57:17.474145;mvtec_AD/carpet;cont_50pct_none;0.5;none;10;10;10;5;0;117;28;89;2;5;95;0.9197;0.9770;0.9486;0.6067;0.7753;-0.0602;;;;;;;;5.24
2026-02-17T18:57:23.454173;mvtec_AD/carpet;cont_50pct_loo_patch;0.5;loo_patch;10;10;10;5;392;117;28;89;2;5;95;0.9539;0.9859;0.9663;0.6517;0.8090;-0.0261;0.5667;0.7200;0;0.8000;0.8000;;;5.98
2026-02-17T18:57:28.990865;mvtec_AD/carpet;cont_50pct_random_patch;0.5;random_patch;10;10;10;5;392;117;28;89;2;5;95;0.9209;0.9772;0.9492;0.6067;0.7753;-0.0590;0.0200;0.7200;0;0.8000;0.8000;;;5.44
2026-02-17T18:57:35.794174;mvtec_AD/carpet;cont_50pct_mahalanobis_patch;0.5;mahalanobis_patch;10;10;10;5;392;117;28;89;2;5;95;0.9543;0.9859;0.9609;0.6404;0.8202;-0.0257;0.5733;0.7200;0;0.8000;0.8000;;;6.80
2026-02-17T18:57:38.431470;mvtec_AD/carpet;cont_50pct_oracle_patch;0.5;oracle_patch;10;10;5;5;3920;117;28;89;2;5;95;0.9779;0.9922;0.9832;0.6854;0.8539;-0.0020;0.9667;0.7200;0;0.8000;0.8000;;;2.63
2026-02-17T18:57:45.737201;mvtec_AD/carpet;cont_50pct_ensemble_loo_mahal;0.5;ensemble_loo_mahal;10;10;10;5;392;117;28;89;2;5;95;0.9543;0.9859;0.9667;0.6404;0.8202;-0.0257;0.5733;0.7200;0;0.8000;0.8000;;;7.30
2026-02-17T18:57:51.410790;mvtec_AD/carpet;cont_50pct_cosine_loo;0.5;cosine_loo;10;10;10;5;392;117;28;89;2;5;95;0.9535;0.9857;0.9663;0.6517;0.8315;-0.0265;0.5600;0.7200;0;0.8000;0.8000;;;5.67
2026-02-17T18:57:57.657334;mvtec_AD/carpet;cont_0pct_none;0.0;none;10;10;10;0;0;117;28;89;3;5;95;0.9723;0.9907;0.9724;0.7079;0.8764;;;;;;;;;5.98
2026-02-17T18:58:02.823027;mvtec_AD/carpet;cont_0pct_loo_patch;0.0;loo_patch;10;10;10;0;392;117;28;89;3;5;95;0.9763;0.9920;0.9724;0.7191;0.9101;0.0040;;;;;;;;5.16
2026-02-17T18:58:08.693697;mvtec_AD/carpet;cont_0pct_random_patch;0.0;random_patch;10;10;10;0;392;117;28;89;3;5;95;0.9719;0.9905;0.9670;0.7079;0.8652;-0.0004;;;;;;;;5.87
2026-02-17T18:58:15.449419;mvtec_AD/carpet;cont_0pct_mahalanobis_patch;0.0;mahalanobis_patch;10;10;10;0;392;117;28;89;3;5;95;0.9819;0.9938;0.9778;0.7191;0.9101;0.0096;;;;;;;;6.65
2026-02-17T18:58:15.463826;mvtec_AD/carpet;cont_0pct_oracle_patch;0.0;oracle_patch;10;10;10;0;0;117;28;89;3;5;95;0.9723;0.9907;0.9724;0.7079;0.8764;0.0000;;;;;;;;0.01
2026-02-17T18:58:23.084249;mvtec_AD/carpet;cont_0pct_ensemble_loo_mahal;0.0;ensemble_loo_mahal;10;10;10;0;392;117;28;89;3;5;95;0.9791;0.9928;0.9775;0.7191;0.8989;0.0068;;;;;;;;7.53
2026-02-17T18:58:29.201967;mvtec_AD/carpet;cont_0pct_cosine_loo;0.0;cosine_loo;10;10;10;0;392;117;28;89;3;5;95;0.9767;0.9922;0.9778;0.7079;0.8876;0.0044;;;;;;;;6.11
2026-02-17T18:58:33.526828;mvtec_AD/carpet;cont_5pct_none;0.05;none;10;10;10;0;0;117;28;89;3;5;95;0.9723;0.9907;0.9724;0.7079;0.8764;0.0000;;;;;;;;4.31
2026-02-17T18:58:40.251955;mvtec_AD/carpet;cont_5pct_loo_patch;0.05;loo_patch;10;10;10;0;392;117;28;89;3;5;95;0.9763;0.9920;0.9724;0.7191;0.9101;0.0040;1.0000;;;;;;;6.63
2026-02-17T18:58:45.126308;mvtec_AD/carpet;cont_5pct_random_patch;0.05;random_patch;10;10;10;0;392;117;28;89;3;5;95;0.9719;0.9905;0.9670;0.7079;0.8652;-0.0004;1.0000;;;;;;;4.87
2026-02-17T18:58:52.904510;mvtec_AD/carpet;cont_5pct_mahalanobis_patch;0.05;mahalanobis_patch;10;10;10;0;392;117;28;89;3;5;95;0.9819;0.9938;0.9778;0.7191;0.9101;0.0096;1.0000;;;;;;;7.77
2026-02-17T18:58:52.922023;mvtec_AD/carpet;cont_5pct_oracle_patch;0.05;oracle_patch;10;10;10;0;0;117;28;89;3;5;95;0.9723;0.9907;0.9724;0.7079;0.8764;0.0000;1.0000;;;;;;;0.01
2026-02-17T18:58:59.341147;mvtec_AD/carpet;cont_5pct_ensemble_loo_mahal;0.05;ensemble_loo_mahal;10;10;10;0;392;117;28;89;3;5;95;0.9791;0.9928;0.9775;0.7191;0.8989;0.0068;1.0000;;;;;;;6.28
2026-02-17T18:59:05.937210;mvtec_AD/carpet;cont_5pct_cosine_loo;0.05;cosine_loo;10;10;10;0;392;117;28;89;3;5;95;0.9767;0.9922;0.9778;0.7079;0.8876;0.0044;1.0000;;;;;;;6.59
2026-02-17T18:59:10.637085;mvtec_AD/carpet;cont_40pct_none;0.4;none;10;10;10;4;0;117;28;89;3;5;95;0.8700;0.9622;0.8796;0.6067;0.7191;-0.1023;;;;;;;;4.68
2026-02-17T18:59:16.073964;mvtec_AD/carpet;cont_40pct_loo_patch;0.4;loo_patch;10;10;10;4;392;117;28;89;3;5;95;0.9358;0.9796;0.9326;0.6517;0.7416;-0.0365;0.6431;0.6667;1;0.5000;0.5000;;;5.43
2026-02-17T18:59:21.159639;mvtec_AD/carpet;cont_40pct_random_patch;0.4;random_patch;10;10;10;4;392;117;28;89;3;5;95;0.8696;0.9619;0.8865;0.6180;0.7191;-0.1027;-0.0039;0.6667;1;0.5000;0.5000;;;5.08
2026-02-17T18:59:28.455971;mvtec_AD/carpet;cont_40pct_mahalanobis_patch;0.4;mahalanobis_patch;10;10;10;4;392;117;28;89;3;5;95;0.9346;0.9794;0.9341;0.6517;0.7528;-0.0377;0.6314;0.6667;1;0.5000;0.5000;;;7.03
2026-02-17T18:59:31.690465;mvtec_AD/carpet;cont_40pct_oracle_patch;0.4;oracle_patch;10;10;6;4;3136;117;28;89;3;5;95;0.9747;0.9913;0.9721;0.6966;0.8202;0.0024;1.0235;0.6667;1;0.5000;0.5000;;;3.23
2026-02-17T18:59:39.288238;mvtec_AD/carpet;cont_40pct_ensemble_loo_mahal;0.4;ensemble_loo_mahal;10;10;10;4;392;117;28;89;3;5;95;0.9334;0.9790;0.9274;0.6517;0.7416;-0.0389;0.6196;0.6667;1;0.5000;0.5000;;;7.50
2026-02-17T18:59:45.225589;mvtec_AD/carpet;cont_40pct_cosine_loo;0.4;cosine_loo;10;10;10;4;392;117;28;89;3;5;95;0.9222;0.9765;0.9213;0.6404;0.7416;-0.0502;0.5098;0.6667;1;0.5000;0.5000;;;5.93
2026-02-17T18:59:50.535228;mvtec_AD/carpet;cont_50pct_none;0.5;none;10;10;10;5;0;117;28;89;3;5;95;0.8547;0.9579;0.8757;0.5843;0.7079;-0.1176;;;;;;;;5.28
2026-02-17T18:59:56.438988;mvtec_AD/carpet;cont_50pct_loo_patch;0.5;loo_patch;10;10;10;5;392;117;28;89;3;5;95;0.9029;0.9709;0.9101;0.6067;0.7191;-0.0694;0.4096;0.8000;1;0.6000;0.6000;;;5.90
2026-02-17T19:00:00.644394;mvtec_AD/carpet;cont_50pct_random_patch;0.5;random_patch;10;10;10;5;392;117;28;89;3;5;95;0.8551;0.9579;0.8770;0.5843;0.7079;-0.1172;0.0034;0.8000;1;0.6000;0.6000;;;4.20
2026-02-17T19:00:07.300411;mvtec_AD/carpet;cont_50pct_mahalanobis_patch;0.5;mahalanobis_patch;10;10;10;5;392;117;28;89;3;5;95;0.9153;0.9740;0.9205;0.6404;0.7191;-0.0570;0.5154;0.8000;1;0.6000;0.6000;;;6.56
2026-02-17T19:00:09.130913;mvtec_AD/carpet;cont_50pct_oracle_patch;0.5;oracle_patch;10;10;5;5;3920;117;28;89;3;5;95;0.9731;0.9909;0.9721;0.6966;0.8315;0.0008;1.0068;0.8000;1;0.6000;0.6000;;;1.83
2026-02-17T19:00:14.032616;mvtec_AD/carpet;cont_50pct_ensemble_loo_mahal;0.5;ensemble_loo_mahal;10;10;10;5;392;117;28;89;3;5;95;0.9205;0.9753;0.9274;0.6404;0.7191;-0.0518;0.5597;0.8000;1;0.6000;0.6000;;;4.90
2026-02-17T19:00:19.114602;mvtec_AD/carpet;cont_50pct_cosine_loo;0.5;cosine_loo;10;10;10;5;392;117;28;89;3;5;95;0.8933;0.9685;0.9000;0.6292;0.7191;-0.0791;0.3276;0.8000;1;0.6000;0.6000;;;5.07
2026-02-17T19:00:24.147349;mvtec_AD/carpet;cont_0pct_none;0.0;none;10;10;10;0;0;117;28;89;4;5;95;0.9759;0.9917;0.9674;0.6854;0.8876;;;;;;;;;4.92
2026-02-17T19:00:29.845288;mvtec_AD/carpet;cont_0pct_loo_patch;0.0;loo_patch;10;10;10;0;392;117;28;89;4;5;95;0.9759;0.9919;0.9663;0.6854;0.8989;-0.0000;;;;;;;;5.69
2026-02-17T19:00:34.879962;mvtec_AD/carpet;cont_0pct_random_patch;0.0;random_patch;10;10;10;0;392;117;28;89;4;5;95;0.9755;0.9915;0.9674;0.6854;0.8989;-0.0004;;;;;;;;5.03
2026-02-17T19:00:41.690960;mvtec_AD/carpet;cont_0pct_mahalanobis_patch;0.0;mahalanobis_patch;10;10;10;0;392;117;28;89;4;5;95;0.9815;0.9937;0.9778;0.7191;0.9326;0.0056;;;;;;;;6.81
2026-02-17T19:00:41.705962;mvtec_AD/carpet;cont_0pct_oracle_patch;0.0;oracle_patch;10;10;10;0;0;117;28;89;4;5;95;0.9759;0.9917;0.9674;0.6854;0.8876;0.0000;;;;;;;;0.01
2026-02-17T19:00:48.701982;mvtec_AD/carpet;cont_0pct_ensemble_loo_mahal;0.0;ensemble_loo_mahal;10;10;10;0;392;117;28;89;4;5;95;0.9799;0.9930;0.9778;0.7079;0.8876;0.0040;;;;;;;;6.90
2026-02-17T19:00:54.425705;mvtec_AD/carpet;cont_0pct_cosine_loo;0.0;cosine_loo;10;10;10;0;392;117;28;89;4;5;95;0.9775;0.9924;0.9718;0.6854;0.9101;0.0016;;;;;;;;5.72
2026-02-17T19:00:59.162486;mvtec_AD/carpet;cont_5pct_none;0.05;none;10;10;10;0;0;117;28;89;4;5;95;0.9759;0.9917;0.9674;0.6854;0.8876;0.0000;;;;;;;;4.73
2026-02-17T19:01:04.895987;mvtec_AD/carpet;cont_5pct_loo_patch;0.05;loo_patch;10;10;10;0;392;117;28;89;4;5;95;0.9759;0.9919;0.9663;0.6854;0.8989;-0.0000;1.0000;;;;;;;5.73
2026-02-17T19:01:10.033885;mvtec_AD/carpet;cont_5pct_random_patch;0.05;random_patch;10;10;10;0;392;117;28;89;4;5;95;0.9755;0.9915;0.9674;0.6854;0.8989;-0.0004;1.0000;;;;;;;5.13
2026-02-17T19:01:17.529649;mvtec_AD/carpet;cont_5pct_mahalanobis_patch;0.05;mahalanobis_patch;10;10;10;0;392;117;28;89;4;5;95;0.9815;0.9937;0.9778;0.7191;0.9326;0.0056;1.0000;;;;;;;7.49
2026-02-17T19:01:17.546648;mvtec_AD/carpet;cont_5pct_oracle_patch;0.05;oracle_patch;10;10;10;0;0;117;28;89;4;5;95;0.9759;0.9917;0.9674;0.6854;0.8876;0.0000;1.0000;;;;;;;0.01
2026-02-17T19:01:24.298152;mvtec_AD/carpet;cont_5pct_ensemble_loo_mahal;0.05;ensemble_loo_mahal;10;10;10;0;392;117;28;89;4;5;95;0.9799;0.9930;0.9778;0.7079;0.8876;0.0040;1.0000;;;;;;;6.60
2026-02-17T19:01:30.293509;mvtec_AD/carpet;cont_5pct_cosine_loo;0.05;cosine_loo;10;10;10;0;392;117;28;89;4;5;95;0.9775;0.9924;0.9718;0.6854;0.9101;0.0016;1.0000;;;;;;;5.99
2026-02-17T19:01:35.403849;mvtec_AD/carpet;cont_40pct_none;0.4;none;10;10;10;4;0;117;28;89;4;5;95;0.9262;0.9785;0.9425;0.6067;0.7528;-0.0498;;;;;;;;5.09
2026-02-17T19:01:41.153713;mvtec_AD/carpet;cont_40pct_loo_patch;0.4;loo_patch;10;10;10;4;392;117;28;89;4;5;95;0.9631;0.9881;0.9617;0.6517;0.8315;-0.0128;0.7419;0.9167;1;0.7500;0.7500;;;5.74
2026-02-17T19:01:45.846756;mvtec_AD/carpet;cont_40pct_random_patch;0.4;random_patch;10;10;10;4;392;117;28;89;4;5;95;0.9282;0.9791;0.9545;0.6067;0.7753;-0.0478;0.0403;0.9167;1;0.7500;0.7500;;;4.69
2026-02-17T19:01:52.722208;mvtec_AD/carpet;cont_40pct_mahalanobis_patch;0.4;mahalanobis_patch;10;10;10;4;392;117;28;89;4;5;95;0.9643;0.9883;0.9721;0.6292;0.8315;-0.0116;0.7661;0.9167;1;0.7500;0.7500;;;6.87
2026-02-17T19:01:56.032014;mvtec_AD/carpet;cont_40pct_oracle_patch;0.4;oracle_patch;10;10;6;4;3136;117;28;89;4;5;95;0.9783;0.9924;0.9727;0.6742;0.8764;0.0024;1.0484;0.9167;1;0.7500;0.7500;;;3.30
2026-02-17T19:02:02.467794;mvtec_AD/carpet;cont_40pct_ensemble_loo_mahal;0.4;ensemble_loo_mahal;10;10;10;4;392;117;28;89;4;5;95;0.9647;0.9885;0.9778;0.6517;0.8315;-0.0112;0.7742;0.9167;1;0.7500;0.7500;;;6.43
2026-02-17T19:02:08.615654;mvtec_AD/carpet;cont_40pct_cosine_loo;0.4;cosine_loo;10;10;10;4;392;117;28;89;4;5;95;0.9639;0.9884;0.9667;0.6517;0.8202;-0.0120;0.7581;0.9167;1;0.7500;0.7500;;;6.14
2026-02-17T19:02:13.161490;mvtec_AD/carpet;cont_50pct_none;0.5;none;10;10;10;5;0;117;28;89;4;5;95;0.9177;0.9764;0.9425;0.5843;0.7303;-0.0582;;;;;;;;4.53
2026-02-17T19:02:19.716196;mvtec_AD/carpet;cont_50pct_loo_patch;0.5;loo_patch;10;10;10;5;392;117;28;89;4;5;95;0.9639;0.9883;0.9721;0.6404;0.8090;-0.0120;0.7931;0.9200;1;0.8000;0.8000;;;6.55
2026-02-17T19:02:24.217306;mvtec_AD/carpet;cont_50pct_random_patch;0.5;random_patch;10;10;10;5;392;117;28;89;4;5;95;0.9185;0.9767;0.9486;0.5955;0.7528;-0.0574;0.0138;0.9200;1;0.8000;0.8000;;;4.50
2026-02-17T19:02:31.396208;mvtec_AD/carpet;cont_50pct_mahalanobis_patch;0.5;mahalanobis_patch;10;10;10;5;392;117;28;89;4;5;95;0.9623;0.9878;0.9663;0.6292;0.8090;-0.0136;0.7655;0.9200;1;0.8000;0.8000;;;7.17
2026-02-17T19:02:33.616256;mvtec_AD/carpet;cont_50pct_oracle_patch;0.5;oracle_patch;10;10;5;5;3920;117;28;89;4;5;95;0.9751;0.9913;0.9718;0.6742;0.8539;-0.0008;0.9862;0.9200;1;0.8000;0.8000;;;2.22
2026-02-17T19:02:40.780375;mvtec_AD/carpet;cont_50pct_ensemble_loo_mahal;0.5;ensemble_loo_mahal;10;10;10;5;392;117;28;89;4;5;95;0.9627;0.9880;0.9663;0.6517;0.8202;-0.0132;0.7724;0.9200;1;0.8000;0.8000;;;7.16
2026-02-17T19:02:46.737047;mvtec_AD/carpet;cont_50pct_cosine_loo;0.5;cosine_loo;10;10;10;5;392;117;28;89;4;5;95;0.9639;0.9884;0.9670;0.6517;0.7978;-0.0120;0.7931;0.9200;1;0.8000;0.8000;;;5.95
2026-02-17T19:02:50.721599;mvtec_AD/grid;cont_0pct_none;0.0;none;10;10;10;0;0;78;21;57;0;5;95;0.8997;0.9617;0.9091;0.5439;0.6842;;;;;;;;;3.10
2026-02-17T19:02:54.923818;mvtec_AD/grid;cont_0pct_loo_patch;0.0;loo_patch;10;10;10;0;392;78;21;57;0;5;95;0.8981;0.9619;0.9091;0.5789;0.6842;-0.0017;;;;;;;;4.20
2026-02-17T19:02:58.492912;mvtec_AD/grid;cont_0pct_random_patch;0.0;random_patch;10;10;10;0;392;78;21;57;0;5;95;0.9031;0.9630;0.9091;0.5614;0.7018;0.0033;;;;;;;;3.57
2026-02-17T19:03:04.785266;mvtec_AD/grid;cont_0pct_mahalanobis_patch;0.0;mahalanobis_patch;10;10;10;0;392;78;21;57;0;5;95;0.9181;0.9696;0.9180;0.6491;0.7018;0.0184;;;;;;;;6.12
2026-02-17T19:03:04.799267;mvtec_AD/grid;cont_0pct_oracle_patch;0.0;oracle_patch;10;10;10;0;0;78;21;57;0;5;95;0.8997;0.9617;0.9091;0.5439;0.6842;0.0000;;;;;;;;0.01
2026-02-17T19:03:10.919435;mvtec_AD/grid;cont_0pct_ensemble_loo_mahal;0.0;ensemble_loo_mahal;10;10;10;0;392;78;21;57;0;5;95;0.9148;0.9679;0.9180;0.5965;0.7193;0.0150;;;;;;;;6.12
2026-02-17T19:03:15.765767;mvtec_AD/grid;cont_0pct_cosine_loo;0.0;cosine_loo;10;10;10;0;392;78;21;57;0;5;95;0.8989;0.9628;0.9091;0.5789;0.6842;-0.0008;;;;;;;;4.84
2026-02-17T19:03:18.821511;mvtec_AD/grid;cont_5pct_none;0.05;none;10;10;10;0;0;78;21;57;0;5;95;0.8997;0.9617;0.9091;0.5439;0.6842;0.0000;;;;;;;;2.89
2026-02-17T19:03:23.006112;mvtec_AD/grid;cont_5pct_loo_patch;0.05;loo_patch;10;10;10;0;392;78;21;57;0;5;95;0.8981;0.9619;0.9091;0.5789;0.6842;-0.0017;1.0000;;;;;;;4.18
2026-02-17T19:03:26.434057;mvtec_AD/grid;cont_5pct_random_patch;0.05;random_patch;10;10;10;0;392;78;21;57;0;5;95;0.9031;0.9630;0.9091;0.5614;0.7018;0.0033;1.0000;;;;;;;3.42
2026-02-17T19:03:32.402582;mvtec_AD/grid;cont_5pct_mahalanobis_patch;0.05;mahalanobis_patch;10;10;10;0;392;78;21;57;0;5;95;0.9181;0.9696;0.9180;0.6491;0.7018;0.0184;1.0000;;;;;;;5.96
2026-02-17T19:03:32.421908;mvtec_AD/grid;cont_5pct_oracle_patch;0.05;oracle_patch;10;10;10;0;0;78;21;57;0;5;95;0.8997;0.9617;0.9091;0.5439;0.6842;0.0000;1.0000;;;;;;;0.01
2026-02-17T19:03:37.766611;mvtec_AD/grid;cont_5pct_ensemble_loo_mahal;0.05;ensemble_loo_mahal;10;10;10;0;392;78;21;57;0;5;95;0.9148;0.9679;0.9180;0.5965;0.7193;0.0150;1.0000;;;;;;;5.30
2026-02-17T19:03:41.972313;mvtec_AD/grid;cont_5pct_cosine_loo;0.05;cosine_loo;10;10;10;0;392;78;21;57;0;5;95;0.8989;0.9628;0.9091;0.5789;0.6842;-0.0008;1.0000;;;;;;;4.20
2026-02-17T19:03:45.995131;mvtec_AD/grid;cont_40pct_none;0.4;none;10;10;10;4;0;78;21;57;0;5;95;0.7853;0.9170;0.8522;0.3509;0.4035;-0.1145;;;;;;;;4.00
2026-02-17T19:03:50.901391;mvtec_AD/grid;cont_40pct_loo_patch;0.4;loo_patch;10;10;10;4;392;78;21;57;0;5;95;0.8396;0.9414;0.8696;0.5088;0.5614;-0.0602;0.4745;0.7500;0;0.7500;0.7500;;;4.90
2026-02-17T19:03:53.987346;mvtec_AD/grid;cont_40pct_random_patch;0.4;random_patch;10;10;10;4;392;78;21;57;0;5;95;0.7953;0.9230;0.8545;0.3860;0.4211;-0.1044;0.0876;0.7500;0;0.7500;0.7500;;;2.83
2026-02-17T19:03:59.293761;mvtec_AD/grid;cont_40pct_mahalanobis_patch;0.4;mahalanobis_patch;10;10;10;4;392;78;21;57;0;5;95;0.8655;0.9521;0.8772;0.5965;0.5965;-0.0343;0.7007;0.7500;0;0.7500;0.7500;;;5.30
2026-02-17T19:04:01.678540;mvtec_AD/grid;cont_40pct_oracle_patch;0.4;oracle_patch;10;10;6;4;3136;78;21;57;0;5;95;0.9014;0.9639;0.9091;0.5965;0.7018;0.0017;1.0146;0.7500;0;0.7500;0.7500;;;2.38
2026-02-17T19:04:07.707490;mvtec_AD/grid;cont_40pct_ensemble_loo_mahal;0.4;ensemble_loo_mahal;10;10;10;4;392;78;21;57;0;5;95;0.8513;0.9447;0.8769;0.4912;0.5439;-0.0485;0.5766;0.7500;0;0.7500;0.7500;;;6.02
2026-02-17T19:04:11.753254;mvtec_AD/grid;cont_40pct_cosine_loo;0.4;cosine_loo;10;10;10;4;392;78;21;57;0;5;95;0.8521;0.9455;0.8769;0.5439;0.5614;-0.0476;0.5839;0.7500;0;0.7500;0.7500;;;4.04
2026-02-17T19:04:15.358517;mvtec_AD/grid;cont_50pct_none;0.5;none;10;10;10;5;0;78;21;57;0;5;95;0.7686;0.9119;0.8444;0.3333;0.3684;-0.1312;;;;;;;;3.58
2026-02-17T19:04:19.605967;mvtec_AD/grid;cont_50pct_loo_patch;0.5;loo_patch;10;10;10;5;392;78;21;57;0;5;95;0.8321;0.9389;0.8682;0.5263;0.5263;-0.0677;0.4841;0.6400;0;0.6000;0.6000;;;4.24
2026-02-17T19:04:23.482511;mvtec_AD/grid;cont_50pct_random_patch;0.5;random_patch;10;10;10;5;392;78;21;57;0;5;95;0.7719;0.9145;0.8444;0.3684;0.3860;-0.1278;0.0255;0.6400;0;0.6000;0.6000;;;3.87
2026-02-17T19:04:28.724941;mvtec_AD/grid;cont_50pct_mahalanobis_patch;0.5;mahalanobis_patch;10;10;10;5;392;78;21;57;0;5;95;0.8488;0.9454;0.8750;0.5439;0.5439;-0.0510;0.6115;0.6400;0;0.6000;0.6000;;;5.14
2026-02-17T19:04:30.752338;mvtec_AD/grid;cont_50pct_oracle_patch;0.5;oracle_patch;10;10;5;5;3920;78;21;57;0;5;95;0.8947;0.9611;0.9076;0.5789;0.6842;-0.0050;0.9618;0.6400;0;0.6000;0.6000;;;2.02
2026-02-17T19:04:35.867788;mvtec_AD/grid;cont_50pct_ensemble_loo_mahal;0.5;ensemble_loo_mahal;10;10;10;5;392;78;21;57;0;5;95;0.8379;0.9403;0.8644;0.4912;0.5439;-0.0618;0.5287;0.6400;0;0.6000;0.6000;;;5.11
2026-02-17T19:04:40.837498;mvtec_AD/grid;cont_50pct_cosine_loo;0.5;cosine_loo;10;10;10;5;392;78;21;57;0;5;95;0.8338;0.9398;0.8682;0.5263;0.5439;-0.0660;0.4968;0.6400;0;0.6000;0.6000;;;4.96
2026-02-17T19:04:45.169660;mvtec_AD/grid;cont_0pct_none;0.0;none;10;10;10;0;0;78;21;57;1;5;95;0.9181;0.9718;0.9016;0.7544;0.7719;;;;;;;;;4.14
2026-02-17T19:04:49.098716;mvtec_AD/grid;cont_0pct_loo_patch;0.0;loo_patch;10;10;10;0;392;78;21;57;1;5;95;0.9148;0.9698;0.9091;0.6842;0.7719;-0.0033;;;;;;;;3.93
2026-02-17T19:04:52.016245;mvtec_AD/grid;cont_0pct_random_patch;0.0;random_patch;10;10;10;0;392;78;21;57;1;5;95;0.9190;0.9721;0.9016;0.7544;0.7544;0.0008;;;;;;;;2.91
2026-02-17T19:04:58.067433;mvtec_AD/grid;cont_0pct_mahalanobis_patch;0.0;mahalanobis_patch;10;10;10;0;392;78;21;57;1;5;95;0.9398;0.9801;0.9174;0.8246;0.8421;0.0217;;;;;;;;6.05
2026-02-17T19:04:58.083116;mvtec_AD/grid;cont_0pct_oracle_patch;0.0;oracle_patch;10;10;10;0;0;78;21;57;1;5;95;0.9181;0.9718;0.9016;0.7544;0.7719;0.0000;;;;;;;;0.01
2026-02-17T19:05:03.304578;mvtec_AD/grid;cont_0pct_ensemble_loo_mahal;0.0;ensemble_loo_mahal;10;10;10;0;392;78;21;57;1;5;95;0.9340;0.9779;0.9091;0.8070;0.8070;0.0159;;;;;;;;5.07
2026-02-17T19:05:07.769176;mvtec_AD/grid;cont_0pct_cosine_loo;0.0;cosine_loo;10;10;10;0;392;78;21;57;1;5;95;0.9198;0.9726;0.9016;0.7719;0.7895;0.0017;;;;;;;;4.46
2026-02-17T19:05:11.212980;mvtec_AD/grid;cont_5pct_none;0.05;none;10;10;10;0;0;78;21;57;1;5;95;0.9181;0.9718;0.9016;0.7544;0.7719;0.0000;;;;;;;;3.43
2026-02-17T19:05:15.982406;mvtec_AD/grid;cont_5pct_loo_patch;0.05;loo_patch;10;10;10;0;392;78;21;57;1;5;95;0.9148;0.9698;0.9091;0.6842;0.7719;-0.0033;1.0000;;;;;;;4.76
2026-02-17T19:05:19.668798;mvtec_AD/grid;cont_5pct_random_patch;0.05;random_patch;10;10;10;0;392;78;21;57;1;5;95;0.9190;0.9721;0.9016;0.7544;0.7544;0.0008;1.0000;;;;;;;3.66
2026-02-17T19:05:26.469710;mvtec_AD/grid;cont_5pct_mahalanobis_patch;0.05;mahalanobis_patch;10;10;10;0;392;78;21;57;1;5;95;0.9398;0.9801;0.9174;0.8246;0.8421;0.0217;1.0000;;;;;;;6.79
2026-02-17T19:05:26.482707;mvtec_AD/grid;cont_5pct_oracle_patch;0.05;oracle_patch;10;10;10;0;0;78;21;57;1;5;95;0.9181;0.9718;0.9016;0.7544;0.7719;0.0000;1.0000;;;;;;;0.01
2026-02-17T19:05:32.626004;mvtec_AD/grid;cont_5pct_ensemble_loo_mahal;0.05;ensemble_loo_mahal;10;10;10;0;392;78;21;57;1;5;95;0.9340;0.9779;0.9091;0.8070;0.8070;0.0159;1.0000;;;;;;;6.14
2026-02-17T19:05:37.316475;mvtec_AD/grid;cont_5pct_cosine_loo;0.05;cosine_loo;10;10;10;0;392;78;21;57;1;5;95;0.9198;0.9726;0.9016;0.7719;0.7895;0.0017;1.0000;;;;;;;4.69
2026-02-17T19:05:40.327590;mvtec_AD/grid;cont_40pct_none;0.4;none;10;10;10;4;0;78;21;57;1;5;95;0.8187;0.9425;0.8519;0.6667;0.6667;-0.0994;;;;;;;;2.99
2026-02-17T19:05:44.697314;mvtec_AD/grid;cont_40pct_loo_patch;0.4;loo_patch;10;10;10;4;392;78;21;57;1;5;95;0.8780;0.9610;0.8889;0.7544;0.7719;-0.0401;0.5966;0.9167;1;0.7500;0.7500;;;4.36
2026-02-17T19:05:47.863787;mvtec_AD/grid;cont_40pct_random_patch;0.4;random_patch;10;10;10;4;392;78;21;57;1;5;95;0.8170;0.9420;0.8519;0.6667;0.6667;-0.1011;-0.0168;0.9167;1;0.7500;0.7500;;;3.16
2026-02-17T19:05:54.127070;mvtec_AD/grid;cont_40pct_mahalanobis_patch;0.4;mahalanobis_patch;10;10;10;4;392;78;21;57;1;5;95;0.8906;0.9654;0.8870;0.7895;0.7895;-0.0276;0.7227;0.9167;1;0.7500;0.7500;;;6.26
2026-02-17T19:05:56.409064;mvtec_AD/grid;cont_40pct_oracle_patch;0.4;oracle_patch;10;10;6;4;3136;78;21;57;1;5;95;0.9148;0.9715;0.9027;0.7544;0.7544;-0.0033;0.9664;0.9167;1;0.7500;0.7500;;;2.28
2026-02-17T19:06:01.569738;mvtec_AD/grid;cont_40pct_ensemble_loo_mahal;0.4;ensemble_loo_mahal;10;10;10;4;392;78;21;57;1;5;95;0.8897;0.9652;0.8829;0.7719;0.7895;-0.0284;0.7143;0.9167;1;0.7500;0.7500;;;5.16
2026-02-17T19:06:05.931362;mvtec_AD/grid;cont_40pct_cosine_loo;0.4;cosine_loo;10;10;10;4;392;78;21;57;1;5;95;0.8747;0.9599;0.8793;0.7544;0.7719;-0.0434;0.5630;0.9167;1;0.7500;0.7500;;;4.36
2026-02-17T19:06:09.856822;mvtec_AD/grid;cont_50pct_none;0.5;none;10;10;10;5;0;78;21;57;1;5;95;0.7962;0.9359;0.8444;0.7018;0.7018;-0.1220;;;;;;;;3.90
2026-02-17T19:06:14.256314;mvtec_AD/grid;cont_50pct_loo_patch;0.5;loo_patch;10;10;10;5;392;78;21;57;1;5;95;0.8730;0.9592;0.8814;0.7544;0.7544;-0.0451;0.6301;0.9200;1;0.8000;0.8000;;;4.36
2026-02-17T19:06:17.499522;mvtec_AD/grid;cont_50pct_random_patch;0.5;random_patch;10;10;10;5;392;78;21;57;1;5;95;0.7945;0.9354;0.8444;0.7018;0.7018;-0.1236;-0.0137;0.9200;1;0.8000;0.8000;;;3.24
2026-02-17T19:06:22.573435;mvtec_AD/grid;cont_50pct_mahalanobis_patch;0.5;mahalanobis_patch;10;10;10;5;392;78;21;57;1;5;95;0.8755;0.9597;0.8739;0.7544;0.7544;-0.0426;0.6507;0.9200;1;0.8000;0.8000;;;5.07
2026-02-17T19:06:24.548555;mvtec_AD/grid;cont_50pct_oracle_patch;0.5;oracle_patch;10;10;5;5;3920;78;21;57;1;5;95;0.9073;0.9667;0.9091;0.6140;0.6316;-0.0109;0.9110;0.9200;1;0.8000;0.8000;;;1.97
2026-02-17T19:06:30.904076;mvtec_AD/grid;cont_50pct_ensemble_loo_mahal;0.5;ensemble_loo_mahal;10;10;10;5;392;78;21;57;1;5;95;0.8755;0.9598;0.8814;0.7544;0.7544;-0.0426;0.6507;0.9200;1;0.8000;0.8000;;;6.04
2026-02-17T19:06:34.822594;mvtec_AD/grid;cont_50pct_cosine_loo;0.5;cosine_loo;10;10;10;5;392;78;21;57;1;5;95;0.8772;0.9613;0.8738;0.7544;0.7895;-0.0409;0.6644;0.9200;1;0.8000;0.8000;;;3.90
2026-02-17T19:06:37.949850;mvtec_AD/grid;cont_0pct_none;0.0;none;10;10;10;0;0;78;21;57;2;5;95;0.9273;0.9747;0.9106;0.7368;0.7719;;;;;;;;;3.04
2026-02-17T19:06:42.244142;mvtec_AD/grid;cont_0pct_loo_patch;0.0;loo_patch;10;10;10;0;392;78;21;57;2;5;95;0.9148;0.9695;0.9106;0.6491;0.7193;-0.0125;;;;;;;;4.29
2026-02-17T19:06:45.850412;mvtec_AD/grid;cont_0pct_random_patch;0.0;random_patch;10;10;10;0;392;78;21;57;2;5;95;0.9323;0.9765;0.9106;0.7719;0.7719;0.0050;;;;;;;;3.60
2026-02-17T19:06:51.121673;mvtec_AD/grid;cont_0pct_mahalanobis_patch;0.0;mahalanobis_patch;10;10;10;0;392;78;21;57;2;5;95;0.9415;0.9800;0.9180;0.7895;0.8070;0.0142;;;;;;;;5.27
2026-02-17T19:06:51.135226;mvtec_AD/grid;cont_0pct_oracle_patch;0.0;oracle_patch;10;10;10;0;0;78;21;57;2;5;95;0.9273;0.9747;0.9106;0.7368;0.7719;0.0000;;;;;;;;0.01
2026-02-17T19:06:56.249584;mvtec_AD/grid;cont_0pct_ensemble_loo_mahal;0.0;ensemble_loo_mahal;10;10;10;0;392;78;21;57;2;5;95;0.9373;0.9786;0.9138;0.7895;0.7895;0.0100;;;;;;;;5.03
2026-02-17T19:07:00.845352;mvtec_AD/grid;cont_0pct_cosine_loo;0.0;cosine_loo;10;10;10;0;392;78;21;57;2;5;95;0.9248;0.9733;0.9180;0.7018;0.7193;-0.0025;;;;;;;;4.59
2026-02-17T19:07:04.459613;mvtec_AD/grid;cont_5pct_none;0.05;none;10;10;10;0;0;78;21;57;2;5;95;0.9273;0.9747;0.9106;0.7368;0.7719;0.0000;;;;;;;;3.60
2026-02-17T19:07:08.594034;mvtec_AD/grid;cont_5pct_loo_patch;0.05;loo_patch;10;10;10;0;392;78;21;57;2;5;95;0.9148;0.9695;0.9106;0.6491;0.7193;-0.0125;1.0000;;;;;;;4.13
2026-02-17T19:07:11.333243;mvtec_AD/grid;cont_5pct_random_patch;0.05;random_patch;10;10;10;0;392;78;21;57;2;5;95;0.9323;0.9765;0.9106;0.7719;0.7719;0.0050;1.0000;;;;;;;2.74
2026-02-17T19:07:17.257507;mvtec_AD/grid;cont_5pct_mahalanobis_patch;0.05;mahalanobis_patch;10;10;10;0;392;78;21;57;2;5;95;0.9415;0.9800;0.9180;0.7895;0.8070;0.0142;1.0000;;;;;;;5.92
2026-02-17T19:07:17.273645;mvtec_AD/grid;cont_5pct_oracle_patch;0.05;oracle_patch;10;10;10;0;0;78;21;57;2;5;95;0.9273;0.9747;0.9106;0.7368;0.7719;0.0000;1.0000;;;;;;;0.01
2026-02-17T19:07:22.839346;mvtec_AD/grid;cont_5pct_ensemble_loo_mahal;0.05;ensemble_loo_mahal;10;10;10;0;392;78;21;57;2;5;95;0.9373;0.9786;0.9138;0.7895;0.7895;0.0100;1.0000;;;;;;;5.42
2026-02-17T19:07:26.928407;mvtec_AD/grid;cont_5pct_cosine_loo;0.05;cosine_loo;10;10;10;0;392;78;21;57;2;5;95;0.9248;0.9733;0.9180;0.7018;0.7193;-0.0025;1.0000;;;;;;;4.08
2026-02-17T19:07:30.838292;mvtec_AD/grid;cont_40pct_none;0.4;none;10;10;10;4;0;78;21;57;2;5;95;0.7970;0.9295;0.8444;0.4737;0.5789;-0.1303;;;;;;;;3.89
2026-02-17T19:07:35.514262;mvtec_AD/grid;cont_40pct_loo_patch;0.4;loo_patch;10;10;10;4;392;78;21;57;2;5;95;0.8413;0.9448;0.8780;0.6491;0.6491;-0.0860;0.3397;0.8333;1;0.7500;0.7500;;;4.67
2026-02-17T19:07:38.325036;mvtec_AD/grid;cont_40pct_random_patch;0.4;random_patch;10;10;10;4;392;78;21;57;2;5;95;0.8003;0.9305;0.8500;0.4912;0.5789;-0.1270;0.0256;0.8333;1;0.7500;0.7500;;;2.81
2026-02-17T19:07:43.386505;mvtec_AD/grid;cont_40pct_mahalanobis_patch;0.4;mahalanobis_patch;10;10;10;4;392;78;21;57;2;5;95;0.8839;0.9615;0.8868;0.6842;0.7368;-0.0434;0.6667;0.8333;1;0.7500;0.7500;;;5.06
2026-02-17T19:07:45.816572;mvtec_AD/grid;cont_40pct_oracle_patch;0.4;oracle_patch;10;10;6;4;3136;78;21;57;2;5;95;0.8697;0.9488;0.8889;0.4386;0.4912;-0.0576;0.5577;0.8333;1;0.7500;0.7500;;;2.42
2026-02-17T19:07:51.659891;mvtec_AD/grid;cont_40pct_ensemble_loo_mahal;0.4;ensemble_loo_mahal;10;10;10;4;392;78;21;57;2;5;95;0.8847;0.9617;0.8868;0.6842;0.7018;-0.0426;0.6731;0.8333;1;0.7500;0.7500;;;5.75
2026-02-17T19:07:55.838211;mvtec_AD/grid;cont_40pct_cosine_loo;0.4;cosine_loo;10;10;10;4;392;78;21;57;2;5;95;0.8555;0.9503;0.8780;0.6491;0.6667;-0.0718;0.4487;0.8333;1;0.7500;0.7500;;;4.17
2026-02-17T19:07:59.110002;mvtec_AD/grid;cont_50pct_none;0.5;none;10;10;10;5;0;78;21;57;2;5;95;0.7536;0.9133;0.8444;0.4211;0.5088;-0.1738;;;;;;;;3.25
2026-02-17T19:08:03.954619;mvtec_AD/grid;cont_50pct_loo_patch;0.5;loo_patch;10;10;10;5;392;78;21;57;2;5;95;0.7995;0.9289;0.8571;0.5614;0.5614;-0.1278;0.2644;0.9600;1;0.8000;0.8000;;;4.84
2026-02-17T19:08:07.321035;mvtec_AD/grid;cont_50pct_random_patch;0.5;random_patch;10;10;10;5;392;78;21;57;2;5;95;0.7627;0.9173;0.8444;0.4386;0.5263;-0.1646;0.0529;0.9600;1;0.8000;0.8000;;;3.36
2026-02-17T19:08:14.542294;mvtec_AD/grid;cont_50pct_mahalanobis_patch;0.5;mahalanobis_patch;10;10;10;5;392;78;21;57;2;5;95;0.8580;0.9525;0.8689;0.6667;0.6667;-0.0693;0.6010;0.9600;1;0.8000;0.8000;;;6.95
2026-02-17T19:08:15.823677;mvtec_AD/grid;cont_50pct_oracle_patch;0.5;oracle_patch;10;10;5;5;3920;78;21;57;2;5;95;0.8630;0.9462;0.8800;0.4561;0.4561;-0.0643;0.6298;0.9600;1;0.8000;0.8000;;;1.28
2026-02-17T19:08:22.047286;mvtec_AD/grid;cont_50pct_ensemble_loo_mahal;0.5;ensemble_loo_mahal;10;10;10;5;392;78;21;57;2;5;95;0.8546;0.9503;0.8689;0.6491;0.6667;-0.0727;0.5817;0.9600;1;0.8000;0.8000;;;6.22
2026-02-17T19:08:26.143065;mvtec_AD/grid;cont_50pct_cosine_loo;0.5;cosine_loo;10;10;10;5;392;78;21;57;2;5;95;0.8112;0.9353;0.8507;0.5965;0.6140;-0.1161;0.3317;0.9600;1;0.8000;0.8000;;;4.09
2026-02-17T19:08:29.899491;mvtec_AD/grid;cont_0pct_none;0.0;none;10;10;10;0;0;78;21;57;3;5;95;0.9482;0.9823;0.9286;0.7895;0.8421;;;;;;;;;3.69
2026-02-17T19:08:34.107036;mvtec_AD/grid;cont_0pct_loo_patch;0.0;loo_patch;10;10;10;0;392;78;21;57;3;5;95;0.9532;0.9842;0.9381;0.8246;0.8421;0.0050;;;;;;;;4.21
2026-02-17T19:08:38.009512;mvtec_AD/grid;cont_0pct_random_patch;0.0;random_patch;10;10;10;0;392;78;21;57;3;5;95;0.9465;0.9815;0.9286;0.7719;0.8421;-0.0017;;;;;;;;3.90
2026-02-17T19:08:43.198416;mvtec_AD/grid;cont_0pct_mahalanobis_patch;0.0;mahalanobis_patch;10;10;10;0;392;78;21;57;3;5;95;0.9524;0.9841;0.9286;0.8246;0.8596;0.0042;;;;;;;;5.09
2026-02-17T19:08:43.217416;mvtec_AD/grid;cont_0pct_oracle_patch;0.0;oracle_patch;10;10;10;0;0;78;21;57;3;5;95;0.9482;0.9823;0.9286;0.7895;0.8421;0.0000;;;;;;;;0.01
2026-02-17T19:08:48.975237;mvtec_AD/grid;cont_0pct_ensemble_loo_mahal;0.0;ensemble_loo_mahal;10;10;10;0;392;78;21;57;3;5;95;0.9482;0.9829;0.9286;0.8246;0.8596;0.0000;;;;;;;;5.60
2026-02-17T19:08:53.682229;mvtec_AD/grid;cont_0pct_cosine_loo;0.0;cosine_loo;10;10;10;0;392;78;21;57;3;5;95;0.9474;0.9822;0.9286;0.8070;0.8421;-0.0008;;;;;;;;4.70
2026-02-17T19:08:57.504972;mvtec_AD/grid;cont_5pct_none;0.05;none;10;10;10;0;0;78;21;57;3;5;95;0.9482;0.9823;0.9286;0.7895;0.8421;0.0000;;;;;;;;3.75
2026-02-17T19:09:01.471821;mvtec_AD/grid;cont_5pct_loo_patch;0.05;loo_patch;10;10;10;0;392;78;21;57;3;5;95;0.9532;0.9842;0.9381;0.8246;0.8421;0.0050;1.0000;;;;;;;3.96
2026-02-17T19:09:04.309114;mvtec_AD/grid;cont_5pct_random_patch;0.05;random_patch;10;10;10;0;392;78;21;57;3;5;95;0.9465;0.9815;0.9286;0.7719;0.8421;-0.0017;1.0000;;;;;;;2.83
2026-02-17T19:09:10.245899;mvtec_AD/grid;cont_5pct_mahalanobis_patch;0.05;mahalanobis_patch;10;10;10;0;392;78;21;57;3;5;95;0.9524;0.9841;0.9286;0.8246;0.8596;0.0042;1.0000;;;;;;;5.93
2026-02-17T19:09:10.262599;mvtec_AD/grid;cont_5pct_oracle_patch;0.05;oracle_patch;10;10;10;0;0;78;21;57;3;5;95;0.9482;0.9823;0.9286;0.7895;0.8421;0.0000;1.0000;;;;;;;0.01
2026-02-17T19:09:15.613497;mvtec_AD/grid;cont_5pct_ensemble_loo_mahal;0.05;ensemble_loo_mahal;10;10;10;0;392;78;21;57;3;5;95;0.9482;0.9829;0.9286;0.8246;0.8596;0.0000;1.0000;;;;;;;5.28
2026-02-17T19:09:19.413250;mvtec_AD/grid;cont_5pct_cosine_loo;0.05;cosine_loo;10;10;10;0;392;78;21;57;3;5;95;0.9474;0.9822;0.9286;0.8070;0.8421;-0.0008;1.0000;;;;;;;3.79
2026-02-17T19:09:23.451177;mvtec_AD/grid;cont_40pct_none;0.4;none;10;10;10;4;0;78;21;57;3;5;95;0.8338;0.9458;0.8598;0.5965;0.6667;-0.1145;;;;;;;;4.01
2026-02-17T19:09:28.381648;mvtec_AD/grid;cont_40pct_loo_patch;0.4;loo_patch;10;10;10;4;392;78;21;57;3;5;95;0.8780;0.9599;0.8750;0.7193;0.7193;-0.0702;0.3869;0.6667;1;0.7500;0.7500;;;4.83
2026-02-17T19:09:31.031914;mvtec_AD/grid;cont_40pct_random_patch;0.4;random_patch;10;10;10;4;392;78;21;57;3;5;95;0.8321;0.9453;0.8598;0.5965;0.6491;-0.1161;-0.0146;0.6667;1;0.7500;0.7500;;;2.65
2026-02-17T19:09:36.527530;mvtec_AD/grid;cont_40pct_mahalanobis_patch;0.4;mahalanobis_patch;10;10;10;4;392;78;21;57;3;5;95;0.8914;0.9647;0.8972;0.7193;0.7193;-0.0568;0.5036;0.6667;1;0.7500;0.7500;;;5.49
2026-02-17T19:09:38.876080;mvtec_AD/grid;cont_40pct_oracle_patch;0.4;oracle_patch;10;10;6;4;3136;78;21;57;3;5;95;0.9256;0.9751;0.9027;0.7719;0.7895;-0.0226;0.8029;0.6667;1;0.7500;0.7500;;;2.34
2026-02-17T19:09:44.794347;mvtec_AD/grid;cont_40pct_ensemble_loo_mahal;0.4;ensemble_loo_mahal;10;10;10;4;392;78;21;57;3;5;95;0.8789;0.9605;0.8807;0.7193;0.7193;-0.0693;0.3942;0.6667;1;0.7500;0.7500;;;5.91
2026-02-17T19:09:48.892695;mvtec_AD/grid;cont_40pct_cosine_loo;0.4;cosine_loo;10;10;10;4;392;78;21;57;3;5;95;0.8780;0.9595;0.8727;0.6842;0.7018;-0.0702;0.3869;0.6667;1;0.7500;0.7500;;;4.09
2026-02-17T19:09:51.909541;mvtec_AD/grid;cont_50pct_none;0.5;none;10;10;10;5;0;78;21;57;3;5;95;0.8120;0.9354;0.8679;0.5088;0.5088;-0.1362;;;;;;;;2.99
2026-02-17T19:09:56.683534;mvtec_AD/grid;cont_50pct_loo_patch;0.5;loo_patch;10;10;10;5;392;78;21;57;3;5;95;0.8663;0.9524;0.8889;0.5439;0.6140;-0.0819;0.3988;0.8400;1;0.8000;0.8000;;;4.77
2026-02-17T19:10:00.260236;mvtec_AD/grid;cont_50pct_random_patch;0.5;random_patch;10;10;10;5;392;78;21;57;3;5;95;0.8112;0.9355;0.8624;0.5088;0.5263;-0.1370;-0.0061;0.8400;1;0.8000;0.8000;;;3.57
2026-02-17T19:10:06.709724;mvtec_AD/grid;cont_50pct_mahalanobis_patch;0.5;mahalanobis_patch;10;10;10;5;392;78;21;57;3;5;95;0.8881;0.9617;0.8947;0.6667;0.6842;-0.0602;0.5583;0.8400;1;0.8000;0.8000;;;6.29
2026-02-17T19:10:07.961311;mvtec_AD/grid;cont_50pct_oracle_patch;0.5;oracle_patch;10;10;5;5;3920;78;21;57;3;5;95;0.9223;0.9719;0.9138;0.6842;0.7018;-0.0259;0.8098;0.8400;1;0.8000;0.8000;;;1.25
2026-02-17T19:10:14.235757;mvtec_AD/grid;cont_50pct_ensemble_loo_mahal;0.5;ensemble_loo_mahal;10;10;10;5;392;78;21;57;3;5;95;0.8839;0.9588;0.9027;0.5965;0.6667;-0.0643;0.5276;0.8400;1;0.8000;0.8000;;;6.27
2026-02-17T19:10:18.478915;mvtec_AD/grid;cont_50pct_cosine_loo;0.5;cosine_loo;10;10;10;5;392;78;21;57;3;5;95;0.8655;0.9530;0.8785;0.5614;0.6491;-0.0827;0.3926;0.8400;1;0.8000;0.8000;;;4.24
2026-02-17T19:10:22.252344;mvtec_AD/grid;cont_0pct_none;0.0;none;10;10;10;0;0;78;21;57;4;5;95;0.9315;0.9750;0.9180;0.6491;0.7368;;;;;;;;;3.69
2026-02-17T19:10:26.079236;mvtec_AD/grid;cont_0pct_loo_patch;0.0;loo_patch;10;10;10;0;392;78;21;57;4;5;95;0.8730;0.9475;0.9032;0.4211;0.4737;-0.0585;;;;;;;;3.82
2026-02-17T19:10:29.905716;mvtec_AD/grid;cont_0pct_random_patch;0.0;random_patch;10;10;10;0;392;78;21;57;4;5;95;0.9273;0.9731;0.9180;0.6491;0.6491;-0.0042;;;;;;;;3.82
2026-02-17T19:10:35.055071;mvtec_AD/grid;cont_0pct_mahalanobis_patch;0.0;mahalanobis_patch;10;10;10;0;392;78;21;57;4;5;95;0.9432;0.9797;0.9204;0.7018;0.8070;0.0117;;;;;;;;4.94
2026-02-17T19:10:35.075071;mvtec_AD/grid;cont_0pct_oracle_patch;0.0;oracle_patch;10;10;10;0;0;78;21;57;4;5;95;0.9315;0.9750;0.9180;0.6491;0.7368;0.0000;;;;;;;;0.01
2026-02-17T19:10:40.130271;mvtec_AD/grid;cont_0pct_ensemble_loo_mahal;0.0;ensemble_loo_mahal;10;10;10;0;392;78;21;57;4;5;95;0.9231;0.9719;0.9123;0.6316;0.6842;-0.0084;;;;;;;;4.87
2026-02-17T19:10:44.471458;mvtec_AD/grid;cont_0pct_cosine_loo;0.0;cosine_loo;10;10;10;0;392;78;21;57;4;5;95;0.8922;0.9587;0.9032;0.5439;0.5439;-0.0393;;;;;;;;4.34
2026-02-17T19:10:48.289194;mvtec_AD/grid;cont_5pct_none;0.05;none;10;10;10;0;0;78;21;57;4;5;95;0.9315;0.9750;0.9180;0.6491;0.7368;0.0000;;;;;;;;3.80
2026-02-17T19:10:52.108186;mvtec_AD/grid;cont_5pct_loo_patch;0.05;loo_patch;10;10;10;0;392;78;21;57;4;5;95;0.8730;0.9475;0.9032;0.4211;0.4737;-0.0585;1.0000;;;;;;;3.71
2026-02-17T19:10:54.832813;mvtec_AD/grid;cont_5pct_random_patch;0.05;random_patch;10;10;10;0;392;78;21;57;4;5;95;0.9273;0.9731;0.9180;0.6491;0.6491;-0.0042;1.0000;;;;;;;2.72
2026-02-17T19:11:00.834315;mvtec_AD/grid;cont_5pct_mahalanobis_patch;0.05;mahalanobis_patch;10;10;10;0;392;78;21;57;4;5;95;0.9432;0.9797;0.9204;0.7018;0.8070;0.0117;1.0000;;;;;;;6.00
2026-02-17T19:11:00.855330;mvtec_AD/grid;cont_5pct_oracle_patch;0.05;oracle_patch;10;10;10;0;0;78;21;57;4;5;95;0.9315;0.9750;0.9180;0.6491;0.7368;0.0000;1.0000;;;;;;;0.01
2026-02-17T19:11:05.991666;mvtec_AD/grid;cont_5pct_ensemble_loo_mahal;0.05;ensemble_loo_mahal;10;10;10;0;392;78;21;57;4;5;95;0.9231;0.9719;0.9123;0.6316;0.6842;-0.0084;1.0000;;;;;;;5.03
2026-02-17T19:11:09.817250;mvtec_AD/grid;cont_5pct_cosine_loo;0.05;cosine_loo;10;10;10;0;392;78;21;57;4;5;95;0.8922;0.9587;0.9032;0.5439;0.5439;-0.0393;1.0000;;;;;;;3.82
2026-02-17T19:11:13.709717;mvtec_AD/grid;cont_40pct_none;0.4;none;10;10;10;4;0;78;21;57;4;5;95;0.8279;0.9388;0.8739;0.5088;0.5789;-0.1036;;;;;;;;3.87
2026-02-17T19:11:18.048395;mvtec_AD/grid;cont_40pct_loo_patch;0.4;loo_patch;10;10;10;4;392;78;21;57;4;5;95;0.8429;0.9377;0.9016;0.5088;0.5088;-0.0886;0.1452;1.0000;1;1.0000;1.0000;;;4.02
2026-02-17T19:11:21.367289;mvtec_AD/grid;cont_40pct_random_patch;0.4;random_patch;10;10;10;4;392;78;21;57;4;5;95;0.8254;0.9377;0.8667;0.5088;0.5614;-0.1061;-0.0242;1.0000;1;1.0000;1.0000;;;3.31
2026-02-17T19:11:27.983232;mvtec_AD/grid;cont_40pct_mahalanobis_patch;0.4;mahalanobis_patch;10;10;10;4;392;78;21;57;4;5;95;0.8972;0.9625;0.9016;0.6316;0.6491;-0.0343;0.6694;1.0000;1;1.0000;1.0000;;;6.61
2026-02-17T19:11:30.307705;mvtec_AD/grid;cont_40pct_oracle_patch;0.4;oracle_patch;10;10;6;4;3136;78;21;57;4;5;95;0.8195;0.9205;0.8983;0.3684;0.3860;-0.1119;-0.0806;1.0000;1;1.0000;1.0000;;;2.32
2026-02-17T19:11:35.937990;mvtec_AD/grid;cont_40pct_ensemble_loo_mahal;0.4;ensemble_loo_mahal;10;10;10;4;392;78;21;57;4;5;95;0.8972;0.9625;0.9016;0.6316;0.6491;-0.0343;0.6694;1.0000;1;1.0000;1.0000;;;5.44
2026-02-17T19:11:39.908802;mvtec_AD/grid;cont_40pct_cosine_loo;0.4;cosine_loo;10;10;10;4;392;78;21;57;4;5;95;0.8780;0.9547;0.8943;0.5789;0.6316;-0.0535;0.4839;1.0000;1;1.0000;1.0000;;;3.97
2026-02-17T19:11:43.790675;mvtec_AD/grid;cont_50pct_none;0.5;none;10;10;10;5;0;78;21;57;4;5;95;0.7970;0.9247;0.8596;0.4386;0.4737;-0.1345;;;;;;;;3.86
2026-02-17T19:11:48.362917;mvtec_AD/grid;cont_50pct_loo_patch;0.5;loo_patch;10;10;10;5;392;78;21;57;4;5;95;0.8187;0.9291;0.8889;0.5088;0.5088;-0.1128;0.1615;0.9600;1;0.8000;0.8000;;;4.57
2026-02-17T19:11:51.400700;mvtec_AD/grid;cont_50pct_random_patch;0.5;random_patch;10;10;10;5;392;78;21;57;4;5;95;0.8003;0.9262;0.8696;0.4561;0.4737;-0.1312;0.0248;0.9600;1;0.8000;0.8000;;;3.03
2026-02-17T19:11:56.565219;mvtec_AD/grid;cont_50pct_mahalanobis_patch;0.5;mahalanobis_patch;10;10;10;5;392;78;21;57;4;5;95;0.8789;0.9545;0.8966;0.5439;0.5965;-0.0526;0.6087;0.9600;1;0.8000;0.8000;;;5.16
2026-02-17T19:11:58.457621;mvtec_AD/grid;cont_50pct_oracle_patch;0.5;oracle_patch;10;10;5;5;3920;78;21;57;4;5;95;0.8154;0.9187;0.8983;0.3684;0.3684;-0.1161;0.1366;0.9600;1;0.8000;0.8000;;;1.88
2026-02-17T19:12:03.581613;mvtec_AD/grid;cont_50pct_ensemble_loo_mahal;0.5;ensemble_loo_mahal;10;10;10;5;392;78;21;57;4;5;95;0.8680;0.9500;0.8943;0.5439;0.5965;-0.0635;0.5280;0.9600;1;0.8000;0.8000;;;4.95
2026-02-17T19:12:07.595851;mvtec_AD/grid;cont_50pct_cosine_loo;0.5;cosine_loo;10;10;10;5;392;78;21;57;4;5;95;0.8471;0.9415;0.8889;0.5088;0.5088;-0.0844;0.3727;0.9600;1;0.8000;0.8000;;;4.01
2026-02-17T19:12:14.792476;mvtec_AD/hazelnut;cont_0pct_none;0.0;none;10;10;10;0;0;110;40;70;0;5;95;0.8796;0.9334;0.8571;0.4571;0.5429;;;;;;;;;5.38
2026-02-17T19:12:20.088265;mvtec_AD/hazelnut;cont_0pct_loo_patch;0.0;loo_patch;10;10;10;0;392;110;40;70;0;5;95;0.8539;0.9225;0.8369;0.4429;0.5571;-0.0257;;;;;;;;5.29
2026-02-17T19:12:24.582345;mvtec_AD/hazelnut;cont_0pct_random_patch;0.0;random_patch;10;10;10;0;392;110;40;70;0;5;95;0.8796;0.9340;0.8611;0.4571;0.5571;-0.0000;;;;;;;;4.49
2026-02-17T19:12:31.570963;mvtec_AD/hazelnut;cont_0pct_mahalanobis_patch;0.0;mahalanobis_patch;10;10;10;0;392;110;40;70;0;5;95;0.8850;0.9385;0.8649;0.4857;0.5857;0.0054;;;;;;;;6.98
2026-02-17T19:12:31.584213;mvtec_AD/hazelnut;cont_0pct_oracle_patch;0.0;oracle_patch;10;10;10;0;0;110;40;70;0;5;95;0.8796;0.9334;0.8571;0.4571;0.5429;0.0000;;;;;;;;0.01
2026-02-17T19:12:38.243785;mvtec_AD/hazelnut;cont_0pct_ensemble_loo_mahal;0.0;ensemble_loo_mahal;10;10;10;0;392;110;40;70;0;5;95;0.8686;0.9301;0.8593;0.4571;0.5286;-0.0111;;;;;;;;6.66
2026-02-17T19:12:44.431836;mvtec_AD/hazelnut;cont_0pct_cosine_loo;0.0;cosine_loo;10;10;10;0;392;110;40;70;0;5;95;0.8589;0.9244;0.8511;0.4571;0.5714;-0.0207;;;;;;;;6.18
2026-02-17T19:12:49.128160;mvtec_AD/hazelnut;cont_5pct_none;0.05;none;10;10;10;0;0;110;40;70;0;5;95;0.8796;0.9334;0.8571;0.4571;0.5429;0.0000;;;;;;;;4.55
2026-02-17T19:12:54.414353;mvtec_AD/hazelnut;cont_5pct_loo_patch;0.05;loo_patch;10;10;10;0;392;110;40;70;0;5;95;0.8539;0.9225;0.8369;0.4429;0.5571;-0.0257;1.0000;;;;;;;5.28
2026-02-17T19:12:59.547662;mvtec_AD/hazelnut;cont_5pct_random_patch;0.05;random_patch;10;10;10;0;392;110;40;70;0;5;95;0.8796;0.9340;0.8611;0.4571;0.5571;-0.0000;1.0000;;;;;;;5.13
2026-02-17T19:13:05.727379;mvtec_AD/hazelnut;cont_5pct_mahalanobis_patch;0.05;mahalanobis_patch;10;10;10;0;392;110;40;70;0;5;95;0.8850;0.9385;0.8649;0.4857;0.5857;0.0054;1.0000;;;;;;;6.17
2026-02-17T19:13:05.740477;mvtec_AD/hazelnut;cont_5pct_oracle_patch;0.05;oracle_patch;10;10;10;0;0;110;40;70;0;5;95;0.8796;0.9334;0.8571;0.4571;0.5429;0.0000;1.0000;;;;;;;0.01
2026-02-17T19:13:13.337639;mvtec_AD/hazelnut;cont_5pct_ensemble_loo_mahal;0.05;ensemble_loo_mahal;10;10;10;0;392;110;40;70;0;5;95;0.8686;0.9301;0.8593;0.4571;0.5286;-0.0111;1.0000;;;;;;;7.51
2026-02-17T19:13:18.740596;mvtec_AD/hazelnut;cont_5pct_cosine_loo;0.05;cosine_loo;10;10;10;0;392;110;40;70;0;5;95;0.8589;0.9244;0.8511;0.4571;0.5714;-0.0207;1.0000;;;;;;;5.40
2026-02-17T19:13:23.244064;mvtec_AD/hazelnut;cont_40pct_none;0.4;none;10;10;10;4;0;110;40;70;0;5;95;0.7375;0.8571;0.7973;0.3143;0.4143;-0.1421;;;;;;;;4.48
2026-02-17T19:13:29.334797;mvtec_AD/hazelnut;cont_40pct_loo_patch;0.4;loo_patch;10;10;10;4;392;110;40;70;0;5;95;0.8061;0.9003;0.8133;0.4429;0.5143;-0.0736;0.4824;0.5417;1;0.5000;0.5000;;;6.09
2026-02-17T19:13:33.801287;mvtec_AD/hazelnut;cont_40pct_random_patch;0.4;random_patch;10;10;10;4;392;110;40;70;0;5;95;0.7457;0.8633;0.8082;0.3286;0.4143;-0.1339;0.0578;0.5417;1;0.5000;0.5000;;;4.46
2026-02-17T19:13:40.683516;mvtec_AD/hazelnut;cont_40pct_mahalanobis_patch;0.4;mahalanobis_patch;10;10;10;4;392;110;40;70;0;5;95;0.7807;0.8812;0.8000;0.3429;0.4857;-0.0989;0.3040;0.5417;1;0.5000;0.5000;;;6.88
2026-02-17T19:13:43.896473;mvtec_AD/hazelnut;cont_40pct_oracle_patch;0.4;oracle_patch;10;10;6;4;3136;110;40;70;0;5;95;0.8079;0.8955;0.8267;0.3857;0.4857;-0.0718;0.4950;0.5417;1;0.5000;0.5000;;;3.21
2026-02-17T19:13:50.058884;mvtec_AD/hazelnut;cont_40pct_ensemble_loo_mahal;0.4;ensemble_loo_mahal;10;10;10;4;392;110;40;70;0;5;95;0.8046;0.8976;0.8209;0.4571;0.4857;-0.0750;0.4724;0.5417;1;0.5000;0.5000;;;6.02
2026-02-17T19:13:56.072193;mvtec_AD/hazelnut;cont_40pct_cosine_loo;0.4;cosine_loo;10;10;10;4;392;110;40;70;0;5;95;0.8011;0.8967;0.8243;0.4714;0.5000;-0.0786;0.4472;0.5417;1;0.5000;0.5000;;;6.01
2026-02-17T19:14:00.688136;mvtec_AD/hazelnut;cont_50pct_none;0.5;none;10;10;10;5;0;110;40;70;0;5;95;0.7225;0.8469;0.7848;0.2714;0.3429;-0.1571;;;;;;;;4.59
2026-02-17T19:14:05.751120;mvtec_AD/hazelnut;cont_50pct_loo_patch;0.5;loo_patch;10;10;10;5;392;110;40;70;0;5;95;0.7593;0.8721;0.7901;0.4000;0.4286;-0.1204;0.2341;0.6800;1;0.6000;0.6000;;;5.06
2026-02-17T19:14:11.071341;mvtec_AD/hazelnut;cont_50pct_random_patch;0.5;random_patch;10;10;10;5;392;110;40;70;0;5;95;0.7225;0.8486;0.7848;0.3000;0.3571;-0.1571;0.0000;0.6800;1;0.6000;0.6000;;;5.31
2026-02-17T19:14:17.931411;mvtec_AD/hazelnut;cont_50pct_mahalanobis_patch;0.5;mahalanobis_patch;10;10;10;5;392;110;40;70;0;5;95;0.7575;0.8715;0.7901;0.3857;0.4000;-0.1221;0.2227;0.6800;1;0.6000;0.6000;;;6.86
2026-02-17T19:14:19.986542;mvtec_AD/hazelnut;cont_50pct_oracle_patch;0.5;oracle_patch;10;10;5;5;3920;110;40;70;0;5;95;0.8154;0.9021;0.8085;0.4286;0.5143;-0.0643;0.5909;0.6800;1;0.6000;0.6000;;;2.05
2026-02-17T19:14:26.894108;mvtec_AD/hazelnut;cont_50pct_ensemble_loo_mahal;0.5;ensemble_loo_mahal;10;10;10;5;392;110;40;70;0;5;95;0.7661;0.8770;0.7950;0.4143;0.4429;-0.1136;0.2773;0.6800;1;0.6000;0.6000;;;6.90
2026-02-17T19:14:31.678460;mvtec_AD/hazelnut;cont_50pct_cosine_loo;0.5;cosine_loo;10;10;10;5;392;110;40;70;0;5;95;0.7650;0.8786;0.7875;0.4143;0.4286;-0.1146;0.2705;0.6800;1;0.6000;0.6000;;;4.78
2026-02-17T19:14:36.706434;mvtec_AD/hazelnut;cont_0pct_none;0.0;none;10;10;10;0;0;110;40;70;1;5;95;0.8457;0.9216;0.8272;0.6000;0.6143;;;;;;;;;4.94
2026-02-17T19:14:42.015434;mvtec_AD/hazelnut;cont_0pct_loo_patch;0.0;loo_patch;10;10;10;0;392;110;40;70;1;5;95;0.8611;0.9305;0.8428;0.6429;0.6571;0.0154;;;;;;;;5.31
2026-02-17T19:14:46.294221;mvtec_AD/hazelnut;cont_0pct_random_patch;0.0;random_patch;10;10;10;0;392;110;40;70;1;5;95;0.8454;0.9214;0.8221;0.6000;0.6000;-0.0004;;;;;;;;4.28
2026-02-17T19:14:52.809613;mvtec_AD/hazelnut;cont_0pct_mahalanobis_patch;0.0;mahalanobis_patch;10;10;10;0;392;110;40;70;1;5;95;0.8611;0.9318;0.8258;0.6714;0.6857;0.0154;;;;;;;;6.51
2026-02-17T19:14:52.827543;mvtec_AD/hazelnut;cont_0pct_oracle_patch;0.0;oracle_patch;10;10;10;0;0;110;40;70;1;5;95;0.8457;0.9216;0.8272;0.6000;0.6143;0.0000;;;;;;;;0.01
2026-02-17T19:15:00.238204;mvtec_AD/hazelnut;cont_0pct_ensemble_loo_mahal;0.0;ensemble_loo_mahal;10;10;10;0;392;110;40;70;1;5;95;0.8571;0.9300;0.8221;0.6286;0.6857;0.0114;;;;;;;;7.40
2026-02-17T19:15:05.397607;mvtec_AD/hazelnut;cont_0pct_cosine_loo;0.0;cosine_loo;10;10;10;0;392;110;40;70;1;5;95;0.8450;0.9212;0.8280;0.5857;0.5857;-0.0007;;;;;;;;5.16
2026-02-17T19:15:10.428990;mvtec_AD/hazelnut;cont_5pct_none;0.05;none;10;10;10;0;0;110;40;70;1;5;95;0.8457;0.9216;0.8272;0.6000;0.6143;0.0000;;;;;;;;5.02
2026-02-17T19:15:15.946893;mvtec_AD/hazelnut;cont_5pct_loo_patch;0.05;loo_patch;10;10;10;0;392;110;40;70;1;5;95;0.8611;0.9305;0.8428;0.6429;0.6571;0.0154;1.0000;;;;;;;5.51
2026-02-17T19:15:20.286739;mvtec_AD/hazelnut;cont_5pct_random_patch;0.05;random_patch;10;10;10;0;392;110;40;70;1;5;95;0.8454;0.9214;0.8221;0.6000;0.6000;-0.0004;1.0000;;;;;;;4.34
2026-02-17T19:15:26.792542;mvtec_AD/hazelnut;cont_5pct_mahalanobis_patch;0.05;mahalanobis_patch;10;10;10;0;392;110;40;70;1;5;95;0.8611;0.9318;0.8258;0.6714;0.6857;0.0154;1.0000;;;;;;;6.50
2026-02-17T19:15:26.809956;mvtec_AD/hazelnut;cont_5pct_oracle_patch;0.05;oracle_patch;10;10;10;0;0;110;40;70;1;5;95;0.8457;0.9216;0.8272;0.6000;0.6143;0.0000;1.0000;;;;;;;0.01
2026-02-17T19:15:34.100169;mvtec_AD/hazelnut;cont_5pct_ensemble_loo_mahal;0.05;ensemble_loo_mahal;10;10;10;0;392;110;40;70;1;5;95;0.8571;0.9300;0.8221;0.6286;0.6857;0.0114;1.0000;;;;;;;7.21
2026-02-17T19:15:39.464297;mvtec_AD/hazelnut;cont_5pct_cosine_loo;0.05;cosine_loo;10;10;10;0;392;110;40;70;1;5;95;0.8450;0.9212;0.8280;0.5857;0.5857;-0.0007;1.0000;;;;;;;5.36
2026-02-17T19:15:44.448152;mvtec_AD/hazelnut;cont_40pct_none;0.4;none;10;10;10;4;0;110;40;70;1;5;95;0.7918;0.8945;0.7975;0.3857;0.5714;-0.0539;;;;;;;;4.96
2026-02-17T19:15:49.644870;mvtec_AD/hazelnut;cont_40pct_loo_patch;0.4;loo_patch;10;10;10;4;392;110;40;70;1;5;95;0.8386;0.9188;0.8281;0.4714;0.6714;-0.0071;0.8675;0.7917;1;0.5000;0.5000;;;5.19
2026-02-17T19:15:53.904333;mvtec_AD/hazelnut;cont_40pct_random_patch;0.4;random_patch;10;10;10;4;392;110;40;70;1;5;95;0.7946;0.8965;0.7937;0.3714;0.5857;-0.0511;0.0530;0.7917;1;0.5000;0.5000;;;4.25
2026-02-17T19:16:00.731921;mvtec_AD/hazelnut;cont_40pct_mahalanobis_patch;0.4;mahalanobis_patch;10;10;10;4;392;110;40;70;1;5;95;0.8361;0.9171;0.8182;0.4429;0.6857;-0.0096;0.8212;0.7917;1;0.5000;0.5000;;;6.82
2026-02-17T19:16:03.228685;mvtec_AD/hazelnut;cont_40pct_oracle_patch;0.4;oracle_patch;10;10;6;4;3136;110;40;70;1;5;95;0.8418;0.9195;0.8267;0.5286;0.5857;-0.0039;0.9272;0.7917;1;0.5000;0.5000;;;2.49
2026-02-17T19:16:09.902473;mvtec_AD/hazelnut;cont_40pct_ensemble_loo_mahal;0.4;ensemble_loo_mahal;10;10;10;4;392;110;40;70;1;5;95;0.8443;0.9218;0.8293;0.4857;0.7143;-0.0014;0.9735;0.7917;1;0.5000;0.5000;;;6.67
2026-02-17T19:16:15.027865;mvtec_AD/hazelnut;cont_40pct_cosine_loo;0.4;cosine_loo;10;10;10;4;392;110;40;70;1;5;95;0.8300;0.9140;0.8189;0.4429;0.6429;-0.0157;0.7086;0.7917;1;0.5000;0.5000;;;5.12
2026-02-17T19:16:20.435350;mvtec_AD/hazelnut;cont_50pct_none;0.5;none;10;10;10;5;0;110;40;70;1;5;95;0.7814;0.8906;0.8000;0.4000;0.6143;-0.0643;;;;;;;;5.38
2026-02-17T19:16:25.452212;mvtec_AD/hazelnut;cont_50pct_loo_patch;0.5;loo_patch;10;10;10;5;392;110;40;70;1;5;95;0.8064;0.9025;0.8025;0.4143;0.6286;-0.0393;0.3889;0.6800;1;0.6000;0.6000;;;5.01
2026-02-17T19:16:30.293551;mvtec_AD/hazelnut;cont_50pct_random_patch;0.5;random_patch;10;10;10;5;392;110;40;70;1;5;95;0.7811;0.8908;0.8025;0.4000;0.6143;-0.0646;-0.0056;0.6800;1;0.6000;0.6000;;;4.84
2026-02-17T19:16:36.747502;mvtec_AD/hazelnut;cont_50pct_mahalanobis_patch;0.5;mahalanobis_patch;10;10;10;5;392;110;40;70;1;5;95;0.8211;0.9091;0.8171;0.4000;0.6571;-0.0246;0.6167;0.6800;1;0.6000;0.6000;;;6.45
2026-02-17T19:16:39.056328;mvtec_AD/hazelnut;cont_50pct_oracle_patch;0.5;oracle_patch;10;10;5;5;3920;110;40;70;1;5;95;0.8389;0.9180;0.8212;0.4714;0.6286;-0.0068;0.8944;0.6800;1;0.6000;0.6000;;;2.30
2026-02-17T19:16:45.744846;mvtec_AD/hazelnut;cont_50pct_ensemble_loo_mahal;0.5;ensemble_loo_mahal;10;10;10;5;392;110;40;70;1;5;95;0.8111;0.9044;0.8121;0.4429;0.6286;-0.0346;0.4611;0.6800;1;0.6000;0.6000;;;6.68
2026-02-17T19:16:51.009319;mvtec_AD/hazelnut;cont_50pct_cosine_loo;0.5;cosine_loo;10;10;10;5;392;110;40;70;1;5;95;0.8046;0.9024;0.8025;0.4143;0.6429;-0.0411;0.3611;0.6800;1;0.6000;0.6000;;;5.26
2026-02-17T19:16:55.647934;mvtec_AD/hazelnut;cont_0pct_none;0.0;none;10;10;10;0;0;110;40;70;2;5;95;0.8264;0.9107;0.8143;0.4286;0.6000;;;;;;;;;4.53
2026-02-17T19:17:00.671156;mvtec_AD/hazelnut;cont_0pct_loo_patch;0.0;loo_patch;10;10;10;0;392;110;40;70;2;5;95;0.8379;0.9169;0.8271;0.4714;0.6143;0.0114;;;;;;;;5.02
2026-02-17T19:17:05.825049;mvtec_AD/hazelnut;cont_0pct_random_patch;0.0;random_patch;10;10;10;0;392;110;40;70;2;5;95;0.8261;0.9105;0.8252;0.4429;0.6000;-0.0004;;;;;;;;5.14
2026-02-17T19:17:14.376197;mvtec_AD/hazelnut;cont_0pct_mahalanobis_patch;0.0;mahalanobis_patch;10;10;10;0;392;110;40;70;2;5;95;0.8432;0.9200;0.8271;0.4714;0.6143;0.0168;;;;;;;;8.55
2026-02-17T19:17:14.393221;mvtec_AD/hazelnut;cont_0pct_oracle_patch;0.0;oracle_patch;10;10;10;0;0;110;40;70;2;5;95;0.8264;0.9107;0.8143;0.4286;0.6000;0.0000;;;;;;;;0.01
2026-02-17T19:17:21.696055;mvtec_AD/hazelnut;cont_0pct_ensemble_loo_mahal;0.0;ensemble_loo_mahal;10;10;10;0;392;110;40;70;2;5;95;0.8421;0.9203;0.8444;0.4857;0.6143;0.0157;;;;;;;;7.24
2026-02-17T19:17:26.977079;mvtec_AD/hazelnut;cont_0pct_cosine_loo;0.0;cosine_loo;10;10;10;0;392;110;40;70;2;5;95;0.8343;0.9141;0.8188;0.4429;0.6429;0.0079;;;;;;;;5.28
2026-02-17T19:17:31.891490;mvtec_AD/hazelnut;cont_5pct_none;0.05;none;10;10;10;0;0;110;40;70;2;5;95;0.8264;0.9107;0.8143;0.4286;0.6000;0.0000;;;;;;;;4.90
2026-02-17T19:17:37.625665;mvtec_AD/hazelnut;cont_5pct_loo_patch;0.05;loo_patch;10;10;10;0;392;110;40;70;2;5;95;0.8379;0.9169;0.8271;0.4714;0.6143;0.0114;1.0000;;;;;;;5.73
2026-02-17T19:17:42.094480;mvtec_AD/hazelnut;cont_5pct_random_patch;0.05;random_patch;10;10;10;0;392;110;40;70;2;5;95;0.8261;0.9105;0.8252;0.4429;0.6000;-0.0004;1.0000;;;;;;;4.47
2026-02-17T19:17:49.677784;mvtec_AD/hazelnut;cont_5pct_mahalanobis_patch;0.05;mahalanobis_patch;10;10;10;0;392;110;40;70;2;5;95;0.8432;0.9200;0.8271;0.4714;0.6143;0.0168;1.0000;;;;;;;7.58
2026-02-17T19:17:49.692378;mvtec_AD/hazelnut;cont_5pct_oracle_patch;0.05;oracle_patch;10;10;10;0;0;110;40;70;2;5;95;0.8264;0.9107;0.8143;0.4286;0.6000;0.0000;1.0000;;;;;;;0.01
2026-02-17T19:17:57.251994;mvtec_AD/hazelnut;cont_5pct_ensemble_loo_mahal;0.05;ensemble_loo_mahal;10;10;10;0;392;110;40;70;2;5;95;0.8421;0.9203;0.8444;0.4857;0.6143;0.0157;1.0000;;;;;;;7.51
2026-02-17T19:18:03.246758;mvtec_AD/hazelnut;cont_5pct_cosine_loo;0.05;cosine_loo;10;10;10;0;392;110;40;70;2;5;95;0.8343;0.9141;0.8188;0.4429;0.6429;0.0079;1.0000;;;;;;;5.99
2026-02-17T19:18:08.040126;mvtec_AD/hazelnut;cont_40pct_none;0.4;none;10;10;10;4;0;110;40;70;2;5;95;0.7218;0.8342;0.7898;0.2143;0.2714;-0.1046;;;;;;;;4.77
2026-02-17T19:18:13.570331;mvtec_AD/hazelnut;cont_40pct_loo_patch;0.4;loo_patch;10;10;10;4;392;110;40;70;2;5;95;0.7557;0.8679;0.7949;0.3286;0.4286;-0.0707;0.3242;0.5833;0;0.5000;0.5000;;;5.52
2026-02-17T19:18:18.600210;mvtec_AD/hazelnut;cont_40pct_random_patch;0.4;random_patch;10;10;10;4;392;110;40;70;2;5;95;0.7293;0.8393;0.8025;0.2000;0.2857;-0.0971;0.0717;0.5833;0;0.5000;0.5000;;;5.02
2026-02-17T19:18:24.827583;mvtec_AD/hazelnut;cont_40pct_mahalanobis_patch;0.4;mahalanobis_patch;10;10;10;4;392;110;40;70;2;5;95;0.7693;0.8683;0.8125;0.2571;0.4143;-0.0571;0.4539;0.5833;0;0.5000;0.5000;;;6.22
2026-02-17T19:18:27.333194;mvtec_AD/hazelnut;cont_40pct_oracle_patch;0.4;oracle_patch;10;10;6;4;3136;110;40;70;2;5;95;0.7532;0.8765;0.7910;0.4286;0.5286;-0.0732;0.3003;0.5833;0;0.5000;0.5000;;;2.50
2026-02-17T19:18:34.331259;mvtec_AD/hazelnut;cont_40pct_ensemble_loo_mahal;0.4;ensemble_loo_mahal;10;10;10;4;392;110;40;70;2;5;95;0.7739;0.8776;0.8025;0.3714;0.4714;-0.0525;0.4983;0.5833;0;0.5000;0.5000;;;6.99
2026-02-17T19:18:39.381614;mvtec_AD/hazelnut;cont_40pct_cosine_loo;0.4;cosine_loo;10;10;10;4;392;110;40;70;2;5;95;0.7557;0.8669;0.7949;0.3143;0.4143;-0.0707;0.3242;0.5833;0;0.5000;0.5000;;;5.05
2026-02-17T19:18:44.466232;mvtec_AD/hazelnut;cont_50pct_none;0.5;none;10;10;10;5;0;110;40;70;2;5;95;0.6754;0.8056;0.7778;0.1714;0.3143;-0.1511;;;;;;;;5.06
2026-02-17T19:18:49.814889;mvtec_AD/hazelnut;cont_50pct_loo_patch;0.5;loo_patch;10;10;10;5;392;110;40;70;2;5;95;0.7182;0.8425;0.7848;0.2857;0.4000;-0.1082;0.2837;0.5600;1;0.6000;0.6000;;;5.34
2026-02-17T19:18:54.309552;mvtec_AD/hazelnut;cont_50pct_random_patch;0.5;random_patch;10;10;10;5;392;110;40;70;2;5;95;0.6771;0.8044;0.7778;0.1429;0.3000;-0.1493;0.0118;0.5600;1;0.6000;0.6000;;;4.49
2026-02-17T19:19:01.747891;mvtec_AD/hazelnut;cont_50pct_mahalanobis_patch;0.5;mahalanobis_patch;10;10;10;5;392;110;40;70;2;5;95;0.7204;0.8400;0.7925;0.2429;0.4143;-0.1061;0.2979;0.5600;1;0.6000;0.6000;;;7.43
2026-02-17T19:19:03.638886;mvtec_AD/hazelnut;cont_50pct_oracle_patch;0.5;oracle_patch;10;10;5;5;3920;110;40;70;2;5;95;0.7671;0.8829;0.7836;0.4000;0.5286;-0.0593;0.6076;0.5600;1;0.6000;0.6000;;;1.88
2026-02-17T19:19:10.350602;mvtec_AD/hazelnut;cont_50pct_ensemble_loo_mahal;0.5;ensemble_loo_mahal;10;10;10;5;392;110;40;70;2;5;95;0.7186;0.8447;0.7848;0.2571;0.4286;-0.1079;0.2861;0.5600;1;0.6000;0.6000;;;6.71
2026-02-17T19:19:16.330473;mvtec_AD/hazelnut;cont_50pct_cosine_loo;0.5;cosine_loo;10;10;10;5;392;110;40;70;2;5;95;0.7232;0.8486;0.7848;0.2857;0.4143;-0.1032;0.3168;0.5600;1;0.6000;0.6000;;;5.97
2026-02-17T19:19:21.001063;mvtec_AD/hazelnut;cont_0pct_none;0.0;none;10;10;10;0;0;110;40;70;3;5;95;0.8104;0.8991;0.8144;0.4571;0.5286;;;;;;;;;4.58
2026-02-17T19:19:26.563152;mvtec_AD/hazelnut;cont_0pct_loo_patch;0.0;loo_patch;10;10;10;0;392;110;40;70;3;5;95;0.7979;0.8892;0.8144;0.4286;0.4429;-0.0125;;;;;;;;5.56
2026-02-17T19:19:31.369299;mvtec_AD/hazelnut;cont_0pct_random_patch;0.0;random_patch;10;10;10;0;392;110;40;70;3;5;95;0.8164;0.9017;0.8194;0.4571;0.5571;0.0061;;;;;;;;4.80
2026-02-17T19:19:38.186536;mvtec_AD/hazelnut;cont_0pct_mahalanobis_patch;0.0;mahalanobis_patch;10;10;10;0;392;110;40;70;3;5;95;0.8396;0.9149;0.8289;0.5000;0.5571;0.0293;;;;;;;;6.81
2026-02-17T19:19:38.205267;mvtec_AD/hazelnut;cont_0pct_oracle_patch;0.0;oracle_patch;10;10;10;0;0;110;40;70;3;5;95;0.8104;0.8991;0.8144;0.4571;0.5286;0.0000;;;;;;;;0.01
2026-02-17T19:19:45.062601;mvtec_AD/hazelnut;cont_0pct_ensemble_loo_mahal;0.0;ensemble_loo_mahal;10;10;10;0;392;110;40;70;3;5;95;0.8121;0.8978;0.8182;0.4571;0.4857;0.0018;;;;;;;;6.78
2026-02-17T19:19:50.322511;mvtec_AD/hazelnut;cont_0pct_cosine_loo;0.0;cosine_loo;10;10;10;0;392;110;40;70;3;5;95;0.7814;0.8803;0.8144;0.4286;0.4429;-0.0289;;;;;;;;5.26
2026-02-17T19:19:55.538475;mvtec_AD/hazelnut;cont_5pct_none;0.05;none;10;10;10;0;0;110;40;70;3;5;95;0.8104;0.8991;0.8144;0.4571;0.5286;0.0000;;;;;;;;5.20
2026-02-17T19:20:00.998259;mvtec_AD/hazelnut;cont_5pct_loo_patch;0.05;loo_patch;10;10;10;0;392;110;40;70;3;5;95;0.7979;0.8892;0.8144;0.4286;0.4429;-0.0125;1.0000;;;;;;;5.46
2026-02-17T19:20:05.334043;mvtec_AD/hazelnut;cont_5pct_random_patch;0.05;random_patch;10;10;10;0;392;110;40;70;3;5;95;0.8164;0.9017;0.8194;0.4571;0.5571;0.0061;1.0000;;;;;;;4.33
2026-02-17T19:20:12.490387;mvtec_AD/hazelnut;cont_5pct_mahalanobis_patch;0.05;mahalanobis_patch;10;10;10;0;392;110;40;70;3;5;95;0.8396;0.9149;0.8289;0.5000;0.5571;0.0293;1.0000;;;;;;;7.15
2026-02-17T19:20:12.504821;mvtec_AD/hazelnut;cont_5pct_oracle_patch;0.05;oracle_patch;10;10;10;0;0;110;40;70;3;5;95;0.8104;0.8991;0.8144;0.4571;0.5286;0.0000;1.0000;;;;;;;0.01
2026-02-17T19:20:19.843189;mvtec_AD/hazelnut;cont_5pct_ensemble_loo_mahal;0.05;ensemble_loo_mahal;10;10;10;0;392;110;40;70;3;5;95;0.8121;0.8978;0.8182;0.4571;0.4857;0.0018;1.0000;;;;;;;7.33
2026-02-17T19:20:25.901987;mvtec_AD/hazelnut;cont_5pct_cosine_loo;0.05;cosine_loo;10;10;10;0;392;110;40;70;3;5;95;0.7814;0.8803;0.8144;0.4286;0.4429;-0.0289;1.0000;;;;;;;6.05
2026-02-17T19:20:30.441884;mvtec_AD/hazelnut;cont_40pct_none;0.4;none;10;10;10;4;0;110;40;70;3;5;95;0.7784;0.8837;0.7949;0.4000;0.4714;-0.0320;;;;;;;;4.52
2026-02-17T19:20:35.924178;mvtec_AD/hazelnut;cont_40pct_loo_patch;0.4;loo_patch;10;10;10;4;392;110;40;70;3;5;95;0.7661;0.8777;0.7904;0.4286;0.4571;-0.0443;-0.3855;0.3750;0;0.2500;0.2500;;;5.48
2026-02-17T19:20:40.925528;mvtec_AD/hazelnut;cont_40pct_random_patch;0.4;random_patch;10;10;10;4;392;110;40;70;3;5;95;0.7839;0.8871;0.8105;0.4000;0.4857;-0.0264;0.1732;0.3750;0;0.2500;0.2500;;;5.00
2026-02-17T19:20:47.555661;mvtec_AD/hazelnut;cont_40pct_mahalanobis_patch;0.4;mahalanobis_patch;10;10;10;4;392;110;40;70;3;5;95;0.8125;0.9021;0.8243;0.4000;0.5571;0.0021;1.0670;0.3750;0;0.2500;0.2500;;;6.63
2026-02-17T19:20:50.286302;mvtec_AD/hazelnut;cont_40pct_oracle_patch;0.4;oracle_patch;10;10;6;4;3136;110;40;70;3;5;95;0.8507;0.9199;0.8497;0.5286;0.5714;0.0404;2.2626;0.3750;0;0.2500;0.2500;;;2.73
2026-02-17T19:20:57.137127;mvtec_AD/hazelnut;cont_40pct_ensemble_loo_mahal;0.4;ensemble_loo_mahal;10;10;10;4;392;110;40;70;3;5;95;0.7939;0.8936;0.8169;0.4143;0.5000;-0.0164;0.4860;0.3750;0;0.2500;0.2500;;;6.84
2026-02-17T19:21:02.411852;mvtec_AD/hazelnut;cont_40pct_cosine_loo;0.4;cosine_loo;10;10;10;4;392;110;40;70;3;5;95;0.7568;0.8724;0.7904;0.4143;0.4429;-0.0536;-0.6760;0.3750;0;0.2500;0.2500;;;5.27
2026-02-17T19:21:07.765964;mvtec_AD/hazelnut;cont_50pct_none;0.5;none;10;10;10;5;0;110;40;70;3;5;95;0.7600;0.8719;0.7883;0.3000;0.4286;-0.0504;;;;;;;;5.33
2026-02-17T19:21:13.121124;mvtec_AD/hazelnut;cont_50pct_loo_patch;0.5;loo_patch;10;10;10;5;392;110;40;70;3;5;95;0.7468;0.8658;0.7904;0.3000;0.4857;-0.0636;-0.2624;0.5600;1;0.6000;0.6000;;;5.29
2026-02-17T19:21:17.385986;mvtec_AD/hazelnut;cont_50pct_random_patch;0.5;random_patch;10;10;10;5;392;110;40;70;3;5;95;0.7582;0.8699;0.7883;0.3000;0.4000;-0.0521;-0.0355;0.5600;1;0.6000;0.6000;;;4.26
2026-02-17T19:21:25.072095;mvtec_AD/hazelnut;cont_50pct_mahalanobis_patch;0.5;mahalanobis_patch;10;10;10;5;392;110;40;70;3;5;95;0.7882;0.8877;0.7974;0.3571;0.4571;-0.0221;0.5603;0.5600;1;0.6000;0.6000;;;7.68
2026-02-17T19:21:27.418064;mvtec_AD/hazelnut;cont_50pct_oracle_patch;0.5;oracle_patch;10;10;5;5;3920;110;40;70;3;5;95;0.8525;0.9244;0.8312;0.5000;0.6143;0.0421;1.8369;0.5600;1;0.6000;0.6000;;;2.34
2026-02-17T19:21:34.093760;mvtec_AD/hazelnut;cont_50pct_ensemble_loo_mahal;0.5;ensemble_loo_mahal;10;10;10;5;392;110;40;70;3;5;95;0.7743;0.8824;0.7945;0.3714;0.4857;-0.0361;0.2837;0.5600;1;0.6000;0.6000;;;6.67
2026-02-17T19:21:40.424553;mvtec_AD/hazelnut;cont_50pct_cosine_loo;0.5;cosine_loo;10;10;10;5;392;110;40;70;3;5;95;0.7364;0.8570;0.7904;0.2714;0.5000;-0.0739;-0.4681;0.5600;1;0.6000;0.6000;;;6.32
2026-02-17T19:21:44.959789;mvtec_AD/hazelnut;cont_0pct_none;0.0;none;10;10;10;0;0;110;40;70;4;5;95;0.8743;0.9305;0.8516;0.4857;0.6143;;;;;;;;;4.42
2026-02-17T19:21:50.349342;mvtec_AD/hazelnut;cont_0pct_loo_patch;0.0;loo_patch;10;10;10;0;392;110;40;70;4;5;95;0.8796;0.9339;0.8552;0.5286;0.6000;0.0054;;;;;;;;5.38
2026-02-17T19:21:55.695453;mvtec_AD/hazelnut;cont_0pct_random_patch;0.0;random_patch;10;10;10;0;392;110;40;70;4;5;95;0.8750;0.9308;0.8571;0.5000;0.6143;0.0007;;;;;;;;5.34
2026-02-17T19:22:02.149618;mvtec_AD/hazelnut;cont_0pct_mahalanobis_patch;0.0;mahalanobis_patch;10;10;10;0;392;110;40;70;4;5;95;0.8882;0.9381;0.8718;0.5000;0.6286;0.0139;;;;;;;;6.45
2026-02-17T19:22:02.166917;mvtec_AD/hazelnut;cont_0pct_oracle_patch;0.0;oracle_patch;10;10;10;0;0;110;40;70;4;5;95;0.8743;0.9305;0.8516;0.4857;0.6143;0.0000;;;;;;;;0.01
2026-02-17T19:22:09.967089;mvtec_AD/hazelnut;cont_0pct_ensemble_loo_mahal;0.0;ensemble_loo_mahal;10;10;10;0;392;110;40;70;4;5;95;0.8868;0.9379;0.8645;0.5429;0.6000;0.0125;;;;;;;;7.80
2026-02-17T19:22:15.475081;mvtec_AD/hazelnut;cont_0pct_cosine_loo;0.0;cosine_loo;10;10;10;0;392;110;40;70;4;5;95;0.8746;0.9305;0.8531;0.5143;0.6143;0.0004;;;;;;;;5.50
2026-02-17T19:22:20.310911;mvtec_AD/hazelnut;cont_5pct_none;0.05;none;10;10;10;0;0;110;40;70;4;5;95;0.8743;0.9305;0.8516;0.4857;0.6143;0.0000;;;;;;;;4.82
2026-02-17T19:22:26.486518;mvtec_AD/hazelnut;cont_5pct_loo_patch;0.05;loo_patch;10;10;10;0;392;110;40;70;4;5;95;0.8796;0.9339;0.8552;0.5286;0.6000;0.0054;1.0000;;;;;;;6.17
2026-02-17T19:22:30.714600;mvtec_AD/hazelnut;cont_5pct_random_patch;0.05;random_patch;10;10;10;0;392;110;40;70;4;5;95;0.8750;0.9308;0.8571;0.5000;0.6143;0.0007;1.0000;;;;;;;4.22
2026-02-17T19:22:37.511476;mvtec_AD/hazelnut;cont_5pct_mahalanobis_patch;0.05;mahalanobis_patch;10;10;10;0;392;110;40;70;4;5;95;0.8882;0.9381;0.8718;0.5000;0.6286;0.0139;1.0000;;;;;;;6.79
2026-02-17T19:22:37.531620;mvtec_AD/hazelnut;cont_5pct_oracle_patch;0.05;oracle_patch;10;10;10;0;0;110;40;70;4;5;95;0.8743;0.9305;0.8516;0.4857;0.6143;0.0000;1.0000;;;;;;;0.02
2026-02-17T19:22:44.791044;mvtec_AD/hazelnut;cont_5pct_ensemble_loo_mahal;0.05;ensemble_loo_mahal;10;10;10;0;392;110;40;70;4;5;95;0.8868;0.9379;0.8645;0.5429;0.6000;0.0125;1.0000;;;;;;;6.91
2026-02-17T19:22:50.353207;mvtec_AD/hazelnut;cont_5pct_cosine_loo;0.05;cosine_loo;10;10;10;0;392;110;40;70;4;5;95;0.8746;0.9305;0.8531;0.5143;0.6143;0.0004;1.0000;;;;;;;5.56
2026-02-17T19:22:55.902929;mvtec_AD/hazelnut;cont_40pct_none;0.4;none;10;10;10;4;0;110;40;70;4;5;95;0.8211;0.9129;0.8077;0.5143;0.6000;-0.0532;;;;;;;;5.52
2026-02-17T19:23:01.133072;mvtec_AD/hazelnut;cont_40pct_loo_patch;0.4;loo_patch;10;10;10;4;392;110;40;70;4;5;95;0.8443;0.9243;0.8310;0.5571;0.6429;-0.0300;0.4362;0.6250;1;0.5000;0.5000;;;5.16
2026-02-17T19:23:05.560562;mvtec_AD/hazelnut;cont_40pct_random_patch;0.4;random_patch;10;10;10;4;392;110;40;70;4;5;95;0.8221;0.9128;0.8143;0.5000;0.6000;-0.0521;0.0201;0.6250;1;0.5000;0.5000;;;4.42
2026-02-17T19:23:12.963259;mvtec_AD/hazelnut;cont_40pct_mahalanobis_patch;0.4;mahalanobis_patch;10;10;10;4;392;110;40;70;4;5;95;0.8468;0.9243;0.8392;0.5571;0.6000;-0.0275;0.4832;0.6250;1;0.5000;0.5000;;;7.40
2026-02-17T19:23:15.764116;mvtec_AD/hazelnut;cont_40pct_oracle_patch;0.4;oracle_patch;10;10;6;4;3136;110;40;70;4;5;95;0.8679;0.9288;0.8435;0.5000;0.6429;-0.0064;0.8792;0.6250;1;0.5000;0.5000;;;2.80
2026-02-17T19:23:22.318399;mvtec_AD/hazelnut;cont_40pct_ensemble_loo_mahal;0.4;ensemble_loo_mahal;10;10;10;4;392;110;40;70;4;5;95;0.8443;0.9232;0.8392;0.5571;0.5714;-0.0300;0.4362;0.6250;1;0.5000;0.5000;;;6.55
2026-02-17T19:23:28.753820;mvtec_AD/hazelnut;cont_40pct_cosine_loo;0.4;cosine_loo;10;10;10;4;392;110;40;70;4;5;95;0.8429;0.9234;0.8252;0.5714;0.6429;-0.0314;0.4094;0.6250;1;0.5000;0.5000;;;6.43
2026-02-17T19:23:33.547556;mvtec_AD/hazelnut;cont_50pct_none;0.5;none;10;10;10;5;0;110;40;70;4;5;95;0.8150;0.9076;0.8219;0.5286;0.5571;-0.0593;;;;;;;;4.77
2026-02-17T19:23:38.873598;mvtec_AD/hazelnut;cont_50pct_loo_patch;0.5;loo_patch;10;10;10;5;392;110;40;70;4;5;95;0.8404;0.9215;0.8276;0.5857;0.6286;-0.0339;0.4277;0.6000;1;0.6000;0.6000;;;5.32
2026-02-17T19:23:43.969948;mvtec_AD/hazelnut;cont_50pct_random_patch;0.5;random_patch;10;10;10;5;392;110;40;70;4;5;95;0.8207;0.9108;0.8261;0.5143;0.5571;-0.0536;0.0964;0.6000;1;0.6000;0.6000;;;5.09
2026-02-17T19:23:50.996463;mvtec_AD/hazelnut;cont_50pct_mahalanobis_patch;0.5;mahalanobis_patch;10;10;10;5;392;110;40;70;4;5;95;0.8389;0.9195;0.8369;0.5571;0.5857;-0.0354;0.4036;0.6000;1;0.6000;0.6000;;;7.02
2026-02-17T19:23:53.158808;mvtec_AD/hazelnut;cont_50pct_oracle_patch;0.5;oracle_patch;10;10;5;5;3920;110;40;70;4;5;95;0.8632;0.9253;0.8645;0.5143;0.6143;-0.0111;0.8133;0.6000;1;0.6000;0.6000;;;2.16
2026-02-17T19:24:00.734228;mvtec_AD/hazelnut;cont_50pct_ensemble_loo_mahal;0.5;ensemble_loo_mahal;10;10;10;5;392;110;40;70;4;5;95;0.8357;0.9185;0.8276;0.5714;0.5714;-0.0386;0.3494;0.6000;1;0.6000;0.6000;;;7.57
2026-02-17T19:24:05.960974;mvtec_AD/hazelnut;cont_50pct_cosine_loo;0.5;cosine_loo;10;10;10;5;392;110;40;70;4;5;95;0.8321;0.9168;0.8261;0.5714;0.6000;-0.0421;0.2892;0.6000;1;0.6000;0.6000;;;5.22
2026-02-17T19:24:12.163945;mvtec_AD/leather;cont_0pct_none;0.0;none;10;10;10;0;0;124;32;92;0;5;95;0.9990;0.9996;0.9946;0.9674;1.0000;;;;;;;;;5.43
2026-02-17T19:24:18.388778;mvtec_AD/leather;cont_0pct_loo_patch;0.0;loo_patch;10;10;10;0;392;124;32;92;0;5;95;0.9993;0.9998;0.9946;0.9783;1.0000;0.0003;;;;;;;;6.22
2026-02-17T19:24:23.299703;mvtec_AD/leather;cont_0pct_random_patch;0.0;random_patch;10;10;10;0;392;124;32;92;0;5;95;0.9990;0.9996;0.9946;0.9674;1.0000;0.0000;;;;;;;;4.91
2026-02-17T19:24:31.532791;mvtec_AD/leather;cont_0pct_mahalanobis_patch;0.0;mahalanobis_patch;10;10;10;0;392;124;32;92;0;5;95;1.0000;1.0000;1.0000;1.0000;1.0000;0.0010;;;;;;;;8.23
2026-02-17T19:24:31.548779;mvtec_AD/leather;cont_0pct_oracle_patch;0.0;oracle_patch;10;10;10;0;0;124;32;92;0;5;95;0.9990;0.9996;0.9946;0.9674;1.0000;0.0000;;;;;;;;0.01
2026-02-17T19:24:38.460257;mvtec_AD/leather;cont_0pct_ensemble_loo_mahal;0.0;ensemble_loo_mahal;10;10;10;0;392;124;32;92;0;5;95;0.9993;0.9998;0.9946;1.0000;1.0000;0.0003;;;;;;;;6.81
2026-02-17T19:24:44.205863;mvtec_AD/leather;cont_0pct_cosine_loo;0.0;cosine_loo;10;10;10;0;392;124;32;92;0;5;95;0.9993;0.9998;0.9946;0.9783;1.0000;0.0003;;;;;;;;5.74
2026-02-17T19:24:50.063453;mvtec_AD/leather;cont_5pct_none;0.05;none;10;10;10;0;0;124;32;92;0;5;95;0.9990;0.9996;0.9946;0.9674;1.0000;0.0000;;;;;;;;5.84
2026-02-17T19:24:55.605653;mvtec_AD/leather;cont_5pct_loo_patch;0.05;loo_patch;10;10;10;0;392;124;32;92;0;5;95;0.9993;0.9998;0.9946;0.9783;1.0000;0.0003;1.0000;;;;;;;5.54
2026-02-17T19:25:01.059995;mvtec_AD/leather;cont_5pct_random_patch;0.05;random_patch;10;10;10;0;392;124;32;92;0;5;95;0.9990;0.9996;0.9946;0.9674;1.0000;0.0000;1.0000;;;;;;;5.45
2026-02-17T19:25:08.448282;mvtec_AD/leather;cont_5pct_mahalanobis_patch;0.05;mahalanobis_patch;10;10;10;0;392;124;32;92;0;5;95;1.0000;1.0000;1.0000;1.0000;1.0000;0.0010;1.0000;;;;;;;7.38
2026-02-17T19:25:08.462293;mvtec_AD/leather;cont_5pct_oracle_patch;0.05;oracle_patch;10;10;10;0;0;124;32;92;0;5;95;0.9990;0.9996;0.9946;0.9674;1.0000;0.0000;1.0000;;;;;;;0.01
2026-02-17T19:25:16.702503;mvtec_AD/leather;cont_5pct_ensemble_loo_mahal;0.05;ensemble_loo_mahal;10;10;10;0;392;124;32;92;0;5;95;0.9993;0.9998;0.9946;1.0000;1.0000;0.0003;1.0000;;;;;;;8.16
2026-02-17T19:25:22.661331;mvtec_AD/leather;cont_5pct_cosine_loo;0.05;cosine_loo;10;10;10;0;392;124;32;92;0;5;95;0.9993;0.9998;0.9946;0.9783;1.0000;0.0003;1.0000;;;;;;;5.95
2026-02-17T19:25:28.040665;mvtec_AD/leather;cont_40pct_none;0.4;none;10;10;10;4;0;124;32;92;0;5;95;0.9562;0.9885;0.9724;0.9457;0.9565;-0.0428;;;;;;;;5.36
2026-02-17T19:25:34.558011;mvtec_AD/leather;cont_40pct_loo_patch;0.4;loo_patch;10;10;10;4;392;124;32;92;0;5;95;0.9990;0.9997;0.9945;0.9891;0.9891;0.0000;1.0000;1.0000;1;1.0000;1.0000;;;6.51
2026-02-17T19:25:39.498575;mvtec_AD/leather;cont_40pct_random_patch;0.4;random_patch;10;10;10;4;392;124;32;92;0;5;95;0.9558;0.9884;0.9721;0.9457;0.9565;-0.0431;-0.0079;1.0000;1;1.0000;1.0000;;;4.94
2026-02-17T19:25:47.610022;mvtec_AD/leather;cont_40pct_mahalanobis_patch;0.4;mahalanobis_patch;10;10;10;4;392;124;32;92;0;5;95;0.9997;0.9999;0.9946;0.9891;1.0000;0.0007;1.0159;1.0000;1;1.0000;1.0000;;;8.11
2026-02-17T19:25:50.509165;mvtec_AD/leather;cont_40pct_oracle_patch;0.4;oracle_patch;10;10;6;4;3136;124;32;92;0;5;95;0.9993;0.9998;0.9946;0.9891;1.0000;0.0003;1.0079;1.0000;1;1.0000;1.0000;;;2.89
2026-02-17T19:25:58.220193;mvtec_AD/leather;cont_40pct_ensemble_loo_mahal;0.4;ensemble_loo_mahal;10;10;10;4;392;124;32;92;0;5;95;0.9993;0.9998;0.9945;0.9891;0.9891;0.0003;1.0079;1.0000;1;1.0000;1.0000;;;7.70
2026-02-17T19:26:04.539526;mvtec_AD/leather;cont_40pct_cosine_loo;0.4;cosine_loo;10;10;10;4;392;124;32;92;0;5;95;0.9986;0.9995;0.9945;0.9891;0.9891;-0.0003;0.9921;1.0000;1;1.0000;1.0000;;;6.31
2026-02-17T19:26:09.703484;mvtec_AD/leather;cont_50pct_none;0.5;none;10;10;10;5;0;124;32;92;0;5;95;0.9446;0.9854;0.9613;0.9239;0.9457;-0.0543;;;;;;;;5.14
2026-02-17T19:26:16.297955;mvtec_AD/leather;cont_50pct_loo_patch;0.5;loo_patch;10;10;10;5;392;124;32;92;0;5;95;0.9997;0.9999;0.9946;1.0000;1.0000;0.0007;1.0125;1.0000;1;1.0000;1.0000;;;6.59
2026-02-17T19:26:21.075163;mvtec_AD/leather;cont_50pct_random_patch;0.5;random_patch;10;10;10;5;392;124;32;92;0;5;95;0.9450;0.9855;0.9667;0.9348;0.9457;-0.0540;0.0062;1.0000;1;1.0000;1.0000;;;4.77
2026-02-17T19:26:28.492520;mvtec_AD/leather;cont_50pct_mahalanobis_patch;0.5;mahalanobis_patch;10;10;10;5;392;124;32;92;0;5;95;1.0000;1.0000;1.0000;1.0000;1.0000;0.0010;1.0188;1.0000;1;1.0000;1.0000;;;7.41
2026-02-17T19:26:31.368552;mvtec_AD/leather;cont_50pct_oracle_patch;0.5;oracle_patch;10;10;5;5;3920;124;32;92;0;5;95;1.0000;1.0000;1.0000;1.0000;1.0000;0.0010;1.0188;1.0000;1;1.0000;1.0000;;;2.87
2026-02-17T19:26:38.509426;mvtec_AD/leather;cont_50pct_ensemble_loo_mahal;0.5;ensemble_loo_mahal;10;10;10;5;392;124;32;92;0;5;95;1.0000;1.0000;1.0000;1.0000;1.0000;0.0010;1.0188;1.0000;1;1.0000;1.0000;;;7.13
2026-02-17T19:26:45.213732;mvtec_AD/leather;cont_50pct_cosine_loo;0.5;cosine_loo;10;10;10;5;392;124;32;92;0;5;95;0.9969;0.9990;0.9891;0.9783;0.9891;-0.0020;0.9625;1.0000;1;1.0000;1.0000;;;6.70
2026-02-17T19:26:50.767104;mvtec_AD/leather;cont_0pct_none;0.0;none;10;10;10;0;0;124;32;92;1;5;95;0.9990;0.9996;0.9946;0.9891;1.0000;;;;;;;;;5.42
2026-02-17T19:26:56.923925;mvtec_AD/leather;cont_0pct_loo_patch;0.0;loo_patch;10;10;10;0;392;124;32;92;1;5;95;0.9990;0.9996;0.9946;0.9891;1.0000;0.0000;;;;;;;;6.15
2026-02-17T19:27:02.658136;mvtec_AD/leather;cont_0pct_random_patch;0.0;random_patch;10;10;10;0;392;124;32;92;1;5;95;0.9993;0.9998;0.9946;0.9891;1.0000;0.0003;;;;;;;;5.73
2026-02-17T19:27:10.854622;mvtec_AD/leather;cont_0pct_mahalanobis_patch;0.0;mahalanobis_patch;10;10;10;0;392;124;32;92;1;5;95;0.9993;0.9998;0.9946;0.9891;1.0000;0.0003;;;;;;;;8.19
2026-02-17T19:27:10.867619;mvtec_AD/leather;cont_0pct_oracle_patch;0.0;oracle_patch;10;10;10;0;0;124;32;92;1;5;95;0.9990;0.9996;0.9946;0.9891;1.0000;0.0000;;;;;;;;0.01
2026-02-17T19:27:18.982585;mvtec_AD/leather;cont_0pct_ensemble_loo_mahal;0.0;ensemble_loo_mahal;10;10;10;0;392;124;32;92;1;5;95;0.9997;0.9999;0.9946;1.0000;1.0000;0.0007;;;;;;;;8.02
2026-02-17T19:27:24.723810;mvtec_AD/leather;cont_0pct_cosine_loo;0.0;cosine_loo;10;10;10;0;392;124;32;92;1;5;95;0.9990;0.9996;0.9946;0.9891;1.0000;0.0000;;;;;;;;5.74
2026-02-17T19:27:30.737029;mvtec_AD/leather;cont_5pct_none;0.05;none;10;10;10;0;0;124;32;92;1;5;95;0.9990;0.9996;0.9946;0.9891;1.0000;0.0000;;;;;;;;6.00
2026-02-17T19:27:36.741579;mvtec_AD/leather;cont_5pct_loo_patch;0.05;loo_patch;10;10;10;0;392;124;32;92;1;5;95;0.9990;0.9996;0.9946;0.9891;1.0000;0.0000;1.0000;;;;;;;6.00
2026-02-17T19:27:41.594859;mvtec_AD/leather;cont_5pct_random_patch;0.05;random_patch;10;10;10;0;392;124;32;92;1;5;95;0.9993;0.9998;0.9946;0.9891;1.0000;0.0003;1.0000;;;;;;;4.84
2026-02-17T19:27:49.529816;mvtec_AD/leather;cont_5pct_mahalanobis_patch;0.05;mahalanobis_patch;10;10;10;0;392;124;32;92;1;5;95;0.9993;0.9998;0.9946;0.9891;1.0000;0.0003;1.0000;;;;;;;7.93
2026-02-17T19:27:49.544160;mvtec_AD/leather;cont_5pct_oracle_patch;0.05;oracle_patch;10;10;10;0;0;124;32;92;1;5;95;0.9990;0.9996;0.9946;0.9891;1.0000;0.0000;1.0000;;;;;;;0.01
2026-02-17T19:27:57.239739;mvtec_AD/leather;cont_5pct_ensemble_loo_mahal;0.05;ensemble_loo_mahal;10;10;10;0;392;124;32;92;1;5;95;0.9997;0.9999;0.9946;1.0000;1.0000;0.0007;1.0000;;;;;;;7.69
2026-02-17T19:28:03.835708;mvtec_AD/leather;cont_5pct_cosine_loo;0.05;cosine_loo;10;10;10;0;392;124;32;92;1;5;95;0.9990;0.9996;0.9946;0.9891;1.0000;0.0000;1.0000;;;;;;;6.59
2026-02-17T19:28:09.093224;mvtec_AD/leather;cont_40pct_none;0.4;none;10;10;10;4;0;124;32;92;1;5;95;0.9545;0.9879;0.9670;0.9457;0.9565;-0.0445;;;;;;;;5.24
2026-02-17T19:28:15.626053;mvtec_AD/leather;cont_40pct_loo_patch;0.4;loo_patch;10;10;10;4;392;124;32;92;1;5;95;0.9997;0.9999;0.9946;0.9891;1.0000;0.0007;1.0153;1.0000;1;1.0000;1.0000;;;6.53
2026-02-17T19:28:20.760319;mvtec_AD/leather;cont_40pct_random_patch;0.4;random_patch;10;10;10;4;392;124;32;92;1;5;95;0.9545;0.9879;0.9670;0.9457;0.9565;-0.0445;0.0000;1.0000;1;1.0000;1.0000;;;5.13
2026-02-17T19:28:28.006858;mvtec_AD/leather;cont_40pct_mahalanobis_patch;0.4;mahalanobis_patch;10;10;10;4;392;124;32;92;1;5;95;0.9993;0.9998;0.9946;0.9783;1.0000;0.0003;1.0076;1.0000;1;1.0000;1.0000;;;7.24
2026-02-17T19:28:31.550153;mvtec_AD/leather;cont_40pct_oracle_patch;0.4;oracle_patch;10;10;6;4;3136;124;32;92;1;5;95;0.9997;0.9999;0.9946;0.9891;1.0000;0.0007;1.0153;1.0000;1;1.0000;1.0000;;;3.54
2026-02-17T19:28:39.014584;mvtec_AD/leather;cont_40pct_ensemble_loo_mahal;0.4;ensemble_loo_mahal;10;10;10;4;392;124;32;92;1;5;95;0.9997;0.9999;0.9946;0.9891;1.0000;0.0007;1.0153;1.0000;1;1.0000;1.0000;;;7.46
2026-02-17T19:28:45.008677;mvtec_AD/leather;cont_40pct_cosine_loo;0.4;cosine_loo;10;10;10;4;392;124;32;92;1;5;95;0.9986;0.9995;0.9892;0.9783;1.0000;-0.0003;0.9924;1.0000;1;1.0000;1.0000;;;5.99
2026-02-17T19:28:51.325609;mvtec_AD/leather;cont_50pct_none;0.5;none;10;10;10;5;0;124;32;92;1;5;95;0.9443;0.9853;0.9613;0.9239;0.9348;-0.0547;;;;;;;;6.29
2026-02-17T19:28:57.551753;mvtec_AD/leather;cont_50pct_loo_patch;0.5;loo_patch;10;10;10;5;392;124;32;92;1;5;95;0.9993;0.9998;0.9945;0.9891;1.0000;0.0003;1.0062;1.0000;1;1.0000;1.0000;;;6.22
2026-02-17T19:29:03.061451;mvtec_AD/leather;cont_50pct_random_patch;0.5;random_patch;10;10;10;5;392;124;32;92;1;5;95;0.9446;0.9854;0.9613;0.9239;0.9348;-0.0543;0.0062;1.0000;1;1.0000;1.0000;;;5.51
2026-02-17T19:29:12.030129;mvtec_AD/leather;cont_50pct_mahalanobis_patch;0.5;mahalanobis_patch;10;10;10;5;392;124;32;92;1;5;95;0.9976;0.9992;0.9891;0.9891;0.9891;-0.0014;0.9752;1.0000;1;1.0000;1.0000;;;8.96
2026-02-17T19:29:15.013138;mvtec_AD/leather;cont_50pct_oracle_patch;0.5;oracle_patch;10;10;5;5;3920;124;32;92;1;5;95;0.9997;0.9999;0.9946;0.9891;1.0000;0.0007;1.0124;1.0000;1;1.0000;1.0000;;;2.98
2026-02-17T19:29:22.567008;mvtec_AD/leather;cont_50pct_ensemble_loo_mahal;0.5;ensemble_loo_mahal;10;10;10;5;392;124;32;92;1;5;95;0.9993;0.9998;0.9945;0.9891;1.0000;0.0003;1.0062;1.0000;1;1.0000;1.0000;;;7.55
2026-02-17T19:29:28.985328;mvtec_AD/leather;cont_50pct_cosine_loo;0.5;cosine_loo;10;10;10;5;392;124;32;92;1;5;95;0.9864;0.9959;0.9727;0.9457;0.9565;-0.0126;0.7702;1.0000;1;1.0000;1.0000;;;6.41
2026-02-17T19:29:35.320215;mvtec_AD/leather;cont_0pct_none;0.0;none;10;10;10;0;0;124;32;92;2;5;95;0.9990;0.9997;0.9892;0.9783;1.0000;;;;;;;;;6.19
2026-02-17T19:29:41.410913;mvtec_AD/leather;cont_0pct_loo_patch;0.0;loo_patch;10;10;10;0;392;124;32;92;2;5;95;0.9997;0.9999;0.9946;0.9891;1.0000;0.0007;;;;;;;;6.09
2026-02-17T19:29:46.727999;mvtec_AD/leather;cont_0pct_random_patch;0.0;random_patch;10;10;10;0;392;124;32;92;2;5;95;0.9990;0.9997;0.9892;0.9783;1.0000;0.0000;;;;;;;;5.31
2026-02-17T19:29:54.793072;mvtec_AD/leather;cont_0pct_mahalanobis_patch;0.0;mahalanobis_patch;10;10;10;0;392;124;32;92;2;5;95;1.0000;1.0000;1.0000;1.0000;1.0000;0.0010;;;;;;;;8.06
2026-02-17T19:29:54.809072;mvtec_AD/leather;cont_0pct_oracle_patch;0.0;oracle_patch;10;10;10;0;0;124;32;92;2;5;95;0.9990;0.9997;0.9892;0.9783;1.0000;0.0000;;;;;;;;0.01
2026-02-17T19:30:02.374311;mvtec_AD/leather;cont_0pct_ensemble_loo_mahal;0.0;ensemble_loo_mahal;10;10;10;0;392;124;32;92;2;5;95;0.9997;0.9999;0.9946;0.9891;1.0000;0.0007;;;;;;;;7.47
2026-02-17T19:30:08.659974;mvtec_AD/leather;cont_0pct_cosine_loo;0.0;cosine_loo;10;10;10;0;392;124;32;92;2;5;95;0.9997;0.9999;0.9946;0.9891;1.0000;0.0007;;;;;;;;6.28
2026-02-17T19:30:15.082052;mvtec_AD/leather;cont_5pct_none;0.05;none;10;10;10;0;0;124;32;92;2;5;95;0.9990;0.9997;0.9892;0.9783;1.0000;0.0000;;;;;;;;6.41
2026-02-17T19:30:21.249953;mvtec_AD/leather;cont_5pct_loo_patch;0.05;loo_patch;10;10;10;0;392;124;32;92;2;5;95;0.9997;0.9999;0.9946;0.9891;1.0000;0.0007;1.0000;;;;;;;6.16
2026-02-17T19:30:26.015067;mvtec_AD/leather;cont_5pct_random_patch;0.05;random_patch;10;10;10;0;392;124;32;92;2;5;95;0.9990;0.9997;0.9892;0.9783;1.0000;0.0000;1.0000;;;;;;;4.76
2026-02-17T19:30:34.216597;mvtec_AD/leather;cont_5pct_mahalanobis_patch;0.05;mahalanobis_patch;10;10;10;0;392;124;32;92;2;5;95;1.0000;1.0000;1.0000;1.0000;1.0000;0.0010;1.0000;;;;;;;8.20
2026-02-17T19:30:34.233524;mvtec_AD/leather;cont_5pct_oracle_patch;0.05;oracle_patch;10;10;10;0;0;124;32;92;2;5;95;0.9990;0.9997;0.9892;0.9783;1.0000;0.0000;1.0000;;;;;;;0.01
2026-02-17T19:30:41.491027;mvtec_AD/leather;cont_5pct_ensemble_loo_mahal;0.05;ensemble_loo_mahal;10;10;10;0;392;124;32;92;2;5;95;0.9997;0.9999;0.9946;0.9891;1.0000;0.0007;1.0000;;;;;;;7.15
2026-02-17T19:30:47.568823;mvtec_AD/leather;cont_5pct_cosine_loo;0.05;cosine_loo;10;10;10;0;392;124;32;92;2;5;95;0.9997;0.9999;0.9946;0.9891;1.0000;0.0007;1.0000;;;;;;;6.07
2026-02-17T19:30:53.945619;mvtec_AD/leather;cont_40pct_none;0.4;none;10;10;10;4;0;124;32;92;2;5;95;0.9558;0.9884;0.9724;0.9348;0.9565;-0.0431;;;;;;;;6.35
2026-02-17T19:31:00.330153;mvtec_AD/leather;cont_40pct_loo_patch;0.4;loo_patch;10;10;10;4;392;124;32;92;2;5;95;0.9993;0.9998;0.9946;0.9783;1.0000;0.0003;1.0079;1.0000;1;1.0000;1.0000;;;6.38
2026-02-17T19:31:05.130645;mvtec_AD/leather;cont_40pct_random_patch;0.4;random_patch;10;10;10;4;392;124;32;92;2;5;95;0.9558;0.9884;0.9724;0.9348;0.9565;-0.0431;0.0000;1.0000;1;1.0000;1.0000;;;4.80
2026-02-17T19:31:13.271175;mvtec_AD/leather;cont_40pct_mahalanobis_patch;0.4;mahalanobis_patch;10;10;10;4;392;124;32;92;2;5;95;0.9997;0.9999;0.9946;0.9891;1.0000;0.0007;1.0157;1.0000;1;1.0000;1.0000;;;8.13
2026-02-17T19:31:16.547776;mvtec_AD/leather;cont_40pct_oracle_patch;0.4;oracle_patch;10;10;6;4;3136;124;32;92;2;5;95;0.9993;0.9998;0.9946;0.9783;1.0000;0.0003;1.0079;1.0000;1;1.0000;1.0000;;;3.27
2026-02-17T19:31:24.279901;mvtec_AD/leather;cont_40pct_ensemble_loo_mahal;0.4;ensemble_loo_mahal;10;10;10;4;392;124;32;92;2;5;95;1.0000;1.0000;1.0000;1.0000;1.0000;0.0010;1.0236;1.0000;1;1.0000;1.0000;;;7.73
2026-02-17T19:31:31.024488;mvtec_AD/leather;cont_40pct_cosine_loo;0.4;cosine_loo;10;10;10;4;392;124;32;92;2;5;95;0.9993;0.9998;0.9946;0.9783;1.0000;0.0003;1.0079;1.0000;1;1.0000;1.0000;;;6.74
2026-02-17T19:31:36.498829;mvtec_AD/leather;cont_50pct_none;0.5;none;10;10;10;5;0;124;32;92;2;5;95;0.9450;0.9855;0.9667;0.9239;0.9457;-0.0540;;;;;;;;5.45
2026-02-17T19:31:42.474573;mvtec_AD/leather;cont_50pct_loo_patch;0.5;loo_patch;10;10;10;5;392;124;32;92;2;5;95;0.9993;0.9998;0.9946;0.9783;1.0000;0.0003;1.0063;1.0000;1;1.0000;1.0000;;;5.97
2026-02-17T19:31:48.390793;mvtec_AD/leather;cont_50pct_random_patch;0.5;random_patch;10;10;10;5;392;124;32;92;2;5;95;0.9446;0.9854;0.9613;0.9239;0.9457;-0.0543;-0.0063;1.0000;1;1.0000;1.0000;;;5.91
2026-02-17T19:31:55.978881;mvtec_AD/leather;cont_50pct_mahalanobis_patch;0.5;mahalanobis_patch;10;10;10;5;392;124;32;92;2;5;95;0.9993;0.9998;0.9946;0.9783;1.0000;0.0003;1.0063;1.0000;1;1.0000;1.0000;;;7.58
2026-02-17T19:31:58.610893;mvtec_AD/leather;cont_50pct_oracle_patch;0.5;oracle_patch;10;10;5;5;3920;124;32;92;2;5;95;0.9993;0.9998;0.9946;0.9783;1.0000;0.0003;1.0063;1.0000;1;1.0000;1.0000;;;2.63
2026-02-17T19:32:06.266425;mvtec_AD/leather;cont_50pct_ensemble_loo_mahal;0.5;ensemble_loo_mahal;10;10;10;5;392;124;32;92;2;5;95;0.9993;0.9998;0.9946;0.9783;1.0000;0.0003;1.0063;1.0000;1;1.0000;1.0000;;;7.65
2026-02-17T19:32:13.345270;mvtec_AD/leather;cont_50pct_cosine_loo;0.5;cosine_loo;10;10;10;5;392;124;32;92;2;5;95;0.9993;0.9998;0.9946;0.9783;1.0000;0.0003;1.0063;1.0000;1;1.0000;1.0000;;;7.07
2026-02-17T19:32:18.820434;mvtec_AD/leather;cont_0pct_none;0.0;none;10;10;10;0;0;124;32;92;3;5;95;0.9990;0.9996;0.9946;0.9891;1.0000;;;;;;;;;5.34
2026-02-17T19:32:24.984381;mvtec_AD/leather;cont_0pct_loo_patch;0.0;loo_patch;10;10;10;0;392;124;32;92;3;5;95;0.9993;0.9998;0.9946;1.0000;1.0000;0.0003;;;;;;;;6.16
2026-02-17T19:32:30.800544;mvtec_AD/leather;cont_0pct_random_patch;0.0;random_patch;10;10;10;0;392;124;32;92;3;5;95;0.9990;0.9996;0.9946;0.9891;1.0000;0.0000;;;;;;;;5.81
2026-02-17T19:32:38.323101;mvtec_AD/leather;cont_0pct_mahalanobis_patch;0.0;mahalanobis_patch;10;10;10;0;392;124;32;92;3;5;95;1.0000;1.0000;1.0000;1.0000;1.0000;0.0010;;;;;;;;7.52
2026-02-17T19:32:38.337601;mvtec_AD/leather;cont_0pct_oracle_patch;0.0;oracle_patch;10;10;10;0;0;124;32;92;3;5;95;0.9990;0.9996;0.9946;0.9891;1.0000;0.0000;;;;;;;;0.01
2026-02-17T19:32:45.748408;mvtec_AD/leather;cont_0pct_ensemble_loo_mahal;0.0;ensemble_loo_mahal;10;10;10;0;392;124;32;92;3;5;95;0.9997;0.9999;0.9946;1.0000;1.0000;0.0007;;;;;;;;7.32
2026-02-17T19:32:52.711955;mvtec_AD/leather;cont_0pct_cosine_loo;0.0;cosine_loo;10;10;10;0;392;124;32;92;3;5;95;0.9990;0.9996;0.9946;1.0000;1.0000;0.0000;;;;;;;;6.96
2026-02-17T19:32:58.043970;mvtec_AD/leather;cont_5pct_none;0.05;none;10;10;10;0;0;124;32;92;3;5;95;0.9990;0.9996;0.9946;0.9891;1.0000;0.0000;;;;;;;;5.31
2026-02-17T19:33:03.989577;mvtec_AD/leather;cont_5pct_loo_patch;0.05;loo_patch;10;10;10;0;392;124;32;92;3;5;95;0.9993;0.9998;0.9946;1.0000;1.0000;0.0003;1.0000;;;;;;;5.94
2026-02-17T19:33:09.906088;mvtec_AD/leather;cont_5pct_random_patch;0.05;random_patch;10;10;10;0;392;124;32;92;3;5;95;0.9990;0.9996;0.9946;0.9891;1.0000;0.0000;1.0000;;;;;;;5.91
2026-02-17T19:33:17.232949;mvtec_AD/leather;cont_5pct_mahalanobis_patch;0.05;mahalanobis_patch;10;10;10;0;392;124;32;92;3;5;95;1.0000;1.0000;1.0000;1.0000;1.0000;0.0010;1.0000;;;;;;;7.26
2026-02-17T19:33:17.253285;mvtec_AD/leather;cont_5pct_oracle_patch;0.05;oracle_patch;10;10;10;0;0;124;32;92;3;5;95;0.9990;0.9996;0.9946;0.9891;1.0000;0.0000;1.0000;;;;;;;0.01
2026-02-17T19:33:24.502607;mvtec_AD/leather;cont_5pct_ensemble_loo_mahal;0.05;ensemble_loo_mahal;10;10;10;0;392;124;32;92;3;5;95;0.9997;0.9999;0.9946;1.0000;1.0000;0.0007;1.0000;;;;;;;7.18
2026-02-17T19:33:30.620507;mvtec_AD/leather;cont_5pct_cosine_loo;0.05;cosine_loo;10;10;10;0;392;124;32;92;3;5;95;0.9990;0.9996;0.9946;1.0000;1.0000;0.0000;1.0000;;;;;;;6.11
2026-02-17T19:33:36.059057;mvtec_AD/leather;cont_40pct_none;0.4;none;10;10;10;4;0;124;32;92;3;5;95;0.9555;0.9883;0.9670;0.9457;0.9565;-0.0435;;;;;;;;5.42
2026-02-17T19:33:41.947306;mvtec_AD/leather;cont_40pct_loo_patch;0.4;loo_patch;10;10;10;4;392;124;32;92;3;5;95;0.9993;0.9998;0.9945;0.9891;1.0000;0.0003;1.0078;1.0000;1;1.0000;1.0000;;;5.88
2026-02-17T19:33:47.621103;mvtec_AD/leather;cont_40pct_random_patch;0.4;random_patch;10;10;10;4;392;124;32;92;3;5;95;0.9558;0.9884;0.9724;0.9457;0.9565;-0.0431;0.0078;1.0000;1;1.0000;1.0000;;;5.67
2026-02-17T19:33:55.322787;mvtec_AD/leather;cont_40pct_mahalanobis_patch;0.4;mahalanobis_patch;10;10;10;4;392;124;32;92;3;5;95;1.0000;1.0000;1.0000;1.0000;1.0000;0.0010;1.0234;1.0000;1;1.0000;1.0000;;;7.69
2026-02-17T19:33:58.975985;mvtec_AD/leather;cont_40pct_oracle_patch;0.4;oracle_patch;10;10;6;4;3136;124;32;92;3;5;95;0.9997;0.9999;0.9946;1.0000;1.0000;0.0007;1.0156;1.0000;1;1.0000;1.0000;;;3.65
2026-02-17T19:34:06.587784;mvtec_AD/leather;cont_40pct_ensemble_loo_mahal;0.4;ensemble_loo_mahal;10;10;10;4;392;124;32;92;3;5;95;0.9997;0.9999;0.9946;1.0000;1.0000;0.0007;1.0156;1.0000;1;1.0000;1.0000;;;7.52
2026-02-17T19:34:12.976585;mvtec_AD/leather;cont_40pct_cosine_loo;0.4;cosine_loo;10;10;10;4;392;124;32;92;3;5;95;0.9993;0.9998;0.9945;0.9891;1.0000;0.0003;1.0078;1.0000;1;1.0000;1.0000;;;6.38
2026-02-17T19:34:18.336637;mvtec_AD/leather;cont_50pct_none;0.5;none;10;10;10;5;0;124;32;92;3;5;95;0.9450;0.9855;0.9667;0.9348;0.9457;-0.0540;;;;;;;;5.34
2026-02-17T19:34:24.338492;mvtec_AD/leather;cont_50pct_loo_patch;0.5;loo_patch;10;10;10;5;392;124;32;92;3;5;95;0.9963;0.9988;0.9890;0.9783;0.9891;-0.0027;0.9497;1.0000;1;1.0000;1.0000;;;5.99
2026-02-17T19:34:30.169769;mvtec_AD/leather;cont_50pct_random_patch;0.5;random_patch;10;10;10;5;392;124;32;92;3;5;95;0.9450;0.9855;0.9663;0.9348;0.9457;-0.0540;0.0000;1.0000;1;1.0000;1.0000;;;5.83
2026-02-17T19:34:37.772892;mvtec_AD/leather;cont_50pct_mahalanobis_patch;0.5;mahalanobis_patch;10;10;10;5;392;124;32;92;3;5;95;0.9997;0.9999;0.9946;1.0000;1.0000;0.0007;1.0126;1.0000;1;1.0000;1.0000;;;7.60
2026-02-17T19:34:39.999071;mvtec_AD/leather;cont_50pct_oracle_patch;0.5;oracle_patch;10;10;5;5;3920;124;32;92;3;5;95;0.9993;0.9998;0.9946;0.9891;1.0000;0.0003;1.0063;1.0000;1;1.0000;1.0000;;;2.22
2026-02-17T19:34:48.077599;mvtec_AD/leather;cont_50pct_ensemble_loo_mahal;0.5;ensemble_loo_mahal;10;10;10;5;392;124;32;92;3;5;95;0.9997;0.9999;0.9946;0.9891;1.0000;0.0007;1.0126;1.0000;1;1.0000;1.0000;;;8.07
2026-02-17T19:34:54.112342;mvtec_AD/leather;cont_50pct_cosine_loo;0.5;cosine_loo;10;10;10;5;392;124;32;92;3;5;95;0.9990;0.9997;0.9892;0.9783;1.0000;0.0000;1.0000;1.0000;1;1.0000;1.0000;;;6.02
2026-02-17T19:34:59.815826;mvtec_AD/leather;cont_0pct_none;0.0;none;10;10;10;0;0;124;32;92;4;5;95;0.9993;0.9998;0.9946;0.9891;1.0000;;;;;;;;;5.56
2026-02-17T19:35:06.415059;mvtec_AD/leather;cont_0pct_loo_patch;0.0;loo_patch;10;10;10;0;392;124;32;92;4;5;95;0.9990;0.9996;0.9946;1.0000;1.0000;-0.0003;;;;;;;;6.60
2026-02-17T19:35:11.701329;mvtec_AD/leather;cont_0pct_random_patch;0.0;random_patch;10;10;10;0;392;124;32;92;4;5;95;0.9993;0.9998;0.9946;0.9891;1.0000;0.0000;;;;;;;;5.28
2026-02-17T19:35:19.111376;mvtec_AD/leather;cont_0pct_mahalanobis_patch;0.0;mahalanobis_patch;10;10;10;0;392;124;32;92;4;5;95;0.9990;0.9996;0.9946;1.0000;1.0000;-0.0003;;;;;;;;7.41
2026-02-17T19:35:19.125378;mvtec_AD/leather;cont_0pct_oracle_patch;0.0;oracle_patch;10;10;10;0;0;124;32;92;4;5;95;0.9993;0.9998;0.9946;0.9891;1.0000;0.0000;;;;;;;;0.01
2026-02-17T19:35:27.242081;mvtec_AD/leather;cont_0pct_ensemble_loo_mahal;0.0;ensemble_loo_mahal;10;10;10;0;392;124;32;92;4;5;95;0.9990;0.9996;0.9946;1.0000;1.0000;-0.0003;;;;;;;;8.03
2026-02-17T19:35:33.206181;mvtec_AD/leather;cont_0pct_cosine_loo;0.0;cosine_loo;10;10;10;0;392;124;32;92;4;5;95;0.9997;0.9999;0.9946;0.9891;1.0000;0.0003;;;;;;;;5.95
2026-02-17T19:35:38.508360;mvtec_AD/leather;cont_5pct_none;0.05;none;10;10;10;0;0;124;32;92;4;5;95;0.9993;0.9998;0.9946;0.9891;1.0000;0.0000;;;;;;;;5.29
2026-02-17T19:35:45.278563;mvtec_AD/leather;cont_5pct_loo_patch;0.05;loo_patch;10;10;10;0;392;124;32;92;4;5;95;0.9990;0.9996;0.9946;1.0000;1.0000;-0.0003;1.0000;;;;;;;6.77
2026-02-17T19:35:50.426957;mvtec_AD/leather;cont_5pct_random_patch;0.05;random_patch;10;10;10;0;392;124;32;92;4;5;95;0.9993;0.9998;0.9946;0.9891;1.0000;0.0000;1.0000;;;;;;;5.03
2026-02-17T19:35:57.589012;mvtec_AD/leather;cont_5pct_mahalanobis_patch;0.05;mahalanobis_patch;10;10;10;0;392;124;32;92;4;5;95;0.9990;0.9996;0.9946;1.0000;1.0000;-0.0003;1.0000;;;;;;;7.16
2026-02-17T19:35:57.608035;mvtec_AD/leather;cont_5pct_oracle_patch;0.05;oracle_patch;10;10;10;0;0;124;32;92;4;5;95;0.9993;0.9998;0.9946;0.9891;1.0000;0.0000;1.0000;;;;;;;0.02
2026-02-17T19:36:05.619984;mvtec_AD/leather;cont_5pct_ensemble_loo_mahal;0.05;ensemble_loo_mahal;10;10;10;0;392;124;32;92;4;5;95;0.9990;0.9996;0.9946;1.0000;1.0000;-0.0003;1.0000;;;;;;;7.93
2026-02-17T19:36:11.979435;mvtec_AD/leather;cont_5pct_cosine_loo;0.05;cosine_loo;10;10;10;0;392;124;32;92;4;5;95;0.9997;0.9999;0.9946;0.9891;1.0000;0.0003;1.0000;;;;;;;6.36
2026-02-17T19:36:17.274851;mvtec_AD/leather;cont_40pct_none;0.4;none;10;10;10;4;0;124;32;92;4;5;95;0.9548;0.9880;0.9724;0.9348;0.9565;-0.0445;;;;;;;;5.27
2026-02-17T19:36:23.986312;mvtec_AD/leather;cont_40pct_loo_patch;0.4;loo_patch;10;10;10;4;392;124;32;92;4;5;95;0.9874;0.9966;0.9891;0.9674;0.9891;-0.0119;0.7328;1.0000;1;1.0000;1.0000;;;6.71
2026-02-17T19:36:28.840530;mvtec_AD/leather;cont_40pct_random_patch;0.4;random_patch;10;10;10;4;392;124;32;92;4;5;95;0.9548;0.9880;0.9724;0.9348;0.9565;-0.0445;0.0000;1.0000;1;1.0000;1.0000;;;4.85
2026-02-17T19:36:36.212983;mvtec_AD/leather;cont_40pct_mahalanobis_patch;0.4;mahalanobis_patch;10;10;10;4;392;124;32;92;4;5;95;0.9878;0.9967;0.9838;0.9565;0.9891;-0.0115;0.7405;1.0000;1;1.0000;1.0000;;;7.37
2026-02-17T19:36:39.890762;mvtec_AD/leather;cont_40pct_oracle_patch;0.4;oracle_patch;10;10;6;4;3136;124;32;92;4;5;95;0.9990;0.9996;0.9946;0.9783;1.0000;-0.0003;0.9924;1.0000;1;1.0000;1.0000;;;3.67
2026-02-17T19:36:47.601613;mvtec_AD/leather;cont_40pct_ensemble_loo_mahal;0.4;ensemble_loo_mahal;10;10;10;4;392;124;32;92;4;5;95;0.9881;0.9968;0.9891;0.9565;0.9891;-0.0112;0.7481;1.0000;1;1.0000;1.0000;;;7.70
2026-02-17T19:36:53.788716;mvtec_AD/leather;cont_40pct_cosine_loo;0.4;cosine_loo;10;10;10;4;392;124;32;92;4;5;95;0.9874;0.9966;0.9891;0.9674;0.9891;-0.0119;0.7328;1.0000;1;1.0000;1.0000;;;6.18
2026-02-17T19:36:59.782102;mvtec_AD/leather;cont_50pct_none;0.5;none;10;10;10;5;0;124;32;92;4;5;95;0.9446;0.9854;0.9667;0.9130;0.9457;-0.0547;;;;;;;;5.97
2026-02-17T19:37:05.718061;mvtec_AD/leather;cont_50pct_loo_patch;0.5;loo_patch;10;10;10;5;392;124;32;92;4;5;95;0.9769;0.9939;0.9836;0.9348;0.9783;-0.0224;0.5901;1.0000;1;1.0000;1.0000;;;5.91
2026-02-17T19:37:10.878256;mvtec_AD/leather;cont_50pct_random_patch;0.5;random_patch;10;10;10;5;392;124;32;92;4;5;95;0.9446;0.9854;0.9667;0.9130;0.9457;-0.0547;0.0000;1.0000;1;1.0000;1.0000;;;5.16
2026-02-17T19:37:18.824341;mvtec_AD/leather;cont_50pct_mahalanobis_patch;0.5;mahalanobis_patch;10;10;10;5;392;124;32;92;4;5;95;0.9766;0.9938;0.9783;0.9348;0.9674;-0.0228;0.5839;1.0000;1;1.0000;1.0000;;;7.94
2026-02-17T19:37:21.892533;mvtec_AD/leather;cont_50pct_oracle_patch;0.5;oracle_patch;10;10;5;5;3920;124;32;92;4;5;95;0.9993;0.9998;0.9946;0.9891;1.0000;0.0000;1.0000;1.0000;1;1.0000;1.0000;;;3.06
2026-02-17T19:37:28.800280;mvtec_AD/leather;cont_50pct_ensemble_loo_mahal;0.5;ensemble_loo_mahal;10;10;10;5;392;124;32;92;4;5;95;0.9769;0.9939;0.9836;0.9457;0.9783;-0.0224;0.5901;1.0000;1;1.0000;1.0000;;;6.76
2026-02-17T19:37:35.631182;mvtec_AD/leather;cont_50pct_cosine_loo;0.5;cosine_loo;10;10;10;5;392;124;32;92;4;5;95;0.9769;0.9939;0.9836;0.9348;0.9783;-0.0224;0.5901;1.0000;1;1.0000;1.0000;;;6.82
2026-02-17T19:37:41.427349;mvtec_AD/metal_nut;cont_0pct_none;0.0;none;10;10;10;0;0;115;22;93;0;5;95;0.9311;0.9840;0.9355;0.7419;0.7634;;;;;;;;;5.02
2026-02-17T19:37:46.911197;mvtec_AD/metal_nut;cont_0pct_loo_patch;0.0;loo_patch;10;10;10;0;392;115;22;93;0;5;95;0.9355;0.9852;0.9333;0.7419;0.7957;0.0044;;;;;;;;5.48
2026-02-17T19:37:51.854229;mvtec_AD/metal_nut;cont_0pct_random_patch;0.0;random_patch;10;10;10;0;392;115;22;93;0;5;95;0.9326;0.9844;0.9341;0.7419;0.7527;0.0015;;;;;;;;4.94
2026-02-17T19:37:59.255547;mvtec_AD/metal_nut;cont_0pct_mahalanobis_patch;0.0;mahalanobis_patch;10;10;10;0;392;115;22;93;0;5;95;0.9340;0.9850;0.9319;0.7634;0.7957;0.0029;;;;;;;;7.40
2026-02-17T19:37:59.270372;mvtec_AD/metal_nut;cont_0pct_oracle_patch;0.0;oracle_patch;10;10;10;0;0;115;22;93;0;5;95;0.9311;0.9840;0.9355;0.7419;0.7634;0.0000;;;;;;;;0.01
2026-02-17T19:38:06.249946;mvtec_AD/metal_nut;cont_0pct_ensemble_loo_mahal;0.0;ensemble_loo_mahal;10;10;10;0;392;115;22;93;0;5;95;0.9306;0.9840;0.9271;0.7419;0.7957;-0.0005;;;;;;;;6.98
2026-02-17T19:38:12.015767;mvtec_AD/metal_nut;cont_0pct_cosine_loo;0.0;cosine_loo;10;10;10;0;392;115;22;93;0;5;95;0.9340;0.9848;0.9312;0.7742;0.7849;0.0029;;;;;;;;5.76
2026-02-17T19:38:16.983578;mvtec_AD/metal_nut;cont_5pct_none;0.05;none;10;10;10;0;0;115;22;93;0;5;95;0.9311;0.9840;0.9355;0.7419;0.7634;0.0000;;;;;;;;4.95
2026-02-17T19:38:22.121647;mvtec_AD/metal_nut;cont_5pct_loo_patch;0.05;loo_patch;10;10;10;0;392;115;22;93;0;5;95;0.9355;0.9852;0.9333;0.7419;0.7957;0.0044;1.0000;;;;;;;5.14
2026-02-17T19:38:27.302078;mvtec_AD/metal_nut;cont_5pct_random_patch;0.05;random_patch;10;10;10;0;392;115;22;93;0;5;95;0.9326;0.9844;0.9341;0.7419;0.7527;0.0015;1.0000;;;;;;;5.17
2026-02-17T19:38:34.482175;mvtec_AD/metal_nut;cont_5pct_mahalanobis_patch;0.05;mahalanobis_patch;10;10;10;0;392;115;22;93;0;5;95;0.9340;0.9850;0.9319;0.7634;0.7957;0.0029;1.0000;;;;;;;7.17
2026-02-17T19:38:34.498656;mvtec_AD/metal_nut;cont_5pct_oracle_patch;0.05;oracle_patch;10;10;10;0;0;115;22;93;0;5;95;0.9311;0.9840;0.9355;0.7419;0.7634;0.0000;1.0000;;;;;;;0.01
2026-02-17T19:38:43.503311;mvtec_AD/metal_nut;cont_5pct_ensemble_loo_mahal;0.05;ensemble_loo_mahal;10;10;10;0;392;115;22;93;0;5;95;0.9306;0.9840;0.9271;0.7419;0.7957;-0.0005;1.0000;;;;;;;8.90
2026-02-17T19:38:48.990362;mvtec_AD/metal_nut;cont_5pct_cosine_loo;0.05;cosine_loo;10;10;10;0;392;115;22;93;0;5;95;0.9340;0.9848;0.9312;0.7742;0.7849;0.0029;1.0000;;;;;;;5.48
2026-02-17T19:38:53.793904;mvtec_AD/metal_nut;cont_40pct_none;0.4;none;10;10;10;4;0;115;22;93;0;5;95;0.8451;0.9612;0.9022;0.4839;0.5269;-0.0860;;;;;;;;4.78
2026-02-17T19:39:00.343555;mvtec_AD/metal_nut;cont_40pct_loo_patch;0.4;loo_patch;10;10;10;4;392;115;22;93;0;5;95;0.9218;0.9816;0.9239;0.7097;0.7204;-0.0093;0.8920;1.0000;1;1.0000;1.0000;;;6.54
2026-02-17T19:39:04.756468;mvtec_AD/metal_nut;cont_40pct_random_patch;0.4;random_patch;10;10;10;4;392;115;22;93;0;5;95;0.8558;0.9641;0.9081;0.5054;0.5161;-0.0753;0.1250;1.0000;1;1.0000;1.0000;;;4.41
2026-02-17T19:39:11.672955;mvtec_AD/metal_nut;cont_40pct_mahalanobis_patch;0.4;mahalanobis_patch;10;10;10;4;392;115;22;93;0;5;95;0.9223;0.9818;0.9246;0.6989;0.7204;-0.0088;0.8977;1.0000;1;1.0000;1.0000;;;6.91
2026-02-17T19:39:14.943294;mvtec_AD/metal_nut;cont_40pct_oracle_patch;0.4;oracle_patch;10;10;6;4;3136;115;22;93;0;5;95;0.9238;0.9822;0.9231;0.7204;0.7634;-0.0073;0.9148;1.0000;1;1.0000;1.0000;;;3.27
2026-02-17T19:39:21.628207;mvtec_AD/metal_nut;cont_40pct_ensemble_loo_mahal;0.4;ensemble_loo_mahal;10;10;10;4;392;115;22;93;0;5;95;0.9277;0.9830;0.9263;0.6989;0.7527;-0.0034;0.9602;1.0000;1;1.0000;1.0000;;;6.68
2026-02-17T19:39:27.260066;mvtec_AD/metal_nut;cont_40pct_cosine_loo;0.4;cosine_loo;10;10;10;4;392;115;22;93;0;5;95;0.9233;0.9818;0.9263;0.6989;0.7097;-0.0078;0.9091;1.0000;1;1.0000;1.0000;;;5.63
2026-02-17T19:39:32.670930;mvtec_AD/metal_nut;cont_50pct_none;0.5;none;10;10;10;5;0;115;22;93;0;5;95;0.8348;0.9593;0.8995;0.4839;0.5591;-0.0963;;;;;;;;5.38
2026-02-17T19:39:37.919485;mvtec_AD/metal_nut;cont_50pct_loo_patch;0.5;loo_patch;10;10;10;5;392;115;22;93;0;5;95;0.9018;0.9775;0.9167;0.6882;0.7204;-0.0293;0.6954;0.9200;1;0.8000;0.8000;;;5.24
2026-02-17T19:39:42.547313;mvtec_AD/metal_nut;cont_50pct_random_patch;0.5;random_patch;10;10;10;5;392;115;22;93;0;5;95;0.8436;0.9618;0.8984;0.5054;0.5269;-0.0875;0.0914;0.9200;1;0.8000;0.8000;;;4.62
2026-02-17T19:39:49.337257;mvtec_AD/metal_nut;cont_50pct_mahalanobis_patch;0.5;mahalanobis_patch;10;10;10;5;392;115;22;93;0;5;95;0.9076;0.9788;0.9206;0.6774;0.7097;-0.0235;0.7563;0.9200;1;0.8000;0.8000;;;6.79
2026-02-17T19:39:52.126168;mvtec_AD/metal_nut;cont_50pct_oracle_patch;0.5;oracle_patch;10;10;5;5;3920;115;22;93;0;5;95;0.9306;0.9836;0.9348;0.7204;0.7312;-0.0005;0.9949;0.9200;1;0.8000;0.8000;;;2.78
2026-02-17T19:39:59.661795;mvtec_AD/metal_nut;cont_50pct_ensemble_loo_mahal;0.5;ensemble_loo_mahal;10;10;10;5;392;115;22;93;0;5;95;0.9106;0.9793;0.9278;0.6882;0.7204;-0.0205;0.7868;0.9200;1;0.8000;0.8000;;;7.53
2026-02-17T19:40:05.242844;mvtec_AD/metal_nut;cont_50pct_cosine_loo;0.5;cosine_loo;10;10;10;5;392;115;22;93;0;5;95;0.8978;0.9765;0.9158;0.6774;0.7097;-0.0332;0.6548;0.9200;1;0.8000;0.8000;;;5.57
2026-02-17T19:40:10.187179;mvtec_AD/metal_nut;cont_0pct_none;0.0;none;10;10;10;0;0;115;22;93;1;5;95;0.8827;0.9728;0.9072;0.6667;0.6667;;;;;;;;;4.82
2026-02-17T19:40:16.660071;mvtec_AD/metal_nut;cont_0pct_loo_patch;0.0;loo_patch;10;10;10;0;392;115;22;93;1;5;95;0.8812;0.9723;0.9029;0.6344;0.6559;-0.0015;;;;;;;;6.47
2026-02-17T19:40:21.573725;mvtec_AD/metal_nut;cont_0pct_random_patch;0.0;random_patch;10;10;10;0;392;115;22;93;1;5;95;0.8754;0.9713;0.9062;0.6667;0.6774;-0.0073;;;;;;;;4.91
2026-02-17T19:40:29.607183;mvtec_AD/metal_nut;cont_0pct_mahalanobis_patch;0.0;mahalanobis_patch;10;10;10;0;392;115;22;93;1;5;95;0.8851;0.9739;0.9026;0.6774;0.7204;0.0024;;;;;;;;8.03
2026-02-17T19:40:29.621181;mvtec_AD/metal_nut;cont_0pct_oracle_patch;0.0;oracle_patch;10;10;10;0;0;115;22;93;1;5;95;0.8827;0.9728;0.9072;0.6667;0.6667;0.0000;;;;;;;;0.01
2026-02-17T19:40:36.484727;mvtec_AD/metal_nut;cont_0pct_ensemble_loo_mahal;0.0;ensemble_loo_mahal;10;10;10;0;392;115;22;93;1;5;95;0.8807;0.9723;0.9050;0.6344;0.6559;-0.0020;;;;;;;;6.77
2026-02-17T19:40:42.067005;mvtec_AD/metal_nut;cont_0pct_cosine_loo;0.0;cosine_loo;10;10;10;0;392;115;22;93;1;5;95;0.8861;0.9738;0.9062;0.6452;0.7204;0.0034;;;;;;;;5.58
2026-02-17T19:40:47.465894;mvtec_AD/metal_nut;cont_5pct_none;0.05;none;10;10;10;0;0;115;22;93;1;5;95;0.8827;0.9728;0.9072;0.6667;0.6667;0.0000;;;;;;;;5.38
2026-02-17T19:40:52.893371;mvtec_AD/metal_nut;cont_5pct_loo_patch;0.05;loo_patch;10;10;10;0;392;115;22;93;1;5;95;0.8812;0.9723;0.9029;0.6344;0.6559;-0.0015;1.0000;;;;;;;5.42
2026-02-17T19:40:57.582986;mvtec_AD/metal_nut;cont_5pct_random_patch;0.05;random_patch;10;10;10;0;392;115;22;93;1;5;95;0.8754;0.9713;0.9062;0.6667;0.6774;-0.0073;1.0000;;;;;;;4.69
2026-02-17T19:41:04.287873;mvtec_AD/metal_nut;cont_5pct_mahalanobis_patch;0.05;mahalanobis_patch;10;10;10;0;392;115;22;93;1;5;95;0.8851;0.9739;0.9026;0.6774;0.7204;0.0024;1.0000;;;;;;;6.70
2026-02-17T19:41:04.302584;mvtec_AD/metal_nut;cont_5pct_oracle_patch;0.05;oracle_patch;10;10;10;0;0;115;22;93;1;5;95;0.8827;0.9728;0.9072;0.6667;0.6667;0.0000;1.0000;;;;;;;0.01
2026-02-17T19:41:11.239358;mvtec_AD/metal_nut;cont_5pct_ensemble_loo_mahal;0.05;ensemble_loo_mahal;10;10;10;0;392;115;22;93;1;5;95;0.8807;0.9723;0.9050;0.6344;0.6559;-0.0020;1.0000;;;;;;;6.84
2026-02-17T19:41:17.647129;mvtec_AD/metal_nut;cont_5pct_cosine_loo;0.05;cosine_loo;10;10;10;0;392;115;22;93;1;5;95;0.8861;0.9738;0.9062;0.6452;0.7204;0.0034;1.0000;;;;;;;6.40
2026-02-17T19:41:22.379653;mvtec_AD/metal_nut;cont_40pct_none;0.4;none;10;10;10;4;0;115;22;93;1;5;95;0.8368;0.9628;0.8942;0.6989;0.6989;-0.0459;;;;;;;;4.71
2026-02-17T19:41:27.938676;mvtec_AD/metal_nut;cont_40pct_loo_patch;0.4;loo_patch;10;10;10;4;392;115;22;93;1;5;95;0.8729;0.9710;0.9082;0.7312;0.7312;-0.0098;0.7872;0.7917;1;0.5000;0.5000;;;5.55
2026-02-17T19:41:33.259387;mvtec_AD/metal_nut;cont_40pct_random_patch;0.4;random_patch;10;10;10;4;392;115;22;93;1;5;95;0.8451;0.9647;0.8942;0.6774;0.6989;-0.0376;0.1809;0.7917;1;0.5000;0.5000;;;5.32
2026-02-17T19:41:39.550543;mvtec_AD/metal_nut;cont_40pct_mahalanobis_patch;0.4;mahalanobis_patch;10;10;10;4;392;115;22;93;1;5;95;0.8700;0.9704;0.9036;0.7312;0.7312;-0.0127;0.7234;0.7917;1;0.5000;0.5000;;;6.29
2026-02-17T19:41:42.998256;mvtec_AD/metal_nut;cont_40pct_oracle_patch;0.4;oracle_patch;10;10;6;4;3136;115;22;93;1;5;95;0.8842;0.9732;0.9175;0.7097;0.7634;0.0015;1.0319;0.7917;1;0.5000;0.5000;;;3.44
2026-02-17T19:41:50.181717;mvtec_AD/metal_nut;cont_40pct_ensemble_loo_mahal;0.4;ensemble_loo_mahal;10;10;10;4;392;115;22;93;1;5;95;0.8773;0.9720;0.9082;0.7419;0.7419;-0.0054;0.8830;0.7917;1;0.5000;0.5000;;;6.89
2026-02-17T19:41:55.790816;mvtec_AD/metal_nut;cont_40pct_cosine_loo;0.4;cosine_loo;10;10;10;4;392;115;22;93;1;5;95;0.8734;0.9711;0.9082;0.7312;0.7312;-0.0093;0.7979;0.7917;1;0.5000;0.5000;;;5.60
2026-02-17T19:42:00.506061;mvtec_AD/metal_nut;cont_50pct_none;0.5;none;10;10;10;5;0;115;22;93;1;5;95;0.8182;0.9583;0.8942;0.6559;0.6774;-0.0645;;;;;;;;4.69
2026-02-17T19:42:05.822262;mvtec_AD/metal_nut;cont_50pct_loo_patch;0.5;loo_patch;10;10;10;5;392;115;22;93;1;5;95;0.8543;0.9664;0.9036;0.6667;0.7204;-0.0283;0.5606;0.8000;1;0.6000;0.6000;;;5.31
2026-02-17T19:42:10.165284;mvtec_AD/metal_nut;cont_50pct_random_patch;0.5;random_patch;10;10;10;5;392;115;22;93;1;5;95;0.8162;0.9577;0.8942;0.6344;0.6667;-0.0665;-0.0303;0.8000;1;0.6000;0.6000;;;4.34
2026-02-17T19:42:17.103006;mvtec_AD/metal_nut;cont_50pct_mahalanobis_patch;0.5;mahalanobis_patch;10;10;10;5;392;115;22;93;1;5;95;0.8480;0.9641;0.9100;0.6452;0.6452;-0.0347;0.4621;0.8000;1;0.6000;0.6000;;;6.93
2026-02-17T19:42:19.149111;mvtec_AD/metal_nut;cont_50pct_oracle_patch;0.5;oracle_patch;10;10;5;5;3920;115;22;93;1;5;95;0.8812;0.9722;0.9192;0.6774;0.7204;-0.0015;0.9773;0.8000;1;0.6000;0.6000;;;2.04
2026-02-17T19:42:25.611947;mvtec_AD/metal_nut;cont_50pct_ensemble_loo_mahal;0.5;ensemble_loo_mahal;10;10;10;5;392;115;22;93;1;5;95;0.8617;0.9679;0.9100;0.6774;0.7097;-0.0210;0.6742;0.8000;1;0.6000;0.6000;;;6.46
2026-02-17T19:42:31.011289;mvtec_AD/metal_nut;cont_50pct_cosine_loo;0.5;cosine_loo;10;10;10;5;392;115;22;93;1;5;95;0.8470;0.9645;0.9000;0.6774;0.6882;-0.0357;0.4470;0.8000;1;0.6000;0.6000;;;5.40
2026-02-17T19:42:35.793422;mvtec_AD/metal_nut;cont_0pct_none;0.0;none;10;10;10;0;0;115;22;93;2;5;95;0.9071;0.9788;0.9206;0.7312;0.7312;;;;;;;;;4.67
2026-02-17T19:42:41.051687;mvtec_AD/metal_nut;cont_0pct_loo_patch;0.0;loo_patch;10;10;10;0;392;115;22;93;2;5;95;0.8978;0.9766;0.9180;0.6882;0.7419;-0.0093;;;;;;;;5.25
2026-02-17T19:42:45.379641;mvtec_AD/metal_nut;cont_0pct_random_patch;0.0;random_patch;10;10;10;0;392;115;22;93;2;5;95;0.9032;0.9778;0.9263;0.7097;0.7419;-0.0039;;;;;;;;4.32
2026-02-17T19:42:51.181337;mvtec_AD/metal_nut;cont_0pct_mahalanobis_patch;0.0;mahalanobis_patch;10;10;10;0;392;115;22;93;2;5;95;0.8974;0.9768;0.9167;0.7204;0.7742;-0.0098;;;;;;;;5.80
2026-02-17T19:42:51.197784;mvtec_AD/metal_nut;cont_0pct_oracle_patch;0.0;oracle_patch;10;10;10;0;0;115;22;93;2;5;95;0.9071;0.9788;0.9206;0.7312;0.7312;0.0000;;;;;;;;0.01
2026-02-17T19:42:57.415518;mvtec_AD/metal_nut;cont_0pct_ensemble_loo_mahal;0.0;ensemble_loo_mahal;10;10;10;0;392;115;22;93;2;5;95;0.8939;0.9756;0.9167;0.6882;0.7634;-0.0132;;;;;;;;6.13
2026-02-17T19:43:02.855903;mvtec_AD/metal_nut;cont_0pct_cosine_loo;0.0;cosine_loo;10;10;10;0;392;115;22;93;2;5;95;0.8993;0.9768;0.9189;0.7097;0.7634;-0.0078;;;;;;;;5.44
2026-02-17T19:43:07.201491;mvtec_AD/metal_nut;cont_5pct_none;0.05;none;10;10;10;0;0;115;22;93;2;5;95;0.9071;0.9788;0.9206;0.7312;0.7312;0.0000;;;;;;;;4.33
2026-02-17T19:43:12.362486;mvtec_AD/metal_nut;cont_5pct_loo_patch;0.05;loo_patch;10;10;10;0;392;115;22;93;2;5;95;0.8978;0.9766;0.9180;0.6882;0.7419;-0.0093;1.0000;;;;;;;5.15
2026-02-17T19:43:16.735121;mvtec_AD/metal_nut;cont_5pct_random_patch;0.05;random_patch;10;10;10;0;392;115;22;93;2;5;95;0.9032;0.9778;0.9263;0.7097;0.7419;-0.0039;1.0000;;;;;;;4.37
2026-02-17T19:43:22.868078;mvtec_AD/metal_nut;cont_5pct_mahalanobis_patch;0.05;mahalanobis_patch;10;10;10;0;392;115;22;93;2;5;95;0.8974;0.9768;0.9167;0.7204;0.7742;-0.0098;1.0000;;;;;;;6.13
2026-02-17T19:43:22.880523;mvtec_AD/metal_nut;cont_5pct_oracle_patch;0.05;oracle_patch;10;10;10;0;0;115;22;93;2;5;95;0.9071;0.9788;0.9206;0.7312;0.7312;0.0000;1.0000;;;;;;;0.01
2026-02-17T19:43:29.577995;mvtec_AD/metal_nut;cont_5pct_ensemble_loo_mahal;0.05;ensemble_loo_mahal;10;10;10;0;392;115;22;93;2;5;95;0.8939;0.9756;0.9167;0.6882;0.7634;-0.0132;1.0000;;;;;;;6.70
2026-02-17T19:43:34.881463;mvtec_AD/metal_nut;cont_5pct_cosine_loo;0.05;cosine_loo;10;10;10;0;392;115;22;93;2;5;95;0.8993;0.9768;0.9189;0.7097;0.7634;-0.0078;1.0000;;;;;;;5.30
2026-02-17T19:43:39.053004;mvtec_AD/metal_nut;cont_40pct_none;0.4;none;10;10;10;4;0;115;22;93;2;5;95;0.8216;0.9581;0.8942;0.5269;0.5914;-0.0855;;;;;;;;4.15
2026-02-17T19:43:44.206755;mvtec_AD/metal_nut;cont_40pct_loo_patch;0.4;loo_patch;10;10;10;4;392;115;22;93;2;5;95;0.8284;0.9592;0.8942;0.4946;0.5914;-0.0787;0.0800;0.6667;0;0.5000;0.5000;;;5.15
2026-02-17T19:43:48.547846;mvtec_AD/metal_nut;cont_40pct_random_patch;0.4;random_patch;10;10;10;4;392;115;22;93;2;5;95;0.8211;0.9576;0.8942;0.5376;0.5914;-0.0860;-0.0057;0.6667;0;0.5000;0.5000;;;4.34
2026-02-17T19:43:54.660778;mvtec_AD/metal_nut;cont_40pct_mahalanobis_patch;0.4;mahalanobis_patch;10;10;10;4;392;115;22;93;2;5;95;0.8558;0.9662;0.8942;0.5591;0.6344;-0.0513;0.4000;0.6667;0;0.5000;0.5000;;;6.11
2026-02-17T19:43:57.223368;mvtec_AD/metal_nut;cont_40pct_oracle_patch;0.4;oracle_patch;10;10;6;4;3136;115;22;93;2;5;95;0.8930;0.9754;0.9062;0.6774;0.7097;-0.0142;0.8343;0.6667;0;0.5000;0.5000;;;2.56
2026-02-17T19:44:04.136443;mvtec_AD/metal_nut;cont_40pct_ensemble_loo_mahal;0.4;ensemble_loo_mahal;10;10;10;4;392;115;22;93;2;5;95;0.8568;0.9661;0.8966;0.5054;0.6667;-0.0503;0.4114;0.6667;0;0.5000;0.5000;;;6.91
2026-02-17T19:44:09.692554;mvtec_AD/metal_nut;cont_40pct_cosine_loo;0.4;cosine_loo;10;10;10;4;392;115;22;93;2;5;95;0.8255;0.9582;0.8942;0.5161;0.5699;-0.0816;0.0457;0.6667;0;0.5000;0.5000;;;5.55
2026-02-17T19:44:15.214885;mvtec_AD/metal_nut;cont_50pct_none;0.5;none;10;10;10;5;0;115;22;93;2;5;95;0.7986;0.9520;0.8942;0.5054;0.5484;-0.1085;;;;;;;;5.49
2026-02-17T19:44:20.432031;mvtec_AD/metal_nut;cont_50pct_loo_patch;0.5;loo_patch;10;10;10;5;392;115;22;93;2;5;95;0.8157;0.9562;0.8942;0.4839;0.5806;-0.0914;0.1577;0.7200;1;0.6000;0.6000;;;5.21
2026-02-17T19:44:25.190390;mvtec_AD/metal_nut;cont_50pct_random_patch;0.5;random_patch;10;10;10;5;392;115;22;93;2;5;95;0.7957;0.9510;0.8942;0.4839;0.5484;-0.1114;-0.0270;0.7200;1;0.6000;0.6000;;;4.75
2026-02-17T19:44:31.923498;mvtec_AD/metal_nut;cont_50pct_mahalanobis_patch;0.5;mahalanobis_patch;10;10;10;5;392;115;22;93;2;5;95;0.8284;0.9599;0.8942;0.5269;0.6344;-0.0787;0.2748;0.7200;1;0.6000;0.6000;;;6.72
2026-02-17T19:44:34.185650;mvtec_AD/metal_nut;cont_50pct_oracle_patch;0.5;oracle_patch;10;10;5;5;3920;115;22;93;2;5;95;0.8998;0.9765;0.9255;0.6882;0.7204;-0.0073;0.9324;0.7200;1;0.6000;0.6000;;;2.26
2026-02-17T19:44:41.616185;mvtec_AD/metal_nut;cont_50pct_ensemble_loo_mahal;0.5;ensemble_loo_mahal;10;10;10;5;392;115;22;93;2;5;95;0.8245;0.9586;0.8942;0.5161;0.5806;-0.0826;0.2387;0.7200;1;0.6000;0.6000;;;7.43
2026-02-17T19:44:46.865428;mvtec_AD/metal_nut;cont_50pct_cosine_loo;0.5;cosine_loo;10;10;10;5;392;115;22;93;2;5;95;0.8182;0.9563;0.8942;0.4839;0.5591;-0.0890;0.1802;0.7200;1;0.6000;0.6000;;;5.24
2026-02-17T19:44:52.325185;mvtec_AD/metal_nut;cont_0pct_none;0.0;none;10;10;10;0;0;115;22;93;3;5;95;0.9164;0.9814;0.9231;0.7527;0.8172;;;;;;;;;5.34
2026-02-17T19:44:57.615892;mvtec_AD/metal_nut;cont_0pct_loo_patch;0.0;loo_patch;10;10;10;0;392;115;22;93;3;5;95;0.9130;0.9805;0.9162;0.7634;0.7634;-0.0034;;;;;;;;5.28
2026-02-17T19:45:02.273038;mvtec_AD/metal_nut;cont_0pct_random_patch;0.0;random_patch;10;10;10;0;392;115;22;93;3;5;95;0.9125;0.9804;0.9198;0.7312;0.7957;-0.0039;;;;;;;;4.65
2026-02-17T19:45:09.354609;mvtec_AD/metal_nut;cont_0pct_mahalanobis_patch;0.0;mahalanobis_patch;10;10;10;0;392;115;22;93;3;5;95;0.9091;0.9797;0.9149;0.7634;0.7742;-0.0073;;;;;;;;7.08
2026-02-17T19:45:09.366610;mvtec_AD/metal_nut;cont_0pct_oracle_patch;0.0;oracle_patch;10;10;10;0;0;115;22;93;3;5;95;0.9164;0.9814;0.9231;0.7527;0.8172;0.0000;;;;;;;;0.01
2026-02-17T19:45:16.224500;mvtec_AD/metal_nut;cont_0pct_ensemble_loo_mahal;0.0;ensemble_loo_mahal;10;10;10;0;392;115;22;93;3;5;95;0.9091;0.9797;0.9149;0.7742;0.7742;-0.0073;;;;;;;;6.85
2026-02-17T19:45:22.000347;mvtec_AD/metal_nut;cont_0pct_cosine_loo;0.0;cosine_loo;10;10;10;0;392;115;22;93;3;5;95;0.9115;0.9803;0.9149;0.7634;0.7849;-0.0049;;;;;;;;5.77
2026-02-17T19:45:26.666432;mvtec_AD/metal_nut;cont_5pct_none;0.05;none;10;10;10;0;0;115;22;93;3;5;95;0.9164;0.9814;0.9231;0.7527;0.8172;0.0000;;;;;;;;4.65
2026-02-17T19:45:32.881761;mvtec_AD/metal_nut;cont_5pct_loo_patch;0.05;loo_patch;10;10;10;0;392;115;22;93;3;5;95;0.9130;0.9805;0.9162;0.7634;0.7634;-0.0034;1.0000;;;;;;;6.21
2026-02-17T19:45:37.519057;mvtec_AD/metal_nut;cont_5pct_random_patch;0.05;random_patch;10;10;10;0;392;115;22;93;3;5;95;0.9125;0.9804;0.9198;0.7312;0.7957;-0.0039;1.0000;;;;;;;4.63
2026-02-17T19:45:44.356200;mvtec_AD/metal_nut;cont_5pct_mahalanobis_patch;0.05;mahalanobis_patch;10;10;10;0;392;115;22;93;3;5;95;0.9091;0.9797;0.9149;0.7634;0.7742;-0.0073;1.0000;;;;;;;6.83
2026-02-17T19:45:44.371200;mvtec_AD/metal_nut;cont_5pct_oracle_patch;0.05;oracle_patch;10;10;10;0;0;115;22;93;3;5;95;0.9164;0.9814;0.9231;0.7527;0.8172;0.0000;1.0000;;;;;;;0.01
2026-02-17T19:45:51.360059;mvtec_AD/metal_nut;cont_5pct_ensemble_loo_mahal;0.05;ensemble_loo_mahal;10;10;10;0;392;115;22;93;3;5;95;0.9091;0.9797;0.9149;0.7742;0.7742;-0.0073;1.0000;;;;;;;6.87
2026-02-17T19:45:56.950475;mvtec_AD/metal_nut;cont_5pct_cosine_loo;0.05;cosine_loo;10;10;10;0;392;115;22;93;3;5;95;0.9115;0.9803;0.9149;0.7634;0.7849;-0.0049;1.0000;;;;;;;5.59
2026-02-17T19:46:02.196184;mvtec_AD/metal_nut;cont_40pct_none;0.4;none;10;10;10;4;0;115;22;93;3;5;95;0.8456;0.9651;0.8942;0.6559;0.6559;-0.0709;;;;;;;;5.22
2026-02-17T19:46:07.179616;mvtec_AD/metal_nut;cont_40pct_loo_patch;0.4;loo_patch;10;10;10;4;392;115;22;93;3;5;95;0.8470;0.9653;0.8942;0.6559;0.6882;-0.0694;0.0207;0.7500;1;0.5000;0.5000;;;4.98
2026-02-17T19:46:12.452667;mvtec_AD/metal_nut;cont_40pct_random_patch;0.4;random_patch;10;10;10;4;392;115;22;93;3;5;95;0.8456;0.9652;0.8942;0.6667;0.6774;-0.0709;0.0000;0.7500;1;0.5000;0.5000;;;5.27
2026-02-17T19:46:19.193736;mvtec_AD/metal_nut;cont_40pct_mahalanobis_patch;0.4;mahalanobis_patch;10;10;10;4;392;115;22;93;3;5;95;0.8719;0.9706;0.9055;0.6774;0.7204;-0.0445;0.3724;0.7500;1;0.5000;0.5000;;;6.74
2026-02-17T19:46:21.670202;mvtec_AD/metal_nut;cont_40pct_oracle_patch;0.4;oracle_patch;10;10;6;4;3136;115;22;93;3;5;95;0.9101;0.9802;0.9111;0.8065;0.8172;-0.0064;0.9103;0.7500;1;0.5000;0.5000;;;2.47
2026-02-17T19:46:28.736111;mvtec_AD/metal_nut;cont_40pct_ensemble_loo_mahal;0.4;ensemble_loo_mahal;10;10;10;4;392;115;22;93;3;5;95;0.8548;0.9668;0.9000;0.6559;0.6667;-0.0616;0.1310;0.7500;1;0.5000;0.5000;;;7.06
2026-02-17T19:46:34.018810;mvtec_AD/metal_nut;cont_40pct_cosine_loo;0.4;cosine_loo;10;10;10;4;392;115;22;93;3;5;95;0.8509;0.9664;0.8942;0.6667;0.7097;-0.0655;0.0759;0.7500;1;0.5000;0.5000;;;5.28
2026-02-17T19:46:39.333365;mvtec_AD/metal_nut;cont_50pct_none;0.5;none;10;10;10;5;0;115;22;93;3;5;95;0.8392;0.9639;0.8942;0.6559;0.6774;-0.0772;;;;;;;;5.29
2026-02-17T19:46:45.048336;mvtec_AD/metal_nut;cont_50pct_loo_patch;0.5;loo_patch;10;10;10;5;392;115;22;93;3;5;95;0.8465;0.9654;0.8942;0.6774;0.6774;-0.0699;0.0949;0.6400;1;0.6000;0.6000;;;5.71
2026-02-17T19:46:49.551031;mvtec_AD/metal_nut;cont_50pct_random_patch;0.5;random_patch;10;10;10;5;392;115;22;93;3;5;95;0.8382;0.9639;0.8942;0.6667;0.6774;-0.0782;-0.0127;0.6400;1;0.6000;0.6000;;;4.50
2026-02-17T19:46:56.469695;mvtec_AD/metal_nut;cont_50pct_mahalanobis_patch;0.5;mahalanobis_patch;10;10;10;5;392;115;22;93;3;5;95;0.8602;0.9683;0.8976;0.6774;0.6882;-0.0562;0.2722;0.6400;1;0.6000;0.6000;;;6.91
2026-02-17T19:46:59.150171;mvtec_AD/metal_nut;cont_50pct_oracle_patch;0.5;oracle_patch;10;10;5;5;3920;115;22;93;3;5;95;0.9218;0.9825;0.9222;0.7527;0.7957;0.0054;1.0696;0.6400;1;0.6000;0.6000;;;2.67
2026-02-17T19:47:06.889442;mvtec_AD/metal_nut;cont_50pct_ensemble_loo_mahal;0.5;ensemble_loo_mahal;10;10;10;5;392;115;22;93;3;5;95;0.8548;0.9671;0.8942;0.6774;0.6774;-0.0616;0.2025;0.6400;1;0.6000;0.6000;;;7.74
2026-02-17T19:47:12.063940;mvtec_AD/metal_nut;cont_50pct_cosine_loo;0.5;cosine_loo;10;10;10;5;392;115;22;93;3;5;95;0.8500;0.9663;0.8942;0.6774;0.6774;-0.0665;0.1392;0.6400;1;0.6000;0.6000;;;5.17
2026-02-17T19:47:16.724035;mvtec_AD/metal_nut;cont_0pct_none;0.0;none;10;10;10;0;0;115;22;93;4;5;95;0.9360;0.9851;0.9436;0.7634;0.7634;;;;;;;;;4.55
2026-02-17T19:47:22.249445;mvtec_AD/metal_nut;cont_0pct_loo_patch;0.0;loo_patch;10;10;10;0;392;115;22;93;4;5;95;0.9326;0.9846;0.9362;0.7634;0.7849;-0.0034;;;;;;;;5.52
2026-02-17T19:47:26.541481;mvtec_AD/metal_nut;cont_0pct_random_patch;0.0;random_patch;10;10;10;0;392;115;22;93;4;5;95;0.9374;0.9854;0.9436;0.7634;0.7634;0.0015;;;;;;;;4.29
2026-02-17T19:47:33.327749;mvtec_AD/metal_nut;cont_0pct_mahalanobis_patch;0.0;mahalanobis_patch;10;10;10;0;392;115;22;93;4;5;95;0.9301;0.9842;0.9263;0.7634;0.8172;-0.0059;;;;;;;;6.78
2026-02-17T19:47:33.340749;mvtec_AD/metal_nut;cont_0pct_oracle_patch;0.0;oracle_patch;10;10;10;0;0;115;22;93;4;5;95;0.9360;0.9851;0.9436;0.7634;0.7634;0.0000;;;;;;;;0.01
2026-02-17T19:47:39.997359;mvtec_AD/metal_nut;cont_0pct_ensemble_loo_mahal;0.0;ensemble_loo_mahal;10;10;10;0;392;115;22;93;4;5;95;0.9321;0.9847;0.9312;0.7742;0.8172;-0.0039;;;;;;;;6.65
2026-02-17T19:47:45.510086;mvtec_AD/metal_nut;cont_0pct_cosine_loo;0.0;cosine_loo;10;10;10;0;392;115;22;93;4;5;95;0.9335;0.9847;0.9312;0.7634;0.7742;-0.0024;;;;;;;;5.51
2026-02-17T19:47:50.271335;mvtec_AD/metal_nut;cont_5pct_none;0.05;none;10;10;10;0;0;115;22;93;4;5;95;0.9360;0.9851;0.9436;0.7634;0.7634;0.0000;;;;;;;;4.75
2026-02-17T19:47:55.804243;mvtec_AD/metal_nut;cont_5pct_loo_patch;0.05;loo_patch;10;10;10;0;392;115;22;93;4;5;95;0.9326;0.9846;0.9362;0.7634;0.7849;-0.0034;1.0000;;;;;;;5.53
2026-02-17T19:48:00.103211;mvtec_AD/metal_nut;cont_5pct_random_patch;0.05;random_patch;10;10;10;0;392;115;22;93;4;5;95;0.9374;0.9854;0.9436;0.7634;0.7634;0.0015;1.0000;;;;;;;4.29
2026-02-17T19:48:07.018278;mvtec_AD/metal_nut;cont_5pct_mahalanobis_patch;0.05;mahalanobis_patch;10;10;10;0;392;115;22;93;4;5;95;0.9301;0.9842;0.9263;0.7634;0.8172;-0.0059;1.0000;;;;;;;6.91
2026-02-17T19:48:07.032276;mvtec_AD/metal_nut;cont_5pct_oracle_patch;0.05;oracle_patch;10;10;10;0;0;115;22;93;4;5;95;0.9360;0.9851;0.9436;0.7634;0.7634;0.0000;1.0000;;;;;;;0.01
2026-02-17T19:48:13.792689;mvtec_AD/metal_nut;cont_5pct_ensemble_loo_mahal;0.05;ensemble_loo_mahal;10;10;10;0;392;115;22;93;4;5;95;0.9321;0.9847;0.9312;0.7742;0.8172;-0.0039;1.0000;;;;;;;6.76
2026-02-17T19:48:19.097900;mvtec_AD/metal_nut;cont_5pct_cosine_loo;0.05;cosine_loo;10;10;10;0;392;115;22;93;4;5;95;0.9335;0.9847;0.9312;0.7634;0.7742;-0.0024;1.0000;;;;;;;5.30
2026-02-17T19:48:23.923614;mvtec_AD/metal_nut;cont_40pct_none;0.4;none;10;10;10;4;0;115;22;93;4;5;95;0.8612;0.9686;0.8973;0.6559;0.7527;-0.0748;;;;;;;;4.80
2026-02-17T19:48:29.413058;mvtec_AD/metal_nut;cont_40pct_loo_patch;0.4;loo_patch;10;10;10;4;392;115;22;93;4;5;95;0.9013;0.9777;0.9111;0.7097;0.7634;-0.0347;0.5359;0.7500;1;0.7500;0.7500;;;5.49
2026-02-17T19:48:33.615676;mvtec_AD/metal_nut;cont_40pct_random_patch;0.4;random_patch;10;10;10;4;392;115;22;93;4;5;95;0.8622;0.9690;0.8973;0.6559;0.7527;-0.0738;0.0131;0.7500;1;0.7500;0.7500;;;4.20
2026-02-17T19:48:40.603759;mvtec_AD/metal_nut;cont_40pct_mahalanobis_patch;0.4;mahalanobis_patch;10;10;10;4;392;115;22;93;4;5;95;0.8949;0.9761;0.9101;0.6882;0.7849;-0.0411;0.4510;0.7500;1;0.7500;0.7500;;;6.98
2026-02-17T19:48:43.593493;mvtec_AD/metal_nut;cont_40pct_oracle_patch;0.4;oracle_patch;10;10;6;4;3136;115;22;93;4;5;95;0.9174;0.9810;0.9200;0.6882;0.8280;-0.0186;0.7516;0.7500;1;0.7500;0.7500;;;2.99
2026-02-17T19:48:50.783622;mvtec_AD/metal_nut;cont_40pct_ensemble_loo_mahal;0.4;ensemble_loo_mahal;10;10;10;4;392;115;22;93;4;5;95;0.8998;0.9772;0.9140;0.6989;0.7634;-0.0362;0.5163;0.7500;1;0.7500;0.7500;;;7.19
2026-02-17T19:48:55.683070;mvtec_AD/metal_nut;cont_40pct_cosine_loo;0.4;cosine_loo;10;10;10;4;392;115;22;93;4;5;95;0.9003;0.9775;0.9101;0.6989;0.7957;-0.0357;0.5229;0.7500;1;0.7500;0.7500;;;4.89
2026-02-17T19:49:01.238615;mvtec_AD/metal_nut;cont_50pct_none;0.5;none;10;10;10;5;0;115;22;93;4;5;95;0.8480;0.9666;0.8942;0.6774;0.7204;-0.0880;;;;;;;;5.53
2026-02-17T19:49:06.351806;mvtec_AD/metal_nut;cont_50pct_loo_patch;0.5;loo_patch;10;10;10;5;392;115;22;93;4;5;95;0.8866;0.9747;0.9071;0.6989;0.7419;-0.0494;0.4389;0.6800;1;0.6000;0.6000;;;5.11
2026-02-17T19:49:11.177131;mvtec_AD/metal_nut;cont_50pct_random_patch;0.5;random_patch;10;10;10;5;392;115;22;93;4;5;95;0.8480;0.9662;0.8942;0.6344;0.7204;-0.0880;0.0000;0.6800;1;0.6000;0.6000;;;4.82
2026-02-17T19:49:17.832665;mvtec_AD/metal_nut;cont_50pct_mahalanobis_patch;0.5;mahalanobis_patch;10;10;10;5;392;115;22;93;4;5;95;0.8754;0.9718;0.8995;0.6452;0.7097;-0.0606;0.3111;0.6800;1;0.6000;0.6000;;;6.65
2026-02-17T19:49:19.871695;mvtec_AD/metal_nut;cont_50pct_oracle_patch;0.5;oracle_patch;10;10;5;5;3920;115;22;93;4;5;95;0.9189;0.9811;0.9290;0.6774;0.7527;-0.0171;0.8056;0.6800;1;0.6000;0.6000;;;2.03
2026-02-17T19:49:26.761089;mvtec_AD/metal_nut;cont_50pct_ensemble_loo_mahal;0.5;ensemble_loo_mahal;10;10;10;5;392;115;22;93;4;5;95;0.8837;0.9742;0.9071;0.7097;0.7204;-0.0523;0.4056;0.6800;1;0.6000;0.6000;;;6.89
2026-02-17T19:49:32.465557;mvtec_AD/metal_nut;cont_50pct_cosine_loo;0.5;cosine_loo;10;10;10;5;392;115;22;93;4;5;95;0.8837;0.9739;0.9071;0.6882;0.7527;-0.0523;0.4056;0.6800;1;0.6000;0.6000;;;5.70
2026-02-17T19:49:40.374440;mvtec_AD/pill;cont_0pct_none;0.0;none;10;10;10;0;0;167;26;141;0;5;95;0.9258;0.9865;0.9362;0.7305;0.8298;;;;;;;;;6.74
2026-02-17T19:49:48.186390;mvtec_AD/pill;cont_0pct_loo_patch;0.0;loo_patch;10;10;10;0;392;167;26;141;0;5;95;0.9223;0.9856;0.9441;0.7234;0.7660;-0.0035;;;;;;;;7.81
2026-02-17T19:49:54.560456;mvtec_AD/pill;cont_0pct_random_patch;0.0;random_patch;10;10;10;0;392;167;26;141;0;5;95;0.9266;0.9867;0.9408;0.7305;0.8156;0.0008;;;;;;;;6.37
2026-02-17T19:50:03.506597;mvtec_AD/pill;cont_0pct_mahalanobis_patch;0.0;mahalanobis_patch;10;10;10;0;392;167;26;141;0;5;95;0.9089;0.9830;0.9347;0.7234;0.7234;-0.0169;;;;;;;;8.94
2026-02-17T19:50:03.520597;mvtec_AD/pill;cont_0pct_oracle_patch;0.0;oracle_patch;10;10;10;0;0;167;26;141;0;5;95;0.9258;0.9865;0.9362;0.7305;0.8298;0.0000;;;;;;;;0.01
2026-02-17T19:50:13.063906;mvtec_AD/pill;cont_0pct_ensemble_loo_mahal;0.0;ensemble_loo_mahal;10;10;10;0;392;167;26;141;0;5;95;0.9171;0.9845;0.9371;0.6950;0.7589;-0.0087;;;;;;;;9.54
2026-02-17T19:50:20.822310;mvtec_AD/pill;cont_0pct_cosine_loo;0.0;cosine_loo;10;10;10;0;392;167;26;141;0;5;95;0.9138;0.9838;0.9347;0.6809;0.7234;-0.0120;;;;;;;;7.76
2026-02-17T19:50:28.597574;mvtec_AD/pill;cont_5pct_none;0.05;none;10;10;10;0;0;167;26;141;0;5;95;0.9258;0.9865;0.9362;0.7305;0.8298;0.0000;;;;;;;;7.76
2026-02-17T19:50:36.380771;mvtec_AD/pill;cont_5pct_loo_patch;0.05;loo_patch;10;10;10;0;392;167;26;141;0;5;95;0.9223;0.9856;0.9441;0.7234;0.7660;-0.0035;1.0000;;;;;;;7.78
2026-02-17T19:50:43.429642;mvtec_AD/pill;cont_5pct_random_patch;0.05;random_patch;10;10;10;0;392;167;26;141;0;5;95;0.9266;0.9867;0.9408;0.7305;0.8156;0.0008;1.0000;;;;;;;7.04
2026-02-17T19:50:52.643342;mvtec_AD/pill;cont_5pct_mahalanobis_patch;0.05;mahalanobis_patch;10;10;10;0;392;167;26;141;0;5;95;0.9089;0.9830;0.9347;0.7234;0.7234;-0.0169;1.0000;;;;;;;9.21
2026-02-17T19:50:52.658341;mvtec_AD/pill;cont_5pct_oracle_patch;0.05;oracle_patch;10;10;10;0;0;167;26;141;0;5;95;0.9258;0.9865;0.9362;0.7305;0.8298;0.0000;1.0000;;;;;;;0.01
2026-02-17T19:51:01.817682;mvtec_AD/pill;cont_5pct_ensemble_loo_mahal;0.05;ensemble_loo_mahal;10;10;10;0;392;167;26;141;0;5;95;0.9171;0.9845;0.9371;0.6950;0.7589;-0.0087;1.0000;;;;;;;9.16
2026-02-17T19:51:10.148990;mvtec_AD/pill;cont_5pct_cosine_loo;0.05;cosine_loo;10;10;10;0;392;167;26;141;0;5;95;0.9138;0.9838;0.9347;0.6809;0.7234;-0.0120;1.0000;;;;;;;8.33
2026-02-17T19:51:17.129355;mvtec_AD/pill;cont_40pct_none;0.4;none;10;10;10;4;0;167;26;141;0;5;95;0.8685;0.9750;0.9189;0.5887;0.6596;-0.0573;;;;;;;;6.96
2026-02-17T19:51:25.987278;mvtec_AD/pill;cont_40pct_loo_patch;0.4;loo_patch;10;10;10;4;392;167;26;141;0;5;95;0.8830;0.9775;0.9231;0.5887;0.6809;-0.0428;0.2524;0.9583;1;0.7500;0.7500;;;8.85
2026-02-17T19:51:32.831029;mvtec_AD/pill;cont_40pct_random_patch;0.4;random_patch;10;10;10;4;392;167;26;141;0;5;95;0.8699;0.9752;0.9181;0.5957;0.6879;-0.0559;0.0238;0.9583;1;0.7500;0.7500;;;6.84
2026-02-17T19:51:42.190851;mvtec_AD/pill;cont_40pct_mahalanobis_patch;0.4;mahalanobis_patch;10;10;10;4;392;167;26;141;0;5;95;0.8849;0.9777;0.9273;0.6241;0.6596;-0.0409;0.2857;0.9583;1;0.7500;0.7500;;;9.35
2026-02-17T19:51:46.924614;mvtec_AD/pill;cont_40pct_oracle_patch;0.4;oracle_patch;10;10;6;4;3136;167;26;141;0;5;95;0.8996;0.9803;0.9379;0.5957;0.6738;-0.0262;0.5429;0.9583;1;0.7500;0.7500;;;4.73
2026-02-17T19:51:55.745194;mvtec_AD/pill;cont_40pct_ensemble_loo_mahal;0.4;ensemble_loo_mahal;10;10;10;4;392;167;26;141;0;5;95;0.8884;0.9784;0.9296;0.6170;0.6667;-0.0374;0.3476;0.9583;1;0.7500;0.7500;;;8.82
2026-02-17T19:52:03.639481;mvtec_AD/pill;cont_40pct_cosine_loo;0.4;cosine_loo;10;10;10;4;392;167;26;141;0;5;95;0.8857;0.9776;0.9298;0.5816;0.6596;-0.0401;0.3000;0.9583;1;0.7500;0.7500;;;7.89
2026-02-17T19:52:10.251862;mvtec_AD/pill;cont_50pct_none;0.5;none;10;10;10;5;0;167;26;141;0;5;95;0.8601;0.9737;0.9156;0.6312;0.6667;-0.0657;;;;;;;;6.58
2026-02-17T19:52:18.260465;mvtec_AD/pill;cont_50pct_loo_patch;0.5;loo_patch;10;10;10;5;392;167;26;141;0;5;95;0.8833;0.9779;0.9209;0.6667;0.6738;-0.0426;0.3527;0.8800;1;0.8000;0.8000;;;8.00
2026-02-17T19:52:25.942972;mvtec_AD/pill;cont_50pct_random_patch;0.5;random_patch;10;10;10;5;392;167;26;141;0;5;95;0.8614;0.9741;0.9156;0.6383;0.6525;-0.0644;0.0207;0.8800;1;0.8000;0.8000;;;7.68
2026-02-17T19:52:35.538531;mvtec_AD/pill;cont_50pct_mahalanobis_patch;0.5;mahalanobis_patch;10;10;10;5;392;167;26;141;0;5;95;0.8751;0.9764;0.9257;0.6525;0.6809;-0.0507;0.2282;0.8800;1;0.8000;0.8000;;;9.59
2026-02-17T19:52:39.622498;mvtec_AD/pill;cont_50pct_oracle_patch;0.5;oracle_patch;10;10;5;5;3920;167;26;141;0;5;95;0.8999;0.9806;0.9343;0.6241;0.6454;-0.0259;0.6058;0.8800;1;0.8000;0.8000;;;4.08
2026-02-17T19:52:48.965957;mvtec_AD/pill;cont_50pct_ensemble_loo_mahal;0.5;ensemble_loo_mahal;10;10;10;5;392;167;26;141;0;5;95;0.8849;0.9782;0.9225;0.6667;0.6809;-0.0409;0.3776;0.8800;1;0.8000;0.8000;;;9.24
2026-02-17T19:52:56.873076;mvtec_AD/pill;cont_50pct_cosine_loo;0.5;cosine_loo;10;10;10;5;392;167;26;141;0;5;95;0.8838;0.9780;0.9247;0.6596;0.6667;-0.0420;0.3610;0.8800;1;0.8000;0.8000;;;7.90
2026-02-17T19:53:04.516758;mvtec_AD/pill;cont_0pct_none;0.0;none;10;10;10;0;0;167;26;141;1;5;95;0.8963;0.9800;0.9324;0.6312;0.6667;;;;;;;;;7.45
2026-02-17T19:53:12.379732;mvtec_AD/pill;cont_0pct_loo_patch;0.0;loo_patch;10;10;10;0;392;167;26;141;1;5;95;0.9026;0.9816;0.9388;0.7163;0.7163;0.0063;;;;;;;;7.86
2026-02-17T19:53:20.129638;mvtec_AD/pill;cont_0pct_random_patch;0.0;random_patch;10;10;10;0;392;167;26;141;1;5;95;0.8958;0.9797;0.9347;0.6099;0.6879;-0.0005;;;;;;;;7.74
2026-02-17T19:53:28.429045;mvtec_AD/pill;cont_0pct_mahalanobis_patch;0.0;mahalanobis_patch;10;10;10;0;392;167;26;141;1;5;95;0.8958;0.9801;0.9384;0.6738;0.7021;-0.0005;;;;;;;;8.29
2026-02-17T19:53:28.441046;mvtec_AD/pill;cont_0pct_oracle_patch;0.0;oracle_patch;10;10;10;0;0;167;26;141;1;5;95;0.8963;0.9800;0.9324;0.6312;0.6667;0.0000;;;;;;;;0.01
2026-02-17T19:53:38.433158;mvtec_AD/pill;cont_0pct_ensemble_loo_mahal;0.0;ensemble_loo_mahal;10;10;10;0;392;167;26;141;1;5;95;0.8947;0.9799;0.9352;0.6879;0.7021;-0.0016;;;;;;;;9.99
2026-02-17T19:53:45.997776;mvtec_AD/pill;cont_0pct_cosine_loo;0.0;cosine_loo;10;10;10;0;392;167;26;141;1;5;95;0.8958;0.9803;0.9329;0.6667;0.7021;-0.0005;;;;;;;;7.56
2026-02-17T19:53:54.238803;mvtec_AD/pill;cont_5pct_none;0.05;none;10;10;10;0;0;167;26;141;1;5;95;0.8963;0.9800;0.9324;0.6312;0.6667;0.0000;;;;;;;;8.23
2026-02-17T19:54:01.981189;mvtec_AD/pill;cont_5pct_loo_patch;0.05;loo_patch;10;10;10;0;392;167;26;141;1;5;95;0.9026;0.9816;0.9388;0.7163;0.7163;0.0063;1.0000;;;;;;;7.74
2026-02-17T19:54:09.189320;mvtec_AD/pill;cont_5pct_random_patch;0.05;random_patch;10;10;10;0;392;167;26;141;1;5;95;0.8958;0.9797;0.9347;0.6099;0.6879;-0.0005;1.0000;;;;;;;7.21
2026-02-17T19:54:18.376448;mvtec_AD/pill;cont_5pct_mahalanobis_patch;0.05;mahalanobis_patch;10;10;10;0;392;167;26;141;1;5;95;0.8958;0.9801;0.9384;0.6738;0.7021;-0.0005;1.0000;;;;;;;9.18
2026-02-17T19:54:18.389006;mvtec_AD/pill;cont_5pct_oracle_patch;0.05;oracle_patch;10;10;10;0;0;167;26;141;1;5;95;0.8963;0.9800;0.9324;0.6312;0.6667;0.0000;1.0000;;;;;;;0.01
2026-02-17T19:54:27.855916;mvtec_AD/pill;cont_5pct_ensemble_loo_mahal;0.05;ensemble_loo_mahal;10;10;10;0;392;167;26;141;1;5;95;0.8947;0.9799;0.9352;0.6879;0.7021;-0.0016;1.0000;;;;;;;9.46
2026-02-17T19:54:35.864158;mvtec_AD/pill;cont_5pct_cosine_loo;0.05;cosine_loo;10;10;10;0;392;167;26;141;1;5;95;0.8958;0.9803;0.9329;0.6667;0.7021;-0.0005;1.0000;;;;;;;8.00
2026-02-17T19:54:43.317352;mvtec_AD/pill;cont_40pct_none;0.4;none;10;10;10;4;0;167;26;141;1;5;95;0.8502;0.9714;0.9158;0.6028;0.6241;-0.0461;;;;;;;;7.43
2026-02-17T19:54:50.296507;mvtec_AD/pill;cont_40pct_loo_patch;0.4;loo_patch;10;10;10;4;392;167;26;141;1;5;95;0.8742;0.9758;0.9257;0.6312;0.6454;-0.0221;0.5207;0.7083;1;0.7500;0.7500;;;6.97
2026-02-17T19:54:58.242484;mvtec_AD/pill;cont_40pct_random_patch;0.4;random_patch;10;10;10;4;392;167;26;141;1;5;95;0.8543;0.9721;0.9158;0.6028;0.6454;-0.0420;0.0888;0.7083;1;0.7500;0.7500;;;7.94
2026-02-17T19:55:07.171841;mvtec_AD/pill;cont_40pct_mahalanobis_patch;0.4;mahalanobis_patch;10;10;10;4;392;167;26;141;1;5;95;0.8642;0.9742;0.9267;0.6525;0.6596;-0.0322;0.3018;0.7083;1;0.7500;0.7500;;;8.93
2026-02-17T19:55:11.613521;mvtec_AD/pill;cont_40pct_oracle_patch;0.4;oracle_patch;10;10;6;4;3136;167;26;141;1;5;95;0.8890;0.9787;0.9306;0.6596;0.7092;-0.0074;0.8402;0.7083;1;0.7500;0.7500;;;4.44
2026-02-17T19:55:21.740706;mvtec_AD/pill;cont_40pct_ensemble_loo_mahal;0.4;ensemble_loo_mahal;10;10;10;4;392;167;26;141;1;5;95;0.8707;0.9755;0.9262;0.6454;0.6738;-0.0256;0.4438;0.7083;1;0.7500;0.7500;;;10.12
2026-02-17T19:55:29.572355;mvtec_AD/pill;cont_40pct_cosine_loo;0.4;cosine_loo;10;10;10;4;392;167;26;141;1;5;95;0.8647;0.9741;0.9220;0.6170;0.6241;-0.0316;0.3136;0.7083;1;0.7500;0.7500;;;7.83
2026-02-17T19:55:37.649714;mvtec_AD/pill;cont_50pct_none;0.5;none;10;10;10;5;0;167;26;141;1;5;95;0.8333;0.9681;0.9156;0.6028;0.6241;-0.0630;;;;;;;;8.05
2026-02-17T19:55:46.662228;mvtec_AD/pill;cont_50pct_loo_patch;0.5;loo_patch;10;10;10;5;392;167;26;141;1;5;95;0.8598;0.9734;0.9262;0.6454;0.6454;-0.0366;0.4199;0.8800;1;0.8000;0.8000;;;9.01
2026-02-17T19:55:53.655129;mvtec_AD/pill;cont_50pct_random_patch;0.5;random_patch;10;10;10;5;392;167;26;141;1;5;95;0.8388;0.9693;0.9156;0.6028;0.6099;-0.0576;0.0866;0.8800;1;0.8000;0.8000;;;6.99
2026-02-17T19:56:03.613588;mvtec_AD/pill;cont_50pct_mahalanobis_patch;0.5;mahalanobis_patch;10;10;10;5;392;167;26;141;1;5;95;0.8612;0.9740;0.9215;0.6738;0.6809;-0.0352;0.4416;0.8800;1;0.8000;0.8000;;;9.95
2026-02-17T19:56:06.848352;mvtec_AD/pill;cont_50pct_oracle_patch;0.5;oracle_patch;10;10;5;5;3920;167;26;141;1;5;95;0.8764;0.9765;0.9302;0.6809;0.6950;-0.0199;0.6840;0.8800;1;0.8000;0.8000;;;3.23
2026-02-17T19:56:16.164109;mvtec_AD/pill;cont_50pct_ensemble_loo_mahal;0.5;ensemble_loo_mahal;10;10;10;5;392;167;26;141;1;5;95;0.8639;0.9745;0.9231;0.6596;0.6738;-0.0325;0.4848;0.8800;1;0.8000;0.8000;;;9.31
2026-02-17T19:56:24.327135;mvtec_AD/pill;cont_50pct_cosine_loo;0.5;cosine_loo;10;10;10;5;392;167;26;141;1;5;95;0.8587;0.9730;0.9195;0.6241;0.6312;-0.0376;0.4026;0.8800;1;0.8000;0.8000;;;8.16
2026-02-17T19:56:32.636875;mvtec_AD/pill;cont_0pct_none;0.0;none;10;10;10;0;0;167;26;141;2;5;95;0.8996;0.9803;0.9362;0.6099;0.6525;;;;;;;;;8.09
2026-02-17T19:56:40.494901;mvtec_AD/pill;cont_0pct_loo_patch;0.0;loo_patch;10;10;10;0;392;167;26;141;2;5;95;0.8947;0.9795;0.9375;0.6241;0.6525;-0.0049;;;;;;;;7.85
2026-02-17T19:56:47.522086;mvtec_AD/pill;cont_0pct_random_patch;0.0;random_patch;10;10;10;0;392;167;26;141;2;5;95;0.9026;0.9807;0.9395;0.6170;0.6312;0.0030;;;;;;;;7.02
2026-02-17T19:56:57.491052;mvtec_AD/pill;cont_0pct_mahalanobis_patch;0.0;mahalanobis_patch;10;10;10;0;392;167;26;141;2;5;95;0.8849;0.9769;0.9384;0.5745;0.5887;-0.0147;;;;;;;;9.96
2026-02-17T19:56:57.505564;mvtec_AD/pill;cont_0pct_oracle_patch;0.0;oracle_patch;10;10;10;0;0;167;26;141;2;5;95;0.8996;0.9803;0.9362;0.6099;0.6525;0.0000;;;;;;;;0.01
2026-02-17T19:57:06.776764;mvtec_AD/pill;cont_0pct_ensemble_loo_mahal;0.0;ensemble_loo_mahal;10;10;10;0;392;167;26;141;2;5;95;0.8917;0.9787;0.9347;0.6170;0.6383;-0.0079;;;;;;;;9.26
2026-02-17T19:57:15.163034;mvtec_AD/pill;cont_0pct_cosine_loo;0.0;cosine_loo;10;10;10;0;392;167;26;141;2;5;95;0.8991;0.9803;0.9343;0.6028;0.6525;-0.0005;;;;;;;;8.38
2026-02-17T19:57:22.516023;mvtec_AD/pill;cont_5pct_none;0.05;none;10;10;10;0;0;167;26;141;2;5;95;0.8996;0.9803;0.9362;0.6099;0.6525;0.0000;;;;;;;;7.34
2026-02-17T19:57:30.371902;mvtec_AD/pill;cont_5pct_loo_patch;0.05;loo_patch;10;10;10;0;392;167;26;141;2;5;95;0.8947;0.9795;0.9375;0.6241;0.6525;-0.0049;1.0000;;;;;;;7.85
2026-02-17T19:57:38.276481;mvtec_AD/pill;cont_5pct_random_patch;0.05;random_patch;10;10;10;0;392;167;26;141;2;5;95;0.9026;0.9807;0.9395;0.6170;0.6312;0.0030;1.0000;;;;;;;7.90
2026-02-17T19:57:47.772072;mvtec_AD/pill;cont_5pct_mahalanobis_patch;0.05;mahalanobis_patch;10;10;10;0;392;167;26;141;2;5;95;0.8849;0.9769;0.9384;0.5745;0.5887;-0.0147;1.0000;;;;;;;9.49
2026-02-17T19:57:47.785531;mvtec_AD/pill;cont_5pct_oracle_patch;0.05;oracle_patch;10;10;10;0;0;167;26;141;2;5;95;0.8996;0.9803;0.9362;0.6099;0.6525;0.0000;1.0000;;;;;;;0.01
2026-02-17T19:57:57.541462;mvtec_AD/pill;cont_5pct_ensemble_loo_mahal;0.05;ensemble_loo_mahal;10;10;10;0;392;167;26;141;2;5;95;0.8917;0.9787;0.9347;0.6170;0.6383;-0.0079;1.0000;;;;;;;9.67
2026-02-17T19:58:05.977415;mvtec_AD/pill;cont_5pct_cosine_loo;0.05;cosine_loo;10;10;10;0;392;167;26;141;2;5;95;0.8991;0.9803;0.9343;0.6028;0.6525;-0.0005;1.0000;;;;;;;8.43
2026-02-17T19:58:13.106442;mvtec_AD/pill;cont_40pct_none;0.4;none;10;10;10;4;0;167;26;141;2;5;95;0.8633;0.9738;0.9209;0.6028;0.6312;-0.0363;;;;;;;;7.11
2026-02-17T19:58:21.680879;mvtec_AD/pill;cont_40pct_loo_patch;0.4;loo_patch;10;10;10;4;392;167;26;141;2;5;95;0.8794;0.9765;0.9301;0.6099;0.6454;-0.0202;0.4436;1.0000;1;1.0000;1.0000;;;8.57
2026-02-17T19:58:29.315322;mvtec_AD/pill;cont_40pct_random_patch;0.4;random_patch;10;10;10;4;392;167;26;141;2;5;95;0.8680;0.9748;0.9203;0.6241;0.6454;-0.0316;0.1278;1.0000;1;1.0000;1.0000;;;7.63
2026-02-17T19:58:38.649402;mvtec_AD/pill;cont_40pct_mahalanobis_patch;0.4;mahalanobis_patch;10;10;10;4;392;167;26;141;2;5;95;0.8797;0.9761;0.9343;0.6170;0.6312;-0.0199;0.4511;1.0000;1;1.0000;1.0000;;;9.33
2026-02-17T19:58:43.724651;mvtec_AD/pill;cont_40pct_oracle_patch;0.4;oracle_patch;10;10;6;4;3136;167;26;141;2;5;95;0.8963;0.9800;0.9324;0.6312;0.6596;-0.0033;0.9098;1.0000;1;1.0000;1.0000;;;5.07
2026-02-17T19:58:52.959907;mvtec_AD/pill;cont_40pct_ensemble_loo_mahal;0.4;ensemble_loo_mahal;10;10;10;4;392;167;26;141;2;5;95;0.8868;0.9776;0.9371;0.6241;0.6312;-0.0128;0.6466;1.0000;1;1.0000;1.0000;;;9.23
2026-02-17T19:59:00.972698;mvtec_AD/pill;cont_40pct_cosine_loo;0.4;cosine_loo;10;10;10;4;392;167;26;141;2;5;95;0.8822;0.9770;0.9301;0.6170;0.6525;-0.0175;0.5188;1.0000;1;1.0000;1.0000;;;8.01
2026-02-17T19:59:08.799889;mvtec_AD/pill;cont_50pct_none;0.5;none;10;10;10;5;0;167;26;141;2;5;95;0.8606;0.9731;0.9172;0.5745;0.6454;-0.0390;;;;;;;;7.80
2026-02-17T19:59:16.989675;mvtec_AD/pill;cont_50pct_loo_patch;0.5;loo_patch;10;10;10;5;392;167;26;141;2;5;95;0.8898;0.9785;0.9338;0.6028;0.6738;-0.0098;0.7483;1.0000;1;1.0000;1.0000;;;8.18
2026-02-17T19:59:23.987224;mvtec_AD/pill;cont_50pct_random_patch;0.5;random_patch;10;10;10;5;392;167;26;141;2;5;95;0.8647;0.9739;0.9258;0.5887;0.6596;-0.0349;0.1049;1.0000;1;1.0000;1.0000;;;6.99
2026-02-17T19:59:34.209286;mvtec_AD/pill;cont_50pct_mahalanobis_patch;0.5;mahalanobis_patch;10;10;10;5;392;167;26;141;2;5;95;0.8811;0.9772;0.9257;0.6241;0.6667;-0.0185;0.5245;1.0000;1;1.0000;1.0000;;;10.22
2026-02-17T19:59:37.460383;mvtec_AD/pill;cont_50pct_oracle_patch;0.5;oracle_patch;10;10;5;5;3920;167;26;141;2;5;95;0.8953;0.9796;0.9365;0.6170;0.6596;-0.0044;0.8881;1.0000;1;1.0000;1.0000;;;3.24
2026-02-17T19:59:46.931040;mvtec_AD/pill;cont_50pct_ensemble_loo_mahal;0.5;ensemble_loo_mahal;10;10;10;5;392;167;26;141;2;5;95;0.8873;0.9779;0.9343;0.5957;0.6383;-0.0123;0.6853;1.0000;1;1.0000;1.0000;;;9.47
2026-02-17T19:59:55.800139;mvtec_AD/pill;cont_50pct_cosine_loo;0.5;cosine_loo;10;10;10;5;392;167;26;141;2;5;95;0.8846;0.9775;0.9338;0.6099;0.6596;-0.0150;0.6154;1.0000;1;1.0000;1.0000;;;8.87
2026-02-17T20:00:03.383794;mvtec_AD/pill;cont_0pct_none;0.0;none;10;10;10;0;0;167;26;141;3;5;95;0.9026;0.9816;0.9347;0.7163;0.7234;;;;;;;;;7.40
2026-02-17T20:00:11.450452;mvtec_AD/pill;cont_0pct_loo_patch;0.0;loo_patch;10;10;10;0;392;167;26;141;3;5;95;0.8996;0.9809;0.9296;0.6667;0.7092;-0.0030;;;;;;;;8.06
2026-02-17T20:00:19.150450;mvtec_AD/pill;cont_0pct_random_patch;0.0;random_patch;10;10;10;0;392;167;26;141;3;5;95;0.8972;0.9805;0.9333;0.6879;0.7021;-0.0055;;;;;;;;7.69
2026-02-17T20:00:28.393352;mvtec_AD/pill;cont_0pct_mahalanobis_patch;0.0;mahalanobis_patch;10;10;10;0;392;167;26;141;3;5;95;0.8928;0.9794;0.9272;0.6170;0.7163;-0.0098;;;;;;;;9.24
2026-02-17T20:00:28.407353;mvtec_AD/pill;cont_0pct_oracle_patch;0.0;oracle_patch;10;10;10;0;0;167;26;141;3;5;95;0.9026;0.9816;0.9347;0.7163;0.7234;0.0000;;;;;;;;0.01
2026-02-17T20:00:37.271925;mvtec_AD/pill;cont_0pct_ensemble_loo_mahal;0.0;ensemble_loo_mahal;10;10;10;0;392;167;26;141;3;5;95;0.8909;0.9788;0.9310;0.6099;0.6170;-0.0117;;;;;;;;8.86
2026-02-17T20:00:45.463458;mvtec_AD/pill;cont_0pct_cosine_loo;0.0;cosine_loo;10;10;10;0;392;167;26;141;3;5;95;0.8963;0.9804;0.9283;0.6809;0.7234;-0.0063;;;;;;;;8.19
2026-02-17T20:00:52.720762;mvtec_AD/pill;cont_5pct_none;0.05;none;10;10;10;0;0;167;26;141;3;5;95;0.9026;0.9816;0.9347;0.7163;0.7234;0.0000;;;;;;;;7.25
2026-02-17T20:01:01.744949;mvtec_AD/pill;cont_5pct_loo_patch;0.05;loo_patch;10;10;10;0;392;167;26;141;3;5;95;0.8996;0.9809;0.9296;0.6667;0.7092;-0.0030;1.0000;;;;;;;9.02
2026-02-17T20:01:08.673886;mvtec_AD/pill;cont_5pct_random_patch;0.05;random_patch;10;10;10;0;392;167;26;141;3;5;95;0.8972;0.9805;0.9333;0.6879;0.7021;-0.0055;1.0000;;;;;;;6.93
2026-02-17T20:01:18.106631;mvtec_AD/pill;cont_5pct_mahalanobis_patch;0.05;mahalanobis_patch;10;10;10;0;392;167;26;141;3;5;95;0.8928;0.9794;0.9272;0.6170;0.7163;-0.0098;1.0000;;;;;;;9.43
2026-02-17T20:01:18.126110;mvtec_AD/pill;cont_5pct_oracle_patch;0.05;oracle_patch;10;10;10;0;0;167;26;141;3;5;95;0.9026;0.9816;0.9347;0.7163;0.7234;0.0000;1.0000;;;;;;;0.01
2026-02-17T20:01:27.728809;mvtec_AD/pill;cont_5pct_ensemble_loo_mahal;0.05;ensemble_loo_mahal;10;10;10;0;392;167;26;141;3;5;95;0.8909;0.9788;0.9310;0.6099;0.6170;-0.0117;1.0000;;;;;;;9.34
2026-02-17T20:01:36.146853;mvtec_AD/pill;cont_5pct_cosine_loo;0.05;cosine_loo;10;10;10;0;392;167;26;141;3;5;95;0.8963;0.9804;0.9283;0.6809;0.7234;-0.0063;1.0000;;;;;;;8.41
2026-02-17T20:01:43.478668;mvtec_AD/pill;cont_40pct_none;0.4;none;10;10;10;4;0;167;26;141;3;5;95;0.8685;0.9750;0.9158;0.6170;0.6525;-0.0341;;;;;;;;7.31
2026-02-17T20:01:51.546060;mvtec_AD/pill;cont_40pct_loo_patch;0.4;loo_patch;10;10;10;4;392;167;26;141;3;5;95;0.8903;0.9787;0.9302;0.6170;0.6454;-0.0123;0.6400;0.9167;1;0.7500;0.7500;;;8.06
2026-02-17T20:01:59.471277;mvtec_AD/pill;cont_40pct_random_patch;0.4;random_patch;10;10;10;4;392;167;26;141;3;5;95;0.8644;0.9744;0.9156;0.6454;0.6809;-0.0382;-0.1200;0.9167;1;0.7500;0.7500;;;7.92
2026-02-17T20:02:08.504520;mvtec_AD/pill;cont_40pct_mahalanobis_patch;0.4;mahalanobis_patch;10;10;10;4;392;167;26;141;3;5;95;0.8813;0.9769;0.9298;0.6170;0.6454;-0.0213;0.3760;0.9167;1;0.7500;0.7500;;;9.03
2026-02-17T20:02:13.406622;mvtec_AD/pill;cont_40pct_oracle_patch;0.4;oracle_patch;10;10;6;4;3136;167;26;141;3;5;95;0.9018;0.9814;0.9347;0.7163;0.7234;-0.0008;0.9760;0.9167;1;0.7500;0.7500;;;4.90
2026-02-17T20:02:22.433378;mvtec_AD/pill;cont_40pct_ensemble_loo_mahal;0.4;ensemble_loo_mahal;10;10;10;4;392;167;26;141;3;5;95;0.8846;0.9774;0.9286;0.6028;0.6241;-0.0180;0.4720;0.9167;1;0.7500;0.7500;;;9.02
2026-02-17T20:02:30.549989;mvtec_AD/pill;cont_40pct_cosine_loo;0.4;cosine_loo;10;10;10;4;392;167;26;141;3;5;95;0.8912;0.9789;0.9273;0.5957;0.6738;-0.0115;0.6640;0.9167;1;0.7500;0.7500;;;8.11
2026-02-17T20:02:38.768708;mvtec_AD/pill;cont_50pct_none;0.5;none;10;10;10;5;0;167;26;141;3;5;95;0.8497;0.9712;0.9156;0.5887;0.6170;-0.0529;;;;;;;;8.19
2026-02-17T20:02:46.296528;mvtec_AD/pill;cont_50pct_loo_patch;0.5;loo_patch;10;10;10;5;392;167;26;141;3;5;95;0.8762;0.9753;0.9298;0.5887;0.6099;-0.0265;0.5000;0.9600;1;0.8000;0.8000;;;7.52
2026-02-17T20:02:53.526265;mvtec_AD/pill;cont_50pct_random_patch;0.5;random_patch;10;10;10;5;392;167;26;141;3;5;95;0.8489;0.9713;0.9156;0.6099;0.6454;-0.0537;-0.0155;0.9600;1;0.8000;0.8000;;;7.23
2026-02-17T20:03:02.657679;mvtec_AD/pill;cont_50pct_mahalanobis_patch;0.5;mahalanobis_patch;10;10;10;5;392;167;26;141;3;5;95;0.8715;0.9748;0.9262;0.6028;0.6383;-0.0311;0.4124;0.9600;1;0.8000;0.8000;;;9.13
2026-02-17T20:03:06.220158;mvtec_AD/pill;cont_50pct_oracle_patch;0.5;oracle_patch;10;10;5;5;3920;167;26;141;3;5;95;0.8991;0.9807;0.9384;0.6950;0.6950;-0.0035;0.9330;0.9600;1;0.8000;0.8000;;;3.56
2026-02-17T20:03:16.738185;mvtec_AD/pill;cont_50pct_ensemble_loo_mahal;0.5;ensemble_loo_mahal;10;10;10;5;392;167;26;141;3;5;95;0.8734;0.9747;0.9298;0.5745;0.6241;-0.0292;0.4485;0.9600;1;0.8000;0.8000;;;10.51
2026-02-17T20:03:24.431840;mvtec_AD/pill;cont_50pct_cosine_loo;0.5;cosine_loo;10;10;10;5;392;167;26;141;3;5;95;0.8808;0.9765;0.9293;0.5957;0.6383;-0.0218;0.5876;0.9600;1;0.8000;0.8000;;;7.69
2026-02-17T20:03:32.395885;mvtec_AD/pill;cont_0pct_none;0.0;none;10;10;10;0;0;167;26;141;4;5;95;0.9149;0.9834;0.9470;0.6170;0.6950;;;;;;;;;7.81
2026-02-17T20:03:40.468543;mvtec_AD/pill;cont_0pct_loo_patch;0.0;loo_patch;10;10;10;0;392;167;26;141;4;5;95;0.9127;0.9832;0.9416;0.6596;0.7021;-0.0022;;;;;;;;8.07
2026-02-17T20:03:47.489950;mvtec_AD/pill;cont_0pct_random_patch;0.0;random_patch;10;10;10;0;392;167;26;141;4;5;95;0.9163;0.9837;0.9437;0.6312;0.7021;0.0014;;;;;;;;7.02
2026-02-17T20:03:57.142680;mvtec_AD/pill;cont_0pct_mahalanobis_patch;0.0;mahalanobis_patch;10;10;10;0;392;167;26;141;4;5;95;0.8993;0.9805;0.9360;0.6312;0.6667;-0.0155;;;;;;;;9.65
2026-02-17T20:03:57.156190;mvtec_AD/pill;cont_0pct_oracle_patch;0.0;oracle_patch;10;10;10;0;0;167;26;141;4;5;95;0.9149;0.9834;0.9470;0.6170;0.6950;0.0000;;;;;;;;0.01
2026-02-17T20:04:06.376577;mvtec_AD/pill;cont_0pct_ensemble_loo_mahal;0.0;ensemble_loo_mahal;10;10;10;0;392;167;26;141;4;5;95;0.9040;0.9814;0.9360;0.6383;0.6596;-0.0109;;;;;;;;9.22
2026-02-17T20:04:14.820327;mvtec_AD/pill;cont_0pct_cosine_loo;0.0;cosine_loo;10;10;10;0;392;167;26;141;4;5;95;0.9113;0.9826;0.9428;0.6170;0.6809;-0.0035;;;;;;;;8.44
2026-02-17T20:04:21.751145;mvtec_AD/pill;cont_5pct_none;0.05;none;10;10;10;0;0;167;26;141;4;5;95;0.9149;0.9834;0.9470;0.6170;0.6950;0.0000;;;;;;;;6.92
2026-02-17T20:04:30.388039;mvtec_AD/pill;cont_5pct_loo_patch;0.05;loo_patch;10;10;10;0;392;167;26;141;4;5;95;0.9127;0.9832;0.9416;0.6596;0.7021;-0.0022;1.0000;;;;;;;8.63
2026-02-17T20:04:37.290894;mvtec_AD/pill;cont_5pct_random_patch;0.05;random_patch;10;10;10;0;392;167;26;141;4;5;95;0.9163;0.9837;0.9437;0.6312;0.7021;0.0014;1.0000;;;;;;;6.90
2026-02-17T20:04:46.533630;mvtec_AD/pill;cont_5pct_mahalanobis_patch;0.05;mahalanobis_patch;10;10;10;0;392;167;26;141;4;5;95;0.8993;0.9805;0.9360;0.6312;0.6667;-0.0155;1.0000;;;;;;;9.24
2026-02-17T20:04:46.550202;mvtec_AD/pill;cont_5pct_oracle_patch;0.05;oracle_patch;10;10;10;0;0;167;26;141;4;5;95;0.9149;0.9834;0.9470;0.6170;0.6950;0.0000;1.0000;;;;;;;0.01
2026-02-17T20:04:56.058079;mvtec_AD/pill;cont_5pct_ensemble_loo_mahal;0.05;ensemble_loo_mahal;10;10;10;0;392;167;26;141;4;5;95;0.9040;0.9814;0.9360;0.6383;0.6596;-0.0109;1.0000;;;;;;;9.43
2026-02-17T20:05:04.099502;mvtec_AD/pill;cont_5pct_cosine_loo;0.05;cosine_loo;10;10;10;0;392;167;26;141;4;5;95;0.9113;0.9826;0.9428;0.6170;0.6809;-0.0035;1.0000;;;;;;;8.04
2026-02-17T20:05:11.612239;mvtec_AD/pill;cont_40pct_none;0.4;none;10;10;10;4;0;167;26;141;4;5;95;0.8890;0.9790;0.9291;0.6241;0.6738;-0.0259;;;;;;;;7.49
2026-02-17T20:05:19.420930;mvtec_AD/pill;cont_40pct_loo_patch;0.4;loo_patch;10;10;10;4;392;167;26;141;4;5;95;0.9092;0.9829;0.9395;0.6809;0.7376;-0.0057;0.7789;0.9167;1;0.7500;0.7500;;;7.71
2026-02-17T20:05:26.067614;mvtec_AD/pill;cont_40pct_random_patch;0.4;random_patch;10;10;10;4;392;167;26;141;4;5;95;0.8898;0.9793;0.9291;0.6312;0.6879;-0.0251;0.0316;0.9167;1;0.7500;0.7500;;;6.64
2026-02-17T20:05:35.588375;mvtec_AD/pill;cont_40pct_mahalanobis_patch;0.4;mahalanobis_patch;10;10;10;4;392;167;26;141;4;5;95;0.9064;0.9821;0.9306;0.6383;0.7163;-0.0085;0.6737;0.9167;1;0.7500;0.7500;;;9.52
2026-02-17T20:05:40.407672;mvtec_AD/pill;cont_40pct_oracle_patch;0.4;oracle_patch;10;10;6;4;3136;167;26;141;4;5;95;0.9190;0.9848;0.9412;0.6809;0.7660;0.0041;1.1579;0.9167;1;0.7500;0.7500;;;4.81
2026-02-17T20:05:50.540982;mvtec_AD/pill;cont_40pct_ensemble_loo_mahal;0.4;ensemble_loo_mahal;10;10;10;4;392;167;26;141;4;5;95;0.9190;0.9846;0.9408;0.6879;0.7305;0.0041;1.1579;0.9167;1;0.7500;0.7500;;;10.13
2026-02-17T20:05:58.032325;mvtec_AD/pill;cont_40pct_cosine_loo;0.4;cosine_loo;10;10;10;4;392;167;26;141;4;5;95;0.9135;0.9837;0.9392;0.7021;0.7305;-0.0014;0.9474;0.9167;1;0.7500;0.7500;;;7.49
2026-02-17T20:06:05.813722;mvtec_AD/pill;cont_50pct_none;0.5;none;10;10;10;5;0;167;26;141;4;5;95;0.8789;0.9774;0.9258;0.6383;0.6879;-0.0360;;;;;;;;7.76
2026-02-17T20:06:13.622984;mvtec_AD/pill;cont_50pct_loo_patch;0.5;loo_patch;10;10;10;5;392;167;26;141;4;5;95;0.9037;0.9819;0.9338;0.6525;0.7092;-0.0112;0.6894;0.7600;1;0.6000;0.6000;;;7.80
2026-02-17T20:06:20.558982;mvtec_AD/pill;cont_50pct_random_patch;0.5;random_patch;10;10;10;5;392;167;26;141;4;5;95;0.8833;0.9782;0.9329;0.6454;0.7021;-0.0316;0.1212;0.7600;1;0.6000;0.6000;;;6.93
2026-02-17T20:06:29.899902;mvtec_AD/pill;cont_50pct_mahalanobis_patch;0.5;mahalanobis_patch;10;10;10;5;392;167;26;141;4;5;95;0.8955;0.9806;0.9258;0.6525;0.6950;-0.0194;0.4621;0.7600;1;0.6000;0.6000;;;9.34
2026-02-17T20:06:33.794419;mvtec_AD/pill;cont_50pct_oracle_patch;0.5;oracle_patch;10;10;5;5;3920;167;26;141;4;5;95;0.9206;0.9850;0.9477;0.6454;0.7518;0.0057;1.1591;0.7600;1;0.6000;0.6000;;;3.89
2026-02-17T20:06:44.384643;mvtec_AD/pill;cont_50pct_ensemble_loo_mahal;0.5;ensemble_loo_mahal;10;10;10;5;392;167;26;141;4;5;95;0.9004;0.9814;0.9333;0.6738;0.6738;-0.0145;0.5985;0.7600;1;0.6000;0.6000;;;10.58
2026-02-17T20:06:52.605957;mvtec_AD/pill;cont_50pct_cosine_loo;0.5;cosine_loo;10;10;10;5;392;167;26;141;4;5;95;0.8996;0.9811;0.9366;0.6241;0.6667;-0.0153;0.5758;0.7600;1;0.6000;0.6000;;;8.22
2026-02-17T20:07:00.849201;mvtec_AD/screw;cont_0pct_none;0.0;none;10;10;10;0;0;160;41;119;0;5;95;0.5265;0.7403;0.8592;0.0168;0.0168;;;;;;;;;7.44
2026-02-17T20:07:08.326605;mvtec_AD/screw;cont_0pct_loo_patch;0.0;loo_patch;10;10;10;0;392;160;41;119;0;5;95;0.5384;0.7521;0.8592;0.0168;0.0252;0.0119;;;;;;;;7.47
2026-02-17T20:07:14.818764;mvtec_AD/screw;cont_0pct_random_patch;0.0;random_patch;10;10;10;0;392;160;41;119;0;5;95;0.5226;0.7394;0.8592;0.0168;0.0168;-0.0039;;;;;;;;6.49
2026-02-17T20:07:24.323918;mvtec_AD/screw;cont_0pct_mahalanobis_patch;0.0;mahalanobis_patch;10;10;10;0;392;160;41;119;0;5;95;0.5390;0.7512;0.8592;0.0168;0.0420;0.0125;;;;;;;;9.50
2026-02-17T20:07:24.339929;mvtec_AD/screw;cont_0pct_oracle_patch;0.0;oracle_patch;10;10;10;0;0;160;41;119;0;5;95;0.5265;0.7403;0.8592;0.0168;0.0168;0.0000;;;;;;;;0.01
2026-02-17T20:07:33.316977;mvtec_AD/screw;cont_0pct_ensemble_loo_mahal;0.0;ensemble_loo_mahal;10;10;10;0;392;160;41;119;0;5;95;0.5423;0.7564;0.8592;0.0252;0.0336;0.0158;;;;;;;;8.94
2026-02-17T20:07:41.598530;mvtec_AD/screw;cont_0pct_cosine_loo;0.0;cosine_loo;10;10;10;0;392;160;41;119;0;5;95;0.5423;0.7516;0.8592;0.0168;0.0168;0.0158;;;;;;;;8.28
2026-02-17T20:07:48.108552;mvtec_AD/screw;cont_5pct_none;0.05;none;10;10;10;0;0;160;41;119;0;5;95;0.5265;0.7403;0.8592;0.0168;0.0168;0.0000;;;;;;;;6.50
2026-02-17T20:07:56.338409;mvtec_AD/screw;cont_5pct_loo_patch;0.05;loo_patch;10;10;10;0;392;160;41;119;0;5;95;0.5384;0.7521;0.8592;0.0168;0.0252;0.0119;1.0000;;;;;;;8.23
2026-02-17T20:08:02.809858;mvtec_AD/screw;cont_5pct_random_patch;0.05;random_patch;10;10;10;0;392;160;41;119;0;5;95;0.5226;0.7394;0.8592;0.0168;0.0168;-0.0039;1.0000;;;;;;;6.47
2026-02-17T20:08:11.663795;mvtec_AD/screw;cont_5pct_mahalanobis_patch;0.05;mahalanobis_patch;10;10;10;0;392;160;41;119;0;5;95;0.5390;0.7512;0.8592;0.0168;0.0420;0.0125;1.0000;;;;;;;8.85
2026-02-17T20:08:11.682319;mvtec_AD/screw;cont_5pct_oracle_patch;0.05;oracle_patch;10;10;10;0;0;160;41;119;0;5;95;0.5265;0.7403;0.8592;0.0168;0.0168;0.0000;1.0000;;;;;;;0.01
2026-02-17T20:08:20.592709;mvtec_AD/screw;cont_5pct_ensemble_loo_mahal;0.05;ensemble_loo_mahal;10;10;10;0;392;160;41;119;0;5;95;0.5423;0.7564;0.8592;0.0252;0.0336;0.0158;1.0000;;;;;;;8.84
2026-02-17T20:08:28.475406;mvtec_AD/screw;cont_5pct_cosine_loo;0.05;cosine_loo;10;10;10;0;392;160;41;119;0;5;95;0.5423;0.7516;0.8592;0.0168;0.0168;0.0158;1.0000;;;;;;;7.88
2026-02-17T20:08:36.384481;mvtec_AD/screw;cont_40pct_none;0.4;none;10;10;10;4;0;160;41;119;0;5;95;0.4907;0.7251;0.8530;0.0084;0.0168;-0.0359;;;;;;;;7.88
2026-02-17T20:08:43.303629;mvtec_AD/screw;cont_40pct_loo_patch;0.4;loo_patch;10;10;10;4;392;160;41;119;0;5;95;0.5034;0.7305;0.8530;0.0000;0.0420;-0.0232;0.3543;0.5833;0;0.5000;0.5000;;;6.92
2026-02-17T20:08:50.944571;mvtec_AD/screw;cont_40pct_random_patch;0.4;random_patch;10;10;10;4;392;160;41;119;0;5;95;0.4896;0.7276;0.8530;0.0084;0.0168;-0.0369;-0.0286;0.5833;0;0.5000;0.5000;;;7.64
2026-02-17T20:08:59.799711;mvtec_AD/screw;cont_40pct_mahalanobis_patch;0.4;mahalanobis_patch;10;10;10;4;392;160;41;119;0;5;95;0.5097;0.7403;0.8530;0.0252;0.0420;-0.0168;0.5314;0.5833;0;0.5000;0.5000;;;8.85
2026-02-17T20:09:03.638620;mvtec_AD/screw;cont_40pct_oracle_patch;0.4;oracle_patch;10;10;6;4;3136;160;41;119;0;5;95;0.5028;0.7337;0.8592;0.0084;0.0168;-0.0238;0.3371;0.5833;0;0.5000;0.5000;;;3.84
2026-02-17T20:09:13.129915;mvtec_AD/screw;cont_40pct_ensemble_loo_mahal;0.4;ensemble_loo_mahal;10;10;10;4;392;160;41;119;0;5;95;0.5077;0.7456;0.8551;0.0252;0.0252;-0.0189;0.4743;0.5833;0;0.5000;0.5000;;;9.49
2026-02-17T20:09:20.244247;mvtec_AD/screw;cont_40pct_cosine_loo;0.4;cosine_loo;10;10;10;4;392;160;41;119;0;5;95;0.5003;0.7358;0.8530;0.0252;0.0336;-0.0262;0.2686;0.5833;0;0.5000;0.5000;;;7.11
2026-02-17T20:09:28.031487;mvtec_AD/screw;cont_50pct_none;0.5;none;10;10;10;5;0;160;41;119;0;5;95;0.5069;0.7341;0.8530;0.0084;0.0168;-0.0197;;;;;;;;7.76
2026-02-17T20:09:35.779837;mvtec_AD/screw;cont_50pct_loo_patch;0.5;loo_patch;10;10;10;5;392;160;41;119;0;5;95;0.5110;0.7453;0.8530;0.0084;0.0588;-0.0156;0.2083;0.6000;0;0.6000;0.6000;;;7.74
2026-02-17T20:09:42.295807;mvtec_AD/screw;cont_50pct_random_patch;0.5;random_patch;10;10;10;5;392;160;41;119;0;5;95;0.5097;0.7349;0.8530;0.0084;0.0168;-0.0168;0.1458;0.6000;0;0.6000;0.6000;;;6.51
2026-02-17T20:09:51.053365;mvtec_AD/screw;cont_50pct_mahalanobis_patch;0.5;mahalanobis_patch;10;10;10;5;392;160;41;119;0;5;95;0.5233;0.7439;0.8551;0.0168;0.0252;-0.0033;0.8333;0.6000;0;0.6000;0.6000;;;8.75
2026-02-17T20:09:54.825725;mvtec_AD/screw;cont_50pct_oracle_patch;0.5;oracle_patch;10;10;5;5;3920;160;41;119;0;5;95;0.5151;0.7475;0.8592;0.0168;0.0168;-0.0115;0.4167;0.6000;0;0.6000;0.6000;;;3.77
2026-02-17T20:10:03.960571;mvtec_AD/screw;cont_50pct_ensemble_loo_mahal;0.5;ensemble_loo_mahal;10;10;10;5;392;160;41;119;0;5;95;0.5194;0.7521;0.8530;0.0168;0.0336;-0.0072;0.6354;0.6000;0;0.6000;0.6000;;;9.13
2026-02-17T20:10:11.132700;mvtec_AD/screw;cont_50pct_cosine_loo;0.5;cosine_loo;10;10;10;5;392;160;41;119;0;5;95;0.5124;0.7483;0.8530;0.0252;0.0420;-0.0141;0.2812;0.6000;0;0.6000;0.6000;;;7.17
2026-02-17T20:10:18.528092;mvtec_AD/screw;cont_0pct_none;0.0;none;10;10;10;0;0;160;41;119;1;5;95;0.7596;0.9009;0.8679;0.1513;0.3950;;;;;;;;;7.24
2026-02-17T20:10:27.019487;mvtec_AD/screw;cont_0pct_loo_patch;0.0;loo_patch;10;10;10;0;392;160;41;119;1;5;95;0.6948;0.8730;0.8645;0.1513;0.3109;-0.0648;;;;;;;;8.49
2026-02-17T20:10:33.576920;mvtec_AD/screw;cont_0pct_random_patch;0.0;random_patch;10;10;10;0;392;160;41;119;1;5;95;0.7606;0.8997;0.8689;0.1345;0.3613;0.0010;;;;;;;;6.55
2026-02-17T20:10:42.787144;mvtec_AD/screw;cont_0pct_mahalanobis_patch;0.0;mahalanobis_patch;10;10;10;0;392;160;41;119;1;5;95;0.7768;0.9169;0.8592;0.2353;0.5126;0.0172;;;;;;;;9.21
2026-02-17T20:10:42.804661;mvtec_AD/screw;cont_0pct_oracle_patch;0.0;oracle_patch;10;10;10;0;0;160;41;119;1;5;95;0.7596;0.9009;0.8679;0.1513;0.3950;0.0000;;;;;;;;0.01
2026-02-17T20:10:51.274499;mvtec_AD/screw;cont_0pct_ensemble_loo_mahal;0.0;ensemble_loo_mahal;10;10;10;0;392;160;41;119;1;5;95;0.7424;0.9024;0.8636;0.2857;0.3613;-0.0172;;;;;;;;8.40
2026-02-17T20:10:59.478777;mvtec_AD/screw;cont_0pct_cosine_loo;0.0;cosine_loo;10;10;10;0;392;160;41;119;1;5;95;0.7126;0.8851;0.8635;0.2353;0.3193;-0.0469;;;;;;;;8.20
2026-02-17T20:11:06.416891;mvtec_AD/screw;cont_5pct_none;0.05;none;10;10;10;0;0;160;41;119;1;5;95;0.7596;0.9009;0.8679;0.1513;0.3950;0.0000;;;;;;;;6.92
2026-02-17T20:11:14.253517;mvtec_AD/screw;cont_5pct_loo_patch;0.05;loo_patch;10;10;10;0;392;160;41;119;1;5;95;0.6948;0.8730;0.8645;0.1513;0.3109;-0.0648;1.0000;;;;;;;7.83
2026-02-17T20:11:21.651852;mvtec_AD/screw;cont_5pct_random_patch;0.05;random_patch;10;10;10;0;392;160;41;119;1;5;95;0.7606;0.8997;0.8689;0.1345;0.3613;0.0010;1.0000;;;;;;;7.39
2026-02-17T20:11:29.888026;mvtec_AD/screw;cont_5pct_mahalanobis_patch;0.05;mahalanobis_patch;10;10;10;0;392;160;41;119;1;5;95;0.7768;0.9169;0.8592;0.2353;0.5126;0.0172;1.0000;;;;;;;8.23
2026-02-17T20:11:29.909542;mvtec_AD/screw;cont_5pct_oracle_patch;0.05;oracle_patch;10;10;10;0;0;160;41;119;1;5;95;0.7596;0.9009;0.8679;0.1513;0.3950;0.0000;1.0000;;;;;;;0.02
2026-02-17T20:11:39.860071;mvtec_AD/screw;cont_5pct_ensemble_loo_mahal;0.05;ensemble_loo_mahal;10;10;10;0;392;160;41;119;1;5;95;0.7424;0.9024;0.8636;0.2857;0.3613;-0.0172;1.0000;;;;;;;9.86
2026-02-17T20:11:46.879453;mvtec_AD/screw;cont_5pct_cosine_loo;0.05;cosine_loo;10;10;10;0;392;160;41;119;1;5;95;0.7126;0.8851;0.8635;0.2353;0.3193;-0.0469;1.0000;;;;;;;7.01
2026-02-17T20:11:54.579996;mvtec_AD/screw;cont_40pct_none;0.4;none;10;10;10;4;0;160;41;119;1;5;95;0.6040;0.8156;0.8530;0.0420;0.1597;-0.1556;;;;;;;;7.68
2026-02-17T20:12:02.765398;mvtec_AD/screw;cont_40pct_loo_patch;0.4;loo_patch;10;10;10;4;392;160;41;119;1;5;95;0.5335;0.7651;0.8530;0.0336;0.0756;-0.2261;-0.4532;0.5417;1;0.2500;0.2500;;;8.18
2026-02-17T20:12:09.399811;mvtec_AD/screw;cont_40pct_random_patch;0.4;random_patch;10;10;10;4;392;160;41;119;1;5;95;0.5938;0.8028;0.8530;0.0420;0.1092;-0.1658;-0.0659;0.5417;1;0.2500;0.2500;;;6.63
2026-02-17T20:12:18.486021;mvtec_AD/screw;cont_40pct_mahalanobis_patch;0.4;mahalanobis_patch;10;10;10;4;392;160;41;119;1;5;95;0.5872;0.8042;0.8571;0.0756;0.0840;-0.1724;-0.1080;0.5417;1;0.2500;0.2500;;;9.08
2026-02-17T20:12:23.035568;mvtec_AD/screw;cont_40pct_oracle_patch;0.4;oracle_patch;10;10;6;4;3136;160;41;119;1;5;95;0.5864;0.7680;0.8593;0.0168;0.0336;-0.1732;-0.1133;0.5417;1;0.2500;0.2500;;;4.54
2026-02-17T20:12:32.441114;mvtec_AD/screw;cont_40pct_ensemble_loo_mahal;0.4;ensemble_loo_mahal;10;10;10;4;392;160;41;119;1;5;95;0.5507;0.7769;0.8603;0.0420;0.1261;-0.2089;-0.3426;0.5417;1;0.2500;0.2500;;;9.40
2026-02-17T20:12:40.113296;mvtec_AD/screw;cont_40pct_cosine_loo;0.4;cosine_loo;10;10;10;4;392;160;41;119;1;5;95;0.5362;0.7548;0.8561;0.0252;0.0504;-0.2234;-0.4361;0.5417;1;0.2500;0.2500;;;7.67
2026-02-17T20:12:47.081667;mvtec_AD/screw;cont_50pct_none;0.5;none;10;10;10;5;0;160;41;119;1;5;95;0.5450;0.7707;0.8530;0.0336;0.0924;-0.2146;;;;;;;;6.93
2026-02-17T20:12:55.005696;mvtec_AD/screw;cont_50pct_loo_patch;0.5;loo_patch;10;10;10;5;392;160;41;119;1;5;95;0.5290;0.7630;0.8571;0.0336;0.0672;-0.2306;-0.0745;0.7200;1;0.6000;0.6000;;;7.92
2026-02-17T20:13:01.178552;mvtec_AD/screw;cont_50pct_random_patch;0.5;random_patch;10;10;10;5;392;160;41;119;1;5;95;0.5442;0.7715;0.8530;0.0504;0.1176;-0.2154;-0.0038;0.7200;1;0.6000;0.6000;;;6.17
2026-02-17T20:13:10.489804;mvtec_AD/screw;cont_50pct_mahalanobis_patch;0.5;mahalanobis_patch;10;10;10;5;392;160;41;119;1;5;95;0.5546;0.7796;0.8571;0.0840;0.0840;-0.2050;0.0449;0.7200;1;0.6000;0.6000;;;9.30
2026-02-17T20:13:13.789659;mvtec_AD/screw;cont_50pct_oracle_patch;0.5;oracle_patch;10;10;5;5;3920;160;41;119;1;5;95;0.5763;0.7773;0.8593;0.0252;0.0840;-0.1832;0.1461;0.7200;1;0.6000;0.6000;;;3.29
2026-02-17T20:13:22.581200;mvtec_AD/screw;cont_50pct_ensemble_loo_mahal;0.5;ensemble_loo_mahal;10;10;10;5;392;160;41;119;1;5;95;0.5366;0.7722;0.8603;0.0588;0.1176;-0.2230;-0.0392;0.7200;1;0.6000;0.6000;;;8.79
2026-02-17T20:13:30.730691;mvtec_AD/screw;cont_50pct_cosine_loo;0.5;cosine_loo;10;10;10;5;392;160;41;119;1;5;95;0.5417;0.7661;0.8561;0.0336;0.0756;-0.2179;-0.0153;0.7200;1;0.6000;0.6000;;;8.14
2026-02-17T20:13:37.451477;mvtec_AD/screw;cont_0pct_none;0.0;none;10;10;10;0;0;160;41;119;2;5;95;0.5854;0.8305;0.8657;0.1513;0.2437;;;;;;;;;6.59
2026-02-17T20:13:46.008778;mvtec_AD/screw;cont_0pct_loo_patch;0.0;loo_patch;10;10;10;0;392;160;41;119;2;5;95;0.5649;0.8016;0.8676;0.0672;0.1849;-0.0205;;;;;;;;8.55
2026-02-17T20:13:52.539275;mvtec_AD/screw;cont_0pct_random_patch;0.0;random_patch;10;10;10;0;392;160;41;119;2;5;95;0.5829;0.8277;0.8657;0.1345;0.2437;-0.0025;;;;;;;;6.52
2026-02-17T20:14:01.647124;mvtec_AD/screw;cont_0pct_mahalanobis_patch;0.0;mahalanobis_patch;10;10;10;0;392;160;41;119;2;5;95;0.5641;0.8204;0.8645;0.1849;0.1849;-0.0213;;;;;;;;9.10
2026-02-17T20:14:01.667451;mvtec_AD/screw;cont_0pct_oracle_patch;0.0;oracle_patch;10;10;10;0;0;160;41;119;2;5;95;0.5854;0.8305;0.8657;0.1513;0.2437;0.0000;;;;;;;;0.01
2026-02-17T20:14:10.593313;mvtec_AD/screw;cont_0pct_ensemble_loo_mahal;0.0;ensemble_loo_mahal;10;10;10;0;392;160;41;119;2;5;95;0.5604;0.8024;0.8645;0.1008;0.1597;-0.0250;;;;;;;;8.85
2026-02-17T20:14:18.511079;mvtec_AD/screw;cont_0pct_cosine_loo;0.0;cosine_loo;10;10;10;0;392;160;41;119;2;5;95;0.5538;0.7855;0.8593;0.0336;0.1513;-0.0316;;;;;;;;7.91
2026-02-17T20:14:25.500282;mvtec_AD/screw;cont_5pct_none;0.05;none;10;10;10;0;0;160;41;119;2;5;95;0.5854;0.8305;0.8657;0.1513;0.2437;0.0000;;;;;;;;6.97
2026-02-17T20:14:33.030276;mvtec_AD/screw;cont_5pct_loo_patch;0.05;loo_patch;10;10;10;0;392;160;41;119;2;5;95;0.5649;0.8016;0.8676;0.0672;0.1849;-0.0205;1.0000;;;;;;;7.53
2026-02-17T20:14:39.553677;mvtec_AD/screw;cont_5pct_random_patch;0.05;random_patch;10;10;10;0;392;160;41;119;2;5;95;0.5829;0.8277;0.8657;0.1345;0.2437;-0.0025;1.0000;;;;;;;6.52
2026-02-17T20:14:48.521985;mvtec_AD/screw;cont_5pct_mahalanobis_patch;0.05;mahalanobis_patch;10;10;10;0;392;160;41;119;2;5;95;0.5641;0.8204;0.8645;0.1849;0.1849;-0.0213;1.0000;;;;;;;8.97
2026-02-17T20:14:48.538678;mvtec_AD/screw;cont_5pct_oracle_patch;0.05;oracle_patch;10;10;10;0;0;160;41;119;2;5;95;0.5854;0.8305;0.8657;0.1513;0.2437;0.0000;1.0000;;;;;;;0.01
2026-02-17T20:14:58.547655;mvtec_AD/screw;cont_5pct_ensemble_loo_mahal;0.05;ensemble_loo_mahal;10;10;10;0;392;160;41;119;2;5;95;0.5604;0.8024;0.8645;0.1008;0.1597;-0.0250;1.0000;;;;;;;9.90
2026-02-17T20:15:06.449267;mvtec_AD/screw;cont_5pct_cosine_loo;0.05;cosine_loo;10;10;10;0;392;160;41;119;2;5;95;0.5538;0.7855;0.8593;0.0336;0.1513;-0.0316;1.0000;;;;;;;7.90
2026-02-17T20:15:13.434996;mvtec_AD/screw;cont_40pct_none;0.4;none;10;10;10;4;0;160;41;119;2;5;95;0.5692;0.7752;0.8530;0.0000;0.1261;-0.0162;;;;;;;;6.96
2026-02-17T20:15:21.425487;mvtec_AD/screw;cont_40pct_loo_patch;0.4;loo_patch;10;10;10;4;392;160;41;119;2;5;95;0.6020;0.8067;0.8530;0.0084;0.2269;0.0166;2.0253;0.6667;1;0.5000;0.5000;;;7.98
2026-02-17T20:15:27.826268;mvtec_AD/screw;cont_40pct_random_patch;0.4;random_patch;10;10;10;4;392;160;41;119;2;5;95;0.5669;0.7770;0.8530;0.0000;0.1429;-0.0184;-0.1392;0.6667;1;0.5000;0.5000;;;6.40
2026-02-17T20:15:37.309709;mvtec_AD/screw;cont_40pct_mahalanobis_patch;0.4;mahalanobis_patch;10;10;10;4;392;160;41;119;2;5;95;0.5903;0.7996;0.8530;0.0336;0.1597;0.0049;1.3038;0.6667;1;0.5000;0.5000;;;9.48
2026-02-17T20:15:41.060751;mvtec_AD/screw;cont_40pct_oracle_patch;0.4;oracle_patch;10;10;6;4;3136;160;41;119;2;5;95;0.5296;0.7808;0.8613;0.0420;0.1092;-0.0557;-2.4430;0.6667;1;0.5000;0.5000;;;3.75
2026-02-17T20:15:50.100578;mvtec_AD/screw;cont_40pct_ensemble_loo_mahal;0.4;ensemble_loo_mahal;10;10;10;4;392;160;41;119;2;5;95;0.5929;0.8037;0.8530;0.0168;0.2185;0.0076;1.4684;0.6667;1;0.5000;0.5000;;;9.04
2026-02-17T20:15:58.053180;mvtec_AD/screw;cont_40pct_cosine_loo;0.4;cosine_loo;10;10;10;4;392;160;41;119;2;5;95;0.5874;0.7918;0.8530;0.0168;0.1681;0.0020;1.1266;0.6667;1;0.5000;0.5000;;;7.95
2026-02-17T20:16:04.778537;mvtec_AD/screw;cont_50pct_none;0.5;none;10;10;10;5;0;160;41;119;2;5;95;0.5784;0.7995;0.8530;0.0504;0.1261;-0.0070;;;;;;;;6.70
2026-02-17T20:16:13.153371;mvtec_AD/screw;cont_50pct_loo_patch;0.5;loo_patch;10;10;10;5;392;160;41;119;2;5;95;0.6055;0.8170;0.8530;0.0588;0.1849;0.0201;3.8824;0.6000;1;0.6000;0.6000;;;8.37
2026-02-17T20:16:19.604061;mvtec_AD/screw;cont_50pct_random_patch;0.5;random_patch;10;10;10;5;392;160;41;119;2;5;95;0.5905;0.8048;0.8530;0.0588;0.0924;0.0051;1.7353;0.6000;1;0.6000;0.6000;;;6.44
2026-02-17T20:16:28.565731;mvtec_AD/screw;cont_50pct_mahalanobis_patch;0.5;mahalanobis_patch;10;10;10;5;392;160;41;119;2;5;95;0.6110;0.8261;0.8530;0.1092;0.2017;0.0256;4.6765;0.6000;1;0.6000;0.6000;;;8.96
2026-02-17T20:16:32.586239;mvtec_AD/screw;cont_50pct_oracle_patch;0.5;oracle_patch;10;10;5;5;3920;160;41;119;2;5;95;0.5286;0.7820;0.8623;0.0420;0.1176;-0.0568;-7.1471;0.6000;1;0.6000;0.6000;;;4.01
2026-02-17T20:16:40.837273;mvtec_AD/screw;cont_50pct_ensemble_loo_mahal;0.5;ensemble_loo_mahal;10;10;10;5;392;160;41;119;2;5;95;0.6126;0.8247;0.8530;0.0840;0.2437;0.0273;4.9118;0.6000;1;0.6000;0.6000;;;8.25
2026-02-17T20:16:49.148859;mvtec_AD/screw;cont_50pct_cosine_loo;0.5;cosine_loo;10;10;10;5;392;160;41;119;2;5;95;0.5923;0.8039;0.8530;0.0336;0.1765;0.0070;2.0000;0.6000;1;0.6000;0.6000;;;8.31
2026-02-17T20:16:56.364945;mvtec_AD/screw;cont_0pct_none;0.0;none;10;10;10;0;0;160;41;119;3;5;95;0.6835;0.8502;0.8550;0.0924;0.1597;;;;;;;;;7.03
2026-02-17T20:17:03.981577;mvtec_AD/screw;cont_0pct_loo_patch;0.0;loo_patch;10;10;10;0;392;160;41;119;3;5;95;0.5839;0.7812;0.8530;0.0252;0.0420;-0.0996;;;;;;;;7.61
2026-02-17T20:17:11.390377;mvtec_AD/screw;cont_0pct_random_patch;0.0;random_patch;10;10;10;0;392;160;41;119;3;5;95;0.6799;0.8465;0.8550;0.0924;0.1681;-0.0037;;;;;;;;7.40
2026-02-17T20:17:20.239239;mvtec_AD/screw;cont_0pct_mahalanobis_patch;0.0;mahalanobis_patch;10;10;10;0;392;160;41;119;3;5;95;0.6358;0.8124;0.8561;0.0336;0.0588;-0.0478;;;;;;;;8.84
2026-02-17T20:17:20.255406;mvtec_AD/screw;cont_0pct_oracle_patch;0.0;oracle_patch;10;10;10;0;0;160;41;119;3;5;95;0.6835;0.8502;0.8550;0.0924;0.1597;0.0000;;;;;;;;0.01
2026-02-17T20:17:29.460629;mvtec_AD/screw;cont_0pct_ensemble_loo_mahal;0.0;ensemble_loo_mahal;10;10;10;0;392;160;41;119;3;5;95;0.6214;0.8017;0.8593;0.0252;0.0588;-0.0621;;;;;;;;9.09
2026-02-17T20:17:36.975373;mvtec_AD/screw;cont_0pct_cosine_loo;0.0;cosine_loo;10;10;10;0;392;160;41;119;3;5;95;0.6274;0.8102;0.8530;0.0504;0.0588;-0.0562;;;;;;;;7.51
2026-02-17T20:17:44.537244;mvtec_AD/screw;cont_5pct_none;0.05;none;10;10;10;0;0;160;41;119;3;5;95;0.6835;0.8502;0.8550;0.0924;0.1597;0.0000;;;;;;;;7.55
2026-02-17T20:17:52.053519;mvtec_AD/screw;cont_5pct_loo_patch;0.05;loo_patch;10;10;10;0;392;160;41;119;3;5;95;0.5839;0.7812;0.8530;0.0252;0.0420;-0.0996;1.0000;;;;;;;7.51
2026-02-17T20:17:58.748311;mvtec_AD/screw;cont_5pct_random_patch;0.05;random_patch;10;10;10;0;392;160;41;119;3;5;95;0.6799;0.8465;0.8550;0.0924;0.1681;-0.0037;1.0000;;;;;;;6.69
2026-02-17T20:18:07.500517;mvtec_AD/screw;cont_5pct_mahalanobis_patch;0.05;mahalanobis_patch;10;10;10;0;392;160;41;119;3;5;95;0.6358;0.8124;0.8561;0.0336;0.0588;-0.0478;1.0000;;;;;;;8.75
2026-02-17T20:18:07.515511;mvtec_AD/screw;cont_5pct_oracle_patch;0.05;oracle_patch;10;10;10;0;0;160;41;119;3;5;95;0.6835;0.8502;0.8550;0.0924;0.1597;0.0000;1.0000;;;;;;;0.01
2026-02-17T20:18:17.478180;mvtec_AD/screw;cont_5pct_ensemble_loo_mahal;0.05;ensemble_loo_mahal;10;10;10;0;392;160;41;119;3;5;95;0.6214;0.8017;0.8593;0.0252;0.0588;-0.0621;1.0000;;;;;;;9.13
2026-02-17T20:18:25.206273;mvtec_AD/screw;cont_5pct_cosine_loo;0.05;cosine_loo;10;10;10;0;392;160;41;119;3;5;95;0.6274;0.8102;0.8530;0.0504;0.0588;-0.0562;1.0000;;;;;;;7.72
2026-02-17T20:18:32.308671;mvtec_AD/screw;cont_40pct_none;0.4;none;10;10;10;4;0;160;41;119;3;5;95;0.5796;0.8095;0.8530;0.1345;0.1429;-0.1039;;;;;;;;7.08
2026-02-17T20:18:40.514961;mvtec_AD/screw;cont_40pct_loo_patch;0.4;loo_patch;10;10;10;4;392;160;41;119;3;5;95;0.5325;0.7616;0.8530;0.0168;0.0420;-0.1511;-0.4536;0.4167;0;0.2500;0.2500;;;8.20
2026-02-17T20:18:46.946116;mvtec_AD/screw;cont_40pct_random_patch;0.4;random_patch;10;10;10;4;392;160;41;119;3;5;95;0.5790;0.8069;0.8530;0.1092;0.1345;-0.1045;-0.0059;0.4167;0;0.2500;0.2500;;;6.42
2026-02-17T20:18:56.051029;mvtec_AD/screw;cont_40pct_mahalanobis_patch;0.4;mahalanobis_patch;10;10;10;4;392;160;41;119;3;5;95;0.5733;0.8028;0.8530;0.1261;0.1261;-0.1103;-0.0611;0.4167;0;0.2500;0.2500;;;9.10
2026-02-17T20:19:00.707097;mvtec_AD/screw;cont_40pct_oracle_patch;0.4;oracle_patch;10;10;6;4;3136;160;41;119;3;5;95;0.6495;0.8415;0.8538;0.0840;0.2353;-0.0340;0.6726;0.4167;0;0.2500;0.2500;;;4.65
2026-02-17T20:19:10.012270;mvtec_AD/screw;cont_40pct_ensemble_loo_mahal;0.4;ensemble_loo_mahal;10;10;10;4;392;160;41;119;3;5;95;0.5425;0.7751;0.8530;0.0168;0.1429;-0.1410;-0.3570;0.4167;0;0.2500;0.2500;;;9.30
2026-02-17T20:19:16.744767;mvtec_AD/screw;cont_40pct_cosine_loo;0.4;cosine_loo;10;10;10;4;392;160;41;119;3;5;95;0.5446;0.7852;0.8530;0.0504;0.1597;-0.1390;-0.3373;0.4167;0;0.2500;0.2500;;;6.73
2026-02-17T20:19:24.519041;mvtec_AD/screw;cont_50pct_none;0.5;none;10;10;10;5;0;160;41;119;3;5;95;0.5675;0.8112;0.8530;0.1261;0.1429;-0.1160;;;;;;;;7.75
2026-02-17T20:19:32.114612;mvtec_AD/screw;cont_50pct_loo_patch;0.5;loo_patch;10;10;10;5;392;160;41;119;3;5;95;0.5569;0.7958;0.8530;0.1092;0.1765;-0.1267;-0.0919;0.6400;1;0.6000;0.6000;;;7.54
2026-02-17T20:19:39.064235;mvtec_AD/screw;cont_50pct_random_patch;0.5;random_patch;10;10;10;5;392;160;41;119;3;5;95;0.5669;0.8098;0.8530;0.1261;0.1261;-0.1166;-0.0053;0.6400;1;0.6000;0.6000;;;6.94
2026-02-17T20:19:48.475968;mvtec_AD/screw;cont_50pct_mahalanobis_patch;0.5;mahalanobis_patch;10;10;10;5;392;160;41;119;3;5;95;0.5858;0.8083;0.8530;0.1092;0.1176;-0.0978;0.1572;0.6400;1;0.6000;0.6000;;;9.41
2026-02-17T20:19:51.935804;mvtec_AD/screw;cont_50pct_oracle_patch;0.5;oracle_patch;10;10;5;5;3920;160;41;119;3;5;95;0.6325;0.8380;0.8530;0.0924;0.1765;-0.0510;0.5601;0.6400;1;0.6000;0.6000;;;3.46
2026-02-17T20:20:00.867321;mvtec_AD/screw;cont_50pct_ensemble_loo_mahal;0.5;ensemble_loo_mahal;10;10;10;5;392;160;41;119;3;5;95;0.5591;0.7975;0.8530;0.1008;0.1345;-0.1244;-0.0724;0.6400;1;0.6000;0.6000;;;8.92
2026-02-17T20:20:09.462045;mvtec_AD/screw;cont_50pct_cosine_loo;0.5;cosine_loo;10;10;10;5;392;160;41;119;3;5;95;0.5702;0.8043;0.8530;0.1261;0.1513;-0.1133;0.0230;0.6400;1;0.6000;0.6000;;;8.59
2026-02-17T20:20:16.768400;mvtec_AD/screw;cont_0pct_none;0.0;none;10;10;10;0;0;160;41;119;4;5;95;0.6192;0.8156;0.8655;0.0336;0.1429;;;;;;;;;7.14
2026-02-17T20:20:24.280462;mvtec_AD/screw;cont_0pct_loo_patch;0.0;loo_patch;10;10;10;0;392;160;41;119;4;5;95;0.5532;0.7614;0.8655;0.0168;0.0420;-0.0660;;;;;;;;7.50
2026-02-17T20:20:31.740977;mvtec_AD/screw;cont_0pct_random_patch;0.0;random_patch;10;10;10;0;392;160;41;119;4;5;95;0.6235;0.8184;0.8623;0.0336;0.1345;0.0043;;;;;;;;7.46
2026-02-17T20:20:40.766366;mvtec_AD/screw;cont_0pct_mahalanobis_patch;0.0;mahalanobis_patch;10;10;10;0;392;160;41;119;4;5;95;0.6065;0.8159;0.8655;0.0504;0.1008;-0.0127;;;;;;;;8.62
2026-02-17T20:20:40.779244;mvtec_AD/screw;cont_0pct_oracle_patch;0.0;oracle_patch;10;10;10;0;0;160;41;119;4;5;95;0.6192;0.8156;0.8655;0.0336;0.1429;0.0000;;;;;;;;0.01
2026-02-17T20:20:50.877736;mvtec_AD/screw;cont_0pct_ensemble_loo_mahal;0.0;ensemble_loo_mahal;10;10;10;0;392;160;41;119;4;5;95;0.5610;0.7688;0.8655;0.0252;0.0336;-0.0582;;;;;;;;10.10
2026-02-17T20:20:58.670009;mvtec_AD/screw;cont_0pct_cosine_loo;0.0;cosine_loo;10;10;10;0;392;160;41;119;4;5;95;0.5602;0.7620;0.8623;0.0084;0.0336;-0.0590;;;;;;;;7.79
2026-02-17T20:21:05.834875;mvtec_AD/screw;cont_5pct_none;0.05;none;10;10;10;0;0;160;41;119;4;5;95;0.6192;0.8156;0.8655;0.0336;0.1429;0.0000;;;;;;;;7.15
2026-02-17T20:21:14.593693;mvtec_AD/screw;cont_5pct_loo_patch;0.05;loo_patch;10;10;10;0;392;160;41;119;4;5;95;0.5532;0.7614;0.8655;0.0168;0.0420;-0.0660;1.0000;;;;;;;8.75
2026-02-17T20:21:21.140832;mvtec_AD/screw;cont_5pct_random_patch;0.05;random_patch;10;10;10;0;392;160;41;119;4;5;95;0.6235;0.8184;0.8623;0.0336;0.1345;0.0043;1.0000;;;;;;;6.54
2026-02-17T20:21:30.151266;mvtec_AD/screw;cont_5pct_mahalanobis_patch;0.05;mahalanobis_patch;10;10;10;0;392;160;41;119;4;5;95;0.6065;0.8159;0.8655;0.0504;0.1008;-0.0127;1.0000;;;;;;;9.01
2026-02-17T20:21:30.174265;mvtec_AD/screw;cont_5pct_oracle_patch;0.05;oracle_patch;10;10;10;0;0;160;41;119;4;5;95;0.6192;0.8156;0.8655;0.0336;0.1429;0.0000;1.0000;;;;;;;0.02
2026-02-17T20:21:40.183116;mvtec_AD/screw;cont_5pct_ensemble_loo_mahal;0.05;ensemble_loo_mahal;10;10;10;0;392;160;41;119;4;5;95;0.5610;0.7688;0.8655;0.0252;0.0336;-0.0582;1.0000;;;;;;;9.72
2026-02-17T20:21:47.720644;mvtec_AD/screw;cont_5pct_cosine_loo;0.05;cosine_loo;10;10;10;0;392;160;41;119;4;5;95;0.5602;0.7620;0.8623;0.0084;0.0336;-0.0590;1.0000;;;;;;;7.53
2026-02-17T20:21:54.824314;mvtec_AD/screw;cont_40pct_none;0.4;none;10;10;10;4;0;160;41;119;4;5;95;0.6314;0.8245;0.8530;0.0420;0.1176;0.0122;;;;;;;;7.08
2026-02-17T20:22:03.220239;mvtec_AD/screw;cont_40pct_loo_patch;0.4;loo_patch;10;10;10;4;392;160;41;119;4;5;95;0.6557;0.8579;0.8530;0.1513;0.2605;0.0365;-1.9916;0.3333;1;0.2500;0.2500;;;8.39
2026-02-17T20:22:09.875881;mvtec_AD/screw;cont_40pct_random_patch;0.4;random_patch;10;10;10;4;392;160;41;119;4;5;95;0.6227;0.8164;0.8530;0.0336;0.1092;0.0035;0.7143;0.3333;1;0.2500;0.2500;;;6.65
2026-02-17T20:22:18.950098;mvtec_AD/screw;cont_40pct_mahalanobis_patch;0.4;mahalanobis_patch;10;10;10;4;392;160;41;119;4;5;95;0.6481;0.8521;0.8530;0.1345;0.2437;0.0289;-1.3697;0.3333;1;0.2500;0.2500;;;9.07
2026-02-17T20:22:23.550169;mvtec_AD/screw;cont_40pct_oracle_patch;0.4;oracle_patch;10;10;6;4;3136;160;41;119;4;5;95;0.6063;0.8050;0.8530;0.0168;0.1429;-0.0129;2.0588;0.3333;1;0.2500;0.2500;;;4.60
2026-02-17T20:22:32.463134;mvtec_AD/screw;cont_40pct_ensemble_loo_mahal;0.4;ensemble_loo_mahal;10;10;10;4;392;160;41;119;4;5;95;0.6466;0.8515;0.8530;0.1345;0.2353;0.0275;-1.2521;0.3333;1;0.2500;0.2500;;;8.91
2026-02-17T20:22:40.248257;mvtec_AD/screw;cont_40pct_cosine_loo;0.4;cosine_loo;10;10;10;4;392;160;41;119;4;5;95;0.6346;0.8354;0.8530;0.0756;0.1261;0.0154;-0.2605;0.3333;1;0.2500;0.2500;;;7.78
2026-02-17T20:22:48.193667;mvtec_AD/screw;cont_50pct_none;0.5;none;10;10;10;5;0;160;41;119;4;5;95;0.6145;0.8218;0.8530;0.0840;0.1765;-0.0047;;;;;;;;7.92
2026-02-17T20:22:55.735970;mvtec_AD/screw;cont_50pct_loo_patch;0.5;loo_patch;10;10;10;5;392;160;41;119;4;5;95;0.6024;0.8202;0.8530;0.0840;0.1681;-0.0168;-2.5652;0.2400;0;0.2000;0.2000;;;7.54
2026-02-17T20:23:02.315232;mvtec_AD/screw;cont_50pct_random_patch;0.5;random_patch;10;10;10;5;392;160;41;119;4;5;95;0.6112;0.8213;0.8530;0.0840;0.1681;-0.0080;-0.6957;0.2400;0;0.2000;0.2000;;;6.57
2026-02-17T20:23:12.147050;mvtec_AD/screw;cont_50pct_mahalanobis_patch;0.5;mahalanobis_patch;10;10;10;5;392;160;41;119;4;5;95;0.6167;0.8253;0.8530;0.0672;0.2269;-0.0025;0.4783;0.2400;0;0.2000;0.2000;;;9.83
2026-02-17T20:23:15.139993;mvtec_AD/screw;cont_50pct_oracle_patch;0.5;oracle_patch;10;10;5;5;3920;160;41;119;4;5;95;0.5940;0.7993;0.8551;0.0252;0.1513;-0.0252;-4.3478;0.2400;0;0.2000;0.2000;;;2.99
2026-02-17T20:23:24.445447;mvtec_AD/screw;cont_50pct_ensemble_loo_mahal;0.5;ensemble_loo_mahal;10;10;10;5;392;160;41;119;4;5;95;0.6177;0.8300;0.8530;0.1176;0.2185;-0.0014;0.6957;0.2400;0;0.2000;0.2000;;;9.30
2026-02-17T20:23:33.063080;mvtec_AD/screw;cont_50pct_cosine_loo;0.5;cosine_loo;10;10;10;5;392;160;41;119;4;5;95;0.6011;0.8257;0.8530;0.1092;0.2269;-0.0180;-2.8261;0.2400;0;0.2000;0.2000;;;8.61
2026-02-17T20:23:39.250796;mvtec_AD/tile;cont_0pct_none;0.0;none;10;10;10;0;0;117;33;84;0;5;95;1.0000;1.0000;1.0000;1.0000;1.0000;;;;;;;;;5.01
2026-02-17T20:23:45.288614;mvtec_AD/tile;cont_0pct_loo_patch;0.0;loo_patch;10;10;10;0;392;117;33;84;0;5;95;1.0000;1.0000;1.0000;1.0000;1.0000;0.0000;;;;;;;;6.03
2026-02-17T20:23:50.877062;mvtec_AD/tile;cont_0pct_random_patch;0.0;random_patch;10;10;10;0;392;117;33;84;0;5;95;1.0000;1.0000;1.0000;1.0000;1.0000;0.0000;;;;;;;;5.58
2026-02-17T20:23:58.248485;mvtec_AD/tile;cont_0pct_mahalanobis_patch;0.0;mahalanobis_patch;10;10;10;0;392;117;33;84;0;5;95;1.0000;1.0000;1.0000;1.0000;1.0000;0.0000;;;;;;;;7.20
2026-02-17T20:23:58.262865;mvtec_AD/tile;cont_0pct_oracle_patch;0.0;oracle_patch;10;10;10;0;0;117;33;84;0;5;95;1.0000;1.0000;1.0000;1.0000;1.0000;0.0000;;;;;;;;0.01
2026-02-17T20:24:05.487913;mvtec_AD/tile;cont_0pct_ensemble_loo_mahal;0.0;ensemble_loo_mahal;10;10;10;0;392;117;33;84;0;5;95;1.0000;1.0000;1.0000;1.0000;1.0000;0.0000;;;;;;;;7.22
2026-02-17T20:24:12.382124;mvtec_AD/tile;cont_0pct_cosine_loo;0.0;cosine_loo;10;10;10;0;392;117;33;84;0;5;95;1.0000;1.0000;1.0000;1.0000;1.0000;0.0000;;;;;;;;6.89
2026-02-17T20:24:18.344813;mvtec_AD/tile;cont_5pct_none;0.05;none;10;10;10;0;0;117;33;84;0;5;95;1.0000;1.0000;1.0000;1.0000;1.0000;0.0000;;;;;;;;5.77
2026-02-17T20:24:23.954133;mvtec_AD/tile;cont_5pct_loo_patch;0.05;loo_patch;10;10;10;0;392;117;33;84;0;5;95;1.0000;1.0000;1.0000;1.0000;1.0000;0.0000;1.0000;;;;;;;5.61
2026-02-17T20:24:28.783677;mvtec_AD/tile;cont_5pct_random_patch;0.05;random_patch;10;10;10;0;392;117;33;84;0;5;95;1.0000;1.0000;1.0000;1.0000;1.0000;0.0000;1.0000;;;;;;;4.82
2026-02-17T20:24:36.661748;mvtec_AD/tile;cont_5pct_mahalanobis_patch;0.05;mahalanobis_patch;10;10;10;0;392;117;33;84;0;5;95;1.0000;1.0000;1.0000;1.0000;1.0000;0.0000;1.0000;;;;;;;7.87
2026-02-17T20:24:36.680492;mvtec_AD/tile;cont_5pct_oracle_patch;0.05;oracle_patch;10;10;10;0;0;117;33;84;0;5;95;1.0000;1.0000;1.0000;1.0000;1.0000;0.0000;1.0000;;;;;;;0.01
2026-02-17T20:24:43.755571;mvtec_AD/tile;cont_5pct_ensemble_loo_mahal;0.05;ensemble_loo_mahal;10;10;10;0;392;117;33;84;0;5;95;1.0000;1.0000;1.0000;1.0000;1.0000;0.0000;1.0000;;;;;;;6.97
2026-02-17T20:24:49.431864;mvtec_AD/tile;cont_5pct_cosine_loo;0.05;cosine_loo;10;10;10;0;392;117;33;84;0;5;95;1.0000;1.0000;1.0000;1.0000;1.0000;0.0000;1.0000;;;;;;;5.67
2026-02-17T20:24:54.620204;mvtec_AD/tile;cont_40pct_none;0.4;none;10;10;10;4;0;117;33;84;0;5;95;0.9499;0.9854;0.9693;0.9405;0.9405;-0.0501;;;;;;;;5.16
2026-02-17T20:25:00.294036;mvtec_AD/tile;cont_40pct_loo_patch;0.4;loo_patch;10;10;10;4;392;117;33;84;0;5;95;0.9989;0.9996;0.9940;0.9881;0.9881;-0.0011;0.9784;0.7917;1;0.7500;0.7500;;;5.67
2026-02-17T20:25:05.785106;mvtec_AD/tile;cont_40pct_random_patch;0.4;random_patch;10;10;10;4;392;117;33;84;0;5;95;0.9509;0.9858;0.9693;0.9405;0.9405;-0.0491;0.0216;0.7917;1;0.7500;0.7500;;;5.49
2026-02-17T20:25:13.055952;mvtec_AD/tile;cont_40pct_mahalanobis_patch;0.4;mahalanobis_patch;10;10;10;4;392;117;33;84;0;5;95;0.9993;0.9997;0.9940;0.9881;0.9881;-0.0007;0.9856;0.7917;1;0.7500;0.7500;;;7.17
2026-02-17T20:25:15.725877;mvtec_AD/tile;cont_40pct_oracle_patch;0.4;oracle_patch;10;10;6;4;3136;117;33;84;0;5;95;1.0000;1.0000;1.0000;1.0000;1.0000;0.0000;1.0000;0.7917;1;0.7500;0.7500;;;2.66
2026-02-17T20:25:23.603125;mvtec_AD/tile;cont_40pct_ensemble_loo_mahal;0.4;ensemble_loo_mahal;10;10;10;4;392;117;33;84;0;5;95;0.9989;0.9996;0.9940;0.9881;0.9881;-0.0011;0.9784;0.7917;1;0.7500;0.7500;;;7.87
2026-02-17T20:25:30.003192;mvtec_AD/tile;cont_40pct_cosine_loo;0.4;cosine_loo;10;10;10;4;392;117;33;84;0;5;95;0.9931;0.9976;0.9880;0.9762;0.9762;-0.0069;0.8633;0.7917;1;0.7500;0.7500;;;6.40
2026-02-17T20:25:35.562676;mvtec_AD/tile;cont_50pct_none;0.5;none;10;10;10;5;0;117;33;84;0;5;95;0.9369;0.9816;0.9630;0.9286;0.9286;-0.0631;;;;;;;;5.54
2026-02-17T20:25:41.168604;mvtec_AD/tile;cont_50pct_loo_patch;0.5;loo_patch;10;10;10;5;392;117;33;84;0;5;95;0.9845;0.9954;0.9880;0.9762;0.9762;-0.0155;0.7543;0.7200;1;0.6000;0.6000;;;5.60
2026-02-17T20:25:46.818188;mvtec_AD/tile;cont_50pct_random_patch;0.5;random_patch;10;10;10;5;392;117;33;84;0;5;95;0.9372;0.9817;0.9630;0.9286;0.9286;-0.0628;0.0057;0.7200;1;0.6000;0.6000;;;5.64
2026-02-17T20:25:54.033522;mvtec_AD/tile;cont_50pct_mahalanobis_patch;0.5;mahalanobis_patch;10;10;10;5;392;117;33;84;0;5;95;0.9971;0.9990;0.9940;0.9881;0.9881;-0.0029;0.9543;0.7200;1;0.6000;0.6000;;;7.06
2026-02-17T20:25:56.796240;mvtec_AD/tile;cont_50pct_oracle_patch;0.5;oracle_patch;10;10;5;5;3920;117;33;84;0;5;95;1.0000;1.0000;1.0000;1.0000;1.0000;0.0000;1.0000;0.7200;1;0.6000;0.6000;;;2.76
2026-02-17T20:26:03.778462;mvtec_AD/tile;cont_50pct_ensemble_loo_mahal;0.5;ensemble_loo_mahal;10;10;10;5;392;117;33;84;0;5;95;0.9971;0.9990;0.9940;0.9881;0.9881;-0.0029;0.9543;0.7200;1;0.6000;0.6000;;;6.87
2026-02-17T20:26:10.234284;mvtec_AD/tile;cont_50pct_cosine_loo;0.5;cosine_loo;10;10;10;5;392;117;33;84;0;5;95;0.9845;0.9954;0.9880;0.9762;0.9762;-0.0155;0.7543;0.7200;1;0.6000;0.6000;;;6.45
2026-02-17T20:26:15.704026;mvtec_AD/tile;cont_0pct_none;0.0;none;10;10;10;0;0;117;33;84;1;5;95;1.0000;1.0000;1.0000;1.0000;1.0000;;;;;;;;;5.31
2026-02-17T20:26:21.742524;mvtec_AD/tile;cont_0pct_loo_patch;0.0;loo_patch;10;10;10;0;392;117;33;84;1;5;95;1.0000;1.0000;1.0000;1.0000;1.0000;0.0000;;;;;;;;6.04
2026-02-17T20:26:26.598366;mvtec_AD/tile;cont_0pct_random_patch;0.0;random_patch;10;10;10;0;392;117;33;84;1;5;95;1.0000;1.0000;1.0000;1.0000;1.0000;0.0000;;;;;;;;4.85
2026-02-17T20:26:34.445092;mvtec_AD/tile;cont_0pct_mahalanobis_patch;0.0;mahalanobis_patch;10;10;10;0;392;117;33;84;1;5;95;1.0000;1.0000;1.0000;1.0000;1.0000;0.0000;;;;;;;;7.84
2026-02-17T20:26:34.460294;mvtec_AD/tile;cont_0pct_oracle_patch;0.0;oracle_patch;10;10;10;0;0;117;33;84;1;5;95;1.0000;1.0000;1.0000;1.0000;1.0000;0.0000;;;;;;;;0.01
2026-02-17T20:26:41.753402;mvtec_AD/tile;cont_0pct_ensemble_loo_mahal;0.0;ensemble_loo_mahal;10;10;10;0;392;117;33;84;1;5;95;1.0000;1.0000;1.0000;1.0000;1.0000;0.0000;;;;;;;;7.05
2026-02-17T20:26:47.426469;mvtec_AD/tile;cont_0pct_cosine_loo;0.0;cosine_loo;10;10;10;0;392;117;33;84;1;5;95;1.0000;1.0000;1.0000;1.0000;1.0000;0.0000;;;;;;;;5.67
2026-02-17T20:26:53.364167;mvtec_AD/tile;cont_5pct_none;0.05;none;10;10;10;0;0;117;33;84;1;5;95;1.0000;1.0000;1.0000;1.0000;1.0000;0.0000;;;;;;;;5.92
2026-02-17T20:26:59.405162;mvtec_AD/tile;cont_5pct_loo_patch;0.05;loo_patch;10;10;10;0;392;117;33;84;1;5;95;1.0000;1.0000;1.0000;1.0000;1.0000;0.0000;1.0000;;;;;;;6.04
2026-02-17T20:27:03.718313;mvtec_AD/tile;cont_5pct_random_patch;0.05;random_patch;10;10;10;0;392;117;33;84;1;5;95;1.0000;1.0000;1.0000;1.0000;1.0000;0.0000;1.0000;;;;;;;4.30
2026-02-17T20:27:10.546706;mvtec_AD/tile;cont_5pct_mahalanobis_patch;0.05;mahalanobis_patch;10;10;10;0;392;117;33;84;1;5;95;1.0000;1.0000;1.0000;1.0000;1.0000;0.0000;1.0000;;;;;;;6.82
2026-02-17T20:27:10.563274;mvtec_AD/tile;cont_5pct_oracle_patch;0.05;oracle_patch;10;10;10;0;0;117;33;84;1;5;95;1.0000;1.0000;1.0000;1.0000;1.0000;0.0000;1.0000;;;;;;;0.01
2026-02-17T20:27:18.252448;mvtec_AD/tile;cont_5pct_ensemble_loo_mahal;0.05;ensemble_loo_mahal;10;10;10;0;392;117;33;84;1;5;95;1.0000;1.0000;1.0000;1.0000;1.0000;0.0000;1.0000;;;;;;;7.59
2026-02-17T20:27:23.994253;mvtec_AD/tile;cont_5pct_cosine_loo;0.05;cosine_loo;10;10;10;0;392;117;33;84;1;5;95;1.0000;1.0000;1.0000;1.0000;1.0000;0.0000;1.0000;;;;;;;5.74
2026-02-17T20:27:29.410290;mvtec_AD/tile;cont_40pct_none;0.4;none;10;10;10;4;0;117;33;84;1;5;95;0.9524;0.9864;0.9756;0.9524;0.9524;-0.0476;;;;;;;;5.39
2026-02-17T20:27:35.385067;mvtec_AD/tile;cont_40pct_loo_patch;0.4;loo_patch;10;10;10;4;392;117;33;84;1;5;95;1.0000;1.0000;1.0000;1.0000;1.0000;0.0000;1.0000;1.0000;1;1.0000;1.0000;;;5.97
2026-02-17T20:27:40.806595;mvtec_AD/tile;cont_40pct_random_patch;0.4;random_patch;10;10;10;4;392;117;33;84;1;5;95;0.9560;0.9872;0.9756;0.9524;0.9524;-0.0440;0.0758;1.0000;1;1.0000;1.0000;;;5.42
2026-02-17T20:27:48.155414;mvtec_AD/tile;cont_40pct_mahalanobis_patch;0.4;mahalanobis_patch;10;10;10;4;392;117;33;84;1;5;95;1.0000;1.0000;1.0000;1.0000;1.0000;0.0000;1.0000;1.0000;1;1.0000;1.0000;;;7.09
2026-02-17T20:27:51.431577;mvtec_AD/tile;cont_40pct_oracle_patch;0.4;oracle_patch;10;10;6;4;3136;117;33;84;1;5;95;1.0000;1.0000;1.0000;1.0000;1.0000;0.0000;1.0000;1.0000;1;1.0000;1.0000;;;3.27
2026-02-17T20:27:59.963722;mvtec_AD/tile;cont_40pct_ensemble_loo_mahal;0.4;ensemble_loo_mahal;10;10;10;4;392;117;33;84;1;5;95;1.0000;1.0000;1.0000;1.0000;1.0000;0.0000;1.0000;1.0000;1;1.0000;1.0000;;;8.53
2026-02-17T20:28:06.446982;mvtec_AD/tile;cont_40pct_cosine_loo;0.4;cosine_loo;10;10;10;4;392;117;33;84;1;5;95;1.0000;1.0000;1.0000;1.0000;1.0000;0.0000;1.0000;1.0000;1;1.0000;1.0000;;;6.48
2026-02-17T20:28:10.339400;mvtec_AD/tile;cont_50pct_none;0.5;none;10;10;10;5;0;117;33;84;1;5;95;0.9405;0.9829;0.9693;0.9405;0.9405;-0.0595;;;;;;;;3.87
2026-02-17T20:28:16.278444;mvtec_AD/tile;cont_50pct_loo_patch;0.5;loo_patch;10;10;10;5;392;117;33;84;1;5;95;0.9881;0.9966;0.9940;0.9881;0.9881;-0.0119;0.8000;1.0000;1;1.0000;1.0000;;;5.93
2026-02-17T20:28:21.340240;mvtec_AD/tile;cont_50pct_random_patch;0.5;random_patch;10;10;10;5;392;117;33;84;1;5;95;0.9426;0.9834;0.9693;0.9405;0.9405;-0.0574;0.0364;1.0000;1;1.0000;1.0000;;;5.06
2026-02-17T20:28:29.096518;mvtec_AD/tile;cont_50pct_mahalanobis_patch;0.5;mahalanobis_patch;10;10;10;5;392;117;33;84;1;5;95;0.9881;0.9966;0.9940;0.9881;0.9881;-0.0119;0.8000;1.0000;1;1.0000;1.0000;;;7.75
2026-02-17T20:28:31.686054;mvtec_AD/tile;cont_50pct_oracle_patch;0.5;oracle_patch;10;10;5;5;3920;117;33;84;1;5;95;1.0000;1.0000;1.0000;1.0000;1.0000;0.0000;1.0000;1.0000;1;1.0000;1.0000;;;2.58
2026-02-17T20:28:39.058338;mvtec_AD/tile;cont_50pct_ensemble_loo_mahal;0.5;ensemble_loo_mahal;10;10;10;5;392;117;33;84;1;5;95;0.9881;0.9966;0.9940;0.9881;0.9881;-0.0119;0.8000;1.0000;1;1.0000;1.0000;;;7.37
2026-02-17T20:28:45.865145;mvtec_AD/tile;cont_50pct_cosine_loo;0.5;cosine_loo;10;10;10;5;392;117;33;84;1;5;95;0.9881;0.9966;0.9940;0.9881;0.9881;-0.0119;0.8000;1.0000;1;1.0000;1.0000;;;6.80
2026-02-17T20:28:51.826016;mvtec_AD/tile;cont_0pct_none;0.0;none;10;10;10;0;0;117;33;84;2;5;95;1.0000;1.0000;1.0000;1.0000;1.0000;;;;;;;;;5.61
2026-02-17T20:28:57.350687;mvtec_AD/tile;cont_0pct_loo_patch;0.0;loo_patch;10;10;10;0;392;117;33;84;2;5;95;1.0000;1.0000;1.0000;1.0000;1.0000;0.0000;;;;;;;;5.52
2026-02-17T20:29:01.945116;mvtec_AD/tile;cont_0pct_random_patch;0.0;random_patch;10;10;10;0;392;117;33;84;2;5;95;1.0000;1.0000;1.0000;1.0000;1.0000;0.0000;;;;;;;;4.59
2026-02-17T20:29:09.723758;mvtec_AD/tile;cont_0pct_mahalanobis_patch;0.0;mahalanobis_patch;10;10;10;0;392;117;33;84;2;5;95;1.0000;1.0000;1.0000;1.0000;1.0000;0.0000;;;;;;;;7.77
2026-02-17T20:29:09.742759;mvtec_AD/tile;cont_0pct_oracle_patch;0.0;oracle_patch;10;10;10;0;0;117;33;84;2;5;95;1.0000;1.0000;1.0000;1.0000;1.0000;0.0000;;;;;;;;0.01
2026-02-17T20:29:16.716111;mvtec_AD/tile;cont_0pct_ensemble_loo_mahal;0.0;ensemble_loo_mahal;10;10;10;0;392;117;33;84;2;5;95;1.0000;1.0000;1.0000;1.0000;1.0000;0.0000;;;;;;;;6.85
2026-02-17T20:29:22.471504;mvtec_AD/tile;cont_0pct_cosine_loo;0.0;cosine_loo;10;10;10;0;392;117;33;84;2;5;95;1.0000;1.0000;1.0000;1.0000;1.0000;0.0000;;;;;;;;5.75
2026-02-17T20:29:28.247802;mvtec_AD/tile;cont_5pct_none;0.05;none;10;10;10;0;0;117;33;84;2;5;95;1.0000;1.0000;1.0000;1.0000;1.0000;0.0000;;;;;;;;5.76
2026-02-17T20:29:34.785066;mvtec_AD/tile;cont_5pct_loo_patch;0.05;loo_patch;10;10;10;0;392;117;33;84;2;5;95;1.0000;1.0000;1.0000;1.0000;1.0000;0.0000;1.0000;;;;;;;6.53
2026-02-17T20:29:39.368825;mvtec_AD/tile;cont_5pct_random_patch;0.05;random_patch;10;10;10;0;392;117;33;84;2;5;95;1.0000;1.0000;1.0000;1.0000;1.0000;0.0000;1.0000;;;;;;;4.58
2026-02-17T20:29:46.178969;mvtec_AD/tile;cont_5pct_mahalanobis_patch;0.05;mahalanobis_patch;10;10;10;0;392;117;33;84;2;5;95;1.0000;1.0000;1.0000;1.0000;1.0000;0.0000;1.0000;;;;;;;6.81
2026-02-17T20:29:46.192967;mvtec_AD/tile;cont_5pct_oracle_patch;0.05;oracle_patch;10;10;10;0;0;117;33;84;2;5;95;1.0000;1.0000;1.0000;1.0000;1.0000;0.0000;1.0000;;;;;;;0.01
2026-02-17T20:29:54.197560;mvtec_AD/tile;cont_5pct_ensemble_loo_mahal;0.05;ensemble_loo_mahal;10;10;10;0;392;117;33;84;2;5;95;1.0000;1.0000;1.0000;1.0000;1.0000;0.0000;1.0000;;;;;;;7.91
2026-02-17T20:30:00.117945;mvtec_AD/tile;cont_5pct_cosine_loo;0.05;cosine_loo;10;10;10;0;392;117;33;84;2;5;95;1.0000;1.0000;1.0000;1.0000;1.0000;0.0000;1.0000;;;;;;;5.92
2026-02-17T20:30:05.553743;mvtec_AD/tile;cont_40pct_none;0.4;none;10;10;10;4;0;117;33;84;2;5;95;0.9524;0.9864;0.9756;0.9524;0.9524;-0.0476;;;;;;;;5.42
2026-02-17T20:30:11.094259;mvtec_AD/tile;cont_40pct_loo_patch;0.4;loo_patch;10;10;10;4;392;117;33;84;2;5;95;1.0000;1.0000;1.0000;1.0000;1.0000;0.0000;1.0000;1.0000;1;1.0000;1.0000;;;5.54
2026-02-17T20:30:16.607381;mvtec_AD/tile;cont_40pct_random_patch;0.4;random_patch;10;10;10;4;392;117;33;84;2;5;95;0.9524;0.9864;0.9756;0.9524;0.9524;-0.0476;0.0000;1.0000;1;1.0000;1.0000;;;5.51
2026-02-17T20:30:23.959325;mvtec_AD/tile;cont_40pct_mahalanobis_patch;0.4;mahalanobis_patch;10;10;10;4;392;117;33;84;2;5;95;0.9917;0.9974;0.9940;0.9881;0.9881;-0.0083;0.8258;1.0000;1;1.0000;1.0000;;;7.35
2026-02-17T20:30:27.489609;mvtec_AD/tile;cont_40pct_oracle_patch;0.4;oracle_patch;10;10;6;4;3136;117;33;84;2;5;95;1.0000;1.0000;1.0000;1.0000;1.0000;0.0000;1.0000;1.0000;1;1.0000;1.0000;;;3.53
2026-02-17T20:30:35.981750;mvtec_AD/tile;cont_40pct_ensemble_loo_mahal;0.4;ensemble_loo_mahal;10;10;10;4;392;117;33;84;2;5;95;1.0000;1.0000;1.0000;1.0000;1.0000;0.0000;1.0000;1.0000;1;1.0000;1.0000;;;8.35
2026-02-17T20:30:41.232270;mvtec_AD/tile;cont_40pct_cosine_loo;0.4;cosine_loo;10;10;10;4;392;117;33;84;2;5;95;1.0000;1.0000;1.0000;1.0000;1.0000;0.0000;1.0000;1.0000;1;1.0000;1.0000;;;5.24
2026-02-17T20:30:47.038906;mvtec_AD/tile;cont_50pct_none;0.5;none;10;10;10;5;0;117;33;84;2;5;95;0.9405;0.9829;0.9693;0.9405;0.9405;-0.0595;;;;;;;;5.78
2026-02-17T20:30:52.741099;mvtec_AD/tile;cont_50pct_loo_patch;0.5;loo_patch;10;10;10;5;392;117;33;84;2;5;95;1.0000;1.0000;1.0000;1.0000;1.0000;0.0000;1.0000;1.0000;1;1.0000;1.0000;;;5.54
2026-02-17T20:30:57.299834;mvtec_AD/tile;cont_50pct_random_patch;0.5;random_patch;10;10;10;5;392;117;33;84;2;5;95;0.9405;0.9829;0.9693;0.9405;0.9405;-0.0595;0.0000;1.0000;1;1.0000;1.0000;;;4.55
2026-02-17T20:31:05.176734;mvtec_AD/tile;cont_50pct_mahalanobis_patch;0.5;mahalanobis_patch;10;10;10;5;392;117;33;84;2;5;95;0.9877;0.9965;0.9881;0.9881;0.9881;-0.0123;0.7939;1.0000;1;1.0000;1.0000;;;7.87
2026-02-17T20:31:07.987443;mvtec_AD/tile;cont_50pct_oracle_patch;0.5;oracle_patch;10;10;5;5;3920;117;33;84;2;5;95;1.0000;1.0000;1.0000;1.0000;1.0000;0.0000;1.0000;1.0000;1;1.0000;1.0000;;;2.80
2026-02-17T20:31:15.017371;mvtec_AD/tile;cont_50pct_ensemble_loo_mahal;0.5;ensemble_loo_mahal;10;10;10;5;392;117;33;84;2;5;95;1.0000;1.0000;1.0000;1.0000;1.0000;0.0000;1.0000;1.0000;1;1.0000;1.0000;;;6.94
2026-02-17T20:31:20.736469;mvtec_AD/tile;cont_50pct_cosine_loo;0.5;cosine_loo;10;10;10;5;392;117;33;84;2;5;95;1.0000;1.0000;1.0000;1.0000;1.0000;0.0000;1.0000;1.0000;1;1.0000;1.0000;;;5.71
2026-02-17T20:31:26.816226;mvtec_AD/tile;cont_0pct_none;0.0;none;10;10;10;0;0;117;33;84;3;5;95;1.0000;1.0000;1.0000;1.0000;1.0000;;;;;;;;;5.95
2026-02-17T20:31:33.128452;mvtec_AD/tile;cont_0pct_loo_patch;0.0;loo_patch;10;10;10;0;392;117;33;84;3;5;95;1.0000;1.0000;1.0000;1.0000;1.0000;0.0000;;;;;;;;6.31
2026-02-17T20:31:38.061250;mvtec_AD/tile;cont_0pct_random_patch;0.0;random_patch;10;10;10;0;392;117;33;84;3;5;95;1.0000;1.0000;1.0000;1.0000;1.0000;0.0000;;;;;;;;4.93
2026-02-17T20:31:45.090525;mvtec_AD/tile;cont_0pct_mahalanobis_patch;0.0;mahalanobis_patch;10;10;10;0;392;117;33;84;3;5;95;1.0000;1.0000;1.0000;1.0000;1.0000;0.0000;;;;;;;;7.03
2026-02-17T20:31:45.106690;mvtec_AD/tile;cont_0pct_oracle_patch;0.0;oracle_patch;10;10;10;0;0;117;33;84;3;5;95;1.0000;1.0000;1.0000;1.0000;1.0000;0.0000;;;;;;;;0.01
2026-02-17T20:31:53.310567;mvtec_AD/tile;cont_0pct_ensemble_loo_mahal;0.0;ensemble_loo_mahal;10;10;10;0;392;117;33;84;3;5;95;1.0000;1.0000;1.0000;1.0000;1.0000;0.0000;;;;;;;;7.86
2026-02-17T20:31:58.917177;mvtec_AD/tile;cont_0pct_cosine_loo;0.0;cosine_loo;10;10;10;0;392;117;33;84;3;5;95;1.0000;1.0000;1.0000;1.0000;1.0000;0.0000;;;;;;;;5.60
2026-02-17T20:32:03.900213;mvtec_AD/tile;cont_5pct_none;0.05;none;10;10;10;0;0;117;33;84;3;5;95;1.0000;1.0000;1.0000;1.0000;1.0000;0.0000;;;;;;;;4.97
2026-02-17T20:32:10.620663;mvtec_AD/tile;cont_5pct_loo_patch;0.05;loo_patch;10;10;10;0;392;117;33;84;3;5;95;1.0000;1.0000;1.0000;1.0000;1.0000;0.0000;1.0000;;;;;;;6.72
2026-02-17T20:32:15.934596;mvtec_AD/tile;cont_5pct_random_patch;0.05;random_patch;10;10;10;0;392;117;33;84;3;5;95;1.0000;1.0000;1.0000;1.0000;1.0000;0.0000;1.0000;;;;;;;5.31
2026-02-17T20:32:22.942560;mvtec_AD/tile;cont_5pct_mahalanobis_patch;0.05;mahalanobis_patch;10;10;10;0;392;117;33;84;3;5;95;1.0000;1.0000;1.0000;1.0000;1.0000;0.0000;1.0000;;;;;;;7.00
2026-02-17T20:32:22.958562;mvtec_AD/tile;cont_5pct_oracle_patch;0.05;oracle_patch;10;10;10;0;0;117;33;84;3;5;95;1.0000;1.0000;1.0000;1.0000;1.0000;0.0000;1.0000;;;;;;;0.01
2026-02-17T20:32:29.994955;mvtec_AD/tile;cont_5pct_ensemble_loo_mahal;0.05;ensemble_loo_mahal;10;10;10;0;392;117;33;84;3;5;95;1.0000;1.0000;1.0000;1.0000;1.0000;0.0000;1.0000;;;;;;;6.89
2026-02-17T20:32:36.448484;mvtec_AD/tile;cont_5pct_cosine_loo;0.05;cosine_loo;10;10;10;0;392;117;33;84;3;5;95;1.0000;1.0000;1.0000;1.0000;1.0000;0.0000;1.0000;;;;;;;6.45
2026-02-17T20:32:41.772453;mvtec_AD/tile;cont_40pct_none;0.4;none;10;10;10;4;0;117;33;84;3;5;95;0.9524;0.9864;0.9756;0.9524;0.9524;-0.0476;;;;;;;;5.31
2026-02-17T20:32:47.912630;mvtec_AD/tile;cont_40pct_loo_patch;0.4;loo_patch;10;10;10;4;392;117;33;84;3;5;95;1.0000;1.0000;1.0000;1.0000;1.0000;0.0000;1.0000;1.0000;1;1.0000;1.0000;;;6.14
2026-02-17T20:32:52.597092;mvtec_AD/tile;cont_40pct_random_patch;0.4;random_patch;10;10;10;4;392;117;33;84;3;5;95;0.9545;0.9869;0.9756;0.9524;0.9524;-0.0455;0.0455;1.0000;1;1.0000;1.0000;;;4.68
2026-02-17T20:33:00.447415;mvtec_AD/tile;cont_40pct_mahalanobis_patch;0.4;mahalanobis_patch;10;10;10;4;392;117;33;84;3;5;95;1.0000;1.0000;1.0000;1.0000;1.0000;0.0000;1.0000;1.0000;1;1.0000;1.0000;;;7.84
2026-02-17T20:33:03.846714;mvtec_AD/tile;cont_40pct_oracle_patch;0.4;oracle_patch;10;10;6;4;3136;117;33;84;3;5;95;1.0000;1.0000;1.0000;1.0000;1.0000;0.0000;1.0000;1.0000;1;1.0000;1.0000;;;3.39
2026-02-17T20:33:10.946231;mvtec_AD/tile;cont_40pct_ensemble_loo_mahal;0.4;ensemble_loo_mahal;10;10;10;4;392;117;33;84;3;5;95;1.0000;1.0000;1.0000;1.0000;1.0000;0.0000;1.0000;1.0000;1;1.0000;1.0000;;;7.08
2026-02-17T20:33:16.978952;mvtec_AD/tile;cont_40pct_cosine_loo;0.4;cosine_loo;10;10;10;4;392;117;33;84;3;5;95;1.0000;1.0000;1.0000;1.0000;1.0000;0.0000;1.0000;1.0000;1;1.0000;1.0000;;;6.03
2026-02-17T20:33:22.721555;mvtec_AD/tile;cont_50pct_none;0.5;none;10;10;10;5;0;117;33;84;3;5;95;0.9405;0.9829;0.9693;0.9405;0.9405;-0.0595;;;;;;;;5.72
2026-02-17T20:33:28.228990;mvtec_AD/tile;cont_50pct_loo_patch;0.5;loo_patch;10;10;10;5;392;117;33;84;3;5;95;0.9881;0.9966;0.9940;0.9881;0.9881;-0.0119;0.8000;1.0000;1;1.0000;1.0000;;;5.50
2026-02-17T20:33:33.599515;mvtec_AD/tile;cont_50pct_random_patch;0.5;random_patch;10;10;10;5;392;117;33;84;3;5;95;0.9416;0.9831;0.9693;0.9405;0.9405;-0.0584;0.0182;1.0000;1;1.0000;1.0000;;;5.37
2026-02-17T20:33:42.129545;mvtec_AD/tile;cont_50pct_mahalanobis_patch;0.5;mahalanobis_patch;10;10;10;5;392;117;33;84;3;5;95;0.9921;0.9974;0.9880;0.9762;0.9762;-0.0079;0.8667;1.0000;1;1.0000;1.0000;;;8.52
2026-02-17T20:33:44.834100;mvtec_AD/tile;cont_50pct_oracle_patch;0.5;oracle_patch;10;10;5;5;3920;117;33;84;3;5;95;1.0000;1.0000;1.0000;1.0000;1.0000;0.0000;1.0000;1.0000;1;1.0000;1.0000;;;2.70
2026-02-17T20:33:51.867543;mvtec_AD/tile;cont_50pct_ensemble_loo_mahal;0.5;ensemble_loo_mahal;10;10;10;5;392;117;33;84;3;5;95;0.9881;0.9966;0.9940;0.9881;0.9881;-0.0119;0.8000;1.0000;1;1.0000;1.0000;;;6.87
2026-02-17T20:33:57.628309;mvtec_AD/tile;cont_50pct_cosine_loo;0.5;cosine_loo;10;10;10;5;392;117;33;84;3;5;95;0.9881;0.9966;0.9940;0.9881;0.9881;-0.0119;0.8000;1.0000;1;1.0000;1.0000;;;5.76
2026-02-17T20:34:03.353878;mvtec_AD/tile;cont_0pct_none;0.0;none;10;10;10;0;0;117;33;84;4;5;95;1.0000;1.0000;1.0000;1.0000;1.0000;;;;;;;;;5.60
2026-02-17T20:34:09.905739;mvtec_AD/tile;cont_0pct_loo_patch;0.0;loo_patch;10;10;10;0;392;117;33;84;4;5;95;1.0000;1.0000;1.0000;1.0000;1.0000;0.0000;;;;;;;;6.54
2026-02-17T20:34:14.670544;mvtec_AD/tile;cont_0pct_random_patch;0.0;random_patch;10;10;10;0;392;117;33;84;4;5;95;1.0000;1.0000;1.0000;1.0000;1.0000;0.0000;;;;;;;;4.67
2026-02-17T20:34:22.223497;mvtec_AD/tile;cont_0pct_mahalanobis_patch;0.0;mahalanobis_patch;10;10;10;0;392;117;33;84;4;5;95;1.0000;1.0000;1.0000;1.0000;1.0000;0.0000;;;;;;;;7.55
2026-02-17T20:34:22.241495;mvtec_AD/tile;cont_0pct_oracle_patch;0.0;oracle_patch;10;10;10;0;0;117;33;84;4;5;95;1.0000;1.0000;1.0000;1.0000;1.0000;0.0000;;;;;;;;0.01
2026-02-17T20:34:30.122366;mvtec_AD/tile;cont_0pct_ensemble_loo_mahal;0.0;ensemble_loo_mahal;10;10;10;0;392;117;33;84;4;5;95;1.0000;1.0000;1.0000;1.0000;1.0000;0.0000;;;;;;;;7.78
2026-02-17T20:34:35.775586;mvtec_AD/tile;cont_0pct_cosine_loo;0.0;cosine_loo;10;10;10;0;392;117;33;84;4;5;95;1.0000;1.0000;1.0000;1.0000;1.0000;0.0000;;;;;;;;5.65
2026-02-17T20:34:40.650113;mvtec_AD/tile;cont_5pct_none;0.05;none;10;10;10;0;0;117;33;84;4;5;95;1.0000;1.0000;1.0000;1.0000;1.0000;0.0000;;;;;;;;4.86
2026-02-17T20:34:47.272219;mvtec_AD/tile;cont_5pct_loo_patch;0.05;loo_patch;10;10;10;0;392;117;33;84;4;5;95;1.0000;1.0000;1.0000;1.0000;1.0000;0.0000;1.0000;;;;;;;6.62
2026-02-17T20:34:52.750659;mvtec_AD/tile;cont_5pct_random_patch;0.05;random_patch;10;10;10;0;392;117;33;84;4;5;95;1.0000;1.0000;1.0000;1.0000;1.0000;0.0000;1.0000;;;;;;;5.47
2026-02-17T20:34:59.645690;mvtec_AD/tile;cont_5pct_mahalanobis_patch;0.05;mahalanobis_patch;10;10;10;0;392;117;33;84;4;5;95;1.0000;1.0000;1.0000;1.0000;1.0000;0.0000;1.0000;;;;;;;6.89
2026-02-17T20:34:59.666033;mvtec_AD/tile;cont_5pct_oracle_patch;0.05;oracle_patch;10;10;10;0;0;117;33;84;4;5;95;1.0000;1.0000;1.0000;1.0000;1.0000;0.0000;1.0000;;;;;;;0.01
2026-02-17T20:35:07.104149;mvtec_AD/tile;cont_5pct_ensemble_loo_mahal;0.05;ensemble_loo_mahal;10;10;10;0;392;117;33;84;4;5;95;1.0000;1.0000;1.0000;1.0000;1.0000;0.0000;1.0000;;;;;;;7.36
2026-02-17T20:35:13.679103;mvtec_AD/tile;cont_5pct_cosine_loo;0.05;cosine_loo;10;10;10;0;392;117;33;84;4;5;95;1.0000;1.0000;1.0000;1.0000;1.0000;0.0000;1.0000;;;;;;;6.57
2026-02-17T20:35:18.918770;mvtec_AD/tile;cont_40pct_none;0.4;none;10;10;10;4;0;117;33;84;4;5;95;0.9524;0.9864;0.9756;0.9524;0.9524;-0.0476;;;;;;;;5.22
2026-02-17T20:35:24.889710;mvtec_AD/tile;cont_40pct_loo_patch;0.4;loo_patch;10;10;10;4;392;117;33;84;4;5;95;0.9762;0.9933;0.9880;0.9762;0.9762;-0.0238;0.5000;1.0000;1;1.0000;1.0000;;;5.97
2026-02-17T20:35:29.725920;mvtec_AD/tile;cont_40pct_random_patch;0.4;random_patch;10;10;10;4;392;117;33;84;4;5;95;0.9524;0.9864;0.9756;0.9524;0.9524;-0.0476;0.0000;1.0000;1;1.0000;1.0000;;;4.83
2026-02-17T20:35:37.562190;mvtec_AD/tile;cont_40pct_mahalanobis_patch;0.4;mahalanobis_patch;10;10;10;4;392;117;33;84;4;5;95;0.9762;0.9933;0.9880;0.9762;0.9762;-0.0238;0.5000;1.0000;1;1.0000;1.0000;;;7.83
2026-02-17T20:35:40.750369;mvtec_AD/tile;cont_40pct_oracle_patch;0.4;oracle_patch;10;10;6;4;3136;117;33;84;4;5;95;1.0000;1.0000;1.0000;1.0000;1.0000;0.0000;1.0000;1.0000;1;1.0000;1.0000;;;3.18
2026-02-17T20:35:47.925500;mvtec_AD/tile;cont_40pct_ensemble_loo_mahal;0.4;ensemble_loo_mahal;10;10;10;4;392;117;33;84;4;5;95;0.9762;0.9933;0.9880;0.9762;0.9762;-0.0238;0.5000;1.0000;1;1.0000;1.0000;;;7.17
2026-02-17T20:35:54.595359;mvtec_AD/tile;cont_40pct_cosine_loo;0.4;cosine_loo;10;10;10;4;392;117;33;84;4;5;95;0.9762;0.9933;0.9880;0.9762;0.9762;-0.0238;0.5000;1.0000;1;1.0000;1.0000;;;6.66
2026-02-17T20:35:59.820366;mvtec_AD/tile;cont_50pct_none;0.5;none;10;10;10;5;0;117;33;84;4;5;95;0.9405;0.9829;0.9693;0.9405;0.9405;-0.0595;;;;;;;;5.20
2026-02-17T20:36:06.085377;mvtec_AD/tile;cont_50pct_loo_patch;0.5;loo_patch;10;10;10;5;392;117;33;84;4;5;95;0.9762;0.9933;0.9880;0.9762;0.9762;-0.0238;0.6000;1.0000;1;1.0000;1.0000;;;5.68
2026-02-17T20:36:10.790186;mvtec_AD/tile;cont_50pct_random_patch;0.5;random_patch;10;10;10;5;392;117;33;84;4;5;95;0.9405;0.9829;0.9693;0.9405;0.9405;-0.0595;0.0000;1.0000;1;1.0000;1.0000;;;4.70
2026-02-17T20:36:17.594897;mvtec_AD/tile;cont_50pct_mahalanobis_patch;0.5;mahalanobis_patch;10;10;10;5;392;117;33;84;4;5;95;0.9762;0.9933;0.9880;0.9762;0.9762;-0.0238;0.6000;1.0000;1;1.0000;1.0000;;;6.80
2026-02-17T20:36:19.997759;mvtec_AD/tile;cont_50pct_oracle_patch;0.5;oracle_patch;10;10;5;5;3920;117;33;84;4;5;95;1.0000;1.0000;1.0000;1.0000;1.0000;0.0000;1.0000;1.0000;1;1.0000;1.0000;;;2.40
2026-02-17T20:36:27.875284;mvtec_AD/tile;cont_50pct_ensemble_loo_mahal;0.5;ensemble_loo_mahal;10;10;10;5;392;117;33;84;4;5;95;0.9643;0.9898;0.9818;0.9643;0.9643;-0.0357;0.4000;1.0000;1;1.0000;1.0000;;;7.87
2026-02-17T20:36:33.613471;mvtec_AD/tile;cont_50pct_cosine_loo;0.5;cosine_loo;10;10;10;5;392;117;33;84;4;5;95;0.9755;0.9930;0.9818;0.9643;0.9762;-0.0245;0.5879;1.0000;1;1.0000;1.0000;;;5.73
2026-02-17T20:36:35.639491;mvtec_AD/toothbrush;cont_0pct_none;0.0;none;10;10;10;0;0;42;12;30;0;5;95;0.9389;0.9782;0.9180;0.8000;0.8000;;;;;;;;;1.59
2026-02-17T20:36:38.342686;mvtec_AD/toothbrush;cont_0pct_loo_patch;0.0;loo_patch;10;10;10;0;392;42;12;30;0;5;95;0.9389;0.9758;0.9231;0.7000;0.7333;0.0000;;;;;;;;2.70
2026-02-17T20:36:40.328253;mvtec_AD/toothbrush;cont_0pct_random_patch;0.0;random_patch;10;10;10;0;392;42;12;30;0;5;95;0.9500;0.9810;0.9333;0.8000;0.8000;0.0111;;;;;;;;1.98
2026-02-17T20:36:44.822149;mvtec_AD/toothbrush;cont_0pct_mahalanobis_patch;0.0;mahalanobis_patch;10;10;10;0;392;42;12;30;0;5;95;0.9306;0.9733;0.9153;0.7000;0.7333;-0.0083;;;;;;;;4.34
2026-02-17T20:36:44.839491;mvtec_AD/toothbrush;cont_0pct_oracle_patch;0.0;oracle_patch;10;10;10;0;0;42;12;30;0;5;95;0.9389;0.9782;0.9180;0.8000;0.8000;0.0000;;;;;;;;0.01
2026-02-17T20:36:49.093763;mvtec_AD/toothbrush;cont_0pct_ensemble_loo_mahal;0.0;ensemble_loo_mahal;10;10;10;0;392;42;12;30;0;5;95;0.9278;0.9713;0.9231;0.7000;0.7333;-0.0111;;;;;;;;4.11
2026-02-17T20:36:51.562243;mvtec_AD/toothbrush;cont_0pct_cosine_loo;0.0;cosine_loo;10;10;10;0;392;42;12;30;0;5;95;0.9417;0.9768;0.9333;0.7000;0.7667;0.0028;;;;;;;;2.47
2026-02-17T20:36:53.760815;mvtec_AD/toothbrush;cont_5pct_none;0.05;none;10;10;10;0;0;42;12;30;0;5;95;0.9389;0.9782;0.9180;0.8000;0.8000;0.0000;;;;;;;;2.18
2026-02-17T20:36:56.102854;mvtec_AD/toothbrush;cont_5pct_loo_patch;0.05;loo_patch;10;10;10;0;392;42;12;30;0;5;95;0.9389;0.9758;0.9231;0.7000;0.7333;0.0000;1.0000;;;;;;;2.33
2026-02-17T20:36:57.886707;mvtec_AD/toothbrush;cont_5pct_random_patch;0.05;random_patch;10;10;10;0;392;42;12;30;0;5;95;0.9500;0.9810;0.9333;0.8000;0.8000;0.0111;1.0000;;;;;;;1.78
2026-02-17T20:37:02.156738;mvtec_AD/toothbrush;cont_5pct_mahalanobis_patch;0.05;mahalanobis_patch;10;10;10;0;392;42;12;30;0;5;95;0.9306;0.9733;0.9153;0.7000;0.7333;-0.0083;1.0000;;;;;;;4.27
2026-02-17T20:37:02.174764;mvtec_AD/toothbrush;cont_5pct_oracle_patch;0.05;oracle_patch;10;10;10;0;0;42;12;30;0;5;95;0.9389;0.9782;0.9180;0.8000;0.8000;0.0000;1.0000;;;;;;;0.01
2026-02-17T20:37:06.499388;mvtec_AD/toothbrush;cont_5pct_ensemble_loo_mahal;0.05;ensemble_loo_mahal;10;10;10;0;392;42;12;30;0;5;95;0.9278;0.9713;0.9231;0.7000;0.7333;-0.0111;1.0000;;;;;;;4.21
2026-02-17T20:37:09.424174;mvtec_AD/toothbrush;cont_5pct_cosine_loo;0.05;cosine_loo;10;10;10;0;392;42;12;30;0;5;95;0.9417;0.9768;0.9333;0.7000;0.7667;0.0028;1.0000;;;;;;;2.92
2026-02-17T20:37:10.948125;mvtec_AD/toothbrush;cont_40pct_none;0.4;none;10;10;10;4;0;42;12;30;0;5;95;0.7500;0.8981;0.8387;0.3333;0.4333;-0.1889;;;;;;;;1.51
2026-02-17T20:37:14.094773;mvtec_AD/toothbrush;cont_40pct_loo_patch;0.4;loo_patch;10;10;10;4;392;42;12;30;0;5;95;0.8278;0.9269;0.8923;0.4333;0.4667;-0.1111;0.4118;0.9583;1;0.7500;0.7500;;;3.14
2026-02-17T20:37:15.755057;mvtec_AD/toothbrush;cont_40pct_random_patch;0.4;random_patch;10;10;10;4;392;42;12;30;0;5;95;0.7500;0.8981;0.8387;0.3000;0.4000;-0.1889;0.0000;0.9583;1;0.7500;0.7500;;;1.66
2026-02-17T20:37:20.461068;mvtec_AD/toothbrush;cont_40pct_mahalanobis_patch;0.4;mahalanobis_patch;10;10;10;4;392;42;12;30;0;5;95;0.8278;0.9227;0.9062;0.3667;0.4000;-0.1111;0.4118;0.9583;1;0.7500;0.7500;;;4.70
2026-02-17T20:37:21.664934;mvtec_AD/toothbrush;cont_40pct_oracle_patch;0.4;oracle_patch;10;10;6;4;3136;42;12;30;0;5;95;0.8361;0.9263;0.9231;0.4667;0.4667;-0.1028;0.4559;0.9583;1;0.7500;0.7500;;;1.20
2026-02-17T20:37:28.182027;mvtec_AD/toothbrush;cont_40pct_ensemble_loo_mahal;0.4;ensemble_loo_mahal;10;10;10;4;392;42;12;30;0;5;95;0.8306;0.9272;0.8923;0.4333;0.4667;-0.1083;0.4265;0.9583;1;0.7500;0.7500;;;4.27
2026-02-17T20:37:30.590846;mvtec_AD/toothbrush;cont_40pct_cosine_loo;0.4;cosine_loo;10;10;10;4;392;42;12;30;0;5;95;0.8361;0.9306;0.8923;0.4667;0.5000;-0.1028;0.4559;0.9583;1;0.7500;0.7500;;;2.40
2026-02-17T20:37:32.864537;mvtec_AD/toothbrush;cont_50pct_none;0.5;none;10;10;10;5;0;42;12;30;0;5;95;0.7250;0.8896;0.8333;0.3333;0.4000;-0.2139;;;;;;;;2.25
2026-02-17T20:37:35.507961;mvtec_AD/toothbrush;cont_50pct_loo_patch;0.5;loo_patch;10;10;10;5;392;42;12;30;0;5;95;0.7944;0.9196;0.8710;0.4333;0.4667;-0.1444;0.3247;0.9600;1;0.8000;0.8000;;;2.53
2026-02-17T20:37:37.068172;mvtec_AD/toothbrush;cont_50pct_random_patch;0.5;random_patch;10;10;10;5;392;42;12;30;0;5;95;0.7222;0.8866;0.8333;0.3000;0.3667;-0.2167;-0.0130;0.9600;1;0.8000;0.8000;;;1.56
2026-02-17T20:37:41.412210;mvtec_AD/toothbrush;cont_50pct_mahalanobis_patch;0.5;mahalanobis_patch;10;10;10;5;392;42;12;30;0;5;95;0.8194;0.9199;0.8923;0.3667;0.3667;-0.1194;0.4416;0.9600;1;0.8000;0.8000;;;4.33
2026-02-17T20:37:42.449202;mvtec_AD/toothbrush;cont_50pct_oracle_patch;0.5;oracle_patch;10;10;5;5;3920;42;12;30;0;5;95;0.8389;0.9272;0.9231;0.4667;0.4667;-0.1000;0.5325;0.9600;1;0.8000;0.8000;;;1.02
2026-02-17T20:37:47.232138;mvtec_AD/toothbrush;cont_50pct_ensemble_loo_mahal;0.5;ensemble_loo_mahal;10;10;10;5;392;42;12;30;0;5;95;0.8389;0.9313;0.9062;0.4333;0.5000;-0.1000;0.5325;0.9600;1;0.8000;0.8000;;;4.49
2026-02-17T20:37:49.727686;mvtec_AD/toothbrush;cont_50pct_cosine_loo;0.5;cosine_loo;10;10;10;5;392;42;12;30;0;5;95;0.8333;0.9283;0.9062;0.4667;0.5000;-0.1056;0.5065;0.9600;1;0.8000;0.8000;;;2.49
2026-02-17T20:37:51.685565;mvtec_AD/toothbrush;cont_0pct_none;0.0;none;10;10;10;0;0;42;12;30;1;5;95;0.8944;0.9570;0.9032;0.5667;0.6333;;;;;;;;;1.90
2026-02-17T20:37:54.719003;mvtec_AD/toothbrush;cont_0pct_loo_patch;0.0;loo_patch;10;10;10;0;391;42;12;30;1;5;95;0.8500;0.9365;0.9032;0.5333;0.5333;-0.0444;;;;;;;;3.03
2026-02-17T20:37:56.053457;mvtec_AD/toothbrush;cont_0pct_random_patch;0.0;random_patch;10;10;10;0;392;42;12;30;1;5;95;0.9000;0.9595;0.9062;0.6000;0.6667;0.0056;;;;;;;;1.32
2026-02-17T20:38:01.030229;mvtec_AD/toothbrush;cont_0pct_mahalanobis_patch;0.0;mahalanobis_patch;10;10;10;0;392;42;12;30;1;5;95;0.8833;0.9516;0.9032;0.5667;0.5667;-0.0111;;;;;;;;4.97
2026-02-17T20:38:01.045213;mvtec_AD/toothbrush;cont_0pct_oracle_patch;0.0;oracle_patch;10;10;10;0;0;42;12;30;1;5;95;0.8944;0.9570;0.9032;0.5667;0.6333;0.0000;;;;;;;;0.01
2026-02-17T20:38:05.553182;mvtec_AD/toothbrush;cont_0pct_ensemble_loo_mahal;0.0;ensemble_loo_mahal;10;10;10;0;392;42;12;30;1;5;95;0.8639;0.9414;0.9206;0.5333;0.5333;-0.0306;;;;;;;;4.36
2026-02-17T20:38:08.646397;mvtec_AD/toothbrush;cont_0pct_cosine_loo;0.0;cosine_loo;10;10;10;0;392;42;12;30;1;5;95;0.8444;0.9328;0.9206;0.5000;0.5333;-0.0500;;;;;;;;3.09
2026-02-17T20:38:10.315862;mvtec_AD/toothbrush;cont_5pct_none;0.05;none;10;10;10;0;0;42;12;30;1;5;95;0.8944;0.9570;0.9032;0.5667;0.6333;0.0000;;;;;;;;1.42
2026-02-17T20:38:13.010274;mvtec_AD/toothbrush;cont_5pct_loo_patch;0.05;loo_patch;10;10;10;0;391;42;12;30;1;5;95;0.8500;0.9365;0.9032;0.5333;0.5333;-0.0444;1.0000;;;;;;;2.69
2026-02-17T20:38:14.991892;mvtec_AD/toothbrush;cont_5pct_random_patch;0.05;random_patch;10;10;10;0;392;42;12;30;1;5;95;0.9000;0.9595;0.9062;0.6000;0.6667;0.0056;1.0000;;;;;;;1.98
2026-02-17T20:38:19.091840;mvtec_AD/toothbrush;cont_5pct_mahalanobis_patch;0.05;mahalanobis_patch;10;10;10;0;392;42;12;30;1;5;95;0.8833;0.9516;0.9032;0.5667;0.5667;-0.0111;1.0000;;;;;;;3.77
2026-02-17T20:38:19.107491;mvtec_AD/toothbrush;cont_5pct_oracle_patch;0.05;oracle_patch;10;10;10;0;0;42;12;30;1;5;95;0.8944;0.9570;0.9032;0.5667;0.6333;0.0000;1.0000;;;;;;;0.01
2026-02-17T20:38:23.725118;mvtec_AD/toothbrush;cont_5pct_ensemble_loo_mahal;0.05;ensemble_loo_mahal;10;10;10;0;392;42;12;30;1;5;95;0.8639;0.9414;0.9206;0.5333;0.5333;-0.0306;1.0000;;;;;;;4.27
2026-02-17T20:38:26.721308;mvtec_AD/toothbrush;cont_5pct_cosine_loo;0.05;cosine_loo;10;10;10;0;392;42;12;30;1;5;95;0.8444;0.9328;0.9206;0.5000;0.5333;-0.0500;1.0000;;;;;;;2.99
2026-02-17T20:38:28.941795;mvtec_AD/toothbrush;cont_40pct_none;0.4;none;10;10;10;4;0;42;12;30;1;5;95;0.7889;0.9258;0.8421;0.5667;0.6000;-0.1056;;;;;;;;2.08
2026-02-17T20:38:31.257471;mvtec_AD/toothbrush;cont_40pct_loo_patch;0.4;loo_patch;10;10;10;4;392;42;12;30;1;5;95;0.8833;0.9567;0.8966;0.6000;0.6333;-0.0111;0.8947;0.8333;1;0.7500;0.7500;;;2.31
2026-02-17T20:38:33.107938;mvtec_AD/toothbrush;cont_40pct_random_patch;0.4;random_patch;10;10;10;4;392;42;12;30;1;5;95;0.7833;0.9236;0.8421;0.5667;0.6000;-0.1111;-0.0526;0.8333;1;0.7500;0.7500;;;1.84
2026-02-17T20:38:36.736013;mvtec_AD/toothbrush;cont_40pct_mahalanobis_patch;0.4;mahalanobis_patch;10;10;10;4;392;42;12;30;1;5;95;0.8861;0.9564;0.8889;0.6000;0.6333;-0.0083;0.9211;0.8333;1;0.7500;0.7500;;;3.62
2026-02-17T20:38:37.811048;mvtec_AD/toothbrush;cont_40pct_oracle_patch;0.4;oracle_patch;10;10;6;4;3136;42;12;30;1;5;95;0.9250;0.9715;0.9062;0.7667;0.7667;0.0306;1.2895;0.8333;1;0.7500;0.7500;;;1.07
2026-02-17T20:38:42.048438;mvtec_AD/toothbrush;cont_40pct_ensemble_loo_mahal;0.4;ensemble_loo_mahal;10;10;10;4;392;42;12;30;1;5;95;0.8694;0.9508;0.8889;0.6000;0.6000;-0.0250;0.7632;0.8333;1;0.7500;0.7500;;;4.23
2026-02-17T20:38:45.344556;mvtec_AD/toothbrush;cont_40pct_cosine_loo;0.4;cosine_loo;10;10;10;4;392;42;12;30;1;5;95;0.8972;0.9620;0.9000;0.6667;0.6667;0.0028;1.0263;0.8333;1;0.7500;0.7500;;;3.29
2026-02-17T20:38:47.620461;mvtec_AD/toothbrush;cont_50pct_none;0.5;none;10;10;10;5;0;42;12;30;1;5;95;0.7556;0.9152;0.8333;0.5333;0.6000;-0.1389;;;;;;;;2.15
2026-02-17T20:38:50.705822;mvtec_AD/toothbrush;cont_50pct_loo_patch;0.5;loo_patch;10;10;10;5;392;42;12;30;1;5;95;0.8639;0.9531;0.8814;0.6333;0.6667;-0.0306;0.7800;0.6400;1;0.6000;0.6000;;;3.08
2026-02-17T20:38:52.043838;mvtec_AD/toothbrush;cont_50pct_random_patch;0.5;random_patch;10;10;10;5;392;42;12;30;1;5;95;0.7611;0.9175;0.8333;0.5333;0.6000;-0.1333;0.0400;0.6400;1;0.6000;0.6000;;;1.33
2026-02-17T20:38:56.437044;mvtec_AD/toothbrush;cont_50pct_mahalanobis_patch;0.5;mahalanobis_patch;10;10;10;5;392;42;12;30;1;5;95;0.8583;0.9509;0.8814;0.6667;0.7333;-0.0361;0.7400;0.6400;1;0.6000;0.6000;;;4.39
2026-02-17T20:38:57.111942;mvtec_AD/toothbrush;cont_50pct_oracle_patch;0.5;oracle_patch;10;10;5;5;3920;42;12;30;1;5;95;0.9389;0.9802;0.9474;0.9000;0.9000;0.0444;1.3200;0.6400;1;0.6000;0.6000;;;0.67
2026-02-17T20:39:01.605678;mvtec_AD/toothbrush;cont_50pct_ensemble_loo_mahal;0.5;ensemble_loo_mahal;10;10;10;5;392;42;12;30;1;5;95;0.8528;0.9472;0.8814;0.5667;0.6333;-0.0417;0.7000;0.6400;1;0.6000;0.6000;;;4.49
2026-02-17T20:39:04.690219;mvtec_AD/toothbrush;cont_50pct_cosine_loo;0.5;cosine_loo;10;10;10;5;392;42;12;30;1;5;95;0.8889;0.9595;0.8889;0.6667;0.6667;-0.0056;0.9600;0.6400;1;0.6000;0.6000;;;3.08
2026-02-17T20:39:06.989674;mvtec_AD/toothbrush;cont_0pct_none;0.0;none;10;10;10;0;0;42;12;30;2;5;95;0.9056;0.9653;0.9062;0.7333;0.7333;;;;;;;;;2.06
2026-02-17T20:39:10.074734;mvtec_AD/toothbrush;cont_0pct_loo_patch;0.0;loo_patch;10;10;10;0;392;42;12;30;2;5;95;0.8472;0.9371;0.9062;0.5333;0.5333;-0.0583;;;;;;;;3.08
2026-02-17T20:39:11.811056;mvtec_AD/toothbrush;cont_0pct_random_patch;0.0;random_patch;10;10;10;0;392;42;12;30;2;5;95;0.9056;0.9654;0.9062;0.7333;0.7333;0.0000;;;;;;;;1.57
2026-02-17T20:39:16.105433;mvtec_AD/toothbrush;cont_0pct_mahalanobis_patch;0.0;mahalanobis_patch;10;10;10;0;392;42;12;30;2;5;95;0.8917;0.9591;0.9062;0.6667;0.6667;-0.0139;;;;;;;;4.29
2026-02-17T20:39:16.125438;mvtec_AD/toothbrush;cont_0pct_oracle_patch;0.0;oracle_patch;10;10;10;0;0;42;12;30;2;5;95;0.9056;0.9653;0.9062;0.7333;0.7333;0.0000;;;;;;;;0.01
2026-02-17T20:39:19.914918;mvtec_AD/toothbrush;cont_0pct_ensemble_loo_mahal;0.0;ensemble_loo_mahal;10;10;10;0;392;42;12;30;2;5;95;0.8500;0.9389;0.9062;0.5333;0.5333;-0.0556;;;;;;;;3.64
2026-02-17T20:39:22.996716;mvtec_AD/toothbrush;cont_0pct_cosine_loo;0.0;cosine_loo;10;10;10;0;392;42;12;30;2;5;95;0.8472;0.9375;0.9062;0.5333;0.5333;-0.0583;;;;;;;;3.08
2026-02-17T20:39:25.234628;mvtec_AD/toothbrush;cont_5pct_none;0.05;none;10;10;10;0;0;42;12;30;2;5;95;0.9056;0.9653;0.9062;0.7333;0.7333;0.0000;;;;;;;;2.11
2026-02-17T20:39:28.672747;mvtec_AD/toothbrush;cont_5pct_loo_patch;0.05;loo_patch;10;10;10;0;392;42;12;30;2;5;95;0.8472;0.9371;0.9062;0.5333;0.5333;-0.0583;1.0000;;;;;;;3.14
2026-02-17T20:39:30.669395;mvtec_AD/toothbrush;cont_5pct_random_patch;0.05;random_patch;10;10;10;0;392;42;12;30;2;5;95;0.9056;0.9654;0.9062;0.7333;0.7333;0.0000;1.0000;;;;;;;1.99
2026-02-17T20:39:36.713869;mvtec_AD/toothbrush;cont_5pct_mahalanobis_patch;0.05;mahalanobis_patch;10;10;10;0;392;42;12;30;2;5;95;0.8917;0.9591;0.9062;0.6667;0.6667;-0.0139;1.0000;;;;;;;5.87
2026-02-17T20:39:36.727870;mvtec_AD/toothbrush;cont_5pct_oracle_patch;0.05;oracle_patch;10;10;10;0;0;42;12;30;2;5;95;0.9056;0.9653;0.9062;0.7333;0.7333;0.0000;1.0000;;;;;;;0.01
2026-02-17T20:39:40.195232;mvtec_AD/toothbrush;cont_5pct_ensemble_loo_mahal;0.05;ensemble_loo_mahal;10;10;10;0;392;42;12;30;2;5;95;0.8500;0.9389;0.9062;0.5333;0.5333;-0.0556;1.0000;;;;;;;3.36
2026-02-17T20:39:43.266405;mvtec_AD/toothbrush;cont_5pct_cosine_loo;0.05;cosine_loo;10;10;10;0;392;42;12;30;2;5;95;0.8472;0.9375;0.9062;0.5333;0.5333;-0.0583;1.0000;;;;;;;3.07
2026-02-17T20:39:45.368193;mvtec_AD/toothbrush;cont_40pct_none;0.4;none;10;10;10;4;0;42;12;30;2;5;95;0.7944;0.9309;0.8421;0.6333;0.6667;-0.1111;;;;;;;;2.08
2026-02-17T20:39:48.724192;mvtec_AD/toothbrush;cont_40pct_loo_patch;0.4;loo_patch;10;10;10;4;392;42;12;30;2;5;95;0.8667;0.9513;0.8852;0.6667;0.6667;-0.0389;0.6500;0.9583;1;0.7500;0.7500;;;3.12
2026-02-17T20:39:50.657291;mvtec_AD/toothbrush;cont_40pct_random_patch;0.4;random_patch;10;10;10;4;392;42;12;30;2;5;95;0.7889;0.9282;0.8364;0.6333;0.6333;-0.1167;-0.0500;0.9583;1;0.7500;0.7500;;;1.92
2026-02-17T20:39:54.465483;mvtec_AD/toothbrush;cont_40pct_mahalanobis_patch;0.4;mahalanobis_patch;10;10;10;4;392;42;12;30;2;5;95;0.8972;0.9639;0.9000;0.7333;0.7333;-0.0083;0.9250;0.9583;1;0.7500;0.7500;;;3.69
2026-02-17T20:39:55.610604;mvtec_AD/toothbrush;cont_40pct_oracle_patch;0.4;oracle_patch;10;10;6;4;3136;42;12;30;2;5;95;0.9222;0.9724;0.8966;0.8000;0.8000;0.0167;1.1500;0.9583;1;0.7500;0.7500;;;1.14
2026-02-17T20:39:59.560274;mvtec_AD/toothbrush;cont_40pct_ensemble_loo_mahal;0.4;ensemble_loo_mahal;10;10;10;4;392;42;12;30;2;5;95;0.8889;0.9601;0.9000;0.7000;0.7000;-0.0167;0.8500;0.9583;1;0.7500;0.7500;;;3.94
2026-02-17T20:40:02.146756;mvtec_AD/toothbrush;cont_40pct_cosine_loo;0.4;cosine_loo;10;10;10;4;392;42;12;30;2;5;95;0.8806;0.9569;0.9000;0.6667;0.7333;-0.0250;0.7750;0.9583;1;0.7500;0.7500;;;2.58
2026-02-17T20:40:04.292097;mvtec_AD/toothbrush;cont_50pct_none;0.5;none;10;10;10;5;0;42;12;30;2;5;95;0.7611;0.9188;0.8333;0.6000;0.6333;-0.1444;;;;;;;;2.12
2026-02-17T20:40:07.534318;mvtec_AD/toothbrush;cont_50pct_loo_patch;0.5;loo_patch;10;10;10;5;392;42;12;30;2;5;95;0.8806;0.9558;0.8889;0.6333;0.6667;-0.0250;0.8269;0.9600;1;0.8000;0.8000;;;3.12
2026-02-17T20:40:09.541196;mvtec_AD/toothbrush;cont_50pct_random_patch;0.5;random_patch;10;10;10;5;392;42;12;30;2;5;95;0.7556;0.9172;0.8333;0.6000;0.6000;-0.1500;-0.0385;0.9600;1;0.8000;0.8000;;;2.00
2026-02-17T20:40:13.920435;mvtec_AD/toothbrush;cont_50pct_mahalanobis_patch;0.5;mahalanobis_patch;10;10;10;5;392;42;12;30;2;5;95;0.8944;0.9615;0.8923;0.7000;0.7000;-0.0111;0.9231;0.9600;1;0.8000;0.8000;;;4.23
2026-02-17T20:40:14.617703;mvtec_AD/toothbrush;cont_50pct_oracle_patch;0.5;oracle_patch;10;10;5;5;3920;42;12;30;2;5;95;0.9083;0.9695;0.9123;0.8333;0.8333;0.0028;1.0192;0.9600;1;0.8000;0.8000;;;0.69
2026-02-17T20:40:18.940848;mvtec_AD/toothbrush;cont_50pct_ensemble_loo_mahal;0.5;ensemble_loo_mahal;10;10;10;5;392;42;12;30;2;5;95;0.8972;0.9638;0.8966;0.7333;0.7333;-0.0083;0.9423;0.9600;1;0.8000;0.8000;;;4.32
2026-02-17T20:40:21.104087;mvtec_AD/toothbrush;cont_50pct_cosine_loo;0.5;cosine_loo;10;10;10;5;392;42;12;30;2;5;95;0.8889;0.9610;0.9000;0.7000;0.7333;-0.0167;0.8846;0.9600;1;0.8000;0.8000;;;2.16
2026-02-17T20:40:23.218315;mvtec_AD/toothbrush;cont_0pct_none;0.0;none;10;10;10;0;0;42;12;30;3;5;95;0.9639;0.9859;0.9524;0.8333;0.8333;;;;;;;;;2.05
2026-02-17T20:40:26.291383;mvtec_AD/toothbrush;cont_0pct_loo_patch;0.0;loo_patch;10;10;10;0;392;42;12;30;3;5;95;0.9472;0.9808;0.9180;0.8333;0.8333;-0.0167;;;;;;;;3.07
2026-02-17T20:40:28.277311;mvtec_AD/toothbrush;cont_0pct_random_patch;0.0;random_patch;10;10;10;0;392;42;12;30;3;5;95;0.9639;0.9862;0.9375;0.8333;0.8333;0.0000;;;;;;;;1.98
2026-02-17T20:40:33.114677;mvtec_AD/toothbrush;cont_0pct_mahalanobis_patch;0.0;mahalanobis_patch;10;10;10;0;392;42;12;30;3;5;95;0.9556;0.9835;0.9231;0.8333;0.8667;-0.0083;;;;;;;;4.55
2026-02-17T20:40:33.132135;mvtec_AD/toothbrush;cont_0pct_oracle_patch;0.0;oracle_patch;10;10;10;0;0;42;12;30;3;5;95;0.9639;0.9859;0.9524;0.8333;0.8333;0.0000;;;;;;;;0.01
2026-02-17T20:40:36.791983;mvtec_AD/toothbrush;cont_0pct_ensemble_loo_mahal;0.0;ensemble_loo_mahal;10;10;10;0;392;42;12;30;3;5;95;0.9639;0.9864;0.9375;0.8333;0.8667;0.0000;;;;;;;;3.56
2026-02-17T20:40:39.962820;mvtec_AD/toothbrush;cont_0pct_cosine_loo;0.0;cosine_loo;10;10;10;0;392;42;12;30;3;5;95;0.9417;0.9786;0.9231;0.8333;0.8333;-0.0222;;;;;;;;3.17
2026-02-17T20:40:41.487215;mvtec_AD/toothbrush;cont_5pct_none;0.05;none;10;10;10;0;0;42;12;30;3;5;95;0.9639;0.9859;0.9524;0.8333;0.8333;0.0000;;;;;;;;1.42
2026-02-17T20:40:44.249708;mvtec_AD/toothbrush;cont_5pct_loo_patch;0.05;loo_patch;10;10;10;0;392;42;12;30;3;5;95;0.9472;0.9808;0.9180;0.8333;0.8333;-0.0167;1.0000;;;;;;;2.76
2026-02-17T20:40:46.364136;mvtec_AD/toothbrush;cont_5pct_random_patch;0.05;random_patch;10;10;10;0;392;42;12;30;3;5;95;0.9639;0.9862;0.9375;0.8333;0.8333;0.0000;1.0000;;;;;;;2.11
2026-02-17T20:40:50.856888;mvtec_AD/toothbrush;cont_5pct_mahalanobis_patch;0.05;mahalanobis_patch;10;10;10;0;392;42;12;30;3;5;95;0.9556;0.9835;0.9231;0.8333;0.8667;-0.0083;1.0000;;;;;;;4.38
2026-02-17T20:40:50.876892;mvtec_AD/toothbrush;cont_5pct_oracle_patch;0.05;oracle_patch;10;10;10;0;0;42;12;30;3;5;95;0.9639;0.9859;0.9524;0.8333;0.8333;0.0000;1.0000;;;;;;;0.01
2026-02-17T20:40:54.976228;mvtec_AD/toothbrush;cont_5pct_ensemble_loo_mahal;0.05;ensemble_loo_mahal;10;10;10;0;392;42;12;30;3;5;95;0.9639;0.9864;0.9375;0.8333;0.8667;0.0000;1.0000;;;;;;;4.02
2026-02-17T20:40:57.614876;mvtec_AD/toothbrush;cont_5pct_cosine_loo;0.05;cosine_loo;10;10;10;0;392;42;12;30;3;5;95;0.9417;0.9786;0.9231;0.8333;0.8333;-0.0222;1.0000;;;;;;;2.63
2026-02-17T20:40:59.761356;mvtec_AD/toothbrush;cont_40pct_none;0.4;none;10;10;10;4;0;42;12;30;3;5;95;0.8306;0.9447;0.8667;0.7000;0.7000;-0.1333;;;;;;;;2.12
2026-02-17T20:41:02.168471;mvtec_AD/toothbrush;cont_40pct_loo_patch;0.4;loo_patch;10;10;10;4;392;42;12;30;3;5;95;0.9556;0.9819;0.9524;0.7667;0.7667;-0.0083;0.9375;1.0000;1;1.0000;1.0000;;;2.30
2026-02-17T20:41:03.977069;mvtec_AD/toothbrush;cont_40pct_random_patch;0.4;random_patch;10;10;10;4;392;42;12;30;3;5;95;0.8194;0.9406;0.8571;0.7000;0.7000;-0.1444;-0.0833;1.0000;1;1.0000;1.0000;;;1.80
2026-02-17T20:41:08.333945;mvtec_AD/toothbrush;cont_40pct_mahalanobis_patch;0.4;mahalanobis_patch;10;10;10;4;392;42;12;30;3;5;95;0.9417;0.9773;0.9375;0.7667;0.8000;-0.0222;0.8333;1.0000;1;1.0000;1.0000;;;4.35
2026-02-17T20:41:09.684346;mvtec_AD/toothbrush;cont_40pct_oracle_patch;0.4;oracle_patch;10;10;6;4;3136;42;12;30;3;5;95;0.9472;0.9809;0.9180;0.8333;0.8333;-0.0167;0.8750;1.0000;1;1.0000;1.0000;;;1.35
2026-02-17T20:41:14.197975;mvtec_AD/toothbrush;cont_40pct_ensemble_loo_mahal;0.4;ensemble_loo_mahal;10;10;10;4;392;42;12;30;3;5;95;0.9444;0.9789;0.9333;0.7667;0.7667;-0.0194;0.8542;1.0000;1;1.0000;1.0000;;;4.41
2026-02-17T20:41:17.031274;mvtec_AD/toothbrush;cont_40pct_cosine_loo;0.4;cosine_loo;10;10;10;4;392;42;12;30;3;5;95;0.9306;0.9757;0.9333;0.7667;0.8000;-0.0333;0.7500;1.0000;1;1.0000;1.0000;;;2.83
2026-02-17T20:41:19.089260;mvtec_AD/toothbrush;cont_50pct_none;0.5;none;10;10;10;5;0;42;12;30;3;5;95;0.7944;0.9330;0.8364;0.7000;0.7000;-0.1694;;;;;;;;2.04
2026-02-17T20:41:22.106433;mvtec_AD/toothbrush;cont_50pct_loo_patch;0.5;loo_patch;10;10;10;5;392;42;12;30;3;5;95;0.9111;0.9694;0.9062;0.8000;0.8000;-0.0528;0.6885;1.0000;1;1.0000;1.0000;;;3.01
2026-02-17T20:41:23.497784;mvtec_AD/toothbrush;cont_50pct_random_patch;0.5;random_patch;10;10;10;5;392;42;12;30;3;5;95;0.7861;0.9296;0.8333;0.6667;0.7000;-0.1778;-0.0492;1.0000;1;1.0000;1.0000;;;1.31
2026-02-17T20:41:27.850823;mvtec_AD/toothbrush;cont_50pct_mahalanobis_patch;0.5;mahalanobis_patch;10;10;10;5;392;42;12;30;3;5;95;0.8972;0.9634;0.8923;0.7333;0.7667;-0.0667;0.6066;1.0000;1;1.0000;1.0000;;;4.35
2026-02-17T20:41:28.549940;mvtec_AD/toothbrush;cont_50pct_oracle_patch;0.5;oracle_patch;10;10;5;5;3920;42;12;30;3;5;95;0.9417;0.9794;0.9180;0.8333;0.8667;-0.0222;0.8689;1.0000;1;1.0000;1.0000;;;0.70
2026-02-17T20:41:32.563307;mvtec_AD/toothbrush;cont_50pct_ensemble_loo_mahal;0.5;ensemble_loo_mahal;10;10;10;5;392;42;12;30;3;5;95;0.9194;0.9725;0.9062;0.8333;0.8333;-0.0444;0.7377;1.0000;1;1.0000;1.0000;;;4.01
2026-02-17T20:41:35.687301;mvtec_AD/toothbrush;cont_50pct_cosine_loo;0.5;cosine_loo;10;10;10;5;392;42;12;30;3;5;95;0.8917;0.9648;0.8966;0.8000;0.8000;-0.0722;0.5738;1.0000;1;1.0000;1.0000;;;3.12
2026-02-17T20:41:38.228430;mvtec_AD/toothbrush;cont_0pct_none;0.0;none;10;10;10;0;0;42;12;30;4;5;95;0.9611;0.9843;0.9524;0.8000;0.8333;;;;;;;;;2.25
2026-02-17T20:41:40.862775;mvtec_AD/toothbrush;cont_0pct_loo_patch;0.0;loo_patch;10;10;10;0;392;42;12;30;4;5;95;0.9389;0.9767;0.9375;0.8000;0.8000;-0.0222;;;;;;;;2.63
2026-02-17T20:41:42.477696;mvtec_AD/toothbrush;cont_0pct_random_patch;0.0;random_patch;10;10;10;0;392;42;12;30;4;5;95;0.9611;0.9849;0.9375;0.8667;0.8667;0.0000;;;;;;;;1.61
2026-02-17T20:41:46.693433;mvtec_AD/toothbrush;cont_0pct_mahalanobis_patch;0.0;mahalanobis_patch;10;10;10;0;392;42;12;30;4;5;95;0.9500;0.9809;0.9375;0.8000;0.8000;-0.0111;;;;;;;;4.21
2026-02-17T20:41:46.708935;mvtec_AD/toothbrush;cont_0pct_oracle_patch;0.0;oracle_patch;10;10;10;0;0;42;12;30;4;5;95;0.9611;0.9843;0.9524;0.8000;0.8333;0.0000;;;;;;;;0.01
2026-02-17T20:41:51.432808;mvtec_AD/toothbrush;cont_0pct_ensemble_loo_mahal;0.0;ensemble_loo_mahal;10;10;10;0;392;42;12;30;4;5;95;0.9472;0.9798;0.9375;0.8000;0.8333;-0.0139;;;;;;;;4.72
2026-02-17T20:41:54.548489;mvtec_AD/toothbrush;cont_0pct_cosine_loo;0.0;cosine_loo;10;10;10;0;392;42;12;30;4;5;95;0.9667;0.9872;0.9375;0.8667;0.8667;0.0056;;;;;;;;3.11
2026-02-17T20:41:56.631151;mvtec_AD/toothbrush;cont_5pct_none;0.05;none;10;10;10;0;0;42;12;30;4;5;95;0.9611;0.9843;0.9524;0.8000;0.8333;0.0000;;;;;;;;2.07
2026-02-17T20:41:59.857520;mvtec_AD/toothbrush;cont_5pct_loo_patch;0.05;loo_patch;10;10;10;0;392;42;12;30;4;5;95;0.9389;0.9767;0.9375;0.8000;0.8000;-0.0222;1.0000;;;;;;;3.05
2026-02-17T20:42:01.827517;mvtec_AD/toothbrush;cont_5pct_random_patch;0.05;random_patch;10;10;10;0;392;42;12;30;4;5;95;0.9611;0.9849;0.9375;0.8667;0.8667;0.0000;1.0000;;;;;;;1.97
2026-02-17T20:42:06.318038;mvtec_AD/toothbrush;cont_5pct_mahalanobis_patch;0.05;mahalanobis_patch;10;10;10;0;392;42;12;30;4;5;95;0.9500;0.9809;0.9375;0.8000;0.8000;-0.0111;1.0000;;;;;;;4.48
2026-02-17T20:42:06.338038;mvtec_AD/toothbrush;cont_5pct_oracle_patch;0.05;oracle_patch;10;10;10;0;0;42;12;30;4;5;95;0.9611;0.9843;0.9524;0.8000;0.8333;0.0000;1.0000;;;;;;;0.01
2026-02-17T20:42:11.710414;mvtec_AD/toothbrush;cont_5pct_ensemble_loo_mahal;0.05;ensemble_loo_mahal;10;10;10;0;392;42;12;30;4;5;95;0.9472;0.9798;0.9375;0.8000;0.8333;-0.0139;1.0000;;;;;;;5.25
2026-02-17T20:42:14.871265;mvtec_AD/toothbrush;cont_5pct_cosine_loo;0.05;cosine_loo;10;10;10;0;392;42;12;30;4;5;95;0.9667;0.9872;0.9375;0.8667;0.8667;0.0056;1.0000;;;;;;;3.16
2026-02-17T20:42:17.257001;mvtec_AD/toothbrush;cont_40pct_none;0.4;none;10;10;10;4;0;42;12;30;4;5;95;0.8333;0.9454;0.8814;0.7000;0.7000;-0.1278;;;;;;;;2.22
2026-02-17T20:42:20.154667;mvtec_AD/toothbrush;cont_40pct_loo_patch;0.4;loo_patch;10;10;10;4;392;42;12;30;4;5;95;0.9222;0.9724;0.9355;0.7667;0.7667;-0.0389;0.6957;0.7500;1;0.5000;0.5000;;;2.89
2026-02-17T20:42:22.325922;mvtec_AD/toothbrush;cont_40pct_random_patch;0.4;random_patch;10;10;10;4;392;42;12;30;4;5;95;0.8389;0.9476;0.8966;0.7000;0.7000;-0.1222;0.0435;0.7500;1;0.5000;0.5000;;;2.03
2026-02-17T20:42:25.680786;mvtec_AD/toothbrush;cont_40pct_mahalanobis_patch;0.4;mahalanobis_patch;10;10;10;4;392;42;12;30;4;5;95;0.9167;0.9698;0.9355;0.7667;0.7667;-0.0444;0.6522;0.7500;1;0.5000;0.5000;;;3.35
2026-02-17T20:42:26.991920;mvtec_AD/toothbrush;cont_40pct_oracle_patch;0.4;oracle_patch;10;10;6;4;3136;42;12;30;4;5;95;0.9583;0.9836;0.9375;0.7667;0.8000;-0.0028;0.9783;0.7500;1;0.5000;0.5000;;;1.30
2026-02-17T20:42:30.674696;mvtec_AD/toothbrush;cont_40pct_ensemble_loo_mahal;0.4;ensemble_loo_mahal;10;10;10;4;392;42;12;30;4;5;95;0.9194;0.9707;0.9355;0.7333;0.7333;-0.0417;0.6739;0.7500;1;0.5000;0.5000;;;3.55
2026-02-17T20:42:33.960134;mvtec_AD/toothbrush;cont_40pct_cosine_loo;0.4;cosine_loo;10;10;10;4;392;42;12;30;4;5;95;0.9194;0.9709;0.9355;0.7333;0.7667;-0.0417;0.6739;0.7500;1;0.5000;0.5000;;;3.27
2026-02-17T20:42:36.084306;mvtec_AD/toothbrush;cont_50pct_none;0.5;none;10;10;10;5;0;42;12;30;4;5;95;0.7972;0.9320;0.8621;0.6000;0.6000;-0.1639;;;;;;;;2.01
2026-02-17T20:42:39.211260;mvtec_AD/toothbrush;cont_50pct_loo_patch;0.5;loo_patch;10;10;10;5;392;42;12;30;4;5;95;0.9306;0.9750;0.9355;0.7000;0.8000;-0.0306;0.8136;0.7600;1;0.6000;0.6000;;;3.12
2026-02-17T20:42:41.343247;mvtec_AD/toothbrush;cont_50pct_random_patch;0.5;random_patch;10;10;10;5;392;42;12;30;4;5;95;0.7972;0.9320;0.8621;0.6000;0.6000;-0.1639;0.0000;0.7600;1;0.6000;0.6000;;;1.90
2026-02-17T20:42:44.909586;mvtec_AD/toothbrush;cont_50pct_mahalanobis_patch;0.5;mahalanobis_patch;10;10;10;5;392;42;12;30;4;5;95;0.9250;0.9722;0.9310;0.7000;0.7333;-0.0361;0.7797;0.7600;1;0.6000;0.6000;;;3.56
2026-02-17T20:42:45.764991;mvtec_AD/toothbrush;cont_50pct_oracle_patch;0.5;oracle_patch;10;10;5;5;3920;42;12;30;4;5;95;0.9250;0.9705;0.9123;0.6667;0.7000;-0.0361;0.7797;0.7600;1;0.6000;0.6000;;;0.85
2026-02-17T20:42:49.890942;mvtec_AD/toothbrush;cont_50pct_ensemble_loo_mahal;0.5;ensemble_loo_mahal;10;10;10;5;392;42;12;30;4;5;95;0.9250;0.9731;0.9206;0.7000;0.7333;-0.0361;0.7797;0.7600;1;0.6000;0.6000;;;4.12
2026-02-17T20:42:52.566555;mvtec_AD/toothbrush;cont_50pct_cosine_loo;0.5;cosine_loo;10;10;10;5;392;42;12;30;4;5;95;0.9222;0.9718;0.9355;0.7000;0.7333;-0.0389;0.7627;0.7600;1;0.6000;0.6000;;;2.67
2026-02-17T20:42:58.842649;mvtec_AD/transistor;cont_0pct_none;0.0;none;10;10;10;0;0;100;60;40;0;5;95;0.8950;0.8863;0.7887;0.5750;0.6750;;;;;;;;;5.02
2026-02-17T20:43:03.828948;mvtec_AD/transistor;cont_0pct_loo_patch;0.0;loo_patch;10;10;10;0;392;100;60;40;0;5;95;0.9042;0.8984;0.8205;0.6250;0.6500;0.0092;;;;;;;;4.98
2026-02-17T20:43:07.869997;mvtec_AD/transistor;cont_0pct_random_patch;0.0;random_patch;10;10;10;0;392;100;60;40;0;5;95;0.8912;0.8817;0.7887;0.5500;0.6750;-0.0038;;;;;;;;4.04
2026-02-17T20:43:14.023040;mvtec_AD/transistor;cont_0pct_mahalanobis_patch;0.0;mahalanobis_patch;10;10;10;0;392;100;60;40;0;5;95;0.8892;0.8855;0.7941;0.6250;0.6750;-0.0058;;;;;;;;6.15
2026-02-17T20:43:14.039039;mvtec_AD/transistor;cont_0pct_oracle_patch;0.0;oracle_patch;10;10;10;0;0;100;60;40;0;5;95;0.8950;0.8863;0.7887;0.5750;0.6750;0.0000;;;;;;;;0.01
2026-02-17T20:43:21.340277;mvtec_AD/transistor;cont_0pct_ensemble_loo_mahal;0.0;ensemble_loo_mahal;10;10;10;0;392;100;60;40;0;5;95;0.8988;0.8956;0.7949;0.6250;0.6750;0.0037;;;;;;;;7.26
2026-02-17T20:43:27.015807;mvtec_AD/transistor;cont_0pct_cosine_loo;0.0;cosine_loo;10;10;10;0;392;100;60;40;0;5;95;0.9029;0.8944;0.7865;0.6250;0.6500;0.0079;;;;;;;;5.67
2026-02-17T20:43:31.119133;mvtec_AD/transistor;cont_5pct_none;0.05;none;10;10;10;0;0;100;60;40;0;5;95;0.8950;0.8863;0.7887;0.5750;0.6750;0.0000;;;;;;;;4.09
2026-02-17T20:43:36.016104;mvtec_AD/transistor;cont_5pct_loo_patch;0.05;loo_patch;10;10;10;0;392;100;60;40;0;5;95;0.9042;0.8984;0.8205;0.6250;0.6500;0.0092;1.0000;;;;;;;4.89
2026-02-17T20:43:40.725033;mvtec_AD/transistor;cont_5pct_random_patch;0.05;random_patch;10;10;10;0;392;100;60;40;0;5;95;0.8912;0.8817;0.7887;0.5500;0.6750;-0.0038;1.0000;;;;;;;4.71
2026-02-17T20:43:47.736222;mvtec_AD/transistor;cont_5pct_mahalanobis_patch;0.05;mahalanobis_patch;10;10;10;0;392;100;60;40;0;5;95;0.8892;0.8855;0.7941;0.6250;0.6750;-0.0058;1.0000;;;;;;;7.01
2026-02-17T20:43:47.751226;mvtec_AD/transistor;cont_5pct_oracle_patch;0.05;oracle_patch;10;10;10;0;0;100;60;40;0;5;95;0.8950;0.8863;0.7887;0.5750;0.6750;0.0000;1.0000;;;;;;;0.01
2026-02-17T20:43:54.094123;mvtec_AD/transistor;cont_5pct_ensemble_loo_mahal;0.05;ensemble_loo_mahal;10;10;10;0;392;100;60;40;0;5;95;0.8988;0.8956;0.7949;0.6250;0.6750;0.0037;1.0000;;;;;;;6.11
2026-02-17T20:43:59.158279;mvtec_AD/transistor;cont_5pct_cosine_loo;0.05;cosine_loo;10;10;10;0;392;100;60;40;0;5;95;0.9029;0.8944;0.7865;0.6250;0.6500;0.0079;1.0000;;;;;;;5.06
2026-02-17T20:44:04.134633;mvtec_AD/transistor;cont_40pct_none;0.4;none;10;10;10;4;0;100;60;40;0;5;95;0.7892;0.8104;0.7143;0.4500;0.5750;-0.1058;;;;;;;;4.95
2026-02-17T20:44:10.022045;mvtec_AD/transistor;cont_40pct_loo_patch;0.4;loo_patch;10;10;10;4;392;100;60;40;0;5;95;0.8654;0.8661;0.7671;0.6000;0.6250;-0.0296;0.7205;1.0000;1;1.0000;1.0000;;;5.67
2026-02-17T20:44:13.997021;mvtec_AD/transistor;cont_40pct_random_patch;0.4;random_patch;10;10;10;4;392;100;60;40;0;5;95;0.7950;0.8121;0.7294;0.4000;0.5250;-0.1000;0.0551;1.0000;1;1.0000;1.0000;;;3.97
2026-02-17T20:44:20.290074;mvtec_AD/transistor;cont_40pct_mahalanobis_patch;0.4;mahalanobis_patch;10;10;10;4;392;100;60;40;0;5;95;0.8321;0.8400;0.7632;0.4750;0.5750;-0.0629;0.4055;1.0000;1;1.0000;1.0000;;;6.29
2026-02-17T20:44:23.202473;mvtec_AD/transistor;cont_40pct_oracle_patch;0.4;oracle_patch;10;10;6;4;3136;100;60;40;0;5;95;0.8875;0.8793;0.7750;0.6000;0.6500;-0.0075;0.9291;1.0000;1;1.0000;1.0000;;;2.91
2026-02-17T20:44:30.052679;mvtec_AD/transistor;cont_40pct_ensemble_loo_mahal;0.4;ensemble_loo_mahal;10;10;10;4;392;100;60;40;0;5;95;0.8662;0.8665;0.7792;0.5500;0.6500;-0.0288;0.7283;1.0000;1;1.0000;1.0000;;;6.84
2026-02-17T20:44:35.285692;mvtec_AD/transistor;cont_40pct_cosine_loo;0.4;cosine_loo;10;10;10;4;392;100;60;40;0;5;95;0.8675;0.8683;0.7714;0.6000;0.6750;-0.0275;0.7402;1.0000;1;1.0000;1.0000;;;5.23
2026-02-17T20:44:39.830944;mvtec_AD/transistor;cont_50pct_none;0.5;none;10;10;10;5;0;100;60;40;0;5;95;0.7779;0.8012;0.7324;0.3750;0.5750;-0.1171;;;;;;;;4.52
2026-02-17T20:44:44.820302;mvtec_AD/transistor;cont_50pct_loo_patch;0.5;loo_patch;10;10;10;5;392;100;60;40;0;5;95;0.8804;0.8765;0.8056;0.4750;0.7000;-0.0146;0.8754;0.8800;1;0.8000;0.8000;;;4.98
2026-02-17T20:44:49.424993;mvtec_AD/transistor;cont_50pct_random_patch;0.5;random_patch;10;10;10;5;392;100;60;40;0;5;95;0.7733;0.7918;0.7143;0.3750;0.5000;-0.1217;-0.0391;0.8800;1;0.8000;0.8000;;;4.60
2026-02-17T20:44:56.731115;mvtec_AD/transistor;cont_50pct_mahalanobis_patch;0.5;mahalanobis_patch;10;10;10;5;392;100;60;40;0;5;95;0.8421;0.8443;0.7561;0.4250;0.6500;-0.0529;0.5480;0.8800;1;0.8000;0.8000;;;7.14
2026-02-17T20:44:58.363288;mvtec_AD/transistor;cont_50pct_oracle_patch;0.5;oracle_patch;10;10;5;5;3920;100;60;40;0;5;95;0.8975;0.8891;0.8000;0.6250;0.6750;0.0025;1.0214;0.8800;1;0.8000;0.8000;;;1.63
2026-02-17T20:45:05.647200;mvtec_AD/transistor;cont_50pct_ensemble_loo_mahal;0.5;ensemble_loo_mahal;10;10;10;5;392;100;60;40;0;5;95;0.8425;0.8470;0.7778;0.4500;0.6500;-0.0525;0.5516;0.8800;1;0.8000;0.8000;;;7.28
2026-02-17T20:45:11.521790;mvtec_AD/transistor;cont_50pct_cosine_loo;0.5;cosine_loo;10;10;10;5;392;100;60;40;0;5;95;0.8771;0.8736;0.8000;0.4750;0.6750;-0.0179;0.8470;0.8800;1;0.8000;0.8000;;;5.87
2026-02-17T20:45:16.715000;mvtec_AD/transistor;cont_0pct_none;0.0;none;10;10;10;0;0;100;60;40;1;5;95;0.9250;0.9106;0.8140;0.5500;0.7250;;;;;;;;;5.00
2026-02-17T20:45:21.634321;mvtec_AD/transistor;cont_0pct_loo_patch;0.0;loo_patch;10;10;10;0;392;100;60;40;1;5;95;0.9158;0.9111;0.8312;0.6500;0.7500;-0.0092;;;;;;;;4.91
2026-02-17T20:45:26.326885;mvtec_AD/transistor;cont_0pct_random_patch;0.0;random_patch;10;10;10;0;392;100;60;40;1;5;95;0.9304;0.9155;0.8222;0.6000;0.7000;0.0054;;;;;;;;4.69
2026-02-17T20:45:33.680139;mvtec_AD/transistor;cont_0pct_mahalanobis_patch;0.0;mahalanobis_patch;10;10;10;0;392;100;60;40;1;5;95;0.9075;0.8992;0.8169;0.6250;0.7250;-0.0175;;;;;;;;7.35
2026-02-17T20:45:33.695149;mvtec_AD/transistor;cont_0pct_oracle_patch;0.0;oracle_patch;10;10;10;0;0;100;60;40;1;5;95;0.9250;0.9106;0.8140;0.5500;0.7250;0.0000;;;;;;;;0.01
2026-02-17T20:45:40.771026;mvtec_AD/transistor;cont_0pct_ensemble_loo_mahal;0.0;ensemble_loo_mahal;10;10;10;0;392;100;60;40;1;5;95;0.9113;0.9034;0.8052;0.6500;0.7000;-0.0137;;;;;;;;6.93
2026-02-17T20:45:45.735857;mvtec_AD/transistor;cont_0pct_cosine_loo;0.0;cosine_loo;10;10;10;0;392;100;60;40;1;5;95;0.9183;0.9072;0.8000;0.6500;0.7000;-0.0067;;;;;;;;4.96
2026-02-17T20:45:50.078591;mvtec_AD/transistor;cont_5pct_none;0.05;none;10;10;10;0;0;100;60;40;1;5;95;0.9250;0.9106;0.8140;0.5500;0.7250;0.0000;;;;;;;;4.33
2026-02-17T20:45:55.854664;mvtec_AD/transistor;cont_5pct_loo_patch;0.05;loo_patch;10;10;10;0;392;100;60;40;1;5;95;0.9158;0.9111;0.8312;0.6500;0.7500;-0.0092;1.0000;;;;;;;5.77
2026-02-17T20:46:00.411464;mvtec_AD/transistor;cont_5pct_random_patch;0.05;random_patch;10;10;10;0;392;100;60;40;1;5;95;0.9304;0.9155;0.8222;0.6000;0.7000;0.0054;1.0000;;;;;;;4.55
2026-02-17T20:46:06.784080;mvtec_AD/transistor;cont_5pct_mahalanobis_patch;0.05;mahalanobis_patch;10;10;10;0;392;100;60;40;1;5;95;0.9075;0.8992;0.8169;0.6250;0.7250;-0.0175;1.0000;;;;;;;6.27
2026-02-17T20:46:06.802664;mvtec_AD/transistor;cont_5pct_oracle_patch;0.05;oracle_patch;10;10;10;0;0;100;60;40;1;5;95;0.9250;0.9106;0.8140;0.5500;0.7250;0.0000;1.0000;;;;;;;0.01
2026-02-17T20:46:16.042589;mvtec_AD/transistor;cont_5pct_ensemble_loo_mahal;0.05;ensemble_loo_mahal;10;10;10;0;392;100;60;40;1;5;95;0.9113;0.9034;0.8052;0.6500;0.7000;-0.0137;1.0000;;;;;;;7.48
2026-02-17T20:46:21.731383;mvtec_AD/transistor;cont_5pct_cosine_loo;0.05;cosine_loo;10;10;10;0;392;100;60;40;1;5;95;0.9183;0.9072;0.8000;0.6500;0.7000;-0.0067;1.0000;;;;;;;5.68
2026-02-17T20:46:26.425914;mvtec_AD/transistor;cont_40pct_none;0.4;none;10;10;10;4;0;100;60;40;1;5;95;0.8058;0.8284;0.7324;0.5250;0.5750;-0.1192;;;;;;;;4.67
2026-02-17T20:46:31.575599;mvtec_AD/transistor;cont_40pct_loo_patch;0.4;loo_patch;10;10;10;4;392;100;60;40;1;5;95;0.8908;0.8883;0.7952;0.5750;0.7000;-0.0342;0.7133;1.0000;1;1.0000;1.0000;;;5.14
2026-02-17T20:46:35.181348;mvtec_AD/transistor;cont_40pct_random_patch;0.4;random_patch;10;10;10;4;392;100;60;40;1;5;95;0.8042;0.8226;0.7324;0.5000;0.6000;-0.1208;-0.0140;1.0000;1;1.0000;1.0000;;;3.60
2026-02-17T20:46:42.531966;mvtec_AD/transistor;cont_40pct_mahalanobis_patch;0.4;mahalanobis_patch;10;10;10;4;392;100;60;40;1;5;95;0.8692;0.8776;0.8101;0.5500;0.7250;-0.0558;0.5315;1.0000;1;1.0000;1.0000;;;7.34
2026-02-17T20:46:45.334916;mvtec_AD/transistor;cont_40pct_oracle_patch;0.4;oracle_patch;10;10;6;4;3136;100;60;40;1;5;95;0.8958;0.8805;0.7838;0.5500;0.6500;-0.0292;0.7552;1.0000;1;1.0000;1.0000;;;2.80
2026-02-17T20:46:51.988578;mvtec_AD/transistor;cont_40pct_ensemble_loo_mahal;0.4;ensemble_loo_mahal;10;10;10;4;392;100;60;40;1;5;95;0.8788;0.8804;0.8108;0.5750;0.7000;-0.0462;0.6119;1.0000;1;1.0000;1.0000;;;6.47
2026-02-17T20:46:57.147095;mvtec_AD/transistor;cont_40pct_cosine_loo;0.4;cosine_loo;10;10;10;4;392;100;60;40;1;5;95;0.8608;0.8641;0.7595;0.5500;0.6250;-0.0642;0.4615;1.0000;1;1.0000;1.0000;;;5.15
2026-02-17T20:47:01.559656;mvtec_AD/transistor;cont_50pct_none;0.5;none;10;10;10;5;0;100;60;40;1;5;95;0.7696;0.8037;0.7179;0.4750;0.5750;-0.1554;;;;;;;;4.39
2026-02-17T20:47:06.048956;mvtec_AD/transistor;cont_50pct_loo_patch;0.5;loo_patch;10;10;10;5;392;100;60;40;1;5;95;0.8604;0.8737;0.8000;0.6250;0.6500;-0.0646;0.5845;0.9200;1;0.8000;0.8000;;;4.48
2026-02-17T20:47:10.660982;mvtec_AD/transistor;cont_50pct_random_patch;0.5;random_patch;10;10;10;5;392;100;60;40;1;5;95;0.7783;0.8118;0.7297;0.5000;0.5750;-0.1467;0.0563;0.9200;1;0.8000;0.8000;;;4.61
2026-02-17T20:47:16.759374;mvtec_AD/transistor;cont_50pct_mahalanobis_patch;0.5;mahalanobis_patch;10;10;10;5;392;100;60;40;1;5;95;0.8483;0.8582;0.7632;0.5500;0.6250;-0.0767;0.5067;0.9200;1;0.8000;0.8000;;;5.96
2026-02-17T20:47:19.150141;mvtec_AD/transistor;cont_50pct_oracle_patch;0.5;oracle_patch;10;10;5;5;3920;100;60;40;1;5;95;0.9092;0.8957;0.7887;0.6250;0.7000;-0.0158;0.8981;0.9200;1;0.8000;0.8000;;;2.38
2026-02-17T20:47:25.077662;mvtec_AD/transistor;cont_50pct_ensemble_loo_mahal;0.5;ensemble_loo_mahal;10;10;10;5;392;100;60;40;1;5;95;0.8512;0.8680;0.7941;0.6750;0.6750;-0.0737;0.5255;0.9200;1;0.8000;0.8000;;;5.92
2026-02-17T20:47:30.972753;mvtec_AD/transistor;cont_50pct_cosine_loo;0.5;cosine_loo;10;10;10;5;392;100;60;40;1;5;95;0.8646;0.8725;0.7750;0.6250;0.6500;-0.0604;0.6113;0.9200;1;0.8000;0.8000;;;5.89
2026-02-17T20:47:35.962903;mvtec_AD/transistor;cont_0pct_none;0.0;none;10;10;10;0;0;100;60;40;2;5;95;0.9325;0.9240;0.8462;0.6750;0.7250;;;;;;;;;4.84
2026-02-17T20:47:40.660525;mvtec_AD/transistor;cont_0pct_loo_patch;0.0;loo_patch;10;10;10;0;392;100;60;40;2;5;95;0.9129;0.9069;0.8219;0.6250;0.7500;-0.0196;;;;;;;;4.69
2026-02-17T20:47:44.485341;mvtec_AD/transistor;cont_0pct_random_patch;0.0;random_patch;10;10;10;0;392;100;60;40;2;5;95;0.9283;0.9218;0.8354;0.7000;0.7500;-0.0042;;;;;;;;3.82
2026-02-17T20:47:51.884612;mvtec_AD/transistor;cont_0pct_mahalanobis_patch;0.0;mahalanobis_patch;10;10;10;0;392;100;60;40;2;5;95;0.9096;0.9074;0.8312;0.6750;0.7500;-0.0229;;;;;;;;7.39
2026-02-17T20:47:51.900786;mvtec_AD/transistor;cont_0pct_oracle_patch;0.0;oracle_patch;10;10;10;0;0;100;60;40;2;5;95;0.9325;0.9240;0.8462;0.6750;0.7250;0.0000;;;;;;;;0.01
2026-02-17T20:47:59.159162;mvtec_AD/transistor;cont_0pct_ensemble_loo_mahal;0.0;ensemble_loo_mahal;10;10;10;0;392;100;60;40;2;5;95;0.9075;0.9073;0.8219;0.6750;0.7250;-0.0250;;;;;;;;6.18
2026-02-17T20:48:04.357686;mvtec_AD/transistor;cont_0pct_cosine_loo;0.0;cosine_loo;10;10;10;0;392;100;60;40;2;5;95;0.9183;0.9069;0.8116;0.6250;0.7000;-0.0142;;;;;;;;5.20
2026-02-17T20:48:08.927044;mvtec_AD/transistor;cont_5pct_none;0.05;none;10;10;10;0;0;100;60;40;2;5;95;0.9325;0.9240;0.8462;0.6750;0.7250;0.0000;;;;;;;;4.56
2026-02-17T20:48:14.614859;mvtec_AD/transistor;cont_5pct_loo_patch;0.05;loo_patch;10;10;10;0;392;100;60;40;2;5;95;0.9129;0.9069;0.8219;0.6250;0.7500;-0.0196;1.0000;;;;;;;5.68
2026-02-17T20:48:19.447507;mvtec_AD/transistor;cont_5pct_random_patch;0.05;random_patch;10;10;10;0;392;100;60;40;2;5;95;0.9283;0.9218;0.8354;0.7000;0.7500;-0.0042;1.0000;;;;;;;4.67
2026-02-17T20:48:25.851193;mvtec_AD/transistor;cont_5pct_mahalanobis_patch;0.05;mahalanobis_patch;10;10;10;0;392;100;60;40;2;5;95;0.9096;0.9074;0.8312;0.6750;0.7500;-0.0229;1.0000;;;;;;;6.40
2026-02-17T20:48:25.870192;mvtec_AD/transistor;cont_5pct_oracle_patch;0.05;oracle_patch;10;10;10;0;0;100;60;40;2;5;95;0.9325;0.9240;0.8462;0.6750;0.7250;0.0000;1.0000;;;;;;;0.01
2026-02-17T20:48:33.070704;mvtec_AD/transistor;cont_5pct_ensemble_loo_mahal;0.05;ensemble_loo_mahal;10;10;10;0;392;100;60;40;2;5;95;0.9075;0.9073;0.8219;0.6750;0.7250;-0.0250;1.0000;;;;;;;7.09
2026-02-17T20:48:38.737750;mvtec_AD/transistor;cont_5pct_cosine_loo;0.05;cosine_loo;10;10;10;0;392;100;60;40;2;5;95;0.9183;0.9069;0.8116;0.6250;0.7000;-0.0142;1.0000;;;;;;;5.66
2026-02-17T20:48:43.349717;mvtec_AD/transistor;cont_40pct_none;0.4;none;10;10;10;4;0;100;60;40;2;5;95;0.8258;0.8435;0.7711;0.5500;0.6000;-0.1067;;;;;;;;4.59
2026-02-17T20:48:48.631517;mvtec_AD/transistor;cont_40pct_loo_patch;0.4;loo_patch;10;10;10;4;392;100;60;40;2;5;95;0.9025;0.9018;0.8193;0.6250;0.6750;-0.0300;0.7187;0.8333;1;0.7500;0.7500;;;5.28
2026-02-17T20:48:52.432487;mvtec_AD/transistor;cont_40pct_random_patch;0.4;random_patch;10;10;10;4;392;100;60;40;2;5;95;0.8333;0.8476;0.7711;0.4750;0.5750;-0.0992;0.0703;0.8333;1;0.7500;0.7500;;;3.79
2026-02-17T20:48:59.735508;mvtec_AD/transistor;cont_40pct_mahalanobis_patch;0.4;mahalanobis_patch;10;10;10;4;392;100;60;40;2;5;95;0.8662;0.8682;0.7857;0.4750;0.6750;-0.0663;0.3789;0.8333;1;0.7500;0.7500;;;7.30
2026-02-17T20:49:02.594081;mvtec_AD/transistor;cont_40pct_oracle_patch;0.4;oracle_patch;10;10;6;4;3136;100;60;40;2;5;95;0.9367;0.9291;0.8537;0.7000;0.7500;0.0042;1.0391;0.8333;1;0.7500;0.7500;;;2.85
2026-02-17T20:49:08.735773;mvtec_AD/transistor;cont_40pct_ensemble_loo_mahal;0.4;ensemble_loo_mahal;10;10;10;4;392;100;60;40;2;5;95;0.9062;0.9046;0.8333;0.5500;0.7500;-0.0263;0.7539;0.8333;1;0.7500;0.7500;;;6.04
2026-02-17T20:49:13.492360;mvtec_AD/transistor;cont_40pct_cosine_loo;0.4;cosine_loo;10;10;10;4;392;100;60;40;2;5;95;0.8804;0.8894;0.8049;0.6500;0.6500;-0.0521;0.5117;0.8333;1;0.7500;0.7500;;;4.75
2026-02-17T20:49:18.349427;mvtec_AD/transistor;cont_50pct_none;0.5;none;10;10;10;5;0;100;60;40;2;5;95;0.8050;0.8213;0.7595;0.4000;0.5500;-0.1275;;;;;;;;4.84
2026-02-17T20:49:24.081791;mvtec_AD/transistor;cont_50pct_loo_patch;0.5;loo_patch;10;10;10;5;392;100;60;40;2;5;95;0.8787;0.8834;0.7952;0.5750;0.6500;-0.0538;0.5784;0.8400;1;0.8000;0.8000;;;5.72
2026-02-17T20:49:28.598944;mvtec_AD/transistor;cont_50pct_random_patch;0.5;random_patch;10;10;10;5;392;100;60;40;2;5;95;0.8133;0.8327;0.7848;0.4500;0.5500;-0.1192;0.0654;0.8400;1;0.8000;0.8000;;;4.41
2026-02-17T20:49:34.754484;mvtec_AD/transistor;cont_50pct_mahalanobis_patch;0.5;mahalanobis_patch;10;10;10;5;392;100;60;40;2;5;95;0.8517;0.8636;0.7895;0.5250;0.6250;-0.0808;0.3660;0.8400;1;0.8000;0.8000;;;6.15
2026-02-17T20:49:37.204002;mvtec_AD/transistor;cont_50pct_oracle_patch;0.5;oracle_patch;10;10;5;5;3920;100;60;40;2;5;95;0.9421;0.9382;0.8718;0.7250;0.7750;0.0096;1.0752;0.8400;1;0.8000;0.8000;;;2.45
2026-02-17T20:49:44.112143;mvtec_AD/transistor;cont_50pct_ensemble_loo_mahal;0.5;ensemble_loo_mahal;10;10;10;5;392;100;60;40;2;5;95;0.8838;0.8899;0.8101;0.5750;0.7250;-0.0488;0.6176;0.8400;1;0.8000;0.8000;;;6.90
2026-02-17T20:49:49.481161;mvtec_AD/transistor;cont_50pct_cosine_loo;0.5;cosine_loo;10;10;10;5;392;100;60;40;2;5;95;0.8579;0.8671;0.7901;0.5500;0.6250;-0.0746;0.4150;0.8400;1;0.8000;0.8000;;;5.36
2026-02-17T20:49:53.766063;mvtec_AD/transistor;cont_0pct_none;0.0;none;10;10;10;0;0;100;60;40;3;5;95;0.8979;0.8860;0.7949;0.5500;0.7000;;;;;;;;;4.22
2026-02-17T20:49:58.526441;mvtec_AD/transistor;cont_0pct_loo_patch;0.0;loo_patch;10;10;10;0;392;100;60;40;3;5;95;0.8754;0.8670;0.7692;0.5500;0.6000;-0.0225;;;;;;;;4.75
2026-02-17T20:50:03.294619;mvtec_AD/transistor;cont_0pct_random_patch;0.0;random_patch;10;10;10;0;392;100;60;40;3;5;95;0.8921;0.8842;0.7949;0.6000;0.6750;-0.0058;;;;;;;;4.76
2026-02-17T20:50:10.365342;mvtec_AD/transistor;cont_0pct_mahalanobis_patch;0.0;mahalanobis_patch;10;10;10;0;392;100;60;40;3;5;95;0.8667;0.8625;0.7692;0.5500;0.6250;-0.0313;;;;;;;;6.97
2026-02-17T20:50:10.383103;mvtec_AD/transistor;cont_0pct_oracle_patch;0.0;oracle_patch;10;10;10;0;0;100;60;40;3;5;95;0.8979;0.8860;0.7949;0.5500;0.7000;0.0000;;;;;;;;0.01
2026-02-17T20:50:18.238975;mvtec_AD/transistor;cont_0pct_ensemble_loo_mahal;0.0;ensemble_loo_mahal;10;10;10;0;392;100;60;40;3;5;95;0.8529;0.8508;0.7407;0.5500;0.5500;-0.0450;;;;;;;;7.68
2026-02-17T20:50:23.327043;mvtec_AD/transistor;cont_0pct_cosine_loo;0.0;cosine_loo;10;10;10;0;392;100;60;40;3;5;95;0.8858;0.8778;0.7949;0.5250;0.6750;-0.0121;;;;;;;;5.08
2026-02-17T20:50:28.435476;mvtec_AD/transistor;cont_5pct_none;0.05;none;10;10;10;0;0;100;60;40;3;5;95;0.8979;0.8860;0.7949;0.5500;0.7000;0.0000;;;;;;;;5.09
2026-02-17T20:50:34.155878;mvtec_AD/transistor;cont_5pct_loo_patch;0.05;loo_patch;10;10;10;0;392;100;60;40;3;5;95;0.8754;0.8670;0.7692;0.5500;0.6000;-0.0225;1.0000;;;;;;;5.72
2026-02-17T20:50:38.172975;mvtec_AD/transistor;cont_5pct_random_patch;0.05;random_patch;10;10;10;0;392;100;60;40;3;5;95;0.8921;0.8842;0.7949;0.6000;0.6750;-0.0058;1.0000;;;;;;;3.82
2026-02-17T20:50:44.232041;mvtec_AD/transistor;cont_5pct_mahalanobis_patch;0.05;mahalanobis_patch;10;10;10;0;392;100;60;40;3;5;95;0.8667;0.8625;0.7692;0.5500;0.6250;-0.0313;1.0000;;;;;;;6.06
2026-02-17T20:50:44.247040;mvtec_AD/transistor;cont_5pct_oracle_patch;0.05;oracle_patch;10;10;10;0;0;100;60;40;3;5;95;0.8979;0.8860;0.7949;0.5500;0.7000;0.0000;1.0000;;;;;;;0.01
2026-02-17T20:50:51.689923;mvtec_AD/transistor;cont_5pct_ensemble_loo_mahal;0.05;ensemble_loo_mahal;10;10;10;0;392;100;60;40;3;5;95;0.8529;0.8508;0.7407;0.5500;0.5500;-0.0450;1.0000;;;;;;;7.26
2026-02-17T20:50:56.797144;mvtec_AD/transistor;cont_5pct_cosine_loo;0.05;cosine_loo;10;10;10;0;392;100;60;40;3;5;95;0.8858;0.8778;0.7949;0.5250;0.6750;-0.0121;1.0000;;;;;;;5.10
2026-02-17T20:51:01.519935;mvtec_AD/transistor;cont_40pct_none;0.4;none;10;10;10;4;0;100;60;40;3;5;95;0.8350;0.8656;0.8158;0.5500;0.6750;-0.0629;;;;;;;;4.70
2026-02-17T20:51:06.360561;mvtec_AD/transistor;cont_40pct_loo_patch;0.4;loo_patch;10;10;10;4;392;100;60;40;3;5;95;0.8325;0.8613;0.7895;0.6000;0.6750;-0.0654;-0.0397;0.1250;0;0.0000;0.0000;;;4.83
2026-02-17T20:51:11.243467;mvtec_AD/transistor;cont_40pct_random_patch;0.4;random_patch;10;10;10;4;392;100;60;40;3;5;95;0.8379;0.8629;0.8101;0.5500;0.6250;-0.0600;0.0464;0.1250;0;0.0000;0.0000;;;4.88
2026-02-17T20:51:18.421748;mvtec_AD/transistor;cont_40pct_mahalanobis_patch;0.4;mahalanobis_patch;10;10;10;4;392;100;60;40;3;5;95;0.8275;0.8532;0.7945;0.5500;0.5750;-0.0704;-0.1192;0.1250;0;0.0000;0.0000;;;7.03
2026-02-17T20:51:20.718983;mvtec_AD/transistor;cont_40pct_oracle_patch;0.4;oracle_patch;10;10;6;4;3136;100;60;40;3;5;95;0.9242;0.9088;0.8101;0.6000;0.6750;0.0262;1.4172;0.1250;0;0.0000;0.0000;;;2.29
2026-02-17T20:51:26.778790;mvtec_AD/transistor;cont_40pct_ensemble_loo_mahal;0.4;ensemble_loo_mahal;10;10;10;4;392;100;60;40;3;5;95;0.8175;0.8427;0.7595;0.5500;0.6000;-0.0804;-0.2781;0.1250;0;0.0000;0.0000;;;6.05
2026-02-17T20:51:32.591299;mvtec_AD/transistor;cont_40pct_cosine_loo;0.4;cosine_loo;10;10;10;4;392;100;60;40;3;5;95;0.8379;0.8637;0.7901;0.5750;0.6750;-0.0600;0.0464;0.1250;0;0.0000;0.0000;;;5.80
2026-02-17T20:51:37.474049;mvtec_AD/transistor;cont_50pct_none;0.5;none;10;10;10;5;0;100;60;40;3;5;95;0.8000;0.8307;0.7632;0.5250;0.6000;-0.0979;;;;;;;;4.84
2026-02-17T20:51:42.601793;mvtec_AD/transistor;cont_50pct_loo_patch;0.5;loo_patch;10;10;10;5;392;100;60;40;3;5;95;0.8192;0.8456;0.7750;0.5750;0.6000;-0.0788;0.1957;0.3600;1;0.4000;0.4000;;;4.96
2026-02-17T20:51:47.170330;mvtec_AD/transistor;cont_50pct_random_patch;0.5;random_patch;10;10;10;5;392;100;60;40;3;5;95;0.8038;0.8356;0.7692;0.5250;0.6250;-0.0942;0.0383;0.3600;1;0.4000;0.4000;;;4.56
2026-02-17T20:51:54.586935;mvtec_AD/transistor;cont_50pct_mahalanobis_patch;0.5;mahalanobis_patch;10;10;10;5;392;100;60;40;3;5;95;0.8221;0.8472;0.7619;0.5750;0.6250;-0.0758;0.2255;0.3600;1;0.4000;0.4000;;;7.41
2026-02-17T20:51:57.057046;mvtec_AD/transistor;cont_50pct_oracle_patch;0.5;oracle_patch;10;10;5;5;3920;100;60;40;3;5;95;0.9208;0.9038;0.7959;0.6000;0.6750;0.0229;1.2340;0.3600;1;0.4000;0.4000;;;2.46
2026-02-17T20:52:03.612857;mvtec_AD/transistor;cont_50pct_ensemble_loo_mahal;0.5;ensemble_loo_mahal;10;10;10;5;392;100;60;40;3;5;95;0.8154;0.8374;0.7561;0.5750;0.6000;-0.0825;0.1574;0.3600;1;0.4000;0.4000;;;6.26
2026-02-17T20:52:08.999953;mvtec_AD/transistor;cont_50pct_cosine_loo;0.5;cosine_loo;10;10;10;5;392;100;60;40;3;5;95;0.8346;0.8608;0.7949;0.6000;0.6000;-0.0633;0.3532;0.3600;1;0.4000;0.4000;;;5.38
2026-02-17T20:52:13.575945;mvtec_AD/transistor;cont_0pct_none;0.0;none;10;10;10;0;0;100;60;40;4;5;95;0.8950;0.8850;0.7826;0.5500;0.6750;;;;;;;;;4.51
2026-02-17T20:52:19.363641;mvtec_AD/transistor;cont_0pct_loo_patch;0.0;loo_patch;10;10;10;0;392;100;60;40;4;5;95;0.8988;0.8893;0.8000;0.5500;0.7000;0.0038;;;;;;;;5.78
2026-02-17T20:52:24.224552;mvtec_AD/transistor;cont_0pct_random_patch;0.0;random_patch;10;10;10;0;392;100;60;40;4;5;95;0.8971;0.8865;0.7826;0.5750;0.6750;0.0021;;;;;;;;4.68
2026-02-17T20:52:32.222310;mvtec_AD/transistor;cont_0pct_mahalanobis_patch;0.0;mahalanobis_patch;10;10;10;0;392;100;60;40;4;5;95;0.9083;0.9000;0.8140;0.6000;0.6500;0.0133;;;;;;;;7.99
2026-02-17T20:52:32.236310;mvtec_AD/transistor;cont_0pct_oracle_patch;0.0;oracle_patch;10;10;10;0;0;100;60;40;4;5;95;0.8950;0.8850;0.7826;0.5500;0.6750;0.0000;;;;;;;;0.01
2026-02-17T20:52:38.978605;mvtec_AD/transistor;cont_0pct_ensemble_loo_mahal;0.0;ensemble_loo_mahal;10;10;10;0;392;100;60;40;4;5;95;0.9050;0.8944;0.8000;0.5750;0.6500;0.0100;;;;;;;;6.66
2026-02-17T20:52:44.153358;mvtec_AD/transistor;cont_0pct_cosine_loo;0.0;cosine_loo;10;10;10;0;392;100;60;40;4;5;95;0.8862;0.8759;0.7714;0.6000;0.6750;-0.0088;;;;;;;;5.17
2026-02-17T20:52:49.237052;mvtec_AD/transistor;cont_5pct_none;0.05;none;10;10;10;0;0;100;60;40;4;5;95;0.8950;0.8850;0.7826;0.5500;0.6750;0.0000;;;;;;;;5.07
2026-02-17T20:52:54.324498;mvtec_AD/transistor;cont_5pct_loo_patch;0.05;loo_patch;10;10;10;0;392;100;60;40;4;5;95;0.8988;0.8893;0.8000;0.5500;0.7000;0.0038;1.0000;;;;;;;5.08
2026-02-17T20:52:58.148246;mvtec_AD/transistor;cont_5pct_random_patch;0.05;random_patch;10;10;10;0;392;100;60;40;4;5;95;0.8971;0.8865;0.7826;0.5750;0.6750;0.0021;1.0000;;;;;;;3.82
2026-02-17T20:53:05.265015;mvtec_AD/transistor;cont_5pct_mahalanobis_patch;0.05;mahalanobis_patch;10;10;10;0;392;100;60;40;4;5;95;0.9083;0.9000;0.8140;0.6000;0.6500;0.0133;1.0000;;;;;;;7.11
2026-02-17T20:53:05.281431;mvtec_AD/transistor;cont_5pct_oracle_patch;0.05;oracle_patch;10;10;10;0;0;100;60;40;4;5;95;0.8950;0.8850;0.7826;0.5500;0.6750;0.0000;1.0000;;;;;;;0.01
2026-02-17T20:53:12.229353;mvtec_AD/transistor;cont_5pct_ensemble_loo_mahal;0.05;ensemble_loo_mahal;10;10;10;0;392;100;60;40;4;5;95;0.9050;0.8944;0.8000;0.5750;0.6500;0.0100;1.0000;;;;;;;6.76
2026-02-17T20:53:17.472523;mvtec_AD/transistor;cont_5pct_cosine_loo;0.05;cosine_loo;10;10;10;0;392;100;60;40;4;5;95;0.8862;0.8759;0.7714;0.6000;0.6750;-0.0088;1.0000;;;;;;;5.24
2026-02-17T20:53:22.396564;mvtec_AD/transistor;cont_40pct_none;0.4;none;10;10;10;4;0;100;60;40;4;5;95;0.8225;0.8386;0.7619;0.5000;0.5750;-0.0725;;;;;;;;4.90
2026-02-17T20:53:27.265635;mvtec_AD/transistor;cont_40pct_loo_patch;0.4;loo_patch;10;10;10;4;392;100;60;40;4;5;95;0.8721;0.8767;0.7865;0.5500;0.6500;-0.0229;0.6839;0.9167;1;0.7500;0.7500;;;4.86
2026-02-17T20:53:31.257881;mvtec_AD/transistor;cont_40pct_random_patch;0.4;random_patch;10;10;10;4;392;100;60;40;4;5;95;0.8087;0.8269;0.7356;0.5000;0.6000;-0.0863;-0.1897;0.9167;1;0.7500;0.7500;;;3.99
2026-02-17T20:53:38.266580;mvtec_AD/transistor;cont_40pct_mahalanobis_patch;0.4;mahalanobis_patch;10;10;10;4;392;100;60;40;4;5;95;0.8558;0.8593;0.7765;0.5250;0.6000;-0.0392;0.4598;0.9167;1;0.7500;0.7500;;;7.00
2026-02-17T20:53:41.249572;mvtec_AD/transistor;cont_40pct_oracle_patch;0.4;oracle_patch;10;10;6;4;3136;100;60;40;4;5;95;0.9108;0.8945;0.8132;0.5750;0.6250;0.0158;1.2184;0.9167;1;0.7500;0.7500;;;2.98
2026-02-17T20:53:48.885657;mvtec_AD/transistor;cont_40pct_ensemble_loo_mahal;0.4;ensemble_loo_mahal;10;10;10;4;392;100;60;40;4;5;95;0.8754;0.8749;0.7901;0.5000;0.6500;-0.0196;0.7299;0.9167;1;0.7500;0.7500;;;7.24
2026-02-17T20:53:54.302049;mvtec_AD/transistor;cont_40pct_cosine_loo;0.4;cosine_loo;10;10;10;4;392;100;60;40;4;5;95;0.8650;0.8677;0.7765;0.5250;0.6500;-0.0300;0.5862;0.9167;1;0.7500;0.7500;;;5.41
2026-02-17T20:53:59.198154;mvtec_AD/transistor;cont_50pct_none;0.5;none;10;10;10;5;0;100;60;40;4;5;95;0.7850;0.8108;0.7442;0.5000;0.5500;-0.1100;;;;;;;;4.87
2026-02-17T20:54:04.012356;mvtec_AD/transistor;cont_50pct_loo_patch;0.5;loo_patch;10;10;10;5;392;100;60;40;4;5;95;0.8571;0.8676;0.7647;0.6250;0.6500;-0.0379;0.6553;0.8800;1;0.8000;0.8000;;;4.81
2026-02-17T20:54:08.098250;mvtec_AD/transistor;cont_50pct_random_patch;0.5;random_patch;10;10;10;5;392;100;60;40;4;5;95;0.7754;0.8008;0.7294;0.4500;0.5750;-0.1196;-0.0871;0.8800;1;0.8000;0.8000;;;4.08
2026-02-17T20:54:15.115322;mvtec_AD/transistor;cont_50pct_mahalanobis_patch;0.5;mahalanobis_patch;10;10;10;5;392;100;60;40;4;5;95;0.8513;0.8569;0.7674;0.5250;0.6000;-0.0437;0.6023;0.8800;1;0.8000;0.8000;;;7.01
2026-02-17T20:54:17.536193;mvtec_AD/transistor;cont_50pct_oracle_patch;0.5;oracle_patch;10;10;5;5;3920;100;60;40;4;5;95;0.9242;0.9096;0.8049;0.6500;0.6750;0.0292;1.2652;0.8800;1;0.8000;0.8000;;;2.42
2026-02-17T20:54:23.817205;mvtec_AD/transistor;cont_50pct_ensemble_loo_mahal;0.5;ensemble_loo_mahal;10;10;10;5;392;100;60;40;4;5;95;0.8567;0.8608;0.7536;0.5500;0.6500;-0.0383;0.6515;0.8800;1;0.8000;0.8000;;;6.18
2026-02-17T20:54:28.792401;mvtec_AD/transistor;cont_50pct_cosine_loo;0.5;cosine_loo;10;10;10;5;392;100;60;40;4;5;95;0.8579;0.8631;0.7654;0.5750;0.6500;-0.0371;0.6629;0.8800;1;0.8000;0.8000;;;4.97
2026-02-17T20:54:33.874927;mvtec_AD/wood;cont_0pct_none;0.0;none;10;10;10;0;0;79;19;60;0;5;95;0.8851;0.9650;0.9023;0.6500;0.7000;;;;;;;;;3.87
2026-02-17T20:54:38.214664;mvtec_AD/wood;cont_0pct_loo_patch;0.0;loo_patch;10;10;10;0;392;79;19;60;0;5;95;0.8658;0.9589;0.9023;0.6667;0.7167;-0.0193;;;;;;;;4.34
2026-02-17T20:54:41.671564;mvtec_AD/wood;cont_0pct_random_patch;0.0;random_patch;10;10;10;0;392;79;19;60;0;5;95;0.8851;0.9650;0.9023;0.6500;0.7167;0.0000;;;;;;;;3.45
2026-02-17T20:54:46.977548;mvtec_AD/wood;cont_0pct_mahalanobis_patch;0.0;mahalanobis_patch;10;10;10;0;392;79;19;60;0;5;95;0.8851;0.9648;0.9023;0.6500;0.7000;0.0000;;;;;;;;5.30
2026-02-17T20:54:46.991021;mvtec_AD/wood;cont_0pct_oracle_patch;0.0;oracle_patch;10;10;10;0;0;79;19;60;0;5;95;0.8851;0.9650;0.9023;0.6500;0.7000;0.0000;;;;;;;;0.01
2026-02-17T20:54:53.435666;mvtec_AD/wood;cont_0pct_ensemble_loo_mahal;0.0;ensemble_loo_mahal;10;10;10;0;392;79;19;60;0;5;95;0.8842;0.9646;0.9023;0.6500;0.7167;-0.0009;;;;;;;;6.29
2026-02-17T20:54:57.319395;mvtec_AD/wood;cont_0pct_cosine_loo;0.0;cosine_loo;10;10;10;0;392;79;19;60;0;5;95;0.8719;0.9611;0.9023;0.6500;0.7000;-0.0132;;;;;;;;3.88
2026-02-17T20:55:00.609111;mvtec_AD/wood;cont_5pct_none;0.05;none;10;10;10;0;0;79;19;60;0;5;95;0.8851;0.9650;0.9023;0.6500;0.7000;0.0000;;;;;;;;3.28
2026-02-17T20:55:04.988534;mvtec_AD/wood;cont_5pct_loo_patch;0.05;loo_patch;10;10;10;0;392;79;19;60;0;5;95;0.8658;0.9589;0.9023;0.6667;0.7167;-0.0193;1.0000;;;;;;;4.38
2026-02-17T20:55:08.670491;mvtec_AD/wood;cont_5pct_random_patch;0.05;random_patch;10;10;10;0;392;79;19;60;0;5;95;0.8851;0.9650;0.9023;0.6500;0.7167;0.0000;1.0000;;;;;;;3.68
2026-02-17T20:55:14.040565;mvtec_AD/wood;cont_5pct_mahalanobis_patch;0.05;mahalanobis_patch;10;10;10;0;392;79;19;60;0;5;95;0.8851;0.9648;0.9023;0.6500;0.7000;0.0000;1.0000;;;;;;;5.28
2026-02-17T20:55:14.060650;mvtec_AD/wood;cont_5pct_oracle_patch;0.05;oracle_patch;10;10;10;0;0;79;19;60;0;5;95;0.8851;0.9650;0.9023;0.6500;0.7000;0.0000;1.0000;;;;;;;0.01
2026-02-17T20:55:19.361883;mvtec_AD/wood;cont_5pct_ensemble_loo_mahal;0.05;ensemble_loo_mahal;10;10;10;0;392;79;19;60;0;5;95;0.8842;0.9646;0.9023;0.6500;0.7167;-0.0009;1.0000;;;;;;;5.21
2026-02-17T20:55:24.163438;mvtec_AD/wood;cont_5pct_cosine_loo;0.05;cosine_loo;10;10;10;0;392;79;19;60;0;5;95;0.8719;0.9611;0.9023;0.6500;0.7000;-0.0132;1.0000;;;;;;;4.80
2026-02-17T20:55:28.201378;mvtec_AD/wood;cont_40pct_none;0.4;none;10;10;10;4;0;79;19;60;0;5;95;0.7596;0.9249;0.8633;0.4500;0.5667;-0.1254;;;;;;;;4.01
2026-02-17T20:55:32.319434;mvtec_AD/wood;cont_40pct_loo_patch;0.4;loo_patch;10;10;10;4;392;79;19;60;0;5;95;0.8193;0.9449;0.8872;0.6000;0.6500;-0.0658;0.4755;0.9167;1;0.7500;0.7500;;;3.93
2026-02-17T20:55:35.415423;mvtec_AD/wood;cont_40pct_random_patch;0.4;random_patch;10;10;10;4;392;79;19;60;0;5;95;0.7588;0.9245;0.8633;0.4500;0.5667;-0.1263;-0.0070;0.9167;1;0.7500;0.7500;;;3.09
2026-02-17T20:55:41.415016;mvtec_AD/wood;cont_40pct_mahalanobis_patch;0.4;mahalanobis_patch;10;10;10;4;392;79;19;60;0;5;95;0.8211;0.9452;0.8872;0.5667;0.6500;-0.0640;0.4895;0.9167;1;0.7500;0.7500;;;5.99
2026-02-17T20:55:43.658049;mvtec_AD/wood;cont_40pct_oracle_patch;0.4;oracle_patch;10;10;6;4;3136;79;19;60;0;5;95;0.8658;0.9588;0.9023;0.6667;0.6667;-0.0193;0.8462;0.9167;1;0.7500;0.7500;;;2.23
2026-02-17T20:55:48.938102;mvtec_AD/wood;cont_40pct_ensemble_loo_mahal;0.4;ensemble_loo_mahal;10;10;10;4;392;79;19;60;0;5;95;0.8184;0.9445;0.8872;0.6000;0.6500;-0.0667;0.4685;0.9167;1;0.7500;0.7500;;;5.27
2026-02-17T20:55:52.911800;mvtec_AD/wood;cont_40pct_cosine_loo;0.4;cosine_loo;10;10;10;4;392;79;19;60;0;5;95;0.8193;0.9448;0.8872;0.6167;0.6500;-0.0658;0.4755;0.9167;1;0.7500;0.7500;;;3.97
2026-02-17T20:55:56.853246;mvtec_AD/wood;cont_50pct_none;0.5;none;10;10;10;5;0;79;19;60;0;5;95;0.7439;0.9164;0.8633;0.3500;0.5000;-0.1412;;;;;;;;3.91
2026-02-17T20:56:01.766249;mvtec_AD/wood;cont_50pct_loo_patch;0.5;loo_patch;10;10;10;5;392;79;19;60;0;5;95;0.8105;0.9402;0.8872;0.5167;0.6333;-0.0746;0.4720;0.8800;1;0.8000;0.8000;;;4.79
2026-02-17T20:56:04.931451;mvtec_AD/wood;cont_50pct_random_patch;0.5;random_patch;10;10;10;5;392;79;19;60;0;5;95;0.7439;0.9165;0.8633;0.3500;0.5000;-0.1412;0.0000;0.8800;1;0.8000;0.8000;;;3.16
2026-02-17T20:56:10.352326;mvtec_AD/wood;cont_50pct_mahalanobis_patch;0.5;mahalanobis_patch;10;10;10;5;392;79;19;60;0;5;95;0.8193;0.9427;0.8872;0.5000;0.6167;-0.0658;0.5342;0.8800;1;0.8000;0.8000;;;5.42
2026-02-17T20:56:12.397732;mvtec_AD/wood;cont_50pct_oracle_patch;0.5;oracle_patch;10;10;5;5;3920;79;19;60;0;5;95;0.8596;0.9570;0.9023;0.6667;0.6667;-0.0254;0.8199;0.8800;1;0.8000;0.8000;;;2.04
2026-02-17T20:56:18.254217;mvtec_AD/wood;cont_50pct_ensemble_loo_mahal;0.5;ensemble_loo_mahal;10;10;10;5;392;79;19;60;0;5;95;0.8175;0.9422;0.8872;0.5167;0.6333;-0.0675;0.5217;0.8800;1;0.8000;0.8000;;;5.85
2026-02-17T20:56:22.252091;mvtec_AD/wood;cont_50pct_cosine_loo;0.5;cosine_loo;10;10;10;5;392;79;19;60;0;5;95;0.8202;0.9432;0.8872;0.5500;0.6333;-0.0649;0.5404;0.8800;1;0.8000;0.8000;;;3.99
2026-02-17T20:56:25.986854;mvtec_AD/wood;cont_0pct_none;0.0;none;10;10;10;0;0;79;19;60;1;5;95;0.8974;0.9671;0.9134;0.6500;0.6833;;;;;;;;;3.64
2026-02-17T20:56:29.759131;mvtec_AD/wood;cont_0pct_loo_patch;0.0;loo_patch;10;10;10;0;392;79;19;60;1;5;95;0.9009;0.9689;0.9023;0.6500;0.6833;0.0035;;;;;;;;3.77
2026-02-17T20:56:33.491668;mvtec_AD/wood;cont_0pct_random_patch;0.0;random_patch;10;10;10;0;392;79;19;60;1;5;95;0.8991;0.9677;0.9134;0.6500;0.6833;0.0018;;;;;;;;3.73
2026-02-17T20:56:39.135209;mvtec_AD/wood;cont_0pct_mahalanobis_patch;0.0;mahalanobis_patch;10;10;10;0;392;79;19;60;1;5;95;0.9000;0.9681;0.9060;0.6333;0.6833;0.0026;;;;;;;;5.47
2026-02-17T20:56:39.150894;mvtec_AD/wood;cont_0pct_oracle_patch;0.0;oracle_patch;10;10;10;0;0;79;19;60;1;5;95;0.8974;0.9671;0.9134;0.6500;0.6833;0.0000;;;;;;;;0.01
2026-02-17T20:56:44.850219;mvtec_AD/wood;cont_0pct_ensemble_loo_mahal;0.0;ensemble_loo_mahal;10;10;10;0;392;79;19;60;1;5;95;0.9009;0.9687;0.9060;0.6500;0.6833;0.0035;;;;;;;;5.70
2026-02-17T20:56:49.775735;mvtec_AD/wood;cont_0pct_cosine_loo;0.0;cosine_loo;10;10;10;0;392;79;19;60;1;5;95;0.8974;0.9674;0.9048;0.6500;0.6833;0.0000;;;;;;;;4.92
2026-02-17T20:56:53.809034;mvtec_AD/wood;cont_5pct_none;0.05;none;10;10;10;0;0;79;19;60;1;5;95;0.8974;0.9671;0.9134;0.6500;0.6833;0.0000;;;;;;;;3.91
2026-02-17T20:56:57.826900;mvtec_AD/wood;cont_5pct_loo_patch;0.05;loo_patch;10;10;10;0;392;79;19;60;1;5;95;0.9009;0.9689;0.9023;0.6500;0.6833;0.0035;1.0000;;;;;;;4.01
2026-02-17T20:57:01.374267;mvtec_AD/wood;cont_5pct_random_patch;0.05;random_patch;10;10;10;0;392;79;19;60;1;5;95;0.8991;0.9677;0.9134;0.6500;0.6833;0.0018;1.0000;;;;;;;3.54
2026-02-17T20:57:06.940282;mvtec_AD/wood;cont_5pct_mahalanobis_patch;0.05;mahalanobis_patch;10;10;10;0;392;79;19;60;1;5;95;0.9000;0.9681;0.9060;0.6333;0.6833;0.0026;1.0000;;;;;;;5.56
2026-02-17T20:57:06.954543;mvtec_AD/wood;cont_5pct_oracle_patch;0.05;oracle_patch;10;10;10;0;0;79;19;60;1;5;95;0.8974;0.9671;0.9134;0.6500;0.6833;0.0000;1.0000;;;;;;;0.01
2026-02-17T20:57:13.192378;mvtec_AD/wood;cont_5pct_ensemble_loo_mahal;0.05;ensemble_loo_mahal;10;10;10;0;392;79;19;60;1;5;95;0.9009;0.9687;0.9060;0.6500;0.6833;0.0035;1.0000;;;;;;;6.23
2026-02-17T20:57:18.192912;mvtec_AD/wood;cont_5pct_cosine_loo;0.05;cosine_loo;10;10;10;0;392;79;19;60;1;5;95;0.8974;0.9674;0.9048;0.6500;0.6833;0.0000;1.0000;;;;;;;5.00
2026-02-17T20:57:21.438214;mvtec_AD/wood;cont_40pct_none;0.4;none;10;10;10;4;0;79;19;60;1;5;95;0.8175;0.9431;0.8819;0.5000;0.6333;-0.0798;;;;;;;;2.90
2026-02-17T20:57:26.171887;mvtec_AD/wood;cont_40pct_loo_patch;0.4;loo_patch;10;10;10;4;392;79;19;60;1;5;95;0.8535;0.9547;0.8906;0.6167;0.6667;-0.0439;0.4505;0.9583;1;0.7500;0.7500;;;4.73
2026-02-17T20:57:29.221645;mvtec_AD/wood;cont_40pct_random_patch;0.4;random_patch;10;10;10;4;392;79;19;60;1;5;95;0.8175;0.9430;0.8819;0.5000;0.6333;-0.0798;0.0000;0.9583;1;0.7500;0.7500;;;2.86
2026-02-17T20:57:35.941354;mvtec_AD/wood;cont_40pct_mahalanobis_patch;0.4;mahalanobis_patch;10;10;10;4;392;79;19;60;1;5;95;0.8412;0.9506;0.8906;0.5833;0.6500;-0.0561;0.2967;0.9583;1;0.7500;0.7500;;;6.71
2026-02-17T20:57:38.298282;mvtec_AD/wood;cont_40pct_oracle_patch;0.4;oracle_patch;10;10;6;4;3136;79;19;60;1;5;95;0.9000;0.9692;0.9023;0.6667;0.7000;0.0026;1.0330;0.9583;1;0.7500;0.7500;;;2.35
2026-02-17T20:57:44.771295;mvtec_AD/wood;cont_40pct_ensemble_loo_mahal;0.4;ensemble_loo_mahal;10;10;10;4;392;79;19;60;1;5;95;0.8553;0.9553;0.8906;0.6167;0.6667;-0.0421;0.4725;0.9583;1;0.7500;0.7500;;;6.31
2026-02-17T20:57:49.120475;mvtec_AD/wood;cont_40pct_cosine_loo;0.4;cosine_loo;10;10;10;4;392;79;19;60;1;5;95;0.8509;0.9540;0.8906;0.6167;0.6667;-0.0465;0.4176;0.9583;1;0.7500;0.7500;;;4.35
2026-02-17T20:57:52.674320;mvtec_AD/wood;cont_50pct_none;0.5;none;10;10;10;5;0;79;19;60;1;5;95;0.7614;0.9250;0.8633;0.4667;0.5833;-0.1360;;;;;;;;3.53
2026-02-17T20:57:57.112543;mvtec_AD/wood;cont_50pct_loo_patch;0.5;loo_patch;10;10;10;5;392;79;19;60;1;5;95;0.7939;0.9360;0.8702;0.5500;0.6167;-0.1035;0.2387;1.0000;1;1.0000;1.0000;;;4.43
2026-02-17T20:58:00.462803;mvtec_AD/wood;cont_50pct_random_patch;0.5;random_patch;10;10;10;5;392;79;19;60;1;5;95;0.7632;0.9260;0.8633;0.4667;0.5833;-0.1342;0.0129;1.0000;1;1.0000;1.0000;;;3.35
2026-02-17T20:58:06.680616;mvtec_AD/wood;cont_50pct_mahalanobis_patch;0.5;mahalanobis_patch;10;10;10;5;392;79;19;60;1;5;95;0.7816;0.9312;0.8633;0.5000;0.6000;-0.1158;0.1484;1.0000;1;1.0000;1.0000;;;6.21
2026-02-17T20:58:08.593378;mvtec_AD/wood;cont_50pct_oracle_patch;0.5;oracle_patch;10;10;5;5;3920;79;19;60;1;5;95;0.9035;0.9699;0.9062;0.6667;0.6833;0.0061;1.0452;1.0000;1;1.0000;1.0000;;;1.91
2026-02-17T20:58:15.425228;mvtec_AD/wood;cont_50pct_ensemble_loo_mahal;0.5;ensemble_loo_mahal;10;10;10;5;392;79;19;60;1;5;95;0.7939;0.9358;0.8702;0.5333;0.6167;-0.1035;0.2387;1.0000;1;1.0000;1.0000;;;6.23
2026-02-17T20:58:19.513596;mvtec_AD/wood;cont_50pct_cosine_loo;0.5;cosine_loo;10;10;10;5;392;79;19;60;1;5;95;0.7904;0.9362;0.8633;0.5667;0.6167;-0.1070;0.2129;1.0000;1;1.0000;1.0000;;;4.08
2026-02-17T20:58:23.656875;mvtec_AD/wood;cont_0pct_none;0.0;none;10;10;10;0;0;79;19;60;2;5;95;0.9088;0.9698;0.9449;0.6500;0.6833;;;;;;;;;4.04
2026-02-17T20:58:27.685056;mvtec_AD/wood;cont_0pct_loo_patch;0.0;loo_patch;10;10;10;0;392;79;19;60;2;5;95;0.8982;0.9663;0.9449;0.6500;0.6833;-0.0105;;;;;;;;3.88
2026-02-17T20:58:31.485235;mvtec_AD/wood;cont_0pct_random_patch;0.0;random_patch;10;10;10;0;392;79;19;60;2;5;95;0.9061;0.9689;0.9449;0.6500;0.6833;-0.0026;;;;;;;;3.80
2026-02-17T20:58:38.360284;mvtec_AD/wood;cont_0pct_mahalanobis_patch;0.0;mahalanobis_patch;10;10;10;0;392;79;19;60;2;5;95;0.9079;0.9695;0.9449;0.6500;0.6667;-0.0009;;;;;;;;6.19
2026-02-17T20:58:38.376410;mvtec_AD/wood;cont_0pct_oracle_patch;0.0;oracle_patch;10;10;10;0;0;79;19;60;2;5;95;0.9088;0.9698;0.9449;0.6500;0.6833;0.0000;;;;;;;;0.01
2026-02-17T20:58:44.435605;mvtec_AD/wood;cont_0pct_ensemble_loo_mahal;0.0;ensemble_loo_mahal;10;10;10;0;392;79;19;60;2;5;95;0.9009;0.9671;0.9449;0.6500;0.6833;-0.0079;;;;;;;;5.86
2026-02-17T20:58:48.743837;mvtec_AD/wood;cont_0pct_cosine_loo;0.0;cosine_loo;10;10;10;0;392;79;19;60;2;5;95;0.8939;0.9647;0.9449;0.6500;0.6833;-0.0149;;;;;;;;4.31
2026-02-17T20:58:52.620708;mvtec_AD/wood;cont_5pct_none;0.05;none;10;10;10;0;0;79;19;60;2;5;95;0.9088;0.9698;0.9449;0.6500;0.6833;0.0000;;;;;;;;3.86
2026-02-17T20:58:56.634032;mvtec_AD/wood;cont_5pct_loo_patch;0.05;loo_patch;10;10;10;0;392;79;19;60;2;5;95;0.8982;0.9663;0.9449;0.6500;0.6833;-0.0105;1.0000;;;;;;;3.99
2026-02-17T20:59:00.276261;mvtec_AD/wood;cont_5pct_random_patch;0.05;random_patch;10;10;10;0;392;79;19;60;2;5;95;0.9061;0.9689;0.9449;0.6500;0.6833;-0.0026;1.0000;;;;;;;3.64
2026-02-17T20:59:06.389238;mvtec_AD/wood;cont_5pct_mahalanobis_patch;0.05;mahalanobis_patch;10;10;10;0;392;79;19;60;2;5;95;0.9079;0.9695;0.9449;0.6500;0.6667;-0.0009;1.0000;;;;;;;6.11
2026-02-17T20:59:06.409876;mvtec_AD/wood;cont_5pct_oracle_patch;0.05;oracle_patch;10;10;10;0;0;79;19;60;2;5;95;0.9088;0.9698;0.9449;0.6500;0.6833;0.0000;1.0000;;;;;;;0.01
2026-02-17T20:59:12.858929;mvtec_AD/wood;cont_5pct_ensemble_loo_mahal;0.05;ensemble_loo_mahal;10;10;10;0;392;79;19;60;2;5;95;0.9009;0.9671;0.9449;0.6500;0.6833;-0.0079;1.0000;;;;;;;6.25
2026-02-17T20:59:17.149327;mvtec_AD/wood;cont_5pct_cosine_loo;0.05;cosine_loo;10;10;10;0;392;79;19;60;2;5;95;0.8939;0.9647;0.9449;0.6500;0.6833;-0.0149;1.0000;;;;;;;4.29
2026-02-17T20:59:21.280889;mvtec_AD/wood;cont_40pct_none;0.4;none;10;10;10;4;0;79;19;60;2;5;95;0.7623;0.9208;0.8633;0.4000;0.5000;-0.1465;;;;;;;;4.11
2026-02-17T20:59:25.328420;mvtec_AD/wood;cont_40pct_loo_patch;0.4;loo_patch;10;10;10;4;392;79;19;60;2;5;95;0.8202;0.9416;0.8889;0.5000;0.6000;-0.0886;0.3952;0.7500;1;0.5000;0.5000;;;4.04
2026-02-17T20:59:29.112621;mvtec_AD/wood;cont_40pct_random_patch;0.4;random_patch;10;10;10;4;392;79;19;60;2;5;95;0.7632;0.9212;0.8640;0.4000;0.5000;-0.1456;0.0060;0.7500;1;0.5000;0.5000;;;3.78
2026-02-17T20:59:35.252865;mvtec_AD/wood;cont_40pct_mahalanobis_patch;0.4;mahalanobis_patch;10;10;10;4;392;79;19;60;2;5;95;0.8105;0.9369;0.8889;0.4500;0.5833;-0.0982;0.3293;0.7500;1;0.5000;0.5000;;;6.05
2026-02-17T20:59:37.637399;mvtec_AD/wood;cont_40pct_oracle_patch;0.4;oracle_patch;10;10;6;4;3136;79;19;60;2;5;95;0.8772;0.9579;0.9449;0.6000;0.6667;-0.0316;0.7844;0.7500;1;0.5000;0.5000;;;2.38
2026-02-17T20:59:43.026330;mvtec_AD/wood;cont_40pct_ensemble_loo_mahal;0.4;ensemble_loo_mahal;10;10;10;4;392;79;19;60;2;5;95;0.8246;0.9433;0.8943;0.5000;0.6000;-0.0842;0.4251;0.7500;1;0.5000;0.5000;;;5.26
2026-02-17T20:59:48.047798;mvtec_AD/wood;cont_40pct_cosine_loo;0.4;cosine_loo;10;10;10;4;392;79;19;60;2;5;95;0.8070;0.9369;0.8800;0.5000;0.5667;-0.1018;0.3054;0.7500;1;0.5000;0.5000;;;5.02
2026-02-17T20:59:51.041492;mvtec_AD/wood;cont_50pct_none;0.5;none;10;10;10;5;0;79;19;60;2;5;95;0.7404;0.9152;0.8633;0.4000;0.4833;-0.1684;;;;;;;;2.97
2026-02-17T20:59:55.952883;mvtec_AD/wood;cont_50pct_loo_patch;0.5;loo_patch;10;10;10;5;392;79;19;60;2;5;95;0.7974;0.9352;0.8730;0.4833;0.5833;-0.1114;0.3385;0.6400;1;0.6000;0.6000;;;4.91
2026-02-17T20:59:59.685657;mvtec_AD/wood;cont_50pct_random_patch;0.5;random_patch;10;10;10;5;392;79;19;60;2;5;95;0.7404;0.9155;0.8633;0.4000;0.4833;-0.1684;0.0000;0.6400;1;0.6000;0.6000;;;3.73
2026-02-17T21:00:05.797276;mvtec_AD/wood;cont_50pct_mahalanobis_patch;0.5;mahalanobis_patch;10;10;10;5;392;79;19;60;2;5;95;0.7860;0.9298;0.8730;0.4333;0.5500;-0.1228;0.2708;0.6400;1;0.6000;0.6000;;;6.11
2026-02-17T21:00:07.754486;mvtec_AD/wood;cont_50pct_oracle_patch;0.5;oracle_patch;10;10;5;5;3920;79;19;60;2;5;95;0.8702;0.9566;0.9375;0.6167;0.6667;-0.0386;0.7708;0.6400;1;0.6000;0.6000;;;1.95
2026-02-17T21:00:14.789167;mvtec_AD/wood;cont_50pct_ensemble_loo_mahal;0.5;ensemble_loo_mahal;10;10;10;5;392;79;19;60;2;5;95;0.8026;0.9372;0.8760;0.4667;0.5667;-0.1061;0.3698;0.6400;1;0.6000;0.6000;;;5.84
2026-02-17T21:00:18.718367;mvtec_AD/wood;cont_50pct_cosine_loo;0.5;cosine_loo;10;10;10;5;392;79;19;60;2;5;95;0.7825;0.9297;0.8667;0.4667;0.5667;-0.1263;0.2500;0.6400;1;0.6000;0.6000;;;3.92
2026-02-17T21:00:22.818686;mvtec_AD/wood;cont_0pct_none;0.0;none;10;10;10;0;0;79;19;60;3;5;95;0.9079;0.9702;0.9291;0.6667;0.6833;;;;;;;;;4.02
2026-02-17T21:00:27.702091;mvtec_AD/wood;cont_0pct_loo_patch;0.0;loo_patch;10;10;10;0;392;79;19;60;3;5;95;0.9035;0.9689;0.9280;0.6667;0.6667;-0.0044;;;;;;;;4.88
2026-02-17T21:00:31.851283;mvtec_AD/wood;cont_0pct_random_patch;0.0;random_patch;10;10;10;0;392;79;19;60;3;5;95;0.9053;0.9694;0.9291;0.6667;0.6833;-0.0026;;;;;;;;3.80
2026-02-17T21:00:37.856811;mvtec_AD/wood;cont_0pct_mahalanobis_patch;0.0;mahalanobis_patch;10;10;10;0;392;79;19;60;3;5;95;0.9088;0.9704;0.9280;0.6333;0.6667;0.0009;;;;;;;;6.00
2026-02-17T21:00:37.871724;mvtec_AD/wood;cont_0pct_oracle_patch;0.0;oracle_patch;10;10;10;0;0;79;19;60;3;5;95;0.9079;0.9702;0.9291;0.6667;0.6833;0.0000;;;;;;;;0.01
2026-02-17T21:00:43.472052;mvtec_AD/wood;cont_0pct_ensemble_loo_mahal;0.0;ensemble_loo_mahal;10;10;10;0;392;79;19;60;3;5;95;0.9070;0.9698;0.9280;0.6667;0.6667;-0.0009;;;;;;;;5.55
2026-02-17T21:00:47.473852;mvtec_AD/wood;cont_0pct_cosine_loo;0.0;cosine_loo;10;10;10;0;392;79;19;60;3;5;95;0.9035;0.9688;0.9280;0.6667;0.6667;-0.0044;;;;;;;;3.99
2026-02-17T21:00:51.478539;mvtec_AD/wood;cont_5pct_none;0.05;none;10;10;10;0;0;79;19;60;3;5;95;0.9079;0.9702;0.9291;0.6667;0.6833;0.0000;;;;;;;;3.99
2026-02-17T21:00:56.567173;mvtec_AD/wood;cont_5pct_loo_patch;0.05;loo_patch;10;10;10;0;392;79;19;60;3;5;95;0.9035;0.9689;0.9280;0.6667;0.6667;-0.0044;1.0000;;;;;;;4.97
2026-02-17T21:01:00.207236;mvtec_AD/wood;cont_5pct_random_patch;0.05;random_patch;10;10;10;0;392;79;19;60;3;5;95;0.9053;0.9694;0.9291;0.6667;0.6833;-0.0026;1.0000;;;;;;;3.64
2026-02-17T21:01:06.286904;mvtec_AD/wood;cont_5pct_mahalanobis_patch;0.05;mahalanobis_patch;10;10;10;0;392;79;19;60;3;5;95;0.9088;0.9704;0.9280;0.6333;0.6667;0.0009;1.0000;;;;;;;6.05
2026-02-17T21:01:06.300764;mvtec_AD/wood;cont_5pct_oracle_patch;0.05;oracle_patch;10;10;10;0;0;79;19;60;3;5;95;0.9079;0.9702;0.9291;0.6667;0.6833;0.0000;1.0000;;;;;;;0.01
2026-02-17T21:01:13.021876;mvtec_AD/wood;cont_5pct_ensemble_loo_mahal;0.05;ensemble_loo_mahal;10;10;10;0;392;79;19;60;3;5;95;0.9070;0.9698;0.9280;0.6667;0.6667;-0.0009;1.0000;;;;;;;6.72
2026-02-17T21:01:16.869149;mvtec_AD/wood;cont_5pct_cosine_loo;0.05;cosine_loo;10;10;10;0;392;79;19;60;3;5;95;0.9035;0.9688;0.9280;0.6667;0.6667;-0.0044;1.0000;;;;;;;3.84
2026-02-17T21:01:20.876797;mvtec_AD/wood;cont_40pct_none;0.4;none;10;10;10;4;0;79;19;60;3;5;95;0.7693;0.9275;0.8633;0.4667;0.5333;-0.1386;;;;;;;;3.99
2026-02-17T21:01:25.859629;mvtec_AD/wood;cont_40pct_loo_patch;0.4;loo_patch;10;10;10;4;392;79;19;60;3;5;95;0.8272;0.9470;0.8788;0.5667;0.6000;-0.0807;0.4177;0.8333;1;0.7500;0.7500;;;4.90
2026-02-17T21:01:29.523905;mvtec_AD/wood;cont_40pct_random_patch;0.4;random_patch;10;10;10;4;392;79;19;60;3;5;95;0.7702;0.9280;0.8633;0.4667;0.5500;-0.1377;0.0063;0.8333;1;0.7500;0.7500;;;3.66
2026-02-17T21:01:35.435350;mvtec_AD/wood;cont_40pct_mahalanobis_patch;0.4;mahalanobis_patch;10;10;10;4;392;79;19;60;3;5;95;0.8237;0.9451;0.8788;0.5500;0.6000;-0.0842;0.3924;0.8333;1;0.7500;0.7500;;;5.77
2026-02-17T21:01:37.241425;mvtec_AD/wood;cont_40pct_oracle_patch;0.4;oracle_patch;10;10;6;4;3136;79;19;60;3;5;95;0.9167;0.9733;0.9134;0.6667;0.6833;0.0088;1.0633;0.8333;1;0.7500;0.7500;;;1.80
2026-02-17T21:01:42.960154;mvtec_AD/wood;cont_40pct_ensemble_loo_mahal;0.4;ensemble_loo_mahal;10;10;10;4;392;79;19;60;3;5;95;0.8316;0.9485;0.8788;0.5667;0.6000;-0.0763;0.4494;0.8333;1;0.7500;0.7500;;;5.71
2026-02-17T21:01:47.489563;mvtec_AD/wood;cont_40pct_cosine_loo;0.4;cosine_loo;10;10;10;4;392;79;19;60;3;5;95;0.8140;0.9420;0.8788;0.5667;0.5667;-0.0939;0.3228;0.8333;1;0.7500;0.7500;;;4.52
2026-02-17T21:01:51.443764;mvtec_AD/wood;cont_50pct_none;0.5;none;10;10;10;5;0;79;19;60;3;5;95;0.7140;0.9062;0.8633;0.3833;0.4833;-0.1939;;;;;;;;3.93
2026-02-17T21:01:56.628388;mvtec_AD/wood;cont_50pct_loo_patch;0.5;loo_patch;10;10;10;5;392;79;19;60;3;5;95;0.8061;0.9404;0.8788;0.5333;0.5667;-0.1018;0.4751;0.9200;1;0.8000;0.8000;;;4.90
2026-02-17T21:02:00.370784;mvtec_AD/wood;cont_50pct_random_patch;0.5;random_patch;10;10;10;5;392;79;19;60;3;5;95;0.7149;0.9065;0.8633;0.3833;0.5000;-0.1930;0.0045;0.9200;1;0.8000;0.8000;;;3.74
2026-02-17T21:02:06.121692;mvtec_AD/wood;cont_50pct_mahalanobis_patch;0.5;mahalanobis_patch;10;10;10;5;392;79;19;60;3;5;95;0.7956;0.9356;0.8788;0.4833;0.5667;-0.1123;0.4208;0.9200;1;0.8000;0.8000;;;5.63
2026-02-17T21:02:08.072767;mvtec_AD/wood;cont_50pct_oracle_patch;0.5;oracle_patch;10;10;5;5;3920;79;19;60;3;5;95;0.8974;0.9688;0.9023;0.6667;0.7167;-0.0105;0.9457;0.9200;1;0.8000;0.8000;;;1.95
2026-02-17T21:02:14.350416;mvtec_AD/wood;cont_50pct_ensemble_loo_mahal;0.5;ensemble_loo_mahal;10;10;10;5;392;79;19;60;3;5;95;0.8088;0.9405;0.8788;0.5333;0.5667;-0.0991;0.4887;0.9200;1;0.8000;0.8000;;;5.28
2026-02-17T21:02:19.369746;mvtec_AD/wood;cont_50pct_cosine_loo;0.5;cosine_loo;10;10;10;5;392;79;19;60;3;5;95;0.7921;0.9353;0.8788;0.5167;0.5667;-0.1158;0.4027;0.9200;1;0.8000;0.8000;;;5.01
2026-02-17T21:02:23.589225;mvtec_AD/wood;cont_0pct_none;0.0;none;10;10;10;0;0;79;19;60;4;5;95;0.9053;0.9701;0.9206;0.6667;0.7000;;;;;;;;;4.02
2026-02-17T21:02:28.370090;mvtec_AD/wood;cont_0pct_loo_patch;0.0;loo_patch;10;10;10;0;392;79;19;60;4;5;95;0.9018;0.9691;0.9120;0.6500;0.7000;-0.0035;;;;;;;;4.78
2026-02-17T21:02:32.171044;mvtec_AD/wood;cont_0pct_random_patch;0.0;random_patch;10;10;10;0;392;79;19;60;4;5;95;0.9053;0.9702;0.9206;0.6667;0.7000;0.0000;;;;;;;;3.65
2026-02-17T21:02:38.305888;mvtec_AD/wood;cont_0pct_mahalanobis_patch;0.0;mahalanobis_patch;10;10;10;0;392;79;19;60;4;5;95;0.9140;0.9726;0.9280;0.6500;0.7000;0.0088;;;;;;;;6.13
2026-02-17T21:02:38.319434;mvtec_AD/wood;cont_0pct_oracle_patch;0.0;oracle_patch;10;10;10;0;0;79;19;60;4;5;95;0.9053;0.9701;0.9206;0.6667;0.7000;0.0000;;;;;;;;0.01
2026-02-17T21:02:43.722888;mvtec_AD/wood;cont_0pct_ensemble_loo_mahal;0.0;ensemble_loo_mahal;10;10;10;0;392;79;19;60;4;5;95;0.9132;0.9725;0.9280;0.6500;0.7000;0.0079;;;;;;;;5.30
2026-02-17T21:02:48.582489;mvtec_AD/wood;cont_0pct_cosine_loo;0.0;cosine_loo;10;10;10;0;392;79;19;60;4;5;95;0.9044;0.9698;0.9194;0.6500;0.7000;-0.0009;;;;;;;;4.86
2026-02-17T21:02:52.607182;mvtec_AD/wood;cont_5pct_none;0.05;none;10;10;10;0;0;79;19;60;4;5;95;0.9053;0.9701;0.9206;0.6667;0.7000;0.0000;;;;;;;;4.01
2026-02-17T21:02:57.275857;mvtec_AD/wood;cont_5pct_loo_patch;0.05;loo_patch;10;10;10;0;392;79;19;60;4;5;95;0.9018;0.9691;0.9120;0.6500;0.7000;-0.0035;1.0000;;;;;;;4.55
2026-02-17T21:03:00.852353;mvtec_AD/wood;cont_5pct_random_patch;0.05;random_patch;10;10;10;0;392;79;19;60;4;5;95;0.9053;0.9702;0.9206;0.6667;0.7000;0.0000;1.0000;;;;;;;3.57
2026-02-17T21:03:07.325777;mvtec_AD/wood;cont_5pct_mahalanobis_patch;0.05;mahalanobis_patch;10;10;10;0;392;79;19;60;4;5;95;0.9140;0.9726;0.9280;0.6500;0.7000;0.0088;1.0000;;;;;;;6.47
2026-02-17T21:03:07.339932;mvtec_AD/wood;cont_5pct_oracle_patch;0.05;oracle_patch;10;10;10;0;0;79;19;60;4;5;95;0.9053;0.9701;0.9206;0.6667;0.7000;0.0000;1.0000;;;;;;;0.01
2026-02-17T21:03:13.562403;mvtec_AD/wood;cont_5pct_ensemble_loo_mahal;0.05;ensemble_loo_mahal;10;10;10;0;392;79;19;60;4;5;95;0.9132;0.9725;0.9280;0.6500;0.7000;0.0079;1.0000;;;;;;;5.83
2026-02-17T21:03:18.382776;mvtec_AD/wood;cont_5pct_cosine_loo;0.05;cosine_loo;10;10;10;0;392;79;19;60;4;5;95;0.9044;0.9698;0.9194;0.6500;0.7000;-0.0009;1.0000;;;;;;;4.82
2026-02-17T21:03:22.477316;mvtec_AD/wood;cont_40pct_none;0.4;none;10;10;10;4;0;79;19;60;4;5;95;0.7789;0.9300;0.8633;0.4333;0.5833;-0.1263;;;;;;;;3.83
2026-02-17T21:03:27.352875;mvtec_AD/wood;cont_40pct_loo_patch;0.4;loo_patch;10;10;10;4;392;79;19;60;4;5;95;0.8500;0.9523;0.8872;0.5333;0.6500;-0.0553;0.5625;0.5000;1;0.5000;0.5000;;;4.87
2026-02-17T21:03:30.385444;mvtec_AD/wood;cont_40pct_random_patch;0.4;random_patch;10;10;10;4;392;79;19;60;4;5;95;0.7833;0.9314;0.8633;0.4500;0.5833;-0.1219;0.0347;0.5000;1;0.5000;0.5000;;;2.84
2026-02-17T21:03:36.496327;mvtec_AD/wood;cont_40pct_mahalanobis_patch;0.4;mahalanobis_patch;10;10;10;4;392;79;19;60;4;5;95;0.8465;0.9512;0.8837;0.5500;0.6333;-0.0588;0.5347;0.5000;1;0.5000;0.5000;;;6.11
2026-02-17T21:03:38.137326;mvtec_AD/wood;cont_40pct_oracle_patch;0.4;oracle_patch;10;10;6;4;3136;79;19;60;4;5;95;0.9167;0.9736;0.9219;0.6667;0.7000;0.0114;1.0903;0.5000;1;0.5000;0.5000;;;1.63
2026-02-17T21:03:44.140843;mvtec_AD/wood;cont_40pct_ensemble_loo_mahal;0.4;ensemble_loo_mahal;10;10;10;4;392;79;19;60;4;5;95;0.8535;0.9537;0.8872;0.5167;0.6500;-0.0518;0.5903;0.5000;1;0.5000;0.5000;;;6.00
2026-02-17T21:03:49.117710;mvtec_AD/wood;cont_40pct_cosine_loo;0.4;cosine_loo;10;10;10;4;392;79;19;60;4;5;95;0.8500;0.9529;0.8806;0.5500;0.6500;-0.0553;0.5625;0.5000;1;0.5000;0.5000;;;4.97
2026-02-17T21:03:52.971597;mvtec_AD/wood;cont_50pct_none;0.5;none;10;10;10;5;0;79;19;60;4;5;95;0.7588;0.9221;0.8633;0.4167;0.5500;-0.1465;;;;;;;;3.70
2026-02-17T21:03:57.329127;mvtec_AD/wood;cont_50pct_loo_patch;0.5;loo_patch;10;10;10;5;392;79;19;60;4;5;95;0.8526;0.9530;0.8955;0.5333;0.6500;-0.0526;0.6407;0.6000;1;0.6000;0.6000;;;4.35
2026-02-17T21:04:00.449247;mvtec_AD/wood;cont_50pct_random_patch;0.5;random_patch;10;10;10;5;392;79;19;60;4;5;95;0.7605;0.9226;0.8633;0.4167;0.5500;-0.1447;0.0120;0.6000;1;0.6000;0.6000;;;3.11
2026-02-17T21:04:06.093299;mvtec_AD/wood;cont_50pct_mahalanobis_patch;0.5;mahalanobis_patch;10;10;10;5;392;79;19;60;4;5;95;0.8386;0.9479;0.8872;0.5333;0.6333;-0.0667;0.5449;0.6000;1;0.6000;0.6000;;;5.64
2026-02-17T21:04:07.937043;mvtec_AD/wood;cont_50pct_oracle_patch;0.5;oracle_patch;10;10;5;5;3920;79;19;60;4;5;95;0.9351;0.9786;0.9375;0.6500;0.7167;0.0298;1.2036;0.6000;1;0.6000;0.6000;;;1.84
2026-02-17T21:04:13.183514;mvtec_AD/wood;cont_50pct_ensemble_loo_mahal;0.5;ensemble_loo_mahal;10;10;10;5;392;79;19;60;4;5;95;0.8500;0.9523;0.8872;0.5000;0.6500;-0.0553;0.6228;0.6000;1;0.6000;0.6000;;;5.24
2026-02-17T21:04:17.700404;mvtec_AD/wood;cont_50pct_cosine_loo;0.5;cosine_loo;10;10;10;5;392;79;19;60;4;5;95;0.8465;0.9508;0.8872;0.5167;0.6333;-0.0588;0.5988;0.6000;1;0.6000;0.6000;;;4.51
2026-02-17T21:04:26.926809;mvtec_AD/zipper;cont_0pct_none;0.0;none;10;10;10;0;0;151;32;119;0;5;95;0.9898;0.9970;0.9835;0.8235;0.9664;;;;;;;;;7.60
2026-02-17T21:04:33.759291;mvtec_AD/zipper;cont_0pct_loo_patch;0.0;loo_patch;10;10;10;0;392;151;32;119;0;5;95;0.9900;0.9971;0.9835;0.8403;0.9664;0.0003;;;;;;;;6.83
2026-02-17T21:04:40.739945;mvtec_AD/zipper;cont_0pct_random_patch;0.0;random_patch;10;10;10;0;392;151;32;119;0;5;95;0.9898;0.9970;0.9835;0.8235;0.9580;0.0000;;;;;;;;6.98
2026-02-17T21:04:50.962184;mvtec_AD/zipper;cont_0pct_mahalanobis_patch;0.0;mahalanobis_patch;10;10;10;0;392;151;32;119;0;5;95;0.9903;0.9972;0.9835;0.8655;0.9664;0.0005;;;;;;;;10.20
2026-02-17T21:04:50.982704;mvtec_AD/zipper;cont_0pct_oracle_patch;0.0;oracle_patch;10;10;10;0;0;151;32;119;0;5;95;0.9898;0.9970;0.9835;0.8235;0.9664;0.0000;;;;;;;;0.02
2026-02-17T21:05:00.958567;mvtec_AD/zipper;cont_0pct_ensemble_loo_mahal;0.0;ensemble_loo_mahal;10;10;10;0;392;151;32;119;0;5;95;0.9898;0.9971;0.9835;0.8487;0.9580;0.0000;;;;;;;;9.66
2026-02-17T21:05:08.305727;mvtec_AD/zipper;cont_0pct_cosine_loo;0.0;cosine_loo;10;10;10;0;392;151;32;119;0;5;95;0.9892;0.9969;0.9835;0.8235;0.9580;-0.0005;;;;;;;;7.34
2026-02-17T21:05:15.354013;mvtec_AD/zipper;cont_5pct_none;0.05;none;10;10;10;0;0;151;32;119;0;5;95;0.9898;0.9970;0.9835;0.8235;0.9664;0.0000;;;;;;;;7.04
2026-02-17T21:05:23.377810;mvtec_AD/zipper;cont_5pct_loo_patch;0.05;loo_patch;10;10;10;0;392;151;32;119;0;5;95;0.9900;0.9971;0.9835;0.8403;0.9664;0.0003;1.0000;;;;;;;8.02
2026-02-17T21:05:30.694005;mvtec_AD/zipper;cont_5pct_random_patch;0.05;random_patch;10;10;10;0;392;151;32;119;0;5;95;0.9898;0.9970;0.9835;0.8235;0.9580;0.0000;1.0000;;;;;;;7.31
2026-02-17T21:05:40.028483;mvtec_AD/zipper;cont_5pct_mahalanobis_patch;0.05;mahalanobis_patch;10;10;10;0;392;151;32;119;0;5;95;0.9903;0.9972;0.9835;0.8655;0.9664;0.0005;1.0000;;;;;;;9.09
2026-02-17T21:05:40.041484;mvtec_AD/zipper;cont_5pct_oracle_patch;0.05;oracle_patch;10;10;10;0;0;151;32;119;0;5;95;0.9898;0.9970;0.9835;0.8235;0.9664;0.0000;1.0000;;;;;;;0.01
2026-02-17T21:05:49.039485;mvtec_AD/zipper;cont_5pct_ensemble_loo_mahal;0.05;ensemble_loo_mahal;10;10;10;0;392;151;32;119;0;5;95;0.9898;0.9971;0.9835;0.8487;0.9580;0.0000;1.0000;;;;;;;8.99
2026-02-17T21:05:57.000205;mvtec_AD/zipper;cont_5pct_cosine_loo;0.05;cosine_loo;10;10;10;0;392;151;32;119;0;5;95;0.9892;0.9969;0.9835;0.8235;0.9580;-0.0005;1.0000;;;;;;;7.96
2026-02-17T21:06:04.562811;mvtec_AD/zipper;cont_40pct_none;0.4;none;10;10;10;4;0;151;32;119;0;5;95;0.9506;0.9881;0.9623;0.7479;0.8908;-0.0391;;;;;;;;7.54
2026-02-17T21:06:12.785887;mvtec_AD/zipper;cont_40pct_loo_patch;0.4;loo_patch;10;10;10;4;392;151;32;119;0;5;95;0.9840;0.9954;0.9794;0.7899;0.9328;-0.0058;0.8523;1.0000;1;1.0000;1.0000;;;8.22
2026-02-17T21:06:19.116041;mvtec_AD/zipper;cont_40pct_random_patch;0.4;random_patch;10;10;10;4;392;151;32;119;0;5;95;0.9514;0.9883;0.9623;0.7479;0.9076;-0.0383;0.0201;1.0000;1;1.0000;1.0000;;;6.23
2026-02-17T21:06:27.692230;mvtec_AD/zipper;cont_40pct_mahalanobis_patch;0.4;mahalanobis_patch;10;10;10;4;392;151;32;119;0;5;95;0.9853;0.9958;0.9794;0.7815;0.9496;-0.0045;0.8859;1.0000;1;1.0000;1.0000;;;8.57
2026-02-17T21:06:32.364315;mvtec_AD/zipper;cont_40pct_oracle_patch;0.4;oracle_patch;10;10;6;4;3136;151;32;119;0;5;95;0.9877;0.9965;0.9794;0.8319;0.9412;-0.0021;0.9463;1.0000;1;1.0000;1.0000;;;4.67
2026-02-17T21:06:41.905958;mvtec_AD/zipper;cont_40pct_ensemble_loo_mahal;0.4;ensemble_loo_mahal;10;10;10;4;392;151;32;119;0;5;95;0.9842;0.9955;0.9794;0.7899;0.9412;-0.0055;0.8591;1.0000;1;1.0000;1.0000;;;9.41
2026-02-17T21:06:49.415834;mvtec_AD/zipper;cont_40pct_cosine_loo;0.4;cosine_loo;10;10;10;4;392;151;32;119;0;5;95;0.9845;0.9955;0.9794;0.7731;0.9496;-0.0053;0.8658;1.0000;1;1.0000;1.0000;;;7.50
2026-02-17T21:06:56.867735;mvtec_AD/zipper;cont_50pct_none;0.5;none;10;10;10;5;0;151;32;119;0;5;95;0.9396;0.9854;0.9580;0.7311;0.8655;-0.0502;;;;;;;;7.43
2026-02-17T21:07:04.249906;mvtec_AD/zipper;cont_50pct_loo_patch;0.5;loo_patch;10;10;10;5;392;151;32;119;0;5;95;0.9816;0.9947;0.9794;0.7731;0.9160;-0.0081;0.8377;1.0000;1;1.0000;1.0000;;;7.38
2026-02-17T21:07:11.201784;mvtec_AD/zipper;cont_50pct_random_patch;0.5;random_patch;10;10;10;5;392;151;32;119;0;5;95;0.9414;0.9859;0.9580;0.7395;0.8824;-0.0483;0.0366;1.0000;1;1.0000;1.0000;;;6.95
2026-02-17T21:07:21.134016;mvtec_AD/zipper;cont_50pct_mahalanobis_patch;0.5;mahalanobis_patch;10;10;10;5;392;151;32;119;0;5;95;0.9816;0.9947;0.9794;0.7647;0.9244;-0.0081;0.8377;1.0000;1;1.0000;1.0000;;;9.39
2026-02-17T21:07:24.265691;mvtec_AD/zipper;cont_50pct_oracle_patch;0.5;oracle_patch;10;10;5;5;3920;151;32;119;0;5;95;0.9853;0.9958;0.9794;0.8403;0.9160;-0.0045;0.9110;1.0000;1;1.0000;1.0000;;;3.13
2026-02-17T21:07:33.458578;mvtec_AD/zipper;cont_50pct_ensemble_loo_mahal;0.5;ensemble_loo_mahal;10;10;10;5;392;151;32;119;0;5;95;0.9814;0.9946;0.9794;0.7647;0.9160;-0.0084;0.8325;1.0000;1;1.0000;1.0000;;;9.19
2026-02-17T21:07:41.563927;mvtec_AD/zipper;cont_50pct_cosine_loo;0.5;cosine_loo;10;10;10;5;392;151;32;119;0;5;95;0.9816;0.9947;0.9794;0.7731;0.9076;-0.0081;0.8377;1.0000;1;1.0000;1.0000;;;8.10
2026-02-17T21:07:49.427773;mvtec_AD/zipper;cont_0pct_none;0.0;none;10;10;10;0;0;151;32;119;1;5;95;0.9919;0.9977;0.9835;0.8739;0.9832;;;;;;;;;7.66
2026-02-17T21:07:57.744252;mvtec_AD/zipper;cont_0pct_loo_patch;0.0;loo_patch;10;10;10;0;392;151;32;119;1;5;95;0.9921;0.9978;0.9833;0.8824;0.9748;0.0003;;;;;;;;8.31
2026-02-17T21:08:04.342151;mvtec_AD/zipper;cont_0pct_random_patch;0.0;random_patch;10;10;10;0;392;151;32;119;1;5;95;0.9919;0.9977;0.9835;0.8739;0.9832;0.0000;;;;;;;;6.49
2026-02-17T21:08:13.027632;mvtec_AD/zipper;cont_0pct_mahalanobis_patch;0.0;mahalanobis_patch;10;10;10;0;392;151;32;119;1;5;95;0.9919;0.9976;0.9874;0.8655;0.9748;0.0000;;;;;;;;8.68
2026-02-17T21:08:13.043153;mvtec_AD/zipper;cont_0pct_oracle_patch;0.0;oracle_patch;10;10;10;0;0;151;32;119;1;5;95;0.9919;0.9977;0.9835;0.8739;0.9832;0.0000;;;;;;;;0.01
2026-02-17T21:08:22.654218;mvtec_AD/zipper;cont_0pct_ensemble_loo_mahal;0.0;ensemble_loo_mahal;10;10;10;0;392;151;32;119;1;5;95;0.9924;0.9978;0.9835;0.8655;0.9748;0.0005;;;;;;;;9.50
2026-02-17T21:08:30.777695;mvtec_AD/zipper;cont_0pct_cosine_loo;0.0;cosine_loo;10;10;10;0;392;151;32;119;1;5;95;0.9921;0.9978;0.9831;0.8739;0.9748;0.0003;;;;;;;;8.12
2026-02-17T21:08:37.610331;mvtec_AD/zipper;cont_5pct_none;0.05;none;10;10;10;0;0;151;32;119;1;5;95;0.9919;0.9977;0.9835;0.8739;0.9832;0.0000;;;;;;;;6.53
2026-02-17T21:08:45.137586;mvtec_AD/zipper;cont_5pct_loo_patch;0.05;loo_patch;10;10;10;0;392;151;32;119;1;5;95;0.9921;0.9978;0.9833;0.8824;0.9748;0.0003;1.0000;;;;;;;7.52
2026-02-17T21:08:52.432666;mvtec_AD/zipper;cont_5pct_random_patch;0.05;random_patch;10;10;10;0;392;151;32;119;1;5;95;0.9919;0.9977;0.9835;0.8739;0.9832;0.0000;1.0000;;;;;;;7.29
2026-02-17T21:09:02.360525;mvtec_AD/zipper;cont_5pct_mahalanobis_patch;0.05;mahalanobis_patch;10;10;10;0;392;151;32;119;1;5;95;0.9919;0.9976;0.9874;0.8655;0.9748;0.0000;1.0000;;;;;;;9.82
2026-02-17T21:09:02.377039;mvtec_AD/zipper;cont_5pct_oracle_patch;0.05;oracle_patch;10;10;10;0;0;151;32;119;1;5;95;0.9919;0.9977;0.9835;0.8739;0.9832;0.0000;1.0000;;;;;;;0.01
2026-02-17T21:09:11.264879;mvtec_AD/zipper;cont_5pct_ensemble_loo_mahal;0.05;ensemble_loo_mahal;10;10;10;0;392;151;32;119;1;5;95;0.9924;0.9978;0.9835;0.8655;0.9748;0.0005;1.0000;;;;;;;8.69
2026-02-17T21:09:18.827193;mvtec_AD/zipper;cont_5pct_cosine_loo;0.05;cosine_loo;10;10;10;0;392;151;32;119;1;5;95;0.9921;0.9978;0.9831;0.8739;0.9748;0.0003;1.0000;;;;;;;7.55
2026-02-17T21:09:26.306141;mvtec_AD/zipper;cont_40pct_none;0.4;none;10;10;10;4;0;151;32;119;1;5;95;0.9559;0.9897;0.9617;0.7983;0.9412;-0.0360;;;;;;;;7.45
2026-02-17T21:09:34.518177;mvtec_AD/zipper;cont_40pct_loo_patch;0.4;loo_patch;10;10;10;4;392;151;32;119;1;5;95;0.9890;0.9969;0.9787;0.8403;0.9664;-0.0029;0.9197;1.0000;1;1.0000;1.0000;;;8.21
2026-02-17T21:09:42.190331;mvtec_AD/zipper;cont_40pct_random_patch;0.4;random_patch;10;10;10;4;392;151;32;119;1;5;95;0.9559;0.9897;0.9617;0.8067;0.9328;-0.0360;0.0000;1.0000;1;1.0000;1.0000;;;7.50
2026-02-17T21:09:51.685729;mvtec_AD/zipper;cont_40pct_mahalanobis_patch;0.4;mahalanobis_patch;10;10;10;4;392;151;32;119;1;5;95;0.9866;0.9963;0.9787;0.8403;0.9664;-0.0053;0.8540;1.0000;1;1.0000;1.0000;;;9.48
2026-02-17T21:09:55.716158;mvtec_AD/zipper;cont_40pct_oracle_patch;0.4;oracle_patch;10;10;6;4;3136;151;32;119;1;5;95;0.9919;0.9977;0.9835;0.8655;0.9664;0.0000;1.0000;1.0000;1;1.0000;1.0000;;;4.03
2026-02-17T21:10:05.480926;mvtec_AD/zipper;cont_40pct_ensemble_loo_mahal;0.4;ensemble_loo_mahal;10;10;10;4;392;151;32;119;1;5;95;0.9890;0.9968;0.9794;0.8403;0.9664;-0.0029;0.9197;1.0000;1;1.0000;1.0000;;;9.76
2026-02-17T21:10:13.816379;mvtec_AD/zipper;cont_40pct_cosine_loo;0.4;cosine_loo;10;10;10;4;392;151;32;119;1;5;95;0.9882;0.9967;0.9754;0.8403;0.9496;-0.0037;0.8978;1.0000;1;1.0000;1.0000;;;8.33
2026-02-17T21:10:21.105131;mvtec_AD/zipper;cont_50pct_none;0.5;none;10;10;10;5;0;151;32;119;1;5;95;0.9477;0.9879;0.9580;0.7983;0.9244;-0.0441;;;;;;;;7.12
2026-02-17T21:10:28.699784;mvtec_AD/zipper;cont_50pct_loo_patch;0.5;loo_patch;10;10;10;5;392;151;32;119;1;5;95;0.9743;0.9938;0.9710;0.8403;0.9496;-0.0176;0.6012;1.0000;1;1.0000;1.0000;;;7.59
2026-02-17T21:10:36.082671;mvtec_AD/zipper;cont_50pct_random_patch;0.5;random_patch;10;10;10;5;392;151;32;119;1;5;95;0.9475;0.9878;0.9580;0.7899;0.9160;-0.0444;-0.0060;1.0000;1;1.0000;1.0000;;;7.38
2026-02-17T21:10:45.517462;mvtec_AD/zipper;cont_50pct_mahalanobis_patch;0.5;mahalanobis_patch;10;10;10;5;392;151;32;119;1;5;95;0.9745;0.9939;0.9744;0.8487;0.9580;-0.0173;0.6071;1.0000;1;1.0000;1.0000;;;9.19
2026-02-17T21:10:49.279711;mvtec_AD/zipper;cont_50pct_oracle_patch;0.5;oracle_patch;10;10;5;5;3920;151;32;119;1;5;95;0.9908;0.9973;0.9835;0.8739;0.9748;-0.0011;0.9762;1.0000;1;1.0000;1.0000;;;3.76
2026-02-17T21:10:58.116378;mvtec_AD/zipper;cont_50pct_ensemble_loo_mahal;0.5;ensemble_loo_mahal;10;10;10;5;392;151;32;119;1;5;95;0.9824;0.9956;0.9752;0.8403;0.9580;-0.0095;0.7857;1.0000;1;1.0000;1.0000;;;8.66
2026-02-17T21:11:06.086637;mvtec_AD/zipper;cont_50pct_cosine_loo;0.5;cosine_loo;10;10;10;5;392;151;32;119;1;5;95;0.9884;0.9968;0.9752;0.8403;0.9496;-0.0034;0.9226;1.0000;1;1.0000;1.0000;;;7.97
2026-02-17T21:11:13.663625;mvtec_AD/zipper;cont_0pct_none;0.0;none;10;10;10;0;0;151;32;119;2;5;95;0.9842;0.9954;0.9794;0.7647;0.9328;;;;;;;;;7.42
2026-02-17T21:11:21.768092;mvtec_AD/zipper;cont_0pct_loo_patch;0.0;loo_patch;10;10;10;0;392;151;32;119;2;5;95;0.9832;0.9952;0.9794;0.7899;0.9160;-0.0011;;;;;;;;8.10
2026-02-17T21:11:28.701481;mvtec_AD/zipper;cont_0pct_random_patch;0.0;random_patch;10;10;10;0;392;151;32;119;2;5;95;0.9850;0.9956;0.9794;0.7731;0.9412;0.0008;;;;;;;;6.58
2026-02-17T21:11:37.564407;mvtec_AD/zipper;cont_0pct_mahalanobis_patch;0.0;mahalanobis_patch;10;10;10;0;392;151;32;119;2;5;95;0.9842;0.9955;0.9794;0.7731;0.9244;0.0000;;;;;;;;8.86
2026-02-17T21:11:37.580411;mvtec_AD/zipper;cont_0pct_oracle_patch;0.0;oracle_patch;10;10;10;0;0;151;32;119;2;5;95;0.9842;0.9954;0.9794;0.7647;0.9328;0.0000;;;;;;;;0.01
2026-02-17T21:11:47.189100;mvtec_AD/zipper;cont_0pct_ensemble_loo_mahal;0.0;ensemble_loo_mahal;10;10;10;0;392;151;32;119;2;5;95;0.9840;0.9954;0.9794;0.7899;0.9244;-0.0003;;;;;;;;9.60
2026-02-17T21:11:55.333934;mvtec_AD/zipper;cont_0pct_cosine_loo;0.0;cosine_loo;10;10;10;0;392;151;32;119;2;5;95;0.9824;0.9949;0.9794;0.7647;0.9244;-0.0018;;;;;;;;8.14
2026-02-17T21:12:02.586836;mvtec_AD/zipper;cont_5pct_none;0.05;none;10;10;10;0;0;151;32;119;2;5;95;0.9842;0.9954;0.9794;0.7647;0.9328;0.0000;;;;;;;;7.24
2026-02-17T21:12:10.785757;mvtec_AD/zipper;cont_5pct_loo_patch;0.05;loo_patch;10;10;10;0;392;151;32;119;2;5;95;0.9832;0.9952;0.9794;0.7899;0.9160;-0.0011;1.0000;;;;;;;8.19
2026-02-17T21:12:17.228206;mvtec_AD/zipper;cont_5pct_random_patch;0.05;random_patch;10;10;10;0;392;151;32;119;2;5;95;0.9850;0.9956;0.9794;0.7731;0.9412;0.0008;1.0000;;;;;;;6.44
2026-02-17T21:12:26.753265;mvtec_AD/zipper;cont_5pct_mahalanobis_patch;0.05;mahalanobis_patch;10;10;10;0;392;151;32;119;2;5;95;0.9842;0.9955;0.9794;0.7731;0.9244;0.0000;1.0000;;;;;;;9.52
2026-02-17T21:12:26.769336;mvtec_AD/zipper;cont_5pct_oracle_patch;0.05;oracle_patch;10;10;10;0;0;151;32;119;2;5;95;0.9842;0.9954;0.9794;0.7647;0.9328;0.0000;1.0000;;;;;;;0.01
2026-02-17T21:12:36.257975;mvtec_AD/zipper;cont_5pct_ensemble_loo_mahal;0.05;ensemble_loo_mahal;10;10;10;0;392;151;32;119;2;5;95;0.9840;0.9954;0.9794;0.7899;0.9244;-0.0003;1.0000;;;;;;;9.41
2026-02-17T21:12:43.740765;mvtec_AD/zipper;cont_5pct_cosine_loo;0.05;cosine_loo;10;10;10;0;392;151;32;119;2;5;95;0.9824;0.9949;0.9794;0.7647;0.9244;-0.0018;1.0000;;;;;;;7.48
2026-02-17T21:12:50.437845;mvtec_AD/zipper;cont_40pct_none;0.4;none;10;10;10;4;0;151;32;119;2;5;95;0.9540;0.9891;0.9623;0.7731;0.9076;-0.0302;;;;;;;;6.67
2026-02-17T21:12:57.508098;mvtec_AD/zipper;cont_40pct_loo_patch;0.4;loo_patch;10;10;10;4;392;151;32;119;2;5;95;0.9795;0.9947;0.9752;0.8151;0.9412;-0.0047;0.8435;1.0000;1;1.0000;1.0000;;;7.06
2026-02-17T21:13:04.498519;mvtec_AD/zipper;cont_40pct_random_patch;0.4;random_patch;10;10;10;4;392;151;32;119;2;5;95;0.9538;0.9890;0.9623;0.7731;0.9160;-0.0305;-0.0087;1.0000;1;1.0000;1.0000;;;6.99
2026-02-17T21:13:13.632482;mvtec_AD/zipper;cont_40pct_mahalanobis_patch;0.4;mahalanobis_patch;10;10;10;4;392;151;32;119;2;5;95;0.9782;0.9944;0.9752;0.7983;0.9328;-0.0060;0.8000;1.0000;1;1.0000;1.0000;;;9.13
2026-02-17T21:13:17.816158;mvtec_AD/zipper;cont_40pct_oracle_patch;0.4;oracle_patch;10;10;6;4;3136;151;32;119;2;5;95;0.9842;0.9954;0.9794;0.7899;0.9328;0.0000;1.0000;1.0000;1;1.0000;1.0000;;;4.18
2026-02-17T21:13:26.354718;mvtec_AD/zipper;cont_40pct_ensemble_loo_mahal;0.4;ensemble_loo_mahal;10;10;10;4;392;151;32;119;2;5;95;0.9782;0.9943;0.9752;0.7815;0.9328;-0.0060;0.8000;1.0000;1;1.0000;1.0000;;;8.53
2026-02-17T21:13:34.951717;mvtec_AD/zipper;cont_40pct_cosine_loo;0.4;cosine_loo;10;10;10;4;392;151;32;119;2;5;95;0.9785;0.9944;0.9752;0.7815;0.9328;-0.0058;0.8087;1.0000;1;1.0000;1.0000;;;8.59
2026-02-17T21:13:42.719787;mvtec_AD/zipper;cont_50pct_none;0.5;none;10;10;10;5;0;151;32;119;2;5;95;0.9454;0.9872;0.9569;0.7479;0.9244;-0.0389;;;;;;;;7.33
2026-02-17T21:13:49.807769;mvtec_AD/zipper;cont_50pct_loo_patch;0.5;loo_patch;10;10;10;5;392;151;32;119;2;5;95;0.9790;0.9946;0.9746;0.7983;0.9412;-0.0053;0.8649;1.0000;1;1.0000;1.0000;;;7.08
2026-02-17T21:13:57.179409;mvtec_AD/zipper;cont_50pct_random_patch;0.5;random_patch;10;10;10;5;392;151;32;119;2;5;95;0.9451;0.9871;0.9569;0.7563;0.9076;-0.0391;-0.0068;1.0000;1;1.0000;1.0000;;;7.37
2026-02-17T21:14:07.005063;mvtec_AD/zipper;cont_50pct_mahalanobis_patch;0.5;mahalanobis_patch;10;10;10;5;392;151;32;119;2;5;95;0.9787;0.9945;0.9746;0.7815;0.9328;-0.0055;0.8581;1.0000;1;1.0000;1.0000;;;9.82
2026-02-17T21:14:10.789040;mvtec_AD/zipper;cont_50pct_oracle_patch;0.5;oracle_patch;10;10;5;5;3920;151;32;119;2;5;95;0.9837;0.9953;0.9793;0.7815;0.9328;-0.0005;0.9865;1.0000;1;1.0000;1.0000;;;3.78
2026-02-17T21:14:20.334086;mvtec_AD/zipper;cont_50pct_ensemble_loo_mahal;0.5;ensemble_loo_mahal;10;10;10;5;392;151;32;119;2;5;95;0.9793;0.9947;0.9746;0.7815;0.9328;-0.0050;0.8716;1.0000;1;1.0000;1.0000;;;9.06
2026-02-17T21:14:28.308838;mvtec_AD/zipper;cont_50pct_cosine_loo;0.5;cosine_loo;10;10;10;5;392;151;32;119;2;5;95;0.9777;0.9942;0.9746;0.7815;0.9412;-0.0066;0.8311;1.0000;1;1.0000;1.0000;;;7.97
2026-02-17T21:14:35.341361;mvtec_AD/zipper;cont_0pct_none;0.0;none;10;10;10;0;0;151;32;119;3;5;95;0.9929;0.9981;0.9835;0.8908;0.9580;;;;;;;;;6.87
2026-02-17T21:14:43.654413;mvtec_AD/zipper;cont_0pct_loo_patch;0.0;loo_patch;10;10;10;0;392;151;32;119;3;5;95;0.9895;0.9971;0.9794;0.8739;0.9496;-0.0034;;;;;;;;8.31
2026-02-17T21:14:50.776929;mvtec_AD/zipper;cont_0pct_random_patch;0.0;random_patch;10;10;10;0;392;151;32;119;3;5;95;0.9926;0.9979;0.9835;0.8992;0.9664;-0.0003;;;;;;;;7.12
2026-02-17T21:14:59.762331;mvtec_AD/zipper;cont_0pct_mahalanobis_patch;0.0;mahalanobis_patch;10;10;10;0;392;151;32;119;3;5;95;0.9911;0.9976;0.9794;0.8739;0.9496;-0.0018;;;;;;;;8.82
2026-02-17T21:14:59.780741;mvtec_AD/zipper;cont_0pct_oracle_patch;0.0;oracle_patch;10;10;10;0;0;151;32;119;3;5;95;0.9929;0.9981;0.9835;0.8908;0.9580;0.0000;;;;;;;;0.01
2026-02-17T21:15:08.401800;mvtec_AD/zipper;cont_0pct_ensemble_loo_mahal;0.0;ensemble_loo_mahal;10;10;10;0;392;151;32;119;3;5;95;0.9863;0.9961;0.9794;0.8067;0.9496;-0.0066;;;;;;;;8.54
2026-02-17T21:15:17.114990;mvtec_AD/zipper;cont_0pct_cosine_loo;0.0;cosine_loo;10;10;10;0;392;151;32;119;3;5;95;0.9892;0.9971;0.9794;0.8739;0.9412;-0.0037;;;;;;;;8.71
2026-02-17T21:15:25.183512;mvtec_AD/zipper;cont_5pct_none;0.05;none;10;10;10;0;0;151;32;119;3;5;95;0.9929;0.9981;0.9835;0.8908;0.9580;0.0000;;;;;;;;7.89
2026-02-17T21:15:32.610600;mvtec_AD/zipper;cont_5pct_loo_patch;0.05;loo_patch;10;10;10;0;392;151;32;119;3;5;95;0.9895;0.9971;0.9794;0.8739;0.9496;-0.0034;1.0000;;;;;;;7.42
2026-02-17T21:15:38.988010;mvtec_AD/zipper;cont_5pct_random_patch;0.05;random_patch;10;10;10;0;392;151;32;119;3;5;95;0.9926;0.9979;0.9835;0.8992;0.9664;-0.0003;1.0000;;;;;;;6.37
2026-02-17T21:15:48.357879;mvtec_AD/zipper;cont_5pct_mahalanobis_patch;0.05;mahalanobis_patch;10;10;10;0;392;151;32;119;3;5;95;0.9911;0.9976;0.9794;0.8739;0.9496;-0.0018;1.0000;;;;;;;9.37
2026-02-17T21:15:48.376891;mvtec_AD/zipper;cont_5pct_oracle_patch;0.05;oracle_patch;10;10;10;0;0;151;32;119;3;5;95;0.9929;0.9981;0.9835;0.8908;0.9580;0.0000;1.0000;;;;;;;0.01
2026-02-17T21:15:58.000820;mvtec_AD/zipper;cont_5pct_ensemble_loo_mahal;0.05;ensemble_loo_mahal;10;10;10;0;392;151;32;119;3;5;95;0.9863;0.9961;0.9794;0.8067;0.9496;-0.0066;1.0000;;;;;;;9.25
2026-02-17T21:16:05.306541;mvtec_AD/zipper;cont_5pct_cosine_loo;0.05;cosine_loo;10;10;10;0;392;151;32;119;3;5;95;0.9892;0.9971;0.9794;0.8739;0.9412;-0.0037;1.0000;;;;;;;7.30
2026-02-17T21:16:11.915168;mvtec_AD/zipper;cont_40pct_none;0.4;none;10;10;10;4;0;151;32;119;3;5;95;0.9627;0.9914;0.9705;0.8655;0.9244;-0.0302;;;;;;;;6.58
2026-02-17T21:16:20.069686;mvtec_AD/zipper;cont_40pct_loo_patch;0.4;loo_patch;10;10;10;4;392;151;32;119;3;5;95;0.9806;0.9951;0.9752;0.8487;0.9412;-0.0123;0.5913;1.0000;1;1.0000;1.0000;;;8.15
2026-02-17T21:16:27.332370;mvtec_AD/zipper;cont_40pct_random_patch;0.4;random_patch;10;10;10;4;392;151;32;119;3;5;95;0.9635;0.9915;0.9664;0.8487;0.9244;-0.0294;0.0261;1.0000;1;1.0000;1.0000;;;7.26
2026-02-17T21:16:36.189807;mvtec_AD/zipper;cont_40pct_mahalanobis_patch;0.4;mahalanobis_patch;10;10;10;4;392;151;32;119;3;5;95;0.9824;0.9956;0.9752;0.8655;0.9496;-0.0105;0.6522;1.0000;1;1.0000;1.0000;;;8.75
2026-02-17T21:16:40.944195;mvtec_AD/zipper;cont_40pct_oracle_patch;0.4;oracle_patch;10;10;6;4;3136;151;32;119;3;5;95;0.9919;0.9977;0.9835;0.8908;0.9580;-0.0011;0.9652;1.0000;1;1.0000;1.0000;;;4.75
2026-02-17T21:16:49.644434;mvtec_AD/zipper;cont_40pct_ensemble_loo_mahal;0.4;ensemble_loo_mahal;10;10;10;4;392;151;32;119;3;5;95;0.9816;0.9954;0.9752;0.8403;0.9496;-0.0113;0.6261;1.0000;1;1.0000;1.0000;;;8.70
2026-02-17T21:16:57.810818;mvtec_AD/zipper;cont_40pct_cosine_loo;0.4;cosine_loo;10;10;10;4;392;151;32;119;3;5;95;0.9808;0.9952;0.9752;0.8403;0.9328;-0.0121;0.6000;1.0000;1;1.0000;1.0000;;;8.16
2026-02-17T21:17:05.352853;mvtec_AD/zipper;cont_50pct_none;0.5;none;10;10;10;5;0;151;32;119;3;5;95;0.9517;0.9890;0.9620;0.8403;0.9160;-0.0412;;;;;;;;7.41
2026-02-17T21:17:12.607803;mvtec_AD/zipper;cont_50pct_loo_patch;0.5;loo_patch;10;10;10;5;392;151;32;119;3;5;95;0.9819;0.9954;0.9793;0.8319;0.9496;-0.0110;0.7325;1.0000;1;1.0000;1.0000;;;7.25
2026-02-17T21:17:18.801332;mvtec_AD/zipper;cont_50pct_random_patch;0.5;random_patch;10;10;10;5;392;151;32;119;3;5;95;0.9551;0.9896;0.9620;0.8319;0.9076;-0.0378;0.0828;1.0000;1;1.0000;1.0000;;;6.19
2026-02-17T21:17:28.453396;mvtec_AD/zipper;cont_50pct_mahalanobis_patch;0.5;mahalanobis_patch;10;10;10;5;392;151;32;119;3;5;95;0.9819;0.9954;0.9752;0.8319;0.9412;-0.0110;0.7325;1.0000;1;1.0000;1.0000;;;9.65
2026-02-17T21:17:32.042068;mvtec_AD/zipper;cont_50pct_oracle_patch;0.5;oracle_patch;10;10;5;5;3920;151;32;119;3;5;95;0.9929;0.9981;0.9835;0.8992;0.9580;0.0000;1.0000;1.0000;1;1.0000;1.0000;;;3.58
2026-02-17T21:17:40.343668;mvtec_AD/zipper;cont_50pct_ensemble_loo_mahal;0.5;ensemble_loo_mahal;10;10;10;5;392;151;32;119;3;5;95;0.9814;0.9953;0.9752;0.8235;0.9412;-0.0116;0.7197;1.0000;1;1.0000;1.0000;;;8.30
2026-02-17T21:17:47.808047;mvtec_AD/zipper;cont_50pct_cosine_loo;0.5;cosine_loo;10;10;10;5;392;151;32;119;3;5;95;0.9824;0.9956;0.9793;0.8571;0.9496;-0.0105;0.7452;1.0000;1;1.0000;1.0000;;;7.46
2026-02-17T21:17:55.232846;mvtec_AD/zipper;cont_0pct_none;0.0;none;10;10;10;0;0;151;32;119;4;5;95;0.9887;0.9968;0.9794;0.8319;0.9412;;;;;;;;;7.28
2026-02-17T21:18:03.358913;mvtec_AD/zipper;cont_0pct_loo_patch;0.0;loo_patch;10;10;10;0;392;151;32;119;4;5;95;0.9856;0.9958;0.9794;0.8067;0.9328;-0.0032;;;;;;;;8.12
2026-02-17T21:18:10.364312;mvtec_AD/zipper;cont_0pct_random_patch;0.0;random_patch;10;10;10;0;392;151;32;119;4;5;95;0.9892;0.9970;0.9794;0.8319;0.9412;0.0005;;;;;;;;7.00
2026-02-17T21:18:19.598153;mvtec_AD/zipper;cont_0pct_mahalanobis_patch;0.0;mahalanobis_patch;10;10;10;0;392;151;32;119;4;5;95;0.9866;0.9962;0.9794;0.7983;0.9244;-0.0021;;;;;;;;8.93
2026-02-17T21:18:19.614515;mvtec_AD/zipper;cont_0pct_oracle_patch;0.0;oracle_patch;10;10;10;0;0;151;32;119;4;5;95;0.9887;0.9968;0.9794;0.8319;0.9412;0.0000;;;;;;;;0.01
2026-02-17T21:18:28.331893;mvtec_AD/zipper;cont_0pct_ensemble_loo_mahal;0.0;ensemble_loo_mahal;10;10;10;0;392;151;32;119;4;5;95;0.9858;0.9959;0.9794;0.7983;0.9328;-0.0029;;;;;;;;8.62
2026-02-17T21:18:36.326168;mvtec_AD/zipper;cont_0pct_cosine_loo;0.0;cosine_loo;10;10;10;0;392;151;32;119;4;5;95;0.9853;0.9957;0.9754;0.8067;0.9328;-0.0034;;;;;;;;7.99
2026-02-17T21:18:43.737487;mvtec_AD/zipper;cont_5pct_none;0.05;none;10;10;10;0;0;151;32;119;4;5;95;0.9887;0.9968;0.9794;0.8319;0.9412;0.0000;;;;;;;;7.40
2026-02-17T21:18:51.172323;mvtec_AD/zipper;cont_5pct_loo_patch;0.05;loo_patch;10;10;10;0;392;151;32;119;4;5;95;0.9856;0.9958;0.9794;0.8067;0.9328;-0.0032;1.0000;;;;;;;7.43
2026-02-17T21:18:57.393906;mvtec_AD/zipper;cont_5pct_random_patch;0.05;random_patch;10;10;10;0;392;151;32;119;4;5;95;0.9892;0.9970;0.9794;0.8319;0.9412;0.0005;1.0000;;;;;;;6.22
2026-02-17T21:19:06.788605;mvtec_AD/zipper;cont_5pct_mahalanobis_patch;0.05;mahalanobis_patch;10;10;10;0;392;151;32;119;4;5;95;0.9866;0.9962;0.9794;0.7983;0.9244;-0.0021;1.0000;;;;;;;9.39
2026-02-17T21:19:06.804605;mvtec_AD/zipper;cont_5pct_oracle_patch;0.05;oracle_patch;10;10;10;0;0;151;32;119;4;5;95;0.9887;0.9968;0.9794;0.8319;0.9412;0.0000;1.0000;;;;;;;0.01
2026-02-17T21:19:16.404184;mvtec_AD/zipper;cont_5pct_ensemble_loo_mahal;0.05;ensemble_loo_mahal;10;10;10;0;392;151;32;119;4;5;95;0.9858;0.9959;0.9794;0.7983;0.9328;-0.0029;1.0000;;;;;;;9.52
2026-02-17T21:19:24.041885;mvtec_AD/zipper;cont_5pct_cosine_loo;0.05;cosine_loo;10;10;10;0;392;151;32;119;4;5;95;0.9853;0.9957;0.9754;0.8067;0.9328;-0.0034;1.0000;;;;;;;7.63
2026-02-17T21:19:30.482510;mvtec_AD/zipper;cont_40pct_none;0.4;none;10;10;10;4;0;151;32;119;4;5;95;0.9462;0.9866;0.9532;0.7143;0.8655;-0.0425;;;;;;;;6.42
2026-02-17T21:19:38.731426;mvtec_AD/zipper;cont_40pct_loo_patch;0.4;loo_patch;10;10;10;4;392;151;32;119;4;5;95;0.9814;0.9945;0.9748;0.7395;0.9076;-0.0074;0.8272;1.0000;1;1.0000;1.0000;;;8.24
2026-02-17T21:19:45.883235;mvtec_AD/zipper;cont_40pct_random_patch;0.4;random_patch;10;10;10;4;392;151;32;119;4;5;95;0.9467;0.9868;0.9573;0.7227;0.8571;-0.0420;0.0123;1.0000;1;1.0000;1.0000;;;7.05
2026-02-17T21:19:54.345418;mvtec_AD/zipper;cont_40pct_mahalanobis_patch;0.4;mahalanobis_patch;10;10;10;4;392;151;32;119;4;5;95;0.9808;0.9943;0.9748;0.7479;0.9160;-0.0079;0.8148;1.0000;1;1.0000;1.0000;;;8.46
2026-02-17T21:19:58.728089;mvtec_AD/zipper;cont_40pct_oracle_patch;0.4;oracle_patch;10;10;6;4;3136;151;32;119;4;5;95;0.9837;0.9952;0.9752;0.7899;0.9328;-0.0050;0.8827;1.0000;1;1.0000;1.0000;;;4.38
2026-02-17T21:20:08.252309;mvtec_AD/zipper;cont_40pct_ensemble_loo_mahal;0.4;ensemble_loo_mahal;10;10;10;4;392;151;32;119;4;5;95;0.9819;0.9947;0.9748;0.7395;0.9160;-0.0068;0.8395;1.0000;1;1.0000;1.0000;;;9.52
2026-02-17T21:20:15.946686;mvtec_AD/zipper;cont_40pct_cosine_loo;0.4;cosine_loo;10;10;10;4;392;151;32;119;4;5;95;0.9803;0.9942;0.9707;0.7563;0.9076;-0.0084;0.8025;1.0000;1;1.0000;1.0000;;;7.69
2026-02-17T21:20:23.243544;mvtec_AD/zipper;cont_50pct_none;0.5;none;10;10;10;5;0;151;32;119;4;5;95;0.9393;0.9852;0.9492;0.7143;0.8655;-0.0494;;;;;;;;7.27
2026-02-17T21:20:30.634598;mvtec_AD/zipper;cont_50pct_loo_patch;0.5;loo_patch;10;10;10;5;392;151;32;119;4;5;95;0.9816;0.9945;0.9748;0.7227;0.9244;-0.0071;0.8564;1.0000;1;1.0000;1.0000;;;7.39
2026-02-17T21:20:37.078338;mvtec_AD/zipper;cont_50pct_random_patch;0.5;random_patch;10;10;10;5;392;151;32;119;4;5;95;0.9386;0.9849;0.9492;0.7143;0.8739;-0.0502;-0.0160;1.0000;1;1.0000;1.0000;;;6.44
2026-02-17T21:20:46.790032;mvtec_AD/zipper;cont_50pct_mahalanobis_patch;0.5;mahalanobis_patch;10;10;10;5;392;151;32;119;4;5;95;0.9787;0.9936;0.9748;0.7059;0.8908;-0.0100;0.7979;1.0000;1;1.0000;1.0000;;;9.70
2026-02-17T21:20:50.554927;mvtec_AD/zipper;cont_50pct_oracle_patch;0.5;oracle_patch;10;10;5;5;3920;151;32;119;4;5;95;0.9840;0.9953;0.9752;0.7815;0.9328;-0.0047;0.9043;1.0000;1;1.0000;1.0000;;;3.76
2026-02-17T21:20:59.733555;mvtec_AD/zipper;cont_50pct_ensemble_loo_mahal;0.5;ensemble_loo_mahal;10;10;10;5;392;151;32;119;4;5;95;0.9803;0.9941;0.9748;0.7227;0.9244;-0.0084;0.8298;1.0000;1;1.0000;1.0000;;;8.78
2026-02-17T21:21:07.297533;mvtec_AD/zipper;cont_50pct_cosine_loo;0.5;cosine_loo;10;10;10;5;392;151;32;119;4;5;95;0.9803;0.9941;0.9712;0.7395;0.9244;-0.0084;0.8298;1.0000;1;1.0000;1.0000;;;7.56
2026-02-17T21:21:20.120365;VisA/candle;cont_0pct_none;0.0;none;10;10;10;0;0;200;100;100;0;5;95;0.8974;0.8860;0.8447;0.0900;0.6500;;;;;;;;;8.88
2026-02-17T21:21:30.922802;VisA/candle;cont_0pct_loo_patch;0.0;loo_patch;10;10;10;0;392;200;100;100;0;5;95;0.9001;0.8941;0.8341;0.1200;0.6500;0.0027;;;;;;;;10.80
2026-02-17T21:21:39.616189;VisA/candle;cont_0pct_random_patch;0.0;random_patch;10;10;10;0;392;200;100;100;0;5;95;0.8999;0.8899;0.8476;0.0900;0.5900;0.0025;;;;;;;;8.69
2026-02-17T21:21:51.003546;VisA/candle;cont_0pct_mahalanobis_patch;0.0;mahalanobis_patch;10;10;10;0;392;200;100;100;0;5;95;0.8999;0.8901;0.8519;0.1000;0.6800;0.0025;;;;;;;;11.38
2026-02-17T21:21:51.020376;VisA/candle;cont_0pct_oracle_patch;0.0;oracle_patch;10;10;10;0;0;200;100;100;0;5;95;0.8974;0.8860;0.8447;0.0900;0.6500;0.0000;;;;;;;;0.01
2026-02-17T21:22:03.101531;VisA/candle;cont_0pct_ensemble_loo_mahal;0.0;ensemble_loo_mahal;10;10;10;0;392;200;100;100;0;5;95;0.9007;0.8866;0.8364;0.1100;0.6700;0.0033;;;;;;;;12.00
2026-02-17T21:22:13.159585;VisA/candle;cont_0pct_cosine_loo;0.0;cosine_loo;10;10;10;0;392;200;100;100;0;5;95;0.9028;0.8951;0.8436;0.1000;0.6700;0.0054;;;;;;;;10.05
2026-02-17T21:22:22.351181;VisA/candle;cont_5pct_none;0.05;none;10;10;10;0;0;200;100;100;0;5;95;0.8974;0.8860;0.8447;0.0900;0.6500;0.0000;;;;;;;;9.17
2026-02-17T21:22:33.158265;VisA/candle;cont_5pct_loo_patch;0.05;loo_patch;10;10;10;0;392;200;100;100;0;5;95;0.9001;0.8941;0.8341;0.1200;0.6500;0.0027;1.0000;;;;;;;10.80
2026-02-17T21:22:42.526045;VisA/candle;cont_5pct_random_patch;0.05;random_patch;10;10;10;0;392;200;100;100;0;5;95;0.8999;0.8899;0.8476;0.0900;0.5900;0.0025;1.0000;;;;;;;9.36
2026-02-17T21:22:53.886891;VisA/candle;cont_5pct_mahalanobis_patch;0.05;mahalanobis_patch;10;10;10;0;392;200;100;100;0;5;95;0.8999;0.8901;0.8519;0.1000;0.6800;0.0025;1.0000;;;;;;;11.36
2026-02-17T21:22:53.904891;VisA/candle;cont_5pct_oracle_patch;0.05;oracle_patch;10;10;10;0;0;200;100;100;0;5;95;0.8974;0.8860;0.8447;0.0900;0.6500;0.0000;1.0000;;;;;;;0.01
2026-02-17T21:23:04.934817;VisA/candle;cont_5pct_ensemble_loo_mahal;0.05;ensemble_loo_mahal;10;10;10;0;392;200;100;100;0;5;95;0.9007;0.8866;0.8364;0.1100;0.6700;0.0033;1.0000;;;;;;;10.90
2026-02-17T21:23:15.697671;VisA/candle;cont_5pct_cosine_loo;0.05;cosine_loo;10;10;10;0;392;200;100;100;0;5;95;0.9028;0.8951;0.8436;0.1000;0.6700;0.0054;1.0000;;;;;;;10.76
2026-02-17T21:23:24.989314;VisA/candle;cont_40pct_none;0.4;none;10;10;10;4;0;200;100;100;0;5;95;0.8142;0.8326;0.7783;0.1100;0.4500;-0.0832;;;;;;;;9.27
2026-02-17T21:23:34.558983;VisA/candle;cont_40pct_loo_patch;0.4;loo_patch;10;10;10;4;392;200;100;100;0;5;95;0.8524;0.8510;0.7979;0.0800;0.5600;-0.0450;0.4591;1.0000;1;1.0000;1.0000;;;9.57
2026-02-17T21:23:44.227819;VisA/candle;cont_40pct_random_patch;0.4;random_patch;10;10;10;4;392;200;100;100;0;5;95;0.8115;0.8322;0.7714;0.1200;0.4800;-0.0859;-0.0325;1.0000;1;1.0000;1.0000;;;9.66
2026-02-17T21:23:56.965756;VisA/candle;cont_40pct_mahalanobis_patch;0.4;mahalanobis_patch;10;10;10;4;392;200;100;100;0;5;95;0.8539;0.8512;0.7870;0.1000;0.5900;-0.0435;0.4772;1.0000;1;1.0000;1.0000;;;12.33
2026-02-17T21:24:02.364421;VisA/candle;cont_40pct_oracle_patch;0.4;oracle_patch;10;10;6;4;3136;200;100;100;0;5;95;0.8702;0.8775;0.8108;0.1800;0.5400;-0.0272;0.6731;1.0000;1;1.0000;1.0000;;;5.39
2026-02-17T21:24:13.628237;VisA/candle;cont_40pct_ensemble_loo_mahal;0.4;ensemble_loo_mahal;10;10;10;4;392;200;100;100;0;5;95;0.8554;0.8509;0.7870;0.0900;0.5500;-0.0420;0.4952;1.0000;1;1.0000;1.0000;;;11.26
2026-02-17T21:24:24.596799;VisA/candle;cont_40pct_cosine_loo;0.4;cosine_loo;10;10;10;4;392;200;100;100;0;5;95;0.8488;0.8468;0.7980;0.0800;0.5200;-0.0486;0.4159;1.0000;1;1.0000;1.0000;;;10.96
2026-02-17T21:24:34.777567;VisA/candle;cont_50pct_none;0.5;none;10;10;10;5;0;200;100;100;0;5;95;0.8021;0.8236;0.7676;0.1600;0.4500;-0.0953;;;;;;;;10.16
2026-02-17T21:24:44.462598;VisA/candle;cont_50pct_loo_patch;0.5;loo_patch;10;10;10;5;392;200;100;100;0;5;95;0.8398;0.8359;0.7980;0.0700;0.4000;-0.0576;0.3956;0.8400;1;0.8000;0.8000;;;9.68
2026-02-17T21:24:53.056476;VisA/candle;cont_50pct_random_patch;0.5;random_patch;10;10;10;5;392;200;100;100;0;5;95;0.8042;0.8259;0.7642;0.1600;0.4500;-0.0932;0.0220;0.8400;1;0.8000;0.8000;;;8.59
2026-02-17T21:25:04.800872;VisA/candle;cont_50pct_mahalanobis_patch;0.5;mahalanobis_patch;10;10;10;5;392;200;100;100;0;5;95;0.8287;0.8341;0.7800;0.0800;0.4700;-0.0687;0.2791;0.8400;1;0.8000;0.8000;;;11.74
2026-02-17T21:25:09.817016;VisA/candle;cont_50pct_oracle_patch;0.5;oracle_patch;10;10;5;5;3920;200;100;100;0;5;95;0.8710;0.8784;0.8148;0.1900;0.5500;-0.0264;0.7230;0.8400;1;0.8000;0.8000;;;5.01
2026-02-17T21:25:21.098240;VisA/candle;cont_50pct_ensemble_loo_mahal;0.5;ensemble_loo_mahal;10;10;10;5;392;200;100;100;0;5;95;0.8365;0.8409;0.7897;0.1000;0.4800;-0.0609;0.3610;0.8400;1;0.8000;0.8000;;;10.95
2026-02-17T21:25:30.863829;VisA/candle;cont_50pct_cosine_loo;0.5;cosine_loo;10;10;10;5;392;200;100;100;0;5;95;0.8351;0.8275;0.7921;0.0500;0.4000;-0.0623;0.3463;0.8400;1;0.8000;0.8000;;;9.76
2026-02-17T21:25:40.776558;VisA/candle;cont_0pct_none;0.0;none;10;10;10;0;0;200;100;100;1;5;95;0.9119;0.8812;0.8559;0.0300;0.6600;;;;;;;;;9.74
2026-02-17T21:25:50.339427;VisA/candle;cont_0pct_loo_patch;0.0;loo_patch;10;10;10;0;392;200;100;100;1;5;95;0.9047;0.8870;0.8485;0.0800;0.6600;-0.0072;;;;;;;;9.55
2026-02-17T21:25:59.475691;VisA/candle;cont_0pct_random_patch;0.0;random_patch;10;10;10;0;392;200;100;100;1;5;95;0.9091;0.8786;0.8466;0.0300;0.6600;-0.0028;;;;;;;;9.13
2026-02-17T21:26:11.599529;VisA/candle;cont_0pct_mahalanobis_patch;0.0;mahalanobis_patch;10;10;10;0;392;200;100;100;1;5;95;0.9152;0.8906;0.8713;0.0900;0.5200;0.0033;;;;;;;;12.12
2026-02-17T21:26:11.615015;VisA/candle;cont_0pct_oracle_patch;0.0;oracle_patch;10;10;10;0;0;200;100;100;1;5;95;0.9119;0.8812;0.8559;0.0300;0.6600;0.0000;;;;;;;;0.01
2026-02-17T21:26:23.556156;VisA/candle;cont_0pct_ensemble_loo_mahal;0.0;ensemble_loo_mahal;10;10;10;0;392;200;100;100;1;5;95;0.9156;0.8934;0.8513;0.0800;0.6500;0.0037;;;;;;;;11.66
2026-02-17T21:26:33.081780;VisA/candle;cont_0pct_cosine_loo;0.0;cosine_loo;10;10;10;0;392;200;100;100;1;5;95;0.9149;0.8848;0.8614;0.0300;0.7000;0.0030;;;;;;;;9.52
2026-02-17T21:26:42.345896;VisA/candle;cont_5pct_none;0.05;none;10;10;10;0;0;200;100;100;1;5;95;0.9119;0.8812;0.8559;0.0300;0.6600;0.0000;;;;;;;;9.25
2026-02-17T21:26:52.942372;VisA/candle;cont_5pct_loo_patch;0.05;loo_patch;10;10;10;0;392;200;100;100;1;5;95;0.9047;0.8870;0.8485;0.0800;0.6600;-0.0072;1.0000;;;;;;;10.59
2026-02-17T21:27:01.930421;VisA/candle;cont_5pct_random_patch;0.05;random_patch;10;10;10;0;392;200;100;100;1;5;95;0.9091;0.8786;0.8466;0.0300;0.6600;-0.0028;1.0000;;;;;;;8.98
2026-02-17T21:27:13.084560;VisA/candle;cont_5pct_mahalanobis_patch;0.05;mahalanobis_patch;10;10;10;0;392;200;100;100;1;5;95;0.9152;0.8906;0.8713;0.0900;0.5200;0.0033;1.0000;;;;;;;11.15
2026-02-17T21:27:13.099515;VisA/candle;cont_5pct_oracle_patch;0.05;oracle_patch;10;10;10;0;0;200;100;100;1;5;95;0.9119;0.8812;0.8559;0.0300;0.6600;0.0000;1.0000;;;;;;;0.01
2026-02-17T21:27:25.306441;VisA/candle;cont_5pct_ensemble_loo_mahal;0.05;ensemble_loo_mahal;10;10;10;0;392;200;100;100;1;5;95;0.9156;0.8934;0.8513;0.0800;0.6500;0.0037;1.0000;;;;;;;12.12
2026-02-17T21:27:35.790080;VisA/candle;cont_5pct_cosine_loo;0.05;cosine_loo;10;10;10;0;392;200;100;100;1;5;95;0.9149;0.8848;0.8614;0.0300;0.7000;0.0030;1.0000;;;;;;;10.48
2026-02-17T21:27:44.820989;VisA/candle;cont_40pct_none;0.4;none;10;10;10;4;0;200;100;100;1;5;95;0.8302;0.8383;0.7864;0.1700;0.4500;-0.0817;;;;;;;;9.01
2026-02-17T21:27:54.364667;VisA/candle;cont_40pct_loo_patch;0.4;loo_patch;10;10;10;4;392;200;100;100;1;5;95;0.8574;0.8426;0.8103;0.0700;0.4900;-0.0545;0.3329;0.8750;1;0.7500;0.7500;;;9.54
2026-02-17T21:28:03.984940;VisA/candle;cont_40pct_random_patch;0.4;random_patch;10;10;10;4;392;200;100;100;1;5;95;0.8240;0.8358;0.7905;0.1700;0.4900;-0.0879;-0.0759;0.8750;1;0.7500;0.7500;;;9.62
2026-02-17T21:28:14.840406;VisA/candle;cont_40pct_mahalanobis_patch;0.4;mahalanobis_patch;10;10;10;4;392;200;100;100;1;5;95;0.8774;0.8598;0.8205;0.0400;0.6300;-0.0345;0.5777;0.8750;1;0.7500;0.7500;;;10.85
2026-02-17T21:28:20.870881;VisA/candle;cont_40pct_oracle_patch;0.4;oracle_patch;10;10;6;4;3136;200;100;100;1;5;95;0.8979;0.8734;0.8502;0.0700;0.6000;-0.0140;0.8286;0.8750;1;0.7500;0.7500;;;6.02
2026-02-17T21:28:31.518817;VisA/candle;cont_40pct_ensemble_loo_mahal;0.4;ensemble_loo_mahal;10;10;10;4;392;200;100;100;1;5;95;0.8721;0.8592;0.8203;0.0700;0.6000;-0.0398;0.5129;0.8750;1;0.7500;0.7500;;;10.64
2026-02-17T21:28:41.736331;VisA/candle;cont_40pct_cosine_loo;0.4;cosine_loo;10;10;10;4;392;200;100;100;1;5;95;0.8618;0.8510;0.8211;0.0700;0.5000;-0.0501;0.3868;0.8750;1;0.7500;0.7500;;;10.21
2026-02-17T21:28:50.605930;VisA/candle;cont_50pct_none;0.5;none;10;10;10;5;0;200;100;100;1;5;95;0.8237;0.8323;0.7835;0.1400;0.4300;-0.0882;;;;;;;;8.84
2026-02-17T21:29:00.205965;VisA/candle;cont_50pct_loo_patch;0.5;loo_patch;10;10;10;5;392;200;100;100;1;5;95;0.8565;0.8402;0.8040;0.0400;0.5300;-0.0554;0.3719;0.8800;1;0.8000;0.8000;;;9.50
2026-02-17T21:29:08.652032;VisA/candle;cont_50pct_random_patch;0.5;random_patch;10;10;10;5;392;200;100;100;1;5;95;0.8149;0.8243;0.7772;0.1200;0.4200;-0.0970;-0.0998;0.8800;1;0.8000;0.8000;;;8.43
2026-02-17T21:29:20.192545;VisA/candle;cont_50pct_mahalanobis_patch;0.5;mahalanobis_patch;10;10;10;5;392;200;100;100;1;5;95;0.8767;0.8588;0.8290;0.0300;0.5900;-0.0352;0.6009;0.8800;1;0.8000;0.8000;;;11.54
2026-02-17T21:29:25.202330;VisA/candle;cont_50pct_oracle_patch;0.5;oracle_patch;10;10;5;5;3920;200;100;100;1;5;95;0.9057;0.8801;0.8571;0.0900;0.5200;-0.0062;0.9297;0.8800;1;0.8000;0.8000;;;5.00
2026-02-17T21:29:37.282806;VisA/candle;cont_50pct_ensemble_loo_mahal;0.5;ensemble_loo_mahal;10;10;10;5;392;200;100;100;1;5;95;0.8633;0.8513;0.8141;0.0700;0.6000;-0.0486;0.4490;0.8800;1;0.8000;0.8000;;;11.86
2026-02-17T21:29:47.234340;VisA/candle;cont_50pct_cosine_loo;0.5;cosine_loo;10;10;10;5;392;200;100;100;1;5;95;0.8597;0.8459;0.8148;0.0400;0.5400;-0.0522;0.4082;0.8800;1;0.8000;0.8000;;;9.95
2026-02-17T21:29:57.096990;VisA/candle;cont_0pct_none;0.0;none;10;10;10;0;0;200;100;100;2;5;95;0.9110;0.8797;0.8505;0.0300;0.6100;;;;;;;;;9.72
2026-02-17T21:30:06.644769;VisA/candle;cont_0pct_loo_patch;0.0;loo_patch;10;10;10;0;392;200;100;100;2;5;95;0.9067;0.8801;0.8557;0.0600;0.5900;-0.0043;;;;;;;;9.54
2026-02-17T21:30:15.319110;VisA/candle;cont_0pct_random_patch;0.0;random_patch;10;10;10;0;392;200;100;100;2;5;95;0.9064;0.8756;0.8402;0.0300;0.5900;-0.0046;;;;;;;;8.67
2026-02-17T21:30:25.917841;VisA/candle;cont_0pct_mahalanobis_patch;0.0;mahalanobis_patch;10;10;10;0;392;200;100;100;2;5;95;0.9021;0.8794;0.8436;0.0600;0.5300;-0.0089;;;;;;;;10.59
2026-02-17T21:30:25.933366;VisA/candle;cont_0pct_oracle_patch;0.0;oracle_patch;10;10;10;0;0;200;100;100;2;5;95;0.9110;0.8797;0.8505;0.0300;0.6100;0.0000;;;;;;;;0.01
2026-02-17T21:30:38.084113;VisA/candle;cont_0pct_ensemble_loo_mahal;0.0;ensemble_loo_mahal;10;10;10;0;392;200;100;100;2;5;95;0.9059;0.8841;0.8614;0.0700;0.5700;-0.0051;;;;;;;;12.02
2026-02-17T21:30:47.677397;VisA/candle;cont_0pct_cosine_loo;0.0;cosine_loo;10;10;10;0;392;200;100;100;2;5;95;0.9124;0.8862;0.8466;0.0500;0.6400;0.0014;;;;;;;;9.59
2026-02-17T21:30:56.678882;VisA/candle;cont_5pct_none;0.05;none;10;10;10;0;0;200;100;100;2;5;95;0.9110;0.8797;0.8505;0.0300;0.6100;0.0000;;;;;;;;8.98
2026-02-17T21:31:07.257508;VisA/candle;cont_5pct_loo_patch;0.05;loo_patch;10;10;10;0;392;200;100;100;2;5;95;0.9067;0.8801;0.8557;0.0600;0.5900;-0.0043;1.0000;;;;;;;10.57
2026-02-17T21:31:15.848542;VisA/candle;cont_5pct_random_patch;0.05;random_patch;10;10;10;0;392;200;100;100;2;5;95;0.9064;0.8756;0.8402;0.0300;0.5900;-0.0046;1.0000;;;;;;;8.58
2026-02-17T21:31:26.959864;VisA/candle;cont_5pct_mahalanobis_patch;0.05;mahalanobis_patch;10;10;10;0;392;200;100;100;2;5;95;0.9021;0.8794;0.8436;0.0600;0.5300;-0.0089;1.0000;;;;;;;11.11
2026-02-17T21:31:26.976876;VisA/candle;cont_5pct_oracle_patch;0.05;oracle_patch;10;10;10;0;0;200;100;100;2;5;95;0.9110;0.8797;0.8505;0.0300;0.6100;0.0000;1.0000;;;;;;;0.01
2026-02-17T21:31:39.273897;VisA/candle;cont_5pct_ensemble_loo_mahal;0.05;ensemble_loo_mahal;10;10;10;0;392;200;100;100;2;5;95;0.9059;0.8841;0.8614;0.0700;0.5700;-0.0051;1.0000;;;;;;;12.22
2026-02-17T21:31:49.028114;VisA/candle;cont_5pct_cosine_loo;0.05;cosine_loo;10;10;10;0;392;200;100;100;2;5;95;0.9124;0.8862;0.8466;0.0500;0.6400;0.0014;1.0000;;;;;;;9.75
2026-02-17T21:31:58.233885;VisA/candle;cont_40pct_none;0.4;none;10;10;10;4;0;200;100;100;2;5;95;0.8513;0.8425;0.8173;0.0500;0.4900;-0.0597;;;;;;;;9.18
2026-02-17T21:32:08.792208;VisA/candle;cont_40pct_loo_patch;0.4;loo_patch;10;10;10;4;392;200;100;100;2;5;95;0.8975;0.8700;0.8571;0.0300;0.5300;-0.0135;0.7739;1.0000;1;1.0000;1.0000;;;10.55
2026-02-17T21:32:18.072475;VisA/candle;cont_40pct_random_patch;0.4;random_patch;10;10;10;4;392;200;100;100;2;5;95;0.8499;0.8407;0.8019;0.0400;0.4800;-0.0611;-0.0235;1.0000;1;1.0000;1.0000;;;9.27
2026-02-17T21:32:29.300076;VisA/candle;cont_40pct_mahalanobis_patch;0.4;mahalanobis_patch;10;10;10;4;392;200;100;100;2;5;95;0.8887;0.8673;0.8390;0.0600;0.5300;-0.0223;0.6265;1.0000;1;1.0000;1.0000;;;11.09
2026-02-17T21:32:34.403800;VisA/candle;cont_40pct_oracle_patch;0.4;oracle_patch;10;10;6;4;3136;200;100;100;2;5;95;0.9019;0.8721;0.8500;0.0400;0.5400;-0.0091;0.8476;1.0000;1;1.0000;1.0000;;;5.10
2026-02-17T21:32:46.443568;VisA/candle;cont_40pct_ensemble_loo_mahal;0.4;ensemble_loo_mahal;10;10;10;4;392;200;100;100;2;5;95;0.8883;0.8595;0.8442;0.0400;0.4700;-0.0227;0.6198;1.0000;1;1.0000;1.0000;;;12.03
2026-02-17T21:32:56.090422;VisA/candle;cont_40pct_cosine_loo;0.4;cosine_loo;10;10;10;4;392;200;100;100;2;5;95;0.8920;0.8593;0.8333;0.0200;0.5500;-0.0190;0.6817;1.0000;1;1.0000;1.0000;;;9.64
2026-02-17T21:33:05.136123;VisA/candle;cont_50pct_none;0.5;none;10;10;10;5;0;200;100;100;2;5;95;0.8277;0.8228;0.8061;0.0400;0.4000;-0.0833;;;;;;;;9.02
2026-02-17T21:33:15.878101;VisA/candle;cont_50pct_loo_patch;0.5;loo_patch;10;10;10;5;392;200;100;100;2;5;95;0.8634;0.8474;0.8272;0.0300;0.5500;-0.0476;0.4286;0.9200;1;0.8000;0.8000;;;10.73
2026-02-17T21:33:25.243761;VisA/candle;cont_50pct_random_patch;0.5;random_patch;10;10;10;5;392;200;100;100;2;5;95;0.8285;0.8249;0.8040;0.0600;0.4000;-0.0825;0.0096;0.9200;1;0.8000;0.8000;;;9.36
2026-02-17T21:33:36.355190;VisA/candle;cont_50pct_mahalanobis_patch;0.5;mahalanobis_patch;10;10;10;5;392;200;100;100;2;5;95;0.8673;0.8549;0.8410;0.0500;0.5200;-0.0437;0.4754;0.9200;1;0.8000;0.8000;;;11.10
2026-02-17T21:33:40.540425;VisA/candle;cont_50pct_oracle_patch;0.5;oracle_patch;10;10;5;5;3920;200;100;100;2;5;95;0.8910;0.8605;0.8247;0.0300;0.4700;-0.0200;0.7599;0.9200;1;0.8000;0.8000;;;4.18
2026-02-17T21:33:52.336449;VisA/candle;cont_50pct_ensemble_loo_mahal;0.5;ensemble_loo_mahal;10;10;10;5;392;200;100;100;2;5;95;0.8640;0.8438;0.8247;0.0600;0.4500;-0.0470;0.4358;0.9200;1;0.8000;0.8000;;;11.79
2026-02-17T21:34:01.928494;VisA/candle;cont_50pct_cosine_loo;0.5;cosine_loo;10;10;10;5;392;200;100;100;2;5;95;0.8648;0.8456;0.8223;0.0300;0.4900;-0.0462;0.4454;0.9200;1;0.8000;0.8000;;;9.58
2026-02-17T21:34:11.057321;VisA/candle;cont_0pct_none;0.0;none;10;10;10;0;0;200;100;100;3;5;95;0.9114;0.8977;0.8465;0.1400;0.7200;;;;;;;;;9.00
2026-02-17T21:34:20.842833;VisA/candle;cont_0pct_loo_patch;0.0;loo_patch;10;10;10;0;392;200;100;100;3;5;95;0.9062;0.8831;0.8306;0.0500;0.7100;-0.0052;;;;;;;;9.78
2026-02-17T21:34:30.049655;VisA/candle;cont_0pct_random_patch;0.0;random_patch;10;10;10;0;392;200;100;100;3;5;95;0.9117;0.8941;0.8465;0.1100;0.7200;0.0003;;;;;;;;9.19
2026-02-17T21:34:41.113005;VisA/candle;cont_0pct_mahalanobis_patch;0.0;mahalanobis_patch;10;10;10;0;392;200;100;100;3;5;95;0.9031;0.8847;0.8402;0.0900;0.6200;-0.0083;;;;;;;;11.06
2026-02-17T21:34:41.128523;VisA/candle;cont_0pct_oracle_patch;0.0;oracle_patch;10;10;10;0;0;200;100;100;3;5;95;0.9114;0.8977;0.8465;0.1400;0.7200;0.0000;;;;;;;;0.01
2026-02-17T21:34:51.873636;VisA/candle;cont_0pct_ensemble_loo_mahal;0.0;ensemble_loo_mahal;10;10;10;0;392;200;100;100;3;5;95;0.9065;0.8900;0.8357;0.0900;0.6500;-0.0049;;;;;;;;10.61
2026-02-17T21:35:02.405403;VisA/candle;cont_0pct_cosine_loo;0.0;cosine_loo;10;10;10;0;392;200;100;100;3;5;95;0.9075;0.8863;0.8426;0.0900;0.6700;-0.0039;;;;;;;;10.53
2026-02-17T21:35:11.080152;VisA/candle;cont_5pct_none;0.05;none;10;10;10;0;0;200;100;100;3;5;95;0.9114;0.8977;0.8465;0.1400;0.7200;0.0000;;;;;;;;8.66
2026-02-17T21:35:20.773524;VisA/candle;cont_5pct_loo_patch;0.05;loo_patch;10;10;10;0;392;200;100;100;3;5;95;0.9062;0.8831;0.8306;0.0500;0.7100;-0.0052;1.0000;;;;;;;9.69
2026-02-17T21:35:30.156393;VisA/candle;cont_5pct_random_patch;0.05;random_patch;10;10;10;0;392;200;100;100;3;5;95;0.9117;0.8941;0.8465;0.1100;0.7200;0.0003;1.0000;;;;;;;9.37
2026-02-17T21:35:41.592685;VisA/candle;cont_5pct_mahalanobis_patch;0.05;mahalanobis_patch;10;10;10;0;392;200;100;100;3;5;95;0.9031;0.8847;0.8402;0.0900;0.6200;-0.0083;1.0000;;;;;;;11.43
2026-02-17T21:35:41.607683;VisA/candle;cont_5pct_oracle_patch;0.05;oracle_patch;10;10;10;0;0;200;100;100;3;5;95;0.9114;0.8977;0.8465;0.1400;0.7200;0.0000;1.0000;;;;;;;0.01
2026-02-17T21:35:52.077565;VisA/candle;cont_5pct_ensemble_loo_mahal;0.05;ensemble_loo_mahal;10;10;10;0;392;200;100;100;3;5;95;0.9065;0.8900;0.8357;0.0900;0.6500;-0.0049;1.0000;;;;;;;10.46
2026-02-17T21:36:02.380563;VisA/candle;cont_5pct_cosine_loo;0.05;cosine_loo;10;10;10;0;392;200;100;100;3;5;95;0.9075;0.8863;0.8426;0.0900;0.6700;-0.0039;1.0000;;;;;;;10.30
2026-02-17T21:36:10.912558;VisA/candle;cont_40pct_none;0.4;none;10;10;10;4;0;200;100;100;3;5;95;0.8465;0.8382;0.7964;0.0600;0.5500;-0.0649;;;;;;;;8.51
2026-02-17T21:36:20.774039;VisA/candle;cont_40pct_loo_patch;0.4;loo_patch;10;10;10;4;392;200;100;100;3;5;95;0.8787;0.8619;0.8152;0.0600;0.5300;-0.0327;0.4961;0.9583;1;0.7500;0.7500;;;9.44
2026-02-17T21:36:29.188247;VisA/candle;cont_40pct_random_patch;0.4;random_patch;10;10;10;4;392;200;100;100;3;5;95;0.8453;0.8395;0.8000;0.0700;0.5300;-0.0661;-0.0185;0.9583;1;0.7500;0.7500;;;8.41
2026-02-17T21:36:40.834832;VisA/candle;cont_40pct_mahalanobis_patch;0.4;mahalanobis_patch;10;10;10;4;392;200;100;100;3;5;95;0.8758;0.8583;0.8182;0.0600;0.5400;-0.0356;0.4515;0.9583;1;0.7500;0.7500;;;11.64
2026-02-17T21:36:46.830728;VisA/candle;cont_40pct_oracle_patch;0.4;oracle_patch;10;10;6;4;3136;200;100;100;3;5;95;0.9086;0.8838;0.8541;0.0500;0.6700;-0.0028;0.9569;0.9583;1;0.7500;0.7500;;;5.98
2026-02-17T21:36:58.112605;VisA/candle;cont_40pct_ensemble_loo_mahal;0.4;ensemble_loo_mahal;10;10;10;4;392;200;100;100;3;5;95;0.8782;0.8633;0.8152;0.0600;0.5000;-0.0332;0.4884;0.9583;1;0.7500;0.7500;;;10.99
2026-02-17T21:37:07.703346;VisA/candle;cont_40pct_cosine_loo;0.4;cosine_loo;10;10;10;4;392;200;100;100;3;5;95;0.8829;0.8652;0.8200;0.0500;0.6500;-0.0285;0.5609;0.9583;1;0.7500;0.7500;;;9.58
2026-02-17T21:37:17.169660;VisA/candle;cont_50pct_none;0.5;none;10;10;10;5;0;200;100;100;3;5;95;0.8380;0.8367;0.8019;0.0600;0.5300;-0.0734;;;;;;;;9.44
2026-02-17T21:37:26.502890;VisA/candle;cont_50pct_loo_patch;0.5;loo_patch;10;10;10;5;392;200;100;100;3;5;95;0.8798;0.8671;0.8219;0.0900;0.6100;-0.0316;0.5695;0.9200;1;0.8000;0.8000;;;9.32
2026-02-17T21:37:35.240725;VisA/candle;cont_50pct_random_patch;0.5;random_patch;10;10;10;5;392;200;100;100;3;5;95;0.8395;0.8391;0.8042;0.0800;0.5000;-0.0719;0.0204;0.9200;1;0.8000;0.8000;;;8.73
2026-02-17T21:37:47.270791;VisA/candle;cont_50pct_mahalanobis_patch;0.5;mahalanobis_patch;10;10;10;5;392;200;100;100;3;5;95;0.8806;0.8619;0.8265;0.0500;0.5900;-0.0308;0.5804;0.9200;1;0.8000;0.8000;;;12.02
2026-02-17T21:37:51.888403;VisA/candle;cont_50pct_oracle_patch;0.5;oracle_patch;10;10;5;5;3920;200;100;100;3;5;95;0.9087;0.8886;0.8458;0.0900;0.7000;-0.0027;0.9632;0.9200;1;0.8000;0.8000;;;4.61
2026-02-17T21:38:02.734574;VisA/candle;cont_50pct_ensemble_loo_mahal;0.5;ensemble_loo_mahal;10;10;10;5;392;200;100;100;3;5;95;0.8769;0.8641;0.8259;0.0700;0.5100;-0.0345;0.5300;0.9200;1;0.8000;0.8000;;;10.84
2026-02-17T21:38:12.293106;VisA/candle;cont_50pct_cosine_loo;0.5;cosine_loo;10;10;10;5;392;200;100;100;3;5;95;0.8777;0.8590;0.8191;0.0300;0.6400;-0.0337;0.5409;0.9200;1;0.8000;0.8000;;;9.55
2026-02-17T21:38:22.444615;VisA/candle;cont_0pct_none;0.0;none;10;10;10;0;0;200;100;100;4;5;95;0.8906;0.8864;0.8333;0.1300;0.6300;;;;;;;;;10.00
2026-02-17T21:38:32.066270;VisA/candle;cont_0pct_loo_patch;0.0;loo_patch;10;10;10;0;392;200;100;100;4;5;95;0.8949;0.8772;0.8377;0.0500;0.6300;0.0043;;;;;;;;9.62
2026-02-17T21:38:40.882445;VisA/candle;cont_0pct_random_patch;0.0;random_patch;10;10;10;0;392;200;100;100;4;5;95;0.8871;0.8857;0.8276;0.1300;0.6100;-0.0035;;;;;;;;8.81
2026-02-17T21:38:52.284347;VisA/candle;cont_0pct_mahalanobis_patch;0.0;mahalanobis_patch;10;10;10;0;392;200;100;100;4;5;95;0.8909;0.8716;0.8308;0.0600;0.5700;0.0003;;;;;;;;11.40
2026-02-17T21:38:52.304770;VisA/candle;cont_0pct_oracle_patch;0.0;oracle_patch;10;10;10;0;0;200;100;100;4;5;95;0.8906;0.8864;0.8333;0.1300;0.6300;0.0000;;;;;;;;0.01
2026-02-17T21:39:04.090894;VisA/candle;cont_0pct_ensemble_loo_mahal;0.0;ensemble_loo_mahal;10;10;10;0;392;200;100;100;4;5;95;0.8929;0.8738;0.8265;0.0600;0.6100;0.0023;;;;;;;;11.53
2026-02-17T21:39:13.270331;VisA/candle;cont_0pct_cosine_loo;0.0;cosine_loo;10;10;10;0;392;200;100;100;4;5;95;0.8869;0.8743;0.8384;0.0700;0.6200;-0.0037;;;;;;;;9.18
2026-02-17T21:39:21.420061;VisA/candle;cont_5pct_none;0.05;none;10;10;10;0;0;200;100;100;4;5;95;0.8906;0.8864;0.8333;0.1300;0.6300;0.0000;;;;;;;;8.14
2026-02-17T21:39:30.730658;VisA/candle;cont_5pct_loo_patch;0.05;loo_patch;10;10;10;0;392;200;100;100;4;5;95;0.8949;0.8772;0.8377;0.0500;0.6300;0.0043;1.0000;;;;;;;9.31
2026-02-17T21:39:39.163423;VisA/candle;cont_5pct_random_patch;0.05;random_patch;10;10;10;0;392;200;100;100;4;5;95;0.8871;0.8857;0.8276;0.1300;0.6100;-0.0035;1.0000;;;;;;;8.42
2026-02-17T21:39:49.759334;VisA/candle;cont_5pct_mahalanobis_patch;0.05;mahalanobis_patch;10;10;10;0;392;200;100;100;4;5;95;0.8909;0.8716;0.8308;0.0600;0.5700;0.0003;1.0000;;;;;;;10.59
2026-02-17T21:39:49.781940;VisA/candle;cont_5pct_oracle_patch;0.05;oracle_patch;10;10;10;0;0;200;100;100;4;5;95;0.8906;0.8864;0.8333;0.1300;0.6300;0.0000;1.0000;;;;;;;0.01
2026-02-17T21:40:00.341480;VisA/candle;cont_5pct_ensemble_loo_mahal;0.05;ensemble_loo_mahal;10;10;10;0;392;200;100;100;4;5;95;0.8929;0.8738;0.8265;0.0600;0.6100;0.0023;1.0000;;;;;;;10.56
2026-02-17T21:40:09.259665;VisA/candle;cont_5pct_cosine_loo;0.05;cosine_loo;10;10;10;0;392;200;100;100;4;5;95;0.8869;0.8743;0.8384;0.0700;0.6200;-0.0037;1.0000;;;;;;;8.91
2026-02-17T21:40:17.179904;VisA/candle;cont_40pct_none;0.4;none;10;10;10;4;0;200;100;100;4;5;95;0.8210;0.8239;0.7959;0.0500;0.4900;-0.0696;;;;;;;;7.90
2026-02-17T21:40:25.849819;VisA/candle;cont_40pct_loo_patch;0.4;loo_patch;10;10;10;4;392;200;100;100;4;5;95;0.8660;0.8566;0.8116;0.0600;0.5500;-0.0246;0.6466;1.0000;1;1.0000;1.0000;;;8.66
2026-02-17T21:40:33.903297;VisA/candle;cont_40pct_random_patch;0.4;random_patch;10;10;10;4;392;200;100;100;4;5;95;0.8216;0.8255;0.7900;0.0500;0.4500;-0.0690;0.0086;1.0000;1;1.0000;1.0000;;;8.05
2026-02-17T21:40:44.204706;VisA/candle;cont_40pct_mahalanobis_patch;0.4;mahalanobis_patch;10;10;10;4;392;200;100;100;4;5;95;0.8701;0.8560;0.8081;0.0600;0.4600;-0.0205;0.7055;1.0000;1;1.0000;1.0000;;;10.30
2026-02-17T21:40:49.455228;VisA/candle;cont_40pct_oracle_patch;0.4;oracle_patch;10;10;6;4;3136;200;100;100;4;5;95;0.8740;0.8622;0.8208;0.1000;0.5300;-0.0166;0.7615;1.0000;1;1.0000;1.0000;;;5.24
2026-02-17T21:40:59.326860;VisA/candle;cont_40pct_ensemble_loo_mahal;0.4;ensemble_loo_mahal;10;10;10;4;392;200;100;100;4;5;95;0.8781;0.8563;0.8263;0.0400;0.4300;-0.0125;0.8204;1.0000;1;1.0000;1.0000;;;9.87
2026-02-17T21:41:08.741359;VisA/candle;cont_40pct_cosine_loo;0.4;cosine_loo;10;10;10;4;392;200;100;100;4;5;95;0.8608;0.8483;0.8141;0.0300;0.5500;-0.0298;0.5718;1.0000;1;1.0000;1.0000;;;9.41
2026-02-17T21:41:17.339969;VisA/candle;cont_50pct_none;0.5;none;10;10;10;5;0;200;100;100;4;5;95;0.8072;0.8203;0.7716;0.0800;0.3800;-0.0834;;;;;;;;8.57
2026-02-17T21:41:25.869700;VisA/candle;cont_50pct_loo_patch;0.5;loo_patch;10;10;10;5;392;200;100;100;4;5;95;0.8509;0.8418;0.8020;0.0400;0.4600;-0.0397;0.5240;1.0000;1;1.0000;1.0000;;;8.52
2026-02-17T21:41:33.734401;VisA/candle;cont_50pct_random_patch;0.5;random_patch;10;10;10;5;392;200;100;100;4;5;95;0.8041;0.8168;0.7667;0.1000;0.3900;-0.0865;-0.0372;1.0000;1;1.0000;1.0000;;;7.86
2026-02-17T21:41:43.788780;VisA/candle;cont_50pct_mahalanobis_patch;0.5;mahalanobis_patch;10;10;10;5;392;200;100;100;4;5;95;0.8610;0.8501;0.8100;0.0600;0.4400;-0.0296;0.6451;1.0000;1;1.0000;1.0000;;;10.05
2026-02-17T21:41:48.836906;VisA/candle;cont_50pct_oracle_patch;0.5;oracle_patch;10;10;5;5;3920;200;100;100;4;5;95;0.8871;0.8728;0.8365;0.0800;0.5900;-0.0035;0.9580;1.0000;1;1.0000;1.0000;;;5.04
2026-02-17T21:42:00.500880;VisA/candle;cont_50pct_ensemble_loo_mahal;0.5;ensemble_loo_mahal;10;10;10;5;392;200;100;100;4;5;95;0.8695;0.8480;0.8163;0.0300;0.4200;-0.0211;0.7470;1.0000;1;1.0000;1.0000;;;11.34
2026-02-17T21:42:10.619964;VisA/candle;cont_50pct_cosine_loo;0.5;cosine_loo;10;10;10;5;392;200;100;100;4;5;95;0.8530;0.8418;0.8042;0.0300;0.6000;-0.0376;0.5492;1.0000;1;1.0000;1.0000;;;10.11
2026-02-17T21:42:20.566672;VisA/capsules;cont_0pct_none;0.0;none;10;10;10;0;0;160;60;100;0;5;95;0.8747;0.9048;0.8545;0.1300;0.6500;;;;;;;;;7.05
2026-02-17T21:42:28.649737;VisA/capsules;cont_0pct_loo_patch;0.0;loo_patch;10;10;10;0;392;160;60;100;0;5;95;0.8737;0.9086;0.8725;0.1600;0.6400;-0.0010;;;;;;;;8.08
2026-02-17T21:42:36.387936;VisA/capsules;cont_0pct_random_patch;0.0;random_patch;10;10;10;0;392;160;60;100;0;5;95;0.8788;0.9076;0.8629;0.1200;0.6700;0.0042;;;;;;;;7.73
2026-02-17T21:42:45.326242;VisA/capsules;cont_0pct_mahalanobis_patch;0.0;mahalanobis_patch;10;10;10;0;392;160;60;100;0;5;95;0.8818;0.9159;0.8626;0.1700;0.6800;0.0072;;;;;;;;8.93
2026-02-17T21:42:45.348244;VisA/capsules;cont_0pct_oracle_patch;0.0;oracle_patch;10;10;10;0;0;160;60;100;0;5;95;0.8747;0.9048;0.8545;0.1300;0.6500;0.0000;;;;;;;;0.01
2026-02-17T21:42:54.552110;VisA/capsules;cont_0pct_ensemble_loo_mahal;0.0;ensemble_loo_mahal;10;10;10;0;392;160;60;100;0;5;95;0.8872;0.9151;0.8804;0.1700;0.6300;0.0125;;;;;;;;9.13
2026-02-17T21:43:03.035663;VisA/capsules;cont_0pct_cosine_loo;0.0;cosine_loo;10;10;10;0;392;160;60;100;0;5;95;0.8802;0.9090;0.8756;0.1700;0.5800;0.0055;;;;;;;;8.48
2026-02-17T21:43:10.193593;VisA/capsules;cont_5pct_none;0.05;none;10;10;10;0;0;160;60;100;0;5;95;0.8747;0.9048;0.8545;0.1300;0.6500;0.0000;;;;;;;;7.06
2026-02-17T21:43:18.058678;VisA/capsules;cont_5pct_loo_patch;0.05;loo_patch;10;10;10;0;392;160;60;100;0;5;95;0.8737;0.9086;0.8725;0.1600;0.6400;-0.0010;1.0000;;;;;;;7.86
2026-02-17T21:43:25.093406;VisA/capsules;cont_5pct_random_patch;0.05;random_patch;10;10;10;0;392;160;60;100;0;5;95;0.8788;0.9076;0.8629;0.1200;0.6700;0.0042;1.0000;;;;;;;7.03
2026-02-17T21:43:34.951156;VisA/capsules;cont_5pct_mahalanobis_patch;0.05;mahalanobis_patch;10;10;10;0;392;160;60;100;0;5;95;0.8818;0.9159;0.8626;0.1700;0.6800;0.0072;1.0000;;;;;;;9.85
2026-02-17T21:43:34.966540;VisA/capsules;cont_5pct_oracle_patch;0.05;oracle_patch;10;10;10;0;0;160;60;100;0;5;95;0.8747;0.9048;0.8545;0.1300;0.6500;0.0000;1.0000;;;;;;;0.01
2026-02-17T21:43:43.873063;VisA/capsules;cont_5pct_ensemble_loo_mahal;0.05;ensemble_loo_mahal;10;10;10;0;392;160;60;100;0;5;95;0.8872;0.9151;0.8804;0.1700;0.6300;0.0125;1.0000;;;;;;;8.77
2026-02-17T21:43:52.439049;VisA/capsules;cont_5pct_cosine_loo;0.05;cosine_loo;10;10;10;0;392;160;60;100;0;5;95;0.8802;0.9090;0.8756;0.1700;0.5800;0.0055;1.0000;;;;;;;8.56
2026-02-17T21:43:59.552649;VisA/capsules;cont_40pct_none;0.4;none;10;10;10;4;0;160;60;100;0;5;95;0.7657;0.8434;0.7835;0.0600;0.4300;-0.1090;;;;;;;;7.09
2026-02-17T21:44:07.372212;VisA/capsules;cont_40pct_loo_patch;0.4;loo_patch;10;10;10;4;392;160;60;100;0;5;95;0.7952;0.8638;0.8000;0.1200;0.4900;-0.0795;0.2706;0.9167;1;0.7500;0.7500;;;7.81
2026-02-17T21:44:13.823023;VisA/capsules;cont_40pct_random_patch;0.4;random_patch;10;10;10;4;392;160;60;100;0;5;95;0.7635;0.8431;0.7864;0.0500;0.4200;-0.1112;-0.0199;0.9167;1;0.7500;0.7500;;;6.45
2026-02-17T21:44:23.558949;VisA/capsules;cont_40pct_mahalanobis_patch;0.4;mahalanobis_patch;10;10;10;4;392;160;60;100;0;5;95;0.7767;0.8560;0.7940;0.1300;0.5000;-0.0980;0.1009;0.9167;1;0.7500;0.7500;;;9.73
2026-02-17T21:44:28.160959;VisA/capsules;cont_40pct_oracle_patch;0.4;oracle_patch;10;10;6;4;3136;160;60;100;0;5;95;0.8367;0.8832;0.8295;0.1200;0.5500;-0.0380;0.6514;0.9167;1;0.7500;0.7500;;;4.60
2026-02-17T21:44:37.063168;VisA/capsules;cont_40pct_ensemble_loo_mahal;0.4;ensemble_loo_mahal;10;10;10;4;392;160;60;100;0;5;95;0.7928;0.8629;0.7930;0.1300;0.5100;-0.0818;0.2492;0.9167;1;0.7500;0.7500;;;8.81
2026-02-17T21:44:45.690606;VisA/capsules;cont_40pct_cosine_loo;0.4;cosine_loo;10;10;10;4;392;160;60;100;0;5;95;0.7942;0.8611;0.8054;0.1300;0.4800;-0.0805;0.2615;0.9167;1;0.7500;0.7500;;;8.62
2026-02-17T21:44:53.614480;VisA/capsules;cont_50pct_none;0.5;none;10;10;10;5;0;160;60;100;0;5;95;0.7305;0.8254;0.7692;0.0600;0.4200;-0.1442;;;;;;;;7.90
2026-02-17T21:45:01.510295;VisA/capsules;cont_50pct_loo_patch;0.5;loo_patch;10;10;10;5;392;160;60;100;0;5;95;0.7530;0.8389;0.7711;0.0900;0.4000;-0.1217;0.1561;0.8000;1;0.8000;0.8000;;;7.52
2026-02-17T21:45:08.199558;VisA/capsules;cont_50pct_random_patch;0.5;random_patch;10;10;10;5;392;160;60;100;0;5;95;0.7225;0.8226;0.7692;0.0500;0.4000;-0.1522;-0.0555;0.8000;1;0.8000;0.8000;;;6.68
2026-02-17T21:45:18.024748;VisA/capsules;cont_50pct_mahalanobis_patch;0.5;mahalanobis_patch;10;10;10;5;392;160;60;100;0;5;95;0.7452;0.8340;0.7692;0.1200;0.4300;-0.1295;0.1017;0.8000;1;0.8000;0.8000;;;9.82
2026-02-17T21:45:21.316371;VisA/capsules;cont_50pct_oracle_patch;0.5;oracle_patch;10;10;5;5;3920;160;60;100;0;5;95;0.8310;0.8826;0.8174;0.1300;0.5500;-0.0437;0.6971;0.8000;1;0.8000;0.8000;;;3.29
2026-02-17T21:45:30.316764;VisA/capsules;cont_50pct_ensemble_loo_mahal;0.5;ensemble_loo_mahal;10;10;10;5;392;160;60;100;0;5;95;0.7597;0.8408;0.7745;0.1200;0.4100;-0.1150;0.2023;0.8000;1;0.8000;0.8000;;;8.99
2026-02-17T21:45:39.069821;VisA/capsules;cont_50pct_cosine_loo;0.5;cosine_loo;10;10;10;5;392;160;60;100;0;5;95;0.7388;0.8310;0.7711;0.0900;0.4100;-0.1358;0.0578;0.8000;1;0.8000;0.8000;;;8.74
2026-02-17T21:45:46.300217;VisA/capsules;cont_0pct_none;0.0;none;10;10;10;0;0;160;60;100;1;5;95;0.8930;0.8996;0.8846;0.0800;0.4000;;;;;;;;;7.08
2026-02-17T21:45:53.773940;VisA/capsules;cont_0pct_loo_patch;0.0;loo_patch;10;10;10;0;392;160;60;100;1;5;95;0.9005;0.9038;0.8990;0.0800;0.4500;0.0075;;;;;;;;7.47
2026-02-17T21:46:00.584533;VisA/capsules;cont_0pct_random_patch;0.0;random_patch;10;10;10;0;392;160;60;100;1;5;95;0.8927;0.9010;0.8824;0.0900;0.4000;-0.0003;;;;;;;;6.81
2026-02-17T21:46:10.507104;VisA/capsules;cont_0pct_mahalanobis_patch;0.0;mahalanobis_patch;10;10;10;0;392;160;60;100;1;5;95;0.8978;0.9104;0.8878;0.1100;0.4900;0.0048;;;;;;;;9.91
2026-02-17T21:46:10.522875;VisA/capsules;cont_0pct_oracle_patch;0.0;oracle_patch;10;10;10;0;0;160;60;100;1;5;95;0.8930;0.8996;0.8846;0.0800;0.4000;0.0000;;;;;;;;0.01
2026-02-17T21:46:20.023276;VisA/capsules;cont_0pct_ensemble_loo_mahal;0.0;ensemble_loo_mahal;10;10;10;0;392;160;60;100;1;5;95;0.8963;0.9068;0.8922;0.0900;0.4300;0.0033;;;;;;;;9.39
2026-02-17T21:46:28.277801;VisA/capsules;cont_0pct_cosine_loo;0.0;cosine_loo;10;10;10;0;392;160;60;100;1;5;95;0.9090;0.9128;0.9135;0.0900;0.4300;0.0160;;;;;;;;8.25
2026-02-17T21:46:36.037991;VisA/capsules;cont_5pct_none;0.05;none;10;10;10;0;0;160;60;100;1;5;95;0.8930;0.8996;0.8846;0.0800;0.4000;0.0000;;;;;;;;7.75
2026-02-17T21:46:43.723403;VisA/capsules;cont_5pct_loo_patch;0.05;loo_patch;10;10;10;0;392;160;60;100;1;5;95;0.9005;0.9038;0.8990;0.0800;0.4500;0.0075;1.0000;;;;;;;7.68
2026-02-17T21:46:50.370944;VisA/capsules;cont_5pct_random_patch;0.05;random_patch;10;10;10;0;392;160;60;100;1;5;95;0.8927;0.9010;0.8824;0.0900;0.4000;-0.0003;1.0000;;;;;;;6.64
2026-02-17T21:47:00.207856;VisA/capsules;cont_5pct_mahalanobis_patch;0.05;mahalanobis_patch;10;10;10;0;392;160;60;100;1;5;95;0.8978;0.9104;0.8878;0.1100;0.4900;0.0048;1.0000;;;;;;;9.83
2026-02-17T21:47:00.224381;VisA/capsules;cont_5pct_oracle_patch;0.05;oracle_patch;10;10;10;0;0;160;60;100;1;5;95;0.8930;0.8996;0.8846;0.0800;0.4000;0.0000;1.0000;;;;;;;0.01
2026-02-17T21:47:09.272473;VisA/capsules;cont_5pct_ensemble_loo_mahal;0.05;ensemble_loo_mahal;10;10;10;0;392;160;60;100;1;5;95;0.8963;0.9068;0.8922;0.0900;0.4300;0.0033;1.0000;;;;;;;8.89
2026-02-17T21:47:16.811500;VisA/capsules;cont_5pct_cosine_loo;0.05;cosine_loo;10;10;10;0;392;160;60;100;1;5;95;0.9090;0.9128;0.9135;0.0900;0.4300;0.0160;1.0000;;;;;;;7.53
2026-02-17T21:47:24.777359;VisA/capsules;cont_40pct_none;0.4;none;10;10;10;4;0;160;60;100;1;5;95;0.8328;0.8737;0.8358;0.0500;0.3700;-0.0602;;;;;;;;7.94
2026-02-17T21:47:32.318624;VisA/capsules;cont_40pct_loo_patch;0.4;loo_patch;10;10;10;4;392;160;60;100;1;5;95;0.8608;0.8893;0.8426;0.1000;0.5300;-0.0322;0.4654;0.9167;1;0.7500;0.7500;;;7.54
2026-02-17T21:47:38.882429;VisA/capsules;cont_40pct_random_patch;0.4;random_patch;10;10;10;4;392;160;60;100;1;5;95;0.8333;0.8726;0.8431;0.0500;0.3800;-0.0597;0.0083;0.9167;1;0.7500;0.7500;;;6.56
2026-02-17T21:47:48.600151;VisA/capsules;cont_40pct_mahalanobis_patch;0.4;mahalanobis_patch;10;10;10;4;392;160;60;100;1;5;95;0.8707;0.8931;0.8571;0.0700;0.4900;-0.0223;0.6288;0.9167;1;0.7500;0.7500;;;9.71
2026-02-17T21:47:53.354795;VisA/capsules;cont_40pct_oracle_patch;0.4;oracle_patch;10;10;6;4;3136;160;60;100;1;5;95;0.9033;0.9187;0.8829;0.1400;0.6500;0.0103;1.1717;0.9167;1;0.7500;0.7500;;;4.75
2026-02-17T21:48:02.700261;VisA/capsules;cont_40pct_ensemble_loo_mahal;0.4;ensemble_loo_mahal;10;10;10;4;392;160;60;100;1;5;95;0.8657;0.8892;0.8451;0.0900;0.4800;-0.0273;0.5457;0.9167;1;0.7500;0.7500;;;9.03
2026-02-17T21:48:10.128023;VisA/capsules;cont_40pct_cosine_loo;0.4;cosine_loo;10;10;10;4;392;160;60;100;1;5;95;0.8612;0.8943;0.8479;0.1100;0.4800;-0.0318;0.4709;0.9167;1;0.7500;0.7500;;;7.42
2026-02-17T21:48:16.213084;VisA/capsules;cont_50pct_none;0.5;none;10;10;10;5;0;160;60;100;1;5;95;0.8013;0.8603;0.8085;0.0500;0.4500;-0.0917;;;;;;;;6.06
2026-02-17T21:48:24.736444;VisA/capsules;cont_50pct_loo_patch;0.5;loo_patch;10;10;10;5;392;160;60;100;1;5;95;0.8470;0.8834;0.8325;0.0900;0.5500;-0.0460;0.4982;0.8400;1;0.8000;0.8000;;;8.52
2026-02-17T21:48:32.201106;VisA/capsules;cont_50pct_random_patch;0.5;random_patch;10;10;10;5;392;160;60;100;1;5;95;0.8098;0.8633;0.8172;0.0500;0.3800;-0.0832;0.0927;0.8400;1;0.8000;0.8000;;;7.46
2026-02-17T21:48:41.278578;VisA/capsules;cont_50pct_mahalanobis_patch;0.5;mahalanobis_patch;10;10;10;5;392;160;60;100;1;5;95;0.8300;0.8739;0.8333;0.0700;0.5300;-0.0630;0.3127;0.8400;1;0.8000;0.8000;;;8.89
2026-02-17T21:48:45.349826;VisA/capsules;cont_50pct_oracle_patch;0.5;oracle_patch;10;10;5;5;3920;160;60;100;1;5;95;0.8925;0.9145;0.8824;0.1300;0.5200;-0.0005;0.9945;0.8400;1;0.8000;0.8000;;;4.06
2026-02-17T21:48:54.534015;VisA/capsules;cont_50pct_ensemble_loo_mahal;0.5;ensemble_loo_mahal;10;10;10;5;392;160;60;100;1;5;95;0.8508;0.8847;0.8381;0.0800;0.5200;-0.0422;0.5400;0.8400;1;0.8000;0.8000;;;8.94
2026-02-17T21:49:03.263088;VisA/capsules;cont_50pct_cosine_loo;0.5;cosine_loo;10;10;10;5;392;160;60;100;1;5;95;0.8418;0.8813;0.8404;0.1000;0.5000;-0.0512;0.4418;0.8400;1;0.8000;0.8000;;;8.72
2026-02-17T21:49:12.481667;VisA/capsules;cont_0pct_none;0.0;none;10;10;10;0;0;160;60;100;2;5;95;0.8218;0.8786;0.8283;0.1200;0.5100;;;;;;;;;7.75
2026-02-17T21:49:20.067109;VisA/capsules;cont_0pct_loo_patch;0.0;loo_patch;10;10;10;0;392;160;60;100;2;5;95;0.7920;0.8605;0.7958;0.0900;0.4300;-0.0298;;;;;;;;7.58
2026-02-17T21:49:27.203047;VisA/capsules;cont_0pct_random_patch;0.0;random_patch;10;10;10;0;392;160;60;100;2;5;95;0.8115;0.8746;0.8155;0.1200;0.5100;-0.0103;;;;;;;;7.13
2026-02-17T21:49:36.884263;VisA/capsules;cont_0pct_mahalanobis_patch;0.0;mahalanobis_patch;10;10;10;0;392;160;60;100;2;5;95;0.8027;0.8707;0.8021;0.1300;0.4400;-0.0192;;;;;;;;9.67
2026-02-17T21:49:36.901268;VisA/capsules;cont_0pct_oracle_patch;0.0;oracle_patch;10;10;10;0;0;160;60;100;2;5;95;0.8218;0.8786;0.8283;0.1200;0.5100;0.0000;;;;;;;;0.01
2026-02-17T21:49:46.903562;VisA/capsules;cont_0pct_ensemble_loo_mahal;0.0;ensemble_loo_mahal;10;10;10;0;392;160;60;100;2;5;95;0.7910;0.8624;0.7979;0.1000;0.4300;-0.0308;;;;;;;;9.88
2026-02-17T21:49:55.445500;VisA/capsules;cont_0pct_cosine_loo;0.0;cosine_loo;10;10;10;0;392;160;60;100;2;5;95;0.8097;0.8718;0.8141;0.1100;0.4700;-0.0122;;;;;;;;8.54
2026-02-17T21:50:03.666882;VisA/capsules;cont_5pct_none;0.05;none;10;10;10;0;0;160;60;100;2;5;95;0.8218;0.8786;0.8283;0.1200;0.5100;0.0000;;;;;;;;8.06
2026-02-17T21:50:11.598245;VisA/capsules;cont_5pct_loo_patch;0.05;loo_patch;10;10;10;0;392;160;60;100;2;5;95;0.7920;0.8605;0.7958;0.0900;0.4300;-0.0298;1.0000;;;;;;;7.93
2026-02-17T21:50:18.411158;VisA/capsules;cont_5pct_random_patch;0.05;random_patch;10;10;10;0;392;160;60;100;2;5;95;0.8115;0.8746;0.8155;0.1200;0.5100;-0.0103;1.0000;;;;;;;6.81
2026-02-17T21:50:28.570590;VisA/capsules;cont_5pct_mahalanobis_patch;0.05;mahalanobis_patch;10;10;10;0;392;160;60;100;2;5;95;0.8027;0.8707;0.8021;0.1300;0.4400;-0.0192;1.0000;;;;;;;10.15
2026-02-17T21:50:28.591016;VisA/capsules;cont_5pct_oracle_patch;0.05;oracle_patch;10;10;10;0;0;160;60;100;2;5;95;0.8218;0.8786;0.8283;0.1200;0.5100;0.0000;1.0000;;;;;;;0.01
2026-02-17T21:50:38.561404;VisA/capsules;cont_5pct_ensemble_loo_mahal;0.05;ensemble_loo_mahal;10;10;10;0;392;160;60;100;2;5;95;0.7910;0.8624;0.7979;0.1000;0.4300;-0.0308;1.0000;;;;;;;9.89
2026-02-17T21:50:47.153529;VisA/capsules;cont_5pct_cosine_loo;0.05;cosine_loo;10;10;10;0;392;160;60;100;2;5;95;0.8097;0.8718;0.8141;0.1100;0.4700;-0.0122;1.0000;;;;;;;8.59
2026-02-17T21:50:54.425425;VisA/capsules;cont_40pct_none;0.4;none;10;10;10;4;0;160;60;100;2;5;95;0.7498;0.8343;0.7729;0.0900;0.4400;-0.0720;;;;;;;;7.23
2026-02-17T21:51:02.072904;VisA/capsules;cont_40pct_loo_patch;0.4;loo_patch;10;10;10;4;392;160;60;100;2;5;95;0.7592;0.8446;0.7841;0.1100;0.5200;-0.0627;0.1296;0.7500;1;0.7500;0.7500;;;7.63
2026-02-17T21:51:09.806430;VisA/capsules;cont_40pct_random_patch;0.4;random_patch;10;10;10;4;392;160;60;100;2;5;95;0.7565;0.8395;0.7767;0.0800;0.4800;-0.0653;0.0926;0.7500;1;0.7500;0.7500;;;7.73
2026-02-17T21:51:20.325079;VisA/capsules;cont_40pct_mahalanobis_patch;0.4;mahalanobis_patch;10;10;10;4;392;160;60;100;2;5;95;0.7610;0.8468;0.7822;0.1000;0.5000;-0.0608;0.1551;0.7500;1;0.7500;0.7500;;;10.14
2026-02-17T21:51:25.163261;VisA/capsules;cont_40pct_oracle_patch;0.4;oracle_patch;10;10;6;4;3136;160;60;100;2;5;95;0.8478;0.8899;0.8529;0.1300;0.5400;0.0260;1.3611;0.7500;1;0.7500;0.7500;;;4.83
2026-02-17T21:51:34.990648;VisA/capsules;cont_40pct_ensemble_loo_mahal;0.4;ensemble_loo_mahal;10;10;10;4;392;160;60;100;2;5;95;0.7655;0.8475;0.7857;0.1100;0.5200;-0.0563;0.2176;0.7500;1;0.7500;0.7500;;;9.05
2026-02-17T21:51:43.242114;VisA/capsules;cont_40pct_cosine_loo;0.4;cosine_loo;10;10;10;4;392;160;60;100;2;5;95;0.7607;0.8485;0.7692;0.1100;0.5300;-0.0612;0.1505;0.7500;1;0.7500;0.7500;;;8.24
2026-02-17T21:51:50.855139;VisA/capsules;cont_50pct_none;0.5;none;10;10;10;5;0;160;60;100;2;5;95;0.7145;0.8175;0.7692;0.0800;0.4200;-0.1073;;;;;;;;7.59
2026-02-17T21:51:59.609474;VisA/capsules;cont_50pct_loo_patch;0.5;loo_patch;10;10;10;5;392;160;60;100;2;5;95;0.7408;0.8264;0.7798;0.0900;0.4100;-0.0810;0.2453;0.8000;1;0.8000;0.8000;;;8.75
2026-02-17T21:52:07.424683;VisA/capsules;cont_50pct_random_patch;0.5;random_patch;10;10;10;5;392;160;60;100;2;5;95;0.7235;0.8214;0.7692;0.1000;0.4200;-0.0983;0.0839;0.8000;1;0.8000;0.8000;;;7.69
2026-02-17T21:52:16.327162;VisA/capsules;cont_50pct_mahalanobis_patch;0.5;mahalanobis_patch;10;10;10;5;392;160;60;100;2;5;95;0.7363;0.8320;0.7692;0.1000;0.4800;-0.0855;0.2034;0.8000;1;0.8000;0.8000;;;8.90
2026-02-17T21:52:20.396406;VisA/capsules;cont_50pct_oracle_patch;0.5;oracle_patch;10;10;5;5;3920;160;60;100;2;5;95;0.8037;0.8639;0.8108;0.1100;0.4900;-0.0182;0.8307;0.8000;1;0.8000;0.8000;;;4.06
2026-02-17T21:52:29.522129;VisA/capsules;cont_50pct_ensemble_loo_mahal;0.5;ensemble_loo_mahal;10;10;10;5;392;160;60;100;2;5;95;0.7510;0.8391;0.7778;0.1100;0.4400;-0.0708;0.3401;0.8000;1;0.8000;0.8000;;;9.12
2026-02-17T21:52:38.374877;VisA/capsules;cont_50pct_cosine_loo;0.5;cosine_loo;10;10;10;5;392;160;60;100;2;5;95;0.7387;0.8299;0.7692;0.1100;0.4100;-0.0832;0.2252;0.8000;1;0.8000;0.8000;;;8.85
2026-02-17T21:52:46.443863;VisA/capsules;cont_0pct_none;0.0;none;10;10;10;0;0;160;60;100;3;5;95;0.8883;0.9125;0.8673;0.1200;0.5500;;;;;;;;;7.93
2026-02-17T21:52:55.028495;VisA/capsules;cont_0pct_loo_patch;0.0;loo_patch;10;10;10;0;392;160;60;100;3;5;95;0.8855;0.9122;0.8687;0.1600;0.5600;-0.0028;;;;;;;;8.45
2026-02-17T21:53:01.889802;VisA/capsules;cont_0pct_random_patch;0.0;random_patch;10;10;10;0;392;160;60;100;3;5;95;0.8823;0.9095;0.8586;0.1100;0.5500;-0.0060;;;;;;;;6.86
2026-02-17T21:53:11.204983;VisA/capsules;cont_0pct_mahalanobis_patch;0.0;mahalanobis_patch;10;10;10;0;392;160;60;100;3;5;95;0.8852;0.9106;0.8683;0.1500;0.5600;-0.0032;;;;;;;;9.31
2026-02-17T21:53:11.218353;VisA/capsules;cont_0pct_oracle_patch;0.0;oracle_patch;10;10;10;0;0;160;60;100;3;5;95;0.8883;0.9125;0.8673;0.1200;0.5500;0.0000;;;;;;;;0.01
2026-02-17T21:53:21.178894;VisA/capsules;cont_0pct_ensemble_loo_mahal;0.0;ensemble_loo_mahal;10;10;10;0;392;160;60;100;3;5;95;0.8898;0.9143;0.8718;0.1600;0.5800;0.0015;;;;;;;;9.96
2026-02-17T21:53:29.898620;VisA/capsules;cont_0pct_cosine_loo;0.0;cosine_loo;10;10;10;0;392;160;60;100;3;5;95;0.8910;0.9151;0.8713;0.1300;0.5600;0.0027;;;;;;;;8.71
2026-02-17T21:53:37.820277;VisA/capsules;cont_5pct_none;0.05;none;10;10;10;0;0;160;60;100;3;5;95;0.8883;0.9125;0.8673;0.1200;0.5500;0.0000;;;;;;;;7.75
2026-02-17T21:53:45.438192;VisA/capsules;cont_5pct_loo_patch;0.05;loo_patch;10;10;10;0;392;160;60;100;3;5;95;0.8855;0.9122;0.8687;0.1600;0.5600;-0.0028;1.0000;;;;;;;7.61
2026-02-17T21:53:53.036433;VisA/capsules;cont_5pct_random_patch;0.05;random_patch;10;10;10;0;392;160;60;100;3;5;95;0.8823;0.9095;0.8586;0.1100;0.5500;-0.0060;1.0000;;;;;;;7.59
2026-02-17T21:54:02.382363;VisA/capsules;cont_5pct_mahalanobis_patch;0.05;mahalanobis_patch;10;10;10;0;392;160;60;100;3;5;95;0.8852;0.9106;0.8683;0.1500;0.5600;-0.0032;1.0000;;;;;;;9.34
2026-02-17T21:54:02.396755;VisA/capsules;cont_5pct_oracle_patch;0.05;oracle_patch;10;10;10;0;0;160;60;100;3;5;95;0.8883;0.9125;0.8673;0.1200;0.5500;0.0000;1.0000;;;;;;;0.01
2026-02-17T21:54:12.600379;VisA/capsules;cont_5pct_ensemble_loo_mahal;0.05;ensemble_loo_mahal;10;10;10;0;392;160;60;100;3;5;95;0.8898;0.9143;0.8718;0.1600;0.5800;0.0015;1.0000;;;;;;;10.06
2026-02-17T21:54:21.352833;VisA/capsules;cont_5pct_cosine_loo;0.05;cosine_loo;10;10;10;0;392;160;60;100;3;5;95;0.8910;0.9151;0.8713;0.1300;0.5600;0.0027;1.0000;;;;;;;8.75
2026-02-17T21:54:29.253633;VisA/capsules;cont_40pct_none;0.4;none;10;10;10;4;0;160;60;100;3;5;95;0.7800;0.8532;0.7861;0.0900;0.4600;-0.1083;;;;;;;;7.06
2026-02-17T21:54:38.060096;VisA/capsules;cont_40pct_loo_patch;0.4;loo_patch;10;10;10;4;392;160;60;100;3;5;95;0.7867;0.8579;0.7978;0.1100;0.4700;-0.1017;0.0615;0.5000;1;0.5000;0.5000;;;8.80
2026-02-17T21:54:44.616286;VisA/capsules;cont_40pct_random_patch;0.4;random_patch;10;10;10;4;392;160;60;100;3;5;95;0.7785;0.8536;0.7798;0.0900;0.4900;-0.1098;-0.0138;0.5000;1;0.5000;0.5000;;;6.55
2026-02-17T21:54:54.850946;VisA/capsules;cont_40pct_mahalanobis_patch;0.4;mahalanobis_patch;10;10;10;4;392;160;60;100;3;5;95;0.7907;0.8612;0.8021;0.1100;0.5600;-0.0977;0.0985;0.5000;1;0.5000;0.5000;;;10.23
2026-02-17T21:54:59.583867;VisA/capsules;cont_40pct_oracle_patch;0.4;oracle_patch;10;10;6;4;3136;160;60;100;3;5;95;0.8977;0.9136;0.8815;0.1300;0.5800;0.0093;1.0862;0.5000;1;0.5000;0.5000;;;4.73
2026-02-17T21:55:09.490579;VisA/capsules;cont_40pct_ensemble_loo_mahal;0.4;ensemble_loo_mahal;10;10;10;4;392;160;60;100;3;5;95;0.7865;0.8605;0.8022;0.1200;0.5400;-0.1018;0.0600;0.5000;1;0.5000;0.5000;;;9.75
2026-02-17T21:55:17.246076;VisA/capsules;cont_40pct_cosine_loo;0.4;cosine_loo;10;10;10;4;392;160;60;100;3;5;95;0.7880;0.8602;0.7940;0.1000;0.5100;-0.1003;0.0738;0.5000;1;0.5000;0.5000;;;7.75
2026-02-17T21:55:24.660010;VisA/capsules;cont_50pct_none;0.5;none;10;10;10;5;0;160;60;100;3;5;95;0.7265;0.8256;0.7692;0.0900;0.4000;-0.1618;;;;;;;;7.38
2026-02-17T21:55:33.316957;VisA/capsules;cont_50pct_loo_patch;0.5;loo_patch;10;10;10;5;392;160;60;100;3;5;95;0.7347;0.8276;0.7705;0.1100;0.4100;-0.1537;0.0505;0.6000;1;0.6000;0.6000;;;8.64
2026-02-17T21:55:41.033907;VisA/capsules;cont_50pct_random_patch;0.5;random_patch;10;10;10;5;392;160;60;100;3;5;95;0.7193;0.8233;0.7692;0.1000;0.3900;-0.1690;-0.0443;0.6000;1;0.6000;0.6000;;;7.71
2026-02-17T21:55:53.624787;VisA/capsules;cont_50pct_mahalanobis_patch;0.5;mahalanobis_patch;10;10;10;5;392;160;60;100;3;5;95;0.7238;0.8239;0.7692;0.0900;0.4100;-0.1645;-0.0165;0.6000;1;0.6000;0.6000;;;10.66
2026-02-17T21:55:56.909667;VisA/capsules;cont_50pct_oracle_patch;0.5;oracle_patch;10;10;5;5;3920;160;60;100;3;5;95;0.8762;0.9075;0.8488;0.1300;0.5400;-0.0122;0.9248;0.6000;1;0.6000;0.6000;;;3.28
2026-02-17T21:56:06.599586;VisA/capsules;cont_50pct_ensemble_loo_mahal;0.5;ensemble_loo_mahal;10;10;10;5;392;160;60;100;3;5;95;0.7302;0.8259;0.7692;0.1100;0.4100;-0.1582;0.0227;0.6000;1;0.6000;0.6000;;;9.69
2026-02-17T21:56:14.913214;VisA/capsules;cont_50pct_cosine_loo;0.5;cosine_loo;10;10;10;5;392;160;60;100;3;5;95;0.7432;0.8336;0.7692;0.0900;0.4000;-0.1452;0.1030;0.6000;1;0.6000;0.6000;;;8.31
2026-02-17T21:56:23.069617;VisA/capsules;cont_0pct_none;0.0;none;10;10;10;0;0;160;60;100;4;5;95;0.8230;0.8724;0.8214;0.1100;0.4700;;;;;;;;;8.01
2026-02-17T21:56:32.093747;VisA/capsules;cont_0pct_loo_patch;0.0;loo_patch;10;10;10;0;392;160;60;100;4;5;95;0.8285;0.8860;0.8309;0.1500;0.5500;0.0055;;;;;;;;8.64
2026-02-17T21:56:39.705275;VisA/capsules;cont_0pct_random_patch;0.0;random_patch;10;10;10;0;392;160;60;100;4;5;95;0.8343;0.8791;0.8177;0.1200;0.4800;0.0113;;;;;;;;7.60
2026-02-17T21:56:49.705665;VisA/capsules;cont_0pct_mahalanobis_patch;0.0;mahalanobis_patch;10;10;10;0;392;160;60;100;4;5;95;0.8388;0.8899;0.8426;0.1300;0.6100;0.0158;;;;;;;;10.00
2026-02-17T21:56:49.720506;VisA/capsules;cont_0pct_oracle_patch;0.0;oracle_patch;10;10;10;0;0;160;60;100;4;5;95;0.8230;0.8724;0.8214;0.1100;0.4700;0.0000;;;;;;;;0.01
2026-02-17T21:56:59.702268;VisA/capsules;cont_0pct_ensemble_loo_mahal;0.0;ensemble_loo_mahal;10;10;10;0;392;160;60;100;4;5;95;0.8273;0.8846;0.8381;0.1400;0.5700;0.0043;;;;;;;;9.89
2026-02-17T21:57:08.533007;VisA/capsules;cont_0pct_cosine_loo;0.0;cosine_loo;10;10;10;0;392;160;60;100;4;5;95;0.8180;0.8805;0.8230;0.1400;0.5600;-0.0050;;;;;;;;8.82
2026-02-17T21:57:16.477748;VisA/capsules;cont_5pct_none;0.05;none;10;10;10;0;0;160;60;100;4;5;95;0.8230;0.8724;0.8214;0.1100;0.4700;0.0000;;;;;;;;7.93
2026-02-17T21:57:24.719355;VisA/capsules;cont_5pct_loo_patch;0.05;loo_patch;10;10;10;0;392;160;60;100;4;5;95;0.8285;0.8860;0.8309;0.1500;0.5500;0.0055;1.0000;;;;;;;7.86
2026-02-17T21:57:32.215573;VisA/capsules;cont_5pct_random_patch;0.05;random_patch;10;10;10;0;392;160;60;100;4;5;95;0.8343;0.8791;0.8177;0.1200;0.4800;0.0113;1.0000;;;;;;;7.49
2026-02-17T21:57:41.202486;VisA/capsules;cont_5pct_mahalanobis_patch;0.05;mahalanobis_patch;10;10;10;0;392;160;60;100;4;5;95;0.8388;0.8899;0.8426;0.1300;0.6100;0.0158;1.0000;;;;;;;8.98
2026-02-17T21:57:41.223506;VisA/capsules;cont_5pct_oracle_patch;0.05;oracle_patch;10;10;10;0;0;160;60;100;4;5;95;0.8230;0.8724;0.8214;0.1100;0.4700;0.0000;1.0000;;;;;;;0.02
2026-02-17T21:57:51.575670;VisA/capsules;cont_5pct_ensemble_loo_mahal;0.05;ensemble_loo_mahal;10;10;10;0;392;160;60;100;4;5;95;0.8273;0.8846;0.8381;0.1400;0.5700;0.0043;1.0000;;;;;;;10.11
2026-02-17T21:58:00.041548;VisA/capsules;cont_5pct_cosine_loo;0.05;cosine_loo;10;10;10;0;392;160;60;100;4;5;95;0.8180;0.8805;0.8230;0.1400;0.5600;-0.0050;1.0000;;;;;;;8.46
2026-02-17T21:58:07.826813;VisA/capsules;cont_40pct_none;0.4;none;10;10;10;4;0;160;60;100;4;5;95;0.7575;0.8437;0.7700;0.0700;0.5400;-0.0655;;;;;;;;7.76
2026-02-17T21:58:15.932915;VisA/capsules;cont_40pct_loo_patch;0.4;loo_patch;10;10;10;4;392;160;60;100;4;5;95;0.7940;0.8658;0.8019;0.1000;0.5600;-0.0290;0.5573;0.8750;1;0.7500;0.7500;;;8.10
2026-02-17T21:58:22.644515;VisA/capsules;cont_40pct_random_patch;0.4;random_patch;10;10;10;4;392;160;60;100;4;5;95;0.7687;0.8499;0.7797;0.0800;0.5800;-0.0543;0.1705;0.8750;1;0.7500;0.7500;;;6.70
2026-02-17T21:58:32.418501;VisA/capsules;cont_40pct_mahalanobis_patch;0.4;mahalanobis_patch;10;10;10;4;392;160;60;100;4;5;95;0.7893;0.8621;0.7981;0.0900;0.4800;-0.0337;0.4860;0.8750;1;0.7500;0.7500;;;9.77
2026-02-17T21:58:37.228283;VisA/capsules;cont_40pct_oracle_patch;0.4;oracle_patch;10;10;6;4;3136;160;60;100;4;5;95;0.8178;0.8818;0.8134;0.1600;0.6000;-0.0052;0.9211;0.8750;1;0.7500;0.7500;;;4.80
2026-02-17T21:58:48.547897;VisA/capsules;cont_40pct_ensemble_loo_mahal;0.4;ensemble_loo_mahal;10;10;10;4;392;160;60;100;4;5;95;0.7998;0.8681;0.7980;0.1000;0.5300;-0.0232;0.6463;0.8750;1;0.7500;0.7500;;;10.01
2026-02-17T21:58:56.445996;VisA/capsules;cont_40pct_cosine_loo;0.4;cosine_loo;10;10;10;4;392;160;60;100;4;5;95;0.7983;0.8643;0.8038;0.1000;0.5700;-0.0247;0.6234;0.8750;1;0.7500;0.7500;;;7.89
2026-02-17T21:59:03.658541;VisA/capsules;cont_50pct_none;0.5;none;10;10;10;5;0;160;60;100;4;5;95;0.7722;0.8468;0.7838;0.0700;0.5000;-0.0508;;;;;;;;7.19
2026-02-17T21:59:12.227407;VisA/capsules;cont_50pct_loo_patch;0.5;loo_patch;10;10;10;5;392;160;60;100;4;5;95;0.8108;0.8682;0.8155;0.1000;0.5800;-0.0122;0.7607;0.8800;1;0.8000;0.8000;;;8.56
2026-02-17T21:59:17.606863;VisA/capsules;cont_50pct_random_patch;0.5;random_patch;10;10;10;5;392;160;60;100;4;5;95;0.7770;0.8513;0.7850;0.0700;0.5400;-0.0460;0.0951;0.8800;1;0.8000;0.8000;;;5.38
2026-02-17T21:59:25.807704;VisA/capsules;cont_50pct_mahalanobis_patch;0.5;mahalanobis_patch;10;10;10;5;392;160;60;100;4;5;95;0.8002;0.8688;0.8100;0.1000;0.5400;-0.0228;0.5508;0.8800;1;0.8000;0.8000;;;8.20
2026-02-17T21:59:29.804542;VisA/capsules;cont_50pct_oracle_patch;0.5;oracle_patch;10;10;5;5;3920;160;60;100;4;5;95;0.8655;0.9058;0.8469;0.1600;0.6200;0.0425;1.8361;0.8800;1;0.8000;0.8000;;;3.99
2026-02-17T21:59:38.375326;VisA/capsules;cont_50pct_ensemble_loo_mahal;0.5;ensemble_loo_mahal;10;10;10;5;392;160;60;100;4;5;95;0.8215;0.8817;0.8283;0.1000;0.5700;-0.0015;0.9705;0.8800;1;0.8000;0.8000;;;8.56
2026-02-17T21:59:46.173579;VisA/capsules;cont_50pct_cosine_loo;0.5;cosine_loo;10;10;10;5;392;160;60;100;4;5;95;0.8135;0.8704;0.8191;0.0900;0.5900;-0.0095;0.8131;0.8800;1;0.8000;0.8000;;;7.79
2026-02-17T21:59:54.977601;VisA/cashew;cont_0pct_none;0.0;none;10;10;10;0;0;150;50;100;0;5;95;0.9280;0.9583;0.9179;0.3700;0.6700;;;;;;;;;7.18
2026-02-17T22:00:01.888823;VisA/cashew;cont_0pct_loo_patch;0.0;loo_patch;10;10;10;0;392;150;50;100;0;5;95;0.9238;0.9552;0.9143;0.3200;0.6500;-0.0042;;;;;;;;6.91
2026-02-17T22:00:08.141600;VisA/cashew;cont_0pct_random_patch;0.0;random_patch;10;10;10;0;392;150;50;100;0;5;95;0.9250;0.9578;0.9159;0.3800;0.7000;-0.0030;;;;;;;;6.25
2026-02-17T22:00:18.283871;VisA/cashew;cont_0pct_mahalanobis_patch;0.0;mahalanobis_patch;10;10;10;0;392;150;50;100;0;5;95;0.9222;0.9548;0.9082;0.3400;0.6100;-0.0058;;;;;;;;10.14
2026-02-17T22:00:18.297884;VisA/cashew;cont_0pct_oracle_patch;0.0;oracle_patch;10;10;10;0;0;150;50;100;0;5;95;0.9280;0.9583;0.9179;0.3700;0.6700;0.0000;;;;;;;;0.01
2026-02-17T22:00:27.218382;VisA/cashew;cont_0pct_ensemble_loo_mahal;0.0;ensemble_loo_mahal;10;10;10;0;392;150;50;100;0;5;95;0.9230;0.9570;0.9064;0.3900;0.6200;-0.0050;;;;;;;;8.86
2026-02-17T22:00:34.037133;VisA/cashew;cont_0pct_cosine_loo;0.0;cosine_loo;10;10;10;0;392;150;50;100;0;5;95;0.9258;0.9587;0.9100;0.3900;0.6900;-0.0022;;;;;;;;6.81
2026-02-17T22:00:40.852903;VisA/cashew;cont_5pct_none;0.05;none;10;10;10;0;0;150;50;100;0;5;95;0.9280;0.9583;0.9179;0.3700;0.6700;0.0000;;;;;;;;6.80
2026-02-17T22:00:47.961428;VisA/cashew;cont_5pct_loo_patch;0.05;loo_patch;10;10;10;0;392;150;50;100;0;5;95;0.9238;0.9552;0.9143;0.3200;0.6500;-0.0042;1.0000;;;;;;;7.10
2026-02-17T22:00:53.722455;VisA/cashew;cont_5pct_random_patch;0.05;random_patch;10;10;10;0;392;150;50;100;0;5;95;0.9250;0.9578;0.9159;0.3800;0.7000;-0.0030;1.0000;;;;;;;5.76
2026-02-17T22:01:02.677500;VisA/cashew;cont_5pct_mahalanobis_patch;0.05;mahalanobis_patch;10;10;10;0;392;150;50;100;0;5;95;0.9222;0.9548;0.9082;0.3400;0.6100;-0.0058;1.0000;;;;;;;8.95
2026-02-17T22:01:02.691407;VisA/cashew;cont_5pct_oracle_patch;0.05;oracle_patch;10;10;10;0;0;150;50;100;0;5;95;0.9280;0.9583;0.9179;0.3700;0.6700;0.0000;1.0000;;;;;;;0.01
2026-02-17T22:01:11.794258;VisA/cashew;cont_5pct_ensemble_loo_mahal;0.05;ensemble_loo_mahal;10;10;10;0;392;150;50;100;0;5;95;0.9230;0.9570;0.9064;0.3900;0.6200;-0.0050;1.0000;;;;;;;9.10
2026-02-17T22:01:18.482310;VisA/cashew;cont_5pct_cosine_loo;0.05;cosine_loo;10;10;10;0;392;150;50;100;0;5;95;0.9258;0.9587;0.9100;0.3900;0.6900;-0.0022;1.0000;;;;;;;6.68
2026-02-17T22:01:25.300487;VisA/cashew;cont_40pct_none;0.4;none;10;10;10;4;0;150;50;100;0;5;95;0.8404;0.9181;0.8544;0.2900;0.5000;-0.0876;;;;;;;;6.80
2026-02-17T22:01:32.768799;VisA/cashew;cont_40pct_loo_patch;0.4;loo_patch;10;10;10;4;392;150;50;100;0;5;95;0.8438;0.9162;0.8638;0.2300;0.5000;-0.0842;0.0388;0.7083;0;0.5000;0.5000;;;7.46
2026-02-17T22:01:39.361350;VisA/cashew;cont_40pct_random_patch;0.4;random_patch;10;10;10;4;392;150;50;100;0;5;95;0.8434;0.9199;0.8558;0.2900;0.5500;-0.0846;0.0342;0.7083;0;0.5000;0.5000;;;6.59
2026-02-17T22:01:49.004848;VisA/cashew;cont_40pct_mahalanobis_patch;0.4;mahalanobis_patch;10;10;10;4;392;150;50;100;0;5;95;0.8450;0.9148;0.8558;0.2800;0.4700;-0.0830;0.0525;0.7083;0;0.5000;0.5000;;;9.63
2026-02-17T22:01:52.866848;VisA/cashew;cont_40pct_oracle_patch;0.4;oracle_patch;10;10;6;4;3136;150;50;100;0;5;95;0.9042;0.9461;0.8981;0.3400;0.5900;-0.0238;0.7283;0.7083;0;0.5000;0.5000;;;3.86
2026-02-17T22:02:01.648690;VisA/cashew;cont_40pct_ensemble_loo_mahal;0.4;ensemble_loo_mahal;10;10;10;4;392;150;50;100;0;5;95;0.8406;0.9127;0.8545;0.2700;0.4400;-0.0874;0.0023;0.7083;0;0.5000;0.5000;;;8.78
2026-02-17T22:02:09.796182;VisA/cashew;cont_40pct_cosine_loo;0.4;cosine_loo;10;10;10;4;392;150;50;100;0;5;95;0.8462;0.9207;0.8708;0.3000;0.5200;-0.0818;0.0662;0.7083;0;0.5000;0.5000;;;8.14
2026-02-17T22:02:15.501690;VisA/cashew;cont_50pct_none;0.5;none;10;10;10;5;0;150;50;100;0;5;95;0.8144;0.9046;0.8374;0.2600;0.4100;-0.1136;;;;;;;;5.68
2026-02-17T22:02:23.606286;VisA/cashew;cont_50pct_loo_patch;0.5;loo_patch;10;10;10;5;392;150;50;100;0;5;95;0.8190;0.9070;0.8458;0.2700;0.4900;-0.1090;0.0405;0.6800;0;0.6000;0.6000;;;8.10
2026-02-17T22:02:29.620910;VisA/cashew;cont_50pct_random_patch;0.5;random_patch;10;10;10;5;392;150;50;100;0;5;95;0.8154;0.9052;0.8390;0.2900;0.4300;-0.1126;0.0088;0.6800;0;0.6000;0.6000;;;6.01
2026-02-17T22:02:37.743214;VisA/cashew;cont_50pct_mahalanobis_patch;0.5;mahalanobis_patch;10;10;10;5;392;150;50;100;0;5;95;0.8294;0.9117;0.8431;0.2900;0.4800;-0.0986;0.1320;0.6800;0;0.6000;0.6000;;;8.12
2026-02-17T22:02:41.574799;VisA/cashew;cont_50pct_oracle_patch;0.5;oracle_patch;10;10;5;5;3920;150;50;100;0;5;95;0.9020;0.9430;0.8932;0.2800;0.5500;-0.0260;0.7711;0.6800;0;0.6000;0.6000;;;3.83
2026-02-17T22:02:50.462354;VisA/cashew;cont_50pct_ensemble_loo_mahal;0.5;ensemble_loo_mahal;10;10;10;5;392;150;50;100;0;5;95;0.8206;0.9072;0.8341;0.2500;0.4400;-0.1074;0.0546;0.6800;0;0.6000;0.6000;;;8.47
2026-02-17T22:02:57.802643;VisA/cashew;cont_50pct_cosine_loo;0.5;cosine_loo;10;10;10;5;392;150;50;100;0;5;95;0.8162;0.9060;0.8326;0.2800;0.4300;-0.1118;0.0158;0.6800;0;0.6000;0.6000;;;7.33
2026-02-17T22:03:04.726493;VisA/cashew;cont_0pct_none;0.0;none;10;10;10;0;0;150;50;100;1;5;95;0.9140;0.9482;0.9135;0.3400;0.5700;;;;;;;;;6.79
2026-02-17T22:03:11.755012;VisA/cashew;cont_0pct_loo_patch;0.0;loo_patch;10;10;10;0;392;150;50;100;1;5;95;0.9046;0.9422;0.9082;0.2900;0.5400;-0.0094;;;;;;;;7.03
2026-02-17T22:03:18.759443;VisA/cashew;cont_0pct_random_patch;0.0;random_patch;10;10;10;0;392;150;50;100;1;5;95;0.9082;0.9453;0.9100;0.3300;0.5500;-0.0058;;;;;;;;7.00
2026-02-17T22:03:27.455285;VisA/cashew;cont_0pct_mahalanobis_patch;0.0;mahalanobis_patch;10;10;10;0;392;150;50;100;1;5;95;0.9066;0.9408;0.9126;0.2800;0.5400;-0.0074;;;;;;;;8.16
2026-02-17T22:03:27.473514;VisA/cashew;cont_0pct_oracle_patch;0.0;oracle_patch;10;10;10;0;0;150;50;100;1;5;95;0.9140;0.9482;0.9135;0.3400;0.5700;0.0000;;;;;;;;0.01
2026-02-17T22:03:35.785553;VisA/cashew;cont_0pct_ensemble_loo_mahal;0.0;ensemble_loo_mahal;10;10;10;0;392;150;50;100;1;5;95;0.9100;0.9444;0.9216;0.2700;0.6100;-0.0040;;;;;;;;8.12
2026-02-17T22:03:43.298781;VisA/cashew;cont_0pct_cosine_loo;0.0;cosine_loo;10;10;10;0;392;150;50;100;1;5;95;0.9178;0.9510;0.9118;0.3200;0.6200;0.0038;;;;;;;;7.51
2026-02-17T22:03:49.743723;VisA/cashew;cont_5pct_none;0.05;none;10;10;10;0;0;150;50;100;1;5;95;0.9140;0.9482;0.9135;0.3400;0.5700;0.0000;;;;;;;;6.43
2026-02-17T22:03:57.190833;VisA/cashew;cont_5pct_loo_patch;0.05;loo_patch;10;10;10;0;392;150;50;100;1;5;95;0.9046;0.9422;0.9082;0.2900;0.5400;-0.0094;1.0000;;;;;;;7.44
2026-02-17T22:04:02.739543;VisA/cashew;cont_5pct_random_patch;0.05;random_patch;10;10;10;0;392;150;50;100;1;5;95;0.9082;0.9453;0.9100;0.3300;0.5500;-0.0058;1.0000;;;;;;;5.54
2026-02-17T22:04:12.232957;VisA/cashew;cont_5pct_mahalanobis_patch;0.05;mahalanobis_patch;10;10;10;0;392;150;50;100;1;5;95;0.9066;0.9408;0.9126;0.2800;0.5400;-0.0074;1.0000;;;;;;;9.49
2026-02-17T22:04:12.250298;VisA/cashew;cont_5pct_oracle_patch;0.05;oracle_patch;10;10;10;0;0;150;50;100;1;5;95;0.9140;0.9482;0.9135;0.3400;0.5700;0.0000;1.0000;;;;;;;0.01
2026-02-17T22:04:20.787391;VisA/cashew;cont_5pct_ensemble_loo_mahal;0.05;ensemble_loo_mahal;10;10;10;0;392;150;50;100;1;5;95;0.9100;0.9444;0.9216;0.2700;0.6100;-0.0040;1.0000;;;;;;;8.21
2026-02-17T22:04:29.123133;VisA/cashew;cont_5pct_cosine_loo;0.05;cosine_loo;10;10;10;0;392;150;50;100;1;5;95;0.9178;0.9510;0.9118;0.3200;0.6200;0.0038;1.0000;;;;;;;8.33
2026-02-17T22:04:35.036809;VisA/cashew;cont_40pct_none;0.4;none;10;10;10;4;0;150;50;100;1;5;95;0.8462;0.9147;0.8750;0.2000;0.4300;-0.0678;;;;;;;;5.89
2026-02-17T22:04:43.245218;VisA/cashew;cont_40pct_loo_patch;0.4;loo_patch;10;10;10;4;392;150;50;100;1;5;95;0.8690;0.9244;0.8704;0.2100;0.4800;-0.0450;0.3363;0.8750;1;0.7500;0.7500;;;8.20
2026-02-17T22:04:50.150520;VisA/cashew;cont_40pct_random_patch;0.4;random_patch;10;10;10;4;392;150;50;100;1;5;95;0.8498;0.9163;0.8667;0.2200;0.4300;-0.0642;0.0531;0.8750;1;0.7500;0.7500;;;6.90
2026-02-17T22:05:01.126051;VisA/cashew;cont_40pct_mahalanobis_patch;0.4;mahalanobis_patch;10;10;10;4;392;150;50;100;1;5;95;0.8644;0.9192;0.8762;0.1700;0.5100;-0.0496;0.2684;0.8750;1;0.7500;0.7500;;;10.97
2026-02-17T22:05:05.656884;VisA/cashew;cont_40pct_oracle_patch;0.4;oracle_patch;10;10;6;4;3136;150;50;100;1;5;95;0.9082;0.9470;0.9100;0.3100;0.5600;-0.0058;0.9145;0.8750;1;0.7500;0.7500;;;4.53
2026-02-17T22:05:14.243191;VisA/cashew;cont_40pct_ensemble_loo_mahal;0.4;ensemble_loo_mahal;10;10;10;4;392;150;50;100;1;5;95;0.8714;0.9257;0.8774;0.2000;0.5100;-0.0426;0.3717;0.8750;1;0.7500;0.7500;;;8.37
2026-02-17T22:05:22.652192;VisA/cashew;cont_40pct_cosine_loo;0.4;cosine_loo;10;10;10;4;392;150;50;100;1;5;95;0.8708;0.9273;0.8750;0.2500;0.4900;-0.0432;0.3628;0.8750;1;0.7500;0.7500;;;8.40
2026-02-17T22:05:28.890707;VisA/cashew;cont_50pct_none;0.5;none;10;10;10;5;0;150;50;100;1;5;95;0.8310;0.9081;0.8679;0.1900;0.4600;-0.0830;;;;;;;;5.99
2026-02-17T22:05:37.129358;VisA/cashew;cont_50pct_loo_patch;0.5;loo_patch;10;10;10;5;392;150;50;100;1;5;95;0.8504;0.9167;0.8545;0.2400;0.4900;-0.0636;0.2337;0.8800;1;0.8000;0.8000;;;8.23
2026-02-17T22:05:43.944989;VisA/cashew;cont_50pct_random_patch;0.5;random_patch;10;10;10;5;392;150;50;100;1;5;95;0.8238;0.9037;0.8519;0.1700;0.4300;-0.0902;-0.0867;0.8800;1;0.8000;0.8000;;;6.81
2026-02-17T22:05:52.234900;VisA/cashew;cont_50pct_mahalanobis_patch;0.5;mahalanobis_patch;10;10;10;5;392;150;50;100;1;5;95;0.8338;0.9080;0.8584;0.2000;0.4800;-0.0802;0.0337;0.8800;1;0.8000;0.8000;;;8.15
2026-02-17T22:05:56.137692;VisA/cashew;cont_50pct_oracle_patch;0.5;oracle_patch;10;10;5;5;3920;150;50;100;1;5;95;0.9018;0.9459;0.8932;0.3700;0.5700;-0.0122;0.8530;0.8800;1;0.8000;0.8000;;;3.90
2026-02-17T22:06:04.196647;VisA/cashew;cont_50pct_ensemble_loo_mahal;0.5;ensemble_loo_mahal;10;10;10;5;392;150;50;100;1;5;95;0.8602;0.9220;0.8585;0.2300;0.5400;-0.0538;0.3518;0.8800;1;0.8000;0.8000;;;7.96
2026-02-17T22:06:12.430169;VisA/cashew;cont_50pct_cosine_loo;0.5;cosine_loo;10;10;10;5;392;150;50;100;1;5;95;0.8358;0.9104;0.8558;0.2500;0.4700;-0.0782;0.0578;0.8800;1;0.8000;0.8000;;;8.23
2026-02-17T22:06:19.477387;VisA/cashew;cont_0pct_none;0.0;none;10;10;10;0;0;150;50;100;2;5;95;0.9247;0.9543;0.9259;0.3500;0.6000;;;;;;;;;6.75
2026-02-17T22:06:26.931560;VisA/cashew;cont_0pct_loo_patch;0.0;loo_patch;10;10;10;0;392;150;50;100;2;5;95;0.9158;0.9521;0.9005;0.3700;0.5700;-0.0089;;;;;;;;7.45
2026-02-17T22:06:34.114003;VisA/cashew;cont_0pct_random_patch;0.0;random_patch;10;10;10;0;392;150;50;100;2;5;95;0.9268;0.9551;0.9302;0.3900;0.5600;0.0021;;;;;;;;7.18
2026-02-17T22:06:42.540829;VisA/cashew;cont_0pct_mahalanobis_patch;0.0;mahalanobis_patch;10;10;10;0;392;150;50;100;2;5;95;0.9176;0.9516;0.9135;0.3800;0.6400;-0.0071;;;;;;;;8.20
2026-02-17T22:06:42.558262;VisA/cashew;cont_0pct_oracle_patch;0.0;oracle_patch;10;10;10;0;0;150;50;100;2;5;95;0.9247;0.9543;0.9259;0.3500;0.6000;0.0000;;;;;;;;0.01
2026-02-17T22:06:51.969065;VisA/cashew;cont_0pct_ensemble_loo_mahal;0.0;ensemble_loo_mahal;10;10;10;0;392;150;50;100;2;5;95;0.9180;0.9533;0.8991;0.3700;0.6500;-0.0067;;;;;;;;9.26
2026-02-17T22:06:59.044089;VisA/cashew;cont_0pct_cosine_loo;0.0;cosine_loo;10;10;10;0;392;150;50;100;2;5;95;0.9232;0.9537;0.9252;0.3700;0.5900;-0.0015;;;;;;;;7.07
2026-02-17T22:07:06.542215;VisA/cashew;cont_5pct_none;0.05;none;10;10;10;0;0;150;50;100;2;5;95;0.9247;0.9543;0.9259;0.3500;0.6000;0.0000;;;;;;;;7.48
2026-02-17T22:07:13.338655;VisA/cashew;cont_5pct_loo_patch;0.05;loo_patch;10;10;10;0;392;150;50;100;2;5;95;0.9158;0.9521;0.9005;0.3700;0.5700;-0.0089;1.0000;;;;;;;6.69
2026-02-17T22:07:20.415409;VisA/cashew;cont_5pct_random_patch;0.05;random_patch;10;10;10;0;392;150;50;100;2;5;95;0.9268;0.9551;0.9302;0.3900;0.5600;0.0021;1.0000;;;;;;;7.07
2026-02-17T22:07:28.870903;VisA/cashew;cont_5pct_mahalanobis_patch;0.05;mahalanobis_patch;10;10;10;0;392;150;50;100;2;5;95;0.9176;0.9516;0.9135;0.3800;0.6400;-0.0071;1.0000;;;;;;;8.45
2026-02-17T22:07:28.884622;VisA/cashew;cont_5pct_oracle_patch;0.05;oracle_patch;10;10;10;0;0;150;50;100;2;5;95;0.9247;0.9543;0.9259;0.3500;0.6000;0.0000;1.0000;;;;;;;0.01
2026-02-17T22:07:38.966166;VisA/cashew;cont_5pct_ensemble_loo_mahal;0.05;ensemble_loo_mahal;10;10;10;0;392;150;50;100;2;5;95;0.9180;0.9533;0.8991;0.3700;0.6500;-0.0067;1.0000;;;;;;;10.08
2026-02-17T22:07:45.765254;VisA/cashew;cont_5pct_cosine_loo;0.05;cosine_loo;10;10;10;0;392;150;50;100;2;5;95;0.9232;0.9537;0.9252;0.3700;0.5900;-0.0015;1.0000;;;;;;;6.79
2026-02-17T22:07:53.141374;VisA/cashew;cont_40pct_none;0.4;none;10;10;10;4;0;150;50;100;2;5;95;0.8562;0.9242;0.8756;0.3200;0.4300;-0.0685;;;;;;;;7.35
2026-02-17T22:08:00.960129;VisA/cashew;cont_40pct_loo_patch;0.4;loo_patch;10;10;10;4;392;150;50;100;2;5;95;0.8614;0.9269;0.8713;0.3600;0.4500;-0.0633;0.0759;0.8750;1;0.7500;0.7500;;;7.81
2026-02-17T22:08:06.973381;VisA/cashew;cont_40pct_random_patch;0.4;random_patch;10;10;10;4;392;150;50;100;2;5;95;0.8540;0.9237;0.8614;0.3300;0.4500;-0.0707;-0.0321;0.8750;1;0.7500;0.7500;;;5.91
2026-02-17T22:08:17.069340;VisA/cashew;cont_40pct_mahalanobis_patch;0.4;mahalanobis_patch;10;10;10;4;392;150;50;100;2;5;95;0.8540;0.9216;0.8750;0.2900;0.5200;-0.0707;-0.0321;0.8750;1;0.7500;0.7500;;;10.09
2026-02-17T22:08:20.218280;VisA/cashew;cont_40pct_oracle_patch;0.4;oracle_patch;10;10;6;4;3136;150;50;100;2;5;95;0.9210;0.9528;0.9124;0.3400;0.5500;-0.0037;0.9460;0.8750;1;0.7500;0.7500;;;3.14
2026-02-17T22:08:29.950596;VisA/cashew;cont_40pct_ensemble_loo_mahal;0.4;ensemble_loo_mahal;10;10;10;4;392;150;50;100;2;5;95;0.8586;0.9233;0.8756;0.2900;0.4600;-0.0661;0.0350;0.8750;1;0.7500;0.7500;;;9.73
2026-02-17T22:08:36.724963;VisA/cashew;cont_40pct_cosine_loo;0.4;cosine_loo;10;10;10;4;392;150;50;100;2;5;95;0.8632;0.9244;0.8778;0.2900;0.4900;-0.0615;0.1022;0.8750;1;0.7500;0.7500;;;6.77
2026-02-17T22:08:44.227811;VisA/cashew;cont_50pct_none;0.5;none;10;10;10;5;0;150;50;100;2;5;95;0.8402;0.9201;0.8600;0.3500;0.4200;-0.0845;;;;;;;;7.48
2026-02-17T22:08:52.007919;VisA/cashew;cont_50pct_loo_patch;0.5;loo_patch;10;10;10;5;392;150;50;100;2;5;95;0.8612;0.9263;0.8692;0.3800;0.4600;-0.0635;0.2485;0.8400;1;0.8000;0.8000;;;7.78
2026-02-17T22:08:58.830356;VisA/cashew;cont_50pct_random_patch;0.5;random_patch;10;10;10;5;392;150;50;100;2;5;95;0.8390;0.9212;0.8449;0.3600;0.3800;-0.0857;-0.0142;0.8400;1;0.8000;0.8000;;;6.69
2026-02-17T22:09:08.369583;VisA/cashew;cont_50pct_mahalanobis_patch;0.5;mahalanobis_patch;10;10;10;5;392;150;50;100;2;5;95;0.8294;0.9103;0.8473;0.2900;0.4500;-0.0953;-0.1278;0.8400;1;0.8000;0.8000;;;9.53
2026-02-17T22:09:11.517855;VisA/cashew;cont_50pct_oracle_patch;0.5;oracle_patch;10;10;5;5;3920;150;50;100;2;5;95;0.9148;0.9494;0.9091;0.3400;0.5500;-0.0099;0.8828;0.8400;1;0.8000;0.8000;;;3.14
2026-02-17T22:09:21.457957;VisA/cashew;cont_50pct_ensemble_loo_mahal;0.5;ensemble_loo_mahal;10;10;10;5;392;150;50;100;2;5;95;0.8366;0.9145;0.8491;0.2900;0.4700;-0.0881;-0.0426;0.8400;1;0.8000;0.8000;;;9.93
2026-02-17T22:09:28.564565;VisA/cashew;cont_50pct_cosine_loo;0.5;cosine_loo;10;10;10;5;392;150;50;100;2;5;95;0.8498;0.9222;0.8571;0.3500;0.4500;-0.0749;0.1136;0.8400;1;0.8000;0.8000;;;7.10
2026-02-17T22:09:35.647867;VisA/cashew;cont_0pct_none;0.0;none;10;10;10;0;0;150;50;100;3;5;95;0.9230;0.9523;0.9151;0.3300;0.5600;;;;;;;;;6.96
2026-02-17T22:09:43.761111;VisA/cashew;cont_0pct_loo_patch;0.0;loo_patch;10;10;10;0;392;150;50;100;3;5;95;0.9040;0.9461;0.8920;0.3500;0.5600;-0.0190;;;;;;;;8.11
2026-02-17T22:09:49.337112;VisA/cashew;cont_0pct_random_patch;0.0;random_patch;10;10;10;0;392;150;50;100;3;5;95;0.9274;0.9545;0.9192;0.3400;0.5600;0.0044;;;;;;;;5.57
2026-02-17T22:09:58.881102;VisA/cashew;cont_0pct_mahalanobis_patch;0.0;mahalanobis_patch;10;10;10;0;392;150;50;100;3;5;95;0.9040;0.9452;0.8879;0.3200;0.5800;-0.0190;;;;;;;;9.54
2026-02-17T22:09:58.897816;VisA/cashew;cont_0pct_oracle_patch;0.0;oracle_patch;10;10;10;0;0;150;50;100;3;5;95;0.9230;0.9523;0.9151;0.3300;0.5600;0.0000;;;;;;;;0.01
2026-02-17T22:10:07.826041;VisA/cashew;cont_0pct_ensemble_loo_mahal;0.0;ensemble_loo_mahal;10;10;10;0;392;150;50;100;3;5;95;0.9082;0.9483;0.8972;0.3300;0.5800;-0.0148;;;;;;;;8.20
2026-02-17T22:10:16.067954;VisA/cashew;cont_0pct_cosine_loo;0.0;cosine_loo;10;10;10;0;392;150;50;100;3;5;95;0.9222;0.9537;0.9179;0.3400;0.5600;-0.0008;;;;;;;;8.24
2026-02-17T22:10:22.519751;VisA/cashew;cont_5pct_none;0.05;none;10;10;10;0;0;150;50;100;3;5;95;0.9230;0.9523;0.9151;0.3300;0.5600;0.0000;;;;;;;;6.07
2026-02-17T22:10:30.741208;VisA/cashew;cont_5pct_loo_patch;0.05;loo_patch;10;10;10;0;392;150;50;100;3;5;95;0.9040;0.9461;0.8920;0.3500;0.5600;-0.0190;1.0000;;;;;;;8.22
2026-02-17T22:10:37.287978;VisA/cashew;cont_5pct_random_patch;0.05;random_patch;10;10;10;0;392;150;50;100;3;5;95;0.9274;0.9545;0.9192;0.3400;0.5600;0.0044;1.0000;;;;;;;6.54
2026-02-17T22:10:47.329932;VisA/cashew;cont_5pct_mahalanobis_patch;0.05;mahalanobis_patch;10;10;10;0;392;150;50;100;3;5;95;0.9040;0.9452;0.8879;0.3200;0.5800;-0.0190;1.0000;;;;;;;10.04
2026-02-17T22:10:47.346894;VisA/cashew;cont_5pct_oracle_patch;0.05;oracle_patch;10;10;10;0;0;150;50;100;3;5;95;0.9230;0.9523;0.9151;0.3300;0.5600;0.0000;1.0000;;;;;;;0.01
2026-02-17T22:10:56.459152;VisA/cashew;cont_5pct_ensemble_loo_mahal;0.05;ensemble_loo_mahal;10;10;10;0;392;150;50;100;3;5;95;0.9082;0.9483;0.8972;0.3300;0.5800;-0.0148;1.0000;;;;;;;9.11
2026-02-17T22:11:04.174417;VisA/cashew;cont_5pct_cosine_loo;0.05;cosine_loo;10;10;10;0;392;150;50;100;3;5;95;0.9222;0.9537;0.9179;0.3400;0.5600;-0.0008;1.0000;;;;;;;7.71
2026-02-17T22:11:11.405966;VisA/cashew;cont_40pct_none;0.4;none;10;10;10;4;0;150;50;100;3;5;95;0.8478;0.9186;0.8657;0.2500;0.4700;-0.0752;;;;;;;;7.21
2026-02-17T22:11:18.546062;VisA/cashew;cont_40pct_loo_patch;0.4;loo_patch;10;10;10;4;392;150;50;100;3;5;95;0.8544;0.9203;0.8676;0.2400;0.5200;-0.0686;0.0878;0.9167;1;0.7500;0.7500;;;7.14
2026-02-17T22:11:25.769194;VisA/cashew;cont_40pct_random_patch;0.4;random_patch;10;10;10;4;392;150;50;100;3;5;95;0.8492;0.9186;0.8614;0.2400;0.4700;-0.0738;0.0186;0.9167;1;0.7500;0.7500;;;7.22
2026-02-17T22:11:34.309772;VisA/cashew;cont_40pct_mahalanobis_patch;0.4;mahalanobis_patch;10;10;10;4;392;150;50;100;3;5;95;0.8342;0.9116;0.8396;0.2700;0.4600;-0.0888;-0.1809;0.9167;1;0.7500;0.7500;;;8.38
2026-02-17T22:11:38.853498;VisA/cashew;cont_40pct_oracle_patch;0.4;oracle_patch;10;10;6;4;3136;150;50;100;3;5;95;0.9176;0.9516;0.9126;0.3100;0.6200;-0.0054;0.9282;0.9167;1;0.7500;0.7500;;;4.54
2026-02-17T22:11:47.214904;VisA/cashew;cont_40pct_ensemble_loo_mahal;0.4;ensemble_loo_mahal;10;10;10;4;392;150;50;100;3;5;95;0.8428;0.9162;0.8517;0.2700;0.4800;-0.0802;-0.0665;0.9167;1;0.7500;0.7500;;;8.11
2026-02-17T22:11:55.454528;VisA/cashew;cont_40pct_cosine_loo;0.4;cosine_loo;10;10;10;4;392;150;50;100;3;5;95;0.8450;0.9179;0.8643;0.3000;0.4500;-0.0780;-0.0372;0.9167;1;0.7500;0.7500;;;8.23
2026-02-17T22:12:01.892842;VisA/cashew;cont_50pct_none;0.5;none;10;10;10;5;0;150;50;100;3;5;95;0.8116;0.9041;0.8381;0.2500;0.4400;-0.1114;;;;;;;;6.10
2026-02-17T22:12:10.074558;VisA/cashew;cont_50pct_loo_patch;0.5;loo_patch;10;10;10;5;392;150;50;100;3;5;95;0.8292;0.9103;0.8472;0.2600;0.5000;-0.0938;0.1580;0.8800;1;0.8000;0.8000;;;8.18
2026-02-17T22:12:16.378474;VisA/cashew;cont_50pct_random_patch;0.5;random_patch;10;10;10;5;392;150;50;100;3;5;95;0.8088;0.9003;0.8381;0.2200;0.4400;-0.1142;-0.0251;0.8800;1;0.8000;0.8000;;;5.54
2026-02-17T22:12:25.983776;VisA/cashew;cont_50pct_mahalanobis_patch;0.5;mahalanobis_patch;10;10;10;5;392;150;50;100;3;5;95;0.8010;0.8974;0.8295;0.2400;0.5000;-0.1220;-0.0952;0.8800;1;0.8000;0.8000;;;9.60
2026-02-17T22:12:29.706200;VisA/cashew;cont_50pct_oracle_patch;0.5;oracle_patch;10;10;5;5;3920;150;50;100;3;5;95;0.9040;0.9431;0.9038;0.2700;0.6000;-0.0190;0.8294;0.8800;1;0.8000;0.8000;;;3.71
2026-02-17T22:12:41.245136;VisA/cashew;cont_50pct_ensemble_loo_mahal;0.5;ensemble_loo_mahal;10;10;10;5;392;150;50;100;3;5;95;0.8316;0.9088;0.8482;0.2400;0.5200;-0.0914;0.1795;0.8800;1;0.8000;0.8000;;;11.32
2026-02-17T22:12:48.776294;VisA/cashew;cont_50pct_cosine_loo;0.5;cosine_loo;10;10;10;5;392;150;50;100;3;5;95;0.8192;0.9090;0.8431;0.3100;0.4900;-0.1038;0.0682;0.8800;1;0.8000;0.8000;;;7.52
2026-02-17T22:12:55.656748;VisA/cashew;cont_0pct_none;0.0;none;10;10;10;0;0;150;50;100;4;5;95;0.9308;0.9550;0.9346;0.2900;0.5600;;;;;;;;;6.78
2026-02-17T22:13:03.310115;VisA/cashew;cont_0pct_loo_patch;0.0;loo_patch;10;10;10;0;392;150;50;100;4;5;95;0.9204;0.9483;0.9209;0.2800;0.5300;-0.0104;;;;;;;;7.65
2026-02-17T22:13:09.241898;VisA/cashew;cont_0pct_random_patch;0.0;random_patch;10;10;10;0;392;150;50;100;4;5;95;0.9222;0.9481;0.9296;0.2700;0.5900;-0.0086;;;;;;;;5.92
2026-02-17T22:13:18.521590;VisA/cashew;cont_0pct_mahalanobis_patch;0.0;mahalanobis_patch;10;10;10;0;392;150;50;100;4;5;95;0.9166;0.9480;0.9082;0.2700;0.5800;-0.0142;;;;;;;;9.28
2026-02-17T22:13:18.536944;VisA/cashew;cont_0pct_oracle_patch;0.0;oracle_patch;10;10;10;0;0;150;50;100;4;5;95;0.9308;0.9550;0.9346;0.2900;0.5600;0.0000;;;;;;;;0.01
2026-02-17T22:13:27.297205;VisA/cashew;cont_0pct_ensemble_loo_mahal;0.0;ensemble_loo_mahal;10;10;10;0;392;150;50;100;4;5;95;0.9210;0.9491;0.9231;0.2800;0.5600;-0.0098;;;;;;;;8.69
2026-02-17T22:13:34.994237;VisA/cashew;cont_0pct_cosine_loo;0.0;cosine_loo;10;10;10;0;392;150;50;100;4;5;95;0.9292;0.9550;0.9282;0.3300;0.6200;-0.0016;;;;;;;;7.69
2026-02-17T22:13:41.873924;VisA/cashew;cont_5pct_none;0.05;none;10;10;10;0;0;150;50;100;4;5;95;0.9308;0.9550;0.9346;0.2900;0.5600;0.0000;;;;;;;;6.87
2026-02-17T22:13:49.689388;VisA/cashew;cont_5pct_loo_patch;0.05;loo_patch;10;10;10;0;392;150;50;100;4;5;95;0.9204;0.9483;0.9209;0.2800;0.5300;-0.0104;1.0000;;;;;;;7.81
2026-02-17T22:13:55.539115;VisA/cashew;cont_5pct_random_patch;0.05;random_patch;10;10;10;0;392;150;50;100;4;5;95;0.9222;0.9481;0.9296;0.2700;0.5900;-0.0086;1.0000;;;;;;;5.85
2026-02-17T22:14:05.081978;VisA/cashew;cont_5pct_mahalanobis_patch;0.05;mahalanobis_patch;10;10;10;0;392;150;50;100;4;5;95;0.9166;0.9480;0.9082;0.2700;0.5800;-0.0142;1.0000;;;;;;;9.54
2026-02-17T22:14:05.095961;VisA/cashew;cont_5pct_oracle_patch;0.05;oracle_patch;10;10;10;0;0;150;50;100;4;5;95;0.9308;0.9550;0.9346;0.2900;0.5600;0.0000;1.0000;;;;;;;0.01
2026-02-17T22:14:14.259815;VisA/cashew;cont_5pct_ensemble_loo_mahal;0.05;ensemble_loo_mahal;10;10;10;0;392;150;50;100;4;5;95;0.9210;0.9491;0.9231;0.2800;0.5600;-0.0098;1.0000;;;;;;;9.06
2026-02-17T22:14:21.739674;VisA/cashew;cont_5pct_cosine_loo;0.05;cosine_loo;10;10;10;0;392;150;50;100;4;5;95;0.9292;0.9550;0.9282;0.3300;0.6200;-0.0016;1.0000;;;;;;;7.47
2026-02-17T22:14:28.822246;VisA/cashew;cont_40pct_none;0.4;none;10;10;10;4;0;150;50;100;4;5;95;0.8444;0.9192;0.8558;0.2400;0.5200;-0.0864;;;;;;;;7.06
2026-02-17T22:14:36.612911;VisA/cashew;cont_40pct_loo_patch;0.4;loo_patch;10;10;10;4;392;150;50;100;4;5;95;0.8532;0.9189;0.8571;0.2200;0.4900;-0.0776;0.1019;1.0000;1;1.0000;1.0000;;;7.78
2026-02-17T22:14:42.479952;VisA/cashew;cont_40pct_random_patch;0.4;random_patch;10;10;10;4;392;150;50;100;4;5;95;0.8514;0.9216;0.8586;0.2300;0.5400;-0.0794;0.0810;1.0000;1;1.0000;1.0000;;;5.86
2026-02-17T22:14:51.869797;VisA/cashew;cont_40pct_mahalanobis_patch;0.4;mahalanobis_patch;10;10;10;4;392;150;50;100;4;5;95;0.8442;0.9149;0.8571;0.2800;0.5300;-0.0866;-0.0023;1.0000;1;1.0000;1.0000;;;9.39
2026-02-17T22:14:55.329779;VisA/cashew;cont_40pct_oracle_patch;0.4;oracle_patch;10;10;6;4;3136;150;50;100;4;5;95;0.9188;0.9503;0.9038;0.2600;0.6800;-0.0120;0.8611;1.0000;1;1.0000;1.0000;;;3.46
2026-02-17T22:15:04.976596;VisA/cashew;cont_40pct_ensemble_loo_mahal;0.4;ensemble_loo_mahal;10;10;10;4;392;150;50;100;4;5;95;0.8486;0.9180;0.8654;0.2500;0.5300;-0.0822;0.0486;1.0000;1;1.0000;1.0000;;;9.64
2026-02-17T22:15:11.850884;VisA/cashew;cont_40pct_cosine_loo;0.4;cosine_loo;10;10;10;4;392;150;50;100;4;5;95;0.8546;0.9220;0.8679;0.2900;0.5000;-0.0762;0.1181;1.0000;1;1.0000;1.0000;;;6.87
2026-02-17T22:15:19.036823;VisA/cashew;cont_50pct_none;0.5;none;10;10;10;5;0;150;50;100;4;5;95;0.8306;0.9124;0.8558;0.2700;0.4900;-0.1002;;;;;;;;7.16
2026-02-17T22:15:26.671030;VisA/cashew;cont_50pct_loo_patch;0.5;loo_patch;10;10;10;5;392;150;50;100;4;5;95;0.8196;0.9051;0.8458;0.2600;0.4700;-0.1112;-0.1098;1.0000;1;1.0000;1.0000;;;7.14
2026-02-17T22:15:33.885741;VisA/cashew;cont_50pct_random_patch;0.5;random_patch;10;10;10;5;392;150;50;100;4;5;95;0.8368;0.9156;0.8657;0.2800;0.4800;-0.0940;0.0619;1.0000;1;1.0000;1.0000;;;7.21
2026-02-17T22:15:41.856677;VisA/cashew;cont_50pct_mahalanobis_patch;0.5;mahalanobis_patch;10;10;10;5;392;150;50;100;4;5;95;0.8256;0.9068;0.8529;0.2600;0.4600;-0.1052;-0.0499;1.0000;1;1.0000;1.0000;;;7.96
2026-02-17T22:15:45.592341;VisA/cashew;cont_50pct_oracle_patch;0.5;oracle_patch;10;10;5;5;3920;150;50;100;4;5;95;0.9120;0.9448;0.8981;0.2600;0.5800;-0.0188;0.8124;1.0000;1;1.0000;1.0000;;;3.73
2026-02-17T22:15:54.721978;VisA/cashew;cont_50pct_ensemble_loo_mahal;0.5;ensemble_loo_mahal;10;10;10;5;392;150;50;100;4;5;95;0.8300;0.9076;0.8502;0.2700;0.5000;-0.1008;-0.0060;1.0000;1;1.0000;1.0000;;;9.03
2026-02-17T22:16:01.985385;VisA/cashew;cont_50pct_cosine_loo;0.5;cosine_loo;10;10;10;5;392;150;50;100;4;5;95;0.8352;0.9157;0.8641;0.3200;0.4600;-0.0956;0.0459;1.0000;1;1.0000;1.0000;;;7.26
2026-02-17T22:16:10.733135;VisA/chewinggum;cont_0pct_none;0.0;none;10;10;10;0;0;150;50;100;0;5;95;0.9526;0.9763;0.9215;0.5300;0.8600;;;;;;;;;6.70
2026-02-17T22:16:18.191010;VisA/chewinggum;cont_0pct_loo_patch;0.0;loo_patch;10;10;10;0;392;150;50;100;0;5;95;0.9564;0.9776;0.9246;0.5300;0.8700;0.0038;;;;;;;;7.45
2026-02-17T22:16:25.216473;VisA/chewinggum;cont_0pct_random_patch;0.0;random_patch;10;10;10;0;392;150;50;100;0;5;95;0.9524;0.9760;0.9238;0.5300;0.8700;-0.0002;;;;;;;;7.02
2026-02-17T22:16:34.048072;VisA/chewinggum;cont_0pct_mahalanobis_patch;0.0;mahalanobis_patch;10;10;10;0;392;150;50;100;0;5;95;0.9556;0.9778;0.9246;0.5800;0.8400;0.0030;;;;;;;;8.83
2026-02-17T22:16:34.061389;VisA/chewinggum;cont_0pct_oracle_patch;0.0;oracle_patch;10;10;10;0;0;150;50;100;0;5;95;0.9526;0.9763;0.9215;0.5300;0.8600;0.0000;;;;;;;;0.01
2026-02-17T22:16:42.436851;VisA/chewinggum;cont_0pct_ensemble_loo_mahal;0.0;ensemble_loo_mahal;10;10;10;0;392;150;50;100;0;5;95;0.9572;0.9780;0.9286;0.5500;0.8500;0.0046;;;;;;;;8.37
2026-02-17T22:16:50.442356;VisA/chewinggum;cont_0pct_cosine_loo;0.0;cosine_loo;10;10;10;0;392;150;50;100;0;5;95;0.9488;0.9745;0.9184;0.5600;0.8400;-0.0038;;;;;;;;8.00
2026-02-17T22:16:57.303373;VisA/chewinggum;cont_5pct_none;0.05;none;10;10;10;0;0;150;50;100;0;5;95;0.9526;0.9763;0.9215;0.5300;0.8600;0.0000;;;;;;;;6.85
2026-02-17T22:17:04.282631;VisA/chewinggum;cont_5pct_loo_patch;0.05;loo_patch;10;10;10;0;392;150;50;100;0;5;95;0.9564;0.9776;0.9246;0.5300;0.8700;0.0038;1.0000;;;;;;;6.97
2026-02-17T22:17:11.275860;VisA/chewinggum;cont_5pct_random_patch;0.05;random_patch;10;10;10;0;392;150;50;100;0;5;95;0.9524;0.9760;0.9238;0.5300;0.8700;-0.0002;1.0000;;;;;;;6.99
2026-02-17T22:17:19.853497;VisA/chewinggum;cont_5pct_mahalanobis_patch;0.05;mahalanobis_patch;10;10;10;0;392;150;50;100;0;5;95;0.9556;0.9778;0.9246;0.5800;0.8400;0.0030;1.0000;;;;;;;8.57
2026-02-17T22:17:19.872024;VisA/chewinggum;cont_5pct_oracle_patch;0.05;oracle_patch;10;10;10;0;0;150;50;100;0;5;95;0.9526;0.9763;0.9215;0.5300;0.8600;0.0000;1.0000;;;;;;;0.01
2026-02-17T22:17:28.902907;VisA/chewinggum;cont_5pct_ensemble_loo_mahal;0.05;ensemble_loo_mahal;10;10;10;0;392;150;50;100;0;5;95;0.9572;0.9780;0.9286;0.5500;0.8500;0.0046;1.0000;;;;;;;9.00
2026-02-17T22:17:36.387271;VisA/chewinggum;cont_5pct_cosine_loo;0.05;cosine_loo;10;10;10;0;392;150;50;100;0;5;95;0.9488;0.9745;0.9184;0.5600;0.8400;-0.0038;1.0000;;;;;;;7.47
2026-02-17T22:17:43.700957;VisA/chewinggum;cont_40pct_none;0.4;none;10;10;10;4;0;150;50;100;0;5;95;0.9078;0.9579;0.8958;0.4900;0.7200;-0.0448;;;;;;;;7.29
2026-02-17T22:17:50.326155;VisA/chewinggum;cont_40pct_loo_patch;0.4;loo_patch;10;10;10;4;392;150;50;100;0;5;95;0.9468;0.9712;0.9254;0.4900;0.7700;-0.0058;0.8705;1.0000;1;1.0000;1.0000;;;6.62
2026-02-17T22:17:57.455968;VisA/chewinggum;cont_40pct_random_patch;0.4;random_patch;10;10;10;4;392;150;50;100;0;5;95;0.9042;0.9567;0.8945;0.5000;0.7300;-0.0484;-0.0804;1.0000;1;1.0000;1.0000;;;7.12
2026-02-17T22:18:06.298053;VisA/chewinggum;cont_40pct_mahalanobis_patch;0.4;mahalanobis_patch;10;10;10;4;392;150;50;100;0;5;95;0.9330;0.9665;0.9055;0.5100;0.7800;-0.0196;0.5625;1.0000;1;1.0000;1.0000;;;8.83
2026-02-17T22:18:10.693462;VisA/chewinggum;cont_40pct_oracle_patch;0.4;oracle_patch;10;10;6;4;3136;150;50;100;0;5;95;0.9512;0.9743;0.9268;0.5300;0.8000;-0.0014;0.9688;1.0000;1;1.0000;1.0000;;;4.39
2026-02-17T22:18:19.105910;VisA/chewinggum;cont_40pct_ensemble_loo_mahal;0.4;ensemble_loo_mahal;10;10;10;4;392;150;50;100;0;5;95;0.9420;0.9692;0.9194;0.5000;0.7600;-0.0106;0.7634;1.0000;1;1.0000;1.0000;;;7.93
2026-02-17T22:18:27.468914;VisA/chewinggum;cont_40pct_cosine_loo;0.4;cosine_loo;10;10;10;4;392;150;50;100;0;5;95;0.9278;0.9645;0.9045;0.5000;0.7400;-0.0248;0.4464;1.0000;1;1.0000;1.0000;;;8.36
2026-02-17T22:18:33.496489;VisA/chewinggum;cont_50pct_none;0.5;none;10;10;10;5;0;150;50;100;0;5;95;0.8848;0.9485;0.8768;0.4700;0.7000;-0.0678;;;;;;;;6.00
2026-02-17T22:18:41.163118;VisA/chewinggum;cont_50pct_loo_patch;0.5;loo_patch;10;10;10;5;392;150;50;100;0;5;95;0.9242;0.9624;0.8955;0.5200;0.7400;-0.0284;0.5811;1.0000;1;1.0000;1.0000;;;7.66
2026-02-17T22:18:47.855827;VisA/chewinggum;cont_50pct_random_patch;0.5;random_patch;10;10;10;5;392;150;50;100;0;5;95;0.8838;0.9483;0.8783;0.4700;0.7100;-0.0688;-0.0147;1.0000;1;1.0000;1.0000;;;6.69
2026-02-17T22:18:57.341691;VisA/chewinggum;cont_50pct_mahalanobis_patch;0.5;mahalanobis_patch;10;10;10;5;392;150;50;100;0;5;95;0.9100;0.9564;0.8900;0.5200;0.7100;-0.0426;0.3717;1.0000;1;1.0000;1.0000;;;9.48
2026-02-17T22:19:01.061716;VisA/chewinggum;cont_50pct_oracle_patch;0.5;oracle_patch;10;10;5;5;3920;150;50;100;0;5;95;0.9488;0.9740;0.9163;0.5300;0.8300;-0.0038;0.9440;1.0000;1;1.0000;1.0000;;;3.71
2026-02-17T22:19:09.454873;VisA/chewinggum;cont_50pct_ensemble_loo_mahal;0.5;ensemble_loo_mahal;10;10;10;5;392;150;50;100;0;5;95;0.9178;0.9597;0.8911;0.5000;0.7300;-0.0348;0.4867;1.0000;1;1.0000;1.0000;;;8.39
2026-02-17T22:19:16.734072;VisA/chewinggum;cont_50pct_cosine_loo;0.5;cosine_loo;10;10;10;5;392;150;50;100;0;5;95;0.9082;0.9564;0.8901;0.5000;0.6900;-0.0444;0.3451;1.0000;1;1.0000;1.0000;;;7.27
2026-02-17T22:19:23.324615;VisA/chewinggum;cont_0pct_none;0.0;none;10;10;10;0;0;150;50;100;1;5;95;0.9570;0.9775;0.9366;0.5800;0.7800;;;;;;;;;6.46
2026-02-17T22:19:30.901270;VisA/chewinggum;cont_0pct_loo_patch;0.0;loo_patch;10;10;10;0;392;150;50;100;1;5;95;0.9540;0.9761;0.9238;0.5400;0.8200;-0.0030;;;;;;;;7.57
2026-02-17T22:19:36.889127;VisA/chewinggum;cont_0pct_random_patch;0.0;random_patch;10;10;10;0;392;150;50;100;1;5;95;0.9512;0.9752;0.9282;0.5900;0.7900;-0.0058;;;;;;;;5.84
2026-02-17T22:19:46.123240;VisA/chewinggum;cont_0pct_mahalanobis_patch;0.0;mahalanobis_patch;10;10;10;0;392;150;50;100;1;5;95;0.9568;0.9774;0.9289;0.5600;0.8100;-0.0002;;;;;;;;9.23
2026-02-17T22:19:46.136612;VisA/chewinggum;cont_0pct_oracle_patch;0.0;oracle_patch;10;10;10;0;0;150;50;100;1;5;95;0.9570;0.9775;0.9366;0.5800;0.7800;0.0000;;;;;;;;0.01
2026-02-17T22:19:55.944915;VisA/chewinggum;cont_0pct_ensemble_loo_mahal;0.0;ensemble_loo_mahal;10;10;10;0;392;150;50;100;1;5;95;0.9516;0.9756;0.9208;0.6100;0.8300;-0.0054;;;;;;;;9.80
2026-02-17T22:20:02.520079;VisA/chewinggum;cont_0pct_cosine_loo;0.0;cosine_loo;10;10;10;0;392;150;50;100;1;5;95;0.9524;0.9753;0.9231;0.5400;0.8200;-0.0046;;;;;;;;6.57
2026-02-17T22:20:09.943002;VisA/chewinggum;cont_5pct_none;0.05;none;10;10;10;0;0;150;50;100;1;5;95;0.9570;0.9775;0.9366;0.5800;0.7800;0.0000;;;;;;;;7.41
2026-02-17T22:20:16.852009;VisA/chewinggum;cont_5pct_loo_patch;0.05;loo_patch;10;10;10;0;392;150;50;100;1;5;95;0.9540;0.9761;0.9238;0.5400;0.8200;-0.0030;1.0000;;;;;;;6.90
2026-02-17T22:20:24.084741;VisA/chewinggum;cont_5pct_random_patch;0.05;random_patch;10;10;10;0;392;150;50;100;1;5;95;0.9512;0.9752;0.9282;0.5900;0.7900;-0.0058;1.0000;;;;;;;7.23
2026-02-17T22:20:32.446566;VisA/chewinggum;cont_5pct_mahalanobis_patch;0.05;mahalanobis_patch;10;10;10;0;392;150;50;100;1;5;95;0.9568;0.9774;0.9289;0.5600;0.8100;-0.0002;1.0000;;;;;;;8.25
2026-02-17T22:20:32.464356;VisA/chewinggum;cont_5pct_oracle_patch;0.05;oracle_patch;10;10;10;0;0;150;50;100;1;5;95;0.9570;0.9775;0.9366;0.5800;0.7800;0.0000;1.0000;;;;;;;0.01
2026-02-17T22:20:41.424626;VisA/chewinggum;cont_5pct_ensemble_loo_mahal;0.05;ensemble_loo_mahal;10;10;10;0;392;150;50;100;1;5;95;0.9516;0.9756;0.9208;0.6100;0.8300;-0.0054;1.0000;;;;;;;8.88
2026-02-17T22:20:49.058920;VisA/chewinggum;cont_5pct_cosine_loo;0.05;cosine_loo;10;10;10;0;392;150;50;100;1;5;95;0.9524;0.9753;0.9231;0.5400;0.8200;-0.0046;1.0000;;;;;;;7.63
2026-02-17T22:20:55.909943;VisA/chewinggum;cont_40pct_none;0.4;none;10;10;10;4;0;150;50;100;1;5;95;0.8988;0.9548;0.8889;0.5600;0.6800;-0.0582;;;;;;;;6.82
2026-02-17T22:21:03.090307;VisA/chewinggum;cont_40pct_loo_patch;0.4;loo_patch;10;10;10;4;392;150;50;100;1;5;95;0.9228;0.9646;0.9010;0.6100;0.7000;-0.0342;0.4124;0.8333;1;0.5000;0.5000;;;7.17
2026-02-17T22:21:09.884929;VisA/chewinggum;cont_40pct_random_patch;0.4;random_patch;10;10;10;4;392;150;50;100;1;5;95;0.9026;0.9565;0.8942;0.5900;0.6900;-0.0544;0.0653;0.8333;1;0.5000;0.5000;;;6.79
2026-02-17T22:21:20.680887;VisA/chewinggum;cont_40pct_mahalanobis_patch;0.4;mahalanobis_patch;10;10;10;4;392;150;50;100;1;5;95;0.9246;0.9649;0.8945;0.6000;0.7300;-0.0324;0.4433;0.8333;1;0.5000;0.5000;;;10.69
2026-02-17T22:21:25.179568;VisA/chewinggum;cont_40pct_oracle_patch;0.4;oracle_patch;10;10;6;4;3136;150;50;100;1;5;95;0.9508;0.9749;0.9231;0.6100;0.7800;-0.0062;0.8935;0.8333;1;0.5000;0.5000;;;4.49
2026-02-17T22:21:33.626439;VisA/chewinggum;cont_40pct_ensemble_loo_mahal;0.4;ensemble_loo_mahal;10;10;10;4;392;150;50;100;1;5;95;0.9226;0.9642;0.8966;0.6100;0.7400;-0.0344;0.4089;0.8333;1;0.5000;0.5000;;;8.42
2026-02-17T22:21:41.446335;VisA/chewinggum;cont_40pct_cosine_loo;0.4;cosine_loo;10;10;10;4;392;150;50;100;1;5;95;0.9254;0.9653;0.9036;0.6000;0.7300;-0.0316;0.4570;0.8333;1;0.5000;0.5000;;;7.81
2026-02-17T22:21:48.157451;VisA/chewinggum;cont_50pct_none;0.5;none;10;10;10;5;0;150;50;100;1;5;95;0.8894;0.9521;0.8878;0.5900;0.7100;-0.0676;;;;;;;;6.69
2026-02-17T22:21:55.736220;VisA/chewinggum;cont_50pct_loo_patch;0.5;loo_patch;10;10;10;5;392;150;50;100;1;5;95;0.9200;0.9636;0.8990;0.6200;0.7500;-0.0370;0.4527;0.9200;1;0.8000;0.8000;;;7.57
2026-02-17T22:22:01.932814;VisA/chewinggum;cont_50pct_random_patch;0.5;random_patch;10;10;10;5;392;150;50;100;1;5;95;0.8916;0.9529;0.8932;0.6000;0.7100;-0.0654;0.0325;0.9200;1;0.8000;0.8000;;;6.19
2026-02-17T22:22:10.763062;VisA/chewinggum;cont_50pct_mahalanobis_patch;0.5;mahalanobis_patch;10;10;10;5;392;150;50;100;1;5;95;0.9230;0.9647;0.8990;0.6200;0.7200;-0.0340;0.4970;0.9200;1;0.8000;0.8000;;;8.82
2026-02-17T22:22:13.747394;VisA/chewinggum;cont_50pct_oracle_patch;0.5;oracle_patch;10;10;5;5;3920;150;50;100;1;5;95;0.9482;0.9742;0.9154;0.5900;0.7800;-0.0088;0.8698;0.9200;1;0.8000;0.8000;;;2.98
2026-02-17T22:22:23.161649;VisA/chewinggum;cont_50pct_ensemble_loo_mahal;0.5;ensemble_loo_mahal;10;10;10;5;392;150;50;100;1;5;95;0.9226;0.9646;0.9000;0.6500;0.7300;-0.0344;0.4911;0.9200;1;0.8000;0.8000;;;9.40
2026-02-17T22:22:30.222020;VisA/chewinggum;cont_50pct_cosine_loo;0.5;cosine_loo;10;10;10;5;392;150;50;100;1;5;95;0.9198;0.9634;0.8990;0.6200;0.7300;-0.0372;0.4497;0.9200;1;0.8000;0.8000;;;7.06
2026-02-17T22:22:37.648450;VisA/chewinggum;cont_0pct_none;0.0;none;10;10;10;0;0;150;50;100;2;5;95;0.9524;0.9752;0.9215;0.5200;0.8400;;;;;;;;;7.28
2026-02-17T22:22:45.056600;VisA/chewinggum;cont_0pct_loo_patch;0.0;loo_patch;10;10;10;0;392;150;50;100;2;5;95;0.9512;0.9745;0.9286;0.5100;0.8000;-0.0012;;;;;;;;7.40
2026-02-17T22:22:52.407503;VisA/chewinggum;cont_0pct_random_patch;0.0;random_patch;10;10;10;0;392;150;50;100;2;5;95;0.9520;0.9750;0.9231;0.5200;0.8400;-0.0004;;;;;;;;7.34
2026-02-17T22:23:00.795460;VisA/chewinggum;cont_0pct_mahalanobis_patch;0.0;mahalanobis_patch;10;10;10;0;392;150;50;100;2;5;95;0.9472;0.9736;0.9223;0.5300;0.8200;-0.0052;;;;;;;;8.38
2026-02-17T22:23:00.814461;VisA/chewinggum;cont_0pct_oracle_patch;0.0;oracle_patch;10;10;10;0;0;150;50;100;2;5;95;0.9524;0.9752;0.9215;0.5200;0.8400;0.0000;;;;;;;;0.01
2026-02-17T22:23:10.272855;VisA/chewinggum;cont_0pct_ensemble_loo_mahal;0.0;ensemble_loo_mahal;10;10;10;0;392;150;50;100;2;5;95;0.9514;0.9751;0.9231;0.5300;0.8200;-0.0010;;;;;;;;8.73
2026-02-17T22:23:18.111428;VisA/chewinggum;cont_0pct_cosine_loo;0.0;cosine_loo;10;10;10;0;392;150;50;100;2;5;95;0.9504;0.9745;0.9192;0.5200;0.8100;-0.0020;;;;;;;;7.83
2026-02-17T22:23:24.692747;VisA/chewinggum;cont_5pct_none;0.05;none;10;10;10;0;0;150;50;100;2;5;95;0.9524;0.9752;0.9215;0.5200;0.8400;0.0000;;;;;;;;6.56
2026-02-17T22:23:32.175500;VisA/chewinggum;cont_5pct_loo_patch;0.05;loo_patch;10;10;10;0;392;150;50;100;2;5;95;0.9512;0.9745;0.9286;0.5100;0.8000;-0.0012;1.0000;;;;;;;7.48
2026-02-17T22:23:38.690323;VisA/chewinggum;cont_5pct_random_patch;0.05;random_patch;10;10;10;0;392;150;50;100;2;5;95;0.9520;0.9750;0.9231;0.5200;0.8400;-0.0004;1.0000;;;;;;;6.51
2026-02-17T22:23:47.401931;VisA/chewinggum;cont_5pct_mahalanobis_patch;0.05;mahalanobis_patch;10;10;10;0;392;150;50;100;2;5;95;0.9472;0.9736;0.9223;0.5300;0.8200;-0.0052;1.0000;;;;;;;8.71
2026-02-17T22:23:47.424758;VisA/chewinggum;cont_5pct_oracle_patch;0.05;oracle_patch;10;10;10;0;0;150;50;100;2;5;95;0.9524;0.9752;0.9215;0.5200;0.8400;0.0000;1.0000;;;;;;;0.01
2026-02-17T22:23:55.587011;VisA/chewinggum;cont_5pct_ensemble_loo_mahal;0.05;ensemble_loo_mahal;10;10;10;0;392;150;50;100;2;5;95;0.9514;0.9751;0.9231;0.5300;0.8200;-0.0010;1.0000;;;;;;;7.97
2026-02-17T22:24:04.047632;VisA/chewinggum;cont_5pct_cosine_loo;0.05;cosine_loo;10;10;10;0;392;150;50;100;2;5;95;0.9504;0.9745;0.9192;0.5200;0.8100;-0.0020;1.0000;;;;;;;8.46
2026-02-17T22:24:10.164659;VisA/chewinggum;cont_40pct_none;0.4;none;10;10;10;4;0;150;50;100;2;5;95;0.9094;0.9592;0.9010;0.4900;0.7600;-0.0430;;;;;;;;6.09
2026-02-17T22:24:18.643942;VisA/chewinggum;cont_40pct_loo_patch;0.4;loo_patch;10;10;10;4;392;150;50;100;2;5;95;0.9452;0.9725;0.9216;0.5100;0.8300;-0.0072;0.8326;0.9583;1;0.7500;0.7500;;;8.47
2026-02-17T22:24:24.487416;VisA/chewinggum;cont_40pct_random_patch;0.4;random_patch;10;10;10;4;392;150;50;100;2;5;95;0.9082;0.9585;0.8976;0.4900;0.7900;-0.0442;-0.0279;0.9583;1;0.7500;0.7500;;;5.83
2026-02-17T22:24:33.801719;VisA/chewinggum;cont_40pct_mahalanobis_patch;0.4;mahalanobis_patch;10;10;10;4;392;150;50;100;2;5;95;0.9446;0.9715;0.9135;0.5100;0.7900;-0.0078;0.8186;0.9583;1;0.7500;0.7500;;;9.31
2026-02-17T22:24:37.311390;VisA/chewinggum;cont_40pct_oracle_patch;0.4;oracle_patch;10;10;6;4;3136;150;50;100;2;5;95;0.9504;0.9749;0.9215;0.5300;0.8600;-0.0020;0.9535;0.9583;1;0.7500;0.7500;;;3.50
2026-02-17T22:24:47.201872;VisA/chewinggum;cont_40pct_ensemble_loo_mahal;0.4;ensemble_loo_mahal;10;10;10;4;392;150;50;100;2;5;95;0.9498;0.9739;0.9278;0.5100;0.8200;-0.0026;0.9395;0.9583;1;0.7500;0.7500;;;9.88
2026-02-17T22:24:53.770979;VisA/chewinggum;cont_40pct_cosine_loo;0.4;cosine_loo;10;10;10;4;392;150;50;100;2;5;95;0.9352;0.9680;0.9135;0.5100;0.7900;-0.0172;0.6000;0.9583;1;0.7500;0.7500;;;6.56
2026-02-17T22:25:01.291811;VisA/chewinggum;cont_50pct_none;0.5;none;10;10;10;5;0;150;50;100;2;5;95;0.8988;0.9551;0.8976;0.4800;0.7400;-0.0536;;;;;;;;7.50
2026-02-17T22:25:08.046126;VisA/chewinggum;cont_50pct_loo_patch;0.5;loo_patch;10;10;10;5;392;150;50;100;2;5;95;0.9376;0.9682;0.9231;0.5000;0.7700;-0.0148;0.7239;0.8800;1;0.8000;0.8000;;;6.75
2026-02-17T22:25:15.285740;VisA/chewinggum;cont_50pct_random_patch;0.5;random_patch;10;10;10;5;392;150;50;100;2;5;95;0.8962;0.9535;0.8976;0.4800;0.7600;-0.0562;-0.0485;0.8800;1;0.8000;0.8000;;;7.23
2026-02-17T22:25:23.498157;VisA/chewinggum;cont_50pct_mahalanobis_patch;0.5;mahalanobis_patch;10;10;10;5;392;150;50;100;2;5;95;0.9354;0.9675;0.9048;0.5100;0.8100;-0.0170;0.6828;0.8800;1;0.8000;0.8000;;;8.21
2026-02-17T22:25:27.181260;VisA/chewinggum;cont_50pct_oracle_patch;0.5;oracle_patch;10;10;5;5;3920;150;50;100;2;5;95;0.9558;0.9774;0.9254;0.5500;0.8700;0.0034;1.0634;0.8800;1;0.8000;0.8000;;;3.68
2026-02-17T22:25:35.166781;VisA/chewinggum;cont_50pct_ensemble_loo_mahal;0.5;ensemble_loo_mahal;10;10;10;5;392;150;50;100;2;5;95;0.9320;0.9656;0.9135;0.5000;0.8000;-0.0204;0.6194;0.8800;1;0.8000;0.8000;;;7.98
2026-02-17T22:25:43.434162;VisA/chewinggum;cont_50pct_cosine_loo;0.5;cosine_loo;10;10;10;5;392;150;50;100;2;5;95;0.9246;0.9635;0.9137;0.4900;0.7600;-0.0278;0.4813;0.8800;1;0.8000;0.8000;;;8.26
2026-02-17T22:25:49.732303;VisA/chewinggum;cont_0pct_none;0.0;none;10;10;10;0;0;150;50;100;3;5;95;0.9590;0.9777;0.9412;0.5700;0.7400;;;;;;;;;6.00
2026-02-17T22:25:57.425828;VisA/chewinggum;cont_0pct_loo_patch;0.0;loo_patch;10;10;10;0;392;150;50;100;3;5;95;0.9552;0.9763;0.9217;0.5700;0.7900;-0.0038;;;;;;;;7.68
2026-02-17T22:26:02.984971;VisA/chewinggum;cont_0pct_random_patch;0.0;random_patch;10;10;10;0;392;150;50;100;3;5;95;0.9618;0.9792;0.9390;0.5800;0.7700;0.0028;;;;;;;;5.55
2026-02-17T22:26:11.453675;VisA/chewinggum;cont_0pct_mahalanobis_patch;0.0;mahalanobis_patch;10;10;10;0;392;150;50;100;3;5;95;0.9576;0.9775;0.9259;0.5700;0.7800;-0.0014;;;;;;;;8.47
2026-02-17T22:26:11.469676;VisA/chewinggum;cont_0pct_oracle_patch;0.0;oracle_patch;10;10;10;0;0;150;50;100;3;5;95;0.9590;0.9777;0.9412;0.5700;0.7400;0.0000;;;;;;;;0.01
2026-02-17T22:26:20.476371;VisA/chewinggum;cont_0pct_ensemble_loo_mahal;0.0;ensemble_loo_mahal;10;10;10;0;392;150;50;100;3;5;95;0.9556;0.9764;0.9223;0.5900;0.7600;-0.0034;;;;;;;;9.00
2026-02-17T22:26:27.651305;VisA/chewinggum;cont_0pct_cosine_loo;0.0;cosine_loo;10;10;10;0;392;150;50;100;3;5;95;0.9544;0.9752;0.9327;0.5600;0.7200;-0.0046;;;;;;;;7.17
2026-02-17T22:26:33.670887;VisA/chewinggum;cont_5pct_none;0.05;none;10;10;10;0;0;150;50;100;3;5;95;0.9590;0.9777;0.9412;0.5700;0.7400;0.0000;;;;;;;;6.01
2026-02-17T22:26:41.690742;VisA/chewinggum;cont_5pct_loo_patch;0.05;loo_patch;10;10;10;0;392;150;50;100;3;5;95;0.9552;0.9763;0.9217;0.5700;0.7900;-0.0038;1.0000;;;;;;;8.02
2026-02-17T22:26:47.553827;VisA/chewinggum;cont_5pct_random_patch;0.05;random_patch;10;10;10;0;392;150;50;100;3;5;95;0.9618;0.9792;0.9390;0.5800;0.7700;0.0028;1.0000;;;;;;;5.86
2026-02-17T22:26:55.409909;VisA/chewinggum;cont_5pct_mahalanobis_patch;0.05;mahalanobis_patch;10;10;10;0;392;150;50;100;3;5;95;0.9576;0.9775;0.9259;0.5700;0.7800;-0.0014;1.0000;;;;;;;7.85
2026-02-17T22:26:55.433417;VisA/chewinggum;cont_5pct_oracle_patch;0.05;oracle_patch;10;10;10;0;0;150;50;100;3;5;95;0.9590;0.9777;0.9412;0.5700;0.7400;0.0000;1.0000;;;;;;;0.02
2026-02-17T22:27:04.181125;VisA/chewinggum;cont_5pct_ensemble_loo_mahal;0.05;ensemble_loo_mahal;10;10;10;0;392;150;50;100;3;5;95;0.9556;0.9764;0.9223;0.5900;0.7600;-0.0034;1.0000;;;;;;;8.68
2026-02-17T22:27:12.133472;VisA/chewinggum;cont_5pct_cosine_loo;0.05;cosine_loo;10;10;10;0;392;150;50;100;3;5;95;0.9544;0.9752;0.9327;0.5600;0.7200;-0.0046;1.0000;;;;;;;7.95
2026-02-17T22:27:17.800953;VisA/chewinggum;cont_40pct_none;0.4;none;10;10;10;4;0;150;50;100;3;5;95;0.9020;0.9544;0.9005;0.4900;0.6500;-0.0570;;;;;;;;5.64
2026-02-17T22:27:25.292606;VisA/chewinggum;cont_40pct_loo_patch;0.4;loo_patch;10;10;10;4;392;150;50;100;3;5;95;0.9390;0.9690;0.9261;0.5100;0.7300;-0.0200;0.6491;0.7917;0;0.7500;0.7500;;;7.49
2026-02-17T22:27:31.567226;VisA/chewinggum;cont_40pct_random_patch;0.4;random_patch;10;10;10;4;392;150;50;100;3;5;95;0.9072;0.9575;0.8966;0.4900;0.6900;-0.0518;0.0912;0.7917;0;0.7500;0.7500;;;6.27
2026-02-17T22:27:39.542653;VisA/chewinggum;cont_40pct_mahalanobis_patch;0.4;mahalanobis_patch;10;10;10;4;392;150;50;100;3;5;95;0.9374;0.9685;0.9208;0.5300;0.7300;-0.0216;0.6211;0.7917;0;0.7500;0.7500;;;7.97
2026-02-17T22:27:44.074304;VisA/chewinggum;cont_40pct_oracle_patch;0.4;oracle_patch;10;10;6;4;3136;150;50;100;3;5;95;0.9520;0.9748;0.9231;0.5900;0.7800;-0.0070;0.8772;0.7917;0;0.7500;0.7500;;;4.53
2026-02-17T22:27:52.237273;VisA/chewinggum;cont_40pct_ensemble_loo_mahal;0.4;ensemble_loo_mahal;10;10;10;4;392;150;50;100;3;5;95;0.9362;0.9677;0.9163;0.5000;0.7300;-0.0228;0.6000;0.7917;0;0.7500;0.7500;;;8.16
2026-02-17T22:27:59.078215;VisA/chewinggum;cont_40pct_cosine_loo;0.4;cosine_loo;10;10;10;4;392;150;50;100;3;5;95;0.9340;0.9660;0.9202;0.5000;0.7100;-0.0250;0.5614;0.7917;0;0.7500;0.7500;;;6.83
2026-02-17T22:28:06.442046;VisA/chewinggum;cont_50pct_none;0.5;none;10;10;10;5;0;150;50;100;3;5;95;0.8902;0.9495;0.8911;0.4800;0.6300;-0.0688;;;;;;;;7.34
2026-02-17T22:28:13.021099;VisA/chewinggum;cont_50pct_loo_patch;0.5;loo_patch;10;10;10;5;392;150;50;100;3;5;95;0.9336;0.9663;0.9135;0.5200;0.6800;-0.0254;0.6308;0.9600;1;0.8000;0.8000;;;6.57
2026-02-17T22:28:19.414414;VisA/chewinggum;cont_50pct_random_patch;0.5;random_patch;10;10;10;5;392;150;50;100;3;5;95;0.8926;0.9508;0.8922;0.4800;0.6400;-0.0664;0.0349;0.9600;1;0.8000;0.8000;;;6.39
2026-02-17T22:28:28.496299;VisA/chewinggum;cont_50pct_mahalanobis_patch;0.5;mahalanobis_patch;10;10;10;5;392;150;50;100;3;5;95;0.9310;0.9648;0.9126;0.5000;0.6600;-0.0280;0.5930;0.9600;1;0.8000;0.8000;;;9.08
2026-02-17T22:28:31.517238;VisA/chewinggum;cont_50pct_oracle_patch;0.5;oracle_patch;10;10;5;5;3920;150;50;100;3;5;95;0.9480;0.9727;0.9208;0.5800;0.7400;-0.0110;0.8401;0.9600;1;0.8000;0.8000;;;3.02
2026-02-17T22:28:40.085365;VisA/chewinggum;cont_50pct_ensemble_loo_mahal;0.5;ensemble_loo_mahal;10;10;10;5;392;150;50;100;3;5;95;0.9320;0.9654;0.9108;0.5000;0.6800;-0.0270;0.6076;0.9600;1;0.8000;0.8000;;;8.56
2026-02-17T22:28:47.747698;VisA/chewinggum;cont_50pct_cosine_loo;0.5;cosine_loo;10;10;10;5;392;150;50;100;3;5;95;0.9230;0.9622;0.9082;0.5000;0.6800;-0.0360;0.4767;0.9600;1;0.8000;0.8000;;;7.66
2026-02-17T22:28:53.864126;VisA/chewinggum;cont_0pct_none;0.0;none;10;10;10;0;0;150;50;100;4;5;95;0.9562;0.9782;0.9381;0.5400;0.8800;;;;;;;;;5.97
2026-02-17T22:29:01.234285;VisA/chewinggum;cont_0pct_loo_patch;0.0;loo_patch;10;10;10;0;392;150;50;100;4;5;95;0.9566;0.9783;0.9293;0.5900;0.8600;0.0004;;;;;;;;7.37
2026-02-17T22:29:07.569814;VisA/chewinggum;cont_0pct_random_patch;0.0;random_patch;10;10;10;0;392;150;50;100;4;5;95;0.9592;0.9794;0.9388;0.5500;0.8800;0.0030;;;;;;;;6.33
2026-02-17T22:29:15.560510;VisA/chewinggum;cont_0pct_mahalanobis_patch;0.0;mahalanobis_patch;10;10;10;0;392;150;50;100;4;5;95;0.9548;0.9775;0.9271;0.5900;0.8800;-0.0014;;;;;;;;7.98
2026-02-17T22:29:15.578030;VisA/chewinggum;cont_0pct_oracle_patch;0.0;oracle_patch;10;10;10;0;0;150;50;100;4;5;95;0.9562;0.9782;0.9381;0.5400;0.8800;0.0000;;;;;;;;0.01
2026-02-17T22:29:23.463887;VisA/chewinggum;cont_0pct_ensemble_loo_mahal;0.0;ensemble_loo_mahal;10;10;10;0;392;150;50;100;4;5;95;0.9532;0.9772;0.9278;0.5400;0.8900;-0.0030;;;;;;;;7.80
2026-02-17T22:29:31.355921;VisA/chewinggum;cont_0pct_cosine_loo;0.0;cosine_loo;10;10;10;0;392;150;50;100;4;5;95;0.9556;0.9774;0.9239;0.5600;0.8300;-0.0006;;;;;;;;7.89
2026-02-17T22:29:37.653696;VisA/chewinggum;cont_5pct_none;0.05;none;10;10;10;0;0;150;50;100;4;5;95;0.9562;0.9782;0.9381;0.5400;0.8800;0.0000;;;;;;;;6.28
2026-02-17T22:29:44.451649;VisA/chewinggum;cont_5pct_loo_patch;0.05;loo_patch;10;10;10;0;392;150;50;100;4;5;95;0.9566;0.9783;0.9293;0.5900;0.8600;0.0004;1.0000;;;;;;;6.79
2026-02-17T22:29:51.519984;VisA/chewinggum;cont_5pct_random_patch;0.05;random_patch;10;10;10;0;392;150;50;100;4;5;95;0.9592;0.9794;0.9388;0.5500;0.8800;0.0030;1.0000;;;;;;;7.06
2026-02-17T22:29:59.611888;VisA/chewinggum;cont_5pct_mahalanobis_patch;0.05;mahalanobis_patch;10;10;10;0;392;150;50;100;4;5;95;0.9548;0.9775;0.9271;0.5900;0.8800;-0.0014;1.0000;;;;;;;8.08
2026-02-17T22:29:59.628885;VisA/chewinggum;cont_5pct_oracle_patch;0.05;oracle_patch;10;10;10;0;0;150;50;100;4;5;95;0.9562;0.9782;0.9381;0.5400;0.8800;0.0000;1.0000;;;;;;;0.01
2026-02-17T22:30:07.655701;VisA/chewinggum;cont_5pct_ensemble_loo_mahal;0.05;ensemble_loo_mahal;10;10;10;0;392;150;50;100;4;5;95;0.9532;0.9772;0.9278;0.5400;0.8900;-0.0030;1.0000;;;;;;;7.93
2026-02-17T22:30:14.998100;VisA/chewinggum;cont_5pct_cosine_loo;0.05;cosine_loo;10;10;10;0;392;150;50;100;4;5;95;0.9556;0.9774;0.9239;0.5600;0.8300;-0.0006;1.0000;;;;;;;7.34
2026-02-17T22:30:21.611356;VisA/chewinggum;cont_40pct_none;0.4;none;10;10;10;4;0;150;50;100;4;5;95;0.8998;0.9551;0.8842;0.4500;0.8000;-0.0564;;;;;;;;6.59
2026-02-17T22:30:28.235042;VisA/chewinggum;cont_40pct_loo_patch;0.4;loo_patch;10;10;10;4;392;150;50;100;4;5;95;0.9362;0.9684;0.8995;0.5100;0.8200;-0.0200;0.6454;1.0000;1;1.0000;1.0000;;;6.62
2026-02-17T22:30:35.381095;VisA/chewinggum;cont_40pct_random_patch;0.4;random_patch;10;10;10;4;392;150;50;100;4;5;95;0.9016;0.9559;0.8925;0.4700;0.8000;-0.0546;0.0319;1.0000;1;1.0000;1.0000;;;7.14
2026-02-17T22:30:46.284543;VisA/chewinggum;cont_40pct_mahalanobis_patch;0.4;mahalanobis_patch;10;10;10;4;392;150;50;100;4;5;95;0.9378;0.9700;0.9101;0.5000;0.8600;-0.0184;0.6738;1.0000;1;1.0000;1.0000;;;10.90
2026-02-17T22:30:49.644644;VisA/chewinggum;cont_40pct_oracle_patch;0.4;oracle_patch;10;10;6;4;3136;150;50;100;4;5;95;0.9604;0.9794;0.9293;0.5700;0.8600;0.0042;1.0745;1.0000;1;1.0000;1.0000;;;3.36
2026-02-17T22:30:58.407018;VisA/chewinggum;cont_40pct_ensemble_loo_mahal;0.4;ensemble_loo_mahal;10;10;10;4;392;150;50;100;4;5;95;0.9312;0.9675;0.8995;0.5000;0.8300;-0.0250;0.5567;1.0000;1;1.0000;1.0000;;;8.75
2026-02-17T22:31:05.819057;VisA/chewinggum;cont_40pct_cosine_loo;0.4;cosine_loo;10;10;10;4;392;150;50;100;4;5;95;0.9300;0.9660;0.8972;0.5100;0.8000;-0.0262;0.5355;1.0000;1;1.0000;1.0000;;;7.41
2026-02-17T22:31:11.703503;VisA/chewinggum;cont_50pct_none;0.5;none;10;10;10;5;0;150;50;100;4;5;95;0.8846;0.9477;0.8780;0.4500;0.7000;-0.0716;;;;;;;;5.86
2026-02-17T22:31:19.165676;VisA/chewinggum;cont_50pct_loo_patch;0.5;loo_patch;10;10;10;5;392;150;50;100;4;5;95;0.9186;0.9619;0.8900;0.5200;0.7400;-0.0376;0.4749;1.0000;1;1.0000;1.0000;;;7.46
2026-02-17T22:31:25.028063;VisA/chewinggum;cont_50pct_random_patch;0.5;random_patch;10;10;10;5;392;150;50;100;4;5;95;0.8826;0.9469;0.8780;0.4700;0.6900;-0.0736;-0.0279;1.0000;1;1.0000;1.0000;;;5.86
2026-02-17T22:31:34.305796;VisA/chewinggum;cont_50pct_mahalanobis_patch;0.5;mahalanobis_patch;10;10;10;5;392;150;50;100;4;5;95;0.9178;0.9611;0.8952;0.4900;0.7400;-0.0384;0.4637;1.0000;1;1.0000;1.0000;;;9.26
2026-02-17T22:31:37.321722;VisA/chewinggum;cont_50pct_oracle_patch;0.5;oracle_patch;10;10;5;5;3920;150;50;100;4;5;95;0.9536;0.9761;0.9353;0.5600;0.8300;-0.0026;0.9637;1.0000;1;1.0000;1.0000;;;3.01
2026-02-17T22:31:46.782128;VisA/chewinggum;cont_50pct_ensemble_loo_mahal;0.5;ensemble_loo_mahal;10;10;10;5;392;150;50;100;4;5;95;0.9146;0.9599;0.8868;0.5100;0.7400;-0.0416;0.4190;1.0000;1;1.0000;1.0000;;;9.46
2026-02-17T22:31:52.502343;VisA/chewinggum;cont_50pct_cosine_loo;0.5;cosine_loo;10;10;10;5;392;150;50;100;4;5;95;0.9154;0.9601;0.8900;0.4800;0.7500;-0.0408;0.4302;1.0000;1;1.0000;1.0000;;;5.72
2026-02-17T22:32:02.219053;VisA/fryum;cont_0pct_none;0.0;none;10;10;10;0;0;150;50;100;0;5;95;0.8500;0.9300;0.8451;0.5500;0.5900;;;;;;;;;7.68
2026-02-17T22:32:08.753081;VisA/fryum;cont_0pct_loo_patch;0.0;loo_patch;10;10;10;0;392;150;50;100;0;5;95;0.8346;0.9219;0.8312;0.4700;0.5900;-0.0154;;;;;;;;6.53
2026-02-17T22:32:15.796026;VisA/fryum;cont_0pct_random_patch;0.0;random_patch;10;10;10;0;392;150;50;100;0;5;95;0.8504;0.9296;0.8545;0.5600;0.6000;0.0004;;;;;;;;7.04
2026-02-17T22:32:23.877944;VisA/fryum;cont_0pct_mahalanobis_patch;0.0;mahalanobis_patch;10;10;10;0;392;150;50;100;0;5;95;0.8420;0.9265;0.8384;0.5500;0.5900;-0.0080;;;;;;;;8.08
2026-02-17T22:32:23.897419;VisA/fryum;cont_0pct_oracle_patch;0.0;oracle_patch;10;10;10;0;0;150;50;100;0;5;95;0.8500;0.9300;0.8451;0.5500;0.5900;0.0000;;;;;;;;0.01
2026-02-17T22:32:32.271768;VisA/fryum;cont_0pct_ensemble_loo_mahal;0.0;ensemble_loo_mahal;10;10;10;0;392;150;50;100;0;5;95;0.8326;0.9210;0.8376;0.4900;0.5800;-0.0174;;;;;;;;8.24
2026-02-17T22:32:40.128612;VisA/fryum;cont_0pct_cosine_loo;0.0;cosine_loo;10;10;10;0;392;150;50;100;0;5;95;0.8404;0.9248;0.8377;0.5100;0.5700;-0.0096;;;;;;;;7.85
2026-02-17T22:32:46.526296;VisA/fryum;cont_5pct_none;0.05;none;10;10;10;0;0;150;50;100;0;5;95;0.8500;0.9300;0.8451;0.5500;0.5900;0.0000;;;;;;;;6.38
2026-02-17T22:32:54.291391;VisA/fryum;cont_5pct_loo_patch;0.05;loo_patch;10;10;10;0;392;150;50;100;0;5;95;0.8346;0.9219;0.8312;0.4700;0.5900;-0.0154;1.0000;;;;;;;7.76
2026-02-17T22:33:00.291946;VisA/fryum;cont_5pct_random_patch;0.05;random_patch;10;10;10;0;392;150;50;100;0;5;95;0.8504;0.9296;0.8545;0.5600;0.6000;0.0004;1.0000;;;;;;;5.99
2026-02-17T22:33:09.931365;VisA/fryum;cont_5pct_mahalanobis_patch;0.05;mahalanobis_patch;10;10;10;0;392;150;50;100;0;5;95;0.8420;0.9265;0.8384;0.5500;0.5900;-0.0080;1.0000;;;;;;;9.64
2026-02-17T22:33:09.949373;VisA/fryum;cont_5pct_oracle_patch;0.05;oracle_patch;10;10;10;0;0;150;50;100;0;5;95;0.8500;0.9300;0.8451;0.5500;0.5900;0.0000;1.0000;;;;;;;0.01
2026-02-17T22:33:18.758857;VisA/fryum;cont_5pct_ensemble_loo_mahal;0.05;ensemble_loo_mahal;10;10;10;0;392;150;50;100;0;5;95;0.8326;0.9210;0.8376;0.4900;0.5800;-0.0174;1.0000;;;;;;;8.26
2026-02-17T22:33:26.179215;VisA/fryum;cont_5pct_cosine_loo;0.05;cosine_loo;10;10;10;0;392;150;50;100;0;5;95;0.8404;0.9248;0.8377;0.5100;0.5700;-0.0096;1.0000;;;;;;;7.42
2026-02-17T22:33:32.729934;VisA/fryum;cont_40pct_none;0.4;none;10;10;10;4;0;150;50;100;0;5;95;0.7350;0.8748;0.8120;0.4100;0.4600;-0.1150;;;;;;;;6.53
2026-02-17T22:33:40.154219;VisA/fryum;cont_40pct_loo_patch;0.4;loo_patch;10;10;10;4;392;150;50;100;0;5;95;0.7452;0.8799;0.8103;0.4200;0.4900;-0.1048;0.0887;0.6667;0;0.5000;0.5000;;;7.42
2026-02-17T22:33:46.513132;VisA/fryum;cont_40pct_random_patch;0.4;random_patch;10;10;10;4;392;150;50;100;0;5;95;0.7272;0.8703;0.8085;0.4100;0.4400;-0.1228;-0.0678;0.6667;0;0.5000;0.5000;;;6.35
2026-02-17T22:33:54.990020;VisA/fryum;cont_40pct_mahalanobis_patch;0.4;mahalanobis_patch;10;10;10;4;392;150;50;100;0;5;95;0.7588;0.8857;0.8190;0.4000;0.5000;-0.0912;0.2070;0.6667;0;0.5000;0.5000;;;8.47
2026-02-17T22:33:59.259458;VisA/fryum;cont_40pct_oracle_patch;0.4;oracle_patch;10;10;6;4;3136;150;50;100;0;5;95;0.7938;0.9005;0.8340;0.4200;0.4700;-0.0562;0.5113;0.6667;0;0.5000;0.5000;;;4.26
2026-02-17T22:34:07.903844;VisA/fryum;cont_40pct_ensemble_loo_mahal;0.4;ensemble_loo_mahal;10;10;10;4;392;150;50;100;0;5;95;0.7600;0.8850;0.8190;0.3700;0.4900;-0.0900;0.2174;0.6667;0;0.5000;0.5000;;;8.64
2026-02-17T22:34:15.612304;VisA/fryum;cont_40pct_cosine_loo;0.4;cosine_loo;10;10;10;4;392;150;50;100;0;5;95;0.7382;0.8767;0.8101;0.4000;0.4700;-0.1118;0.0278;0.6667;0;0.5000;0.5000;;;7.70
2026-02-17T22:34:22.048395;VisA/fryum;cont_50pct_none;0.5;none;10;10;10;5;0;150;50;100;0;5;95;0.7202;0.8678;0.8034;0.4200;0.4600;-0.1298;;;;;;;;6.41
2026-02-17T22:34:30.052689;VisA/fryum;cont_50pct_loo_patch;0.5;loo_patch;10;10;10;5;392;150;50;100;0;5;95;0.7452;0.8807;0.8103;0.4200;0.5000;-0.1048;0.1926;0.5600;0;0.6000;0.6000;;;8.00
2026-02-17T22:34:35.979905;VisA/fryum;cont_50pct_random_patch;0.5;random_patch;10;10;10;5;392;150;50;100;0;5;95;0.7218;0.8686;0.8000;0.4300;0.4600;-0.1282;0.0123;0.5600;0;0.6000;0.6000;;;5.92
2026-02-17T22:34:45.816877;VisA/fryum;cont_50pct_mahalanobis_patch;0.5;mahalanobis_patch;10;10;10;5;392;150;50;100;0;5;95;0.7442;0.8799;0.8067;0.4200;0.4900;-0.1058;0.1849;0.5600;0;0.6000;0.6000;;;9.83
2026-02-17T22:34:48.722646;VisA/fryum;cont_50pct_oracle_patch;0.5;oracle_patch;10;10;5;5;3920;150;50;100;0;5;95;0.7836;0.8969;0.8305;0.4300;0.4900;-0.0664;0.4884;0.5600;0;0.6000;0.6000;;;2.90
2026-02-17T22:34:58.044118;VisA/fryum;cont_50pct_ensemble_loo_mahal;0.5;ensemble_loo_mahal;10;10;10;5;392;150;50;100;0;5;95;0.7536;0.8825;0.8155;0.4000;0.4900;-0.0964;0.2573;0.5600;0;0.6000;0.6000;;;9.32
2026-02-17T22:35:04.997091;VisA/fryum;cont_50pct_cosine_loo;0.5;cosine_loo;10;10;10;5;392;150;50;100;0;5;95;0.7368;0.8764;0.8035;0.4400;0.4900;-0.1132;0.1279;0.5600;0;0.6000;0.6000;;;6.94
2026-02-17T22:35:12.732748;VisA/fryum;cont_0pct_none;0.0;none;10;10;10;0;0;150;50;100;1;5;95;0.8646;0.9376;0.8488;0.4900;0.6600;;;;;;;;;7.56
2026-02-17T22:35:19.341757;VisA/fryum;cont_0pct_loo_patch;0.0;loo_patch;10;10;10;0;392;150;50;100;1;5;95;0.8550;0.9336;0.8491;0.4500;0.6200;-0.0096;;;;;;;;6.60
2026-02-17T22:35:26.338096;VisA/fryum;cont_0pct_random_patch;0.0;random_patch;10;10;10;0;392;150;50;100;1;5;95;0.8640;0.9376;0.8458;0.5100;0.6600;-0.0006;;;;;;;;6.99
2026-02-17T22:35:34.589944;VisA/fryum;cont_0pct_mahalanobis_patch;0.0;mahalanobis_patch;10;10;10;0;392;150;50;100;1;5;95;0.8536;0.9308;0.8571;0.4900;0.5800;-0.0110;;;;;;;;8.24
2026-02-17T22:35:34.606054;VisA/fryum;cont_0pct_oracle_patch;0.0;oracle_patch;10;10;10;0;0;150;50;100;1;5;95;0.8646;0.9376;0.8488;0.4900;0.6600;0.0000;;;;;;;;0.01
2026-02-17T22:35:42.732115;VisA/fryum;cont_0pct_ensemble_loo_mahal;0.0;ensemble_loo_mahal;10;10;10;0;392;150;50;100;1;5;95;0.8560;0.9340;0.8517;0.5300;0.6200;-0.0086;;;;;;;;8.04
2026-02-17T22:35:50.570204;VisA/fryum;cont_0pct_cosine_loo;0.0;cosine_loo;10;10;10;0;392;150;50;100;1;5;95;0.8514;0.9318;0.8436;0.4700;0.6300;-0.0132;;;;;;;;7.83
2026-02-17T22:35:56.672018;VisA/fryum;cont_5pct_none;0.05;none;10;10;10;0;0;150;50;100;1;5;95;0.8646;0.9376;0.8488;0.4900;0.6600;0.0000;;;;;;;;6.08
2026-02-17T22:36:04.767384;VisA/fryum;cont_5pct_loo_patch;0.05;loo_patch;10;10;10;0;392;150;50;100;1;5;95;0.8550;0.9336;0.8491;0.4500;0.6200;-0.0096;1.0000;;;;;;;8.09
2026-02-17T22:36:10.459106;VisA/fryum;cont_5pct_random_patch;0.05;random_patch;10;10;10;0;392;150;50;100;1;5;95;0.8640;0.9376;0.8458;0.5100;0.6600;-0.0006;1.0000;;;;;;;5.69
2026-02-17T22:36:19.957833;VisA/fryum;cont_5pct_mahalanobis_patch;0.05;mahalanobis_patch;10;10;10;0;392;150;50;100;1;5;95;0.8536;0.9308;0.8571;0.4900;0.5800;-0.0110;1.0000;;;;;;;9.49
2026-02-17T22:36:19.975830;VisA/fryum;cont_5pct_oracle_patch;0.05;oracle_patch;10;10;10;0;0;150;50;100;1;5;95;0.8646;0.9376;0.8488;0.4900;0.6600;0.0000;1.0000;;;;;;;0.01
2026-02-17T22:36:28.241243;VisA/fryum;cont_5pct_ensemble_loo_mahal;0.05;ensemble_loo_mahal;10;10;10;0;392;150;50;100;1;5;95;0.8560;0.9340;0.8517;0.5300;0.6200;-0.0086;1.0000;;;;;;;8.19
2026-02-17T22:36:35.865566;VisA/fryum;cont_5pct_cosine_loo;0.05;cosine_loo;10;10;10;0;392;150;50;100;1;5;95;0.8514;0.9318;0.8436;0.4700;0.6300;-0.0132;1.0000;;;;;;;7.62
2026-02-17T22:36:42.418243;VisA/fryum;cont_40pct_none;0.4;none;10;10;10;4;0;150;50;100;1;5;95;0.8218;0.9210;0.8200;0.5000;0.6300;-0.0428;;;;;;;;6.53
2026-02-17T22:36:50.051032;VisA/fryum;cont_40pct_loo_patch;0.4;loo_patch;10;10;10;4;392;150;50;100;1;5;95;0.8190;0.9193;0.8194;0.5100;0.5900;-0.0456;-0.0654;0.5417;1;0.2500;0.2500;;;7.62
2026-02-17T22:36:56.303461;VisA/fryum;cont_40pct_random_patch;0.4;random_patch;10;10;10;4;392;150;50;100;1;5;95;0.8246;0.9217;0.8252;0.5000;0.6300;-0.0400;0.0654;0.5417;1;0.2500;0.2500;;;6.25
2026-02-17T22:37:04.540592;VisA/fryum;cont_40pct_mahalanobis_patch;0.4;mahalanobis_patch;10;10;10;4;392;150;50;100;1;5;95;0.8346;0.9232;0.8390;0.4700;0.5700;-0.0300;0.2991;0.5417;1;0.2500;0.2500;;;8.23
2026-02-17T22:37:08.949796;VisA/fryum;cont_40pct_oracle_patch;0.4;oracle_patch;10;10;6;4;3136;150;50;100;1;5;95;0.8644;0.9373;0.8430;0.5500;0.6300;-0.0002;0.9953;0.5417;1;0.2500;0.2500;;;4.40
2026-02-17T22:37:17.606349;VisA/fryum;cont_40pct_ensemble_loo_mahal;0.4;ensemble_loo_mahal;10;10;10;4;392;150;50;100;1;5;95;0.8248;0.9194;0.8304;0.4900;0.5900;-0.0398;0.0701;0.5417;1;0.2500;0.2500;;;8.65
2026-02-17T22:37:25.427099;VisA/fryum;cont_40pct_cosine_loo;0.4;cosine_loo;10;10;10;4;392;150;50;100;1;5;95;0.8260;0.9231;0.8273;0.5500;0.5800;-0.0386;0.0981;0.5417;1;0.2500;0.2500;;;7.81
2026-02-17T22:37:31.665248;VisA/fryum;cont_50pct_none;0.5;none;10;10;10;5;0;150;50;100;1;5;95;0.8008;0.9103;0.8131;0.4800;0.5400;-0.0638;;;;;;;;6.21
2026-02-17T22:37:39.049219;VisA/fryum;cont_50pct_loo_patch;0.5;loo_patch;10;10;10;5;392;150;50;100;1;5;95;0.8050;0.9120;0.8098;0.4800;0.5200;-0.0596;0.0658;0.5200;1;0.4000;0.4000;;;7.38
2026-02-17T22:37:45.464475;VisA/fryum;cont_50pct_random_patch;0.5;random_patch;10;10;10;5;392;150;50;100;1;5;95;0.8100;0.9150;0.8186;0.4900;0.5900;-0.0546;0.1442;0.5200;1;0.4000;0.4000;;;6.41
2026-02-17T22:37:54.381790;VisA/fryum;cont_50pct_mahalanobis_patch;0.5;mahalanobis_patch;10;10;10;5;392;150;50;100;1;5;95;0.8220;0.9182;0.8235;0.4400;0.5700;-0.0426;0.3323;0.5200;1;0.4000;0.4000;;;8.91
2026-02-17T22:37:58.154035;VisA/fryum;cont_50pct_oracle_patch;0.5;oracle_patch;10;10;5;5;3920;150;50;100;1;5;95;0.8524;0.9327;0.8374;0.5200;0.6100;-0.0122;0.8088;0.5200;1;0.4000;0.4000;;;3.77
2026-02-17T22:38:06.280477;VisA/fryum;cont_50pct_ensemble_loo_mahal;0.5;ensemble_loo_mahal;10;10;10;5;392;150;50;100;1;5;95;0.8170;0.9156;0.8223;0.4500;0.5600;-0.0476;0.2539;0.5200;1;0.4000;0.4000;;;8.03
2026-02-17T22:38:13.970310;VisA/fryum;cont_50pct_cosine_loo;0.5;cosine_loo;10;10;10;5;392;150;50;100;1;5;95;0.8110;0.9146;0.8235;0.4800;0.5500;-0.0536;0.1599;0.5200;1;0.4000;0.4000;;;7.68
2026-02-17T22:38:20.469484;VisA/fryum;cont_0pct_none;0.0;none;10;10;10;0;0;150;50;100;2;5;95;0.8574;0.9325;0.8513;0.4900;0.5800;;;;;;;;;6.37
2026-02-17T22:38:28.692085;VisA/fryum;cont_0pct_loo_patch;0.0;loo_patch;10;10;10;0;392;150;50;100;2;5;95;0.8424;0.9224;0.8416;0.3800;0.5500;-0.0150;;;;;;;;8.22
2026-02-17T22:38:34.392187;VisA/fryum;cont_0pct_random_patch;0.0;random_patch;10;10;10;0;392;150;50;100;2;5;95;0.8540;0.9294;0.8615;0.4200;0.5500;-0.0034;;;;;;;;5.61
2026-02-17T22:38:43.575703;VisA/fryum;cont_0pct_mahalanobis_patch;0.0;mahalanobis_patch;10;10;10;0;392;150;50;100;2;5;95;0.8578;0.9315;0.8517;0.4900;0.5400;0.0004;;;;;;;;9.18
2026-02-17T22:38:43.590664;VisA/fryum;cont_0pct_oracle_patch;0.0;oracle_patch;10;10;10;0;0;150;50;100;2;5;95;0.8574;0.9325;0.8513;0.4900;0.5800;0.0000;;;;;;;;0.01
2026-02-17T22:38:54.008268;VisA/fryum;cont_0pct_ensemble_loo_mahal;0.0;ensemble_loo_mahal;10;10;10;0;392;150;50;100;2;5;95;0.8566;0.9286;0.8545;0.4100;0.5300;-0.0008;;;;;;;;10.34
2026-02-17T22:39:01.206116;VisA/fryum;cont_0pct_cosine_loo;0.0;cosine_loo;10;10;10;0;392;150;50;100;2;5;95;0.8540;0.9296;0.8465;0.4200;0.5800;-0.0034;;;;;;;;7.19
2026-02-17T22:39:08.208758;VisA/fryum;cont_5pct_none;0.05;none;10;10;10;0;0;150;50;100;2;5;95;0.8574;0.9325;0.8513;0.4900;0.5800;0.0000;;;;;;;;6.99
2026-02-17T22:39:15.956432;VisA/fryum;cont_5pct_loo_patch;0.05;loo_patch;10;10;10;0;392;150;50;100;2;5;95;0.8424;0.9224;0.8416;0.3800;0.5500;-0.0150;1.0000;;;;;;;7.74
2026-02-17T22:39:22.182422;VisA/fryum;cont_5pct_random_patch;0.05;random_patch;10;10;10;0;392;150;50;100;2;5;95;0.8540;0.9294;0.8615;0.4200;0.5500;-0.0034;1.0000;;;;;;;6.22
2026-02-17T22:39:30.928169;VisA/fryum;cont_5pct_mahalanobis_patch;0.05;mahalanobis_patch;10;10;10;0;392;150;50;100;2;5;95;0.8578;0.9315;0.8517;0.4900;0.5400;0.0004;1.0000;;;;;;;8.74
2026-02-17T22:39:30.943169;VisA/fryum;cont_5pct_oracle_patch;0.05;oracle_patch;10;10;10;0;0;150;50;100;2;5;95;0.8574;0.9325;0.8513;0.4900;0.5800;0.0000;1.0000;;;;;;;0.01
2026-02-17T22:39:40.524305;VisA/fryum;cont_5pct_ensemble_loo_mahal;0.05;ensemble_loo_mahal;10;10;10;0;392;150;50;100;2;5;95;0.8566;0.9286;0.8545;0.4100;0.5300;-0.0008;1.0000;;;;;;;9.58
2026-02-17T22:39:47.502530;VisA/fryum;cont_5pct_cosine_loo;0.05;cosine_loo;10;10;10;0;392;150;50;100;2;5;95;0.8540;0.9296;0.8465;0.4200;0.5800;-0.0034;1.0000;;;;;;;6.97
2026-02-17T22:39:55.114287;VisA/fryum;cont_40pct_none;0.4;none;10;10;10;4;0;150;50;100;2;5;95;0.7622;0.8899;0.8000;0.4000;0.5000;-0.0952;;;;;;;;7.58
2026-02-17T22:40:02.252032;VisA/fryum;cont_40pct_loo_patch;0.4;loo_patch;10;10;10;4;392;150;50;100;2;5;95;0.8004;0.9048;0.8203;0.3800;0.5300;-0.0570;0.4013;0.8333;1;0.7500;0.7500;;;7.13
2026-02-17T22:40:09.027155;VisA/fryum;cont_40pct_random_patch;0.4;random_patch;10;10;10;4;392;150;50;100;2;5;95;0.7736;0.8953;0.8000;0.4000;0.5000;-0.0838;0.1197;0.8333;1;0.7500;0.7500;;;6.77
2026-02-17T22:40:17.519497;VisA/fryum;cont_40pct_mahalanobis_patch;0.4;mahalanobis_patch;10;10;10;4;392;150;50;100;2;5;95;0.7950;0.9037;0.8165;0.4400;0.5000;-0.0624;0.3445;0.8333;1;0.7500;0.7500;;;8.49
2026-02-17T22:40:21.801116;VisA/fryum;cont_40pct_oracle_patch;0.4;oracle_patch;10;10;6;4;3136;150;50;100;2;5;95;0.8218;0.9161;0.8349;0.4400;0.5900;-0.0356;0.6261;0.8333;1;0.7500;0.7500;;;4.28
2026-02-17T22:40:30.765380;VisA/fryum;cont_40pct_ensemble_loo_mahal;0.4;ensemble_loo_mahal;10;10;10;4;392;150;50;100;2;5;95;0.7948;0.9030;0.8198;0.4200;0.5200;-0.0626;0.3424;0.8333;1;0.7500;0.7500;;;8.96
2026-02-17T22:40:38.331680;VisA/fryum;cont_40pct_cosine_loo;0.4;cosine_loo;10;10;10;4;392;150;50;100;2;5;95;0.8024;0.9072;0.8186;0.4200;0.5200;-0.0550;0.4223;0.8333;1;0.7500;0.7500;;;7.56
2026-02-17T22:40:45.474698;VisA/fryum;cont_50pct_none;0.5;none;10;10;10;5;0;150;50;100;2;5;95;0.7388;0.8775;0.8000;0.4000;0.4500;-0.1186;;;;;;;;7.12
2026-02-17T22:40:52.181315;VisA/fryum;cont_50pct_loo_patch;0.5;loo_patch;10;10;10;5;392;150;50;100;2;5;95;0.7738;0.8929;0.8186;0.4000;0.5200;-0.0836;0.2951;0.8800;1;0.8000;0.8000;;;6.70
2026-02-17T22:40:59.481995;VisA/fryum;cont_50pct_random_patch;0.5;random_patch;10;10;10;5;392;150;50;100;2;5;95;0.7440;0.8802;0.8000;0.4100;0.4500;-0.1134;0.0438;0.8800;1;0.8000;0.8000;;;7.29
2026-02-17T22:41:07.682063;VisA/fryum;cont_50pct_mahalanobis_patch;0.5;mahalanobis_patch;10;10;10;5;392;150;50;100;2;5;95;0.7774;0.8928;0.8170;0.4100;0.5100;-0.0800;0.3255;0.8800;1;0.8000;0.8000;;;8.19
2026-02-17T22:41:11.325509;VisA/fryum;cont_50pct_oracle_patch;0.5;oracle_patch;10;10;5;5;3920;150;50;100;2;5;95;0.7966;0.9043;0.8235;0.4300;0.5500;-0.0608;0.4874;0.8800;1;0.8000;0.8000;;;3.64
2026-02-17T22:41:19.726104;VisA/fryum;cont_50pct_ensemble_loo_mahal;0.5;ensemble_loo_mahal;10;10;10;5;392;150;50;100;2;5;95;0.7702;0.8912;0.8155;0.4100;0.5100;-0.0872;0.2648;0.8800;1;0.8000;0.8000;;;7.98
2026-02-17T22:41:28.450104;VisA/fryum;cont_50pct_cosine_loo;0.5;cosine_loo;10;10;10;5;392;150;50;100;2;5;95;0.7744;0.8916;0.8255;0.4100;0.5000;-0.0830;0.3002;0.8800;1;0.8000;0.8000;;;8.71
2026-02-17T22:41:34.529399;VisA/fryum;cont_0pct_none;0.0;none;10;10;10;0;0;150;50;100;3;5;95;0.8912;0.9484;0.8832;0.5000;0.6400;;;;;;;;;5.93
2026-02-17T22:41:42.977701;VisA/fryum;cont_0pct_loo_patch;0.0;loo_patch;10;10;10;0;392;150;50;100;3;5;95;0.8732;0.9378;0.8660;0.4000;0.5900;-0.0180;;;;;;;;8.44
2026-02-17T22:41:48.737413;VisA/fryum;cont_0pct_random_patch;0.0;random_patch;10;10;10;0;392;150;50;100;3;5;95;0.8896;0.9476;0.8776;0.4900;0.6300;-0.0016;;;;;;;;5.75
2026-02-17T22:41:58.504337;VisA/fryum;cont_0pct_mahalanobis_patch;0.0;mahalanobis_patch;10;10;10;0;392;150;50;100;3;5;95;0.8784;0.9435;0.8700;0.5300;0.5500;-0.0128;;;;;;;;9.76
2026-02-17T22:41:58.520803;VisA/fryum;cont_0pct_oracle_patch;0.0;oracle_patch;10;10;10;0;0;150;50;100;3;5;95;0.8912;0.9484;0.8832;0.5000;0.6400;0.0000;;;;;;;;0.01
2026-02-17T22:42:07.022188;VisA/fryum;cont_0pct_ensemble_loo_mahal;0.0;ensemble_loo_mahal;10;10;10;0;392;150;50;100;3;5;95;0.8710;0.9383;0.8705;0.4600;0.5800;-0.0202;;;;;;;;8.06
2026-02-17T22:42:15.080427;VisA/fryum;cont_0pct_cosine_loo;0.0;cosine_loo;10;10;10;0;392;150;50;100;3;5;95;0.8666;0.9352;0.8615;0.4200;0.6000;-0.0246;;;;;;;;8.05
2026-02-17T22:42:21.434796;VisA/fryum;cont_5pct_none;0.05;none;10;10;10;0;0;150;50;100;3;5;95;0.8912;0.9484;0.8832;0.5000;0.6400;0.0000;;;;;;;;6.34
2026-02-17T22:42:29.616950;VisA/fryum;cont_5pct_loo_patch;0.05;loo_patch;10;10;10;0;392;150;50;100;3;5;95;0.8732;0.9378;0.8660;0.4000;0.5900;-0.0180;1.0000;;;;;;;8.18
2026-02-17T22:42:35.243105;VisA/fryum;cont_5pct_random_patch;0.05;random_patch;10;10;10;0;392;150;50;100;3;5;95;0.8896;0.9476;0.8776;0.4900;0.6300;-0.0016;1.0000;;;;;;;5.51
2026-02-17T22:42:44.630871;VisA/fryum;cont_5pct_mahalanobis_patch;0.05;mahalanobis_patch;10;10;10;0;392;150;50;100;3;5;95;0.8784;0.9435;0.8700;0.5300;0.5500;-0.0128;1.0000;;;;;;;9.38
2026-02-17T22:42:44.650330;VisA/fryum;cont_5pct_oracle_patch;0.05;oracle_patch;10;10;10;0;0;150;50;100;3;5;95;0.8912;0.9484;0.8832;0.5000;0.6400;0.0000;1.0000;;;;;;;0.01
2026-02-17T22:42:52.799681;VisA/fryum;cont_5pct_ensemble_loo_mahal;0.05;ensemble_loo_mahal;10;10;10;0;392;150;50;100;3;5;95;0.8710;0.9383;0.8705;0.4600;0.5800;-0.0202;1.0000;;;;;;;8.05
2026-02-17T22:43:00.864379;VisA/fryum;cont_5pct_cosine_loo;0.05;cosine_loo;10;10;10;0;392;150;50;100;3;5;95;0.8666;0.9352;0.8615;0.4200;0.6000;-0.0246;1.0000;;;;;;;8.06
2026-02-17T22:43:07.230512;VisA/fryum;cont_40pct_none;0.4;none;10;10;10;4;0;150;50;100;3;5;95;0.8214;0.9167;0.8259;0.3700;0.5600;-0.0698;;;;;;;;6.35
2026-02-17T22:43:15.355349;VisA/fryum;cont_40pct_loo_patch;0.4;loo_patch;10;10;10;4;392;150;50;100;3;5;95;0.8484;0.9241;0.8505;0.3900;0.5000;-0.0428;0.3868;0.7500;1;0.7500;0.7500;;;8.12
2026-02-17T22:43:20.981958;VisA/fryum;cont_40pct_random_patch;0.4;random_patch;10;10;10;4;392;150;50;100;3;5;95;0.8200;0.9159;0.8269;0.3900;0.5400;-0.0712;-0.0201;0.7500;1;0.7500;0.7500;;;5.62
2026-02-17T22:43:30.300242;VisA/fryum;cont_40pct_mahalanobis_patch;0.4;mahalanobis_patch;10;10;10;4;392;150;50;100;3;5;95;0.8434;0.9247;0.8393;0.4100;0.5400;-0.0478;0.3152;0.7500;1;0.7500;0.7500;;;9.31
2026-02-17T22:43:33.361957;VisA/fryum;cont_40pct_oracle_patch;0.4;oracle_patch;10;10;6;4;3136;150;50;100;3;5;95;0.8818;0.9428;0.8732;0.4200;0.6500;-0.0094;0.8653;0.7500;1;0.7500;0.7500;;;3.06
2026-02-17T22:43:42.997083;VisA/fryum;cont_40pct_ensemble_loo_mahal;0.4;ensemble_loo_mahal;10;10;10;4;392;150;50;100;3;5;95;0.8454;0.9236;0.8476;0.3900;0.4900;-0.0458;0.3438;0.7500;1;0.7500;0.7500;;;9.63
2026-02-17T22:43:49.746508;VisA/fryum;cont_40pct_cosine_loo;0.4;cosine_loo;10;10;10;4;392;150;50;100;3;5;95;0.8512;0.9265;0.8585;0.3800;0.5400;-0.0400;0.4269;0.7500;1;0.7500;0.7500;;;6.74
2026-02-17T22:43:57.222121;VisA/fryum;cont_50pct_none;0.5;none;10;10;10;5;0;150;50;100;3;5;95;0.8112;0.9134;0.8286;0.3700;0.6000;-0.0800;;;;;;;;7.45
2026-02-17T22:44:04.371750;VisA/fryum;cont_50pct_loo_patch;0.5;loo_patch;10;10;10;5;392;150;50;100;3;5;95;0.8462;0.9283;0.8442;0.4200;0.5400;-0.0450;0.4375;0.5600;0;0.6000;0.6000;;;7.14
2026-02-17T22:44:11.277605;VisA/fryum;cont_50pct_random_patch;0.5;random_patch;10;10;10;5;392;150;50;100;3;5;95;0.7986;0.9069;0.8152;0.3800;0.5200;-0.0926;-0.1575;0.5600;0;0.6000;0.6000;;;6.90
2026-02-17T22:44:19.358653;VisA/fryum;cont_50pct_mahalanobis_patch;0.5;mahalanobis_patch;10;10;10;5;392;150;50;100;3;5;95;0.8446;0.9261;0.8488;0.4500;0.5200;-0.0466;0.4175;0.5600;0;0.6000;0.6000;;;8.08
2026-02-17T22:44:22.908614;VisA/fryum;cont_50pct_oracle_patch;0.5;oracle_patch;10;10;5;5;3920;150;50;100;3;5;95;0.8820;0.9459;0.8660;0.4900;0.7100;-0.0092;0.8850;0.5600;0;0.6000;0.6000;;;3.54
2026-02-17T22:44:31.945825;VisA/fryum;cont_50pct_ensemble_loo_mahal;0.5;ensemble_loo_mahal;10;10;10;5;392;150;50;100;3;5;95;0.8418;0.9250;0.8365;0.4300;0.5000;-0.0494;0.3825;0.5600;0;0.6000;0.6000;;;9.03
2026-02-17T22:44:39.395680;VisA/fryum;cont_50pct_cosine_loo;0.5;cosine_loo;10;10;10;5;392;150;50;100;3;5;95;0.8416;0.9241;0.8465;0.4300;0.5200;-0.0496;0.3800;0.5600;0;0.6000;0.6000;;;7.44
2026-02-17T22:44:46.667072;VisA/fryum;cont_0pct_none;0.0;none;10;10;10;0;0;150;50;100;4;5;95;0.8782;0.9419;0.8673;0.5100;0.5900;;;;;;;;;7.13
2026-02-17T22:44:53.597646;VisA/fryum;cont_0pct_loo_patch;0.0;loo_patch;10;10;10;0;392;150;50;100;4;5;95;0.8620;0.9361;0.8586;0.4900;0.5700;-0.0162;;;;;;;;6.93
2026-02-17T22:45:00.881766;VisA/fryum;cont_0pct_random_patch;0.0;random_patch;10;10;10;0;392;150;50;100;4;5;95;0.8710;0.9385;0.8731;0.4700;0.6100;-0.0072;;;;;;;;7.27
2026-02-17T22:45:09.455181;VisA/fryum;cont_0pct_mahalanobis_patch;0.0;mahalanobis_patch;10;10;10;0;392;150;50;100;4;5;95;0.8750;0.9411;0.8660;0.5100;0.5800;-0.0032;;;;;;;;8.48
2026-02-17T22:45:09.471181;VisA/fryum;cont_0pct_oracle_patch;0.0;oracle_patch;10;10;10;0;0;150;50;100;4;5;95;0.8782;0.9419;0.8673;0.5100;0.5900;0.0000;;;;;;;;0.01
2026-02-17T22:45:18.402866;VisA/fryum;cont_0pct_ensemble_loo_mahal;0.0;ensemble_loo_mahal;10;10;10;0;392;150;50;100;4;5;95;0.8686;0.9371;0.8660;0.4400;0.5600;-0.0096;;;;;;;;8.19
2026-02-17T22:45:26.534440;VisA/fryum;cont_0pct_cosine_loo;0.0;cosine_loo;10;10;10;0;392;150;50;100;4;5;95;0.8556;0.9335;0.8600;0.5100;0.5800;-0.0226;;;;;;;;8.13
2026-02-17T22:45:33.174850;VisA/fryum;cont_5pct_none;0.05;none;10;10;10;0;0;150;50;100;4;5;95;0.8782;0.9419;0.8673;0.5100;0.5900;0.0000;;;;;;;;6.62
2026-02-17T22:45:40.598090;VisA/fryum;cont_5pct_loo_patch;0.05;loo_patch;10;10;10;0;392;150;50;100;4;5;95;0.8620;0.9361;0.8586;0.4900;0.5700;-0.0162;1.0000;;;;;;;7.42
2026-02-17T22:45:47.216024;VisA/fryum;cont_5pct_random_patch;0.05;random_patch;10;10;10;0;392;150;50;100;4;5;95;0.8710;0.9385;0.8731;0.4700;0.6100;-0.0072;1.0000;;;;;;;6.61
2026-02-17T22:45:55.336733;VisA/fryum;cont_5pct_mahalanobis_patch;0.05;mahalanobis_patch;10;10;10;0;392;150;50;100;4;5;95;0.8750;0.9411;0.8660;0.5100;0.5800;-0.0032;1.0000;;;;;;;8.11
2026-02-17T22:45:55.352547;VisA/fryum;cont_5pct_oracle_patch;0.05;oracle_patch;10;10;10;0;0;150;50;100;4;5;95;0.8782;0.9419;0.8673;0.5100;0.5900;0.0000;1.0000;;;;;;;0.01
2026-02-17T22:46:04.144736;VisA/fryum;cont_5pct_ensemble_loo_mahal;0.05;ensemble_loo_mahal;10;10;10;0;392;150;50;100;4;5;95;0.8686;0.9371;0.8660;0.4400;0.5600;-0.0096;1.0000;;;;;;;8.46
2026-02-17T22:46:12.279560;VisA/fryum;cont_5pct_cosine_loo;0.05;cosine_loo;10;10;10;0;392;150;50;100;4;5;95;0.8556;0.9335;0.8600;0.5100;0.5800;-0.0226;1.0000;;;;;;;8.13
2026-02-17T22:46:18.398491;VisA/fryum;cont_40pct_none;0.4;none;10;10;10;4;0;150;50;100;4;5;95;0.8190;0.9144;0.8252;0.4400;0.4900;-0.0592;;;;;;;;6.10
2026-02-17T22:46:26.527694;VisA/fryum;cont_40pct_loo_patch;0.4;loo_patch;10;10;10;4;392;150;50;100;4;5;95;0.8402;0.9242;0.8557;0.4300;0.5300;-0.0380;0.3581;1.0000;1;1.0000;1.0000;;;8.12
2026-02-17T22:46:32.766273;VisA/fryum;cont_40pct_random_patch;0.4;random_patch;10;10;10;4;392;150;50;100;4;5;95;0.8182;0.9155;0.8265;0.4700;0.5000;-0.0600;-0.0135;1.0000;1;1.0000;1.0000;;;6.23
2026-02-17T22:46:42.492501;VisA/fryum;cont_40pct_mahalanobis_patch;0.4;mahalanobis_patch;10;10;10;4;392;150;50;100;4;5;95;0.8366;0.9250;0.8367;0.5100;0.5600;-0.0416;0.2973;1.0000;1;1.0000;1.0000;;;9.72
2026-02-17T22:46:46.496503;VisA/fryum;cont_40pct_oracle_patch;0.4;oracle_patch;10;10;6;4;3136;150;50;100;4;5;95;0.8810;0.9460;0.8632;0.5900;0.6600;0.0028;1.0473;1.0000;1;1.0000;1.0000;;;4.00
2026-02-17T22:46:56.623114;VisA/fryum;cont_40pct_ensemble_loo_mahal;0.4;ensemble_loo_mahal;10;10;10;4;392;150;50;100;4;5;95;0.8400;0.9255;0.8442;0.4900;0.5400;-0.0382;0.3547;1.0000;1;1.0000;1.0000;;;10.12
2026-02-17T22:47:03.272508;VisA/fryum;cont_40pct_cosine_loo;0.4;cosine_loo;10;10;10;4;392;150;50;100;4;5;95;0.8452;0.9287;0.8426;0.4600;0.5600;-0.0330;0.4426;1.0000;1;1.0000;1.0000;;;6.65
2026-02-17T22:47:10.952845;VisA/fryum;cont_50pct_none;0.5;none;10;10;10;5;0;150;50;100;4;5;95;0.7978;0.9062;0.8122;0.4400;0.4900;-0.0804;;;;;;;;7.65
2026-02-17T22:47:17.571050;VisA/fryum;cont_50pct_loo_patch;0.5;loo_patch;10;10;10;5;392;150;50;100;4;5;95;0.8238;0.9152;0.8325;0.3900;0.5300;-0.0544;0.3234;0.9200;1;0.8000;0.8000;;;6.62
2026-02-17T22:47:24.831798;VisA/fryum;cont_50pct_random_patch;0.5;random_patch;10;10;10;5;392;150;50;100;4;5;95;0.7992;0.9063;0.8205;0.4500;0.5000;-0.0790;0.0174;0.9200;1;0.8000;0.8000;;;7.25
2026-02-17T22:47:33.487213;VisA/fryum;cont_50pct_mahalanobis_patch;0.5;mahalanobis_patch;10;10;10;5;392;150;50;100;4;5;95;0.8308;0.9185;0.8300;0.4600;0.4800;-0.0474;0.4104;0.9200;1;0.8000;0.8000;;;8.54
2026-02-17T22:47:37.196158;VisA/fryum;cont_50pct_oracle_patch;0.5;oracle_patch;10;10;5;5;3920;150;50;100;4;5;95;0.8922;0.9495;0.8676;0.5800;0.6700;0.0140;1.1741;0.9200;1;0.8000;0.8000;;;3.70
2026-02-17T22:47:45.446014;VisA/fryum;cont_50pct_ensemble_loo_mahal;0.5;ensemble_loo_mahal;10;10;10;5;392;150;50;100;4;5;95;0.8174;0.9140;0.8283;0.4400;0.5100;-0.0608;0.2438;0.9200;1;0.8000;0.8000;;;8.25
2026-02-17T22:47:53.900757;VisA/fryum;cont_50pct_cosine_loo;0.5;cosine_loo;10;10;10;5;392;150;50;100;4;5;95;0.8206;0.9144;0.8325;0.4100;0.4800;-0.0576;0.2836;0.9200;1;0.8000;0.8000;;;8.45
2026-02-17T22:48:06.701651;VisA/macaroni1;cont_0pct_none;0.0;none;10;10;10;0;0;200;100;100;0;5;95;0.7515;0.7752;0.7155;0.2300;0.3600;;;;;;;;;9.84
2026-02-17T22:48:15.563767;VisA/macaroni1;cont_0pct_loo_patch;0.0;loo_patch;10;10;10;0;392;200;100;100;0;5;95;0.7428;0.7720;0.7154;0.2700;0.4000;-0.0087;;;;;;;;8.86
2026-02-17T22:48:24.567732;VisA/macaroni1;cont_0pct_random_patch;0.0;random_patch;10;10;10;0;392;200;100;100;0;5;95;0.7488;0.7743;0.7143;0.2400;0.3400;-0.0027;;;;;;;;9.00
2026-02-17T22:48:37.343081;VisA/macaroni1;cont_0pct_mahalanobis_patch;0.0;mahalanobis_patch;10;10;10;0;392;200;100;100;0;5;95;0.7312;0.7556;0.7149;0.2600;0.3100;-0.0203;;;;;;;;12.77
2026-02-17T22:48:37.363622;VisA/macaroni1;cont_0pct_oracle_patch;0.0;oracle_patch;10;10;10;0;0;200;100;100;0;5;95;0.7515;0.7752;0.7155;0.2300;0.3600;0.0000;;;;;;;;0.02
2026-02-17T22:48:48.838988;VisA/macaroni1;cont_0pct_ensemble_loo_mahal;0.0;ensemble_loo_mahal;10;10;10;0;392;200;100;100;0;5;95;0.7407;0.7657;0.7184;0.2300;0.3600;-0.0108;;;;;;;;11.38
2026-02-17T22:48:58.050508;VisA/macaroni1;cont_0pct_cosine_loo;0.0;cosine_loo;10;10;10;0;392;200;100;100;0;5;95;0.7456;0.7696;0.7222;0.1900;0.3400;-0.0059;;;;;;;;9.21
2026-02-17T22:49:08.217112;VisA/macaroni1;cont_5pct_none;0.05;none;10;10;10;0;0;200;100;100;0;5;95;0.7515;0.7752;0.7155;0.2300;0.3600;0.0000;;;;;;;;10.15
2026-02-17T22:49:17.545704;VisA/macaroni1;cont_5pct_loo_patch;0.05;loo_patch;10;10;10;0;392;200;100;100;0;5;95;0.7428;0.7720;0.7154;0.2700;0.4000;-0.0087;1.0000;;;;;;;9.32
2026-02-17T22:49:25.606018;VisA/macaroni1;cont_5pct_random_patch;0.05;random_patch;10;10;10;0;392;200;100;100;0;5;95;0.7488;0.7743;0.7143;0.2400;0.3400;-0.0027;1.0000;;;;;;;8.06
2026-02-17T22:49:37.353599;VisA/macaroni1;cont_5pct_mahalanobis_patch;0.05;mahalanobis_patch;10;10;10;0;392;200;100;100;0;5;95;0.7312;0.7556;0.7149;0.2600;0.3100;-0.0203;1.0000;;;;;;;11.74
2026-02-17T22:49:37.369114;VisA/macaroni1;cont_5pct_oracle_patch;0.05;oracle_patch;10;10;10;0;0;200;100;100;0;5;95;0.7515;0.7752;0.7155;0.2300;0.3600;0.0000;1.0000;;;;;;;0.01
2026-02-17T22:49:48.703084;VisA/macaroni1;cont_5pct_ensemble_loo_mahal;0.05;ensemble_loo_mahal;10;10;10;0;392;200;100;100;0;5;95;0.7407;0.7657;0.7184;0.2300;0.3600;-0.0108;1.0000;;;;;;;11.33
2026-02-17T22:49:57.735353;VisA/macaroni1;cont_5pct_cosine_loo;0.05;cosine_loo;10;10;10;0;392;200;100;100;0;5;95;0.7456;0.7696;0.7222;0.1900;0.3400;-0.0059;1.0000;;;;;;;9.03
2026-02-17T22:50:07.166312;VisA/macaroni1;cont_40pct_none;0.4;none;10;10;10;4;0;200;100;100;0;5;95;0.6682;0.7003;0.6866;0.1300;0.2600;-0.0833;;;;;;;;9.41
2026-02-17T22:50:17.304639;VisA/macaroni1;cont_40pct_loo_patch;0.4;loo_patch;10;10;10;4;392;200;100;100;0;5;95;0.6998;0.7359;0.6940;0.1600;0.3400;-0.0517;0.3794;0.7917;1;0.5000;0.5000;;;10.13
2026-02-17T22:50:25.289586;VisA/macaroni1;cont_40pct_random_patch;0.4;random_patch;10;10;10;4;392;200;100;100;0;5;95;0.6608;0.6971;0.6768;0.1300;0.2900;-0.0907;-0.0888;0.7917;1;0.5000;0.5000;;;7.98
2026-02-17T22:50:36.017203;VisA/macaroni1;cont_40pct_mahalanobis_patch;0.4;mahalanobis_patch;10;10;10;4;392;200;100;100;0;5;95;0.6828;0.7105;0.6977;0.1600;0.2700;-0.0687;0.1753;0.7917;1;0.5000;0.5000;;;10.72
2026-02-17T22:50:41.862440;VisA/macaroni1;cont_40pct_oracle_patch;0.4;oracle_patch;10;10;6;4;3136;200;100;100;0;5;95;0.7365;0.7592;0.7148;0.1600;0.3400;-0.0150;0.8199;0.7917;1;0.5000;0.5000;;;5.84
2026-02-17T22:50:52.603338;VisA/macaroni1;cont_40pct_ensemble_loo_mahal;0.4;ensemble_loo_mahal;10;10;10;4;392;200;100;100;0;5;95;0.6951;0.7219;0.6942;0.1200;0.3000;-0.0564;0.3229;0.7917;1;0.5000;0.5000;;;10.74
2026-02-17T22:51:02.986598;VisA/macaroni1;cont_40pct_cosine_loo;0.4;cosine_loo;10;10;10;4;392;200;100;100;0;5;95;0.6891;0.7254;0.6970;0.1800;0.2900;-0.0624;0.2509;0.7917;1;0.5000;0.5000;;;10.37
2026-02-17T22:51:12.150376;VisA/macaroni1;cont_50pct_none;0.5;none;10;10;10;5;0;200;100;100;0;5;95;0.6413;0.6799;0.6716;0.1500;0.2500;-0.1102;;;;;;;;9.14
2026-02-17T22:51:21.432689;VisA/macaroni1;cont_50pct_loo_patch;0.5;loo_patch;10;10;10;5;392;200;100;100;0;5;95;0.6642;0.7082;0.6784;0.1400;0.3300;-0.0873;0.2078;0.8000;1;0.6000;0.6000;;;9.28
2026-02-17T22:51:31.005845;VisA/macaroni1;cont_50pct_random_patch;0.5;random_patch;10;10;10;5;392;200;100;100;0;5;95;0.6399;0.6818;0.6691;0.1800;0.2500;-0.1116;-0.0127;0.8000;1;0.6000;0.6000;;;9.57
2026-02-17T22:51:42.111308;VisA/macaroni1;cont_50pct_mahalanobis_patch;0.5;mahalanobis_patch;10;10;10;5;392;200;100;100;0;5;95;0.6638;0.6898;0.6926;0.1200;0.2500;-0.0877;0.2042;0.8000;1;0.6000;0.6000;;;10.96
2026-02-17T22:51:46.934306;VisA/macaroni1;cont_50pct_oracle_patch;0.5;oracle_patch;10;10;5;5;3920;200;100;100;0;5;95;0.7437;0.7690;0.7154;0.2800;0.3500;-0.0078;0.9292;0.8000;1;0.6000;0.6000;;;4.82
2026-02-17T22:52:00.642120;VisA/macaroni1;cont_50pct_ensemble_loo_mahal;0.5;ensemble_loo_mahal;10;10;10;5;392;200;100;100;0;5;95;0.6683;0.7101;0.6818;0.1900;0.2900;-0.0832;0.2450;0.8000;1;0.6000;0.6000;;;13.70
2026-02-17T22:52:10.025018;VisA/macaroni1;cont_50pct_cosine_loo;0.5;cosine_loo;10;10;10;5;392;200;100;100;0;5;95;0.6803;0.7225;0.6914;0.1900;0.3200;-0.0712;0.3539;0.8000;1;0.6000;0.6000;;;9.38
2026-02-17T22:52:19.413518;VisA/macaroni1;cont_0pct_none;0.0;none;10;10;10;0;0;200;100;100;1;5;95;0.7034;0.7362;0.6957;0.1100;0.3400;;;;;;;;;9.21
2026-02-17T22:52:29.479231;VisA/macaroni1;cont_0pct_loo_patch;0.0;loo_patch;10;10;10;0;392;200;100;100;1;5;95;0.7122;0.7480;0.7090;0.1800;0.3300;0.0088;;;;;;;;10.06
2026-02-17T22:52:37.361381;VisA/macaroni1;cont_0pct_random_patch;0.0;random_patch;10;10;10;0;392;200;100;100;1;5;95;0.7089;0.7432;0.6964;0.1200;0.3600;0.0055;;;;;;;;7.88
2026-02-17T22:52:48.806821;VisA/macaroni1;cont_0pct_mahalanobis_patch;0.0;mahalanobis_patch;10;10;10;0;392;200;100;100;1;5;95;0.7047;0.7401;0.7106;0.2400;0.3400;0.0013;;;;;;;;11.44
2026-02-17T22:52:48.821772;VisA/macaroni1;cont_0pct_oracle_patch;0.0;oracle_patch;10;10;10;0;0;200;100;100;1;5;95;0.7034;0.7362;0.6957;0.1100;0.3400;0.0000;;;;;;;;0.01
2026-02-17T22:52:59.874556;VisA/macaroni1;cont_0pct_ensemble_loo_mahal;0.0;ensemble_loo_mahal;10;10;10;0;392;200;100;100;1;5;95;0.7097;0.7464;0.7068;0.2200;0.3100;0.0063;;;;;;;;11.05
2026-02-17T22:53:09.235756;VisA/macaroni1;cont_0pct_cosine_loo;0.0;cosine_loo;10;10;10;0;392;200;100;100;1;5;95;0.7076;0.7399;0.6942;0.1400;0.3700;0.0042;;;;;;;;9.36
2026-02-17T22:53:19.373242;VisA/macaroni1;cont_5pct_none;0.05;none;10;10;10;0;0;200;100;100;1;5;95;0.7034;0.7362;0.6957;0.1100;0.3400;0.0000;;;;;;;;10.12
2026-02-17T22:53:28.736301;VisA/macaroni1;cont_5pct_loo_patch;0.05;loo_patch;10;10;10;0;392;200;100;100;1;5;95;0.7122;0.7480;0.7090;0.1800;0.3300;0.0088;1.0000;;;;;;;9.27
2026-02-17T22:53:38.275195;VisA/macaroni1;cont_5pct_random_patch;0.05;random_patch;10;10;10;0;392;200;100;100;1;5;95;0.7089;0.7432;0.6964;0.1200;0.3600;0.0055;1.0000;;;;;;;9.53
2026-02-17T22:53:48.627513;VisA/macaroni1;cont_5pct_mahalanobis_patch;0.05;mahalanobis_patch;10;10;10;0;392;200;100;100;1;5;95;0.7047;0.7401;0.7106;0.2400;0.3400;0.0013;1.0000;;;;;;;10.35
2026-02-17T22:53:48.644516;VisA/macaroni1;cont_5pct_oracle_patch;0.05;oracle_patch;10;10;10;0;0;200;100;100;1;5;95;0.7034;0.7362;0.6957;0.1100;0.3400;0.0000;1.0000;;;;;;;0.01
2026-02-17T22:54:00.862756;VisA/macaroni1;cont_5pct_ensemble_loo_mahal;0.05;ensemble_loo_mahal;10;10;10;0;392;200;100;100;1;5;95;0.7097;0.7464;0.7068;0.2200;0.3100;0.0063;1.0000;;;;;;;12.12
2026-02-17T22:54:10.364648;VisA/macaroni1;cont_5pct_cosine_loo;0.05;cosine_loo;10;10;10;0;392;200;100;100;1;5;95;0.7076;0.7399;0.6942;0.1400;0.3700;0.0042;1.0000;;;;;;;9.50
2026-02-17T22:54:20.735265;VisA/macaroni1;cont_40pct_none;0.4;none;10;10;10;4;0;200;100;100;1;5;95;0.6097;0.6418;0.6693;0.0900;0.1900;-0.0937;;;;;;;;10.35
2026-02-17T22:54:30.544885;VisA/macaroni1;cont_40pct_loo_patch;0.4;loo_patch;10;10;10;4;392;200;100;100;1;5;95;0.6285;0.6651;0.6836;0.1100;0.2200;-0.0749;0.2006;0.7917;1;0.7500;0.7500;;;9.68
2026-02-17T22:54:40.265633;VisA/macaroni1;cont_40pct_random_patch;0.4;random_patch;10;10;10;4;392;200;100;100;1;5;95;0.6123;0.6481;0.6769;0.1100;0.1900;-0.0911;0.0277;0.7917;1;0.7500;0.7500;;;9.72
2026-02-17T22:54:51.453062;VisA/macaroni1;cont_40pct_mahalanobis_patch;0.4;mahalanobis_patch;10;10;10;4;392;200;100;100;1;5;95;0.6352;0.6712;0.6891;0.1600;0.2000;-0.0682;0.2721;0.7917;1;0.7500;0.7500;;;10.74
2026-02-17T22:54:57.500819;VisA/macaroni1;cont_40pct_oracle_patch;0.4;oracle_patch;10;10;6;4;3136;200;100;100;1;5;95;0.6880;0.7192;0.7090;0.1500;0.2800;-0.0154;0.8356;0.7917;1;0.7500;0.7500;;;6.04
2026-02-17T22:55:08.035065;VisA/macaroni1;cont_40pct_ensemble_loo_mahal;0.4;ensemble_loo_mahal;10;10;10;4;392;200;100;100;1;5;95;0.6228;0.6541;0.6833;0.1300;0.1700;-0.0806;0.1398;0.7917;1;0.7500;0.7500;;;10.52
2026-02-17T22:55:18.832639;VisA/macaroni1;cont_40pct_cosine_loo;0.4;cosine_loo;10;10;10;4;392;200;100;100;1;5;95;0.6464;0.6840;0.6840;0.1400;0.2500;-0.0570;0.3917;0.7917;1;0.7500;0.7500;;;10.79
2026-02-17T22:55:27.761221;VisA/macaroni1;cont_50pct_none;0.5;none;10;10;10;5;0;200;100;100;1;5;95;0.6082;0.6408;0.6693;0.1000;0.1700;-0.0952;;;;;;;;8.61
2026-02-17T22:55:38.282103;VisA/macaroni1;cont_50pct_loo_patch;0.5;loo_patch;10;10;10;5;392;200;100;100;1;5;95;0.6541;0.6851;0.6848;0.1300;0.2100;-0.0494;0.4816;0.7200;1;0.6000;0.6000;;;10.51
2026-02-17T22:55:46.338531;VisA/macaroni1;cont_50pct_random_patch;0.5;random_patch;10;10;10;5;392;200;100;100;1;5;95;0.6048;0.6384;0.6667;0.1000;0.1600;-0.0986;-0.0357;0.7200;1;0.6000;0.6000;;;7.93
2026-02-17T22:55:57.997199;VisA/macaroni1;cont_50pct_mahalanobis_patch;0.5;mahalanobis_patch;10;10;10;5;392;200;100;100;1;5;95;0.6362;0.6690;0.6795;0.1500;0.2000;-0.0672;0.2941;0.7200;1;0.6000;0.6000;;;11.64
2026-02-17T22:56:01.954986;VisA/macaroni1;cont_50pct_oracle_patch;0.5;oracle_patch;10;10;5;5;3920;200;100;100;1;5;95;0.6885;0.7066;0.7121;0.1600;0.2000;-0.0149;0.8435;0.7200;1;0.6000;0.6000;;;3.95
2026-02-17T22:56:14.147786;VisA/macaroni1;cont_50pct_ensemble_loo_mahal;0.5;ensemble_loo_mahal;10;10;10;5;392;200;100;100;1;5;95;0.6272;0.6590;0.6822;0.1300;0.1900;-0.0762;0.1996;0.7200;1;0.6000;0.6000;;;12.19
2026-02-17T22:56:23.826202;VisA/macaroni1;cont_50pct_cosine_loo;0.5;cosine_loo;10;10;10;5;392;200;100;100;1;5;95;0.6401;0.6796;0.6825;0.1900;0.2500;-0.0633;0.3351;0.7200;1;0.6000;0.6000;;;9.67
2026-02-17T22:56:34.174714;VisA/macaroni1;cont_0pct_none;0.0;none;10;10;10;0;0;200;100;100;2;5;95;0.7356;0.7586;0.7171;0.2000;0.3400;;;;;;;;;10.16
2026-02-17T22:56:43.281715;VisA/macaroni1;cont_0pct_loo_patch;0.0;loo_patch;10;10;10;0;392;200;100;100;2;5;95;0.7300;0.7555;0.7171;0.1700;0.3100;-0.0056;;;;;;;;9.10
2026-02-17T22:56:53.041991;VisA/macaroni1;cont_0pct_random_patch;0.0;random_patch;10;10;10;0;392;200;100;100;2;5;95;0.7287;0.7553;0.7082;0.1900;0.3500;-0.0069;;;;;;;;9.75
2026-02-17T22:57:03.768674;VisA/macaroni1;cont_0pct_mahalanobis_patch;0.0;mahalanobis_patch;10;10;10;0;392;200;100;100;2;5;95;0.7292;0.7456;0.7212;0.1400;0.3000;-0.0064;;;;;;;;10.72
2026-02-17T22:57:03.788674;VisA/macaroni1;cont_0pct_oracle_patch;0.0;oracle_patch;10;10;10;0;0;200;100;100;2;5;95;0.7356;0.7586;0.7171;0.2000;0.3400;0.0000;;;;;;;;0.01
2026-02-17T22:57:15.328488;VisA/macaroni1;cont_0pct_ensemble_loo_mahal;0.0;ensemble_loo_mahal;10;10;10;0;392;200;100;100;2;5;95;0.7370;0.7579;0.7194;0.1500;0.3300;0.0014;;;;;;;;11.47
2026-02-17T22:57:25.304736;VisA/macaroni1;cont_0pct_cosine_loo;0.0;cosine_loo;10;10;10;0;392;200;100;100;2;5;95;0.7371;0.7616;0.7236;0.1800;0.3500;0.0015;;;;;;;;9.97
2026-02-17T22:57:34.830264;VisA/macaroni1;cont_5pct_none;0.05;none;10;10;10;0;0;200;100;100;2;5;95;0.7356;0.7586;0.7171;0.2000;0.3400;0.0000;;;;;;;;9.51
2026-02-17T22:57:44.470812;VisA/macaroni1;cont_5pct_loo_patch;0.05;loo_patch;10;10;10;0;392;200;100;100;2;5;95;0.7300;0.7555;0.7171;0.1700;0.3100;-0.0056;1.0000;;;;;;;9.64
2026-02-17T22:57:53.592129;VisA/macaroni1;cont_5pct_random_patch;0.05;random_patch;10;10;10;0;392;200;100;100;2;5;95;0.7287;0.7553;0.7082;0.1900;0.3500;-0.0069;1.0000;;;;;;;9.12
2026-02-17T22:58:07.659333;VisA/macaroni1;cont_5pct_mahalanobis_patch;0.05;mahalanobis_patch;10;10;10;0;392;200;100;100;2;5;95;0.7292;0.7456;0.7212;0.1400;0.3000;-0.0064;1.0000;;;;;;;14.06
2026-02-17T22:58:07.676225;VisA/macaroni1;cont_5pct_oracle_patch;0.05;oracle_patch;10;10;10;0;0;200;100;100;2;5;95;0.7356;0.7586;0.7171;0.2000;0.3400;0.0000;1.0000;;;;;;;0.01
2026-02-17T22:58:18.246517;VisA/macaroni1;cont_5pct_ensemble_loo_mahal;0.05;ensemble_loo_mahal;10;10;10;0;392;200;100;100;2;5;95;0.7370;0.7579;0.7194;0.1500;0.3300;0.0014;1.0000;;;;;;;10.49
2026-02-17T22:58:29.164096;VisA/macaroni1;cont_5pct_cosine_loo;0.05;cosine_loo;10;10;10;0;392;200;100;100;2;5;95;0.7371;0.7616;0.7236;0.1800;0.3500;0.0015;1.0000;;;;;;;10.91
2026-02-17T22:58:37.632224;VisA/macaroni1;cont_40pct_none;0.4;none;10;10;10;4;0;200;100;100;2;5;95;0.6613;0.7056;0.6761;0.1200;0.2800;-0.0743;;;;;;;;8.44
2026-02-17T22:58:48.282983;VisA/macaroni1;cont_40pct_loo_patch;0.4;loo_patch;10;10;10;4;392;200;100;100;2;5;95;0.6925;0.7327;0.6842;0.1600;0.2900;-0.0432;0.4192;0.5833;0;0.5000;0.5000;;;10.65
2026-02-17T22:58:56.212417;VisA/macaroni1;cont_40pct_random_patch;0.4;random_patch;10;10;10;4;392;200;100;100;2;5;95;0.6581;0.7029;0.6737;0.1200;0.2500;-0.0775;-0.0431;0.5833;0;0.5000;0.5000;;;7.92
2026-02-17T22:59:08.110840;VisA/macaroni1;cont_40pct_mahalanobis_patch;0.4;mahalanobis_patch;10;10;10;4;392;200;100;100;2;5;95;0.6922;0.7290;0.6963;0.1700;0.2900;-0.0434;0.4159;0.5833;0;0.5000;0.5000;;;11.89
2026-02-17T22:59:13.272175;VisA/macaroni1;cont_40pct_oracle_patch;0.4;oracle_patch;10;10;6;4;3136;200;100;100;2;5;95;0.7136;0.7278;0.7094;0.1700;0.2300;-0.0220;0.7039;0.5833;0;0.5000;0.5000;;;5.16
2026-02-17T22:59:25.511405;VisA/macaroni1;cont_40pct_ensemble_loo_mahal;0.4;ensemble_loo_mahal;10;10;10;4;392;200;100;100;2;5;95;0.6947;0.7332;0.6859;0.1500;0.3100;-0.0409;0.4495;0.5833;0;0.5000;0.5000;;;12.23
2026-02-17T22:59:34.799718;VisA/macaroni1;cont_40pct_cosine_loo;0.4;cosine_loo;10;10;10;4;392;200;100;100;2;5;95;0.6803;0.7273;0.6803;0.2100;0.3000;-0.0553;0.2557;0.5833;0;0.5000;0.5000;;;9.28
2026-02-17T22:59:45.044972;VisA/macaroni1;cont_50pct_none;0.5;none;10;10;10;5;0;200;100;100;2;5;95;0.6491;0.6971;0.6667;0.1600;0.2400;-0.0865;;;;;;;;10.22
2026-02-17T22:59:54.081682;VisA/macaroni1;cont_50pct_loo_patch;0.5;loo_patch;10;10;10;5;392;200;100;100;2;5;95;0.6553;0.7107;0.6667;0.1800;0.2600;-0.0803;0.0717;0.5600;0;0.6000;0.6000;;;9.03
2026-02-17T23:00:03.750209;VisA/macaroni1;cont_50pct_random_patch;0.5;random_patch;10;10;10;5;392;200;100;100;2;5;95;0.6430;0.6952;0.6690;0.1800;0.2600;-0.0926;-0.0705;0.5600;0;0.6000;0.6000;;;9.66
2026-02-17T23:00:14.432235;VisA/macaroni1;cont_50pct_mahalanobis_patch;0.5;mahalanobis_patch;10;10;10;5;392;200;100;100;2;5;95;0.6702;0.7146;0.6783;0.1600;0.2900;-0.0654;0.2439;0.5600;0;0.6000;0.6000;;;10.68
2026-02-17T23:00:19.690769;VisA/macaroni1;cont_50pct_oracle_patch;0.5;oracle_patch;10;10;5;5;3920;200;100;100;2;5;95;0.7070;0.7261;0.7054;0.2100;0.2300;-0.0286;0.6694;0.5600;0;0.6000;0.6000;;;5.25
2026-02-17T23:00:30.204279;VisA/macaroni1;cont_50pct_ensemble_loo_mahal;0.5;ensemble_loo_mahal;10;10;10;5;392;200;100;100;2;5;95;0.6488;0.6998;0.6690;0.1600;0.2800;-0.0868;-0.0035;0.5600;0;0.6000;0.6000;;;10.42
2026-02-17T23:00:40.759528;VisA/macaroni1;cont_50pct_cosine_loo;0.5;cosine_loo;10;10;10;5;392;200;100;100;2;5;95;0.6526;0.7094;0.6667;0.1800;0.2800;-0.0830;0.0405;0.5600;0;0.6000;0.6000;;;10.55
2026-02-17T23:00:49.797965;VisA/macaroni1;cont_0pct_none;0.0;none;10;10;10;0;0;200;100;100;3;5;95;0.7677;0.7945;0.7200;0.1900;0.4100;;;;;;;;;8.89
2026-02-17T23:01:00.154367;VisA/macaroni1;cont_0pct_loo_patch;0.0;loo_patch;10;10;10;0;392;200;100;100;3;5;95;0.7623;0.7821;0.7309;0.1600;0.3900;-0.0054;;;;;;;;10.35
2026-02-17T23:01:08.981387;VisA/macaroni1;cont_0pct_random_patch;0.0;random_patch;10;10;10;0;392;200;100;100;3;5;95;0.7703;0.7943;0.7273;0.2000;0.4200;0.0026;;;;;;;;8.82
2026-02-17T23:01:21.604429;VisA/macaroni1;cont_0pct_mahalanobis_patch;0.0;mahalanobis_patch;10;10;10;0;392;200;100;100;3;5;95;0.7609;0.7882;0.7143;0.1900;0.3900;-0.0068;;;;;;;;12.62
2026-02-17T23:01:21.620431;VisA/macaroni1;cont_0pct_oracle_patch;0.0;oracle_patch;10;10;10;0;0;200;100;100;3;5;95;0.7677;0.7945;0.7200;0.1900;0.4100;0.0000;;;;;;;;0.01
2026-02-17T23:01:32.295393;VisA/macaroni1;cont_0pct_ensemble_loo_mahal;0.0;ensemble_loo_mahal;10;10;10;0;392;200;100;100;3;5;95;0.7674;0.7874;0.7352;0.1800;0.3800;-0.0003;;;;;;;;10.49
2026-02-17T23:01:43.590509;VisA/macaroni1;cont_0pct_cosine_loo;0.0;cosine_loo;10;10;10;0;392;200;100;100;3;5;95;0.7694;0.7910;0.7328;0.1400;0.4500;0.0017;;;;;;;;11.29
2026-02-17T23:01:52.549530;VisA/macaroni1;cont_5pct_none;0.05;none;10;10;10;0;0;200;100;100;3;5;95;0.7677;0.7945;0.7200;0.1900;0.4100;0.0000;;;;;;;;8.79
2026-02-17T23:02:03.150932;VisA/macaroni1;cont_5pct_loo_patch;0.05;loo_patch;10;10;10;0;392;200;100;100;3;5;95;0.7623;0.7821;0.7309;0.1600;0.3900;-0.0054;1.0000;;;;;;;10.60
2026-02-17T23:02:11.359067;VisA/macaroni1;cont_5pct_random_patch;0.05;random_patch;10;10;10;0;392;200;100;100;3;5;95;0.7703;0.7943;0.7273;0.2000;0.4200;0.0026;1.0000;;;;;;;8.20
2026-02-17T23:02:23.536617;VisA/macaroni1;cont_5pct_mahalanobis_patch;0.05;mahalanobis_patch;10;10;10;0;392;200;100;100;3;5;95;0.7609;0.7882;0.7143;0.1900;0.3900;-0.0068;1.0000;;;;;;;12.17
2026-02-17T23:02:23.550691;VisA/macaroni1;cont_5pct_oracle_patch;0.05;oracle_patch;10;10;10;0;0;200;100;100;3;5;95;0.7677;0.7945;0.7200;0.1900;0.4100;0.0000;1.0000;;;;;;;0.01
2026-02-17T23:02:34.336898;VisA/macaroni1;cont_5pct_ensemble_loo_mahal;0.05;ensemble_loo_mahal;10;10;10;0;392;200;100;100;3;5;95;0.7674;0.7874;0.7352;0.1800;0.3800;-0.0003;1.0000;;;;;;;10.71
2026-02-17T23:02:44.212745;VisA/macaroni1;cont_5pct_cosine_loo;0.05;cosine_loo;10;10;10;0;392;200;100;100;3;5;95;0.7694;0.7910;0.7328;0.1400;0.4500;0.0017;1.0000;;;;;;;9.87
2026-02-17T23:02:52.933203;VisA/macaroni1;cont_40pct_none;0.4;none;10;10;10;4;0;200;100;100;3;5;95;0.6488;0.6784;0.6696;0.1000;0.2100;-0.1189;;;;;;;;8.70
2026-02-17T23:03:03.127108;VisA/macaroni1;cont_40pct_loo_patch;0.4;loo_patch;10;10;10;4;392;200;100;100;3;5;95;0.6624;0.6807;0.6966;0.1000;0.2100;-0.1053;0.1144;0.5833;0;0.5000;0.5000;;;10.19
2026-02-17T23:03:11.571755;VisA/macaroni1;cont_40pct_random_patch;0.4;random_patch;10;10;10;4;392;200;100;100;3;5;95;0.6481;0.6815;0.6763;0.0900;0.2300;-0.1196;-0.0059;0.5833;0;0.5000;0.5000;;;8.44
2026-02-17T23:03:22.592618;VisA/macaroni1;cont_40pct_mahalanobis_patch;0.4;mahalanobis_patch;10;10;10;4;392;200;100;100;3;5;95;0.6364;0.6594;0.6790;0.0900;0.1800;-0.1313;-0.1043;0.5833;0;0.5000;0.5000;;;11.02
2026-02-17T23:03:28.143095;VisA/macaroni1;cont_40pct_oracle_patch;0.4;oracle_patch;10;10;6;4;3136;200;100;100;3;5;95;0.7550;0.7816;0.7231;0.2400;0.3500;-0.0127;0.8932;0.5833;0;0.5000;0.5000;;;5.55
2026-02-17T23:03:39.464235;VisA/macaroni1;cont_40pct_ensemble_loo_mahal;0.4;ensemble_loo_mahal;10;10;10;4;392;200;100;100;3;5;95;0.6478;0.6692;0.6838;0.1000;0.1800;-0.1199;-0.0084;0.5833;0;0.5000;0.5000;;;11.32
2026-02-17T23:03:49.251552;VisA/macaroni1;cont_40pct_cosine_loo;0.4;cosine_loo;10;10;10;4;392;200;100;100;3;5;95;0.6641;0.6949;0.6960;0.1300;0.2400;-0.1036;0.1287;0.5833;0;0.5000;0.5000;;;9.76
2026-02-17T23:03:58.737046;VisA/macaroni1;cont_50pct_none;0.5;none;10;10;10;5;0;200;100;100;3;5;95;0.6287;0.6654;0.6694;0.0800;0.2400;-0.1390;;;;;;;;9.46
2026-02-17T23:04:08.401188;VisA/macaroni1;cont_50pct_loo_patch;0.5;loo_patch;10;10;10;5;392;200;100;100;3;5;95;0.6542;0.6853;0.6831;0.1000;0.2300;-0.1135;0.1835;0.4800;0;0.6000;0.6000;;;9.64
2026-02-17T23:04:17.610897;VisA/macaroni1;cont_50pct_random_patch;0.5;random_patch;10;10;10;5;392;200;100;100;3;5;95;0.6290;0.6700;0.6667;0.1000;0.2200;-0.1387;0.0022;0.4800;0;0.6000;0.6000;;;9.20
2026-02-17T23:04:30.573527;VisA/macaroni1;cont_50pct_mahalanobis_patch;0.5;mahalanobis_patch;10;10;10;5;392;200;100;100;3;5;95;0.6287;0.6704;0.6667;0.1100;0.2100;-0.1390;0.0000;0.4800;0;0.6000;0.6000;;;12.96
2026-02-17T23:04:35.611077;VisA/macaroni1;cont_50pct_oracle_patch;0.5;oracle_patch;10;10;5;5;3920;200;100;100;3;5;95;0.7528;0.7791;0.7280;0.2100;0.3500;-0.0149;0.8928;0.4800;0;0.6000;0.6000;;;5.03
2026-02-17T23:04:47.112057;VisA/macaroni1;cont_50pct_ensemble_loo_mahal;0.5;ensemble_loo_mahal;10;10;10;5;392;200;100;100;3;5;95;0.6256;0.6602;0.6667;0.1000;0.2200;-0.1421;-0.0223;0.4800;0;0.6000;0.6000;;;11.50
2026-02-17T23:04:57.169583;VisA/macaroni1;cont_50pct_cosine_loo;0.5;cosine_loo;10;10;10;5;392;200;100;100;3;5;95;0.6415;0.6793;0.6719;0.1400;0.2200;-0.1262;0.0921;0.4800;0;0.6000;0.6000;;;10.05
2026-02-17T23:05:06.550078;VisA/macaroni1;cont_0pct_none;0.0;none;10;10;10;0;0;200;100;100;4;5;95;0.7544;0.7652;0.7171;0.1000;0.3600;;;;;;;;;9.27
2026-02-17T23:05:16.270684;VisA/macaroni1;cont_0pct_loo_patch;0.0;loo_patch;10;10;10;0;392;200;100;100;4;5;95;0.7624;0.7751;0.7273;0.1200;0.3400;0.0080;;;;;;;;9.72
2026-02-17T23:05:25.466784;VisA/macaroni1;cont_0pct_random_patch;0.0;random_patch;10;10;10;0;392;200;100;100;4;5;95;0.7678;0.7738;0.7336;0.1000;0.3800;0.0134;;;;;;;;9.19
2026-02-17T23:05:35.855982;VisA/macaroni1;cont_0pct_mahalanobis_patch;0.0;mahalanobis_patch;10;10;10;0;392;200;100;100;4;5;95;0.7554;0.7690;0.7167;0.0900;0.3600;0.0010;;;;;;;;10.39
2026-02-17T23:05:35.873100;VisA/macaroni1;cont_0pct_oracle_patch;0.0;oracle_patch;10;10;10;0;0;200;100;100;4;5;95;0.7544;0.7652;0.7171;0.1000;0.3600;0.0000;;;;;;;;0.01
2026-02-17T23:05:48.041293;VisA/macaroni1;cont_0pct_ensemble_loo_mahal;0.0;ensemble_loo_mahal;10;10;10;0;392;200;100;100;4;5;95;0.7626;0.7799;0.7210;0.1000;0.4200;0.0082;;;;;;;;12.09
2026-02-17T23:05:57.542363;VisA/macaroni1;cont_0pct_cosine_loo;0.0;cosine_loo;10;10;10;0;392;200;100;100;4;5;95;0.7540;0.7668;0.7156;0.1300;0.3500;-0.0004;;;;;;;;9.50
2026-02-17T23:06:07.815815;VisA/macaroni1;cont_5pct_none;0.05;none;10;10;10;0;0;200;100;100;4;5;95;0.7544;0.7652;0.7171;0.1000;0.3600;0.0000;;;;;;;;10.26
2026-02-17T23:06:17.886950;VisA/macaroni1;cont_5pct_loo_patch;0.05;loo_patch;10;10;10;0;392;200;100;100;4;5;95;0.7624;0.7751;0.7273;0.1200;0.3400;0.0080;1.0000;;;;;;;9.59
2026-02-17T23:06:27.487607;VisA/macaroni1;cont_5pct_random_patch;0.05;random_patch;10;10;10;0;392;200;100;100;4;5;95;0.7678;0.7738;0.7336;0.1000;0.3800;0.0134;1.0000;;;;;;;9.60
2026-02-17T23:06:38.707397;VisA/macaroni1;cont_5pct_mahalanobis_patch;0.05;mahalanobis_patch;10;10;10;0;392;200;100;100;4;5;95;0.7554;0.7690;0.7167;0.0900;0.3600;0.0010;1.0000;;;;;;;11.09
2026-02-17T23:06:38.725536;VisA/macaroni1;cont_5pct_oracle_patch;0.05;oracle_patch;10;10;10;0;0;200;100;100;4;5;95;0.7544;0.7652;0.7171;0.1000;0.3600;0.0000;1.0000;;;;;;;0.01
2026-02-17T23:06:49.354538;VisA/macaroni1;cont_5pct_ensemble_loo_mahal;0.05;ensemble_loo_mahal;10;10;10;0;392;200;100;100;4;5;95;0.7626;0.7799;0.7210;0.1000;0.4200;0.0082;1.0000;;;;;;;10.46
2026-02-17T23:06:59.667501;VisA/macaroni1;cont_5pct_cosine_loo;0.05;cosine_loo;10;10;10;0;392;200;100;100;4;5;95;0.7540;0.7668;0.7156;0.1300;0.3500;-0.0004;1.0000;;;;;;;10.31
2026-02-17T23:07:08.754852;VisA/macaroni1;cont_40pct_none;0.4;none;10;10;10;4;0;200;100;100;4;5;95;0.6729;0.7058;0.6770;0.1000;0.3000;-0.0815;;;;;;;;9.07
2026-02-17T23:07:19.281687;VisA/macaroni1;cont_40pct_loo_patch;0.4;loo_patch;10;10;10;4;392;200;100;100;4;5;95;0.7247;0.7505;0.7143;0.1400;0.3500;-0.0297;0.6356;0.5833;1;0.2500;0.2500;;;10.52
2026-02-17T23:07:27.578209;VisA/macaroni1;cont_40pct_random_patch;0.4;random_patch;10;10;10;4;392;200;100;100;4;5;95;0.6749;0.7087;0.6894;0.1300;0.2800;-0.0795;0.0245;0.5833;1;0.2500;0.2500;;;8.29
2026-02-17T23:07:40.021050;VisA/macaroni1;cont_40pct_mahalanobis_patch;0.4;mahalanobis_patch;10;10;10;4;392;200;100;100;4;5;95;0.7211;0.7453;0.7077;0.1400;0.2800;-0.0333;0.5914;0.5833;1;0.2500;0.2500;;;12.44
2026-02-17T23:07:45.456307;VisA/macaroni1;cont_40pct_oracle_patch;0.4;oracle_patch;10;10;6;4;3136;200;100;100;4;5;95;0.7564;0.7697;0.7280;0.1600;0.4200;0.0020;1.0245;0.5833;1;0.2500;0.2500;;;5.43
2026-02-17T23:07:57.986614;VisA/macaroni1;cont_40pct_ensemble_loo_mahal;0.4;ensemble_loo_mahal;10;10;10;4;392;200;100;100;4;5;95;0.7277;0.7525;0.7203;0.2000;0.3600;-0.0267;0.6724;0.5833;1;0.2500;0.2500;;;12.53
2026-02-17T23:08:06.933084;VisA/macaroni1;cont_40pct_cosine_loo;0.4;cosine_loo;10;10;10;4;392;200;100;100;4;5;95;0.7214;0.7447;0.7037;0.1400;0.3200;-0.0330;0.5951;0.5833;1;0.2500;0.2500;;;8.94
2026-02-17T23:08:17.252623;VisA/macaroni1;cont_50pct_none;0.5;none;10;10;10;5;0;200;100;100;4;5;95;0.6526;0.6943;0.6667;0.1700;0.2700;-0.1018;;;;;;;;10.29
2026-02-17T23:08:26.303130;VisA/macaroni1;cont_50pct_loo_patch;0.5;loo_patch;10;10;10;5;392;200;100;100;4;5;95;0.6867;0.7266;0.6838;0.1800;0.3300;-0.0677;0.3350;0.6400;1;0.6000;0.6000;;;9.05
2026-02-17T23:08:35.939588;VisA/macaroni1;cont_50pct_random_patch;0.5;random_patch;10;10;10;5;392;200;100;100;4;5;95;0.6583;0.6985;0.6746;0.1900;0.2400;-0.0961;0.0560;0.6400;1;0.6000;0.6000;;;9.63
2026-02-17T23:08:46.275879;VisA/macaroni1;cont_50pct_mahalanobis_patch;0.5;mahalanobis_patch;10;10;10;5;392;200;100;100;4;5;95;0.7064;0.7366;0.6980;0.1800;0.3100;-0.0480;0.5285;0.6400;1;0.6000;0.6000;;;10.33
2026-02-17T23:08:51.362114;VisA/macaroni1;cont_50pct_oracle_patch;0.5;oracle_patch;10;10;5;5;3920;200;100;100;4;5;95;0.7385;0.7602;0.7194;0.1700;0.3400;-0.0159;0.8438;0.6400;1;0.6000;0.6000;;;5.08
2026-02-17T23:09:01.666680;VisA/macaroni1;cont_50pct_ensemble_loo_mahal;0.5;ensemble_loo_mahal;10;10;10;5;392;200;100;100;4;5;95;0.7121;0.7487;0.7000;0.1700;0.3600;-0.0423;0.5845;0.6400;1;0.6000;0.6000;;;10.30
2026-02-17T23:09:12.721361;VisA/macaroni1;cont_50pct_cosine_loo;0.5;cosine_loo;10;10;10;5;392;200;100;100;4;5;95;0.6946;0.7310;0.6923;0.1800;0.3200;-0.0598;0.4126;0.6400;1;0.6000;0.6000;;;11.05
2026-02-17T23:09:25.883001;VisA/macaroni2;cont_0pct_none;0.0;none;10;10;10;0;0;200;100;100;0;5;95;0.6218;0.5842;0.6897;0.0000;0.0900;;;;;;;;;9.42
2026-02-17T23:09:35.804608;VisA/macaroni2;cont_0pct_loo_patch;0.0;loo_patch;10;10;10;0;392;200;100;100;0;5;95;0.6285;0.5964;0.6868;0.0100;0.0700;0.0067;;;;;;;;9.92
2026-02-17T23:09:44.584538;VisA/macaroni2;cont_0pct_random_patch;0.0;random_patch;10;10;10;0;392;200;100;100;0;5;95;0.6273;0.5845;0.6899;0.0000;0.0500;0.0055;;;;;;;;8.78
2026-02-17T23:09:55.275557;VisA/macaroni2;cont_0pct_mahalanobis_patch;0.0;mahalanobis_patch;10;10;10;0;392;200;100;100;0;5;95;0.6369;0.5884;0.6947;0.0000;0.0600;0.0151;;;;;;;;10.69
2026-02-17T23:09:55.287792;VisA/macaroni2;cont_0pct_oracle_patch;0.0;oracle_patch;10;10;10;0;0;200;100;100;0;5;95;0.6218;0.5842;0.6897;0.0000;0.0900;0.0000;;;;;;;;0.01
2026-02-17T23:10:06.996215;VisA/macaroni2;cont_0pct_ensemble_loo_mahal;0.0;ensemble_loo_mahal;10;10;10;0;392;200;100;100;0;5;95;0.6322;0.5989;0.6977;0.0100;0.0800;0.0104;;;;;;;;11.71
2026-02-17T23:10:15.610209;VisA/macaroni2;cont_0pct_cosine_loo;0.0;cosine_loo;10;10;10;0;392;200;100;100;0;5;95;0.6116;0.5845;0.6857;0.0300;0.0500;-0.0102;;;;;;;;8.61
2026-02-17T23:10:25.816926;VisA/macaroni2;cont_5pct_none;0.05;none;10;10;10;0;0;200;100;100;0;5;95;0.6218;0.5842;0.6897;0.0000;0.0900;0.0000;;;;;;;;10.19
2026-02-17T23:10:34.795917;VisA/macaroni2;cont_5pct_loo_patch;0.05;loo_patch;10;10;10;0;392;200;100;100;0;5;95;0.6285;0.5964;0.6868;0.0100;0.0700;0.0067;1.0000;;;;;;;8.97
2026-02-17T23:10:44.437251;VisA/macaroni2;cont_5pct_random_patch;0.05;random_patch;10;10;10;0;392;200;100;100;0;5;95;0.6273;0.5845;0.6899;0.0000;0.0500;0.0055;1.0000;;;;;;;9.64
2026-02-17T23:10:54.729647;VisA/macaroni2;cont_5pct_mahalanobis_patch;0.05;mahalanobis_patch;10;10;10;0;392;200;100;100;0;5;95;0.6369;0.5884;0.6947;0.0000;0.0600;0.0151;1.0000;;;;;;;10.29
2026-02-17T23:10:54.752652;VisA/macaroni2;cont_5pct_oracle_patch;0.05;oracle_patch;10;10;10;0;0;200;100;100;0;5;95;0.6218;0.5842;0.6897;0.0000;0.0900;0.0000;1.0000;;;;;;;0.01
2026-02-17T23:11:07.252532;VisA/macaroni2;cont_5pct_ensemble_loo_mahal;0.05;ensemble_loo_mahal;10;10;10;0;392;200;100;100;0;5;95;0.6322;0.5989;0.6977;0.0100;0.0800;0.0104;1.0000;;;;;;;12.26
2026-02-17T23:11:16.771951;VisA/macaroni2;cont_5pct_cosine_loo;0.05;cosine_loo;10;10;10;0;392;200;100;100;0;5;95;0.6116;0.5845;0.6857;0.0300;0.0500;-0.0102;1.0000;;;;;;;9.52
2026-02-17T23:11:26.435306;VisA/macaroni2;cont_40pct_none;0.4;none;10;10;10;4;0;200;100;100;0;5;95;0.5330;0.5329;0.6667;0.0000;0.1000;-0.0888;;;;;;;;9.64
2026-02-17T23:11:35.604792;VisA/macaroni2;cont_40pct_loo_patch;0.4;loo_patch;10;10;10;4;392;200;100;100;0;5;95;0.5499;0.5761;0.6667;0.0600;0.1100;-0.0719;0.1903;0.4583;0;0.2500;0.2500;;;9.16
2026-02-17T23:11:45.165111;VisA/macaroni2;cont_40pct_random_patch;0.4;random_patch;10;10;10;4;392;200;100;100;0;5;95;0.5311;0.5325;0.6667;0.0000;0.1000;-0.0907;-0.0214;0.4583;0;0.2500;0.2500;;;9.56
2026-02-17T23:11:55.939806;VisA/macaroni2;cont_40pct_mahalanobis_patch;0.4;mahalanobis_patch;10;10;10;4;392;200;100;100;0;5;95;0.5421;0.5550;0.6667;0.0100;0.1400;-0.0797;0.1025;0.4583;0;0.2500;0.2500;;;10.68
2026-02-17T23:12:01.443071;VisA/macaroni2;cont_40pct_oracle_patch;0.4;oracle_patch;10;10;6;4;3136;200;100;100;0;5;95;0.6160;0.5691;0.6970;0.0000;0.0900;-0.0058;0.9347;0.4583;0;0.2500;0.2500;;;5.50
2026-02-17T23:12:12.270283;VisA/macaroni2;cont_40pct_ensemble_loo_mahal;0.4;ensemble_loo_mahal;10;10;10;4;392;200;100;100;0;5;95;0.5449;0.5652;0.6667;0.0300;0.1500;-0.0769;0.1340;0.4583;0;0.2500;0.2500;;;10.82
2026-02-17T23:12:21.264232;VisA/macaroni2;cont_40pct_cosine_loo;0.4;cosine_loo;10;10;10;4;392;200;100;100;0;5;95;0.5435;0.5507;0.6667;0.0200;0.0800;-0.0783;0.1182;0.4583;0;0.2500;0.2500;;;8.99
2026-02-17T23:12:31.346789;VisA/macaroni2;cont_50pct_none;0.5;none;10;10;10;5;0;200;100;100;0;5;95;0.5419;0.5399;0.6667;0.0300;0.0600;-0.0799;;;;;;;;10.06
2026-02-17T23:12:40.190325;VisA/macaroni2;cont_50pct_loo_patch;0.5;loo_patch;10;10;10;5;392;200;100;100;0;5;95;0.5911;0.5890;0.6770;0.0200;0.1200;-0.0307;0.6158;0.2800;0;0.4000;0.4000;;;8.75
2026-02-17T23:12:48.916519;VisA/macaroni2;cont_50pct_random_patch;0.5;random_patch;10;10;10;5;392;200;100;100;0;5;95;0.5527;0.5556;0.6667;0.0400;0.0600;-0.0691;0.1352;0.2800;0;0.4000;0.4000;;;8.72
2026-02-17T23:13:00.189500;VisA/macaroni2;cont_50pct_mahalanobis_patch;0.5;mahalanobis_patch;10;10;10;5;392;200;100;100;0;5;95;0.5540;0.5550;0.6667;0.0200;0.0800;-0.0678;0.1514;0.2800;0;0.4000;0.4000;;;11.27
2026-02-17T23:13:04.135747;VisA/macaroni2;cont_50pct_oracle_patch;0.5;oracle_patch;10;10;5;5;3920;200;100;100;0;5;95;0.6048;0.5582;0.6926;0.0000;0.1100;-0.0170;0.7872;0.2800;0;0.4000;0.4000;;;3.94
2026-02-17T23:13:15.885833;VisA/macaroni2;cont_50pct_ensemble_loo_mahal;0.5;ensemble_loo_mahal;10;10;10;5;392;200;100;100;0;5;95;0.5702;0.5675;0.6667;0.0200;0.0900;-0.0516;0.3542;0.2800;0;0.4000;0.4000;;;11.74
2026-02-17T23:13:25.499733;VisA/macaroni2;cont_50pct_cosine_loo;0.5;cosine_loo;10;10;10;5;392;200;100;100;0;5;95;0.5758;0.5622;0.6776;0.0200;0.0800;-0.0460;0.4243;0.2800;0;0.4000;0.4000;;;9.61
2026-02-17T23:13:34.346193;VisA/macaroni2;cont_0pct_none;0.0;none;10;10;10;0;0;200;100;100;1;5;95;0.5339;0.5057;0.6788;0.0100;0.0200;;;;;;;;;8.67
2026-02-17T23:13:45.090618;VisA/macaroni2;cont_0pct_loo_patch;0.0;loo_patch;10;10;10;0;392;200;100;100;1;5;95;0.5643;0.5322;0.6861;0.0100;0.0300;0.0304;;;;;;;;10.74
2026-02-17T23:13:53.468694;VisA/macaroni2;cont_0pct_random_patch;0.0;random_patch;10;10;10;0;392;200;100;100;1;5;95;0.5456;0.5110;0.6809;0.0100;0.0100;0.0117;;;;;;;;8.37
2026-02-17T23:14:03.755204;VisA/macaroni2;cont_0pct_mahalanobis_patch;0.0;mahalanobis_patch;10;10;10;0;392;200;100;100;1;5;95;0.5630;0.5325;0.6863;0.0100;0.0300;0.0291;;;;;;;;10.28
2026-02-17T23:14:03.770758;VisA/macaroni2;cont_0pct_oracle_patch;0.0;oracle_patch;10;10;10;0;0;200;100;100;1;5;95;0.5339;0.5057;0.6788;0.0100;0.0200;0.0000;;;;;;;;0.01
2026-02-17T23:14:14.768215;VisA/macaroni2;cont_0pct_ensemble_loo_mahal;0.0;ensemble_loo_mahal;10;10;10;0;392;200;100;100;1;5;95;0.5789;0.5411;0.7000;0.0100;0.0400;0.0450;;;;;;;;10.92
2026-02-17T23:14:24.748017;VisA/macaroni2;cont_0pct_cosine_loo;0.0;cosine_loo;10;10;10;0;392;200;100;100;1;5;95;0.5625;0.5279;0.6829;0.0100;0.0100;0.0286;;;;;;;;9.98
2026-02-17T23:14:33.640544;VisA/macaroni2;cont_5pct_none;0.05;none;10;10;10;0;0;200;100;100;1;5;95;0.5339;0.5057;0.6788;0.0100;0.0200;0.0000;;;;;;;;8.88
2026-02-17T23:14:43.884557;VisA/macaroni2;cont_5pct_loo_patch;0.05;loo_patch;10;10;10;0;392;200;100;100;1;5;95;0.5643;0.5322;0.6861;0.0100;0.0300;0.0304;1.0000;;;;;;;10.24
2026-02-17T23:14:52.439236;VisA/macaroni2;cont_5pct_random_patch;0.05;random_patch;10;10;10;0;392;200;100;100;1;5;95;0.5456;0.5110;0.6809;0.0100;0.0100;0.0117;1.0000;;;;;;;8.55
2026-02-17T23:15:02.895684;VisA/macaroni2;cont_5pct_mahalanobis_patch;0.05;mahalanobis_patch;10;10;10;0;392;200;100;100;1;5;95;0.5630;0.5325;0.6863;0.0100;0.0300;0.0291;1.0000;;;;;;;10.45
2026-02-17T23:15:02.912684;VisA/macaroni2;cont_5pct_oracle_patch;0.05;oracle_patch;10;10;10;0;0;200;100;100;1;5;95;0.5339;0.5057;0.6788;0.0100;0.0200;0.0000;1.0000;;;;;;;0.01
2026-02-17T23:15:13.861444;VisA/macaroni2;cont_5pct_ensemble_loo_mahal;0.05;ensemble_loo_mahal;10;10;10;0;392;200;100;100;1;5;95;0.5789;0.5411;0.7000;0.0100;0.0400;0.0450;1.0000;;;;;;;10.87
2026-02-17T23:15:24.290742;VisA/macaroni2;cont_5pct_cosine_loo;0.05;cosine_loo;10;10;10;0;392;200;100;100;1;5;95;0.5625;0.5279;0.6829;0.0100;0.0100;0.0286;1.0000;;;;;;;10.43
2026-02-17T23:15:32.971099;VisA/macaroni2;cont_40pct_none;0.4;none;10;10;10;4;0;200;100;100;1;5;95;0.4370;0.4481;0.6667;0.0100;0.0200;-0.0969;;;;;;;;8.65
2026-02-17T23:15:42.807192;VisA/macaroni2;cont_40pct_loo_patch;0.4;loo_patch;10;10;10;4;392;200;100;100;1;5;95;0.4757;0.4724;0.6667;0.0100;0.0200;-0.0582;0.3994;1.0000;1;1.0000;1.0000;;;9.83
2026-02-17T23:15:51.301089;VisA/macaroni2;cont_40pct_random_patch;0.4;random_patch;10;10;10;4;392;200;100;100;1;5;95;0.4323;0.4481;0.6667;0.0100;0.0200;-0.1016;-0.0485;1.0000;1;1.0000;1.0000;;;8.49
2026-02-17T23:16:01.634367;VisA/macaroni2;cont_40pct_mahalanobis_patch;0.4;mahalanobis_patch;10;10;10;4;392;200;100;100;1;5;95;0.4526;0.4513;0.6667;0.0000;0.0200;-0.0813;0.1610;1.0000;1;1.0000;1.0000;;;10.33
2026-02-17T23:16:07.537584;VisA/macaroni2;cont_40pct_oracle_patch;0.4;oracle_patch;10;10;6;4;3136;200;100;100;1;5;95;0.5218;0.4991;0.6857;0.0100;0.0300;-0.0121;0.8751;1.0000;1;1.0000;1.0000;;;5.90
2026-02-17T23:16:18.422135;VisA/macaroni2;cont_40pct_ensemble_loo_mahal;0.4;ensemble_loo_mahal;10;10;10;4;392;200;100;100;1;5;95;0.4690;0.4613;0.6667;0.0100;0.0200;-0.0649;0.3302;1.0000;1;1.0000;1.0000;;;10.87
2026-02-17T23:16:27.876156;VisA/macaroni2;cont_40pct_cosine_loo;0.4;cosine_loo;10;10;10;4;392;200;100;100;1;5;95;0.4662;0.4645;0.6667;0.0100;0.0200;-0.0677;0.3013;1.0000;1;1.0000;1.0000;;;9.45
2026-02-17T23:16:37.887696;VisA/macaroni2;cont_50pct_none;0.5;none;10;10;10;5;0;200;100;100;1;5;95;0.4617;0.4698;0.6667;0.0100;0.0200;-0.0722;;;;;;;;9.99
2026-02-17T23:16:46.986581;VisA/macaroni2;cont_50pct_loo_patch;0.5;loo_patch;10;10;10;5;392;200;100;100;1;5;95;0.4891;0.4867;0.6667;0.0200;0.0200;-0.0448;0.3795;0.8400;1;0.8000;0.8000;;;9.09
2026-02-17T23:16:55.890249;VisA/macaroni2;cont_50pct_random_patch;0.5;random_patch;10;10;10;5;392;200;100;100;1;5;95;0.4554;0.4680;0.6667;0.0200;0.0200;-0.0785;-0.0873;0.8400;1;0.8000;0.8000;;;8.89
2026-02-17T23:17:07.104116;VisA/macaroni2;cont_50pct_mahalanobis_patch;0.5;mahalanobis_patch;10;10;10;5;392;200;100;100;1;5;95;0.4739;0.4703;0.6667;0.0100;0.0200;-0.0600;0.1690;0.8400;1;0.8000;0.8000;;;11.21
2026-02-17T23:17:11.045565;VisA/macaroni2;cont_50pct_oracle_patch;0.5;oracle_patch;10;10;5;5;3920;200;100;100;1;5;95;0.5419;0.5213;0.6829;0.0100;0.0300;0.0080;1.1108;0.8400;1;0.8000;0.8000;;;3.94
2026-02-17T23:17:22.993755;VisA/macaroni2;cont_50pct_ensemble_loo_mahal;0.5;ensemble_loo_mahal;10;10;10;5;392;200;100;100;1;5;95;0.4832;0.4784;0.6667;0.0100;0.0200;-0.0507;0.2978;0.8400;1;0.8000;0.8000;;;11.90
2026-02-17T23:17:32.391132;VisA/macaroni2;cont_50pct_cosine_loo;0.5;cosine_loo;10;10;10;5;392;200;100;100;1;5;95;0.4740;0.4759;0.6667;0.0200;0.0200;-0.0599;0.1704;0.8400;1;0.8000;0.8000;;;9.39
2026-02-17T23:17:41.060942;VisA/macaroni2;cont_0pct_none;0.0;none;10;10;10;0;0;200;100;100;2;5;95;0.5030;0.5013;0.6667;0.0100;0.0400;;;;;;;;;8.51
2026-02-17T23:17:51.661943;VisA/macaroni2;cont_0pct_loo_patch;0.0;loo_patch;10;10;10;0;392;200;100;100;2;5;95;0.5230;0.5207;0.6667;0.0100;0.0500;0.0200;;;;;;;;10.59
2026-02-17T23:17:59.745534;VisA/macaroni2;cont_0pct_random_patch;0.0;random_patch;10;10;10;0;392;200;100;100;2;5;95;0.5002;0.4968;0.6667;0.0100;0.0300;-0.0028;;;;;;;;8.07
2026-02-17T23:18:10.118131;VisA/macaroni2;cont_0pct_mahalanobis_patch;0.0;mahalanobis_patch;10;10;10;0;392;200;100;100;2;5;95;0.5251;0.5080;0.6667;0.0100;0.0300;0.0222;;;;;;;;10.37
2026-02-17T23:18:10.136269;VisA/macaroni2;cont_0pct_oracle_patch;0.0;oracle_patch;10;10;10;0;0;200;100;100;2;5;95;0.5030;0.5013;0.6667;0.0100;0.0400;0.0000;;;;;;;;0.01
2026-02-17T23:18:21.306107;VisA/macaroni2;cont_0pct_ensemble_loo_mahal;0.0;ensemble_loo_mahal;10;10;10;0;392;200;100;100;2;5;95;0.5177;0.5184;0.6667;0.0300;0.0300;0.0148;;;;;;;;11.08
2026-02-17T23:18:31.078096;VisA/macaroni2;cont_0pct_cosine_loo;0.0;cosine_loo;10;10;10;0;392;200;100;100;2;5;95;0.5007;0.4957;0.6667;0.0100;0.0400;-0.0022;;;;;;;;9.77
2026-02-17T23:18:38.843790;VisA/macaroni2;cont_5pct_none;0.05;none;10;10;10;0;0;200;100;100;2;5;95;0.5030;0.5013;0.6667;0.0100;0.0400;0.0000;;;;;;;;7.75
2026-02-17T23:18:48.789065;VisA/macaroni2;cont_5pct_loo_patch;0.05;loo_patch;10;10;10;0;392;200;100;100;2;5;95;0.5230;0.5207;0.6667;0.0100;0.0500;0.0200;1.0000;;;;;;;9.94
2026-02-17T23:18:56.477727;VisA/macaroni2;cont_5pct_random_patch;0.05;random_patch;10;10;10;0;392;200;100;100;2;5;95;0.5002;0.4968;0.6667;0.0100;0.0300;-0.0028;1.0000;;;;;;;7.68
2026-02-17T23:19:07.932501;VisA/macaroni2;cont_5pct_mahalanobis_patch;0.05;mahalanobis_patch;10;10;10;0;392;200;100;100;2;5;95;0.5251;0.5080;0.6667;0.0100;0.0300;0.0222;1.0000;;;;;;;11.45
2026-02-17T23:19:07.947625;VisA/macaroni2;cont_5pct_oracle_patch;0.05;oracle_patch;10;10;10;0;0;200;100;100;2;5;95;0.5030;0.5013;0.6667;0.0100;0.0400;0.0000;1.0000;;;;;;;0.01
2026-02-17T23:19:18.729200;VisA/macaroni2;cont_5pct_ensemble_loo_mahal;0.05;ensemble_loo_mahal;10;10;10;0;392;200;100;100;2;5;95;0.5177;0.5184;0.6667;0.0300;0.0300;0.0148;1.0000;;;;;;;10.78
2026-02-17T23:19:27.300074;VisA/macaroni2;cont_5pct_cosine_loo;0.05;cosine_loo;10;10;10;0;392;200;100;100;2;5;95;0.5007;0.4957;0.6667;0.0100;0.0400;-0.0022;1.0000;;;;;;;8.57
2026-02-17T23:19:35.575013;VisA/macaroni2;cont_40pct_none;0.4;none;10;10;10;4;0;200;100;100;2;5;95;0.3910;0.4275;0.6667;0.0100;0.0100;-0.1119;;;;;;;;8.26
2026-02-17T23:19:44.276245;VisA/macaroni2;cont_40pct_loo_patch;0.4;loo_patch;10;10;10;4;392;200;100;100;2;5;95;0.4342;0.4580;0.6667;0.0100;0.0200;-0.0688;0.3859;0.5000;0;0.5000;0.5000;;;8.70
2026-02-17T23:19:52.337459;VisA/macaroni2;cont_40pct_random_patch;0.4;random_patch;10;10;10;4;392;200;100;100;2;5;95;0.3935;0.4287;0.6667;0.0100;0.0100;-0.1094;0.0223;0.5000;0;0.5000;0.5000;;;8.06
2026-02-17T23:20:03.201613;VisA/macaroni2;cont_40pct_mahalanobis_patch;0.4;mahalanobis_patch;10;10;10;4;392;200;100;100;2;5;95;0.4439;0.4583;0.6667;0.0000;0.0200;-0.0590;0.4725;0.5000;0;0.5000;0.5000;;;10.86
2026-02-17T23:20:07.815499;VisA/macaroni2;cont_40pct_oracle_patch;0.4;oracle_patch;10;10;6;4;3136;200;100;100;2;5;95;0.4679;0.4779;0.6667;0.0100;0.0300;-0.0351;0.6869;0.5000;0;0.5000;0.5000;;;4.61
2026-02-17T23:20:18.318332;VisA/macaroni2;cont_40pct_ensemble_loo_mahal;0.4;ensemble_loo_mahal;10;10;10;4;392;200;100;100;2;5;95;0.4511;0.4627;0.6667;0.0000;0.0100;-0.0519;0.5368;0.5000;0;0.5000;0.5000;;;10.50
2026-02-17T23:20:27.054225;VisA/macaroni2;cont_40pct_cosine_loo;0.4;cosine_loo;10;10;10;4;392;200;100;100;2;5;95;0.4121;0.4422;0.6667;0.0100;0.0300;-0.0908;0.1885;0.5000;0;0.5000;0.5000;;;8.73
2026-02-17T23:20:35.567822;VisA/macaroni2;cont_50pct_none;0.5;none;10;10;10;5;0;200;100;100;2;5;95;0.3822;0.4203;0.6667;0.0000;0.0100;-0.1208;;;;;;;;8.49
2026-02-17T23:20:44.041932;VisA/macaroni2;cont_50pct_loo_patch;0.5;loo_patch;10;10;10;5;392;200;100;100;2;5;95;0.4279;0.4488;0.6667;0.0100;0.0200;-0.0751;0.3781;0.6800;0;0.6000;0.6000;;;8.47
2026-02-17T23:20:52.123996;VisA/macaroni2;cont_50pct_random_patch;0.5;random_patch;10;10;10;5;392;200;100;100;2;5;95;0.3889;0.4206;0.6667;0.0000;0.0100;-0.1140;0.0555;0.6800;0;0.6000;0.6000;;;8.08
2026-02-17T23:21:02.319115;VisA/macaroni2;cont_50pct_mahalanobis_patch;0.5;mahalanobis_patch;10;10;10;5;392;200;100;100;2;5;95;0.4452;0.4580;0.6667;0.0100;0.0300;-0.0578;0.5217;0.6800;0;0.6000;0.6000;;;10.19
2026-02-17T23:21:06.457290;VisA/macaroni2;cont_50pct_oracle_patch;0.5;oracle_patch;10;10;5;5;3920;200;100;100;2;5;95;0.4757;0.4964;0.6764;0.0300;0.0700;-0.0272;0.7743;0.6800;0;0.6000;0.6000;;;4.13
2026-02-17T23:21:16.566850;VisA/macaroni2;cont_50pct_ensemble_loo_mahal;0.5;ensemble_loo_mahal;10;10;10;5;392;200;100;100;2;5;95;0.4253;0.4441;0.6667;0.0100;0.0300;-0.0776;0.3569;0.6800;0;0.6000;0.6000;;;10.10
2026-02-17T23:21:25.953434;VisA/macaroni2;cont_50pct_cosine_loo;0.5;cosine_loo;10;10;10;5;392;200;100;100;2;5;95;0.4188;0.4436;0.6667;0.0000;0.0200;-0.0842;0.3031;0.6800;0;0.6000;0.6000;;;9.38
2026-02-17T23:21:34.264345;VisA/macaroni2;cont_0pct_none;0.0;none;10;10;10;0;0;200;100;100;3;5;95;0.5305;0.5062;0.6667;0.0000;0.0400;;;;;;;;;8.18
2026-02-17T23:21:43.151747;VisA/macaroni2;cont_0pct_loo_patch;0.0;loo_patch;10;10;10;0;392;200;100;100;3;5;95;0.5635;0.5477;0.6667;0.0200;0.0500;0.0330;;;;;;;;8.88
2026-02-17T23:21:51.462140;VisA/macaroni2;cont_0pct_random_patch;0.0;random_patch;10;10;10;0;392;200;100;100;3;5;95;0.5391;0.5131;0.6667;0.0000;0.0400;0.0086;;;;;;;;8.31
2026-02-17T23:22:02.090177;VisA/macaroni2;cont_0pct_mahalanobis_patch;0.0;mahalanobis_patch;10;10;10;0;392;200;100;100;3;5;95;0.5296;0.5040;0.6690;0.0100;0.0400;-0.0009;;;;;;;;10.62
2026-02-17T23:22:02.103506;VisA/macaroni2;cont_0pct_oracle_patch;0.0;oracle_patch;10;10;10;0;0;200;100;100;3;5;95;0.5305;0.5062;0.6667;0.0000;0.0400;0.0000;;;;;;;;0.01
2026-02-17T23:22:12.083078;VisA/macaroni2;cont_0pct_ensemble_loo_mahal;0.0;ensemble_loo_mahal;10;10;10;0;392;200;100;100;3;5;95;0.5454;0.5193;0.6689;0.0100;0.0400;0.0149;;;;;;;;9.92
2026-02-17T23:22:20.764247;VisA/macaroni2;cont_0pct_cosine_loo;0.0;cosine_loo;10;10;10;0;392;200;100;100;3;5;95;0.5375;0.5131;0.6667;0.0100;0.0200;0.0070;;;;;;;;8.68
2026-02-17T23:22:29.101141;VisA/macaroni2;cont_5pct_none;0.05;none;10;10;10;0;0;200;100;100;3;5;95;0.5305;0.5062;0.6667;0.0000;0.0400;0.0000;;;;;;;;8.32
2026-02-17T23:22:37.603262;VisA/macaroni2;cont_5pct_loo_patch;0.05;loo_patch;10;10;10;0;392;200;100;100;3;5;95;0.5635;0.5477;0.6667;0.0200;0.0500;0.0330;1.0000;;;;;;;8.50
2026-02-17T23:22:45.869897;VisA/macaroni2;cont_5pct_random_patch;0.05;random_patch;10;10;10;0;392;200;100;100;3;5;95;0.5391;0.5131;0.6667;0.0000;0.0400;0.0086;1.0000;;;;;;;8.26
2026-02-17T23:22:56.736858;VisA/macaroni2;cont_5pct_mahalanobis_patch;0.05;mahalanobis_patch;10;10;10;0;392;200;100;100;3;5;95;0.5296;0.5040;0.6690;0.0100;0.0400;-0.0009;1.0000;;;;;;;10.86
2026-02-17T23:22:56.756857;VisA/macaroni2;cont_5pct_oracle_patch;0.05;oracle_patch;10;10;10;0;0;200;100;100;3;5;95;0.5305;0.5062;0.6667;0.0000;0.0400;0.0000;1.0000;;;;;;;0.02
2026-02-17T23:23:07.059208;VisA/macaroni2;cont_5pct_ensemble_loo_mahal;0.05;ensemble_loo_mahal;10;10;10;0;392;200;100;100;3;5;95;0.5454;0.5193;0.6689;0.0100;0.0400;0.0149;1.0000;;;;;;;10.18
2026-02-17T23:23:16.419202;VisA/macaroni2;cont_5pct_cosine_loo;0.05;cosine_loo;10;10;10;0;392;200;100;100;3;5;95;0.5375;0.5131;0.6667;0.0100;0.0200;0.0070;1.0000;;;;;;;9.35
2026-02-17T23:23:25.007383;VisA/macaroni2;cont_40pct_none;0.4;none;10;10;10;4;0;200;100;100;3;5;95;0.4519;0.4694;0.6667;0.0100;0.0200;-0.0786;;;;;;;;8.56
2026-02-17T23:23:35.221950;VisA/macaroni2;cont_40pct_loo_patch;0.4;loo_patch;10;10;10;4;392;200;100;100;3;5;95;0.4771;0.4837;0.6667;0.0200;0.0300;-0.0534;0.3206;0.7083;0;0.5000;0.5000;;;10.21
2026-02-17T23:23:43.288052;VisA/macaroni2;cont_40pct_random_patch;0.4;random_patch;10;10;10;4;392;200;100;100;3;5;95;0.4492;0.4687;0.6667;0.0100;0.0300;-0.0813;-0.0344;0.7083;0;0.5000;0.5000;;;8.06
2026-02-17T23:23:53.377711;VisA/macaroni2;cont_40pct_mahalanobis_patch;0.4;mahalanobis_patch;10;10;10;4;392;200;100;100;3;5;95;0.4852;0.4847;0.6667;0.0200;0.0200;-0.0453;0.4237;0.7083;0;0.5000;0.5000;;;10.08
2026-02-17T23:23:59.195682;VisA/macaroni2;cont_40pct_oracle_patch;0.4;oracle_patch;10;10;6;4;3136;200;100;100;3;5;95;0.4998;0.4757;0.6667;0.0000;0.0200;-0.0307;0.6094;0.7083;0;0.5000;0.5000;;;5.81
2026-02-17T23:24:10.217493;VisA/macaroni2;cont_40pct_ensemble_loo_mahal;0.4;ensemble_loo_mahal;10;10;10;4;392;200;100;100;3;5;95;0.4821;0.4815;0.6667;0.0100;0.0200;-0.0484;0.3842;0.7083;0;0.5000;0.5000;;;10.91
2026-02-17T23:24:19.581526;VisA/macaroni2;cont_40pct_cosine_loo;0.4;cosine_loo;10;10;10;4;392;200;100;100;3;5;95;0.4480;0.4639;0.6667;0.0100;0.0200;-0.0825;-0.0496;0.7083;0;0.5000;0.5000;;;9.36
2026-02-17T23:24:29.118846;VisA/macaroni2;cont_50pct_none;0.5;none;10;10;10;5;0;200;100;100;3;5;95;0.4508;0.4665;0.6667;0.0100;0.0300;-0.0797;;;;;;;;9.51
2026-02-17T23:24:39.191092;VisA/macaroni2;cont_50pct_loo_patch;0.5;loo_patch;10;10;10;5;392;200;100;100;3;5;95;0.4593;0.4697;0.6667;0.0000;0.0300;-0.0712;0.1066;0.6400;0;0.6000;0.6000;;;10.07
2026-02-17T23:24:47.062137;VisA/macaroni2;cont_50pct_random_patch;0.5;random_patch;10;10;10;5;392;200;100;100;3;5;95;0.4557;0.4765;0.6667;0.0100;0.0200;-0.0748;0.0615;0.6400;0;0.6000;0.6000;;;7.87
2026-02-17T23:24:57.783133;VisA/macaroni2;cont_50pct_mahalanobis_patch;0.5;mahalanobis_patch;10;10;10;5;392;200;100;100;3;5;95;0.4823;0.4815;0.6667;0.0200;0.0200;-0.0482;0.3952;0.6400;0;0.6000;0.6000;;;10.72
2026-02-17T23:25:03.024743;VisA/macaroni2;cont_50pct_oracle_patch;0.5;oracle_patch;10;10;5;5;3920;200;100;100;3;5;95;0.4964;0.4781;0.6667;0.0100;0.0100;-0.0341;0.5721;0.6400;0;0.6000;0.6000;;;5.24
2026-02-17T23:25:13.766665;VisA/macaroni2;cont_50pct_ensemble_loo_mahal;0.5;ensemble_loo_mahal;10;10;10;5;392;200;100;100;3;5;95;0.4772;0.4795;0.6667;0.0200;0.0200;-0.0533;0.3312;0.6400;0;0.6000;0.6000;;;10.74
2026-02-17T23:25:23.017639;VisA/macaroni2;cont_50pct_cosine_loo;0.5;cosine_loo;10;10;10;5;392;200;100;100;3;5;95;0.4314;0.4482;0.6667;0.0000;0.0200;-0.0991;-0.2440;0.6400;0;0.6000;0.6000;;;9.25
2026-02-17T23:25:33.404573;VisA/macaroni2;cont_0pct_none;0.0;none;10;10;10;0;0;200;100;100;4;5;95;0.5042;0.4915;0.6689;0.0100;0.0300;;;;;;;;;10.22
2026-02-17T23:25:42.832299;VisA/macaroni2;cont_0pct_loo_patch;0.0;loo_patch;10;10;10;0;392;200;100;100;4;5;95;0.5190;0.5065;0.6667;0.0200;0.0300;0.0148;;;;;;;;9.42
2026-02-17T23:25:50.910597;VisA/macaroni2;cont_0pct_random_patch;0.0;random_patch;10;10;10;0;392;200;100;100;4;5;95;0.5004;0.4907;0.6689;0.0100;0.0300;-0.0038;;;;;;;;8.07
2026-02-17T23:26:01.993510;VisA/macaroni2;cont_0pct_mahalanobis_patch;0.0;mahalanobis_patch;10;10;10;0;392;200;100;100;4;5;95;0.5137;0.4908;0.6766;0.0100;0.0200;0.0095;;;;;;;;11.08
2026-02-17T23:26:02.008572;VisA/macaroni2;cont_0pct_oracle_patch;0.0;oracle_patch;10;10;10;0;0;200;100;100;4;5;95;0.5042;0.4915;0.6689;0.0100;0.0300;0.0000;;;;;;;;0.01
2026-02-17T23:26:13.317025;VisA/macaroni2;cont_0pct_ensemble_loo_mahal;0.0;ensemble_loo_mahal;10;10;10;0;392;200;100;100;4;5;95;0.5316;0.5060;0.6804;0.0200;0.0400;0.0274;;;;;;;;11.31
2026-02-17T23:26:22.873580;VisA/macaroni2;cont_0pct_cosine_loo;0.0;cosine_loo;10;10;10;0;392;200;100;100;4;5;95;0.5163;0.4897;0.6667;0.0000;0.0300;0.0121;;;;;;;;9.55
2026-02-17T23:26:31.129137;VisA/macaroni2;cont_5pct_none;0.05;none;10;10;10;0;0;200;100;100;4;5;95;0.5042;0.4915;0.6689;0.0100;0.0300;0.0000;;;;;;;;8.24
2026-02-17T23:26:40.935871;VisA/macaroni2;cont_5pct_loo_patch;0.05;loo_patch;10;10;10;0;392;200;100;100;4;5;95;0.5190;0.5065;0.6667;0.0200;0.0300;0.0148;1.0000;;;;;;;9.80
2026-02-17T23:26:49.475321;VisA/macaroni2;cont_5pct_random_patch;0.05;random_patch;10;10;10;0;392;200;100;100;4;5;95;0.5004;0.4907;0.6689;0.0100;0.0300;-0.0038;1.0000;;;;;;;8.53
2026-02-17T23:26:59.887347;VisA/macaroni2;cont_5pct_mahalanobis_patch;0.05;mahalanobis_patch;10;10;10;0;392;200;100;100;4;5;95;0.5137;0.4908;0.6766;0.0100;0.0200;0.0095;1.0000;;;;;;;10.40
2026-02-17T23:26:59.903351;VisA/macaroni2;cont_5pct_oracle_patch;0.05;oracle_patch;10;10;10;0;0;200;100;100;4;5;95;0.5042;0.4915;0.6689;0.0100;0.0300;0.0000;1.0000;;;;;;;0.01
2026-02-17T23:27:10.445392;VisA/macaroni2;cont_5pct_ensemble_loo_mahal;0.05;ensemble_loo_mahal;10;10;10;0;392;200;100;100;4;5;95;0.5316;0.5060;0.6804;0.0200;0.0400;0.0274;1.0000;;;;;;;10.33
2026-02-17T23:27:19.858293;VisA/macaroni2;cont_5pct_cosine_loo;0.05;cosine_loo;10;10;10;0;392;200;100;100;4;5;95;0.5163;0.4897;0.6667;0.0000;0.0300;0.0121;1.0000;;;;;;;9.41
2026-02-17T23:27:29.649867;VisA/macaroni2;cont_40pct_none;0.4;none;10;10;10;4;0;200;100;100;4;5;95;0.4752;0.4749;0.6667;0.0000;0.0200;-0.0290;;;;;;;;9.77
2026-02-17T23:27:38.613288;VisA/macaroni2;cont_40pct_loo_patch;0.4;loo_patch;10;10;10;4;392;200;100;100;4;5;95;0.5406;0.5309;0.6667;0.0200;0.0400;0.0364;2.2552;0.2917;0;0.0000;0.0000;;;8.96
2026-02-17T23:27:46.776174;VisA/macaroni2;cont_40pct_random_patch;0.4;random_patch;10;10;10;4;392;200;100;100;4;5;95;0.4804;0.4876;0.6667;0.0100;0.0200;-0.0238;0.1793;0.2917;0;0.0000;0.0000;;;8.16
2026-02-17T23:27:57.986997;VisA/macaroni2;cont_40pct_mahalanobis_patch;0.4;mahalanobis_patch;10;10;10;4;392;200;100;100;4;5;95;0.5044;0.4912;0.6667;0.0100;0.0200;0.0002;1.0069;0.2917;0;0.0000;0.0000;;;11.21
2026-02-17T23:28:03.218730;VisA/macaroni2;cont_40pct_oracle_patch;0.4;oracle_patch;10;10;6;4;3136;200;100;100;4;5;95;0.5588;0.5260;0.6692;0.0100;0.0600;0.0546;2.8828;0.2917;0;0.0000;0.0000;;;5.23
2026-02-17T23:28:13.714552;VisA/macaroni2;cont_40pct_ensemble_loo_mahal;0.4;ensemble_loo_mahal;10;10;10;4;392;200;100;100;4;5;95;0.5277;0.5105;0.6667;0.0100;0.0200;0.0235;1.8103;0.2917;0;0.0000;0.0000;;;10.49
2026-02-17T23:28:23.937702;VisA/macaroni2;cont_40pct_cosine_loo;0.4;cosine_loo;10;10;10;4;392;200;100;100;4;5;95;0.5429;0.5323;0.6667;0.0200;0.0300;0.0387;2.3345;0.2917;0;0.0000;0.0000;;;10.22
2026-02-17T23:28:33.224289;VisA/macaroni2;cont_50pct_none;0.5;none;10;10;10;5;0;200;100;100;4;5;95;0.4584;0.4634;0.6667;0.0000;0.0500;-0.0458;;;;;;;;9.26
2026-02-17T23:28:42.334120;VisA/macaroni2;cont_50pct_loo_patch;0.5;loo_patch;10;10;10;5;392;200;100;100;4;5;95;0.5184;0.5178;0.6667;0.0300;0.0600;0.0142;1.3100;0.2800;0;0.2000;0.2000;;;9.10
2026-02-17T23:28:51.028273;VisA/macaroni2;cont_50pct_random_patch;0.5;random_patch;10;10;10;5;392;200;100;100;4;5;95;0.4585;0.4646;0.6667;0.0000;0.0200;-0.0457;0.0022;0.2800;0;0.2000;0.2000;;;8.69
2026-02-17T23:29:02.524758;VisA/macaroni2;cont_50pct_mahalanobis_patch;0.5;mahalanobis_patch;10;10;10;5;392;200;100;100;4;5;95;0.4929;0.4871;0.6667;0.0100;0.0400;-0.0113;0.7533;0.2800;0;0.2000;0.2000;;;11.49
2026-02-17T23:29:06.448512;VisA/macaroni2;cont_50pct_oracle_patch;0.5;oracle_patch;10;10;5;5;3920;200;100;100;4;5;95;0.5650;0.5282;0.6739;0.0000;0.0700;0.0608;2.3275;0.2800;0;0.2000;0.2000;;;3.92
2026-02-17T23:29:16.936174;VisA/macaroni2;cont_50pct_ensemble_loo_mahal;0.5;ensemble_loo_mahal;10;10;10;5;392;200;100;100;4;5;95;0.5047;0.4995;0.6667;0.0100;0.0300;0.0005;1.0109;0.2800;0;0.2000;0.2000;;;10.48
2026-02-17T23:29:27.182711;VisA/macaroni2;cont_50pct_cosine_loo;0.5;cosine_loo;10;10;10;5;392;200;100;100;4;5;95;0.5160;0.5093;0.6667;0.0200;0.0200;0.0118;1.2576;0.2800;0;0.2000;0.2000;;;10.24
2026-02-17T23:29:39.510183;VisA/pcb1;cont_0pct_none;0.0;none;10;10;10;0;0;200;100;100;0;5;95;0.9319;0.9287;0.8626;0.4600;0.6700;;;;;;;;;9.42
2026-02-17T23:29:48.755970;VisA/pcb1;cont_0pct_loo_patch;0.0;loo_patch;10;10;10;0;392;200;100;100;0;5;95;0.9351;0.9298;0.8638;0.4600;0.6800;0.0032;;;;;;;;9.24
2026-02-17T23:29:56.644921;VisA/pcb1;cont_0pct_random_patch;0.0;random_patch;10;10;10;0;392;200;100;100;0;5;95;0.9320;0.9294;0.8744;0.5100;0.6500;0.0001;;;;;;;;7.88
2026-02-17T23:30:06.982903;VisA/pcb1;cont_0pct_mahalanobis_patch;0.0;mahalanobis_patch;10;10;10;0;392;200;100;100;0;5;95;0.9377;0.9362;0.8600;0.4200;0.6900;0.0058;;;;;;;;10.33
2026-02-17T23:30:06.999166;VisA/pcb1;cont_0pct_oracle_patch;0.0;oracle_patch;10;10;10;0;0;200;100;100;0;5;95;0.9319;0.9287;0.8626;0.4600;0.6700;0.0000;;;;;;;;0.01
2026-02-17T23:30:17.645255;VisA/pcb1;cont_0pct_ensemble_loo_mahal;0.0;ensemble_loo_mahal;10;10;10;0;392;200;100;100;0;5;95;0.9342;0.9293;0.8732;0.4700;0.6700;0.0023;;;;;;;;10.54
2026-02-17T23:30:26.644374;VisA/pcb1;cont_0pct_cosine_loo;0.0;cosine_loo;10;10;10;0;392;200;100;100;0;5;95;0.9339;0.9287;0.8664;0.5200;0.6700;0.0020;;;;;;;;9.00
2026-02-17T23:30:35.717156;VisA/pcb1;cont_5pct_none;0.05;none;10;10;10;0;0;200;100;100;0;5;95;0.9319;0.9287;0.8626;0.4600;0.6700;0.0000;;;;;;;;9.06
2026-02-17T23:30:45.312786;VisA/pcb1;cont_5pct_loo_patch;0.05;loo_patch;10;10;10;0;392;200;100;100;0;5;95;0.9351;0.9298;0.8638;0.4600;0.6800;0.0032;1.0000;;;;;;;9.59
2026-02-17T23:30:53.454575;VisA/pcb1;cont_5pct_random_patch;0.05;random_patch;10;10;10;0;392;200;100;100;0;5;95;0.9320;0.9294;0.8744;0.5100;0.6500;0.0001;1.0000;;;;;;;8.14
2026-02-17T23:31:03.647271;VisA/pcb1;cont_5pct_mahalanobis_patch;0.05;mahalanobis_patch;10;10;10;0;392;200;100;100;0;5;95;0.9377;0.9362;0.8600;0.4200;0.6900;0.0058;1.0000;;;;;;;10.19
2026-02-17T23:31:03.663849;VisA/pcb1;cont_5pct_oracle_patch;0.05;oracle_patch;10;10;10;0;0;200;100;100;0;5;95;0.9319;0.9287;0.8626;0.4600;0.6700;0.0000;1.0000;;;;;;;0.01
2026-02-17T23:31:14.661600;VisA/pcb1;cont_5pct_ensemble_loo_mahal;0.05;ensemble_loo_mahal;10;10;10;0;392;200;100;100;0;5;95;0.9342;0.9293;0.8732;0.4700;0.6700;0.0023;1.0000;;;;;;;10.91
2026-02-17T23:31:23.304394;VisA/pcb1;cont_5pct_cosine_loo;0.05;cosine_loo;10;10;10;0;392;200;100;100;0;5;95;0.9339;0.9287;0.8664;0.5200;0.6700;0.0020;1.0000;;;;;;;8.64
2026-02-17T23:31:31.768641;VisA/pcb1;cont_40pct_none;0.4;none;10;10;10;4;0;200;100;100;0;5;95;0.8671;0.8753;0.8348;0.3600;0.4200;-0.0648;;;;;;;;8.44
2026-02-17T23:31:41.519504;VisA/pcb1;cont_40pct_loo_patch;0.4;loo_patch;10;10;10;4;392;200;100;100;0;5;95;0.9205;0.9126;0.8609;0.3500;0.5500;-0.0114;0.8241;1.0000;1;1.0000;1.0000;;;9.75
2026-02-17T23:31:50.350107;VisA/pcb1;cont_40pct_random_patch;0.4;random_patch;10;10;10;4;392;200;100;100;0;5;95;0.8709;0.8782;0.8312;0.3400;0.4600;-0.0610;0.0586;1.0000;1;1.0000;1.0000;;;8.83
2026-02-17T23:32:01.001212;VisA/pcb1;cont_40pct_mahalanobis_patch;0.4;mahalanobis_patch;10;10;10;4;392;200;100;100;0;5;95;0.9221;0.9183;0.8584;0.4100;0.5800;-0.0098;0.8488;1.0000;1;1.0000;1.0000;;;10.65
2026-02-17T23:32:05.358725;VisA/pcb1;cont_40pct_oracle_patch;0.4;oracle_patch;10;10;6;4;3136;200;100;100;0;5;95;0.9280;0.9248;0.8584;0.5300;0.6500;-0.0039;0.9398;1.0000;1;1.0000;1.0000;;;4.35
2026-02-17T23:32:15.906430;VisA/pcb1;cont_40pct_ensemble_loo_mahal;0.4;ensemble_loo_mahal;10;10;10;4;392;200;100;100;0;5;95;0.9201;0.9139;0.8646;0.3400;0.6200;-0.0118;0.8179;1.0000;1;1.0000;1.0000;;;10.54
2026-02-17T23:32:25.584561;VisA/pcb1;cont_40pct_cosine_loo;0.4;cosine_loo;10;10;10;4;392;200;100;100;0;5;95;0.9219;0.9203;0.8571;0.4500;0.5800;-0.0100;0.8457;1.0000;1;1.0000;1.0000;;;9.67
2026-02-17T23:32:34.920235;VisA/pcb1;cont_50pct_none;0.5;none;10;10;10;5;0;200;100;100;0;5;95;0.8086;0.8447;0.7767;0.3600;0.4500;-0.1233;;;;;;;;9.31
2026-02-17T23:32:44.284719;VisA/pcb1;cont_50pct_loo_patch;0.5;loo_patch;10;10;10;5;392;200;100;100;0;5;95;0.8874;0.8923;0.8447;0.4100;0.4500;-0.0445;0.6391;0.4800;0;0.4000;0.4000;;;9.36
2026-02-17T23:32:52.103081;VisA/pcb1;cont_50pct_random_patch;0.5;random_patch;10;10;10;5;392;200;100;100;0;5;95;0.8198;0.8532;0.8000;0.3500;0.4700;-0.1121;0.0908;0.4800;0;0.4000;0.4000;;;7.81
2026-02-17T23:33:02.367733;VisA/pcb1;cont_50pct_mahalanobis_patch;0.5;mahalanobis_patch;10;10;10;5;392;200;100;100;0;5;95;0.8909;0.8991;0.8356;0.3600;0.5800;-0.0410;0.6675;0.4800;0;0.4000;0.4000;;;10.26
2026-02-17T23:33:07.528232;VisA/pcb1;cont_50pct_oracle_patch;0.5;oracle_patch;10;10;5;5;3920;200;100;100;0;5;95;0.9296;0.9280;0.8584;0.4700;0.6600;-0.0023;0.9813;0.4800;0;0.4000;0.4000;;;5.15
2026-02-17T23:33:18.150063;VisA/pcb1;cont_50pct_ensemble_loo_mahal;0.5;ensemble_loo_mahal;10;10;10;5;392;200;100;100;0;5;95;0.8850;0.8948;0.8333;0.4200;0.5600;-0.0469;0.6196;0.4800;0;0.4000;0.4000;;;10.62
2026-02-17T23:33:27.185278;VisA/pcb1;cont_50pct_cosine_loo;0.5;cosine_loo;10;10;10;5;392;200;100;100;0;5;95;0.8938;0.8956;0.8468;0.3200;0.4800;-0.0381;0.6910;0.4800;0;0.4000;0.4000;;;9.03
2026-02-17T23:33:35.839484;VisA/pcb1;cont_0pct_none;0.0;none;10;10;10;0;0;200;100;100;1;5;95;0.9437;0.9434;0.8673;0.5500;0.6600;;;;;;;;;8.50
2026-02-17T23:33:44.904863;VisA/pcb1;cont_0pct_loo_patch;0.0;loo_patch;10;10;10;0;392;200;100;100;1;5;95;0.9276;0.9205;0.8598;0.4100;0.6400;-0.0161;;;;;;;;9.06
2026-02-17T23:33:53.924916;VisA/pcb1;cont_0pct_random_patch;0.0;random_patch;10;10;10;0;392;200;100;100;1;5;95;0.9439;0.9441;0.8651;0.5800;0.6400;0.0002;;;;;;;;9.02
2026-02-17T23:34:06.720559;VisA/pcb1;cont_0pct_mahalanobis_patch;0.0;mahalanobis_patch;10;10;10;0;392;200;100;100;1;5;95;0.9484;0.9433;0.8910;0.5100;0.5900;0.0047;;;;;;;;12.79
2026-02-17T23:34:06.733554;VisA/pcb1;cont_0pct_oracle_patch;0.0;oracle_patch;10;10;10;0;0;200;100;100;1;5;95;0.9437;0.9434;0.8673;0.5500;0.6600;0.0000;;;;;;;;0.01
2026-02-17T23:34:20.951059;VisA/pcb1;cont_0pct_ensemble_loo_mahal;0.0;ensemble_loo_mahal;10;10;10;0;392;200;100;100;1;5;95;0.9481;0.9403;0.9029;0.2900;0.6400;0.0044;;;;;;;;14.14
2026-02-17T23:34:30.513321;VisA/pcb1;cont_0pct_cosine_loo;0.0;cosine_loo;10;10;10;0;392;200;100;100;1;5;95;0.9252;0.9133;0.8744;0.3000;0.5200;-0.0185;;;;;;;;9.56
2026-02-17T23:34:39.116895;VisA/pcb1;cont_5pct_none;0.05;none;10;10;10;0;0;200;100;100;1;5;95;0.9437;0.9434;0.8673;0.5500;0.6600;0.0000;;;;;;;;8.59
2026-02-17T23:34:47.996321;VisA/pcb1;cont_5pct_loo_patch;0.05;loo_patch;10;10;10;0;392;200;100;100;1;5;95;0.9276;0.9205;0.8598;0.4100;0.6400;-0.0161;1.0000;;;;;;;8.87
2026-02-17T23:34:56.261533;VisA/pcb1;cont_5pct_random_patch;0.05;random_patch;10;10;10;0;392;200;100;100;1;5;95;0.9439;0.9441;0.8651;0.5800;0.6400;0.0002;1.0000;;;;;;;8.26
2026-02-17T23:35:06.928360;VisA/pcb1;cont_5pct_mahalanobis_patch;0.05;mahalanobis_patch;10;10;10;0;392;200;100;100;1;5;95;0.9484;0.9433;0.8910;0.5100;0.5900;0.0047;1.0000;;;;;;;10.66
2026-02-17T23:35:06.942359;VisA/pcb1;cont_5pct_oracle_patch;0.05;oracle_patch;10;10;10;0;0;200;100;100;1;5;95;0.9437;0.9434;0.8673;0.5500;0.6600;0.0000;1.0000;;;;;;;0.01
2026-02-17T23:35:18.397561;VisA/pcb1;cont_5pct_ensemble_loo_mahal;0.05;ensemble_loo_mahal;10;10;10;0;392;200;100;100;1;5;95;0.9481;0.9403;0.9029;0.2900;0.6400;0.0044;1.0000;;;;;;;11.45
2026-02-17T23:35:27.694515;VisA/pcb1;cont_5pct_cosine_loo;0.05;cosine_loo;10;10;10;0;392;200;100;100;1;5;95;0.9252;0.9133;0.8744;0.3000;0.5200;-0.0185;1.0000;;;;;;;9.29
2026-02-17T23:35:37.513961;VisA/pcb1;cont_40pct_none;0.4;none;10;10;10;4;0;200;100;100;1;5;95;0.9040;0.9178;0.8614;0.5100;0.6800;-0.0397;;;;;;;;9.79
2026-02-17T23:35:46.856358;VisA/pcb1;cont_40pct_loo_patch;0.4;loo_patch;10;10;10;4;392;200;100;100;1;5;95;0.9331;0.9298;0.8738;0.3800;0.7400;-0.0106;0.7330;0.9167;1;0.7500;0.7500;;;9.34
2026-02-17T23:35:55.999381;VisA/pcb1;cont_40pct_random_patch;0.4;random_patch;10;10;10;4;392;200;100;100;1;5;95;0.9048;0.9200;0.8599;0.4800;0.6900;-0.0389;0.0202;0.9167;1;0.7500;0.7500;;;9.14
2026-02-17T23:36:08.442422;VisA/pcb1;cont_40pct_mahalanobis_patch;0.4;mahalanobis_patch;10;10;10;4;392;200;100;100;1;5;95;0.9410;0.9483;0.8901;0.5200;0.7900;-0.0027;0.9320;0.9167;1;0.7500;0.7500;;;12.44
2026-02-17T23:36:14.034914;VisA/pcb1;cont_40pct_oracle_patch;0.4;oracle_patch;10;10;6;4;3136;200;100;100;1;5;95;0.9471;0.9458;0.8725;0.4200;0.7400;0.0034;1.0856;0.9167;1;0.7500;0.7500;;;5.59
2026-02-17T23:36:24.904812;VisA/pcb1;cont_40pct_ensemble_loo_mahal;0.4;ensemble_loo_mahal;10;10;10;4;392;200;100;100;1;5;95;0.9351;0.9373;0.8899;0.4600;0.6400;-0.0086;0.7834;0.9167;1;0.7500;0.7500;;;10.86
2026-02-17T23:36:34.376035;VisA/pcb1;cont_40pct_cosine_loo;0.4;cosine_loo;10;10;10;4;392;200;100;100;1;5;95;0.9373;0.9343;0.8832;0.3500;0.7700;-0.0064;0.8388;0.9167;1;0.7500;0.7500;;;9.47
2026-02-17T23:36:44.183639;VisA/pcb1;cont_50pct_none;0.5;none;10;10;10;5;0;200;100;100;1;5;95;0.7432;0.8025;0.7005;0.3200;0.4900;-0.2005;;;;;;;;9.78
2026-02-17T23:36:52.982483;VisA/pcb1;cont_50pct_loo_patch;0.5;loo_patch;10;10;10;5;392;200;100;100;1;5;95;0.7623;0.8040;0.7230;0.2700;0.4300;-0.1814;0.0953;0.5200;1;0.6000;0.6000;;;8.79
2026-02-17T23:37:02.724168;VisA/pcb1;cont_50pct_random_patch;0.5;random_patch;10;10;10;5;392;200;100;100;1;5;95;0.7319;0.7917;0.6831;0.2800;0.4300;-0.2118;-0.0564;0.5200;1;0.6000;0.6000;;;9.74
2026-02-17T23:37:13.264023;VisA/pcb1;cont_50pct_mahalanobis_patch;0.5;mahalanobis_patch;10;10;10;5;392;200;100;100;1;5;95;0.8009;0.8366;0.7560;0.3600;0.4800;-0.1428;0.2878;0.5200;1;0.6000;0.6000;;;10.53
2026-02-17T23:37:18.443303;VisA/pcb1;cont_50pct_oracle_patch;0.5;oracle_patch;10;10;5;5;3920;200;100;100;1;5;95;0.9480;0.9479;0.8738;0.4600;0.7600;0.0043;1.0214;0.5200;1;0.6000;0.6000;;;5.17
2026-02-17T23:37:29.087820;VisA/pcb1;cont_50pct_ensemble_loo_mahal;0.5;ensemble_loo_mahal;10;10;10;5;392;200;100;100;1;5;95;0.8140;0.8492;0.7579;0.4100;0.4800;-0.1297;0.3531;0.5200;1;0.6000;0.6000;;;10.49
2026-02-17T23:37:39.789654;VisA/pcb1;cont_50pct_cosine_loo;0.5;cosine_loo;10;10;10;5;392;200;100;100;1;5;95;0.8258;0.8558;0.7755;0.3600;0.4900;-0.1179;0.4120;0.5200;1;0.6000;0.6000;;;10.70
2026-02-17T23:37:49.030995;VisA/pcb1;cont_0pct_none;0.0;none;10;10;10;0;0;200;100;100;2;5;95;0.9163;0.9055;0.8621;0.2700;0.5500;;;;;;;;;8.97
2026-02-17T23:37:59.638451;VisA/pcb1;cont_0pct_loo_patch;0.0;loo_patch;10;10;10;0;392;200;100;100;2;5;95;0.9206;0.9141;0.8571;0.3700;0.5500;0.0043;;;;;;;;10.60
2026-02-17T23:38:07.639479;VisA/pcb1;cont_0pct_random_patch;0.0;random_patch;10;10;10;0;392;200;100;100;2;5;95;0.9187;0.9100;0.8621;0.3200;0.5400;0.0024;;;;;;;;8.00
2026-02-17T23:38:18.808592;VisA/pcb1;cont_0pct_mahalanobis_patch;0.0;mahalanobis_patch;10;10;10;0;392;200;100;100;2;5;95;0.9203;0.9156;0.8584;0.3700;0.5600;0.0040;;;;;;;;11.16
2026-02-17T23:38:18.823421;VisA/pcb1;cont_0pct_oracle_patch;0.0;oracle_patch;10;10;10;0;0;200;100;100;2;5;95;0.9163;0.9055;0.8621;0.2700;0.5500;0.0000;;;;;;;;0.01
2026-02-17T23:38:30.704587;VisA/pcb1;cont_0pct_ensemble_loo_mahal;0.0;ensemble_loo_mahal;10;10;10;0;392;200;100;100;2;5;95;0.9167;0.9075;0.8584;0.3400;0.5200;0.0004;;;;;;;;11.88
2026-02-17T23:38:39.845699;VisA/pcb1;cont_0pct_cosine_loo;0.0;cosine_loo;10;10;10;0;392;200;100;100;2;5;95;0.9194;0.9129;0.8571;0.4100;0.5200;0.0031;;;;;;;;9.14
2026-02-17T23:38:49.788032;VisA/pcb1;cont_5pct_none;0.05;none;10;10;10;0;0;200;100;100;2;5;95;0.9163;0.9055;0.8621;0.2700;0.5500;0.0000;;;;;;;;9.93
2026-02-17T23:38:58.991276;VisA/pcb1;cont_5pct_loo_patch;0.05;loo_patch;10;10;10;0;392;200;100;100;2;5;95;0.9206;0.9141;0.8571;0.3700;0.5500;0.0043;1.0000;;;;;;;9.10
2026-02-17T23:39:08.494732;VisA/pcb1;cont_5pct_random_patch;0.05;random_patch;10;10;10;0;392;200;100;100;2;5;95;0.9187;0.9100;0.8621;0.3200;0.5400;0.0024;1.0000;;;;;;;9.50
2026-02-17T23:39:19.532492;VisA/pcb1;cont_5pct_mahalanobis_patch;0.05;mahalanobis_patch;10;10;10;0;392;200;100;100;2;5;95;0.9203;0.9156;0.8584;0.3700;0.5600;0.0040;1.0000;;;;;;;11.03
2026-02-17T23:39:19.547643;VisA/pcb1;cont_5pct_oracle_patch;0.05;oracle_patch;10;10;10;0;0;200;100;100;2;5;95;0.9163;0.9055;0.8621;0.2700;0.5500;0.0000;1.0000;;;;;;;0.01
2026-02-17T23:39:30.299591;VisA/pcb1;cont_5pct_ensemble_loo_mahal;0.05;ensemble_loo_mahal;10;10;10;0;392;200;100;100;2;5;95;0.9167;0.9075;0.8584;0.3400;0.5200;0.0004;1.0000;;;;;;;10.68
2026-02-17T23:39:41.470970;VisA/pcb1;cont_5pct_cosine_loo;0.05;cosine_loo;10;10;10;0;392;200;100;100;2;5;95;0.9194;0.9129;0.8571;0.4100;0.5200;0.0031;1.0000;;;;;;;11.16
2026-02-17T23:39:50.321921;VisA/pcb1;cont_40pct_none;0.4;none;10;10;10;4;0;200;100;100;2;5;95;0.8640;0.8758;0.8267;0.2800;0.4900;-0.0523;;;;;;;;8.83
2026-02-17T23:40:00.907757;VisA/pcb1;cont_40pct_loo_patch;0.4;loo_patch;10;10;10;4;392;200;100;100;2;5;95;0.9174;0.9078;0.8744;0.3700;0.4800;0.0011;1.0210;1.0000;1;1.0000;1.0000;;;10.58
2026-02-17T23:40:08.920827;VisA/pcb1;cont_40pct_random_patch;0.4;random_patch;10;10;10;4;392;200;100;100;2;5;95;0.8735;0.8827;0.8304;0.2800;0.5200;-0.0428;0.1816;1.0000;1;1.0000;1.0000;;;8.01
2026-02-17T23:40:20.514936;VisA/pcb1;cont_40pct_mahalanobis_patch;0.4;mahalanobis_patch;10;10;10;4;392;200;100;100;2;5;95;0.9224;0.9224;0.8634;0.4000;0.6100;0.0061;1.1166;1.0000;1;1.0000;1.0000;;;11.58
2026-02-17T23:40:25.730552;VisA/pcb1;cont_40pct_oracle_patch;0.4;oracle_patch;10;10;6;4;3136;200;100;100;2;5;95;0.9188;0.9094;0.8571;0.2900;0.5200;0.0025;1.0478;1.0000;1;1.0000;1.0000;;;5.21
2026-02-17T23:40:37.544381;VisA/pcb1;cont_40pct_ensemble_loo_mahal;0.4;ensemble_loo_mahal;10;10;10;4;392;200;100;100;2;5;95;0.9149;0.9097;0.8634;0.3600;0.5800;-0.0014;0.9732;1.0000;1;1.0000;1.0000;;;11.80
2026-02-17T23:40:47.116588;VisA/pcb1;cont_40pct_cosine_loo;0.4;cosine_loo;10;10;10;4;392;200;100;100;2;5;95;0.9213;0.9162;0.8559;0.4700;0.6500;0.0050;1.0956;1.0000;1;1.0000;1.0000;;;9.56
2026-02-17T23:40:56.486062;VisA/pcb1;cont_50pct_none;0.5;none;10;10;10;5;0;200;100;100;2;5;95;0.7784;0.8148;0.7255;0.2800;0.4600;-0.1379;;;;;;;;9.34
2026-02-17T23:41:06.107656;VisA/pcb1;cont_50pct_loo_patch;0.5;loo_patch;10;10;10;5;392;200;100;100;2;5;95;0.8861;0.8915;0.8269;0.3500;0.4900;-0.0302;0.7810;1.0000;1;1.0000;1.0000;;;9.62
2026-02-17T23:41:14.951336;VisA/pcb1;cont_50pct_random_patch;0.5;random_patch;10;10;10;5;392;200;100;100;2;5;95;0.7826;0.8198;0.7387;0.2700;0.4600;-0.1337;0.0305;1.0000;1;1.0000;1.0000;;;8.84
2026-02-17T23:41:26.886387;VisA/pcb1;cont_50pct_mahalanobis_patch;0.5;mahalanobis_patch;10;10;10;5;392;200;100;100;2;5;95;0.8956;0.9011;0.8251;0.4500;0.5800;-0.0207;0.8499;1.0000;1;1.0000;1.0000;;;11.93
2026-02-17T23:41:31.537401;VisA/pcb1;cont_50pct_oracle_patch;0.5;oracle_patch;10;10;5;5;3920;200;100;100;2;5;95;0.9123;0.8996;0.8571;0.2500;0.5000;-0.0040;0.9710;1.0000;1;1.0000;1.0000;;;4.64
2026-02-17T23:41:45.478706;VisA/pcb1;cont_50pct_ensemble_loo_mahal;0.5;ensemble_loo_mahal;10;10;10;5;392;200;100;100;2;5;95;0.8831;0.8938;0.8077;0.3600;0.6400;-0.0332;0.7592;1.0000;1;1.0000;1.0000;;;13.84
2026-02-17T23:41:55.087138;VisA/pcb1;cont_50pct_cosine_loo;0.5;cosine_loo;10;10;10;5;392;200;100;100;2;5;95;0.8824;0.8909;0.8119;0.2900;0.6000;-0.0339;0.7542;1.0000;1;1.0000;1.0000;;;9.60
2026-02-17T23:42:05.481519;VisA/pcb1;cont_0pct_none;0.0;none;10;10;10;0;0;200;100;100;3;5;95;0.9492;0.9485;0.8812;0.4400;0.7700;;;;;;;;;10.26
2026-02-17T23:42:14.116675;VisA/pcb1;cont_0pct_loo_patch;0.0;loo_patch;10;10;10;0;392;200;100;100;3;5;95;0.9324;0.9256;0.8651;0.4600;0.6400;-0.0168;;;;;;;;8.63
2026-02-17T23:42:23.926761;VisA/pcb1;cont_0pct_random_patch;0.0;random_patch;10;10;10;0;392;200;100;100;3;5;95;0.9490;0.9478;0.8857;0.4700;0.7300;-0.0002;;;;;;;;9.80
2026-02-17T23:42:34.316587;VisA/pcb1;cont_0pct_mahalanobis_patch;0.0;mahalanobis_patch;10;10;10;0;392;200;100;100;3;5;95;0.9466;0.9478;0.8716;0.6100;0.6800;-0.0026;;;;;;;;10.38
2026-02-17T23:42:34.332588;VisA/pcb1;cont_0pct_oracle_patch;0.0;oracle_patch;10;10;10;0;0;200;100;100;3;5;95;0.9492;0.9485;0.8812;0.4400;0.7700;0.0000;;;;;;;;0.01
2026-02-17T23:42:46.124786;VisA/pcb1;cont_0pct_ensemble_loo_mahal;0.0;ensemble_loo_mahal;10;10;10;0;392;200;100;100;3;5;95;0.9237;0.9147;0.8621;0.3700;0.5900;-0.0255;;;;;;;;11.43
2026-02-17T23:42:56.279256;VisA/pcb1;cont_0pct_cosine_loo;0.0;cosine_loo;10;10;10;0;392;200;100;100;3;5;95;0.9276;0.9171;0.8657;0.4200;0.5600;-0.0216;;;;;;;;10.15
2026-02-17T23:43:05.280212;VisA/pcb1;cont_5pct_none;0.05;none;10;10;10;0;0;200;100;100;3;5;95;0.9492;0.9485;0.8812;0.4400;0.7700;0.0000;;;;;;;;8.99
2026-02-17T23:43:16.195778;VisA/pcb1;cont_5pct_loo_patch;0.05;loo_patch;10;10;10;0;392;200;100;100;3;5;95;0.9324;0.9256;0.8651;0.4600;0.6400;-0.0168;1.0000;;;;;;;10.91
2026-02-17T23:43:24.268819;VisA/pcb1;cont_5pct_random_patch;0.05;random_patch;10;10;10;0;392;200;100;100;3;5;95;0.9490;0.9478;0.8857;0.4700;0.7300;-0.0002;1.0000;;;;;;;8.07
2026-02-17T23:43:36.305429;VisA/pcb1;cont_5pct_mahalanobis_patch;0.05;mahalanobis_patch;10;10;10;0;392;200;100;100;3;5;95;0.9466;0.9478;0.8716;0.6100;0.6800;-0.0026;1.0000;;;;;;;12.03
2026-02-17T23:43:36.321821;VisA/pcb1;cont_5pct_oracle_patch;0.05;oracle_patch;10;10;10;0;0;200;100;100;3;5;95;0.9492;0.9485;0.8812;0.4400;0.7700;0.0000;1.0000;;;;;;;0.01
2026-02-17T23:43:47.094703;VisA/pcb1;cont_5pct_ensemble_loo_mahal;0.05;ensemble_loo_mahal;10;10;10;0;392;200;100;100;3;5;95;0.9237;0.9147;0.8621;0.3700;0.5900;-0.0255;1.0000;;;;;;;10.69
2026-02-17T23:43:57.221441;VisA/pcb1;cont_5pct_cosine_loo;0.05;cosine_loo;10;10;10;0;392;200;100;100;3;5;95;0.9276;0.9171;0.8657;0.4200;0.5600;-0.0216;1.0000;;;;;;;10.12
2026-02-17T23:44:06.461379;VisA/pcb1;cont_40pct_none;0.4;none;10;10;10;4;0;200;100;100;3;5;95;0.8290;0.8722;0.7642;0.5100;0.5600;-0.1202;;;;;;;;9.22
2026-02-17T23:44:15.278921;VisA/pcb1;cont_40pct_loo_patch;0.4;loo_patch;10;10;10;4;392;200;100;100;3;5;95;0.9191;0.9264;0.8654;0.4900;0.6300;-0.0301;0.7496;0.6667;1;0.5000;0.5000;;;8.81
2026-02-17T23:44:24.001796;VisA/pcb1;cont_40pct_random_patch;0.4;random_patch;10;10;10;4;392;200;100;100;3;5;95;0.8292;0.8665;0.7707;0.4200;0.5400;-0.1200;0.0017;0.6667;1;0.5000;0.5000;;;8.72
2026-02-17T23:44:35.961721;VisA/pcb1;cont_40pct_mahalanobis_patch;0.4;mahalanobis_patch;10;10;10;4;392;200;100;100;3;5;95;0.9006;0.9239;0.8235;0.5700;0.7200;-0.0486;0.5957;0.6667;1;0.5000;0.5000;;;11.95
2026-02-17T23:44:42.002909;VisA/pcb1;cont_40pct_oracle_patch;0.4;oracle_patch;10;10;6;4;3136;200;100;100;3;5;95;0.9447;0.9438;0.8688;0.4200;0.7300;-0.0045;0.9626;0.6667;1;0.5000;0.5000;;;6.04
2026-02-17T23:44:53.016123;VisA/pcb1;cont_40pct_ensemble_loo_mahal;0.4;ensemble_loo_mahal;10;10;10;4;392;200;100;100;3;5;95;0.9104;0.9236;0.8462;0.5200;0.6700;-0.0388;0.6772;0.6667;1;0.5000;0.5000;;;10.89
2026-02-17T23:45:03.891376;VisA/pcb1;cont_40pct_cosine_loo;0.4;cosine_loo;10;10;10;4;392;200;100;100;3;5;95;0.9229;0.9278;0.8544;0.4900;0.7000;-0.0263;0.7812;0.6667;1;0.5000;0.5000;;;10.87
2026-02-17T23:45:12.465629;VisA/pcb1;cont_50pct_none;0.5;none;10;10;10;5;0;200;100;100;3;5;95;0.8087;0.8568;0.7573;0.4800;0.5500;-0.1405;;;;;;;;8.46
2026-02-17T23:45:23.287552;VisA/pcb1;cont_50pct_loo_patch;0.5;loo_patch;10;10;10;5;392;200;100;100;3;5;95;0.8814;0.9082;0.8421;0.5500;0.6000;-0.0678;0.5174;0.5200;1;0.6000;0.6000;;;10.82
2026-02-17T23:45:31.738508;VisA/pcb1;cont_50pct_random_patch;0.5;random_patch;10;10;10;5;392;200;100;100;3;5;95;0.8002;0.8481;0.7444;0.4000;0.5000;-0.1490;-0.0605;0.5200;1;0.6000;0.6000;;;8.14
2026-02-17T23:45:43.956572;VisA/pcb1;cont_50pct_mahalanobis_patch;0.5;mahalanobis_patch;10;10;10;5;392;200;100;100;3;5;95;0.8749;0.9063;0.8202;0.5400;0.7300;-0.0743;0.4712;0.5200;1;0.6000;0.6000;;;12.21
2026-02-17T23:45:49.133732;VisA/pcb1;cont_50pct_oracle_patch;0.5;oracle_patch;10;10;5;5;3920;200;100;100;3;5;95;0.9464;0.9463;0.8768;0.5100;0.7100;-0.0028;0.9801;0.5200;1;0.6000;0.6000;;;5.17
2026-02-17T23:45:59.458392;VisA/pcb1;cont_50pct_ensemble_loo_mahal;0.5;ensemble_loo_mahal;10;10;10;5;392;200;100;100;3;5;95;0.8625;0.8945;0.8108;0.4900;0.6200;-0.0867;0.3829;0.5200;1;0.6000;0.6000;;;10.32
2026-02-17T23:46:10.240657;VisA/pcb1;cont_50pct_cosine_loo;0.5;cosine_loo;10;10;10;5;392;200;100;100;3;5;95;0.8609;0.8910;0.8079;0.4600;0.5900;-0.0883;0.3715;0.5200;1;0.6000;0.6000;;;10.78
2026-02-17T23:46:20.584885;VisA/pcb1;cont_0pct_none;0.0;none;10;10;10;0;0;200;100;100;4;5;95;0.9506;0.9483;0.8832;0.5600;0.7700;;;;;;;;;8.93
2026-02-17T23:46:31.294464;VisA/pcb1;cont_0pct_loo_patch;0.0;loo_patch;10;10;10;0;392;200;100;100;4;5;95;0.9407;0.9359;0.8774;0.4700;0.6600;-0.0099;;;;;;;;10.71
2026-02-17T23:46:39.441863;VisA/pcb1;cont_0pct_random_patch;0.0;random_patch;10;10;10;0;392;200;100;100;4;5;95;0.9524;0.9514;0.8878;0.6000;0.7700;0.0018;;;;;;;;8.14
2026-02-17T23:46:51.510956;VisA/pcb1;cont_0pct_mahalanobis_patch;0.0;mahalanobis_patch;10;10;10;0;392;200;100;100;4;5;95;0.9545;0.9516;0.8976;0.5400;0.7400;0.0039;;;;;;;;12.06
2026-02-17T23:46:51.527722;VisA/pcb1;cont_0pct_oracle_patch;0.0;oracle_patch;10;10;10;0;0;200;100;100;4;5;95;0.9506;0.9483;0.8832;0.5600;0.7700;0.0000;;;;;;;;0.01
2026-02-17T23:47:01.846388;VisA/pcb1;cont_0pct_ensemble_loo_mahal;0.0;ensemble_loo_mahal;10;10;10;0;392;200;100;100;4;5;95;0.9392;0.9362;0.8804;0.4300;0.7300;-0.0114;;;;;;;;10.25
2026-02-17T23:47:13.127602;VisA/pcb1;cont_0pct_cosine_loo;0.0;cosine_loo;10;10;10;0;392;200;100;100;4;5;95;0.9440;0.9375;0.8920;0.3700;0.6900;-0.0066;;;;;;;;11.28
2026-02-17T23:47:22.385537;VisA/pcb1;cont_5pct_none;0.05;none;10;10;10;0;0;200;100;100;4;5;95;0.9506;0.9483;0.8832;0.5600;0.7700;0.0000;;;;;;;;9.24
2026-02-17T23:47:33.268904;VisA/pcb1;cont_5pct_loo_patch;0.05;loo_patch;10;10;10;0;392;200;100;100;4;5;95;0.9407;0.9359;0.8774;0.4700;0.6600;-0.0099;1.0000;;;;;;;10.88
2026-02-17T23:47:43.091135;VisA/pcb1;cont_5pct_random_patch;0.05;random_patch;10;10;10;0;392;200;100;100;4;5;95;0.9524;0.9514;0.8878;0.6000;0.7700;0.0018;1.0000;;;;;;;9.82
2026-02-17T23:47:54.205462;VisA/pcb1;cont_5pct_mahalanobis_patch;0.05;mahalanobis_patch;10;10;10;0;392;200;100;100;4;5;95;0.9545;0.9516;0.8976;0.5400;0.7400;0.0039;1.0000;;;;;;;11.11
2026-02-17T23:47:54.220469;VisA/pcb1;cont_5pct_oracle_patch;0.05;oracle_patch;10;10;10;0;0;200;100;100;4;5;95;0.9506;0.9483;0.8832;0.5600;0.7700;0.0000;1.0000;;;;;;;0.01
2026-02-17T23:48:05.792523;VisA/pcb1;cont_5pct_ensemble_loo_mahal;0.05;ensemble_loo_mahal;10;10;10;0;392;200;100;100;4;5;95;0.9392;0.9362;0.8804;0.4300;0.7300;-0.0114;1.0000;;;;;;;11.49
2026-02-17T23:48:16.017814;VisA/pcb1;cont_5pct_cosine_loo;0.05;cosine_loo;10;10;10;0;392;200;100;100;4;5;95;0.9440;0.9375;0.8920;0.3700;0.6900;-0.0066;1.0000;;;;;;;10.22
2026-02-17T23:48:26.110452;VisA/pcb1;cont_40pct_none;0.4;none;10;10;10;4;0;200;100;100;4;5;95;0.8848;0.9001;0.8455;0.4300;0.5700;-0.0658;;;;;;;;10.07
2026-02-17T23:48:35.359715;VisA/pcb1;cont_40pct_loo_patch;0.4;loo_patch;10;10;10;4;392;200;100;100;4;5;95;0.9083;0.8982;0.8646;0.3500;0.5100;-0.0423;0.3571;1.0000;1;1.0000;1.0000;;;8.98
2026-02-17T23:48:44.919220;VisA/pcb1;cont_40pct_random_patch;0.4;random_patch;10;10;10;4;392;200;100;100;4;5;95;0.8857;0.9018;0.8440;0.4600;0.5700;-0.0649;0.0137;1.0000;1;1.0000;1.0000;;;9.56
2026-02-17T23:48:55.835059;VisA/pcb1;cont_40pct_mahalanobis_patch;0.4;mahalanobis_patch;10;10;10;4;392;200;100;100;4;5;95;0.9327;0.9297;0.8624;0.4000;0.6500;-0.0179;0.7280;1.0000;1;1.0000;1.0000;;;10.90
2026-02-17T23:49:01.736629;VisA/pcb1;cont_40pct_oracle_patch;0.4;oracle_patch;10;10;6;4;3136;200;100;100;4;5;95;0.9403;0.9412;0.8571;0.6300;0.7000;-0.0103;0.8435;1.0000;1;1.0000;1.0000;;;5.90
2026-02-17T23:49:13.699247;VisA/pcb1;cont_40pct_ensemble_loo_mahal;0.4;ensemble_loo_mahal;10;10;10;4;392;200;100;100;4;5;95;0.9237;0.9184;0.8571;0.4400;0.5600;-0.0269;0.5912;1.0000;1;1.0000;1.0000;;;11.70
2026-02-17T23:49:23.637488;VisA/pcb1;cont_40pct_cosine_loo;0.4;cosine_loo;10;10;10;4;392;200;100;100;4;5;95;0.9155;0.9133;0.8646;0.4700;0.5700;-0.0351;0.4666;1.0000;1;1.0000;1.0000;;;9.91
2026-02-17T23:49:33.694496;VisA/pcb1;cont_50pct_none;0.5;none;10;10;10;5;0;200;100;100;4;5;95;0.8025;0.8374;0.7476;0.3600;0.4900;-0.1481;;;;;;;;10.03
2026-02-17T23:49:43.178279;VisA/pcb1;cont_50pct_loo_patch;0.5;loo_patch;10;10;10;5;392;200;100;100;4;5;95;0.8747;0.8798;0.8158;0.3600;0.5200;-0.0759;0.4875;0.8000;1;0.6000;0.6000;;;9.48
2026-02-17T23:49:52.963129;VisA/pcb1;cont_50pct_random_patch;0.5;random_patch;10;10;10;5;392;200;100;100;4;5;95;0.7975;0.8329;0.7500;0.4200;0.4500;-0.1531;-0.0338;0.8000;1;0.6000;0.6000;;;9.78
2026-02-17T23:50:03.665222;VisA/pcb1;cont_50pct_mahalanobis_patch;0.5;mahalanobis_patch;10;10;10;5;392;200;100;100;4;5;95;0.9058;0.9149;0.8426;0.4200;0.6200;-0.0448;0.6975;0.8000;1;0.6000;0.6000;;;10.61
2026-02-17T23:50:08.751905;VisA/pcb1;cont_50pct_oracle_patch;0.5;oracle_patch;10;10;5;5;3920;200;100;100;4;5;95;0.9435;0.9446;0.8571;0.6500;0.7400;-0.0071;0.9521;0.8000;1;0.6000;0.6000;;;5.08
2026-02-17T23:50:21.318819;VisA/pcb1;cont_50pct_ensemble_loo_mahal;0.5;ensemble_loo_mahal;10;10;10;5;392;200;100;100;4;5;95;0.8919;0.8943;0.8302;0.3800;0.4900;-0.0587;0.6036;0.8000;1;0.6000;0.6000;;;12.46
2026-02-17T23:50:30.983220;VisA/pcb1;cont_50pct_cosine_loo;0.5;cosine_loo;10;10;10;5;392;200;100;100;4;5;95;0.8817;0.8892;0.8230;0.3200;0.5500;-0.0689;0.5348;0.8000;1;0.6000;0.6000;;;9.66
2026-02-17T23:50:44.049574;VisA/pcb2;cont_0pct_none;0.0;none;10;10;10;0;0;200;100;100;0;5;95;0.7865;0.7709;0.7535;0.1200;0.2500;;;;;;;;;9.92
2026-02-17T23:50:54.336967;VisA/pcb2;cont_0pct_loo_patch;0.0;loo_patch;10;10;10;0;392;200;100;100;0;5;95;0.7314;0.7280;0.7083;0.1100;0.1300;-0.0551;;;;;;;;10.27
2026-02-17T23:51:04.595496;VisA/pcb2;cont_0pct_random_patch;0.0;random_patch;10;10;10;0;392;200;100;100;0;5;95;0.7846;0.7654;0.7593;0.1300;0.1900;-0.0019;;;;;;;;10.25
2026-02-17T23:51:15.667870;VisA/pcb2;cont_0pct_mahalanobis_patch;0.0;mahalanobis_patch;10;10;10;0;392;200;100;100;0;5;95;0.7357;0.7277;0.7238;0.1100;0.1700;-0.0508;;;;;;;;11.07
2026-02-17T23:51:15.686710;VisA/pcb2;cont_0pct_oracle_patch;0.0;oracle_patch;10;10;10;0;0;200;100;100;0;5;95;0.7865;0.7709;0.7535;0.1200;0.2500;0.0000;;;;;;;;0.01
2026-02-17T23:51:28.430482;VisA/pcb2;cont_0pct_ensemble_loo_mahal;0.0;ensemble_loo_mahal;10;10;10;0;392;200;100;100;0;5;95;0.7407;0.7234;0.7324;0.1000;0.1300;-0.0458;;;;;;;;12.66
2026-02-17T23:51:37.863204;VisA/pcb2;cont_0pct_cosine_loo;0.0;cosine_loo;10;10;10;0;392;200;100;100;0;5;95;0.7400;0.7293;0.7256;0.1100;0.1400;-0.0465;;;;;;;;9.43
2026-02-17T23:51:48.014021;VisA/pcb2;cont_5pct_none;0.05;none;10;10;10;0;0;200;100;100;0;5;95;0.7865;0.7709;0.7535;0.1200;0.2500;0.0000;;;;;;;;10.13
2026-02-17T23:51:57.239122;VisA/pcb2;cont_5pct_loo_patch;0.05;loo_patch;10;10;10;0;392;200;100;100;0;5;95;0.7314;0.7280;0.7083;0.1100;0.1300;-0.0551;1.0000;;;;;;;9.22
2026-02-17T23:52:07.086483;VisA/pcb2;cont_5pct_random_patch;0.05;random_patch;10;10;10;0;392;200;100;100;0;5;95;0.7846;0.7654;0.7593;0.1300;0.1900;-0.0019;1.0000;;;;;;;9.84
2026-02-17T23:52:18.008275;VisA/pcb2;cont_5pct_mahalanobis_patch;0.05;mahalanobis_patch;10;10;10;0;392;200;100;100;0;5;95;0.7357;0.7277;0.7238;0.1100;0.1700;-0.0508;1.0000;;;;;;;10.75
2026-02-17T23:52:18.022275;VisA/pcb2;cont_5pct_oracle_patch;0.05;oracle_patch;10;10;10;0;0;200;100;100;0;5;95;0.7865;0.7709;0.7535;0.1200;0.2500;0.0000;1.0000;;;;;;;0.01
2026-02-17T23:52:30.272485;VisA/pcb2;cont_5pct_ensemble_loo_mahal;0.05;ensemble_loo_mahal;10;10;10;0;392;200;100;100;0;5;95;0.7407;0.7234;0.7324;0.1000;0.1300;-0.0458;1.0000;;;;;;;12.25
2026-02-17T23:52:39.787526;VisA/pcb2;cont_5pct_cosine_loo;0.05;cosine_loo;10;10;10;0;392;200;100;100;0;5;95;0.7400;0.7293;0.7256;0.1100;0.1400;-0.0465;1.0000;;;;;;;9.51
2026-02-17T23:52:49.389794;VisA/pcb2;cont_40pct_none;0.4;none;10;10;10;4;0;200;100;100;0;5;95;0.6668;0.6973;0.6742;0.0900;0.2400;-0.1197;;;;;;;;9.58
2026-02-17T23:53:00.155852;VisA/pcb2;cont_40pct_loo_patch;0.4;loo_patch;10;10;10;4;392;200;100;100;0;5;95;0.6590;0.6815;0.6690;0.0700;0.2100;-0.1275;-0.0652;0.7083;1;0.5000;0.5000;;;10.76
2026-02-17T23:53:08.676593;VisA/pcb2;cont_40pct_random_patch;0.4;random_patch;10;10;10;4;392;200;100;100;0;5;95;0.6655;0.6999;0.6850;0.1000;0.2700;-0.1210;-0.0109;0.7083;1;0.5000;0.5000;;;7.98
2026-02-17T23:53:21.339676;VisA/pcb2;cont_40pct_mahalanobis_patch;0.4;mahalanobis_patch;10;10;10;4;392;200;100;100;0;5;95;0.6571;0.6937;0.6805;0.1100;0.2100;-0.1294;-0.0810;0.7083;1;0.5000;0.5000;;;12.66
2026-02-17T23:53:26.859409;VisA/pcb2;cont_40pct_oracle_patch;0.4;oracle_patch;10;10;6;4;3136;200;100;100;0;5;95;0.8024;0.7911;0.7723;0.1000;0.2100;0.0159;1.1328;0.7083;1;0.5000;0.5000;;;5.51
2026-02-17T23:53:39.003222;VisA/pcb2;cont_40pct_ensemble_loo_mahal;0.4;ensemble_loo_mahal;10;10;10;4;392;200;100;100;0;5;95;0.6532;0.6810;0.6795;0.1000;0.2200;-0.1333;-0.1136;0.7083;1;0.5000;0.5000;;;12.14
2026-02-17T23:53:48.676544;VisA/pcb2;cont_40pct_cosine_loo;0.4;cosine_loo;10;10;10;4;392;200;100;100;0;5;95;0.6505;0.6816;0.6667;0.1000;0.2000;-0.1360;-0.1362;0.7083;1;0.5000;0.5000;;;9.66
2026-02-17T23:53:58.110539;VisA/pcb2;cont_50pct_none;0.5;none;10;10;10;5;0;200;100;100;0;5;95;0.6183;0.6534;0.6667;0.0900;0.1600;-0.1682;;;;;;;;9.41
2026-02-17T23:54:08.620823;VisA/pcb2;cont_50pct_loo_patch;0.5;loo_patch;10;10;10;5;392;200;100;100;0;5;95;0.6294;0.6536;0.6747;0.1100;0.1700;-0.1571;0.0660;0.6000;1;0.6000;0.6000;;;10.51
2026-02-17T23:54:16.689429;VisA/pcb2;cont_50pct_random_patch;0.5;random_patch;10;10;10;5;392;200;100;100;0;5;95;0.6204;0.6560;0.6667;0.1000;0.1900;-0.1661;0.0125;0.6000;1;0.6000;0.6000;;;8.05
2026-02-17T23:54:29.129559;VisA/pcb2;cont_50pct_mahalanobis_patch;0.5;mahalanobis_patch;10;10;10;5;392;200;100;100;0;5;95;0.6149;0.6508;0.6667;0.1200;0.1600;-0.1716;-0.0202;0.6000;1;0.6000;0.6000;;;12.43
2026-02-17T23:54:33.468759;VisA/pcb2;cont_50pct_oracle_patch;0.5;oracle_patch;10;10;5;5;3920;200;100;100;0;5;95;0.7874;0.7707;0.7606;0.0900;0.1900;0.0009;1.0054;0.6000;1;0.6000;0.6000;;;4.33
2026-02-17T23:54:46.099287;VisA/pcb2;cont_50pct_ensemble_loo_mahal;0.5;ensemble_loo_mahal;10;10;10;5;392;200;100;100;0;5;95;0.6282;0.6542;0.6667;0.1000;0.1600;-0.1583;0.0589;0.6000;1;0.6000;0.6000;;;12.62
2026-02-17T23:54:56.228300;VisA/pcb2;cont_50pct_cosine_loo;0.5;cosine_loo;10;10;10;5;392;200;100;100;0;5;95;0.6263;0.6590;0.6667;0.1100;0.1700;-0.1602;0.0476;0.6000;1;0.6000;0.6000;;;10.12
2026-02-17T23:55:06.307088;VisA/pcb2;cont_0pct_none;0.0;none;10;10;10;0;0;200;100;100;1;5;95;0.7244;0.7143;0.7407;0.0900;0.1800;;;;;;;;;9.94
2026-02-17T23:55:16.975997;VisA/pcb2;cont_0pct_loo_patch;0.0;loo_patch;10;10;10;0;392;200;100;100;1;5;95;0.7410;0.7233;0.7309;0.1200;0.1800;0.0166;;;;;;;;10.67
2026-02-17T23:55:25.576660;VisA/pcb2;cont_0pct_random_patch;0.0;random_patch;10;10;10;0;392;200;100;100;1;5;95;0.7209;0.7173;0.7257;0.1100;0.2000;-0.0034;;;;;;;;8.60
2026-02-17T23:55:36.196755;VisA/pcb2;cont_0pct_mahalanobis_patch;0.0;mahalanobis_patch;10;10;10;0;392;200;100;100;1;5;95;0.7438;0.7389;0.7309;0.1000;0.2200;0.0194;;;;;;;;10.62
2026-02-17T23:55:36.217756;VisA/pcb2;cont_0pct_oracle_patch;0.0;oracle_patch;10;10;10;0;0;200;100;100;1;5;95;0.7244;0.7143;0.7407;0.0900;0.1800;0.0000;;;;;;;;0.02
2026-02-17T23:55:47.210178;VisA/pcb2;cont_0pct_ensemble_loo_mahal;0.0;ensemble_loo_mahal;10;10;10;0;392;200;100;100;1;5;95;0.7422;0.7278;0.7311;0.1000;0.1900;0.0178;;;;;;;;10.91
2026-02-17T23:55:57.890779;VisA/pcb2;cont_0pct_cosine_loo;0.0;cosine_loo;10;10;10;0;392;200;100;100;1;5;95;0.7166;0.7170;0.7082;0.1300;0.1700;-0.0078;;;;;;;;10.68
2026-02-17T23:56:07.013317;VisA/pcb2;cont_5pct_none;0.05;none;10;10;10;0;0;200;100;100;1;5;95;0.7244;0.7143;0.7407;0.0900;0.1800;0.0000;;;;;;;;9.11
2026-02-17T23:56:17.469066;VisA/pcb2;cont_5pct_loo_patch;0.05;loo_patch;10;10;10;0;392;200;100;100;1;5;95;0.7410;0.7233;0.7309;0.1200;0.1800;0.0166;1.0000;;;;;;;10.45
2026-02-17T23:56:26.099267;VisA/pcb2;cont_5pct_random_patch;0.05;random_patch;10;10;10;0;392;200;100;100;1;5;95;0.7209;0.7173;0.7257;0.1100;0.2000;-0.0034;1.0000;;;;;;;8.63
2026-02-17T23:56:37.150895;VisA/pcb2;cont_5pct_mahalanobis_patch;0.05;mahalanobis_patch;10;10;10;0;392;200;100;100;1;5;95;0.7438;0.7389;0.7309;0.1000;0.2200;0.0194;1.0000;;;;;;;11.04
2026-02-17T23:56:37.164894;VisA/pcb2;cont_5pct_oracle_patch;0.05;oracle_patch;10;10;10;0;0;200;100;100;1;5;95;0.7244;0.7143;0.7407;0.0900;0.1800;0.0000;1.0000;;;;;;;0.01
2026-02-17T23:56:49.101287;VisA/pcb2;cont_5pct_ensemble_loo_mahal;0.05;ensemble_loo_mahal;10;10;10;0;392;200;100;100;1;5;95;0.7422;0.7278;0.7311;0.1000;0.1900;0.0178;1.0000;;;;;;;11.93
2026-02-17T23:56:58.552268;VisA/pcb2;cont_5pct_cosine_loo;0.05;cosine_loo;10;10;10;0;392;200;100;100;1;5;95;0.7166;0.7170;0.7082;0.1300;0.1700;-0.0078;1.0000;;;;;;;9.45
2026-02-17T23:57:08.841080;VisA/pcb2;cont_40pct_none;0.4;none;10;10;10;4;0;200;100;100;1;5;95;0.6408;0.6838;0.6667;0.1000;0.2200;-0.0836;;;;;;;;10.26
2026-02-17T23:57:17.931283;VisA/pcb2;cont_40pct_loo_patch;0.4;loo_patch;10;10;10;4;392;200;100;100;1;5;95;0.6444;0.6918;0.6667;0.1700;0.2500;-0.0800;0.0431;0.6667;1;0.5000;0.5000;;;9.09
2026-02-17T23:57:27.718745;VisA/pcb2;cont_40pct_random_patch;0.4;random_patch;10;10;10;4;392;200;100;100;1;5;95;0.6428;0.6761;0.6667;0.1000;0.1800;-0.0816;0.0239;0.6667;1;0.5000;0.5000;;;9.78
2026-02-17T23:57:38.300398;VisA/pcb2;cont_40pct_mahalanobis_patch;0.4;mahalanobis_patch;10;10;10;4;392;200;100;100;1;5;95;0.6472;0.6799;0.6667;0.1300;0.1700;-0.0772;0.0766;0.6667;1;0.5000;0.5000;;;10.46
2026-02-17T23:57:44.480152;VisA/pcb2;cont_40pct_oracle_patch;0.4;oracle_patch;10;10;6;4;3136;200;100;100;1;5;95;0.7062;0.7202;0.6980;0.1400;0.2100;-0.0182;0.7823;0.6667;1;0.5000;0.5000;;;6.17
2026-02-17T23:57:54.922931;VisA/pcb2;cont_40pct_ensemble_loo_mahal;0.4;ensemble_loo_mahal;10;10;10;4;392;200;100;100;1;5;95;0.6469;0.6929;0.6667;0.1400;0.2000;-0.0775;0.0730;0.6667;1;0.5000;0.5000;;;10.34
2026-02-17T23:58:05.557422;VisA/pcb2;cont_40pct_cosine_loo;0.4;cosine_loo;10;10;10;4;392;200;100;100;1;5;95;0.6270;0.6825;0.6667;0.1500;0.2200;-0.0974;-0.1651;0.6667;1;0.5000;0.5000;;;10.62
2026-02-17T23:58:14.363010;VisA/pcb2;cont_50pct_none;0.5;none;10;10;10;5;0;200;100;100;1;5;95;0.6341;0.6962;0.6667;0.1400;0.3000;-0.0903;;;;;;;;8.78
2026-02-17T23:58:25.245864;VisA/pcb2;cont_50pct_loo_patch;0.5;loo_patch;10;10;10;5;392;200;100;100;1;5;95;0.6293;0.6921;0.6667;0.1800;0.2400;-0.0951;-0.0532;0.6000;1;0.4000;0.4000;;;10.88
2026-02-17T23:58:33.190255;VisA/pcb2;cont_50pct_random_patch;0.5;random_patch;10;10;10;5;392;200;100;100;1;5;95;0.6275;0.6886;0.6667;0.1300;0.2400;-0.0969;-0.0731;0.6000;1;0.4000;0.4000;;;7.85
2026-02-17T23:58:45.048483;VisA/pcb2;cont_50pct_mahalanobis_patch;0.5;mahalanobis_patch;10;10;10;5;392;200;100;100;1;5;95;0.6461;0.7104;0.6667;0.2300;0.2500;-0.0783;0.1329;0.6000;1;0.4000;0.4000;;;11.85
2026-02-17T23:58:48.932595;VisA/pcb2;cont_50pct_oracle_patch;0.5;oracle_patch;10;10;5;5;3920;200;100;100;1;5;95;0.6934;0.7205;0.6877;0.1500;0.2200;-0.0310;0.6567;0.6000;1;0.4000;0.4000;;;3.88
2026-02-17T23:59:00.772288;VisA/pcb2;cont_50pct_ensemble_loo_mahal;0.5;ensemble_loo_mahal;10;10;10;5;392;200;100;100;1;5;95;0.6372;0.7036;0.6667;0.1800;0.2800;-0.0872;0.0343;0.6000;1;0.4000;0.4000;;;11.83
2026-02-17T23:59:10.252891;VisA/pcb2;cont_50pct_cosine_loo;0.5;cosine_loo;10;10;10;5;392;200;100;100;1;5;95;0.6283;0.6932;0.6667;0.1300;0.2400;-0.0961;-0.0642;0.6000;1;0.4000;0.4000;;;9.48
2026-02-17T23:59:20.366930;VisA/pcb2;cont_0pct_none;0.0;none;10;10;10;0;0;200;100;100;2;5;95;0.6710;0.6920;0.6842;0.1300;0.1300;;;;;;;;;9.95
2026-02-17T23:59:29.905386;VisA/pcb2;cont_0pct_loo_patch;0.0;loo_patch;10;10;10;0;392;200;100;100;2;5;95;0.6386;0.6646;0.6783;0.1100;0.1300;-0.0324;;;;;;;;9.29
2026-02-17T23:59:39.757728;VisA/pcb2;cont_0pct_random_patch;0.0;random_patch;10;10;10;0;392;200;100;100;2;5;95;0.6752;0.6978;0.6805;0.1300;0.1600;0.0042;;;;;;;;9.85
2026-02-17T23:59:50.630263;VisA/pcb2;cont_0pct_mahalanobis_patch;0.0;mahalanobis_patch;10;10;10;0;392;200;100;100;2;5;95;0.6660;0.6940;0.6851;0.1300;0.2200;-0.0050;;;;;;;;10.75
2026-02-17T23:59:50.645776;VisA/pcb2;cont_0pct_oracle_patch;0.0;oracle_patch;10;10;10;0;0;200;100;100;2;5;95;0.6710;0.6920;0.6842;0.1300;0.1300;0.0000;;;;;;;;0.01
2026-02-18T00:00:01.152535;VisA/pcb2;cont_0pct_ensemble_loo_mahal;0.0;ensemble_loo_mahal;10;10;10;0;392;200;100;100;2;5;95;0.6580;0.6820;0.6735;0.1100;0.1800;-0.0130;;;;;;;;10.42
2026-02-18T00:00:11.839998;VisA/pcb2;cont_0pct_cosine_loo;0.0;cosine_loo;10;10;10;0;392;200;100;100;2;5;95;0.6710;0.6846;0.6810;0.1000;0.1800;0.0000;;;;;;;;10.68
2026-02-18T00:00:20.667904;VisA/pcb2;cont_5pct_none;0.05;none;10;10;10;0;0;200;100;100;2;5;95;0.6710;0.6920;0.6842;0.1300;0.1300;0.0000;;;;;;;;8.81
2026-02-18T00:00:31.382145;VisA/pcb2;cont_5pct_loo_patch;0.05;loo_patch;10;10;10;0;392;200;100;100;2;5;95;0.6386;0.6646;0.6783;0.1100;0.1300;-0.0324;1.0000;;;;;;;10.71
2026-02-18T00:00:39.712376;VisA/pcb2;cont_5pct_random_patch;0.05;random_patch;10;10;10;0;392;200;100;100;2;5;95;0.6752;0.6978;0.6805;0.1300;0.1600;0.0042;1.0000;;;;;;;8.33
2026-02-18T00:00:52.190681;VisA/pcb2;cont_5pct_mahalanobis_patch;0.05;mahalanobis_patch;10;10;10;0;392;200;100;100;2;5;95;0.6660;0.6940;0.6851;0.1300;0.2200;-0.0050;1.0000;;;;;;;12.48
2026-02-18T00:00:52.212176;VisA/pcb2;cont_5pct_oracle_patch;0.05;oracle_patch;10;10;10;0;0;200;100;100;2;5;95;0.6710;0.6920;0.6842;0.1300;0.1300;0.0000;1.0000;;;;;;;0.01
2026-02-18T00:01:03.046530;VisA/pcb2;cont_5pct_ensemble_loo_mahal;0.05;ensemble_loo_mahal;10;10;10;0;392;200;100;100;2;5;95;0.6580;0.6820;0.6735;0.1100;0.1800;-0.0130;1.0000;;;;;;;10.63
2026-02-18T00:01:13.912476;VisA/pcb2;cont_5pct_cosine_loo;0.05;cosine_loo;10;10;10;0;392;200;100;100;2;5;95;0.6710;0.6846;0.6810;0.1000;0.1800;0.0000;1.0000;;;;;;;10.86
2026-02-18T00:01:22.557907;VisA/pcb2;cont_40pct_none;0.4;none;10;10;10;4;0;200;100;100;2;5;95;0.5717;0.6335;0.6667;0.1200;0.1700;-0.0993;;;;;;;;8.62
2026-02-18T00:01:33.154376;VisA/pcb2;cont_40pct_loo_patch;0.4;loo_patch;10;10;10;4;392;200;100;100;2;5;95;0.5747;0.6509;0.6667;0.1500;0.2300;-0.0963;0.0302;0.6250;1;0.5000;0.5000;;;10.59
2026-02-18T00:01:41.586366;VisA/pcb2;cont_40pct_random_patch;0.4;random_patch;10;10;10;4;392;200;100;100;2;5;95;0.5736;0.6343;0.6667;0.1200;0.1700;-0.0974;0.0191;0.6250;1;0.5000;0.5000;;;8.43
2026-02-18T00:01:52.811976;VisA/pcb2;cont_40pct_mahalanobis_patch;0.4;mahalanobis_patch;10;10;10;4;392;200;100;100;2;5;95;0.6070;0.6629;0.6667;0.1500;0.1800;-0.0640;0.3555;0.6250;1;0.5000;0.5000;;;11.22
2026-02-18T00:01:58.108945;VisA/pcb2;cont_40pct_oracle_patch;0.4;oracle_patch;10;10;6;4;3136;200;100;100;2;5;95;0.6181;0.6564;0.6714;0.1500;0.1800;-0.0529;0.4673;0.6250;1;0.5000;0.5000;;;5.29
2026-02-18T00:02:09.868971;VisA/pcb2;cont_40pct_ensemble_loo_mahal;0.4;ensemble_loo_mahal;10;10;10;4;392;200;100;100;2;5;95;0.5935;0.6653;0.6667;0.1400;0.2600;-0.0775;0.2195;0.6250;1;0.5000;0.5000;;;11.76
2026-02-18T00:02:19.714034;VisA/pcb2;cont_40pct_cosine_loo;0.4;cosine_loo;10;10;10;4;392;200;100;100;2;5;95;0.5889;0.6500;0.6667;0.1300;0.2200;-0.0821;0.1732;0.6250;1;0.5000;0.5000;;;9.84
2026-02-18T00:02:29.722337;VisA/pcb2;cont_50pct_none;0.5;none;10;10;10;5;0;200;100;100;2;5;95;0.5764;0.6441;0.6667;0.1200;0.2300;-0.0946;;;;;;;;9.89
2026-02-18T00:02:39.224668;VisA/pcb2;cont_50pct_loo_patch;0.5;loo_patch;10;10;10;5;392;200;100;100;2;5;95;0.5712;0.6464;0.6667;0.1600;0.2300;-0.0998;-0.0550;0.8000;1;0.8000;0.8000;;;9.50
2026-02-18T00:02:48.563098;VisA/pcb2;cont_50pct_random_patch;0.5;random_patch;10;10;10;5;392;200;100;100;2;5;95;0.5648;0.6326;0.6667;0.1200;0.2000;-0.1062;-0.1226;0.8000;1;0.8000;0.8000;;;9.33
2026-02-18T00:02:59.101049;VisA/pcb2;cont_50pct_mahalanobis_patch;0.5;mahalanobis_patch;10;10;10;5;392;200;100;100;2;5;95;0.6087;0.6696;0.6667;0.1400;0.2000;-0.0623;0.3414;0.8000;1;0.8000;0.8000;;;10.44
2026-02-18T00:03:04.110392;VisA/pcb2;cont_50pct_oracle_patch;0.5;oracle_patch;10;10;5;5;3920;200;100;100;2;5;95;0.6917;0.6990;0.6971;0.1200;0.1900;0.0207;1.2188;0.8000;1;0.8000;0.8000;;;5.00
2026-02-18T00:03:14.521679;VisA/pcb2;cont_50pct_ensemble_loo_mahal;0.5;ensemble_loo_mahal;10;10;10;5;392;200;100;100;2;5;95;0.5848;0.6494;0.6667;0.1500;0.1900;-0.0862;0.0888;0.8000;1;0.8000;0.8000;;;10.41
2026-02-18T00:03:25.275907;VisA/pcb2;cont_50pct_cosine_loo;0.5;cosine_loo;10;10;10;5;392;200;100;100;2;5;95;0.5882;0.6452;0.6667;0.1200;0.2100;-0.0828;0.1247;0.8000;1;0.8000;0.8000;;;10.75
2026-02-18T00:03:33.953750;VisA/pcb2;cont_0pct_none;0.0;none;10;10;10;0;0;200;100;100;3;5;95;0.7440;0.7562;0.7230;0.1700;0.2200;;;;;;;;;8.56
2026-02-18T00:03:44.166912;VisA/pcb2;cont_0pct_loo_patch;0.0;loo_patch;10;10;10;0;392;200;100;100;3;5;95;0.7124;0.7284;0.7068;0.1300;0.2500;-0.0316;;;;;;;;10.21
2026-02-18T00:03:52.042930;VisA/pcb2;cont_0pct_random_patch;0.0;random_patch;10;10;10;0;392;200;100;100;3;5;95;0.7363;0.7523;0.7137;0.1500;0.2400;-0.0077;;;;;;;;7.83
2026-02-18T00:04:03.530302;VisA/pcb2;cont_0pct_mahalanobis_patch;0.0;mahalanobis_patch;10;10;10;0;392;200;100;100;3;5;95;0.7504;0.7551;0.7363;0.1600;0.2000;0.0064;;;;;;;;11.48
2026-02-18T00:04:03.548822;VisA/pcb2;cont_0pct_oracle_patch;0.0;oracle_patch;10;10;10;0;0;200;100;100;3;5;95;0.7440;0.7562;0.7230;0.1700;0.2200;0.0000;;;;;;;;0.02
2026-02-18T00:04:14.460502;VisA/pcb2;cont_0pct_ensemble_loo_mahal;0.0;ensemble_loo_mahal;10;10;10;0;392;200;100;100;3;5;95;0.7138;0.7331;0.7149;0.2000;0.2500;-0.0302;;;;;;;;10.91
2026-02-18T00:04:23.669875;VisA/pcb2;cont_0pct_cosine_loo;0.0;cosine_loo;10;10;10;0;392;200;100;100;3;5;95;0.7245;0.7462;0.7137;0.2100;0.2600;-0.0195;;;;;;;;9.21
2026-02-18T00:04:33.572552;VisA/pcb2;cont_5pct_none;0.05;none;10;10;10;0;0;200;100;100;3;5;95;0.7440;0.7562;0.7230;0.1700;0.2200;0.0000;;;;;;;;9.89
2026-02-18T00:04:42.861562;VisA/pcb2;cont_5pct_loo_patch;0.05;loo_patch;10;10;10;0;392;200;100;100;3;5;95;0.7124;0.7284;0.7068;0.1300;0.2500;-0.0316;1.0000;;;;;;;9.28
2026-02-18T00:04:51.879897;VisA/pcb2;cont_5pct_random_patch;0.05;random_patch;10;10;10;0;392;200;100;100;3;5;95;0.7363;0.7523;0.7137;0.1500;0.2400;-0.0077;1.0000;;;;;;;9.01
2026-02-18T00:05:02.769914;VisA/pcb2;cont_5pct_mahalanobis_patch;0.05;mahalanobis_patch;10;10;10;0;392;200;100;100;3;5;95;0.7504;0.7551;0.7363;0.1600;0.2000;0.0064;1.0000;;;;;;;10.89
2026-02-18T00:05:02.784078;VisA/pcb2;cont_5pct_oracle_patch;0.05;oracle_patch;10;10;10;0;0;200;100;100;3;5;95;0.7440;0.7562;0.7230;0.1700;0.2200;0.0000;1.0000;;;;;;;0.01
2026-02-18T00:05:15.425816;VisA/pcb2;cont_5pct_ensemble_loo_mahal;0.05;ensemble_loo_mahal;10;10;10;0;392;200;100;100;3;5;95;0.7138;0.7331;0.7149;0.2000;0.2500;-0.0302;1.0000;;;;;;;12.64
2026-02-18T00:05:24.716366;VisA/pcb2;cont_5pct_cosine_loo;0.05;cosine_loo;10;10;10;0;392;200;100;100;3;5;95;0.7245;0.7462;0.7137;0.2100;0.2600;-0.0195;1.0000;;;;;;;9.29
2026-02-18T00:05:34.620000;VisA/pcb2;cont_40pct_none;0.4;none;10;10;10;4;0;200;100;100;3;5;95;0.6561;0.6699;0.7009;0.1000;0.1300;-0.0879;;;;;;;;9.88
2026-02-18T00:05:43.790343;VisA/pcb2;cont_40pct_loo_patch;0.4;loo_patch;10;10;10;4;392;200;100;100;3;5;95;0.6804;0.6902;0.7064;0.1600;0.1700;-0.0636;0.2765;0.4167;1;0.2500;0.2500;;;9.16
2026-02-18T00:05:53.665627;VisA/pcb2;cont_40pct_random_patch;0.4;random_patch;10;10;10;4;392;200;100;100;3;5;95;0.6544;0.6720;0.6975;0.1200;0.1300;-0.0896;-0.0193;0.4167;1;0.2500;0.2500;;;9.87
2026-02-18T00:06:04.136155;VisA/pcb2;cont_40pct_mahalanobis_patch;0.4;mahalanobis_patch;10;10;10;4;392;200;100;100;3;5;95;0.6619;0.6864;0.6797;0.1300;0.1600;-0.0821;0.0660;0.4167;1;0.2500;0.2500;;;10.38
2026-02-18T00:06:10.310651;VisA/pcb2;cont_40pct_oracle_patch;0.4;oracle_patch;10;10;6;4;3136;200;100;100;3;5;95;0.6906;0.7073;0.7054;0.1300;0.1900;-0.0534;0.3925;0.4167;1;0.2500;0.2500;;;6.17
2026-02-18T00:06:20.828720;VisA/pcb2;cont_40pct_ensemble_loo_mahal;0.4;ensemble_loo_mahal;10;10;10;4;392;200;100;100;3;5;95;0.6561;0.6737;0.6873;0.1200;0.1500;-0.0879;-0.0000;0.4167;1;0.2500;0.2500;;;10.51
2026-02-18T00:06:30.768032;VisA/pcb2;cont_40pct_cosine_loo;0.4;cosine_loo;10;10;10;4;392;200;100;100;3;5;95;0.6849;0.6936;0.7004;0.1500;0.1600;-0.0591;0.3276;0.4167;1;0.2500;0.2500;;;9.94
2026-02-18T00:06:40.091575;VisA/pcb2;cont_50pct_none;0.5;none;10;10;10;5;0;200;100;100;3;5;95;0.6562;0.6753;0.6838;0.1100;0.1300;-0.0878;;;;;;;;9.30
2026-02-18T00:06:49.501704;VisA/pcb2;cont_50pct_loo_patch;0.5;loo_patch;10;10;10;5;392;200;100;100;3;5;95;0.6664;0.6821;0.6992;0.1300;0.1500;-0.0776;0.1162;0.4000;1;0.4000;0.4000;;;9.40
2026-02-18T00:06:59.100302;VisA/pcb2;cont_50pct_random_patch;0.5;random_patch;10;10;10;5;392;200;100;100;3;5;95;0.6661;0.6812;0.6809;0.1100;0.1100;-0.0779;0.1128;0.4000;1;0.4000;0.4000;;;9.59
2026-02-18T00:07:09.512858;VisA/pcb2;cont_50pct_mahalanobis_patch;0.5;mahalanobis_patch;10;10;10;5;392;200;100;100;3;5;95;0.6646;0.6947;0.6926;0.1400;0.1700;-0.0794;0.0957;0.4000;1;0.4000;0.4000;;;10.41
2026-02-18T00:07:14.544673;VisA/pcb2;cont_50pct_oracle_patch;0.5;oracle_patch;10;10;5;5;3920;200;100;100;3;5;95;0.6882;0.6988;0.7004;0.1200;0.1800;-0.0558;0.3645;0.4000;1;0.4000;0.4000;;;5.03
2026-02-18T00:07:24.911246;VisA/pcb2;cont_50pct_ensemble_loo_mahal;0.5;ensemble_loo_mahal;10;10;10;5;392;200;100;100;3;5;95;0.6756;0.6921;0.6911;0.1400;0.1700;-0.0684;0.2210;0.4000;1;0.4000;0.4000;;;10.36
2026-02-18T00:07:35.633423;VisA/pcb2;cont_50pct_cosine_loo;0.5;cosine_loo;10;10;10;5;392;200;100;100;3;5;95;0.6707;0.6780;0.7004;0.1100;0.1400;-0.0733;0.1651;0.4000;1;0.4000;0.4000;;;10.72
2026-02-18T00:07:44.500512;VisA/pcb2;cont_0pct_none;0.0;none;10;10;10;0;0;200;100;100;4;5;95;0.6763;0.6851;0.6934;0.0700;0.1900;;;;;;;;;8.72
2026-02-18T00:07:55.257128;VisA/pcb2;cont_0pct_loo_patch;0.0;loo_patch;10;10;10;0;392;200;100;100;4;5;95;0.6463;0.6778;0.6868;0.1200;0.2400;-0.0300;;;;;;;;10.75
2026-02-18T00:08:03.361106;VisA/pcb2;cont_0pct_random_patch;0.0;random_patch;10;10;10;0;392;200;100;100;4;5;95;0.6661;0.6802;0.6931;0.0700;0.2100;-0.0102;;;;;;;;8.10
2026-02-18T00:08:14.800513;VisA/pcb2;cont_0pct_mahalanobis_patch;0.0;mahalanobis_patch;10;10;10;0;392;200;100;100;4;5;95;0.6635;0.6909;0.6912;0.1100;0.2500;-0.0128;;;;;;;;11.44
2026-02-18T00:08:14.817024;VisA/pcb2;cont_0pct_oracle_patch;0.0;oracle_patch;10;10;10;0;0;200;100;100;4;5;95;0.6763;0.6851;0.6934;0.0700;0.1900;0.0000;;;;;;;;0.01
2026-02-18T00:08:30.893868;VisA/pcb2;cont_0pct_ensemble_loo_mahal;0.0;ensemble_loo_mahal;10;10;10;0;392;200;100;100;4;5;95;0.6479;0.6795;0.6943;0.1300;0.2200;-0.0284;;;;;;;;16.00
2026-02-18T00:08:39.614101;VisA/pcb2;cont_0pct_cosine_loo;0.0;cosine_loo;10;10;10;0;392;200;100;100;4;5;95;0.6666;0.6868;0.6970;0.1100;0.2000;-0.0097;;;;;;;;8.72
2026-02-18T00:08:49.746494;VisA/pcb2;cont_5pct_none;0.05;none;10;10;10;0;0;200;100;100;4;5;95;0.6763;0.6851;0.6934;0.0700;0.1900;0.0000;;;;;;;;10.12
2026-02-18T00:08:59.044930;VisA/pcb2;cont_5pct_loo_patch;0.05;loo_patch;10;10;10;0;392;200;100;100;4;5;95;0.6463;0.6778;0.6868;0.1200;0.2400;-0.0300;1.0000;;;;;;;9.29
2026-02-18T00:09:08.520287;VisA/pcb2;cont_5pct_random_patch;0.05;random_patch;10;10;10;0;392;200;100;100;4;5;95;0.6661;0.6802;0.6931;0.0700;0.2100;-0.0102;1.0000;;;;;;;9.47
2026-02-18T00:09:21.485489;VisA/pcb2;cont_5pct_mahalanobis_patch;0.05;mahalanobis_patch;10;10;10;0;392;200;100;100;4;5;95;0.6635;0.6909;0.6912;0.1100;0.2500;-0.0128;1.0000;;;;;;;11.44
2026-02-18T00:09:21.502498;VisA/pcb2;cont_5pct_oracle_patch;0.05;oracle_patch;10;10;10;0;0;200;100;100;4;5;95;0.6763;0.6851;0.6934;0.0700;0.1900;0.0000;1.0000;;;;;;;0.01
2026-02-18T00:09:32.107499;VisA/pcb2;cont_5pct_ensemble_loo_mahal;0.05;ensemble_loo_mahal;10;10;10;0;392;200;100;100;4;5;95;0.6479;0.6795;0.6943;0.1300;0.2200;-0.0284;1.0000;;;;;;;10.52
2026-02-18T00:09:43.067814;VisA/pcb2;cont_5pct_cosine_loo;0.05;cosine_loo;10;10;10;0;392;200;100;100;4;5;95;0.6666;0.6868;0.6970;0.1100;0.2000;-0.0097;1.0000;;;;;;;10.96
2026-02-18T00:09:51.972872;VisA/pcb2;cont_40pct_none;0.4;none;10;10;10;4;0;200;100;100;4;5;95;0.5593;0.6167;0.6667;0.0700;0.1700;-0.1170;;;;;;;;8.88
2026-02-18T00:10:02.981801;VisA/pcb2;cont_40pct_loo_patch;0.4;loo_patch;10;10;10;4;392;200;100;100;4;5;95;0.5651;0.6356;0.6667;0.1400;0.2300;-0.1112;0.0496;0.5417;0;0.5000;0.5000;;;11.00
2026-02-18T00:10:11.391807;VisA/pcb2;cont_40pct_random_patch;0.4;random_patch;10;10;10;4;392;200;100;100;4;5;95;0.5569;0.6185;0.6667;0.0900;0.1900;-0.1194;-0.0205;0.5417;0;0.5000;0.5000;;;8.40
2026-02-18T00:10:23.590163;VisA/pcb2;cont_40pct_mahalanobis_patch;0.4;mahalanobis_patch;10;10;10;4;392;200;100;100;4;5;95;0.5765;0.6450;0.6667;0.1600;0.2000;-0.0998;0.1470;0.5417;0;0.5000;0.5000;;;12.19
2026-02-18T00:10:28.899521;VisA/pcb2;cont_40pct_oracle_patch;0.4;oracle_patch;10;10;6;4;3136;200;100;100;4;5;95;0.6298;0.6600;0.6849;0.1300;0.1900;-0.0465;0.6026;0.5417;0;0.5000;0.5000;;;5.21
2026-02-18T00:10:41.595994;VisA/pcb2;cont_40pct_ensemble_loo_mahal;0.4;ensemble_loo_mahal;10;10;10;4;392;200;100;100;4;5;95;0.5695;0.6392;0.6667;0.1300;0.2200;-0.1068;0.0872;0.5417;0;0.5000;0.5000;;;12.69
2026-02-18T00:10:51.196944;VisA/pcb2;cont_40pct_cosine_loo;0.4;cosine_loo;10;10;10;4;392;200;100;100;4;5;95;0.5705;0.6342;0.6667;0.0900;0.2000;-0.1058;0.0957;0.5417;0;0.5000;0.5000;;;9.60
2026-02-18T00:11:00.630368;VisA/pcb2;cont_50pct_none;0.5;none;10;10;10;5;0;200;100;100;4;5;95;0.5262;0.5886;0.6667;0.1200;0.1300;-0.1501;;;;;;;;9.41
2026-02-18T00:11:10.470706;VisA/pcb2;cont_50pct_loo_patch;0.5;loo_patch;10;10;10;5;392;200;100;100;4;5;95;0.5560;0.6186;0.6667;0.1400;0.1500;-0.1203;0.1985;0.6000;1;0.6000;0.6000;;;9.83
2026-02-18T00:11:19.529797;VisA/pcb2;cont_50pct_random_patch;0.5;random_patch;10;10;10;5;392;200;100;100;4;5;95;0.5311;0.5925;0.6667;0.1100;0.1400;-0.1452;0.0326;0.6000;1;0.6000;0.6000;;;9.05
2026-02-18T00:11:31.369241;VisA/pcb2;cont_50pct_mahalanobis_patch;0.5;mahalanobis_patch;10;10;10;5;392;200;100;100;4;5;95;0.5547;0.6156;0.6667;0.1400;0.1700;-0.1216;0.1899;0.6000;1;0.6000;0.6000;;;11.83
2026-02-18T00:11:36.217977;VisA/pcb2;cont_50pct_oracle_patch;0.5;oracle_patch;10;10;5;5;3920;200;100;100;4;5;95;0.6385;0.6588;0.6894;0.1000;0.1700;-0.0378;0.7482;0.6000;1;0.6000;0.6000;;;4.84
2026-02-18T00:11:50.275870;VisA/pcb2;cont_50pct_ensemble_loo_mahal;0.5;ensemble_loo_mahal;10;10;10;5;392;200;100;100;4;5;95;0.5629;0.6198;0.6667;0.1200;0.1800;-0.1134;0.2445;0.6000;1;0.6000;0.6000;;;13.97
2026-02-18T00:11:59.549489;VisA/pcb2;cont_50pct_cosine_loo;0.5;cosine_loo;10;10;10;5;392;200;100;100;4;5;95;0.5525;0.6137;0.6667;0.0900;0.1800;-0.1238;0.1752;0.6000;1;0.6000;0.6000;;;9.27
2026-02-18T00:12:13.125143;VisA/pcb3;cont_0pct_none;0.0;none;10;10;10;0;0;201;101;100;0;5;95;0.8222;0.8484;0.7512;0.3600;0.4800;;;;;;;;;10.03
2026-02-18T00:12:22.553377;VisA/pcb3;cont_0pct_loo_patch;0.0;loo_patch;10;10;10;0;392;201;101;100;0;5;95;0.8215;0.8341;0.7723;0.2100;0.3900;-0.0007;;;;;;;;9.42
2026-02-18T00:12:31.463518;VisA/pcb3;cont_0pct_random_patch;0.0;random_patch;10;10;10;0;392;201;101;100;0;5;95;0.8144;0.8412;0.7489;0.2700;0.4600;-0.0078;;;;;;;;8.91
2026-02-18T00:12:44.261056;VisA/pcb3;cont_0pct_mahalanobis_patch;0.0;mahalanobis_patch;10;10;10;0;392;201;101;100;0;5;95;0.7946;0.8228;0.7465;0.2900;0.4100;-0.0276;;;;;;;;12.79
2026-02-18T00:12:44.279131;VisA/pcb3;cont_0pct_oracle_patch;0.0;oracle_patch;10;10;10;0;0;201;101;100;0;5;95;0.8222;0.8484;0.7512;0.3600;0.4800;0.0000;;;;;;;;0.01
2026-02-18T00:12:55.102975;VisA/pcb3;cont_0pct_ensemble_loo_mahal;0.0;ensemble_loo_mahal;10;10;10;0;392;201;101;100;0;5;95;0.8151;0.8340;0.7604;0.3400;0.3800;-0.0070;;;;;;;;10.67
2026-02-18T00:13:06.040083;VisA/pcb3;cont_0pct_cosine_loo;0.0;cosine_loo;10;10;10;0;392;201;101;100;0;5;95;0.8154;0.8356;0.7745;0.2800;0.4000;-0.0067;;;;;;;;10.93
2026-02-18T00:13:14.804669;VisA/pcb3;cont_5pct_none;0.05;none;10;10;10;0;0;201;101;100;0;5;95;0.8222;0.8484;0.7512;0.3600;0.4800;0.0000;;;;;;;;8.75
2026-02-18T00:13:25.405404;VisA/pcb3;cont_5pct_loo_patch;0.05;loo_patch;10;10;10;0;392;201;101;100;0;5;95;0.8215;0.8341;0.7723;0.2100;0.3900;-0.0007;1.0000;;;;;;;10.22
2026-02-18T00:13:34.130905;VisA/pcb3;cont_5pct_random_patch;0.05;random_patch;10;10;10;0;392;201;101;100;0;5;95;0.8144;0.8412;0.7489;0.2700;0.4600;-0.0078;1.0000;;;;;;;8.72
2026-02-18T00:13:45.924068;VisA/pcb3;cont_5pct_mahalanobis_patch;0.05;mahalanobis_patch;10;10;10;0;392;201;101;100;0;5;95;0.7946;0.8228;0.7465;0.2900;0.4100;-0.0276;1.0000;;;;;;;11.78
2026-02-18T00:13:45.944903;VisA/pcb3;cont_5pct_oracle_patch;0.05;oracle_patch;10;10;10;0;0;201;101;100;0;5;95;0.8222;0.8484;0.7512;0.3600;0.4800;0.0000;1.0000;;;;;;;0.02
2026-02-18T00:13:58.469961;VisA/pcb3;cont_5pct_ensemble_loo_mahal;0.05;ensemble_loo_mahal;10;10;10;0;392;201;101;100;0;5;95;0.8151;0.8340;0.7604;0.3400;0.3800;-0.0070;1.0000;;;;;;;12.45
2026-02-18T00:14:09.446106;VisA/pcb3;cont_5pct_cosine_loo;0.05;cosine_loo;10;10;10;0;392;201;101;100;0;5;95;0.8154;0.8356;0.7745;0.2800;0.4000;-0.0067;1.0000;;;;;;;10.96
2026-02-18T00:14:20.858683;VisA/pcb3;cont_40pct_none;0.4;none;10;10;10;4;0;201;101;100;0;5;95;0.7235;0.7596;0.7053;0.2400;0.2900;-0.0987;;;;;;;;11.38
2026-02-18T00:14:31.346201;VisA/pcb3;cont_40pct_loo_patch;0.4;loo_patch;10;10;10;4;392;201;101;100;0;5;95;0.7671;0.7929;0.7248;0.2200;0.3400;-0.0550;0.4423;0.9167;1;0.7500;0.7500;;;9.71
2026-02-18T00:14:40.422618;VisA/pcb3;cont_40pct_random_patch;0.4;random_patch;10;10;10;4;392;201;101;100;0;5;95;0.7191;0.7589;0.6986;0.2500;0.3000;-0.1031;-0.0441;0.9167;1;0.7500;0.7500;;;9.07
2026-02-18T00:14:52.325552;VisA/pcb3;cont_40pct_mahalanobis_patch;0.4;mahalanobis_patch;10;10;10;4;392;201;101;100;0;5;95;0.7291;0.7651;0.7000;0.2300;0.3000;-0.0931;0.0572;0.9167;1;0.7500;0.7500;;;11.90
2026-02-18T00:14:57.902004;VisA/pcb3;cont_40pct_oracle_patch;0.4;oracle_patch;10;10;6;4;3136;201;101;100;0;5;95;0.7535;0.7796;0.7115;0.2200;0.4000;-0.0687;0.3039;0.9167;1;0.7500;0.7500;;;5.57
2026-02-18T00:15:10.844476;VisA/pcb3;cont_40pct_ensemble_loo_mahal;0.4;ensemble_loo_mahal;10;10;10;4;392;201;101;100;0;5;95;0.7550;0.7782;0.7255;0.2000;0.2900;-0.0672;0.3190;0.9167;1;0.7500;0.7500;;;12.94
2026-02-18T00:15:20.022257;VisA/pcb3;cont_40pct_cosine_loo;0.4;cosine_loo;10;10;10;4;392;201;101;100;0;5;95;0.7568;0.7828;0.7230;0.1600;0.3300;-0.0653;0.3380;0.9167;1;0.7500;0.7500;;;9.17
2026-02-18T00:15:30.329265;VisA/pcb3;cont_50pct_none;0.5;none;10;10;10;5;0;201;101;100;0;5;95;0.7160;0.7505;0.6952;0.2200;0.2300;-0.1061;;;;;;;;10.28
2026-02-18T00:15:39.168142;VisA/pcb3;cont_50pct_loo_patch;0.5;loo_patch;10;10;10;5;392;201;101;100;0;5;95;0.7585;0.7812;0.7246;0.1700;0.3100;-0.0637;0.4002;0.7600;1;0.6000;0.6000;;;8.83
2026-02-18T00:15:48.712472;VisA/pcb3;cont_50pct_random_patch;0.5;random_patch;10;10;10;5;392;201;101;100;0;5;95;0.7082;0.7465;0.7016;0.2400;0.2700;-0.1140;-0.0737;0.7600;1;0.6000;0.6000;;;9.54
2026-02-18T00:15:59.716664;VisA/pcb3;cont_50pct_mahalanobis_patch;0.5;mahalanobis_patch;10;10;10;5;392;201;101;100;0;5;95;0.7307;0.7643;0.7059;0.2000;0.3300;-0.0915;0.1381;0.7600;1;0.6000;0.6000;;;11.00
2026-02-18T00:16:04.913388;VisA/pcb3;cont_50pct_oracle_patch;0.5;oracle_patch;10;10;5;5;3920;201;101;100;0;5;95;0.7499;0.7750;0.7182;0.1700;0.3400;-0.0723;0.3190;0.7600;1;0.6000;0.6000;;;5.19
2026-02-18T00:16:15.622332;VisA/pcb3;cont_50pct_ensemble_loo_mahal;0.5;ensemble_loo_mahal;10;10;10;5;392;201;101;100;0;5;95;0.7385;0.7671;0.7179;0.1700;0.3400;-0.0837;0.2118;0.7600;1;0.6000;0.6000;;;10.60
2026-02-18T00:16:26.599420;VisA/pcb3;cont_50pct_cosine_loo;0.5;cosine_loo;10;10;10;5;392;201;101;100;0;5;95;0.7568;0.7869;0.7264;0.1900;0.2900;-0.0653;0.3843;0.7600;1;0.6000;0.6000;;;10.97
2026-02-18T00:16:35.308847;VisA/pcb3;cont_0pct_none;0.0;none;10;10;10;0;0;201;101;100;1;5;95;0.8476;0.8622;0.7914;0.2700;0.5500;;;;;;;;;8.53
2026-02-18T00:16:45.878714;VisA/pcb3;cont_0pct_loo_patch;0.0;loo_patch;10;10;10;0;392;201;101;100;1;5;95;0.8463;0.8554;0.7742;0.3000;0.4700;-0.0013;;;;;;;;10.56
2026-02-18T00:16:54.126121;VisA/pcb3;cont_0pct_random_patch;0.0;random_patch;10;10;10;0;392;201;101;100;1;5;95;0.8594;0.8725;0.8063;0.2400;0.5600;0.0118;;;;;;;;8.15
2026-02-18T00:17:05.686635;VisA/pcb3;cont_0pct_mahalanobis_patch;0.0;mahalanobis_patch;10;10;10;0;392;201;101;100;1;5;95;0.8348;0.8512;0.7853;0.2400;0.5100;-0.0129;;;;;;;;11.56
2026-02-18T00:17:05.704049;VisA/pcb3;cont_0pct_oracle_patch;0.0;oracle_patch;10;10;10;0;0;201;101;100;1;5;95;0.8476;0.8622;0.7914;0.2700;0.5500;0.0000;;;;;;;;0.01
2026-02-18T00:17:18.359954;VisA/pcb3;cont_0pct_ensemble_loo_mahal;0.0;ensemble_loo_mahal;10;10;10;0;392;201;101;100;1;5;95;0.8406;0.8485;0.7772;0.2300;0.4300;-0.0070;;;;;;;;12.57
2026-02-18T00:17:26.913566;VisA/pcb3;cont_0pct_cosine_loo;0.0;cosine_loo;10;10;10;0;392;201;101;100;1;5;95;0.8426;0.8549;0.7919;0.2300;0.5000;-0.0050;;;;;;;;8.55
2026-02-18T00:17:37.305736;VisA/pcb3;cont_5pct_none;0.05;none;10;10;10;0;0;201;101;100;1;5;95;0.8476;0.8622;0.7914;0.2700;0.5500;0.0000;;;;;;;;10.38
2026-02-18T00:17:46.591329;VisA/pcb3;cont_5pct_loo_patch;0.05;loo_patch;10;10;10;0;392;201;101;100;1;5;95;0.8463;0.8554;0.7742;0.3000;0.4700;-0.0013;1.0000;;;;;;;9.28
2026-02-18T00:17:56.498143;VisA/pcb3;cont_5pct_random_patch;0.05;random_patch;10;10;10;0;392;201;101;100;1;5;95;0.8594;0.8725;0.8063;0.2400;0.5600;0.0118;1.0000;;;;;;;9.90
2026-02-18T00:18:07.652634;VisA/pcb3;cont_5pct_mahalanobis_patch;0.05;mahalanobis_patch;10;10;10;0;392;201;101;100;1;5;95;0.8348;0.8512;0.7853;0.2400;0.5100;-0.0129;1.0000;;;;;;;10.66
2026-02-18T00:18:07.669634;VisA/pcb3;cont_5pct_oracle_patch;0.05;oracle_patch;10;10;10;0;0;201;101;100;1;5;95;0.8476;0.8622;0.7914;0.2700;0.5500;0.0000;1.0000;;;;;;;0.01
2026-02-18T00:18:23.328767;VisA/pcb3;cont_5pct_ensemble_loo_mahal;0.05;ensemble_loo_mahal;10;10;10;0;392;201;101;100;1;5;95;0.8406;0.8485;0.7772;0.2300;0.4300;-0.0070;1.0000;;;;;;;10.69
2026-02-18T00:18:33.211211;VisA/pcb3;cont_5pct_cosine_loo;0.05;cosine_loo;10;10;10;0;392;201;101;100;1;5;95;0.8426;0.8549;0.7919;0.2300;0.5000;-0.0050;1.0000;;;;;;;9.88
2026-02-18T00:18:42.762999;VisA/pcb3;cont_40pct_none;0.4;none;10;10;10;4;0;201;101;100;1;5;95;0.8066;0.8290;0.7468;0.2600;0.4200;-0.0410;;;;;;;;9.53
2026-02-18T00:18:52.506100;VisA/pcb3;cont_40pct_loo_patch;0.4;loo_patch;10;10;10;4;392;201;101;100;1;5;95;0.8279;0.8475;0.7700;0.2600;0.5400;-0.0197;0.5193;0.6667;1;0.5000;0.5000;;;9.33
2026-02-18T00:19:02.255878;VisA/pcb3;cont_40pct_random_patch;0.4;random_patch;10;10;10;4;392;201;101;100;1;5;95;0.8107;0.8348;0.7435;0.2800;0.4900;-0.0369;0.0990;0.6667;1;0.5000;0.5000;;;9.74
2026-02-18T00:19:12.783242;VisA/pcb3;cont_40pct_mahalanobis_patch;0.4;mahalanobis_patch;10;10;10;4;392;201;101;100;1;5;95;0.8058;0.8285;0.7544;0.2900;0.3800;-0.0418;-0.0193;0.6667;1;0.5000;0.5000;;;10.52
2026-02-18T00:19:18.879436;VisA/pcb3;cont_40pct_oracle_patch;0.4;oracle_patch;10;10;6;4;3136;201;101;100;1;5;95;0.8164;0.8401;0.7500;0.3400;0.4400;-0.0312;0.2391;0.6667;1;0.5000;0.5000;;;6.08
2026-02-18T00:19:29.262960;VisA/pcb3;cont_40pct_ensemble_loo_mahal;0.4;ensemble_loo_mahal;10;10;10;4;392;201;101;100;1;5;95;0.8231;0.8387;0.7540;0.2700;0.4400;-0.0246;0.4010;0.6667;1;0.5000;0.5000;;;10.38
2026-02-18T00:19:40.096373;VisA/pcb3;cont_40pct_cosine_loo;0.4;cosine_loo;10;10;10;4;392;201;101;100;1;5;95;0.8138;0.8331;0.7488;0.2900;0.4000;-0.0339;0.1739;0.6667;1;0.5000;0.5000;;;10.83
2026-02-18T00:19:48.490171;VisA/pcb3;cont_50pct_none;0.5;none;10;10;10;5;0;201;101;100;1;5;95;0.8039;0.8184;0.7671;0.2500;0.3800;-0.0438;;;;;;;;8.36
2026-02-18T00:19:59.076082;VisA/pcb3;cont_50pct_loo_patch;0.5;loo_patch;10;10;10;5;392;201;101;100;1;5;95;0.8260;0.8341;0.7731;0.2300;0.3900;-0.0216;0.5068;0.5600;1;0.4000;0.4000;;;10.58
2026-02-18T00:20:06.808584;VisA/pcb3;cont_50pct_random_patch;0.5;random_patch;10;10;10;5;392;201;101;100;1;5;95;0.8023;0.8138;0.7644;0.2200;0.3200;-0.0453;-0.0362;0.5600;1;0.4000;0.4000;;;7.73
2026-02-18T00:20:18.861292;VisA/pcb3;cont_50pct_mahalanobis_patch;0.5;mahalanobis_patch;10;10;10;5;392;201;101;100;1;5;95;0.7916;0.8183;0.7446;0.2700;0.4100;-0.0560;-0.2805;0.5600;1;0.4000;0.4000;;;12.05
2026-02-18T00:20:23.348174;VisA/pcb3;cont_50pct_oracle_patch;0.5;oracle_patch;10;10;5;5;3920;201;101;100;1;5;95;0.8293;0.8499;0.7583;0.3800;0.4800;-0.0183;0.5814;0.5600;1;0.4000;0.4000;;;4.48
2026-02-18T00:20:35.545800;VisA/pcb3;cont_50pct_ensemble_loo_mahal;0.5;ensemble_loo_mahal;10;10;10;5;392;201;101;100;1;5;95;0.8186;0.8323;0.7553;0.2700;0.3700;-0.0290;0.3371;0.5600;1;0.4000;0.4000;;;12.19
2026-02-18T00:20:45.268189;VisA/pcb3;cont_50pct_cosine_loo;0.5;cosine_loo;10;10;10;5;392;201;101;100;1;5;95;0.8078;0.8216;0.7692;0.2500;0.3200;-0.0398;0.0905;0.5600;1;0.4000;0.4000;;;9.72
2026-02-18T00:20:55.096733;VisA/pcb3;cont_0pct_none;0.0;none;10;10;10;0;0;201;101;100;2;5;95;0.8544;0.8669;0.7911;0.3500;0.5200;;;;;;;;;9.66
2026-02-18T00:21:04.627315;VisA/pcb3;cont_0pct_loo_patch;0.0;loo_patch;10;10;10;0;392;201;101;100;2;5;95;0.8516;0.8651;0.7909;0.4100;0.4400;-0.0028;;;;;;;;9.52
2026-02-18T00:21:13.666777;VisA/pcb3;cont_0pct_random_patch;0.0;random_patch;10;10;10;0;392;201;101;100;2;5;95;0.8559;0.8672;0.7915;0.3800;0.5200;0.0016;;;;;;;;9.04
2026-02-18T00:21:27.489950;VisA/pcb3;cont_0pct_mahalanobis_patch;0.0;mahalanobis_patch;10;10;10;0;392;201;101;100;2;5;95;0.8602;0.8693;0.8019;0.3800;0.4600;0.0058;;;;;;;;13.82
2026-02-18T00:21:27.507951;VisA/pcb3;cont_0pct_oracle_patch;0.0;oracle_patch;10;10;10;0;0;201;101;100;2;5;95;0.8544;0.8669;0.7911;0.3500;0.5200;0.0000;;;;;;;;0.01
2026-02-18T00:21:38.977184;VisA/pcb3;cont_0pct_ensemble_loo_mahal;0.0;ensemble_loo_mahal;10;10;10;0;392;201;101;100;2;5;95;0.8513;0.8618;0.7822;0.3600;0.4400;-0.0031;;;;;;;;10.75
2026-02-18T00:21:49.136663;VisA/pcb3;cont_0pct_cosine_loo;0.0;cosine_loo;10;10;10;0;392;201;101;100;2;5;95;0.8479;0.8665;0.7805;0.3600;0.4700;-0.0064;;;;;;;;10.15
2026-02-18T00:21:57.754754;VisA/pcb3;cont_5pct_none;0.05;none;10;10;10;0;0;201;101;100;2;5;95;0.8544;0.8669;0.7911;0.3500;0.5200;0.0000;;;;;;;;8.61
2026-02-18T00:22:08.125956;VisA/pcb3;cont_5pct_loo_patch;0.05;loo_patch;10;10;10;0;392;201;101;100;2;5;95;0.8516;0.8651;0.7909;0.4100;0.4400;-0.0028;1.0000;;;;;;;10.36
2026-02-18T00:22:16.986390;VisA/pcb3;cont_5pct_random_patch;0.05;random_patch;10;10;10;0;392;201;101;100;2;5;95;0.8559;0.8672;0.7915;0.3800;0.5200;0.0016;1.0000;;;;;;;8.86
2026-02-18T00:22:27.595601;VisA/pcb3;cont_5pct_mahalanobis_patch;0.05;mahalanobis_patch;10;10;10;0;392;201;101;100;2;5;95;0.8602;0.8693;0.8019;0.3800;0.4600;0.0058;1.0000;;;;;;;10.60
2026-02-18T00:22:27.608612;VisA/pcb3;cont_5pct_oracle_patch;0.05;oracle_patch;10;10;10;0;0;201;101;100;2;5;95;0.8544;0.8669;0.7911;0.3500;0.5200;0.0000;1.0000;;;;;;;0.01
2026-02-18T00:22:39.754403;VisA/pcb3;cont_5pct_ensemble_loo_mahal;0.05;ensemble_loo_mahal;10;10;10;0;392;201;101;100;2;5;95;0.8513;0.8618;0.7822;0.3600;0.4400;-0.0031;1.0000;;;;;;;12.14
2026-02-18T00:22:48.919180;VisA/pcb3;cont_5pct_cosine_loo;0.05;cosine_loo;10;10;10;0;392;201;101;100;2;5;95;0.8479;0.8665;0.7805;0.3600;0.4700;-0.0064;1.0000;;;;;;;9.16
2026-02-18T00:22:58.214909;VisA/pcb3;cont_40pct_none;0.4;none;10;10;10;4;0;201;101;100;2;5;95;0.8411;0.8614;0.8073;0.3300;0.4700;-0.0133;;;;;;;;9.27
2026-02-18T00:23:07.533119;VisA/pcb3;cont_40pct_loo_patch;0.4;loo_patch;10;10;10;4;392;201;101;100;2;5;95;0.8568;0.8793;0.8060;0.3600;0.5800;0.0025;1.1866;0.7500;1;0.5000;0.5000;;;9.31
2026-02-18T00:23:17.394974;VisA/pcb3;cont_40pct_random_patch;0.4;random_patch;10;10;10;4;392;201;101;100;2;5;95;0.8379;0.8586;0.8131;0.3200;0.5200;-0.0164;-0.2388;0.7500;1;0.5000;0.5000;;;9.85
2026-02-18T00:23:28.335652;VisA/pcb3;cont_40pct_mahalanobis_patch;0.4;mahalanobis_patch;10;10;10;4;392;201;101;100;2;5;95;0.8539;0.8728;0.7980;0.3000;0.4900;-0.0005;0.9627;0.7500;1;0.5000;0.5000;;;10.49
2026-02-18T00:23:34.386673;VisA/pcb3;cont_40pct_oracle_patch;0.4;oracle_patch;10;10;6;4;3136;201;101;100;2;5;95;0.8364;0.8483;0.7739;0.3300;0.4000;-0.0179;-0.3507;0.7500;1;0.5000;0.5000;;;6.05
2026-02-18T00:23:45.317321;VisA/pcb3;cont_40pct_ensemble_loo_mahal;0.4;ensemble_loo_mahal;10;10;10;4;392;201;101;100;2;5;95;0.8622;0.8792;0.8116;0.3300;0.5500;0.0078;1.5896;0.7500;1;0.5000;0.5000;;;10.92
2026-02-18T00:23:55.158210;VisA/pcb3;cont_40pct_cosine_loo;0.4;cosine_loo;10;10;10;4;392;201;101;100;2;5;95;0.8493;0.8721;0.7981;0.3700;0.5000;-0.0050;0.6194;0.7500;1;0.5000;0.5000;;;9.83
2026-02-18T00:24:04.127031;VisA/pcb3;cont_50pct_none;0.5;none;10;10;10;5;0;201;101;100;2;5;95;0.8154;0.8466;0.7748;0.3600;0.4900;-0.0389;;;;;;;;8.95
2026-02-18T00:24:13.992219;VisA/pcb3;cont_50pct_loo_patch;0.5;loo_patch;10;10;10;5;392;201;101;100;2;5;95;0.8423;0.8637;0.7941;0.4200;0.4700;-0.0121;0.6896;0.6400;1;0.4000;0.4000;;;9.86
2026-02-18T00:24:22.756238;VisA/pcb3;cont_50pct_random_patch;0.5;random_patch;10;10;10;5;392;201;101;100;2;5;95;0.8178;0.8514;0.7686;0.3400;0.5000;-0.0365;0.0611;0.6400;1;0.4000;0.4000;;;8.76
2026-02-18T00:24:33.847308;VisA/pcb3;cont_50pct_mahalanobis_patch;0.5;mahalanobis_patch;10;10;10;5;392;201;101;100;2;5;95;0.8266;0.8509;0.7843;0.3300;0.4400;-0.0277;0.2875;0.6400;1;0.4000;0.4000;;;11.09
2026-02-18T00:24:38.521039;VisA/pcb3;cont_50pct_oracle_patch;0.5;oracle_patch;10;10;5;5;3920;201;101;100;2;5;95;0.8298;0.8432;0.7742;0.3300;0.4200;-0.0246;0.3690;0.6400;1;0.4000;0.4000;;;4.67
2026-02-18T00:24:50.022544;VisA/pcb3;cont_50pct_ensemble_loo_mahal;0.5;ensemble_loo_mahal;10;10;10;5;392;201;101;100;2;5;95;0.8438;0.8661;0.7919;0.3400;0.4600;-0.0106;0.7277;0.6400;1;0.4000;0.4000;;;11.49
2026-02-18T00:24:59.767281;VisA/pcb3;cont_50pct_cosine_loo;0.5;cosine_loo;10;10;10;5;392;201;101;100;2;5;95;0.8337;0.8654;0.7938;0.4200;0.5200;-0.0207;0.4682;0.6400;1;0.4000;0.4000;;;9.74
2026-02-18T00:25:08.999932;VisA/pcb3;cont_0pct_none;0.0;none;10;10;10;0;0;201;101;100;3;5;95;0.8223;0.8464;0.7717;0.2800;0.4500;;;;;;;;;9.08
2026-02-18T00:25:19.157497;VisA/pcb3;cont_0pct_loo_patch;0.0;loo_patch;10;10;10;0;392;201;101;100;3;5;95;0.8242;0.8426;0.7861;0.2600;0.4900;0.0019;;;;;;;;10.15
2026-02-18T00:25:27.654876;VisA/pcb3;cont_0pct_random_patch;0.0;random_patch;10;10;10;0;392;201;101;100;3;5;95;0.8351;0.8547;0.7853;0.2700;0.5200;0.0129;;;;;;;;8.49
2026-02-18T00:25:39.548043;VisA/pcb3;cont_0pct_mahalanobis_patch;0.0;mahalanobis_patch;10;10;10;0;392;201;101;100;3;5;95;0.8195;0.8425;0.7755;0.2800;0.4400;-0.0028;;;;;;;;11.89
2026-02-18T00:25:39.564056;VisA/pcb3;cont_0pct_oracle_patch;0.0;oracle_patch;10;10;10;0;0;201;101;100;3;5;95;0.8223;0.8464;0.7717;0.2800;0.4500;0.0000;;;;;;;;0.01
2026-02-18T00:25:50.669411;VisA/pcb3;cont_0pct_ensemble_loo_mahal;0.0;ensemble_loo_mahal;10;10;10;0;392;201;101;100;3;5;95;0.8233;0.8465;0.7708;0.2600;0.5200;0.0010;;;;;;;;10.73
2026-02-18T00:26:00.674640;VisA/pcb3;cont_0pct_cosine_loo;0.0;cosine_loo;10;10;10;0;392;201;101;100;3;5;95;0.8292;0.8492;0.7719;0.2700;0.5500;0.0069;;;;;;;;10.00
2026-02-18T00:26:10.353105;VisA/pcb3;cont_5pct_none;0.05;none;10;10;10;0;0;201;101;100;3;5;95;0.8223;0.8464;0.7717;0.2800;0.4500;0.0000;;;;;;;;9.66
2026-02-18T00:26:19.479477;VisA/pcb3;cont_5pct_loo_patch;0.05;loo_patch;10;10;10;0;392;201;101;100;3;5;95;0.8242;0.8426;0.7861;0.2600;0.4900;0.0019;1.0000;;;;;;;9.12
2026-02-18T00:26:28.804424;VisA/pcb3;cont_5pct_random_patch;0.05;random_patch;10;10;10;0;392;201;101;100;3;5;95;0.8351;0.8547;0.7853;0.2700;0.5200;0.0129;1.0000;;;;;;;9.32
2026-02-18T00:26:39.223396;VisA/pcb3;cont_5pct_mahalanobis_patch;0.05;mahalanobis_patch;10;10;10;0;392;201;101;100;3;5;95;0.8195;0.8425;0.7755;0.2800;0.4400;-0.0028;1.0000;;;;;;;10.41
2026-02-18T00:26:39.245921;VisA/pcb3;cont_5pct_oracle_patch;0.05;oracle_patch;10;10;10;0;0;201;101;100;3;5;95;0.8223;0.8464;0.7717;0.2800;0.4500;0.0000;1.0000;;;;;;;0.01
2026-02-18T00:26:51.103005;VisA/pcb3;cont_5pct_ensemble_loo_mahal;0.05;ensemble_loo_mahal;10;10;10;0;392;201;101;100;3;5;95;0.8233;0.8465;0.7708;0.2600;0.5200;0.0010;1.0000;;;;;;;11.77
2026-02-18T00:27:00.768556;VisA/pcb3;cont_5pct_cosine_loo;0.05;cosine_loo;10;10;10;0;392;201;101;100;3;5;95;0.8292;0.8492;0.7719;0.2700;0.5500;0.0069;1.0000;;;;;;;9.66
2026-02-18T00:27:10.266943;VisA/pcb3;cont_40pct_none;0.4;none;10;10;10;4;0;201;101;100;3;5;95;0.7980;0.8296;0.7602;0.2300;0.4200;-0.0243;;;;;;;;9.47
2026-02-18T00:27:19.470858;VisA/pcb3;cont_40pct_loo_patch;0.4;loo_patch;10;10;10;4;392;201;101;100;3;5;95;0.8137;0.8294;0.7753;0.2300;0.3800;-0.0086;0.6449;0.7917;1;0.5000;0.5000;;;9.20
2026-02-18T00:27:28.443878;VisA/pcb3;cont_40pct_random_patch;0.4;random_patch;10;10;10;4;392;201;101;100;3;5;95;0.7987;0.8315;0.7644;0.2400;0.4200;-0.0236;0.0286;0.7917;1;0.5000;0.5000;;;8.97
2026-02-18T00:27:42.113372;VisA/pcb3;cont_40pct_mahalanobis_patch;0.4;mahalanobis_patch;10;10;10;4;392;201;101;100;3;5;95;0.7997;0.8277;0.7727;0.2600;0.4400;-0.0226;0.0694;0.7917;1;0.5000;0.5000;;;13.66
2026-02-18T00:27:47.922849;VisA/pcb3;cont_40pct_oracle_patch;0.4;oracle_patch;10;10;6;4;3136;201;101;100;3;5;95;0.8209;0.8406;0.7767;0.2900;0.4300;-0.0014;0.9429;0.7917;1;0.5000;0.5000;;;5.80
2026-02-18T00:27:59.727173;VisA/pcb3;cont_40pct_ensemble_loo_mahal;0.4;ensemble_loo_mahal;10;10;10;4;392;201;101;100;3;5;95;0.7979;0.8239;0.7751;0.3100;0.4100;-0.0244;-0.0041;0.7917;1;0.5000;0.5000;;;11.69
2026-02-18T00:28:09.154758;VisA/pcb3;cont_40pct_cosine_loo;0.4;cosine_loo;10;10;10;4;392;201;101;100;3;5;95;0.8204;0.8431;0.7773;0.3000;0.3900;-0.0019;0.9224;0.7917;1;0.5000;0.5000;;;9.42
2026-02-18T00:28:19.422317;VisA/pcb3;cont_50pct_none;0.5;none;10;10;10;5;0;201;101;100;3;5;95;0.7969;0.8340;0.7700;0.2600;0.4400;-0.0253;;;;;;;;10.24
2026-02-18T00:28:28.560766;VisA/pcb3;cont_50pct_loo_patch;0.5;loo_patch;10;10;10;5;392;201;101;100;3;5;95;0.8181;0.8378;0.7778;0.2700;0.4200;-0.0042;0.8359;0.6000;1;0.6000;0.6000;;;9.13
2026-02-18T00:28:38.180857;VisA/pcb3;cont_50pct_random_patch;0.5;random_patch;10;10;10;5;392;201;101;100;3;5;95;0.8044;0.8396;0.7706;0.2600;0.4600;-0.0179;0.2930;0.6000;1;0.6000;0.6000;;;9.61
2026-02-18T00:28:49.811768;VisA/pcb3;cont_50pct_mahalanobis_patch;0.5;mahalanobis_patch;10;10;10;5;392;201;101;100;3;5;95;0.8094;0.8394;0.7699;0.2300;0.5100;-0.0129;0.4922;0.6000;1;0.6000;0.6000;;;11.48
2026-02-18T00:28:54.837121;VisA/pcb3;cont_50pct_oracle_patch;0.5;oracle_patch;10;10;5;5;3920;201;101;100;3;5;95;0.8250;0.8423;0.7822;0.2800;0.3200;0.0027;1.1055;0.6000;1;0.6000;0.6000;;;5.02
2026-02-18T00:29:05.416751;VisA/pcb3;cont_50pct_ensemble_loo_mahal;0.5;ensemble_loo_mahal;10;10;10;5;392;201;101;100;3;5;95;0.8015;0.8323;0.7628;0.2600;0.4600;-0.0208;0.1797;0.6000;1;0.6000;0.6000;;;10.32
2026-02-18T00:29:16.001725;VisA/pcb3;cont_50pct_cosine_loo;0.5;cosine_loo;10;10;10;5;392;201;101;100;3;5;95;0.8237;0.8519;0.7895;0.3100;0.4600;0.0014;1.0547;0.6000;1;0.6000;0.6000;;;10.58
2026-02-18T00:29:25.126882;VisA/pcb3;cont_0pct_none;0.0;none;10;10;10;0;0;201;101;100;4;5;95;0.8214;0.8472;0.7615;0.2600;0.5400;;;;;;;;;8.99
2026-02-18T00:29:35.112476;VisA/pcb3;cont_0pct_loo_patch;0.0;loo_patch;10;10;10;0;392;201;101;100;4;5;95;0.8234;0.8448;0.7817;0.2500;0.4600;0.0020;;;;;;;;9.98
2026-02-18T00:29:43.805086;VisA/pcb3;cont_0pct_random_patch;0.0;random_patch;10;10;10;0;392;201;101;100;4;5;95;0.8174;0.8464;0.7739;0.2500;0.5300;-0.0040;;;;;;;;8.69
2026-02-18T00:29:54.173077;VisA/pcb3;cont_0pct_mahalanobis_patch;0.0;mahalanobis_patch;10;10;10;0;392;201;101;100;4;5;95;0.8207;0.8455;0.7629;0.2400;0.5300;-0.0007;;;;;;;;10.36
2026-02-18T00:29:54.186177;VisA/pcb3;cont_0pct_oracle_patch;0.0;oracle_patch;10;10;10;0;0;201;101;100;4;5;95;0.8214;0.8472;0.7615;0.2600;0.5400;0.0000;;;;;;;;0.01
2026-02-18T00:30:06.127786;VisA/pcb3;cont_0pct_ensemble_loo_mahal;0.0;ensemble_loo_mahal;10;10;10;0;392;201;101;100;4;5;95;0.8287;0.8507;0.7783;0.2600;0.4800;0.0073;;;;;;;;11.90
2026-02-18T00:30:15.621632;VisA/pcb3;cont_0pct_cosine_loo;0.0;cosine_loo;10;10;10;0;392;201;101;100;4;5;95;0.8203;0.8474;0.7583;0.3300;0.4700;-0.0011;;;;;;;;9.48
2026-02-18T00:30:25.773829;VisA/pcb3;cont_5pct_none;0.05;none;10;10;10;0;0;201;101;100;4;5;95;0.8214;0.8472;0.7615;0.2600;0.5400;0.0000;;;;;;;;10.14
2026-02-18T00:30:35.404241;VisA/pcb3;cont_5pct_loo_patch;0.05;loo_patch;10;10;10;0;392;201;101;100;4;5;95;0.8234;0.8448;0.7817;0.2500;0.4600;0.0020;1.0000;;;;;;;9.49
2026-02-18T00:30:44.416845;VisA/pcb3;cont_5pct_random_patch;0.05;random_patch;10;10;10;0;392;201;101;100;4;5;95;0.8174;0.8464;0.7739;0.2500;0.5300;-0.0040;1.0000;;;;;;;9.00
2026-02-18T00:30:57.600088;VisA/pcb3;cont_5pct_mahalanobis_patch;0.05;mahalanobis_patch;10;10;10;0;392;201;101;100;4;5;95;0.8207;0.8455;0.7629;0.2400;0.5300;-0.0007;1.0000;;;;;;;13.18
2026-02-18T00:30:57.621561;VisA/pcb3;cont_5pct_oracle_patch;0.05;oracle_patch;10;10;10;0;0;201;101;100;4;5;95;0.8214;0.8472;0.7615;0.2600;0.5400;0.0000;1.0000;;;;;;;0.02
2026-02-18T00:31:08.143926;VisA/pcb3;cont_5pct_ensemble_loo_mahal;0.05;ensemble_loo_mahal;10;10;10;0;392;201;101;100;4;5;95;0.8287;0.8507;0.7783;0.2600;0.4800;0.0073;1.0000;;;;;;;10.44
2026-02-18T00:31:19.044286;VisA/pcb3;cont_5pct_cosine_loo;0.05;cosine_loo;10;10;10;0;392;201;101;100;4;5;95;0.8203;0.8474;0.7583;0.3300;0.4700;-0.0011;1.0000;;;;;;;10.90
2026-02-18T00:31:27.629919;VisA/pcb3;cont_40pct_none;0.4;none;10;10;10;4;0;201;101;100;4;5;95;0.7845;0.8194;0.7342;0.2700;0.3800;-0.0369;;;;;;;;8.56
2026-02-18T00:31:38.040679;VisA/pcb3;cont_40pct_loo_patch;0.4;loo_patch;10;10;10;4;392;201;101;100;4;5;95;0.8349;0.8570;0.7662;0.3300;0.4900;0.0135;1.3646;0.8333;1;0.5000;0.5000;;;10.41
2026-02-18T00:31:46.509002;VisA/pcb3;cont_40pct_random_patch;0.4;random_patch;10;10;10;4;392;201;101;100;4;5;95;0.7903;0.8217;0.7449;0.3000;0.4000;-0.0311;0.1582;0.8333;1;0.5000;0.5000;;;8.46
2026-02-18T00:31:56.568851;VisA/pcb3;cont_40pct_mahalanobis_patch;0.4;mahalanobis_patch;10;10;10;4;392;201;101;100;4;5;95;0.8141;0.8476;0.7421;0.4600;0.4900;-0.0073;0.8016;0.8333;1;0.5000;0.5000;;;10.05
2026-02-18T00:32:02.275226;VisA/pcb3;cont_40pct_oracle_patch;0.4;oracle_patch;10;10;6;4;3136;201;101;100;4;5;95;0.8244;0.8452;0.7558;0.3000;0.5200;0.0030;1.0804;0.8333;1;0.5000;0.5000;;;5.70
2026-02-18T00:32:13.788687;VisA/pcb3;cont_40pct_ensemble_loo_mahal;0.4;ensemble_loo_mahal;10;10;10;4;392;201;101;100;4;5;95;0.8310;0.8550;0.7513;0.3400;0.5500;0.0096;1.2601;0.8333;1;0.5000;0.5000;;;11.51
2026-02-18T00:32:23.956646;VisA/pcb3;cont_40pct_cosine_loo;0.4;cosine_loo;10;10;10;4;392;201;101;100;4;5;95;0.8295;0.8468;0.7593;0.3300;0.4700;0.0081;1.2198;0.8333;1;0.5000;0.5000;;;10.16
2026-02-18T00:32:33.318592;VisA/pcb3;cont_50pct_none;0.5;none;10;10;10;5;0;201;101;100;4;5;95;0.7695;0.8060;0.7349;0.2700;0.3800;-0.0519;;;;;;;;9.34
2026-02-18T00:32:43.747059;VisA/pcb3;cont_50pct_loo_patch;0.5;loo_patch;10;10;10;5;392;201;101;100;4;5;95;0.8197;0.8520;0.7463;0.3800;0.5100;-0.0017;0.9676;0.8400;1;0.8000;0.8000;;;10.42
2026-02-18T00:32:51.837181;VisA/pcb3;cont_50pct_random_patch;0.5;random_patch;10;10;10;5;392;201;101;100;4;5;95;0.7656;0.8035;0.7387;0.3100;0.3900;-0.0557;-0.0744;0.8400;1;0.8000;0.8000;;;7.98
2026-02-18T00:33:03.850123;VisA/pcb3;cont_50pct_mahalanobis_patch;0.5;mahalanobis_patch;10;10;10;5;392;201;101;100;4;5;95;0.7839;0.8182;0.7182;0.2700;0.4700;-0.0375;0.2767;0.8400;1;0.8000;0.8000;;;12.00
2026-02-18T00:33:08.231879;VisA/pcb3;cont_50pct_oracle_patch;0.5;oracle_patch;10;10;5;5;3920;201;101;100;4;5;95;0.8246;0.8458;0.7560;0.2700;0.4700;0.0032;1.0611;0.8400;1;0.8000;0.8000;;;4.37
2026-02-18T00:33:20.085853;VisA/pcb3;cont_50pct_ensemble_loo_mahal;0.5;ensemble_loo_mahal;10;10;10;5;392;201;101;100;4;5;95;0.8178;0.8467;0.7424;0.3200;0.5000;-0.0036;0.9313;0.8400;1;0.8000;0.8000;;;11.85
2026-02-18T00:33:30.159153;VisA/pcb3;cont_50pct_cosine_loo;0.5;cosine_loo;10;10;10;5;392;201;101;100;4;5;95;0.8114;0.8441;0.7456;0.4000;0.5300;-0.0100;0.8073;0.8400;1;0.8000;0.8000;;;10.07
2026-02-18T00:33:43.895713;VisA/pcb4;cont_0pct_none;0.0;none;10;10;10;0;0;201;101;100;0;5;95;0.9873;0.9861;0.9608;0.7500;0.9500;;;;;;;;;10.24
2026-02-18T00:33:53.090080;VisA/pcb4;cont_0pct_loo_patch;0.0;loo_patch;10;10;10;0;392;201;101;100;0;5;95;0.9888;0.9886;0.9510;0.7800;0.9400;0.0015;;;;;;;;9.19
2026-02-18T00:34:02.672433;VisA/pcb4;cont_0pct_random_patch;0.0;random_patch;10;10;10;0;392;201;101;100;0;5;95;0.9889;0.9883;0.9608;0.7800;0.9700;0.0016;;;;;;;;9.57
2026-02-18T00:34:14.066945;VisA/pcb4;cont_0pct_mahalanobis_patch;0.0;mahalanobis_patch;10;10;10;0;392;201;101;100;0;5;95;0.9884;0.9887;0.9515;0.8400;0.9500;0.0011;;;;;;;;11.39
2026-02-18T00:34:14.081952;VisA/pcb4;cont_0pct_oracle_patch;0.0;oracle_patch;10;10;10;0;0;201;101;100;0;5;95;0.9873;0.9861;0.9608;0.7500;0.9500;0.0000;;;;;;;;0.01
2026-02-18T00:34:26.137608;VisA/pcb4;cont_0pct_ensemble_loo_mahal;0.0;ensemble_loo_mahal;10;10;10;0;392;201;101;100;0;5;95;0.9893;0.9893;0.9505;0.7900;0.9400;0.0020;;;;;;;;12.05
2026-02-18T00:34:35.894508;VisA/pcb4;cont_0pct_cosine_loo;0.0;cosine_loo;10;10;10;0;392;201;101;100;0;5;95;0.9882;0.9881;0.9447;0.8100;0.9400;0.0009;;;;;;;;9.75
2026-02-18T00:34:45.878899;VisA/pcb4;cont_5pct_none;0.05;none;10;10;10;0;0;201;101;100;0;5;95;0.9873;0.9861;0.9608;0.7500;0.9500;0.0000;;;;;;;;9.97
2026-02-18T00:34:56.401864;VisA/pcb4;cont_5pct_loo_patch;0.05;loo_patch;10;10;10;0;392;201;101;100;0;5;95;0.9888;0.9886;0.9510;0.7800;0.9400;0.0015;1.0000;;;;;;;10.51
2026-02-18T00:35:04.944755;VisA/pcb4;cont_5pct_random_patch;0.05;random_patch;10;10;10;0;392;201;101;100;0;5;95;0.9889;0.9883;0.9608;0.7800;0.9700;0.0016;1.0000;;;;;;;8.53
2026-02-18T00:35:17.314107;VisA/pcb4;cont_5pct_mahalanobis_patch;0.05;mahalanobis_patch;10;10;10;0;392;201;101;100;0;5;95;0.9884;0.9887;0.9515;0.8400;0.9500;0.0011;1.0000;;;;;;;12.37
2026-02-18T00:35:17.333543;VisA/pcb4;cont_5pct_oracle_patch;0.05;oracle_patch;10;10;10;0;0;201;101;100;0;5;95;0.9873;0.9861;0.9608;0.7500;0.9500;0.0000;1.0000;;;;;;;0.01
2026-02-18T00:35:28.060863;VisA/pcb4;cont_5pct_ensemble_loo_mahal;0.05;ensemble_loo_mahal;10;10;10;0;392;201;101;100;0;5;95;0.9893;0.9893;0.9505;0.7900;0.9400;0.0020;1.0000;;;;;;;10.56
2026-02-18T00:35:39.047957;VisA/pcb4;cont_5pct_cosine_loo;0.05;cosine_loo;10;10;10;0;392;201;101;100;0;5;95;0.9882;0.9881;0.9447;0.8100;0.9400;0.0009;1.0000;;;;;;;10.98
2026-02-18T00:35:47.882115;VisA/pcb4;cont_40pct_none;0.4;none;10;10;10;4;0;201;101;100;0;5;95;0.9226;0.9377;0.8878;0.5300;0.7600;-0.0648;;;;;;;;8.81
2026-02-18T00:35:58.753418;VisA/pcb4;cont_40pct_loo_patch;0.4;loo_patch;10;10;10;4;392;201;101;100;0;5;95;0.9509;0.9404;0.8950;0.4500;0.7500;-0.0364;0.4373;0.7500;0;0.5000;0.5000;;;10.87
2026-02-18T00:36:07.490624;VisA/pcb4;cont_40pct_random_patch;0.4;random_patch;10;10;10;4;392;201;101;100;0;5;95;0.9210;0.9346;0.8792;0.4500;0.7900;-0.0663;-0.0245;0.7500;0;0.5000;0.5000;;;8.39
2026-02-18T00:36:20.180200;VisA/pcb4;cont_40pct_mahalanobis_patch;0.4;mahalanobis_patch;10;10;10;4;392;201;101;100;0;5;95;0.9495;0.9464;0.8969;0.4600;0.8400;-0.0378;0.4159;0.7500;0;0.5000;0.5000;;;12.68
2026-02-18T00:36:26.348892;VisA/pcb4;cont_40pct_oracle_patch;0.4;oracle_patch;10;10;6;4;3136;201;101;100;0;5;95;0.9845;0.9836;0.9469;0.7100;0.9100;-0.0029;0.9557;0.7500;0;0.5000;0.5000;;;6.16
2026-02-18T00:36:38.374151;VisA/pcb4;cont_40pct_ensemble_loo_mahal;0.4;ensemble_loo_mahal;10;10;10;4;392;201;101;100;0;5;95;0.9459;0.9386;0.8750;0.3000;0.7600;-0.0414;0.3609;0.7500;0;0.5000;0.5000;;;11.92
2026-02-18T00:36:48.572654;VisA/pcb4;cont_40pct_cosine_loo;0.4;cosine_loo;10;10;10;4;392;201;101;100;0;5;95;0.9525;0.9449;0.8837;0.4200;0.7600;-0.0349;0.4618;0.7500;0;0.5000;0.5000;;;10.19
2026-02-18T00:36:58.036806;VisA/pcb4;cont_50pct_none;0.5;none;10;10;10;5;0;201;101;100;0;5;95;0.8732;0.8874;0.8426;0.2000;0.5800;-0.1142;;;;;;;;9.44
2026-02-18T00:37:08.640787;VisA/pcb4;cont_50pct_loo_patch;0.5;loo_patch;10;10;10;5;392;201;101;100;0;5;95;0.9279;0.9194;0.8612;0.3600;0.6600;-0.0594;0.4796;0.8400;1;0.8000;0.8000;;;10.60
2026-02-18T00:37:16.781460;VisA/pcb4;cont_50pct_random_patch;0.5;random_patch;10;10;10;5;392;201;101;100;0;5;95;0.8785;0.8952;0.8421;0.2100;0.6700;-0.1088;0.0468;0.8400;1;0.8000;0.8000;;;8.13
2026-02-18T00:37:28.809091;VisA/pcb4;cont_50pct_mahalanobis_patch;0.5;mahalanobis_patch;10;10;10;5;392;201;101;100;0;5;95;0.8938;0.8926;0.8367;0.2900;0.5700;-0.0936;0.1804;0.8400;1;0.8000;0.8000;;;12.02
2026-02-18T00:37:33.367062;VisA/pcb4;cont_50pct_oracle_patch;0.5;oracle_patch;10;10;5;5;3920;201;101;100;0;5;95;0.9809;0.9802;0.9378;0.7600;0.7800;-0.0064;0.9436;0.8400;1;0.8000;0.8000;;;4.55
2026-02-18T00:37:45.822817;VisA/pcb4;cont_50pct_ensemble_loo_mahal;0.5;ensemble_loo_mahal;10;10;10;5;392;201;101;100;0;5;95;0.9137;0.9064;0.8513;0.2500;0.5900;-0.0737;0.3547;0.8400;1;0.8000;0.8000;;;12.45
2026-02-18T00:37:55.437999;VisA/pcb4;cont_50pct_cosine_loo;0.5;cosine_loo;10;10;10;5;392;201;101;100;0;5;95;0.9073;0.9011;0.8438;0.2900;0.6800;-0.0800;0.2992;0.8400;1;0.8000;0.8000;;;9.61
2026-02-18T00:38:05.538495;VisA/pcb4;cont_0pct_none;0.0;none;10;10;10;0;0;201;101;100;1;5;95;0.9903;0.9899;0.9612;0.7900;0.9400;;;;;;;;;9.97
2026-02-18T00:38:16.222327;VisA/pcb4;cont_0pct_loo_patch;0.0;loo_patch;10;10;10;0;392;201;101;100;1;5;95;0.9862;0.9853;0.9505;0.7300;0.9300;-0.0041;;;;;;;;10.68
2026-02-18T00:38:24.539994;VisA/pcb4;cont_0pct_random_patch;0.0;random_patch;10;10;10;0;392;201;101;100;1;5;95;0.9900;0.9894;0.9659;0.8000;0.9400;-0.0003;;;;;;;;8.26
2026-02-18T00:38:36.625987;VisA/pcb4;cont_0pct_mahalanobis_patch;0.0;mahalanobis_patch;10;10;10;0;392;201;101;100;1;5;95;0.9894;0.9891;0.9561;0.8000;0.9200;-0.0009;;;;;;;;12.08
2026-02-18T00:38:36.641983;VisA/pcb4;cont_0pct_oracle_patch;0.0;oracle_patch;10;10;10;0;0;201;101;100;1;5;95;0.9903;0.9899;0.9612;0.7900;0.9400;0.0000;;;;;;;;0.01
2026-02-18T00:38:48.176469;VisA/pcb4;cont_0pct_ensemble_loo_mahal;0.0;ensemble_loo_mahal;10;10;10;0;392;201;101;100;1;5;95;0.9858;0.9850;0.9510;0.7300;0.9000;-0.0045;;;;;;;;11.18
2026-02-18T00:38:59.157379;VisA/pcb4;cont_0pct_cosine_loo;0.0;cosine_loo;10;10;10;0;392;201;101;100;1;5;95;0.9863;0.9855;0.9515;0.7500;0.9100;-0.0040;;;;;;;;10.98
2026-02-18T00:39:07.834377;VisA/pcb4;cont_5pct_none;0.05;none;10;10;10;0;0;201;101;100;1;5;95;0.9903;0.9899;0.9612;0.7900;0.9400;0.0000;;;;;;;;8.66
2026-02-18T00:39:18.760854;VisA/pcb4;cont_5pct_loo_patch;0.05;loo_patch;10;10;10;0;392;201;101;100;1;5;95;0.9862;0.9853;0.9505;0.7300;0.9300;-0.0041;1.0000;;;;;;;10.92
2026-02-18T00:39:27.412891;VisA/pcb4;cont_5pct_random_patch;0.05;random_patch;10;10;10;0;392;201;101;100;1;5;95;0.9900;0.9894;0.9659;0.8000;0.9400;-0.0003;1.0000;;;;;;;8.43
2026-02-18T00:39:39.685112;VisA/pcb4;cont_5pct_mahalanobis_patch;0.05;mahalanobis_patch;10;10;10;0;392;201;101;100;1;5;95;0.9894;0.9891;0.9561;0.8000;0.9200;-0.0009;1.0000;;;;;;;12.27
2026-02-18T00:39:39.707113;VisA/pcb4;cont_5pct_oracle_patch;0.05;oracle_patch;10;10;10;0;0;201;101;100;1;5;95;0.9903;0.9899;0.9612;0.7900;0.9400;0.0000;1.0000;;;;;;;0.01
2026-02-18T00:39:51.070934;VisA/pcb4;cont_5pct_ensemble_loo_mahal;0.05;ensemble_loo_mahal;10;10;10;0;392;201;101;100;1;5;95;0.9858;0.9850;0.9510;0.7300;0.9000;-0.0045;1.0000;;;;;;;10.66
2026-02-18T00:40:02.054552;VisA/pcb4;cont_5pct_cosine_loo;0.05;cosine_loo;10;10;10;0;392;201;101;100;1;5;95;0.9863;0.9855;0.9515;0.7500;0.9100;-0.0040;1.0000;;;;;;;10.98
2026-02-18T00:40:10.930304;VisA/pcb4;cont_40pct_none;0.4;none;10;10;10;4;0;201;101;100;1;5;95;0.9201;0.9383;0.8792;0.5100;0.7800;-0.0702;;;;;;;;8.85
2026-02-18T00:40:22.094576;VisA/pcb4;cont_40pct_loo_patch;0.4;loo_patch;10;10;10;4;392;201;101;100;1;5;95;0.9472;0.9409;0.8932;0.4400;0.7400;-0.0431;0.3865;1.0000;1;1.0000;1.0000;;;11.16
2026-02-18T00:40:31.251024;VisA/pcb4;cont_40pct_random_patch;0.4;random_patch;10;10;10;4;392;201;101;100;1;5;95;0.9181;0.9371;0.8867;0.5600;0.7800;-0.0722;-0.0282;1.0000;1;1.0000;1.0000;;;9.15
2026-02-18T00:40:43.763941;VisA/pcb4;cont_40pct_mahalanobis_patch;0.4;mahalanobis_patch;10;10;10;4;392;201;101;100;1;5;95;0.9394;0.9391;0.8762;0.4400;0.7700;-0.0509;0.2750;1.0000;1;1.0000;1.0000;;;12.51
2026-02-18T00:40:50.148265;VisA/pcb4;cont_40pct_oracle_patch;0.4;oracle_patch;10;10;6;4;3136;201;101;100;1;5;95;0.9857;0.9860;0.9417;0.8500;0.8600;-0.0046;0.9351;1.0000;1;1.0000;1.0000;;;6.38
2026-02-18T00:41:01.442644;VisA/pcb4;cont_40pct_ensemble_loo_mahal;0.4;ensemble_loo_mahal;10;10;10;4;392;201;101;100;1;5;95;0.9410;0.9380;0.8815;0.4400;0.7600;-0.0493;0.2976;1.0000;1;1.0000;1.0000;;;11.13
2026-02-18T00:41:12.726592;VisA/pcb4;cont_40pct_cosine_loo;0.4;cosine_loo;10;10;10;4;392;201;101;100;1;5;95;0.9356;0.9317;0.8780;0.4300;0.7300;-0.0547;0.2214;1.0000;1;1.0000;1.0000;;;11.28
2026-02-18T00:41:22.048756;VisA/pcb4;cont_50pct_none;0.5;none;10;10;10;5;0;201;101;100;1;5;95;0.9135;0.9342;0.8756;0.5300;0.7600;-0.0768;;;;;;;;8.90
2026-02-18T00:41:33.281358;VisA/pcb4;cont_50pct_loo_patch;0.5;loo_patch;10;10;10;5;392;201;101;100;1;5;95;0.9545;0.9524;0.8955;0.5000;0.7700;-0.0358;0.5335;1.0000;1;1.0000;1.0000;;;11.23
2026-02-18T00:41:42.817067;VisA/pcb4;cont_50pct_random_patch;0.5;random_patch;10;10;10;5;392;201;101;100;1;5;95;0.9101;0.9316;0.8750;0.5300;0.7400;-0.0802;-0.0438;1.0000;1;1.0000;1.0000;;;8.48
2026-02-18T00:41:55.182467;VisA/pcb4;cont_50pct_mahalanobis_patch;0.5;mahalanobis_patch;10;10;10;5;392;201;101;100;1;5;95;0.9431;0.9503;0.8844;0.5400;0.8100;-0.0472;0.3853;1.0000;1;1.0000;1.0000;;;12.36
2026-02-18T00:41:59.336206;VisA/pcb4;cont_50pct_oracle_patch;0.5;oracle_patch;10;10;5;5;3920;201;101;100;1;5;95;0.9897;0.9894;0.9552;0.7700;0.9600;-0.0006;0.9923;1.0000;1;1.0000;1.0000;;;4.15
2026-02-18T00:42:11.774592;VisA/pcb4;cont_50pct_ensemble_loo_mahal;0.5;ensemble_loo_mahal;10;10;10;5;392;201;101;100;1;5;95;0.9496;0.9459;0.8932;0.4300;0.7400;-0.0407;0.4704;1.0000;1;1.0000;1.0000;;;12.43
2026-02-18T00:42:21.505823;VisA/pcb4;cont_50pct_cosine_loo;0.5;cosine_loo;10;10;10;5;392;201;101;100;1;5;95;0.9412;0.9397;0.8878;0.5100;0.7700;-0.0491;0.3608;1.0000;1;1.0000;1.0000;;;9.72
2026-02-18T00:42:31.163225;VisA/pcb4;cont_0pct_none;0.0;none;10;10;10;0;0;201;101;100;2;5;95;0.9889;0.9886;0.9500;0.7700;0.9500;;;;;;;;;9.54
2026-02-18T00:42:42.145532;VisA/pcb4;cont_0pct_loo_patch;0.0;loo_patch;10;10;10;0;392;201;101;100;2;5;95;0.9857;0.9849;0.9442;0.7500;0.9300;-0.0032;;;;;;;;10.98
2026-02-18T00:42:50.511882;VisA/pcb4;cont_0pct_random_patch;0.0;random_patch;10;10;10;0;392;201;101;100;2;5;95;0.9891;0.9888;0.9500;0.8000;0.9500;0.0002;;;;;;;;8.21
2026-02-18T00:43:00.916175;VisA/pcb4;cont_0pct_mahalanobis_patch;0.0;mahalanobis_patch;10;10;10;0;392;201;101;100;2;5;95;0.9853;0.9852;0.9384;0.7900;0.8900;-0.0036;;;;;;;;10.40
2026-02-18T00:43:00.933015;VisA/pcb4;cont_0pct_oracle_patch;0.0;oracle_patch;10;10;10;0;0;201;101;100;2;5;95;0.9889;0.9886;0.9500;0.7700;0.9500;0.0000;;;;;;;;0.01
2026-02-18T00:43:11.861457;VisA/pcb4;cont_0pct_ensemble_loo_mahal;0.0;ensemble_loo_mahal;10;10;10;0;392;201;101;100;2;5;95;0.9851;0.9841;0.9390;0.6900;0.9200;-0.0038;;;;;;;;10.72
2026-02-18T00:43:23.109055;VisA/pcb4;cont_0pct_cosine_loo;0.0;cosine_loo;10;10;10;0;392;201;101;100;2;5;95;0.9848;0.9834;0.9453;0.6600;0.9300;-0.0042;;;;;;;;11.24
2026-02-18T00:43:32.125379;VisA/pcb4;cont_5pct_none;0.05;none;10;10;10;0;0;201;101;100;2;5;95;0.9889;0.9886;0.9500;0.7700;0.9500;0.0000;;;;;;;;9.00
2026-02-18T00:43:42.347294;VisA/pcb4;cont_5pct_loo_patch;0.05;loo_patch;10;10;10;0;392;201;101;100;2;5;95;0.9857;0.9849;0.9442;0.7500;0.9300;-0.0032;1.0000;;;;;;;10.22
2026-02-18T00:43:52.001340;VisA/pcb4;cont_5pct_random_patch;0.05;random_patch;10;10;10;0;392;201;101;100;2;5;95;0.9891;0.9888;0.9500;0.8000;0.9500;0.0002;1.0000;;;;;;;9.65
2026-02-18T00:44:03.006772;VisA/pcb4;cont_5pct_mahalanobis_patch;0.05;mahalanobis_patch;10;10;10;0;392;201;101;100;2;5;95;0.9853;0.9852;0.9384;0.7900;0.8900;-0.0036;1.0000;;;;;;;10.82
2026-02-18T00:44:03.027772;VisA/pcb4;cont_5pct_oracle_patch;0.05;oracle_patch;10;10;10;0;0;201;101;100;2;5;95;0.9889;0.9886;0.9500;0.7700;0.9500;0.0000;1.0000;;;;;;;0.01
2026-02-18T00:44:14.579559;VisA/pcb4;cont_5pct_ensemble_loo_mahal;0.05;ensemble_loo_mahal;10;10;10;0;392;201;101;100;2;5;95;0.9851;0.9841;0.9390;0.6900;0.9200;-0.0038;1.0000;;;;;;;11.48
2026-02-18T00:44:24.764721;VisA/pcb4;cont_5pct_cosine_loo;0.05;cosine_loo;10;10;10;0;392;201;101;100;2;5;95;0.9848;0.9834;0.9453;0.6600;0.9300;-0.0042;1.0000;;;;;;;10.18
2026-02-18T00:44:34.825830;VisA/pcb4;cont_40pct_none;0.4;none;10;10;10;4;0;201;101;100;2;5;95;0.9071;0.9124;0.8763;0.2700;0.6600;-0.0818;;;;;;;;10.04
2026-02-18T00:44:44.398828;VisA/pcb4;cont_40pct_loo_patch;0.4;loo_patch;10;10;10;4;392;201;101;100;2;5;95;0.9507;0.9382;0.9032;0.2700;0.7000;-0.0382;0.5327;0.9167;1;0.7500;0.7500;;;9.47
2026-02-18T00:44:54.274439;VisA/pcb4;cont_40pct_random_patch;0.4;random_patch;10;10;10;4;392;201;101;100;2;5;95;0.9125;0.9188;0.8867;0.3000;0.7200;-0.0764;0.0654;0.9167;1;0.7500;0.7500;;;9.87
2026-02-18T00:45:05.456873;VisA/pcb4;cont_40pct_mahalanobis_patch;0.4;mahalanobis_patch;10;10;10;4;392;201;101;100;2;5;95;0.9503;0.9457;0.8976;0.3800;0.7400;-0.0386;0.5278;0.9167;1;0.7500;0.7500;;;10.93
2026-02-18T00:45:11.607803;VisA/pcb4;cont_40pct_oracle_patch;0.4;oracle_patch;10;10;6;4;3136;201;101;100;2;5;95;0.9826;0.9828;0.9245;0.7700;0.9000;-0.0063;0.9225;0.9167;1;0.7500;0.7500;;;6.14
2026-02-18T00:45:24.286507;VisA/pcb4;cont_40pct_ensemble_loo_mahal;0.4;ensemble_loo_mahal;10;10;10;4;392;201;101;100;2;5;95;0.9625;0.9573;0.9032;0.4100;0.7600;-0.0264;0.6768;0.9167;1;0.7500;0.7500;;;11.82
2026-02-18T00:45:34.872949;VisA/pcb4;cont_40pct_cosine_loo;0.4;cosine_loo;10;10;10;4;392;201;101;100;2;5;95;0.9587;0.9527;0.8972;0.4200;0.8100;-0.0302;0.6308;0.9167;1;0.7500;0.7500;;;10.58
2026-02-18T00:45:44.935717;VisA/pcb4;cont_50pct_none;0.5;none;10;10;10;5;0;201;101;100;2;5;95;0.8570;0.8617;0.8387;0.2200;0.5300;-0.1319;;;;;;;;10.04
2026-02-18T00:45:54.169519;VisA/pcb4;cont_50pct_loo_patch;0.5;loo_patch;10;10;10;5;392;201;101;100;2;5;95;0.9018;0.8941;0.8643;0.2000;0.6300;-0.0871;0.3393;0.6800;1;0.6000;0.6000;;;9.23
2026-02-18T00:46:03.817106;VisA/pcb4;cont_50pct_random_patch;0.5;random_patch;10;10;10;5;392;201;101;100;2;5;95;0.8571;0.8648;0.8208;0.2400;0.4300;-0.1318;0.0008;0.6800;1;0.6000;0.6000;;;9.64
2026-02-18T00:46:16.657880;VisA/pcb4;cont_50pct_mahalanobis_patch;0.5;mahalanobis_patch;10;10;10;5;392;201;101;100;2;5;95;0.9140;0.9123;0.8641;0.2900;0.7500;-0.0750;0.4317;0.6800;1;0.6000;0.6000;;;10.69
2026-02-18T00:46:21.834218;VisA/pcb4;cont_50pct_oracle_patch;0.5;oracle_patch;10;10;5;5;3920;201;101;100;2;5;95;0.9744;0.9745;0.9151;0.6600;0.8400;-0.0146;0.8896;0.6800;1;0.6000;0.6000;;;5.17
2026-02-18T00:46:32.627117;VisA/pcb4;cont_50pct_ensemble_loo_mahal;0.5;ensemble_loo_mahal;10;10;10;5;392;201;101;100;2;5;95;0.8970;0.8931;0.8440;0.2600;0.6100;-0.0919;0.3033;0.6800;1;0.6000;0.6000;;;10.75
2026-02-18T00:46:43.454117;VisA/pcb4;cont_50pct_cosine_loo;0.5;cosine_loo;10;10;10;5;392;201;101;100;2;5;95;0.8937;0.8873;0.8387;0.2200;0.6100;-0.0952;0.2778;0.6800;1;0.6000;0.6000;;;10.82
2026-02-18T00:46:53.199562;VisA/pcb4;cont_0pct_none;0.0;none;10;10;10;0;0;201;101;100;3;5;95;0.9711;0.9683;0.9300;0.5700;0.8700;;;;;;;;;9.00
2026-02-18T00:47:04.064268;VisA/pcb4;cont_0pct_loo_patch;0.0;loo_patch;10;10;10;0;392;201;101;100;3;5;95;0.9730;0.9686;0.9412;0.6400;0.8800;0.0019;;;;;;;;10.85
2026-02-18T00:47:13.822050;VisA/pcb4;cont_0pct_random_patch;0.0;random_patch;10;10;10;0;392;201;101;100;3;5;95;0.9748;0.9717;0.9347;0.6000;0.9100;0.0037;;;;;;;;9.75
2026-02-18T00:47:25.387483;VisA/pcb4;cont_0pct_mahalanobis_patch;0.0;mahalanobis_patch;10;10;10;0;392;201;101;100;3;5;95;0.9712;0.9672;0.9372;0.6600;0.8100;0.0001;;;;;;;;11.12
2026-02-18T00:47:25.401483;VisA/pcb4;cont_0pct_oracle_patch;0.0;oracle_patch;10;10;10;0;0;201;101;100;3;5;95;0.9711;0.9683;0.9300;0.5700;0.8700;0.0000;;;;;;;;0.01
2026-02-18T00:47:36.660652;VisA/pcb4;cont_0pct_ensemble_loo_mahal;0.0;ensemble_loo_mahal;10;10;10;0;392;201;101;100;3;5;95;0.9786;0.9762;0.9378;0.6900;0.8900;0.0075;;;;;;;;11.18
2026-02-18T00:47:46.709989;VisA/pcb4;cont_0pct_cosine_loo;0.0;cosine_loo;10;10;10;0;392;201;101;100;3;5;95;0.9765;0.9713;0.9406;0.6900;0.9000;0.0054;;;;;;;;10.05
2026-02-18T00:47:56.738450;VisA/pcb4;cont_5pct_none;0.05;none;10;10;10;0;0;201;101;100;3;5;95;0.9711;0.9683;0.9300;0.5700;0.8700;0.0000;;;;;;;;10.01
2026-02-18T00:48:05.775980;VisA/pcb4;cont_5pct_loo_patch;0.05;loo_patch;10;10;10;0;392;201;101;100;3;5;95;0.9730;0.9686;0.9412;0.6400;0.8800;0.0019;1.0000;;;;;;;9.03
2026-02-18T00:48:15.424814;VisA/pcb4;cont_5pct_random_patch;0.05;random_patch;10;10;10;0;392;201;101;100;3;5;95;0.9748;0.9717;0.9347;0.6000;0.9100;0.0037;1.0000;;;;;;;9.64
2026-02-18T00:48:25.762084;VisA/pcb4;cont_5pct_mahalanobis_patch;0.05;mahalanobis_patch;10;10;10;0;392;201;101;100;3;5;95;0.9712;0.9672;0.9372;0.6600;0.8100;0.0001;1.0000;;;;;;;10.33
2026-02-18T00:48:25.778090;VisA/pcb4;cont_5pct_oracle_patch;0.05;oracle_patch;10;10;10;0;0;201;101;100;3;5;95;0.9711;0.9683;0.9300;0.5700;0.8700;0.0000;1.0000;;;;;;;0.01
2026-02-18T00:48:38.276746;VisA/pcb4;cont_5pct_ensemble_loo_mahal;0.05;ensemble_loo_mahal;10;10;10;0;392;201;101;100;3;5;95;0.9786;0.9762;0.9378;0.6900;0.8900;0.0075;1.0000;;;;;;;12.42
2026-02-18T00:48:47.506435;VisA/pcb4;cont_5pct_cosine_loo;0.05;cosine_loo;10;10;10;0;392;201;101;100;3;5;95;0.9765;0.9713;0.9406;0.6900;0.9000;0.0054;1.0000;;;;;;;9.23
2026-02-18T00:48:57.465540;VisA/pcb4;cont_40pct_none;0.4;none;10;10;10;4;0;201;101;100;3;5;95;0.8577;0.8721;0.8350;0.3600;0.5800;-0.1134;;;;;;;;9.93
2026-02-18T00:49:06.394182;VisA/pcb4;cont_40pct_loo_patch;0.4;loo_patch;10;10;10;4;392;201;101;100;3;5;95;0.8753;0.8713;0.8230;0.1900;0.5500;-0.0957;0.1555;0.5833;0;0.2500;0.2500;;;8.92
2026-02-18T00:49:16.510879;VisA/pcb4;cont_40pct_random_patch;0.4;random_patch;10;10;10;4;392;201;101;100;3;5;95;0.8542;0.8665;0.8224;0.3200;0.5200;-0.1169;-0.0314;0.5833;0;0.2500;0.2500;;;10.11
2026-02-18T00:49:27.416935;VisA/pcb4;cont_40pct_mahalanobis_patch;0.4;mahalanobis_patch;10;10;10;4;392;201;101;100;3;5;95;0.8496;0.8502;0.8219;0.2400;0.5100;-0.1215;-0.0716;0.5833;0;0.2500;0.2500;;;10.90
2026-02-18T00:49:33.139872;VisA/pcb4;cont_40pct_oracle_patch;0.4;oracle_patch;10;10;6;4;3136;201;101;100;3;5;95;0.9649;0.9622;0.9163;0.6900;0.8000;-0.0062;0.9450;0.5833;0;0.2500;0.2500;;;5.72
2026-02-18T00:49:45.227273;VisA/pcb4;cont_40pct_ensemble_loo_mahal;0.4;ensemble_loo_mahal;10;10;10;4;392;201;101;100;3;5;95;0.8600;0.8526;0.8288;0.2100;0.5400;-0.1111;0.0201;0.5833;0;0.2500;0.2500;;;12.08
2026-02-18T00:49:54.640765;VisA/pcb4;cont_40pct_cosine_loo;0.4;cosine_loo;10;10;10;4;392;201;101;100;3;5;95;0.8758;0.8755;0.8213;0.2700;0.5500;-0.0952;0.1598;0.5833;0;0.2500;0.2500;;;9.40
2026-02-18T00:50:04.941889;VisA/pcb4;cont_50pct_none;0.5;none;10;10;10;5;0;201;101;100;3;5;95;0.7464;0.7537;0.7401;0.1500;0.2600;-0.2247;;;;;;;;10.28
2026-02-18T00:50:14.474417;VisA/pcb4;cont_50pct_loo_patch;0.5;loo_patch;10;10;10;5;392;201;101;100;3;5;95;0.7622;0.7638;0.7149;0.1100;0.3300;-0.2089;0.0701;0.6800;0;0.6000;0.6000;;;9.33
2026-02-18T00:50:23.884421;VisA/pcb4;cont_50pct_random_patch;0.5;random_patch;10;10;10;5;392;201;101;100;3;5;95;0.7433;0.7495;0.7368;0.1400;0.2500;-0.2278;-0.0141;0.6800;0;0.6000;0.6000;;;9.40
2026-02-18T00:50:35.043339;VisA/pcb4;cont_50pct_mahalanobis_patch;0.5;mahalanobis_patch;10;10;10;5;392;201;101;100;3;5;95;0.7532;0.7601;0.7170;0.1200;0.3500;-0.2179;0.0300;0.6800;0;0.6000;0.6000;;;10.57
2026-02-18T00:50:40.070784;VisA/pcb4;cont_50pct_oracle_patch;0.5;oracle_patch;10;10;5;5;3920;201;101;100;3;5;95;0.9319;0.9220;0.8923;0.4200;0.5900;-0.0392;0.8255;0.6800;0;0.6000;0.6000;;;5.02
2026-02-18T00:50:52.689617;VisA/pcb4;cont_50pct_ensemble_loo_mahal;0.5;ensemble_loo_mahal;10;10;10;5;392;201;101;100;3;5;95;0.7257;0.7287;0.6931;0.0900;0.3000;-0.2453;-0.0921;0.6800;0;0.6000;0.6000;;;12.26
2026-02-18T00:51:02.370330;VisA/pcb4;cont_50pct_cosine_loo;0.5;cosine_loo;10;10;10;5;392;201;101;100;3;5;95;0.7511;0.7687;0.7130;0.1800;0.3500;-0.2200;0.0207;0.6800;0;0.6000;0.6000;;;9.67
2026-02-18T00:51:12.823902;VisA/pcb4;cont_0pct_none;0.0;none;10;10;10;0;0;201;101;100;4;5;95;0.9896;0.9877;0.9662;0.8000;0.9600;;;;;;;;;10.30
2026-02-18T00:51:22.290695;VisA/pcb4;cont_0pct_loo_patch;0.0;loo_patch;10;10;10;0;392;201;101;100;4;5;95;0.9916;0.9913;0.9608;0.7800;0.9500;0.0020;;;;;;;;9.46
2026-02-18T00:51:32.111283;VisA/pcb4;cont_0pct_random_patch;0.0;random_patch;10;10;10;0;392;201;101;100;4;5;95;0.9896;0.9878;0.9615;0.7400;0.9700;0.0000;;;;;;;;9.82
2026-02-18T00:51:42.923824;VisA/pcb4;cont_0pct_mahalanobis_patch;0.0;mahalanobis_patch;10;10;10;0;392;201;101;100;4;5;95;0.9851;0.9834;0.9557;0.6300;0.9500;-0.0045;;;;;;;;10.67
2026-02-18T00:51:42.941204;VisA/pcb4;cont_0pct_oracle_patch;0.0;oracle_patch;10;10;10;0;0;201;101;100;4;5;95;0.9896;0.9877;0.9662;0.8000;0.9600;0.0000;;;;;;;;0.01
2026-02-18T00:51:55.600674;VisA/pcb4;cont_0pct_ensemble_loo_mahal;0.0;ensemble_loo_mahal;10;10;10;0;392;201;101;100;4;5;95;0.9860;0.9844;0.9615;0.6600;0.9500;-0.0036;;;;;;;;12.46
2026-02-18T00:52:05.247296;VisA/pcb4;cont_0pct_cosine_loo;0.0;cosine_loo;10;10;10;0;392;201;101;100;4;5;95;0.9872;0.9864;0.9515;0.7300;0.9000;-0.0024;;;;;;;;9.63
2026-02-18T00:52:15.797796;VisA/pcb4;cont_5pct_none;0.05;none;10;10;10;0;0;201;101;100;4;5;95;0.9896;0.9877;0.9662;0.8000;0.9600;0.0000;;;;;;;;10.54
2026-02-18T00:52:25.642369;VisA/pcb4;cont_5pct_loo_patch;0.05;loo_patch;10;10;10;0;392;201;101;100;4;5;95;0.9916;0.9913;0.9608;0.7800;0.9500;0.0020;1.0000;;;;;;;9.84
2026-02-18T00:52:35.213460;VisA/pcb4;cont_5pct_random_patch;0.05;random_patch;10;10;10;0;392;201;101;100;4;5;95;0.9896;0.9878;0.9615;0.7400;0.9700;0.0000;1.0000;;;;;;;9.46
2026-02-18T00:52:46.594975;VisA/pcb4;cont_5pct_mahalanobis_patch;0.05;mahalanobis_patch;10;10;10;0;392;201;101;100;4;5;95;0.9851;0.9834;0.9557;0.6300;0.9500;-0.0045;1.0000;;;;;;;11.38
2026-02-18T00:52:46.609950;VisA/pcb4;cont_5pct_oracle_patch;0.05;oracle_patch;10;10;10;0;0;201;101;100;4;5;95;0.9896;0.9877;0.9662;0.8000;0.9600;0.0000;1.0000;;;;;;;0.01
2026-02-18T00:52:58.942618;VisA/pcb4;cont_5pct_ensemble_loo_mahal;0.05;ensemble_loo_mahal;10;10;10;0;392;201;101;100;4;5;95;0.9860;0.9844;0.9615;0.6600;0.9500;-0.0036;1.0000;;;;;;;12.32
2026-02-18T00:53:08.851268;VisA/pcb4;cont_5pct_cosine_loo;0.05;cosine_loo;10;10;10;0;392;201;101;100;4;5;95;0.9872;0.9864;0.9515;0.7300;0.9000;-0.0024;1.0000;;;;;;;9.90
2026-02-18T00:53:18.272388;VisA/pcb4;cont_40pct_none;0.4;none;10;10;10;4;0;201;101;100;4;5;95;0.9428;0.9575;0.9231;0.6200;0.8900;-0.0468;;;;;;;;9.40
2026-02-18T00:53:29.284600;VisA/pcb4;cont_40pct_loo_patch;0.4;loo_patch;10;10;10;4;392;201;101;100;4;5;95;0.9778;0.9758;0.9360;0.6800;0.9200;-0.0118;0.7484;0.6667;1;0.5000;0.5000;;;11.00
2026-02-18T00:53:37.493608;VisA/pcb4;cont_40pct_random_patch;0.4;random_patch;10;10;10;4;392;201;101;100;4;5;95;0.9450;0.9606;0.9307;0.6800;0.9100;-0.0447;0.0465;0.6667;1;0.5000;0.5000;;;8.20
2026-02-18T00:53:49.784397;VisA/pcb4;cont_40pct_mahalanobis_patch;0.4;mahalanobis_patch;10;10;10;4;392;201;101;100;4;5;95;0.9701;0.9736;0.9307;0.7100;0.8600;-0.0195;0.5835;0.6667;1;0.5000;0.5000;;;12.29
2026-02-18T00:53:55.158759;VisA/pcb4;cont_40pct_oracle_patch;0.4;oracle_patch;10;10;6;4;3136;201;101;100;4;5;95;0.9918;0.9913;0.9655;0.8100;0.9800;0.0022;1.0465;0.6667;1;0.5000;0.5000;;;5.37
2026-02-18T00:54:06.567398;VisA/pcb4;cont_40pct_ensemble_loo_mahal;0.4;ensemble_loo_mahal;10;10;10;4;392;201;101;100;4;5;95;0.9691;0.9707;0.9366;0.7100;0.8800;-0.0205;0.5624;0.6667;1;0.5000;0.5000;;;11.40
2026-02-18T00:54:16.606862;VisA/pcb4;cont_40pct_cosine_loo;0.4;cosine_loo;10;10;10;4;392;201;101;100;4;5;95;0.9728;0.9745;0.9372;0.6400;0.9200;-0.0168;0.6406;0.6667;1;0.5000;0.5000;;;10.03
2026-02-18T00:54:26.019148;VisA/pcb4;cont_50pct_none;0.5;none;10;10;10;5;0;201;101;100;4;5;95;0.9271;0.9458;0.9029;0.6400;0.8600;-0.0625;;;;;;;;9.38
2026-02-18T00:54:37.575112;VisA/pcb4;cont_50pct_loo_patch;0.5;loo_patch;10;10;10;5;392;201;101;100;4;5;95;0.9636;0.9630;0.9289;0.7300;0.8200;-0.0260;0.5832;0.5600;0;0.6000;0.6000;;;11.55
2026-02-18T00:54:46.091302;VisA/pcb4;cont_50pct_random_patch;0.5;random_patch;10;10;10;5;392;201;101;100;4;5;95;0.9277;0.9481;0.9163;0.6300;0.8500;-0.0619;0.0095;0.5600;0;0.6000;0.6000;;;8.51
2026-02-18T00:54:58.154575;VisA/pcb4;cont_50pct_mahalanobis_patch;0.5;mahalanobis_patch;10;10;10;5;392;201;101;100;4;5;95;0.9554;0.9594;0.9216;0.5900;0.8300;-0.0342;0.4532;0.5600;0;0.6000;0.6000;;;12.05
2026-02-18T00:55:03.375993;VisA/pcb4;cont_50pct_oracle_patch;0.5;oracle_patch;10;10;5;5;3920;201;101;100;4;5;95;0.9940;0.9938;0.9703;0.8400;0.9800;0.0044;1.0697;0.5600;0;0.6000;0.6000;;;5.22
2026-02-18T00:55:15.808083;VisA/pcb4;cont_50pct_ensemble_loo_mahal;0.5;ensemble_loo_mahal;10;10;10;5;392;201;101;100;4;5;95;0.9657;0.9671;0.9194;0.7400;0.7800;-0.0239;0.6181;0.5600;0;0.6000;0.6000;;;12.07
2026-02-18T00:55:26.856523;VisA/pcb4;cont_50pct_cosine_loo;0.5;cosine_loo;10;10;10;5;392;201;101;100;4;5;95;0.9646;0.9654;0.9327;0.6700;0.8600;-0.0250;0.5990;0.5600;0;0.6000;0.6000;;;11.04
2026-02-18T00:55:35.472539;VisA/pipe_fryum;cont_0pct_none;0.0;none;10;10;10;0;0;150;50;100;0;5;95;0.7254;0.8722;0.8097;0.3600;0.4200;;;;;;;;;6.95
2026-02-18T00:55:43.835588;VisA/pipe_fryum;cont_0pct_loo_patch;0.0;loo_patch;10;10;10;0;392;150;50;100;0;5;95;0.6940;0.8502;0.8097;0.2300;0.3500;-0.0314;;;;;;;;8.36
2026-02-18T00:55:50.961364;VisA/pipe_fryum;cont_0pct_random_patch;0.0;random_patch;10;10;10;0;392;150;50;100;0;5;95;0.7264;0.8707;0.8065;0.3100;0.4300;0.0010;;;;;;;;6.49
2026-02-18T00:56:00.586260;VisA/pipe_fryum;cont_0pct_mahalanobis_patch;0.0;mahalanobis_patch;10;10;10;0;392;150;50;100;0;5;95;0.7176;0.8648;0.8065;0.2900;0.4200;-0.0078;;;;;;;;9.62
2026-02-18T00:56:00.608986;VisA/pipe_fryum;cont_0pct_oracle_patch;0.0;oracle_patch;10;10;10;0;0;150;50;100;0;5;95;0.7254;0.8722;0.8097;0.3600;0.4200;0.0000;;;;;;;;0.02
2026-02-18T00:56:10.014452;VisA/pipe_fryum;cont_0pct_ensemble_loo_mahal;0.0;ensemble_loo_mahal;10;10;10;0;392;150;50;100;0;5;95;0.7068;0.8585;0.8065;0.2600;0.4000;-0.0186;;;;;;;;9.32
2026-02-18T00:56:17.355200;VisA/pipe_fryum;cont_0pct_cosine_loo;0.0;cosine_loo;10;10;10;0;392;150;50;100;0;5;95;0.6840;0.8430;0.8065;0.2400;0.3600;-0.0414;;;;;;;;7.34
2026-02-18T00:56:25.133556;VisA/pipe_fryum;cont_5pct_none;0.05;none;10;10;10;0;0;150;50;100;0;5;95;0.7254;0.8722;0.8097;0.3600;0.4200;0.0000;;;;;;;;7.76
2026-02-18T00:56:33.739817;VisA/pipe_fryum;cont_5pct_loo_patch;0.05;loo_patch;10;10;10;0;392;150;50;100;0;5;95;0.6940;0.8502;0.8097;0.2300;0.3500;-0.0314;1.0000;;;;;;;8.40
2026-02-18T00:56:39.933536;VisA/pipe_fryum;cont_5pct_random_patch;0.05;random_patch;10;10;10;0;392;150;50;100;0;5;95;0.7264;0.8707;0.8065;0.3100;0.4300;0.0010;1.0000;;;;;;;6.19
2026-02-18T00:56:49.512808;VisA/pipe_fryum;cont_5pct_mahalanobis_patch;0.05;mahalanobis_patch;10;10;10;0;392;150;50;100;0;5;95;0.7176;0.8648;0.8065;0.2900;0.4200;-0.0078;1.0000;;;;;;;9.58
2026-02-18T00:56:49.530247;VisA/pipe_fryum;cont_5pct_oracle_patch;0.05;oracle_patch;10;10;10;0;0;150;50;100;0;5;95;0.7254;0.8722;0.8097;0.3600;0.4200;0.0000;1.0000;;;;;;;0.01
2026-02-18T00:56:57.786761;VisA/pipe_fryum;cont_5pct_ensemble_loo_mahal;0.05;ensemble_loo_mahal;10;10;10;0;392;150;50;100;0;5;95;0.7068;0.8585;0.8065;0.2600;0.4000;-0.0186;1.0000;;;;;;;8.17
2026-02-18T00:57:06.466535;VisA/pipe_fryum;cont_5pct_cosine_loo;0.05;cosine_loo;10;10;10;0;392;150;50;100;0;5;95;0.6840;0.8430;0.8065;0.2400;0.3600;-0.0414;1.0000;;;;;;;8.68
2026-02-18T00:57:14.505967;VisA/pipe_fryum;cont_40pct_none;0.4;none;10;10;10;4;0;150;50;100;0;5;95;0.6656;0.8441;0.8000;0.3000;0.4300;-0.0598;;;;;;;;8.00
2026-02-18T00:57:21.407110;VisA/pipe_fryum;cont_40pct_loo_patch;0.4;loo_patch;10;10;10;4;392;150;50;100;0;5;95;0.6552;0.8324;0.8000;0.2300;0.3600;-0.0702;-0.1739;0.6250;0;0.5000;0.5000;;;6.90
2026-02-18T00:57:29.177178;VisA/pipe_fryum;cont_40pct_random_patch;0.4;random_patch;10;10;10;4;392;150;50;100;0;5;95;0.6660;0.8448;0.8000;0.3200;0.4300;-0.0594;0.0067;0.6250;0;0.5000;0.5000;;;7.75
2026-02-18T00:57:39.023130;VisA/pipe_fryum;cont_40pct_mahalanobis_patch;0.4;mahalanobis_patch;10;10;10;4;392;150;50;100;0;5;95;0.6710;0.8446;0.8000;0.2800;0.4100;-0.0544;0.0903;0.6250;0;0.5000;0.5000;;;9.69
2026-02-18T00:57:42.489286;VisA/pipe_fryum;cont_40pct_oracle_patch;0.4;oracle_patch;10;10;6;4;3136;150;50;100;0;5;95;0.7084;0.8570;0.8065;0.2500;0.4300;-0.0170;0.7157;0.6250;0;0.5000;0.5000;;;3.46
2026-02-18T00:57:52.082759;VisA/pipe_fryum;cont_40pct_ensemble_loo_mahal;0.4;ensemble_loo_mahal;10;10;10;4;392;150;50;100;0;5;95;0.6622;0.8380;0.8000;0.2400;0.3900;-0.0632;-0.0569;0.6250;0;0.5000;0.5000;;;9.59
2026-02-18T00:58:00.736976;VisA/pipe_fryum;cont_40pct_cosine_loo;0.4;cosine_loo;10;10;10;4;392;150;50;100;0;5;95;0.6454;0.8228;0.8000;0.1900;0.2900;-0.0800;-0.3378;0.6250;0;0.5000;0.5000;;;8.64
2026-02-18T00:58:07.347260;VisA/pipe_fryum;cont_50pct_none;0.5;none;10;10;10;5;0;150;50;100;0;5;95;0.6566;0.8399;0.8000;0.3100;0.4300;-0.0688;;;;;;;;6.59
2026-02-18T00:58:15.653262;VisA/pipe_fryum;cont_50pct_loo_patch;0.5;loo_patch;10;10;10;5;392;150;50;100;0;5;95;0.6756;0.8420;0.8000;0.2200;0.3900;-0.0498;0.2762;0.6000;0;0.6000;0.6000;;;8.30
2026-02-18T00:58:23.297020;VisA/pipe_fryum;cont_50pct_random_patch;0.5;random_patch;10;10;10;5;392;150;50;100;0;5;95;0.6556;0.8404;0.8000;0.3200;0.4300;-0.0698;-0.0145;0.6000;0;0.6000;0.6000;;;7.51
2026-02-18T00:58:31.841422;VisA/pipe_fryum;cont_50pct_mahalanobis_patch;0.5;mahalanobis_patch;10;10;10;5;392;150;50;100;0;5;95;0.6820;0.8497;0.8000;0.3200;0.4200;-0.0434;0.3692;0.6000;0;0.6000;0.6000;;;8.36
2026-02-18T00:58:35.670456;VisA/pipe_fryum;cont_50pct_oracle_patch;0.5;oracle_patch;10;10;5;5;3920;150;50;100;0;5;95;0.7314;0.8663;0.8049;0.2400;0.4100;0.0060;1.0872;0.6000;0;0.6000;0.6000;;;3.82
2026-02-18T00:58:45.249068;VisA/pipe_fryum;cont_50pct_ensemble_loo_mahal;0.5;ensemble_loo_mahal;10;10;10;5;392;150;50;100;0;5;95;0.6762;0.8448;0.8000;0.2700;0.3800;-0.0492;0.2849;0.6000;0;0.6000;0.6000;;;9.39
2026-02-18T00:58:51.959794;VisA/pipe_fryum;cont_50pct_cosine_loo;0.5;cosine_loo;10;10;10;5;392;150;50;100;0;5;95;0.6618;0.8302;0.8000;0.2100;0.3200;-0.0636;0.0756;0.6000;0;0.6000;0.6000;;;6.71
2026-02-18T00:58:59.940058;VisA/pipe_fryum;cont_0pct_none;0.0;none;10;10;10;0;0;150;50;100;1;5;95;0.6974;0.8577;0.8000;0.3300;0.4200;;;;;;;;;7.84
2026-02-18T00:59:08.374926;VisA/pipe_fryum;cont_0pct_loo_patch;0.0;loo_patch;10;10;10;0;392;150;50;100;1;5;95;0.6884;0.8494;0.8016;0.2800;0.4000;-0.0090;;;;;;;;8.43
2026-02-18T00:59:14.356937;VisA/pipe_fryum;cont_0pct_random_patch;0.0;random_patch;10;10;10;0;392;150;50;100;1;5;95;0.6966;0.8557;0.8000;0.3400;0.4000;-0.0008;;;;;;;;5.94
2026-02-18T00:59:23.918574;VisA/pipe_fryum;cont_0pct_mahalanobis_patch;0.0;mahalanobis_patch;10;10;10;0;392;150;50;100;1;5;95;0.7048;0.8600;0.8000;0.3000;0.4300;0.0074;;;;;;;;9.56
2026-02-18T00:59:23.937642;VisA/pipe_fryum;cont_0pct_oracle_patch;0.0;oracle_patch;10;10;10;0;0;150;50;100;1;5;95;0.6974;0.8577;0.8000;0.3300;0.4200;0.0000;;;;;;;;0.01
2026-02-18T00:59:32.462897;VisA/pipe_fryum;cont_0pct_ensemble_loo_mahal;0.0;ensemble_loo_mahal;10;10;10;0;392;150;50;100;1;5;95;0.6940;0.8536;0.8016;0.3100;0.4200;-0.0034;;;;;;;;8.37
2026-02-18T00:59:40.568626;VisA/pipe_fryum;cont_0pct_cosine_loo;0.0;cosine_loo;10;10;10;0;392;150;50;100;1;5;95;0.6856;0.8483;0.8033;0.3000;0.3800;-0.0118;;;;;;;;8.10
2026-02-18T00:59:48.022042;VisA/pipe_fryum;cont_5pct_none;0.05;none;10;10;10;0;0;150;50;100;1;5;95;0.6974;0.8577;0.8000;0.3300;0.4200;0.0000;;;;;;;;7.44
2026-02-18T00:59:55.077671;VisA/pipe_fryum;cont_5pct_loo_patch;0.05;loo_patch;10;10;10;0;392;150;50;100;1;5;95;0.6884;0.8494;0.8016;0.2800;0.4000;-0.0090;1.0000;;;;;;;6.74
2026-02-18T01:00:02.185871;VisA/pipe_fryum;cont_5pct_random_patch;0.05;random_patch;10;10;10;0;392;150;50;100;1;5;95;0.6966;0.8557;0.8000;0.3400;0.4000;-0.0008;1.0000;;;;;;;7.10
2026-02-18T01:00:11.994335;VisA/pipe_fryum;cont_5pct_mahalanobis_patch;0.05;mahalanobis_patch;10;10;10;0;392;150;50;100;1;5;95;0.7048;0.8600;0.8000;0.3000;0.4300;0.0074;1.0000;;;;;;;9.80
2026-02-18T01:00:12.008789;VisA/pipe_fryum;cont_5pct_oracle_patch;0.05;oracle_patch;10;10;10;0;0;150;50;100;1;5;95;0.6974;0.8577;0.8000;0.3300;0.4200;0.0000;1.0000;;;;;;;0.01
2026-02-18T01:00:20.750679;VisA/pipe_fryum;cont_5pct_ensemble_loo_mahal;0.05;ensemble_loo_mahal;10;10;10;0;392;150;50;100;1;5;95;0.6940;0.8536;0.8016;0.3100;0.4200;-0.0034;1.0000;;;;;;;8.54
2026-02-18T01:00:29.481187;VisA/pipe_fryum;cont_5pct_cosine_loo;0.05;cosine_loo;10;10;10;0;392;150;50;100;1;5;95;0.6856;0.8483;0.8033;0.3000;0.3800;-0.0118;1.0000;;;;;;;8.72
2026-02-18T01:00:36.839876;VisA/pipe_fryum;cont_40pct_none;0.4;none;10;10;10;4;0;150;50;100;1;5;95;0.6614;0.8417;0.8000;0.3200;0.3600;-0.0360;;;;;;;;7.17
2026-02-18T01:00:43.898860;VisA/pipe_fryum;cont_40pct_loo_patch;0.4;loo_patch;10;10;10;4;392;150;50;100;1;5;95;0.6744;0.8491;0.8000;0.3600;0.4000;-0.0230;0.3611;0.6250;1;0.5000;0.5000;;;7.05
2026-02-18T01:00:51.017500;VisA/pipe_fryum;cont_40pct_random_patch;0.4;random_patch;10;10;10;4;392;150;50;100;1;5;95;0.6638;0.8432;0.8000;0.3300;0.3700;-0.0336;0.0667;0.6250;1;0.5000;0.5000;;;7.11
2026-02-18T01:01:00.323851;VisA/pipe_fryum;cont_40pct_mahalanobis_patch;0.4;mahalanobis_patch;10;10;10;4;392;150;50;100;1;5;95;0.6838;0.8534;0.8000;0.3500;0.3800;-0.0136;0.6222;0.6250;1;0.5000;0.5000;;;9.20
2026-02-18T01:01:04.015689;VisA/pipe_fryum;cont_40pct_oracle_patch;0.4;oracle_patch;10;10;6;4;3136;150;50;100;1;5;95;0.7380;0.8763;0.8130;0.3700;0.4400;0.0406;2.1278;0.6250;1;0.5000;0.5000;;;3.69
2026-02-18T01:01:13.746234;VisA/pipe_fryum;cont_40pct_ensemble_loo_mahal;0.4;ensemble_loo_mahal;10;10;10;4;392;150;50;100;1;5;95;0.6826;0.8533;0.8000;0.3600;0.3800;-0.0148;0.5889;0.6250;1;0.5000;0.5000;;;9.72
2026-02-18T01:01:21.859371;VisA/pipe_fryum;cont_40pct_cosine_loo;0.4;cosine_loo;10;10;10;4;392;150;50;100;1;5;95;0.6758;0.8494;0.8000;0.3600;0.3900;-0.0216;0.4000;0.6250;1;0.5000;0.5000;;;8.11
2026-02-18T01:01:28.732086;VisA/pipe_fryum;cont_50pct_none;0.5;none;10;10;10;5;0;150;50;100;1;5;95;0.6286;0.8223;0.8000;0.2900;0.3600;-0.0688;;;;;;;;6.79
2026-02-18T01:01:37.099930;VisA/pipe_fryum;cont_50pct_loo_patch;0.5;loo_patch;10;10;10;5;392;150;50;100;1;5;95;0.6478;0.8309;0.8000;0.2900;0.3500;-0.0496;0.2791;0.4800;1;0.4000;0.4000;;;8.36
2026-02-18T01:01:44.210594;VisA/pipe_fryum;cont_50pct_random_patch;0.5;random_patch;10;10;10;5;392;150;50;100;1;5;95;0.6284;0.8220;0.8000;0.2800;0.3500;-0.0690;-0.0029;0.4800;1;0.4000;0.4000;;;6.88
2026-02-18T01:01:53.782278;VisA/pipe_fryum;cont_50pct_mahalanobis_patch;0.5;mahalanobis_patch;10;10;10;5;392;150;50;100;1;5;95;0.6560;0.8365;0.8000;0.2600;0.3800;-0.0414;0.3983;0.4800;1;0.4000;0.4000;;;9.56
2026-02-18T01:01:57.652531;VisA/pipe_fryum;cont_50pct_oracle_patch;0.5;oracle_patch;10;10;5;5;3920;150;50;100;1;5;95;0.7382;0.8762;0.8097;0.3500;0.4300;0.0408;1.5930;0.4800;1;0.4000;0.4000;;;3.86
2026-02-18T01:02:07.259481;VisA/pipe_fryum;cont_50pct_ensemble_loo_mahal;0.5;ensemble_loo_mahal;10;10;10;5;392;150;50;100;1;5;95;0.6480;0.8336;0.8000;0.2700;0.3800;-0.0494;0.2820;0.4800;1;0.4000;0.4000;;;9.34
2026-02-18T01:02:14.923910;VisA/pipe_fryum;cont_50pct_cosine_loo;0.5;cosine_loo;10;10;10;5;392;150;50;100;1;5;95;0.6496;0.8323;0.8000;0.2800;0.3500;-0.0478;0.3052;0.4800;1;0.4000;0.4000;;;7.66
2026-02-18T01:02:22.588380;VisA/pipe_fryum;cont_0pct_none;0.0;none;10;10;10;0;0;150;50;100;2;5;95;0.7312;0.8658;0.8097;0.2400;0.3900;;;;;;;;;7.50
2026-02-18T01:02:30.372299;VisA/pipe_fryum;cont_0pct_loo_patch;0.0;loo_patch;10;10;10;0;392;150;50;100;2;5;95;0.7082;0.8533;0.8097;0.2400;0.3400;-0.0230;;;;;;;;7.78
2026-02-18T01:02:37.089194;VisA/pipe_fryum;cont_0pct_random_patch;0.0;random_patch;10;10;10;0;392;150;50;100;2;5;95;0.7328;0.8658;0.8066;0.2300;0.3800;0.0016;;;;;;;;6.71
2026-02-18T01:02:46.990485;VisA/pipe_fryum;cont_0pct_mahalanobis_patch;0.0;mahalanobis_patch;10;10;10;0;392;150;50;100;2;5;95;0.7222;0.8603;0.8097;0.2400;0.3300;-0.0090;;;;;;;;9.90
2026-02-18T01:02:47.007004;VisA/pipe_fryum;cont_0pct_oracle_patch;0.0;oracle_patch;10;10;10;0;0;150;50;100;2;5;95;0.7312;0.8658;0.8097;0.2400;0.3900;0.0000;;;;;;;;0.01
2026-02-18T01:02:55.019274;VisA/pipe_fryum;cont_0pct_ensemble_loo_mahal;0.0;ensemble_loo_mahal;10;10;10;0;392;150;50;100;2;5;95;0.7112;0.8526;0.8097;0.2100;0.3300;-0.0200;;;;;;;;7.94
2026-02-18T01:03:03.298836;VisA/pipe_fryum;cont_0pct_cosine_loo;0.0;cosine_loo;10;10;10;0;392;150;50;100;2;5;95;0.7056;0.8517;0.8065;0.2300;0.3300;-0.0256;;;;;;;;8.28
2026-02-18T01:03:11.003929;VisA/pipe_fryum;cont_5pct_none;0.05;none;10;10;10;0;0;150;50;100;2;5;95;0.7312;0.8658;0.8097;0.2400;0.3900;0.0000;;;;;;;;7.69
2026-02-18T01:03:17.889869;VisA/pipe_fryum;cont_5pct_loo_patch;0.05;loo_patch;10;10;10;0;392;150;50;100;2;5;95;0.7082;0.8533;0.8097;0.2400;0.3400;-0.0230;1.0000;;;;;;;6.88
2026-02-18T01:03:25.449000;VisA/pipe_fryum;cont_5pct_random_patch;0.05;random_patch;10;10;10;0;392;150;50;100;2;5;95;0.7328;0.8658;0.8066;0.2300;0.3800;0.0016;1.0000;;;;;;;7.55
2026-02-18T01:03:35.203734;VisA/pipe_fryum;cont_5pct_mahalanobis_patch;0.05;mahalanobis_patch;10;10;10;0;392;150;50;100;2;5;95;0.7222;0.8603;0.8097;0.2400;0.3300;-0.0090;1.0000;;;;;;;9.65
2026-02-18T01:03:35.225995;VisA/pipe_fryum;cont_5pct_oracle_patch;0.05;oracle_patch;10;10;10;0;0;150;50;100;2;5;95;0.7312;0.8658;0.8097;0.2400;0.3900;0.0000;1.0000;;;;;;;0.01
2026-02-18T01:03:44.032019;VisA/pipe_fryum;cont_5pct_ensemble_loo_mahal;0.05;ensemble_loo_mahal;10;10;10;0;392;150;50;100;2;5;95;0.7112;0.8526;0.8097;0.2100;0.3300;-0.0200;1.0000;;;;;;;8.66
2026-02-18T01:03:52.423543;VisA/pipe_fryum;cont_5pct_cosine_loo;0.05;cosine_loo;10;10;10;0;392;150;50;100;2;5;95;0.7056;0.8517;0.8065;0.2300;0.3300;-0.0256;1.0000;;;;;;;8.39
2026-02-18T01:03:59.437152;VisA/pipe_fryum;cont_40pct_none;0.4;none;10;10;10;4;0;150;50;100;2;5;95;0.6444;0.8255;0.8000;0.2600;0.3500;-0.0868;;;;;;;;6.99
2026-02-18T01:04:07.112247;VisA/pipe_fryum;cont_40pct_loo_patch;0.4;loo_patch;10;10;10;4;392;150;50;100;2;5;95;0.6388;0.8194;0.8000;0.2200;0.3700;-0.0924;-0.0645;0.5833;1;0.5000;0.5000;;;7.66
2026-02-18T01:04:14.511661;VisA/pipe_fryum;cont_40pct_random_patch;0.4;random_patch;10;10;10;4;392;150;50;100;2;5;95;0.6422;0.8249;0.8000;0.2500;0.3500;-0.0890;-0.0253;0.5833;1;0.5000;0.5000;;;7.39
2026-02-18T01:04:23.652030;VisA/pipe_fryum;cont_40pct_mahalanobis_patch;0.4;mahalanobis_patch;10;10;10;4;392;150;50;100;2;5;95;0.6510;0.8276;0.8000;0.2300;0.3600;-0.0802;0.0760;0.5833;1;0.5000;0.5000;;;8.94
2026-02-18T01:04:28.070513;VisA/pipe_fryum;cont_40pct_oracle_patch;0.4;oracle_patch;10;10;6;4;3136;150;50;100;2;5;95;0.6968;0.8488;0.8049;0.2600;0.3900;-0.0344;0.6037;0.5833;1;0.5000;0.5000;;;4.41
2026-02-18T01:04:37.765841;VisA/pipe_fryum;cont_40pct_ensemble_loo_mahal;0.4;ensemble_loo_mahal;10;10;10;4;392;150;50;100;2;5;95;0.6474;0.8238;0.8000;0.2300;0.3600;-0.0838;0.0346;0.5833;1;0.5000;0.5000;;;9.69
2026-02-18T01:04:45.584751;VisA/pipe_fryum;cont_40pct_cosine_loo;0.4;cosine_loo;10;10;10;4;392;150;50;100;2;5;95;0.6252;0.8140;0.8000;0.2500;0.3600;-0.1060;-0.2212;0.5833;1;0.5000;0.5000;;;7.81
2026-02-18T01:04:52.806422;VisA/pipe_fryum;cont_50pct_none;0.5;none;10;10;10;5;0;150;50;100;2;5;95;0.6268;0.8187;0.8000;0.2500;0.3400;-0.1044;;;;;;;;7.20
2026-02-18T01:05:01.339154;VisA/pipe_fryum;cont_50pct_loo_patch;0.5;loo_patch;10;10;10;5;392;150;50;100;2;5;95;0.6258;0.8138;0.8000;0.2400;0.3400;-0.1054;-0.0096;0.6800;0;0.8000;0.8000;;;8.53
2026-02-18T01:05:08.234155;VisA/pipe_fryum;cont_50pct_random_patch;0.5;random_patch;10;10;10;5;392;150;50;100;2;5;95;0.6244;0.8183;0.8000;0.2500;0.3600;-0.1068;-0.0230;0.6800;0;0.8000;0.8000;;;6.80
2026-02-18T01:05:17.903649;VisA/pipe_fryum;cont_50pct_mahalanobis_patch;0.5;mahalanobis_patch;10;10;10;5;392;150;50;100;2;5;95;0.6262;0.8157;0.8000;0.2400;0.3500;-0.1050;-0.0057;0.6800;0;0.8000;0.8000;;;9.66
2026-02-18T01:05:20.809379;VisA/pipe_fryum;cont_50pct_oracle_patch;0.5;oracle_patch;10;10;5;5;3920;150;50;100;2;5;95;0.6846;0.8435;0.8000;0.2400;0.3700;-0.0466;0.5536;0.6800;0;0.8000;0.8000;;;2.90
2026-02-18T01:05:31.005197;VisA/pipe_fryum;cont_50pct_ensemble_loo_mahal;0.5;ensemble_loo_mahal;10;10;10;5;392;150;50;100;2;5;95;0.6244;0.8132;0.8000;0.2400;0.3400;-0.1068;-0.0230;0.6800;0;0.8000;0.8000;;;10.19
2026-02-18T01:05:38.128145;VisA/pipe_fryum;cont_50pct_cosine_loo;0.5;cosine_loo;10;10;10;5;392;150;50;100;2;5;95;0.6204;0.8118;0.8000;0.2700;0.3100;-0.1108;-0.0613;0.6800;0;0.8000;0.8000;;;7.12
2026-02-18T01:05:46.114042;VisA/pipe_fryum;cont_0pct_none;0.0;none;10;10;10;0;0;150;50;100;3;5;95;0.7316;0.8688;0.8065;0.2900;0.4300;;;;;;;;;7.85
2026-02-18T01:05:54.317375;VisA/pipe_fryum;cont_0pct_loo_patch;0.0;loo_patch;10;10;10;0;392;150;50;100;3;5;95;0.7266;0.8654;0.8065;0.2500;0.4400;-0.0050;;;;;;;;8.20
2026-02-18T01:06:00.413178;VisA/pipe_fryum;cont_0pct_random_patch;0.0;random_patch;10;10;10;0;392;150;50;100;3;5;95;0.7316;0.8693;0.8097;0.3000;0.4400;-0.0000;;;;;;;;6.09
2026-02-18T01:06:09.746362;VisA/pipe_fryum;cont_0pct_mahalanobis_patch;0.0;mahalanobis_patch;10;10;10;0;392;150;50;100;3;5;95;0.7334;0.8690;0.8049;0.2500;0.4100;0.0018;;;;;;;;9.33
2026-02-18T01:06:09.767421;VisA/pipe_fryum;cont_0pct_oracle_patch;0.0;oracle_patch;10;10;10;0;0;150;50;100;3;5;95;0.7316;0.8688;0.8065;0.2900;0.4300;0.0000;;;;;;;;0.02
2026-02-18T01:06:18.102298;VisA/pipe_fryum;cont_0pct_ensemble_loo_mahal;0.0;ensemble_loo_mahal;10;10;10;0;392;150;50;100;3;5;95;0.7206;0.8634;0.8049;0.2500;0.4200;-0.0110;;;;;;;;8.23
2026-02-18T01:06:26.405774;VisA/pipe_fryum;cont_0pct_cosine_loo;0.0;cosine_loo;10;10;10;0;392;150;50;100;3;5;95;0.7122;0.8569;0.8065;0.2400;0.4000;-0.0194;;;;;;;;8.30
2026-02-18T01:06:34.135116;VisA/pipe_fryum;cont_5pct_none;0.05;none;10;10;10;0;0;150;50;100;3;5;95;0.7316;0.8688;0.8065;0.2900;0.4300;0.0000;;;;;;;;7.56
2026-02-18T01:06:40.723782;VisA/pipe_fryum;cont_5pct_loo_patch;0.05;loo_patch;10;10;10;0;392;150;50;100;3;5;95;0.7266;0.8654;0.8065;0.2500;0.4400;-0.0050;1.0000;;;;;;;6.58
2026-02-18T01:06:48.106115;VisA/pipe_fryum;cont_5pct_random_patch;0.05;random_patch;10;10;10;0;392;150;50;100;3;5;95;0.7316;0.8693;0.8097;0.3000;0.4400;-0.0000;1.0000;;;;;;;7.37
2026-02-18T01:06:57.642027;VisA/pipe_fryum;cont_5pct_mahalanobis_patch;0.05;mahalanobis_patch;10;10;10;0;392;150;50;100;3;5;95;0.7334;0.8690;0.8049;0.2500;0.4100;0.0018;1.0000;;;;;;;9.53
2026-02-18T01:06:57.659025;VisA/pipe_fryum;cont_5pct_oracle_patch;0.05;oracle_patch;10;10;10;0;0;150;50;100;3;5;95;0.7316;0.8688;0.8065;0.2900;0.4300;0.0000;1.0000;;;;;;;0.01
2026-02-18T01:07:06.032405;VisA/pipe_fryum;cont_5pct_ensemble_loo_mahal;0.05;ensemble_loo_mahal;10;10;10;0;392;150;50;100;3;5;95;0.7206;0.8634;0.8049;0.2500;0.4200;-0.0110;1.0000;;;;;;;8.30
2026-02-18T01:07:14.326204;VisA/pipe_fryum;cont_5pct_cosine_loo;0.05;cosine_loo;10;10;10;0;392;150;50;100;3;5;95;0.7122;0.8569;0.8065;0.2400;0.4000;-0.0194;1.0000;;;;;;;8.29
2026-02-18T01:07:21.940936;VisA/pipe_fryum;cont_40pct_none;0.4;none;10;10;10;4;0;150;50;100;3;5;95;0.6610;0.8321;0.8000;0.2300;0.3400;-0.0706;;;;;;;;6.94
2026-02-18T01:07:28.959935;VisA/pipe_fryum;cont_40pct_loo_patch;0.4;loo_patch;10;10;10;4;392;150;50;100;3;5;95;0.6766;0.8414;0.8000;0.2100;0.3800;-0.0550;0.2210;0.4167;1;0.2500;0.2500;;;7.01
2026-02-18T01:07:36.098395;VisA/pipe_fryum;cont_40pct_random_patch;0.4;random_patch;10;10;10;4;392;150;50;100;3;5;95;0.6626;0.8341;0.8000;0.2300;0.3400;-0.0690;0.0227;0.4167;1;0.2500;0.2500;;;7.13
2026-02-18T01:07:46.637573;VisA/pipe_fryum;cont_40pct_mahalanobis_patch;0.4;mahalanobis_patch;10;10;10;4;392;150;50;100;3;5;95;0.6880;0.8467;0.8000;0.2200;0.3600;-0.0436;0.3824;0.4167;1;0.2500;0.2500;;;8.65
2026-02-18T01:07:51.328011;VisA/pipe_fryum;cont_40pct_oracle_patch;0.4;oracle_patch;10;10;6;4;3136;150;50;100;3;5;95;0.7260;0.8639;0.8117;0.2500;0.3800;-0.0056;0.9207;0.4167;1;0.2500;0.2500;;;4.68
2026-02-18T01:08:02.178452;VisA/pipe_fryum;cont_40pct_ensemble_loo_mahal;0.4;ensemble_loo_mahal;10;10;10;4;392;150;50;100;3;5;95;0.6812;0.8428;0.8000;0.2200;0.3500;-0.0504;0.2861;0.4167;1;0.2500;0.2500;;;9.91
2026-02-18T01:08:08.966123;VisA/pipe_fryum;cont_40pct_cosine_loo;0.4;cosine_loo;10;10;10;4;392;150;50;100;3;5;95;0.6696;0.8394;0.8000;0.2300;0.3800;-0.0620;0.1218;0.4167;1;0.2500;0.2500;;;6.78
2026-02-18T01:08:16.524447;VisA/pipe_fryum;cont_50pct_none;0.5;none;10;10;10;5;0;150;50;100;3;5;95;0.6268;0.8128;0.8000;0.2000;0.3200;-0.1048;;;;;;;;7.52
2026-02-18T01:08:24.911467;VisA/pipe_fryum;cont_50pct_loo_patch;0.5;loo_patch;10;10;10;5;392;150;50;100;3;5;95;0.6438;0.8225;0.8000;0.2000;0.3500;-0.0878;0.1622;0.5200;1;0.4000;0.4000;;;8.38
2026-02-18T01:08:30.534793;VisA/pipe_fryum;cont_50pct_random_patch;0.5;random_patch;10;10;10;5;392;150;50;100;3;5;95;0.6214;0.8110;0.8000;0.2100;0.3200;-0.1102;-0.0515;0.5200;1;0.4000;0.4000;;;5.52
2026-02-18T01:08:40.184583;VisA/pipe_fryum;cont_50pct_mahalanobis_patch;0.5;mahalanobis_patch;10;10;10;5;392;150;50;100;3;5;95;0.6510;0.8249;0.8000;0.2000;0.3300;-0.0806;0.2309;0.5200;1;0.4000;0.4000;;;9.65
2026-02-18T01:08:44.055606;VisA/pipe_fryum;cont_50pct_oracle_patch;0.5;oracle_patch;10;10;5;5;3920;150;50;100;3;5;95;0.7004;0.8489;0.8033;0.2600;0.3900;-0.0312;0.7023;0.5200;1;0.4000;0.4000;;;3.87
2026-02-18T01:08:52.285220;VisA/pipe_fryum;cont_50pct_ensemble_loo_mahal;0.5;ensemble_loo_mahal;10;10;10;5;392;150;50;100;3;5;95;0.6550;0.8259;0.8000;0.2000;0.3500;-0.0766;0.2691;0.5200;1;0.4000;0.4000;;;8.07
2026-02-18T01:09:00.465682;VisA/pipe_fryum;cont_50pct_cosine_loo;0.5;cosine_loo;10;10;10;5;392;150;50;100;3;5;95;0.6228;0.8135;0.8000;0.2000;0.3400;-0.1088;-0.0382;0.5200;1;0.4000;0.4000;;;8.17
2026-02-18T01:09:08.177088;VisA/pipe_fryum;cont_0pct_none;0.0;none;10;10;10;0;0;150;50;100;4;5;95;0.7132;0.8629;0.8049;0.3700;0.4700;;;;;;;;;7.56
2026-02-18T01:09:14.848907;VisA/pipe_fryum;cont_0pct_loo_patch;0.0;loo_patch;10;10;10;0;392;150;50;100;4;5;95;0.6930;0.8505;0.8066;0.2500;0.4100;-0.0202;;;;;;;;6.67
2026-02-18T01:09:22.292805;VisA/pipe_fryum;cont_0pct_random_patch;0.0;random_patch;10;10;10;0;392;150;50;100;4;5;95;0.7122;0.8625;0.8097;0.3400;0.4700;-0.0010;;;;;;;;7.44
2026-02-18T01:09:32.021737;VisA/pipe_fryum;cont_0pct_mahalanobis_patch;0.0;mahalanobis_patch;10;10;10;0;392;150;50;100;4;5;95;0.7106;0.8621;0.8065;0.3100;0.4700;-0.0026;;;;;;;;9.59
2026-02-18T01:09:32.039743;VisA/pipe_fryum;cont_0pct_oracle_patch;0.0;oracle_patch;10;10;10;0;0;150;50;100;4;5;95;0.7132;0.8629;0.8049;0.3700;0.4700;0.0000;;;;;;;;0.02
2026-02-18T01:09:45.900414;VisA/pipe_fryum;cont_0pct_ensemble_loo_mahal;0.0;ensemble_loo_mahal;10;10;10;0;392;150;50;100;4;5;95;0.7030;0.8561;0.8033;0.2900;0.4500;-0.0102;;;;;;;;13.72
2026-02-18T01:09:54.300806;VisA/pipe_fryum;cont_0pct_cosine_loo;0.0;cosine_loo;10;10;10;0;392;150;50;100;4;5;95;0.6852;0.8455;0.8097;0.2300;0.3800;-0.0280;;;;;;;;8.39
2026-02-18T01:10:00.927881;VisA/pipe_fryum;cont_5pct_none;0.05;none;10;10;10;0;0;150;50;100;4;5;95;0.7132;0.8629;0.8049;0.3700;0.4700;0.0000;;;;;;;;6.51
2026-02-18T01:10:08.770384;VisA/pipe_fryum;cont_5pct_loo_patch;0.05;loo_patch;10;10;10;0;392;150;50;100;4;5;95;0.6930;0.8505;0.8066;0.2500;0.4100;-0.0202;1.0000;;;;;;;7.84
2026-02-18T01:10:16.003370;VisA/pipe_fryum;cont_5pct_random_patch;0.05;random_patch;10;10;10;0;392;150;50;100;4;5;95;0.7122;0.8625;0.8097;0.3400;0.4700;-0.0010;1.0000;;;;;;;7.23
2026-02-18T01:10:24.661454;VisA/pipe_fryum;cont_5pct_mahalanobis_patch;0.05;mahalanobis_patch;10;10;10;0;392;150;50;100;4;5;95;0.7106;0.8621;0.8065;0.3100;0.4700;-0.0026;1.0000;;;;;;;8.42
2026-02-18T01:10:24.678973;VisA/pipe_fryum;cont_5pct_oracle_patch;0.05;oracle_patch;10;10;10;0;0;150;50;100;4;5;95;0.7132;0.8629;0.8049;0.3700;0.4700;0.0000;1.0000;;;;;;;0.01
2026-02-18T01:10:34.525420;VisA/pipe_fryum;cont_5pct_ensemble_loo_mahal;0.05;ensemble_loo_mahal;10;10;10;0;392;150;50;100;4;5;95;0.7030;0.8561;0.8033;0.2900;0.4500;-0.0102;1.0000;;;;;;;9.69
2026-02-18T01:10:42.533422;VisA/pipe_fryum;cont_5pct_cosine_loo;0.05;cosine_loo;10;10;10;0;392;150;50;100;4;5;95;0.6852;0.8455;0.8097;0.2300;0.3800;-0.0280;1.0000;;;;;;;8.00
2026-02-18T01:10:49.246138;VisA/pipe_fryum;cont_40pct_none;0.4;none;10;10;10;4;0;150;50;100;4;5;95;0.6546;0.8343;0.8000;0.2800;0.4000;-0.0586;;;;;;;;6.69
2026-02-18T01:10:57.607877;VisA/pipe_fryum;cont_40pct_loo_patch;0.4;loo_patch;10;10;10;4;392;150;50;100;4;5;95;0.6728;0.8401;0.8000;0.2200;0.4200;-0.0404;0.3106;0.8333;1;0.7500;0.7500;;;8.36
2026-02-18T01:11:05.026787;VisA/pipe_fryum;cont_40pct_random_patch;0.4;random_patch;10;10;10;4;392;150;50;100;4;5;95;0.6496;0.8309;0.8000;0.2400;0.3700;-0.0636;-0.0853;0.8333;1;0.7500;0.7500;;;7.28
2026-02-18T01:11:14.223428;VisA/pipe_fryum;cont_40pct_mahalanobis_patch;0.4;mahalanobis_patch;10;10;10;4;392;150;50;100;4;5;95;0.6730;0.8439;0.8000;0.2500;0.4100;-0.0402;0.3140;0.8333;1;0.7500;0.7500;;;9.19
2026-02-18T01:11:18.731368;VisA/pipe_fryum;cont_40pct_oracle_patch;0.4;oracle_patch;10;10;6;4;3136;150;50;100;4;5;95;0.7038;0.8592;0.8033;0.3500;0.4500;-0.0094;0.8396;0.8333;1;0.7500;0.7500;;;4.50
2026-02-18T01:11:27.944793;VisA/pipe_fryum;cont_40pct_ensemble_loo_mahal;0.4;ensemble_loo_mahal;10;10;10;4;392;150;50;100;4;5;95;0.6692;0.8414;0.8000;0.2600;0.4200;-0.0440;0.2491;0.8333;1;0.7500;0.7500;;;9.20
2026-02-18T01:11:35.513244;VisA/pipe_fryum;cont_40pct_cosine_loo;0.4;cosine_loo;10;10;10;4;392;150;50;100;4;5;95;0.6646;0.8382;0.8000;0.2400;0.3700;-0.0486;0.1706;0.8333;1;0.7500;0.7500;;;7.56
2026-02-18T01:11:43.247799;VisA/pipe_fryum;cont_50pct_none;0.5;none;10;10;10;5;0;150;50;100;4;5;95;0.6410;0.8254;0.8000;0.2700;0.3200;-0.0722;;;;;;;;7.71
2026-02-18T01:11:50.984465;VisA/pipe_fryum;cont_50pct_loo_patch;0.5;loo_patch;10;10;10;5;392;150;50;100;4;5;95;0.6588;0.8350;0.8000;0.2400;0.3500;-0.0544;0.2465;0.7600;1;0.8000;0.8000;;;7.73
2026-02-18T01:11:57.326699;VisA/pipe_fryum;cont_50pct_random_patch;0.5;random_patch;10;10;10;5;392;150;50;100;4;5;95;0.6412;0.8248;0.8000;0.2300;0.3500;-0.0720;0.0028;0.7600;1;0.8000;0.8000;;;6.28
2026-02-18T01:12:06.958297;VisA/pipe_fryum;cont_50pct_mahalanobis_patch;0.5;mahalanobis_patch;10;10;10;5;392;150;50;100;4;5;95;0.6520;0.8306;0.8000;0.2600;0.3800;-0.0612;0.1524;0.7600;1;0.8000;0.8000;;;9.63
2026-02-18T01:12:10.852247;VisA/pipe_fryum;cont_50pct_oracle_patch;0.5;oracle_patch;10;10;5;5;3920;150;50;100;4;5;95;0.7316;0.8715;0.8049;0.3600;0.4400;0.0184;1.2548;0.7600;1;0.8000;0.8000;;;3.89
2026-02-18T01:12:19.239961;VisA/pipe_fryum;cont_50pct_ensemble_loo_mahal;0.5;ensemble_loo_mahal;10;10;10;5;392;150;50;100;4;5;95;0.6542;0.8334;0.8000;0.2600;0.3800;-0.0590;0.1828;0.7600;1;0.8000;0.8000;;;8.34
2026-02-18T01:12:27.672283;VisA/pipe_fryum;cont_50pct_cosine_loo;0.5;cosine_loo;10;10;10;5;392;150;50;100;4;5;95;0.6512;0.8300;0.8000;0.2500;0.3600;-0.0620;0.1413;0.7600;1;0.8000;0.8000;;;8.43
2026-02-18T01:12:42.473112;mvtec_loco_AD/breakfast_box;cont_0pct_none;0.0;none;10;10;10;0;0;275;102;173;0;5;95;0.7521;0.8715;0.7791;0.4220;0.5029;;;;;;;;;12.70
2026-02-18T01:12:56.096767;mvtec_loco_AD/breakfast_box;cont_0pct_loo_patch;0.0;loo_patch;10;10;10;0;392;275;102;173;0;5;95;0.7340;0.8625;0.7775;0.4624;0.4740;-0.0180;;;;;;;;13.62
2026-02-18T01:13:08.254487;mvtec_loco_AD/breakfast_box;cont_0pct_random_patch;0.0;random_patch;10;10;10;0;392;275;102;173;0;5;95;0.7466;0.8687;0.7801;0.4277;0.4913;-0.0055;;;;;;;;12.05
2026-02-18T01:13:22.382379;mvtec_loco_AD/breakfast_box;cont_0pct_mahalanobis_patch;0.0;mahalanobis_patch;10;10;10;0;392;275;102;173;0;5;95;0.7405;0.8654;0.7857;0.4335;0.5029;-0.0116;;;;;;;;14.12
2026-02-18T01:13:22.404907;mvtec_loco_AD/breakfast_box;cont_0pct_oracle_patch;0.0;oracle_patch;10;10;10;0;0;275;102;173;0;5;95;0.7521;0.8715;0.7791;0.4220;0.5029;0.0000;;;;;;;;0.02
2026-02-18T01:13:37.900466;mvtec_loco_AD/breakfast_box;cont_0pct_ensemble_loo_mahal;0.0;ensemble_loo_mahal;10;10;10;0;392;275;102;173;0;5;95;0.7371;0.8644;0.7812;0.4566;0.4913;-0.0150;;;;;;;;15.42
2026-02-18T01:13:50.858173;mvtec_loco_AD/breakfast_box;cont_0pct_cosine_loo;0.0;cosine_loo;10;10;10;0;392;275;102;173;0;5;95;0.7255;0.8587;0.7812;0.4277;0.4855;-0.0265;;;;;;;;12.95
2026-02-18T01:14:03.776687;mvtec_loco_AD/breakfast_box;cont_5pct_none;0.05;none;10;10;10;0;0;275;102;173;0;5;95;0.7521;0.8715;0.7791;0.4220;0.5029;0.0000;;;;;;;;12.90
2026-02-18T01:14:17.159930;mvtec_loco_AD/breakfast_box;cont_5pct_loo_patch;0.05;loo_patch;10;10;10;0;392;275;102;173;0;5;95;0.7340;0.8625;0.7775;0.4624;0.4740;-0.0180;1.0000;;;;;;;13.38
2026-02-18T01:14:29.245467;mvtec_loco_AD/breakfast_box;cont_5pct_random_patch;0.05;random_patch;10;10;10;0;392;275;102;173;0;5;95;0.7466;0.8687;0.7801;0.4277;0.4913;-0.0055;1.0000;;;;;;;12.08
2026-02-18T01:14:45.233424;mvtec_loco_AD/breakfast_box;cont_5pct_mahalanobis_patch;0.05;mahalanobis_patch;10;10;10;0;392;275;102;173;0;5;95;0.7405;0.8654;0.7857;0.4335;0.5029;-0.0116;1.0000;;;;;;;15.98
2026-02-18T01:14:45.253210;mvtec_loco_AD/breakfast_box;cont_5pct_oracle_patch;0.05;oracle_patch;10;10;10;0;0;275;102;173;0;5;95;0.7521;0.8715;0.7791;0.4220;0.5029;0.0000;1.0000;;;;;;;0.02
2026-02-18T01:14:59.686922;mvtec_loco_AD/breakfast_box;cont_5pct_ensemble_loo_mahal;0.05;ensemble_loo_mahal;10;10;10;0;392;275;102;173;0;5;95;0.7371;0.8644;0.7812;0.4566;0.4913;-0.0150;1.0000;;;;;;;14.35
2026-02-18T01:15:12.781793;mvtec_loco_AD/breakfast_box;cont_5pct_cosine_loo;0.05;cosine_loo;10;10;10;0;392;275;102;173;0;5;95;0.7255;0.8587;0.7812;0.4277;0.4855;-0.0265;1.0000;;;;;;;13.09
2026-02-18T01:15:26.908082;mvtec_loco_AD/breakfast_box;cont_40pct_none;0.4;none;10;10;10;4;0;275;102;173;0;5;95;0.7364;0.8690;0.7723;0.4277;0.5145;-0.0156;;;;;;;;14.10
2026-02-18T01:15:39.704632;mvtec_loco_AD/breakfast_box;cont_40pct_loo_patch;0.4;loo_patch;10;10;10;4;392;275;102;173;0;5;95;0.7513;0.8758;0.7723;0.4624;0.5376;-0.0008;0.9493;1.0000;1;1.0000;1.0000;;;12.79
2026-02-18T01:15:52.865667;mvtec_loco_AD/breakfast_box;cont_40pct_random_patch;0.4;random_patch;10;10;10;4;392;275;102;173;0;5;95;0.7340;0.8674;0.7723;0.4335;0.5029;-0.0180;-0.1522;1.0000;1;1.0000;1.0000;;;13.16
2026-02-18T01:16:07.529056;mvtec_loco_AD/breakfast_box;cont_40pct_mahalanobis_patch;0.4;mahalanobis_patch;10;10;10;4;392;275;102;173;0;5;95;0.7482;0.8746;0.7723;0.4451;0.5145;-0.0039;0.7500;1.0000;1;1.0000;1.0000;;;14.36
2026-02-18T01:16:15.872799;mvtec_loco_AD/breakfast_box;cont_40pct_oracle_patch;0.4;oracle_patch;10;10;6;4;3136;275;102;173;0;5;95;0.7548;0.8799;0.7723;0.4855;0.5607;0.0027;1.1739;1.0000;1;1.0000;1.0000;;;8.34
2026-02-18T01:16:29.648475;mvtec_loco_AD/breakfast_box;cont_40pct_ensemble_loo_mahal;0.4;ensemble_loo_mahal;10;10;10;4;392;275;102;173;0;5;95;0.7561;0.8779;0.7723;0.4682;0.5260;0.0040;1.2572;1.0000;1;1.0000;1.0000;;;13.65
2026-02-18T01:16:42.238490;mvtec_loco_AD/breakfast_box;cont_40pct_cosine_loo;0.4;cosine_loo;10;10;10;4;392;275;102;173;0;5;95;0.7447;0.8740;0.7723;0.4855;0.5434;-0.0074;0.5290;1.0000;1;1.0000;1.0000;;;12.58
2026-02-18T01:16:54.386278;mvtec_loco_AD/breakfast_box;cont_50pct_none;0.5;none;10;10;10;5;0;275;102;173;0;5;95;0.7383;0.8686;0.7723;0.4740;0.4855;-0.0138;;;;;;;;12.13
2026-02-18T01:17:07.226517;mvtec_loco_AD/breakfast_box;cont_50pct_loo_patch;0.5;loo_patch;10;10;10;5;392;275;102;173;0;5;95;0.7576;0.8789;0.7723;0.4566;0.5376;0.0055;1.3992;1.0000;1;1.0000;1.0000;;;12.84
2026-02-18T01:17:20.352481;mvtec_loco_AD/breakfast_box;cont_50pct_random_patch;0.5;random_patch;10;10;10;5;392;275;102;173;0;5;95;0.7360;0.8671;0.7723;0.4393;0.5087;-0.0160;-0.1646;1.0000;1;1.0000;1.0000;;;13.12
2026-02-18T01:17:34.635574;mvtec_loco_AD/breakfast_box;cont_50pct_mahalanobis_patch;0.5;mahalanobis_patch;10;10;10;5;392;275;102;173;0;5;95;0.7464;0.8722;0.7723;0.4509;0.5202;-0.0057;0.5885;1.0000;1;1.0000;1.0000;;;14.28
2026-02-18T01:17:41.637534;mvtec_loco_AD/breakfast_box;cont_50pct_oracle_patch;0.5;oracle_patch;10;10;5;5;3920;275;102;173;0;5;95;0.7604;0.8817;0.7723;0.4913;0.5260;0.0083;1.6049;1.0000;1;1.0000;1.0000;;;6.99
2026-02-18T01:17:55.437744;mvtec_loco_AD/breakfast_box;cont_50pct_ensemble_loo_mahal;0.5;ensemble_loo_mahal;10;10;10;5;392;275;102;173;0;5;95;0.7543;0.8766;0.7723;0.4682;0.5202;0.0023;1.1646;1.0000;1;1.0000;1.0000;;;13.79
2026-02-18T01:18:09.706402;mvtec_loco_AD/breakfast_box;cont_50pct_cosine_loo;0.5;cosine_loo;10;10;10;5;392;275;102;173;0;5;95;0.7487;0.8748;0.7723;0.4451;0.5434;-0.0034;0.7531;1.0000;1;1.0000;1.0000;;;14.26
2026-02-18T01:18:22.573388;mvtec_loco_AD/breakfast_box;cont_0pct_none;0.0;none;10;10;10;0;0;275;102;173;1;5;95;0.7476;0.8708;0.7723;0.4566;0.5087;;;;;;;;;12.57
2026-02-18T01:18:36.553600;mvtec_loco_AD/breakfast_box;cont_0pct_loo_patch;0.0;loo_patch;10;10;10;0;392;275;102;173;1;5;95;0.7283;0.8608;0.7755;0.4624;0.4913;-0.0194;;;;;;;;13.98
2026-02-18T01:18:48.673492;mvtec_loco_AD/breakfast_box;cont_0pct_random_patch;0.0;random_patch;10;10;10;0;392;275;102;173;1;5;95;0.7404;0.8677;0.7745;0.4682;0.4971;-0.0073;;;;;;;;12.12
2026-02-18T01:19:02.632795;mvtec_loco_AD/breakfast_box;cont_0pct_mahalanobis_patch;0.0;mahalanobis_patch;10;10;10;0;392;275;102;173;1;5;95;0.7439;0.8696;0.7724;0.4393;0.4798;-0.0038;;;;;;;;13.96
2026-02-18T01:19:02.651795;mvtec_loco_AD/breakfast_box;cont_0pct_oracle_patch;0.0;oracle_patch;10;10;10;0;0;275;102;173;1;5;95;0.7476;0.8708;0.7723;0.4566;0.5087;0.0000;;;;;;;;0.01
2026-02-18T01:19:18.267426;mvtec_loco_AD/breakfast_box;cont_0pct_ensemble_loo_mahal;0.0;ensemble_loo_mahal;10;10;10;0;392;275;102;173;1;5;95;0.7384;0.8664;0.7723;0.4740;0.5087;-0.0092;;;;;;;;15.52
2026-02-18T01:19:31.234328;mvtec_loco_AD/breakfast_box;cont_0pct_cosine_loo;0.0;cosine_loo;10;10;10;0;392;275;102;173;1;5;95;0.7183;0.8564;0.7723;0.4104;0.5029;-0.0293;;;;;;;;12.96
2026-02-18T01:19:44.531608;mvtec_loco_AD/breakfast_box;cont_5pct_none;0.05;none;10;10;10;0;0;275;102;173;1;5;95;0.7476;0.8708;0.7723;0.4566;0.5087;0.0000;;;;;;;;13.28
2026-02-18T01:19:57.049017;mvtec_loco_AD/breakfast_box;cont_5pct_loo_patch;0.05;loo_patch;10;10;10;0;392;275;102;173;1;5;95;0.7283;0.8608;0.7755;0.4624;0.4913;-0.0194;1.0000;;;;;;;12.51
2026-02-18T01:20:09.113373;mvtec_loco_AD/breakfast_box;cont_5pct_random_patch;0.05;random_patch;10;10;10;0;392;275;102;173;1;5;95;0.7404;0.8677;0.7745;0.4682;0.4971;-0.0073;1.0000;;;;;;;12.06
2026-02-18T01:20:25.857034;mvtec_loco_AD/breakfast_box;cont_5pct_mahalanobis_patch;0.05;mahalanobis_patch;10;10;10;0;392;275;102;173;1;5;95;0.7439;0.8696;0.7724;0.4393;0.4798;-0.0038;1.0000;;;;;;;16.74
2026-02-18T01:20:25.876830;mvtec_loco_AD/breakfast_box;cont_5pct_oracle_patch;0.05;oracle_patch;10;10;10;0;0;275;102;173;1;5;95;0.7476;0.8708;0.7723;0.4566;0.5087;0.0000;1.0000;;;;;;;0.01
2026-02-18T01:20:40.397937;mvtec_loco_AD/breakfast_box;cont_5pct_ensemble_loo_mahal;0.05;ensemble_loo_mahal;10;10;10;0;392;275;102;173;1;5;95;0.7384;0.8664;0.7723;0.4740;0.5087;-0.0092;1.0000;;;;;;;14.39
2026-02-18T01:20:54.467286;mvtec_loco_AD/breakfast_box;cont_5pct_cosine_loo;0.05;cosine_loo;10;10;10;0;392;275;102;173;1;5;95;0.7183;0.8564;0.7723;0.4104;0.5029;-0.0293;1.0000;;;;;;;14.06
2026-02-18T01:21:07.814627;mvtec_loco_AD/breakfast_box;cont_40pct_none;0.4;none;10;10;10;4;0;275;102;173;1;5;95;0.6877;0.8294;0.7723;0.3179;0.3757;-0.0599;;;;;;;;13.33
2026-02-18T01:21:20.530307;mvtec_loco_AD/breakfast_box;cont_40pct_loo_patch;0.4;loo_patch;10;10;10;4;392;275;102;173;1;5;95;0.7238;0.8538;0.7723;0.3988;0.4335;-0.0239;0.6017;0.9583;1;0.7500;0.7500;;;12.71
2026-02-18T01:21:34.175898;mvtec_loco_AD/breakfast_box;cont_40pct_random_patch;0.4;random_patch;10;10;10;4;392;275;102;173;1;5;95;0.6884;0.8307;0.7723;0.3121;0.3873;-0.0592;0.0114;0.9583;1;0.7500;0.7500;;;13.64
2026-02-18T01:21:48.443931;mvtec_loco_AD/breakfast_box;cont_40pct_mahalanobis_patch;0.4;mahalanobis_patch;10;10;10;4;392;275;102;173;1;5;95;0.6891;0.8334;0.7723;0.3526;0.4046;-0.0586;0.0218;0.9583;1;0.7500;0.7500;;;14.26
2026-02-18T01:21:56.874876;mvtec_loco_AD/breakfast_box;cont_40pct_oracle_patch;0.4;oracle_patch;10;10;6;4;3136;275;102;173;1;5;95;0.7374;0.8646;0.7775;0.4566;0.4798;-0.0102;0.8297;0.9583;1;0.7500;0.7500;;;8.42
2026-02-18T01:22:11.086747;mvtec_loco_AD/breakfast_box;cont_40pct_ensemble_loo_mahal;0.4;ensemble_loo_mahal;10;10;10;4;392;275;102;173;1;5;95;0.7102;0.8450;0.7723;0.3988;0.4220;-0.0374;0.3756;0.9583;1;0.7500;0.7500;;;13.92
2026-02-18T01:22:24.718835;mvtec_loco_AD/breakfast_box;cont_40pct_cosine_loo;0.4;cosine_loo;10;10;10;4;392;275;102;173;1;5;95;0.6974;0.8382;0.7723;0.3526;0.3988;-0.0503;0.1608;0.9583;1;0.7500;0.7500;;;13.63
2026-02-18T01:22:37.535006;mvtec_loco_AD/breakfast_box;cont_50pct_none;0.5;none;10;10;10;5;0;275;102;173;1;5;95;0.6772;0.8239;0.7723;0.3237;0.3584;-0.0704;;;;;;;;12.79
2026-02-18T01:22:50.608767;mvtec_loco_AD/breakfast_box;cont_50pct_loo_patch;0.5;loo_patch;10;10;10;5;392;275;102;173;1;5;95;0.7032;0.8412;0.7723;0.3468;0.4162;-0.0444;0.3693;0.9600;1;0.8000;0.8000;;;13.06
2026-02-18T01:23:04.468928;mvtec_loco_AD/breakfast_box;cont_50pct_random_patch;0.5;random_patch;10;10;10;5;392;275;102;173;1;5;95;0.6788;0.8261;0.7723;0.3064;0.3584;-0.0689;0.0225;0.9600;1;0.8000;0.8000;;;13.85
2026-02-18T01:23:18.871577;mvtec_loco_AD/breakfast_box;cont_50pct_mahalanobis_patch;0.5;mahalanobis_patch;10;10;10;5;392;275;102;173;1;5;95;0.6775;0.8258;0.7723;0.3353;0.3815;-0.0701;0.0048;0.9600;1;0.8000;0.8000;;;14.39
2026-02-18T01:23:25.863154;mvtec_loco_AD/breakfast_box;cont_50pct_oracle_patch;0.5;oracle_patch;10;10;5;5;3920;275;102;173;1;5;95;0.7446;0.8665;0.7740;0.4335;0.4913;-0.0031;0.9566;0.9600;1;0.8000;0.8000;;;6.99
2026-02-18T01:23:40.099872;mvtec_loco_AD/breakfast_box;cont_50pct_ensemble_loo_mahal;0.5;ensemble_loo_mahal;10;10;10;5;392;275;102;173;1;5;95;0.6965;0.8373;0.7723;0.3642;0.3988;-0.0512;0.2735;0.9600;1;0.8000;0.8000;;;14.23
2026-02-18T01:23:54.972151;mvtec_loco_AD/breakfast_box;cont_50pct_cosine_loo;0.5;cosine_loo;10;10;10;5;392;275;102;173;1;5;95;0.6896;0.8338;0.7723;0.3468;0.3931;-0.0580;0.1762;0.9600;1;0.8000;0.8000;;;14.86
2026-02-18T01:24:07.974738;mvtec_loco_AD/breakfast_box;cont_0pct_none;0.0;none;10;10;10;0;0;275;102;173;2;5;95;0.7826;0.8905;0.7790;0.5087;0.5434;;;;;;;;;12.42
2026-02-18T01:24:21.035682;mvtec_loco_AD/breakfast_box;cont_0pct_loo_patch;0.0;loo_patch;10;10;10;0;392;275;102;173;2;5;95;0.7790;0.8890;0.7816;0.5376;0.5491;-0.0036;;;;;;;;13.06
2026-02-18T01:24:35.146747;mvtec_loco_AD/breakfast_box;cont_0pct_random_patch;0.0;random_patch;10;10;10;0;392;275;102;173;2;5;95;0.7917;0.8945;0.7816;0.5202;0.5607;0.0092;;;;;;;;14.11
2026-02-18T01:24:49.708368;mvtec_loco_AD/breakfast_box;cont_0pct_mahalanobis_patch;0.0;mahalanobis_patch;10;10;10;0;392;275;102;173;2;5;95;0.7816;0.8893;0.7798;0.5202;0.5434;-0.0010;;;;;;;;14.56
2026-02-18T01:24:49.727368;mvtec_loco_AD/breakfast_box;cont_0pct_oracle_patch;0.0;oracle_patch;10;10;10;0;0;275;102;173;2;5;95;0.7826;0.8905;0.7790;0.5087;0.5434;0.0000;;;;;;;;0.01
2026-02-18T01:25:05.212612;mvtec_loco_AD/breakfast_box;cont_0pct_ensemble_loo_mahal;0.0;ensemble_loo_mahal;10;10;10;0;392;275;102;173;2;5;95;0.7761;0.8871;0.7798;0.5087;0.5491;-0.0065;;;;;;;;15.36
2026-02-18T01:25:18.182325;mvtec_loco_AD/breakfast_box;cont_0pct_cosine_loo;0.0;cosine_loo;10;10;10;0;392;275;102;173;2;5;95;0.7609;0.8795;0.7798;0.4277;0.5434;-0.0217;;;;;;;;12.96
2026-02-18T01:25:31.245014;mvtec_loco_AD/breakfast_box;cont_5pct_none;0.05;none;10;10;10;0;0;275;102;173;2;5;95;0.7826;0.8905;0.7790;0.5087;0.5434;0.0000;;;;;;;;13.05
2026-02-18T01:25:45.181759;mvtec_loco_AD/breakfast_box;cont_5pct_loo_patch;0.05;loo_patch;10;10;10;0;392;275;102;173;2;5;95;0.7790;0.8890;0.7816;0.5376;0.5491;-0.0036;1.0000;;;;;;;13.93
2026-02-18T01:25:57.251753;mvtec_loco_AD/breakfast_box;cont_5pct_random_patch;0.05;random_patch;10;10;10;0;392;275;102;173;2;5;95;0.7917;0.8945;0.7816;0.5202;0.5607;0.0092;1.0000;;;;;;;12.06
2026-02-18T01:26:12.836097;mvtec_loco_AD/breakfast_box;cont_5pct_mahalanobis_patch;0.05;mahalanobis_patch;10;10;10;0;392;275;102;173;2;5;95;0.7816;0.8893;0.7798;0.5202;0.5434;-0.0010;1.0000;;;;;;;15.58
2026-02-18T01:26:12.855096;mvtec_loco_AD/breakfast_box;cont_5pct_oracle_patch;0.05;oracle_patch;10;10;10;0;0;275;102;173;2;5;95;0.7826;0.8905;0.7790;0.5087;0.5434;0.0000;1.0000;;;;;;;0.01
2026-02-18T01:26:27.867171;mvtec_loco_AD/breakfast_box;cont_5pct_ensemble_loo_mahal;0.05;ensemble_loo_mahal;10;10;10;0;392;275;102;173;2;5;95;0.7761;0.8871;0.7798;0.5087;0.5491;-0.0065;1.0000;;;;;;;14.41
2026-02-18T01:26:40.834232;mvtec_loco_AD/breakfast_box;cont_5pct_cosine_loo;0.05;cosine_loo;10;10;10;0;392;275;102;173;2;5;95;0.7609;0.8795;0.7798;0.4277;0.5434;-0.0217;1.0000;;;;;;;12.96
2026-02-18T01:26:54.726794;mvtec_loco_AD/breakfast_box;cont_40pct_none;0.4;none;10;10;10;4;0;275;102;173;2;5;95;0.7445;0.8702;0.7723;0.4798;0.4855;-0.0381;;;;;;;;13.87
2026-02-18T01:27:07.830001;mvtec_loco_AD/breakfast_box;cont_40pct_loo_patch;0.4;loo_patch;10;10;10;4;392;275;102;173;2;5;95;0.7436;0.8704;0.7723;0.4682;0.5029;-0.0389;-0.0223;0.8333;1;0.5000;0.5000;;;13.10
2026-02-18T01:27:21.224885;mvtec_loco_AD/breakfast_box;cont_40pct_random_patch;0.4;random_patch;10;10;10;4;392;275;102;173;2;5;95;0.7518;0.8740;0.7723;0.4913;0.5087;-0.0308;0.1920;0.8333;1;0.5000;0.5000;;;13.39
2026-02-18T01:27:35.430160;mvtec_loco_AD/breakfast_box;cont_40pct_mahalanobis_patch;0.4;mahalanobis_patch;10;10;10;4;392;275;102;173;2;5;95;0.7505;0.8739;0.7723;0.4624;0.5145;-0.0320;0.1592;0.8333;1;0.5000;0.5000;;;14.10
2026-02-18T01:27:44.006097;mvtec_loco_AD/breakfast_box;cont_40pct_oracle_patch;0.4;oracle_patch;10;10;6;4;3136;275;102;173;2;5;95;0.7815;0.8901;0.7748;0.5202;0.5434;-0.0011;0.9717;0.8333;1;0.5000;0.5000;;;8.57
2026-02-18T01:27:58.810862;mvtec_loco_AD/breakfast_box;cont_40pct_ensemble_loo_mahal;0.4;ensemble_loo_mahal;10;10;10;4;392;275;102;173;2;5;95;0.7490;0.8735;0.7723;0.4740;0.5202;-0.0336;0.1176;0.8333;1;0.5000;0.5000;;;14.66
2026-02-18T01:28:11.732725;mvtec_loco_AD/breakfast_box;cont_40pct_cosine_loo;0.4;cosine_loo;10;10;10;4;392;275;102;173;2;5;95;0.7398;0.8667;0.7723;0.4162;0.4798;-0.0428;-0.1235;0.8333;1;0.5000;0.5000;;;12.92
2026-02-18T01:28:23.935727;mvtec_loco_AD/breakfast_box;cont_50pct_none;0.5;none;10;10;10;5;0;275;102;173;2;5;95;0.7284;0.8635;0.7723;0.4509;0.4855;-0.0541;;;;;;;;12.18
2026-02-18T01:28:36.818900;mvtec_loco_AD/breakfast_box;cont_50pct_loo_patch;0.5;loo_patch;10;10;10;5;392;275;102;173;2;5;95;0.7317;0.8647;0.7723;0.4682;0.5087;-0.0508;0.0607;0.7600;1;0.6000;0.6000;;;12.88
2026-02-18T01:28:49.731842;mvtec_loco_AD/breakfast_box;cont_50pct_random_patch;0.5;random_patch;10;10;10;5;392;275;102;173;2;5;95;0.7319;0.8645;0.7723;0.4566;0.5029;-0.0507;0.0634;0.7600;1;0.6000;0.6000;;;12.91
2026-02-18T01:29:04.090324;mvtec_loco_AD/breakfast_box;cont_50pct_mahalanobis_patch;0.5;mahalanobis_patch;10;10;10;5;392;275;102;173;2;5;95;0.7380;0.8669;0.7723;0.4624;0.4798;-0.0445;0.1770;0.7600;1;0.6000;0.6000;;;14.35
2026-02-18T01:29:11.230871;mvtec_loco_AD/breakfast_box;cont_50pct_oracle_patch;0.5;oracle_patch;10;10;5;5;3920;275;102;173;2;5;95;0.7748;0.8859;0.7755;0.4451;0.5607;-0.0078;0.8565;0.7600;1;0.6000;0.6000;;;7.13
2026-02-18T01:29:25.935510;mvtec_loco_AD/breakfast_box;cont_50pct_ensemble_loo_mahal;0.5;ensemble_loo_mahal;10;10;10;5;392;275;102;173;2;5;95;0.7345;0.8657;0.7723;0.4566;0.4855;-0.0481;0.1120;0.7600;1;0.6000;0.6000;;;14.48
2026-02-18T01:29:40.840263;mvtec_loco_AD/breakfast_box;cont_50pct_cosine_loo;0.5;cosine_loo;10;10;10;5;392;275;102;173;2;5;95;0.7279;0.8608;0.7723;0.4104;0.4682;-0.0546;-0.0094;0.7600;1;0.6000;0.6000;;;14.90
2026-02-18T01:29:53.349832;mvtec_loco_AD/breakfast_box;cont_0pct_none;0.0;none;10;10;10;0;0;275;102;173;3;5;95;0.7397;0.8643;0.7830;0.4046;0.4740;;;;;;;;;12.28
2026-02-18T01:30:07.283868;mvtec_loco_AD/breakfast_box;cont_0pct_loo_patch;0.0;loo_patch;10;10;10;0;392;275;102;173;3;5;95;0.7219;0.8565;0.7801;0.4335;0.4566;-0.0179;;;;;;;;13.93
2026-02-18T01:30:19.603225;mvtec_loco_AD/breakfast_box;cont_0pct_random_patch;0.0;random_patch;10;10;10;0;392;275;102;173;3;5;95;0.7377;0.8628;0.7859;0.4220;0.4566;-0.0020;;;;;;;;12.32
2026-02-18T01:30:33.731974;mvtec_loco_AD/breakfast_box;cont_0pct_mahalanobis_patch;0.0;mahalanobis_patch;10;10;10;0;392;275;102;173;3;5;95;0.7297;0.8603;0.7773;0.4393;0.4913;-0.0100;;;;;;;;14.12
2026-02-18T01:30:33.748977;mvtec_loco_AD/breakfast_box;cont_0pct_oracle_patch;0.0;oracle_patch;10;10;10;0;0;275;102;173;3;5;95;0.7397;0.8643;0.7830;0.4046;0.4740;0.0000;;;;;;;;0.01
2026-02-18T01:30:49.574659;mvtec_loco_AD/breakfast_box;cont_0pct_ensemble_loo_mahal;0.0;ensemble_loo_mahal;10;10;10;0;392;275;102;173;3;5;95;0.7292;0.8608;0.7773;0.4277;0.4855;-0.0105;;;;;;;;15.73
2026-02-18T01:31:02.449843;mvtec_loco_AD/breakfast_box;cont_0pct_cosine_loo;0.0;cosine_loo;10;10;10;0;392;275;102;173;3;5;95;0.7094;0.8510;0.7754;0.4393;0.4624;-0.0303;;;;;;;;12.87
2026-02-18T01:31:14.981644;mvtec_loco_AD/breakfast_box;cont_5pct_none;0.05;none;10;10;10;0;0;275;102;173;3;5;95;0.7397;0.8643;0.7830;0.4046;0.4740;0.0000;;;;;;;;12.52
2026-02-18T01:31:27.671817;mvtec_loco_AD/breakfast_box;cont_5pct_loo_patch;0.05;loo_patch;10;10;10;0;392;275;102;173;3;5;95;0.7219;0.8565;0.7801;0.4335;0.4566;-0.0179;1.0000;;;;;;;12.69
2026-02-18T01:31:39.695345;mvtec_loco_AD/breakfast_box;cont_5pct_random_patch;0.05;random_patch;10;10;10;0;392;275;102;173;3;5;95;0.7377;0.8628;0.7859;0.4220;0.4566;-0.0020;1.0000;;;;;;;12.01
2026-02-18T01:31:55.213761;mvtec_loco_AD/breakfast_box;cont_5pct_mahalanobis_patch;0.05;mahalanobis_patch;10;10;10;0;392;275;102;173;3;5;95;0.7297;0.8603;0.7773;0.4393;0.4913;-0.0100;1.0000;;;;;;;15.51
2026-02-18T01:31:55.232366;mvtec_loco_AD/breakfast_box;cont_5pct_oracle_patch;0.05;oracle_patch;10;10;10;0;0;275;102;173;3;5;95;0.7397;0.8643;0.7830;0.4046;0.4740;0.0000;1.0000;;;;;;;0.01
2026-02-18T01:32:09.624151;mvtec_loco_AD/breakfast_box;cont_5pct_ensemble_loo_mahal;0.05;ensemble_loo_mahal;10;10;10;0;392;275;102;173;3;5;95;0.7292;0.8608;0.7773;0.4277;0.4855;-0.0105;1.0000;;;;;;;14.19
2026-02-18T01:32:22.954772;mvtec_loco_AD/breakfast_box;cont_5pct_cosine_loo;0.05;cosine_loo;10;10;10;0;392;275;102;173;3;5;95;0.7094;0.8510;0.7754;0.4393;0.4624;-0.0303;1.0000;;;;;;;13.33
2026-02-18T01:32:35.932535;mvtec_loco_AD/breakfast_box;cont_40pct_none;0.4;none;10;10;10;4;0;275;102;173;3;5;95;0.7029;0.8429;0.7723;0.3757;0.4162;-0.0368;;;;;;;;12.95
2026-02-18T01:32:48.532558;mvtec_loco_AD/breakfast_box;cont_40pct_loo_patch;0.4;loo_patch;10;10;10;4;392;275;102;173;3;5;95;0.7295;0.8576;0.7723;0.3873;0.4335;-0.0103;0.7211;1.0000;1;1.0000;1.0000;;;12.59
2026-02-18T01:33:01.695462;mvtec_loco_AD/breakfast_box;cont_40pct_random_patch;0.4;random_patch;10;10;10;4;392;275;102;173;3;5;95;0.7059;0.8438;0.7723;0.3757;0.4393;-0.0339;0.0794;1.0000;1;1.0000;1.0000;;;13.16
2026-02-18T01:33:15.652757;mvtec_loco_AD/breakfast_box;cont_40pct_mahalanobis_patch;0.4;mahalanobis_patch;10;10;10;4;392;275;102;173;3;5;95;0.7146;0.8494;0.7723;0.3584;0.4277;-0.0251;0.3174;1.0000;1;1.0000;1.0000;;;13.95
2026-02-18T01:33:24.173897;mvtec_loco_AD/breakfast_box;cont_40pct_oracle_patch;0.4;oracle_patch;10;10;6;4;3136;275;102;173;3;5;95;0.7291;0.8581;0.7788;0.3988;0.4509;-0.0107;0.7103;1.0000;1;1.0000;1.0000;;;8.51
2026-02-18T01:33:38.718673;mvtec_loco_AD/breakfast_box;cont_40pct_ensemble_loo_mahal;0.4;ensemble_loo_mahal;10;10;10;4;392;275;102;173;3;5;95;0.7174;0.8495;0.7723;0.3642;0.4104;-0.0223;0.3929;1.0000;1;1.0000;1.0000;;;14.34
2026-02-18T01:33:52.754061;mvtec_loco_AD/breakfast_box;cont_40pct_cosine_loo;0.4;cosine_loo;10;10;10;4;392;275;102;173;3;5;95;0.7112;0.8474;0.7723;0.3815;0.4220;-0.0285;0.2250;1.0000;1;1.0000;1.0000;;;14.03
2026-02-18T01:34:05.674169;mvtec_loco_AD/breakfast_box;cont_50pct_none;0.5;none;10;10;10;5;0;275;102;173;3;5;95;0.6838;0.8352;0.7723;0.3699;0.4393;-0.0559;;;;;;;;12.88
2026-02-18T01:34:18.535499;mvtec_loco_AD/breakfast_box;cont_50pct_loo_patch;0.5;loo_patch;10;10;10;5;392;275;102;173;3;5;95;0.7040;0.8475;0.7723;0.3757;0.4451;-0.0357;0.3617;0.9600;1;0.8000;0.8000;;;12.86
2026-02-18T01:34:31.844141;mvtec_loco_AD/breakfast_box;cont_50pct_random_patch;0.5;random_patch;10;10;10;5;392;275;102;173;3;5;95;0.6810;0.8339;0.7723;0.3757;0.4277;-0.0587;-0.0496;0.9600;1;0.8000;0.8000;;;13.30
2026-02-18T01:34:46.129494;mvtec_loco_AD/breakfast_box;cont_50pct_mahalanobis_patch;0.5;mahalanobis_patch;10;10;10;5;392;275;102;173;3;5;95;0.6911;0.8394;0.7723;0.3410;0.4509;-0.0486;0.1307;0.9600;1;0.8000;0.8000;;;14.28
2026-02-18T01:34:53.096837;mvtec_loco_AD/breakfast_box;cont_50pct_oracle_patch;0.5;oracle_patch;10;10;5;5;3920;275;102;173;3;5;95;0.7244;0.8560;0.7765;0.4162;0.4682;-0.0154;0.7254;0.9600;1;0.8000;0.8000;;;6.96
2026-02-18T01:35:07.414860;mvtec_loco_AD/breakfast_box;cont_50pct_ensemble_loo_mahal;0.5;ensemble_loo_mahal;10;10;10;5;392;275;102;173;3;5;95;0.6954;0.8411;0.7723;0.3410;0.4393;-0.0443;0.2077;0.9600;1;0.8000;0.8000;;;14.31
2026-02-18T01:35:21.850039;mvtec_loco_AD/breakfast_box;cont_50pct_cosine_loo;0.5;cosine_loo;10;10;10;5;392;275;102;173;3;5;95;0.6861;0.8381;0.7723;0.3815;0.4335;-0.0536;0.0415;0.9600;1;0.8000;0.8000;;;14.43
2026-02-18T01:35:34.361564;mvtec_loco_AD/breakfast_box;cont_0pct_none;0.0;none;10;10;10;0;0;275;102;173;4;5;95;0.7721;0.8836;0.7723;0.4451;0.5029;;;;;;;;;12.06
2026-02-18T01:35:47.274553;mvtec_loco_AD/breakfast_box;cont_0pct_loo_patch;0.0;loo_patch;10;10;10;0;392;275;102;173;4;5;95;0.7628;0.8788;0.7736;0.4798;0.5087;-0.0092;;;;;;;;12.91
2026-02-18T01:35:59.724798;mvtec_loco_AD/breakfast_box;cont_0pct_random_patch;0.0;random_patch;10;10;10;0;392;275;102;173;4;5;95;0.7683;0.8831;0.7723;0.4566;0.4971;-0.0037;;;;;;;;12.45
2026-02-18T01:36:13.523289;mvtec_loco_AD/breakfast_box;cont_0pct_mahalanobis_patch;0.0;mahalanobis_patch;10;10;10;0;392;275;102;173;4;5;95;0.7632;0.8798;0.7728;0.4393;0.5260;-0.0088;;;;;;;;13.79
2026-02-18T01:36:13.540433;mvtec_loco_AD/breakfast_box;cont_0pct_oracle_patch;0.0;oracle_patch;10;10;10;0;0;275;102;173;4;5;95;0.7721;0.8836;0.7723;0.4451;0.5029;0.0000;;;;;;;;0.01
2026-02-18T01:36:29.651918;mvtec_loco_AD/breakfast_box;cont_0pct_ensemble_loo_mahal;0.0;ensemble_loo_mahal;10;10;10;0;392;275;102;173;4;5;95;0.7613;0.8771;0.7730;0.4220;0.4913;-0.0108;;;;;;;;15.23
2026-02-18T01:36:42.749162;mvtec_loco_AD/breakfast_box;cont_0pct_cosine_loo;0.0;cosine_loo;10;10;10;0;392;275;102;173;4;5;95;0.7540;0.8744;0.7723;0.4335;0.5029;-0.0181;;;;;;;;13.09
2026-02-18T01:36:55.219522;mvtec_loco_AD/breakfast_box;cont_5pct_none;0.05;none;10;10;10;0;0;275;102;173;4;5;95;0.7721;0.8836;0.7723;0.4451;0.5029;0.0000;;;;;;;;12.46
2026-02-18T01:37:09.080619;mvtec_loco_AD/breakfast_box;cont_5pct_loo_patch;0.05;loo_patch;10;10;10;0;392;275;102;173;4;5;95;0.7628;0.8788;0.7736;0.4798;0.5087;-0.0092;1.0000;;;;;;;13.86
2026-02-18T01:37:20.530663;mvtec_loco_AD/breakfast_box;cont_5pct_random_patch;0.05;random_patch;10;10;10;0;392;275;102;173;4;5;95;0.7683;0.8831;0.7723;0.4566;0.4971;-0.0037;1.0000;;;;;;;11.45
2026-02-18T01:37:36.512249;mvtec_loco_AD/breakfast_box;cont_5pct_mahalanobis_patch;0.05;mahalanobis_patch;10;10;10;0;392;275;102;173;4;5;95;0.7632;0.8798;0.7728;0.4393;0.5260;-0.0088;1.0000;;;;;;;15.98
2026-02-18T01:37:36.530258;mvtec_loco_AD/breakfast_box;cont_5pct_oracle_patch;0.05;oracle_patch;10;10;10;0;0;275;102;173;4;5;95;0.7721;0.8836;0.7723;0.4451;0.5029;0.0000;1.0000;;;;;;;0.01
2026-02-18T01:37:51.112400;mvtec_loco_AD/breakfast_box;cont_5pct_ensemble_loo_mahal;0.05;ensemble_loo_mahal;10;10;10;0;392;275;102;173;4;5;95;0.7613;0.8771;0.7730;0.4220;0.4913;-0.0108;1.0000;;;;;;;14.47
2026-02-18T01:38:04.186041;mvtec_loco_AD/breakfast_box;cont_5pct_cosine_loo;0.05;cosine_loo;10;10;10;0;392;275;102;173;4;5;95;0.7540;0.8744;0.7723;0.4335;0.5029;-0.0181;1.0000;;;;;;;13.07
2026-02-18T01:38:18.093233;mvtec_loco_AD/breakfast_box;cont_40pct_none;0.4;none;10;10;10;4;0;275;102;173;4;5;95;0.7501;0.8781;0.7723;0.4855;0.5607;-0.0219;;;;;;;;13.88
2026-02-18T01:38:30.652432;mvtec_loco_AD/breakfast_box;cont_40pct_loo_patch;0.4;loo_patch;10;10;10;4;392;275;102;173;4;5;95;0.7609;0.8830;0.7723;0.4798;0.5723;-0.0112;0.4884;0.7917;1;0.7500;0.7500;;;12.55
2026-02-18T01:38:44.197064;mvtec_loco_AD/breakfast_box;cont_40pct_random_patch;0.4;random_patch;10;10;10;4;392;275;102;173;4;5;95;0.7436;0.8749;0.7723;0.4913;0.5491;-0.0284;-0.2972;0.7917;1;0.7500;0.7500;;;13.54
2026-02-18T01:38:58.373985;mvtec_loco_AD/breakfast_box;cont_40pct_mahalanobis_patch;0.4;mahalanobis_patch;10;10;10;4;392;275;102;173;4;5;95;0.7501;0.8779;0.7723;0.5029;0.5491;-0.0219;0.0000;0.7917;1;0.7500;0.7500;;;14.16
2026-02-18T01:39:06.587423;mvtec_loco_AD/breakfast_box;cont_40pct_oracle_patch;0.4;oracle_patch;10;10;6;4;3136;275;102;173;4;5;95;0.7844;0.8893;0.7803;0.4335;0.5202;0.0124;1.5633;0.7917;1;0.7500;0.7500;;;8.21
2026-02-18T01:39:21.079144;mvtec_loco_AD/breakfast_box;cont_40pct_ensemble_loo_mahal;0.4;ensemble_loo_mahal;10;10;10;4;392;275;102;173;4;5;95;0.7582;0.8818;0.7723;0.4798;0.5434;-0.0138;0.3695;0.7917;1;0.7500;0.7500;;;14.24
2026-02-18T01:39:33.911628;mvtec_loco_AD/breakfast_box;cont_40pct_cosine_loo;0.4;cosine_loo;10;10;10;4;392;275;102;173;4;5;95;0.7432;0.8744;0.7723;0.4682;0.5434;-0.0288;-0.3152;0.7917;1;0.7500;0.7500;;;12.82
2026-02-18T01:39:46.959407;mvtec_loco_AD/breakfast_box;cont_50pct_none;0.5;none;10;10;10;5;0;275;102;173;4;5;95;0.7339;0.8683;0.7723;0.4566;0.5087;-0.0382;;;;;;;;13.02
2026-02-18T01:40:00.236180;mvtec_loco_AD/breakfast_box;cont_50pct_loo_patch;0.5;loo_patch;10;10;10;5;392;275;102;173;4;5;95;0.7471;0.8767;0.7723;0.4740;0.5607;-0.0250;0.3457;0.8000;1;0.8000;0.8000;;;13.26
2026-02-18T01:40:12.267754;mvtec_loco_AD/breakfast_box;cont_50pct_random_patch;0.5;random_patch;10;10;10;5;392;275;102;173;4;5;95;0.7299;0.8660;0.7723;0.4451;0.5029;-0.0422;-0.1039;0.8000;1;0.8000;0.8000;;;12.03
2026-02-18T01:40:27.676635;mvtec_loco_AD/breakfast_box;cont_50pct_mahalanobis_patch;0.5;mahalanobis_patch;10;10;10;5;392;275;102;173;4;5;95;0.7382;0.8707;0.7723;0.4509;0.5434;-0.0338;0.1142;0.8000;1;0.8000;0.8000;;;15.40
2026-02-18T01:40:33.770391;mvtec_loco_AD/breakfast_box;cont_50pct_oracle_patch;0.5;oracle_patch;10;10;5;5;3920;275;102;173;4;5;95;0.7750;0.8832;0.7806;0.4162;0.5145;0.0029;1.0772;0.8000;1;0.8000;0.8000;;;6.09
2026-02-18T01:40:47.788402;mvtec_loco_AD/breakfast_box;cont_50pct_ensemble_loo_mahal;0.5;ensemble_loo_mahal;10;10;10;5;392;275;102;173;4;5;95;0.7440;0.8741;0.7723;0.4509;0.5491;-0.0281;0.2641;0.8000;1;0.8000;0.8000;;;14.01
2026-02-18T01:41:02.351269;mvtec_loco_AD/breakfast_box;cont_50pct_cosine_loo;0.5;cosine_loo;10;10;10;5;392;275;102;173;4;5;95;0.7402;0.8723;0.7723;0.4798;0.5145;-0.0319;0.1647;0.8000;1;0.8000;0.8000;;;14.56
2026-02-18T01:41:20.366027;mvtec_loco_AD/juice_bottle;cont_0pct_none;0.0;none;10;10;10;0;0;330;94;236;0;5;95;0.8342;0.9368;0.8511;0.4915;0.6102;;;;;;;;;16.13
2026-02-18T01:41:35.836446;mvtec_loco_AD/juice_bottle;cont_0pct_loo_patch;0.0;loo_patch;10;10;10;0;392;330;94;236;0;5;95;0.8261;0.9335;0.8462;0.4915;0.5847;-0.0081;;;;;;;;15.47
2026-02-18T01:41:50.660850;mvtec_loco_AD/juice_bottle;cont_0pct_random_patch;0.0;random_patch;10;10;10;0;392;330;94;236;0;5;95;0.8345;0.9370;0.8504;0.5466;0.5932;0.0003;;;;;;;;14.82
2026-02-18T01:42:07.729264;mvtec_loco_AD/juice_bottle;cont_0pct_mahalanobis_patch;0.0;mahalanobis_patch;10;10;10;0;392;330;94;236;0;5;95;0.8304;0.9359;0.8437;0.5000;0.5932;-0.0038;;;;;;;;17.06
2026-02-18T01:42:07.747475;mvtec_loco_AD/juice_bottle;cont_0pct_oracle_patch;0.0;oracle_patch;10;10;10;0;0;330;94;236;0;5;95;0.8342;0.9368;0.8511;0.4915;0.6102;0.0000;;;;;;;;0.01
2026-02-18T01:42:24.564883;mvtec_loco_AD/juice_bottle;cont_0pct_ensemble_loo_mahal;0.0;ensemble_loo_mahal;10;10;10;0;392;330;94;236;0;5;95;0.8322;0.9385;0.8440;0.5847;0.6102;-0.0020;;;;;;;;16.64
2026-02-18T01:42:39.755062;mvtec_loco_AD/juice_bottle;cont_0pct_cosine_loo;0.0;cosine_loo;10;10;10;0;392;330;94;236;0;5;95;0.8159;0.9280;0.8530;0.4746;0.5720;-0.0183;;;;;;;;15.19
2026-02-18T01:42:55.172169;mvtec_loco_AD/juice_bottle;cont_5pct_none;0.05;none;10;10;10;0;0;330;94;236;0;5;95;0.8342;0.9368;0.8511;0.4915;0.6102;0.0000;;;;;;;;15.40
2026-02-18T01:43:11.703395;mvtec_loco_AD/juice_bottle;cont_5pct_loo_patch;0.05;loo_patch;10;10;10;0;392;330;94;236;0;5;95;0.8261;0.9335;0.8462;0.4915;0.5847;-0.0081;1.0000;;;;;;;16.53
2026-02-18T01:43:27.551237;mvtec_loco_AD/juice_bottle;cont_5pct_random_patch;0.05;random_patch;10;10;10;0;392;330;94;236;0;5;95;0.8345;0.9370;0.8504;0.5466;0.5932;0.0003;1.0000;;;;;;;15.84
2026-02-18T01:43:44.968677;mvtec_loco_AD/juice_bottle;cont_5pct_mahalanobis_patch;0.05;mahalanobis_patch;10;10;10;0;392;330;94;236;0;5;95;0.8304;0.9359;0.8437;0.5000;0.5932;-0.0038;1.0000;;;;;;;17.41
2026-02-18T01:43:44.983681;mvtec_loco_AD/juice_bottle;cont_5pct_oracle_patch;0.05;oracle_patch;10;10;10;0;0;330;94;236;0;5;95;0.8342;0.9368;0.8511;0.4915;0.6102;0.0000;1.0000;;;;;;;0.01
2026-02-18T01:44:04.620351;mvtec_loco_AD/juice_bottle;cont_5pct_ensemble_loo_mahal;0.05;ensemble_loo_mahal;10;10;10;0;392;330;94;236;0;5;95;0.8322;0.9385;0.8440;0.5847;0.6102;-0.0020;1.0000;;;;;;;19.55
2026-02-18T01:44:20.377304;mvtec_loco_AD/juice_bottle;cont_5pct_cosine_loo;0.05;cosine_loo;10;10;10;0;392;330;94;236;0;5;95;0.8159;0.9280;0.8530;0.4746;0.5720;-0.0183;1.0000;;;;;;;15.75
2026-02-18T01:44:35.313246;mvtec_loco_AD/juice_bottle;cont_40pct_none;0.4;none;10;10;10;4;0;330;94;236;0;5;95;0.8035;0.9252;0.8355;0.4788;0.5381;-0.0307;;;;;;;;14.91
2026-02-18T01:44:50.460157;mvtec_loco_AD/juice_bottle;cont_40pct_loo_patch;0.4;loo_patch;10;10;10;4;392;330;94;236;0;5;95;0.8245;0.9329;0.8429;0.4237;0.6186;-0.0097;0.6848;0.2917;1;0.2500;0.2500;;;15.14
2026-02-18T01:45:04.494181;mvtec_loco_AD/juice_bottle;cont_40pct_random_patch;0.4;random_patch;10;10;10;4;392;330;94;236;0;5;95;0.8066;0.9273;0.8364;0.5085;0.5805;-0.0276;0.1026;0.2917;1;0.2500;0.2500;;;14.03
2026-02-18T01:45:21.108505;mvtec_loco_AD/juice_bottle;cont_40pct_mahalanobis_patch;0.4;mahalanobis_patch;10;10;10;4;392;330;94;236;0;5;95;0.8112;0.9280;0.8435;0.4068;0.5551;-0.0230;0.2507;0.2917;1;0.2500;0.2500;;;16.61
2026-02-18T01:45:31.113113;mvtec_loco_AD/juice_bottle;cont_40pct_oracle_patch;0.4;oracle_patch;10;10;6;4;3136;330;94;236;0;5;95;0.8188;0.9319;0.8484;0.5593;0.6102;-0.0154;0.4985;0.2917;1;0.2500;0.2500;;;10.00
2026-02-18T01:45:47.711244;mvtec_loco_AD/juice_bottle;cont_40pct_ensemble_loo_mahal;0.4;ensemble_loo_mahal;10;10;10;4;392;330;94;236;0;5;95;0.8142;0.9298;0.8374;0.4746;0.5975;-0.0200;0.3490;0.2917;1;0.2500;0.2500;;;16.59
2026-02-18T01:46:02.942432;mvtec_loco_AD/juice_bottle;cont_40pct_cosine_loo;0.4;cosine_loo;10;10;10;4;392;330;94;236;0;5;95;0.8170;0.9299;0.8412;0.4407;0.5720;-0.0172;0.4413;0.2917;1;0.2500;0.2500;;;15.23
2026-02-18T01:46:17.858263;mvtec_loco_AD/juice_bottle;cont_50pct_none;0.5;none;10;10;10;5;0;330;94;236;0;5;95;0.8085;0.9276;0.8357;0.4873;0.5636;-0.0257;;;;;;;;14.89
2026-02-18T01:46:33.076926;mvtec_loco_AD/juice_bottle;cont_50pct_loo_patch;0.5;loo_patch;10;10;10;5;392;330;94;236;0;5;95;0.8274;0.9336;0.8499;0.4703;0.5975;-0.0069;0.7333;0.4000;1;0.4000;0.4000;;;15.21
2026-02-18T01:46:48.568286;mvtec_loco_AD/juice_bottle;cont_50pct_random_patch;0.5;random_patch;10;10;10;5;392;330;94;236;0;5;95;0.8156;0.9309;0.8406;0.5254;0.5932;-0.0186;0.2746;0.4000;1;0.4000;0.4000;;;15.48
2026-02-18T01:47:05.725684;mvtec_loco_AD/juice_bottle;cont_50pct_mahalanobis_patch;0.5;mahalanobis_patch;10;10;10;5;392;330;94;236;0;5;95;0.8036;0.9242;0.8385;0.4364;0.5381;-0.0307;-0.1930;0.4000;1;0.4000;0.4000;;;17.15
2026-02-18T01:47:13.002621;mvtec_loco_AD/juice_bottle;cont_50pct_oracle_patch;0.5;oracle_patch;10;10;5;5;3920;330;94;236;0;5;95;0.8129;0.9292;0.8436;0.5127;0.6017;-0.0213;0.1702;0.4000;1;0.4000;0.4000;;;7.27
2026-02-18T01:47:29.749439;mvtec_loco_AD/juice_bottle;cont_50pct_ensemble_loo_mahal;0.5;ensemble_loo_mahal;10;10;10;5;392;330;94;236;0;5;95;0.8103;0.9280;0.8376;0.4492;0.5932;-0.0239;0.0702;0.4000;1;0.4000;0.4000;;;16.74
2026-02-18T01:47:44.931263;mvtec_loco_AD/juice_bottle;cont_50pct_cosine_loo;0.5;cosine_loo;10;10;10;5;392;330;94;236;0;5;95;0.8217;0.9328;0.8440;0.4915;0.6059;-0.0125;0.5140;0.4000;1;0.4000;0.4000;;;15.18
2026-02-18T01:48:01.034346;mvtec_loco_AD/juice_bottle;cont_0pct_none;0.0;none;10;10;10;0;0;330;94;236;1;5;95;0.8553;0.9432;0.8659;0.4788;0.5847;;;;;;;;;15.75
2026-02-18T01:48:17.127912;mvtec_loco_AD/juice_bottle;cont_0pct_loo_patch;0.0;loo_patch;10;10;10;0;392;330;94;236;1;5;95;0.8362;0.9358;0.8606;0.5466;0.5678;-0.0191;;;;;;;;16.09
2026-02-18T01:48:30.282009;mvtec_loco_AD/juice_bottle;cont_0pct_random_patch;0.0;random_patch;10;10;10;0;392;330;94;236;1;5;95;0.8540;0.9424;0.8721;0.5042;0.5763;-0.0013;;;;;;;;13.15
2026-02-18T01:48:46.854503;mvtec_loco_AD/juice_bottle;cont_0pct_mahalanobis_patch;0.0;mahalanobis_patch;10;10;10;0;392;330;94;236;1;5;95;0.8293;0.9313;0.8566;0.4322;0.5381;-0.0260;;;;;;;;16.57
2026-02-18T01:48:46.876774;mvtec_loco_AD/juice_bottle;cont_0pct_oracle_patch;0.0;oracle_patch;10;10;10;0;0;330;94;236;1;5;95;0.8553;0.9432;0.8659;0.4788;0.5847;0.0000;;;;;;;;0.02
2026-02-18T01:49:04.963073;mvtec_loco_AD/juice_bottle;cont_0pct_ensemble_loo_mahal;0.0;ensemble_loo_mahal;10;10;10;0;392;330;94;236;1;5;95;0.8300;0.9337;0.8622;0.4746;0.5975;-0.0253;;;;;;;;17.86
2026-02-18T01:49:20.079789;mvtec_loco_AD/juice_bottle;cont_0pct_cosine_loo;0.0;cosine_loo;10;10;10;0;392;330;94;236;1;5;95;0.8569;0.9437;0.8674;0.4576;0.5975;0.0016;;;;;;;;15.11
2026-02-18T01:49:36.752555;mvtec_loco_AD/juice_bottle;cont_5pct_none;0.05;none;10;10;10;0;0;330;94;236;1;5;95;0.8553;0.9432;0.8659;0.4788;0.5847;0.0000;;;;;;;;16.66
2026-02-18T01:49:52.057341;mvtec_loco_AD/juice_bottle;cont_5pct_loo_patch;0.05;loo_patch;10;10;10;0;392;330;94;236;1;5;95;0.8362;0.9358;0.8606;0.5466;0.5678;-0.0191;1.0000;;;;;;;15.30
2026-02-18T01:50:07.706540;mvtec_loco_AD/juice_bottle;cont_5pct_random_patch;0.05;random_patch;10;10;10;0;392;330;94;236;1;5;95;0.8540;0.9424;0.8721;0.5042;0.5763;-0.0013;1.0000;;;;;;;15.64
2026-02-18T01:50:24.709769;mvtec_loco_AD/juice_bottle;cont_5pct_mahalanobis_patch;0.05;mahalanobis_patch;10;10;10;0;392;330;94;236;1;5;95;0.8293;0.9313;0.8566;0.4322;0.5381;-0.0260;1.0000;;;;;;;16.70
2026-02-18T01:50:24.731772;mvtec_loco_AD/juice_bottle;cont_5pct_oracle_patch;0.05;oracle_patch;10;10;10;0;0;330;94;236;1;5;95;0.8553;0.9432;0.8659;0.4788;0.5847;0.0000;1.0000;;;;;;;0.01
2026-02-18T01:50:41.368446;mvtec_loco_AD/juice_bottle;cont_5pct_ensemble_loo_mahal;0.05;ensemble_loo_mahal;10;10;10;0;392;330;94;236;1;5;95;0.8300;0.9337;0.8622;0.4746;0.5975;-0.0253;1.0000;;;;;;;16.56
2026-02-18T01:50:58.155389;mvtec_loco_AD/juice_bottle;cont_5pct_cosine_loo;0.05;cosine_loo;10;10;10;0;392;330;94;236;1;5;95;0.8569;0.9437;0.8674;0.4576;0.5975;0.0016;1.0000;;;;;;;16.78
2026-02-18T01:51:12.937717;mvtec_loco_AD/juice_bottle;cont_40pct_none;0.4;none;10;10;10;4;0;330;94;236;1;5;95;0.7856;0.9088;0.8594;0.3686;0.4492;-0.0697;;;;;;;;14.75
2026-02-18T01:51:29.564567;mvtec_loco_AD/juice_bottle;cont_40pct_loo_patch;0.4;loo_patch;10;10;10;4;392;330;94;236;1;5;95;0.7823;0.9070;0.8489;0.3390;0.4195;-0.0730;-0.0479;0.8333;0;0.7500;0.7500;;;16.62
2026-02-18T01:51:43.688621;mvtec_loco_AD/juice_bottle;cont_40pct_random_patch;0.4;random_patch;10;10;10;4;392;330;94;236;1;5;95;0.7877;0.9091;0.8605;0.3686;0.4492;-0.0676;0.0304;0.8333;0;0.7500;0.7500;;;14.12
2026-02-18T01:52:02.005422;mvtec_loco_AD/juice_bottle;cont_40pct_mahalanobis_patch;0.4;mahalanobis_patch;10;10;10;4;392;330;94;236;1;5;95;0.7979;0.9168;0.8506;0.4195;0.4703;-0.0574;0.1766;0.8333;0;0.7500;0.7500;;;18.31
2026-02-18T01:52:10.856734;mvtec_loco_AD/juice_bottle;cont_40pct_oracle_patch;0.4;oracle_patch;10;10;6;4;3136;330;94;236;1;5;95;0.8126;0.9235;0.8583;0.4534;0.5297;-0.0427;0.3875;0.8333;0;0.7500;0.7500;;;8.85
2026-02-18T01:52:29.093579;mvtec_loco_AD/juice_bottle;cont_40pct_ensemble_loo_mahal;0.4;ensemble_loo_mahal;10;10;10;4;392;330;94;236;1;5;95;0.7912;0.9140;0.8525;0.4237;0.4831;-0.0641;0.0802;0.8333;0;0.7500;0.7500;;;18.23
2026-02-18T01:52:44.358844;mvtec_loco_AD/juice_bottle;cont_40pct_cosine_loo;0.4;cosine_loo;10;10;10;4;392;330;94;236;1;5;95;0.7799;0.9047;0.8555;0.3263;0.4449;-0.0754;-0.0821;0.8333;0;0.7500;0.7500;;;15.26
2026-02-18T01:53:00.799429;mvtec_loco_AD/juice_bottle;cont_50pct_none;0.5;none;10;10;10;5;0;330;94;236;1;5;95;0.7632;0.8958;0.8627;0.3686;0.4068;-0.0921;;;;;;;;16.41
2026-02-18T01:53:16.086369;mvtec_loco_AD/juice_bottle;cont_50pct_loo_patch;0.5;loo_patch;10;10;10;5;392;330;94;236;1;5;95;0.7784;0.9022;0.8617;0.3347;0.4110;-0.0769;0.1650;1.0000;1;1.0000;1.0000;;;15.28
2026-02-18T01:53:31.777886;mvtec_loco_AD/juice_bottle;cont_50pct_random_patch;0.5;random_patch;10;10;10;5;392;330;94;236;1;5;95;0.7631;0.8958;0.8605;0.3771;0.3898;-0.0922;-0.0015;1.0000;1;1.0000;1.0000;;;15.69
2026-02-18T01:53:48.177912;mvtec_loco_AD/juice_bottle;cont_50pct_mahalanobis_patch;0.5;mahalanobis_patch;10;10;10;5;392;330;94;236;1;5;95;0.7774;0.9052;0.8549;0.4025;0.4110;-0.0779;0.1542;1.0000;1;1.0000;1.0000;;;16.39
2026-02-18T01:53:56.354165;mvtec_loco_AD/juice_bottle;cont_50pct_oracle_patch;0.5;oracle_patch;10;10;5;5;3920;330;94;236;1;5;95;0.7800;0.9023;0.8615;0.3856;0.3898;-0.0753;0.1821;1.0000;1;1.0000;1.0000;;;8.17
2026-02-18T01:54:13.111277;mvtec_loco_AD/juice_bottle;cont_50pct_ensemble_loo_mahal;0.5;ensemble_loo_mahal;10;10;10;5;392;330;94;236;1;5;95;0.7809;0.9073;0.8554;0.3898;0.4237;-0.0744;0.1924;1.0000;1;1.0000;1.0000;;;16.75
2026-02-18T01:54:29.826346;mvtec_loco_AD/juice_bottle;cont_50pct_cosine_loo;0.5;cosine_loo;10;10;10;5;392;330;94;236;1;5;95;0.7695;0.8976;0.8566;0.3347;0.4153;-0.0858;0.0680;1.0000;1;1.0000;1.0000;;;16.71
2026-02-18T01:54:45.433215;mvtec_loco_AD/juice_bottle;cont_0pct_none;0.0;none;10;10;10;0;0;330;94;236;2;5;95;0.8329;0.9323;0.8622;0.4153;0.5466;;;;;;;;;15.28
2026-02-18T01:55:02.737543;mvtec_loco_AD/juice_bottle;cont_0pct_loo_patch;0.0;loo_patch;10;10;10;0;392;330;94;236;2;5;95;0.7946;0.9143;0.8508;0.3517;0.4746;-0.0383;;;;;;;;17.30
2026-02-18T01:55:17.138695;mvtec_loco_AD/juice_bottle;cont_0pct_random_patch;0.0;random_patch;10;10;10;0;392;330;94;236;2;5;95;0.8292;0.9312;0.8611;0.4534;0.5636;-0.0037;;;;;;;;14.40
2026-02-18T01:55:34.926989;mvtec_loco_AD/juice_bottle;cont_0pct_mahalanobis_patch;0.0;mahalanobis_patch;10;10;10;0;392;330;94;236;2;5;95;0.8103;0.9226;0.8588;0.4449;0.5297;-0.0226;;;;;;;;17.79
2026-02-18T01:55:34.942923;mvtec_loco_AD/juice_bottle;cont_0pct_oracle_patch;0.0;oracle_patch;10;10;10;0;0;330;94;236;2;5;95;0.8329;0.9323;0.8622;0.4153;0.5466;0.0000;;;;;;;;0.01
2026-02-18T01:55:54.515466;mvtec_loco_AD/juice_bottle;cont_0pct_ensemble_loo_mahal;0.0;ensemble_loo_mahal;10;10;10;0;392;330;94;236;2;5;95;0.8033;0.9197;0.8498;0.4195;0.5169;-0.0296;;;;;;;;19.46
2026-02-18T01:56:10.339433;mvtec_loco_AD/juice_bottle;cont_0pct_cosine_loo;0.0;cosine_loo;10;10;10;0;392;330;94;236;2;5;95;0.7992;0.9160;0.8548;0.3856;0.4534;-0.0337;;;;;;;;15.82
2026-02-18T01:56:26.992690;mvtec_loco_AD/juice_bottle;cont_5pct_none;0.05;none;10;10;10;0;0;330;94;236;2;5;95;0.8329;0.9323;0.8622;0.4153;0.5466;0.0000;;;;;;;;16.64
2026-02-18T01:56:42.621222;mvtec_loco_AD/juice_bottle;cont_5pct_loo_patch;0.05;loo_patch;10;10;10;0;392;330;94;236;2;5;95;0.7946;0.9143;0.8508;0.3517;0.4746;-0.0383;1.0000;;;;;;;15.62
2026-02-18T01:56:58.771062;mvtec_loco_AD/juice_bottle;cont_5pct_random_patch;0.05;random_patch;10;10;10;0;392;330;94;236;2;5;95;0.8292;0.9312;0.8611;0.4534;0.5636;-0.0037;1.0000;;;;;;;16.14
2026-02-18T01:57:15.728393;mvtec_loco_AD/juice_bottle;cont_5pct_mahalanobis_patch;0.05;mahalanobis_patch;10;10;10;0;392;330;94;236;2;5;95;0.8103;0.9226;0.8588;0.4449;0.5297;-0.0226;1.0000;;;;;;;16.95
2026-02-18T01:57:15.751394;mvtec_loco_AD/juice_bottle;cont_5pct_oracle_patch;0.05;oracle_patch;10;10;10;0;0;330;94;236;2;5;95;0.8329;0.9323;0.8622;0.4153;0.5466;0.0000;1.0000;;;;;;;0.02
2026-02-18T01:57:33.786242;mvtec_loco_AD/juice_bottle;cont_5pct_ensemble_loo_mahal;0.05;ensemble_loo_mahal;10;10;10;0;392;330;94;236;2;5;95;0.8033;0.9197;0.8498;0.4195;0.5169;-0.0296;1.0000;;;;;;;17.94
2026-02-18T01:57:49.290014;mvtec_loco_AD/juice_bottle;cont_5pct_cosine_loo;0.05;cosine_loo;10;10;10;0;392;330;94;236;2;5;95;0.7992;0.9160;0.8548;0.3856;0.4534;-0.0337;1.0000;;;;;;;15.50
2026-02-18T01:58:05.533955;mvtec_loco_AD/juice_bottle;cont_40pct_none;0.4;none;10;10;10;4;0;330;94;236;2;5;95;0.7716;0.9021;0.8487;0.3432;0.4237;-0.0614;;;;;;;;16.22
2026-02-18T01:58:20.617502;mvtec_loco_AD/juice_bottle;cont_40pct_loo_patch;0.4;loo_patch;10;10;10;4;392;330;94;236;2;5;95;0.7675;0.8966;0.8594;0.3008;0.3941;-0.0654;-0.0661;0.7083;1;0.5000;0.5000;;;15.08
2026-02-18T01:58:35.830812;mvtec_loco_AD/juice_bottle;cont_40pct_random_patch;0.4;random_patch;10;10;10;4;392;330;94;236;2;5;95;0.7739;0.9024;0.8566;0.3305;0.4195;-0.0591;0.0375;0.7083;1;0.5000;0.5000;;;15.21
2026-02-18T01:58:56.243217;mvtec_loco_AD/juice_bottle;cont_40pct_mahalanobis_patch;0.4;mahalanobis_patch;10;10;10;4;392;330;94;236;2;5;95;0.7873;0.9114;0.8555;0.3856;0.4576;-0.0457;0.2557;0.7083;1;0.5000;0.5000;;;20.41
2026-02-18T01:59:06.294957;mvtec_loco_AD/juice_bottle;cont_40pct_oracle_patch;0.4;oracle_patch;10;10;6;4;3136;330;94;236;2;5;95;0.8055;0.9192;0.8643;0.3898;0.4661;-0.0275;0.5525;0.7083;1;0.5000;0.5000;;;10.05
2026-02-18T01:59:22.617166;mvtec_loco_AD/juice_bottle;cont_40pct_ensemble_loo_mahal;0.4;ensemble_loo_mahal;10;10;10;4;392;330;94;236;2;5;95;0.7768;0.9023;0.8627;0.3517;0.4068;-0.0561;0.0852;0.7083;1;0.5000;0.5000;;;16.22
2026-02-18T01:59:38.312931;mvtec_loco_AD/juice_bottle;cont_40pct_cosine_loo;0.4;cosine_loo;10;10;10;4;392;330;94;236;2;5;95;0.7718;0.9015;0.8524;0.3729;0.4237;-0.0612;0.0029;0.7083;1;0.5000;0.5000;;;15.69
2026-02-18T01:59:54.604657;mvtec_loco_AD/juice_bottle;cont_50pct_none;0.5;none;10;10;10;5;0;330;94;236;2;5;95;0.7778;0.9070;0.8446;0.3475;0.4492;-0.0551;;;;;;;;16.27
2026-02-18T02:00:09.832845;mvtec_loco_AD/juice_bottle;cont_50pct_loo_patch;0.5;loo_patch;10;10;10;5;392;330;94;236;2;5;95;0.7770;0.9035;0.8544;0.3475;0.4280;-0.0560;-0.0155;0.7600;1;0.6000;0.6000;;;15.22
2026-02-18T02:00:25.512674;mvtec_loco_AD/juice_bottle;cont_50pct_random_patch;0.5;random_patch;10;10;10;5;392;330;94;236;2;5;95;0.7835;0.9087;0.8484;0.3517;0.4237;-0.0494;0.1038;0.7600;1;0.6000;0.6000;;;15.67
2026-02-18T02:00:41.905151;mvtec_loco_AD/juice_bottle;cont_50pct_mahalanobis_patch;0.5;mahalanobis_patch;10;10;10;5;392;330;94;236;2;5;95;0.7986;0.9177;0.8560;0.4407;0.4746;-0.0343;0.3769;0.7600;1;0.6000;0.6000;;;16.39
2026-02-18T02:00:50.360976;mvtec_loco_AD/juice_bottle;cont_50pct_oracle_patch;0.5;oracle_patch;10;10;5;5;3920;330;94;236;2;5;95;0.8120;0.9228;0.8555;0.4068;0.4703;-0.0209;0.6206;0.7600;1;0.6000;0.6000;;;8.45
2026-02-18T02:01:07.033416;mvtec_loco_AD/juice_bottle;cont_50pct_ensemble_loo_mahal;0.5;ensemble_loo_mahal;10;10;10;5;392;330;94;236;2;5;95;0.7844;0.9089;0.8571;0.3729;0.4364;-0.0485;0.1194;0.7600;1;0.6000;0.6000;;;16.67
2026-02-18T02:01:23.419156;mvtec_loco_AD/juice_bottle;cont_50pct_cosine_loo;0.5;cosine_loo;10;10;10;5;392;330;94;236;2;5;95;0.7794;0.9056;0.8566;0.3644;0.4449;-0.0536;0.0286;0.7600;1;0.6000;0.6000;;;16.38
2026-02-18T02:01:38.889363;mvtec_loco_AD/juice_bottle;cont_0pct_none;0.0;none;10;10;10;0;0;330;94;236;3;5;95;0.8522;0.9454;0.8530;0.5424;0.6441;;;;;;;;;15.15
2026-02-18T02:01:55.731103;mvtec_loco_AD/juice_bottle;cont_0pct_loo_patch;0.0;loo_patch;10;10;10;0;392;330;94;236;3;5;95;0.8316;0.9333;0.8554;0.4195;0.5297;-0.0206;;;;;;;;16.84
2026-02-18T02:02:09.962972;mvtec_loco_AD/juice_bottle;cont_0pct_random_patch;0.0;random_patch;10;10;10;0;392;330;94;236;3;5;95;0.8530;0.9459;0.8559;0.5805;0.6568;0.0008;;;;;;;;14.23
2026-02-18T02:02:27.961447;mvtec_loco_AD/juice_bottle;cont_0pct_mahalanobis_patch;0.0;mahalanobis_patch;10;10;10;0;392;330;94;236;3;5;95;0.8407;0.9391;0.8566;0.5254;0.5508;-0.0116;;;;;;;;17.99
2026-02-18T02:02:27.978418;mvtec_loco_AD/juice_bottle;cont_0pct_oracle_patch;0.0;oracle_patch;10;10;10;0;0;330;94;236;3;5;95;0.8522;0.9454;0.8530;0.5424;0.6441;0.0000;;;;;;;;0.01
2026-02-18T02:02:44.603764;mvtec_loco_AD/juice_bottle;cont_0pct_ensemble_loo_mahal;0.0;ensemble_loo_mahal;10;10;10;0;392;330;94;236;3;5;95;0.8375;0.9370;0.8583;0.4831;0.5551;-0.0147;;;;;;;;16.52
2026-02-18T02:03:01.450847;mvtec_loco_AD/juice_bottle;cont_0pct_cosine_loo;0.0;cosine_loo;10;10;10;0;392;330;94;236;3;5;95;0.8329;0.9353;0.8515;0.4831;0.5508;-0.0193;;;;;;;;16.84
2026-02-18T02:03:16.270070;mvtec_loco_AD/juice_bottle;cont_5pct_none;0.05;none;10;10;10;0;0;330;94;236;3;5;95;0.8522;0.9454;0.8530;0.5424;0.6441;0.0000;;;;;;;;14.70
2026-02-18T02:03:31.883703;mvtec_loco_AD/juice_bottle;cont_5pct_loo_patch;0.05;loo_patch;10;10;10;0;392;330;94;236;3;5;95;0.8316;0.9333;0.8554;0.4195;0.5297;-0.0206;1.0000;;;;;;;15.61
2026-02-18T02:03:46.283384;mvtec_loco_AD/juice_bottle;cont_5pct_random_patch;0.05;random_patch;10;10;10;0;392;330;94;236;3;5;95;0.8530;0.9459;0.8559;0.5805;0.6568;0.0008;1.0000;;;;;;;14.39
2026-02-18T02:04:03.933502;mvtec_loco_AD/juice_bottle;cont_5pct_mahalanobis_patch;0.05;mahalanobis_patch;10;10;10;0;392;330;94;236;3;5;95;0.8407;0.9391;0.8566;0.5254;0.5508;-0.0116;1.0000;;;;;;;17.64
2026-02-18T02:04:03.952625;mvtec_loco_AD/juice_bottle;cont_5pct_oracle_patch;0.05;oracle_patch;10;10;10;0;0;330;94;236;3;5;95;0.8522;0.9454;0.8530;0.5424;0.6441;0.0000;1.0000;;;;;;;0.01
2026-02-18T02:04:20.218306;mvtec_loco_AD/juice_bottle;cont_5pct_ensemble_loo_mahal;0.05;ensemble_loo_mahal;10;10;10;0;392;330;94;236;3;5;95;0.8375;0.9370;0.8583;0.4831;0.5551;-0.0147;1.0000;;;;;;;16.18
2026-02-18T02:04:37.092042;mvtec_loco_AD/juice_bottle;cont_5pct_cosine_loo;0.05;cosine_loo;10;10;10;0;392;330;94;236;3;5;95;0.8329;0.9353;0.8515;0.4831;0.5508;-0.0193;1.0000;;;;;;;16.87
2026-02-18T02:04:52.458525;mvtec_loco_AD/juice_bottle;cont_40pct_none;0.4;none;10;10;10;4;0;330;94;236;3;5;95;0.8141;0.9268;0.8583;0.4831;0.5593;-0.0382;;;;;;;;15.34
2026-02-18T02:05:09.261819;mvtec_loco_AD/juice_bottle;cont_40pct_loo_patch;0.4;loo_patch;10;10;10;4;392;330;94;236;3;5;95;0.7929;0.9125;0.8621;0.3856;0.4407;-0.0594;-0.5549;0.8333;1;0.5000;0.5000;;;16.80
2026-02-18T02:05:23.238781;mvtec_loco_AD/juice_bottle;cont_40pct_random_patch;0.4;random_patch;10;10;10;4;392;330;94;236;3;5;95;0.8118;0.9256;0.8533;0.4534;0.5508;-0.0404;-0.0579;0.8333;1;0.5000;0.5000;;;13.97
2026-02-18T02:05:40.933072;mvtec_loco_AD/juice_bottle;cont_40pct_mahalanobis_patch;0.4;mahalanobis_patch;10;10;10;4;392;330;94;236;3;5;95;0.8081;0.9220;0.8549;0.4237;0.5169;-0.0442;-0.1570;0.8333;1;0.5000;0.5000;;;17.69
2026-02-18T02:05:50.827975;mvtec_loco_AD/juice_bottle;cont_40pct_oracle_patch;0.4;oracle_patch;10;10;6;4;3136;330;94;236;3;5;95;0.8499;0.9427;0.8618;0.5042;0.6144;-0.0023;0.9398;0.8333;1;0.5000;0.5000;;;9.89
2026-02-18T02:06:07.668283;mvtec_loco_AD/juice_bottle;cont_40pct_ensemble_loo_mahal;0.4;ensemble_loo_mahal;10;10;10;4;392;330;94;236;3;5;95;0.7998;0.9165;0.8593;0.4025;0.4746;-0.0525;-0.3743;0.8333;1;0.5000;0.5000;;;16.72
2026-02-18T02:06:24.705336;mvtec_loco_AD/juice_bottle;cont_40pct_cosine_loo;0.4;cosine_loo;10;10;10;4;392;330;94;236;3;5;95;0.8019;0.9187;0.8566;0.4280;0.5127;-0.0503;-0.3176;0.8333;1;0.5000;0.5000;;;17.03
2026-02-18T02:06:40.268413;mvtec_loco_AD/juice_bottle;cont_50pct_none;0.5;none;10;10;10;5;0;330;94;236;3;5;95;0.8454;0.9428;0.8577;0.5636;0.6356;-0.0069;;;;;;;;15.07
2026-02-18T02:06:56.394706;mvtec_loco_AD/juice_bottle;cont_50pct_loo_patch;0.5;loo_patch;10;10;10;5;392;330;94;236;3;5;95;0.8341;0.9350;0.8555;0.4492;0.5720;-0.0181;-1.6447;1.0000;1;1.0000;1.0000;;;16.12
2026-02-18T02:07:10.743850;mvtec_loco_AD/juice_bottle;cont_50pct_random_patch;0.5;random_patch;10;10;10;5;392;330;94;236;3;5;95;0.8432;0.9413;0.8554;0.5466;0.5763;-0.0091;-0.3224;1.0000;1;1.0000;1.0000;;;14.13
2026-02-18T02:07:28.645577;mvtec_loco_AD/juice_bottle;cont_50pct_mahalanobis_patch;0.5;mahalanobis_patch;10;10;10;5;392;330;94;236;3;5;95;0.8274;0.9324;0.8566;0.4873;0.5508;-0.0248;-2.6184;1.0000;1;1.0000;1.0000;;;17.89
2026-02-18T02:07:37.116840;mvtec_loco_AD/juice_bottle;cont_50pct_oracle_patch;0.5;oracle_patch;10;10;5;5;3920;330;94;236;3;5;95;0.8574;0.9465;0.8694;0.5254;0.6610;0.0051;1.7500;1.0000;1;1.0000;1.0000;;;8.47
2026-02-18T02:07:54.008652;mvtec_loco_AD/juice_bottle;cont_50pct_ensemble_loo_mahal;0.5;ensemble_loo_mahal;10;10;10;5;392;330;94;236;3;5;95;0.8315;0.9333;0.8527;0.4492;0.5466;-0.0208;-2.0329;1.0000;1;1.0000;1.0000;;;16.64
2026-02-18T02:08:10.969154;mvtec_loco_AD/juice_bottle;cont_50pct_cosine_loo;0.5;cosine_loo;10;10;10;5;392;330;94;236;3;5;95;0.8537;0.9440;0.8566;0.5085;0.6059;0.0014;1.2105;1.0000;1;1.0000;1.0000;;;16.95
2026-02-18T02:08:26.465465;mvtec_loco_AD/juice_bottle;cont_0pct_none;0.0;none;10;10;10;0;0;330;94;236;4;5;95;0.7709;0.8966;0.8643;0.3432;0.3602;;;;;;;;;15.17
2026-02-18T02:08:43.143132;mvtec_loco_AD/juice_bottle;cont_0pct_loo_patch;0.0;loo_patch;10;10;10;0;392;330;94;236;4;5;95;0.7723;0.8964;0.8686;0.2754;0.3602;0.0014;;;;;;;;16.67
2026-02-18T02:08:57.634716;mvtec_loco_AD/juice_bottle;cont_0pct_random_patch;0.0;random_patch;10;10;10;0;392;330;94;236;4;5;95;0.7722;0.8974;0.8650;0.3475;0.3644;0.0013;;;;;;;;14.19
2026-02-18T02:09:15.632898;mvtec_loco_AD/juice_bottle;cont_0pct_mahalanobis_patch;0.0;mahalanobis_patch;10;10;10;0;392;330;94;236;4;5;95;0.7857;0.9062;0.8617;0.3093;0.4449;0.0148;;;;;;;;17.99
2026-02-18T02:09:15.650899;mvtec_loco_AD/juice_bottle;cont_0pct_oracle_patch;0.0;oracle_patch;10;10;10;0;0;330;94;236;4;5;95;0.7709;0.8966;0.8643;0.3432;0.3602;0.0000;;;;;;;;0.01
2026-02-18T02:09:32.552200;mvtec_loco_AD/juice_bottle;cont_0pct_ensemble_loo_mahal;0.0;ensemble_loo_mahal;10;10;10;0;392;330;94;236;4;5;95;0.7715;0.8977;0.8516;0.2754;0.3475;0.0005;;;;;;;;16.71
2026-02-18T02:09:49.815404;mvtec_loco_AD/juice_bottle;cont_0pct_cosine_loo;0.0;cosine_loo;10;10;10;0;392;330;94;236;4;5;95;0.7729;0.8966;0.8649;0.3051;0.3686;0.0020;;;;;;;;17.26
2026-02-18T02:10:05.248026;mvtec_loco_AD/juice_bottle;cont_5pct_none;0.05;none;10;10;10;0;0;330;94;236;4;5;95;0.7709;0.8966;0.8643;0.3432;0.3602;0.0000;;;;;;;;15.32
2026-02-18T02:10:22.334411;mvtec_loco_AD/juice_bottle;cont_5pct_loo_patch;0.05;loo_patch;10;10;10;0;392;330;94;236;4;5;95;0.7723;0.8964;0.8686;0.2754;0.3602;0.0014;1.0000;;;;;;;17.08
2026-02-18T02:10:36.581028;mvtec_loco_AD/juice_bottle;cont_5pct_random_patch;0.05;random_patch;10;10;10;0;392;330;94;236;4;5;95;0.7722;0.8974;0.8650;0.3475;0.3644;0.0013;1.0000;;;;;;;14.24
2026-02-18T02:10:55.573051;mvtec_loco_AD/juice_bottle;cont_5pct_mahalanobis_patch;0.05;mahalanobis_patch;10;10;10;0;392;330;94;236;4;5;95;0.7857;0.9062;0.8617;0.3093;0.4449;0.0148;1.0000;;;;;;;18.99
2026-02-18T02:10:55.589602;mvtec_loco_AD/juice_bottle;cont_5pct_oracle_patch;0.05;oracle_patch;10;10;10;0;0;330;94;236;4;5;95;0.7709;0.8966;0.8643;0.3432;0.3602;0.0000;1.0000;;;;;;;0.01
2026-02-18T02:11:12.652166;mvtec_loco_AD/juice_bottle;cont_5pct_ensemble_loo_mahal;0.05;ensemble_loo_mahal;10;10;10;0;392;330;94;236;4;5;95;0.7715;0.8977;0.8516;0.2754;0.3475;0.0005;1.0000;;;;;;;16.94
2026-02-18T02:11:29.820243;mvtec_loco_AD/juice_bottle;cont_5pct_cosine_loo;0.05;cosine_loo;10;10;10;0;392;330;94;236;4;5;95;0.7729;0.8966;0.8649;0.3051;0.3686;0.0020;1.0000;;;;;;;17.16
2026-02-18T02:11:44.924484;mvtec_loco_AD/juice_bottle;cont_40pct_none;0.4;none;10;10;10;4;0;330;94;236;4;5;95;0.7732;0.8994;0.8607;0.3178;0.3898;0.0023;;;;;;;;15.07
2026-02-18T02:12:01.616296;mvtec_loco_AD/juice_bottle;cont_40pct_loo_patch;0.4;loo_patch;10;10;10;4;392;330;94;236;4;5;95;0.7674;0.8925;0.8687;0.3051;0.3771;-0.0035;2.5600;1.0000;1;1.0000;1.0000;;;16.69
2026-02-18T02:12:16.914905;mvtec_loco_AD/juice_bottle;cont_40pct_random_patch;0.4;random_patch;10;10;10;4;392;330;94;236;4;5;95;0.7715;0.8984;0.8642;0.3093;0.3729;0.0005;0.7600;1.0000;1;1.0000;1.0000;;;15.29
2026-02-18T02:12:35.638259;mvtec_loco_AD/juice_bottle;cont_40pct_mahalanobis_patch;0.4;mahalanobis_patch;10;10;10;4;392;330;94;236;4;5;95;0.7785;0.9055;0.8501;0.3305;0.4322;0.0076;-2.3600;1.0000;1;1.0000;1.0000;;;18.63
2026-02-18T02:12:45.421184;mvtec_loco_AD/juice_bottle;cont_40pct_oracle_patch;0.4;oracle_patch;10;10;6;4;3136;330;94;236;4;5;95;0.7659;0.8923;0.8669;0.2966;0.3517;-0.0050;3.2400;1.0000;1;1.0000;1.0000;;;9.78
2026-02-18T02:13:02.559131;mvtec_loco_AD/juice_bottle;cont_40pct_ensemble_loo_mahal;0.4;ensemble_loo_mahal;10;10;10;4;392;330;94;236;4;5;95;0.7776;0.9020;0.8611;0.3263;0.3941;0.0067;-1.9800;1.0000;1;1.0000;1.0000;;;17.13
2026-02-18T02:13:19.563963;mvtec_loco_AD/juice_bottle;cont_40pct_cosine_loo;0.4;cosine_loo;10;10;10;4;392;330;94;236;4;5;95;0.7677;0.8927;0.8755;0.2966;0.3432;-0.0032;2.4400;1.0000;1;1.0000;1.0000;;;17.00
2026-02-18T02:13:34.889435;mvtec_loco_AD/juice_bottle;cont_50pct_none;0.5;none;10;10;10;5;0;330;94;236;4;5;95;0.7736;0.9027;0.8531;0.3347;0.4153;0.0027;;;;;;;;15.16
2026-02-18T02:13:51.863322;mvtec_loco_AD/juice_bottle;cont_50pct_loo_patch;0.5;loo_patch;10;10;10;5;392;330;94;236;4;5;95;0.7706;0.8986;0.8507;0.2754;0.3898;-0.0004;1.1356;0.9200;1;0.8000;0.8000;;;16.97
2026-02-18T02:14:07.176774;mvtec_loco_AD/juice_bottle;cont_50pct_random_patch;0.5;random_patch;10;10;10;5;392;330;94;236;4;5;95;0.7741;0.9019;0.8503;0.3390;0.4153;0.0032;-0.1864;0.9200;1;0.8000;0.8000;;;15.31
2026-02-18T02:14:25.137428;mvtec_loco_AD/juice_bottle;cont_50pct_mahalanobis_patch;0.5;mahalanobis_patch;10;10;10;5;392;330;94;236;4;5;95;0.7753;0.9036;0.8478;0.3178;0.4110;0.0044;-0.6441;0.9200;1;0.8000;0.8000;;;17.95
2026-02-18T02:14:33.630880;mvtec_loco_AD/juice_bottle;cont_50pct_oracle_patch;0.5;oracle_patch;10;10;5;5;3920;330;94;236;4;5;95;0.7734;0.8977;0.8637;0.3220;0.3475;0.0025;0.0508;0.9200;1;0.8000;0.8000;;;8.49
2026-02-18T02:14:49.987851;mvtec_loco_AD/juice_bottle;cont_50pct_ensemble_loo_mahal;0.5;ensemble_loo_mahal;10;10;10;5;392;330;94;236;4;5;95;0.7767;0.9049;0.8464;0.3136;0.4237;0.0058;-1.1864;0.9200;1;0.8000;0.8000;;;16.23
2026-02-18T02:15:06.698999;mvtec_loco_AD/juice_bottle;cont_50pct_cosine_loo;0.5;cosine_loo;10;10;10;5;392;330;94;236;4;5;95;0.7693;0.8980;0.8571;0.2966;0.4025;-0.0016;1.6102;0.9200;1;0.8000;0.8000;;;16.71
2026-02-18T02:15:22.928383;mvtec_loco_AD/pushpins;cont_0pct_none;0.0;none;10;10;10;0;0;310;138;172;0;5;95;0.5708;0.6179;0.7212;0.0407;0.0756;;;;;;;;;13.98
2026-02-18T02:15:38.758760;mvtec_loco_AD/pushpins;cont_0pct_loo_patch;0.0;loo_patch;10;10;10;0;392;310;138;172;0;5;95;0.5480;0.6038;0.7219;0.0407;0.0756;-0.0228;;;;;;;;15.83
2026-02-18T02:15:52.672613;mvtec_loco_AD/pushpins;cont_0pct_random_patch;0.0;random_patch;10;10;10;0;392;310;138;172;0;5;95;0.5710;0.6218;0.7249;0.0407;0.0814;0.0002;;;;;;;;13.79
2026-02-18T02:16:09.870673;mvtec_loco_AD/pushpins;cont_0pct_mahalanobis_patch;0.0;mahalanobis_patch;10;10;10;0;392;310;138;172;0;5;95;0.5543;0.6116;0.7215;0.0407;0.0814;-0.0165;;;;;;;;17.19
2026-02-18T02:16:09.889579;mvtec_loco_AD/pushpins;cont_0pct_oracle_patch;0.0;oracle_patch;10;10;10;0;0;310;138;172;0;5;95;0.5708;0.6179;0.7212;0.0407;0.0756;0.0000;;;;;;;;0.01
2026-02-18T02:16:25.580306;mvtec_loco_AD/pushpins;cont_0pct_ensemble_loo_mahal;0.0;ensemble_loo_mahal;10;10;10;0;392;310;138;172;0;5;95;0.5526;0.6073;0.7234;0.0407;0.0698;-0.0182;;;;;;;;15.47
2026-02-18T02:16:41.641548;mvtec_loco_AD/pushpins;cont_0pct_cosine_loo;0.0;cosine_loo;10;10;10;0;392;310;138;172;0;5;95;0.5491;0.6020;0.7246;0.0407;0.0640;-0.0217;;;;;;;;16.06
2026-02-18T02:16:56.405582;mvtec_loco_AD/pushpins;cont_5pct_none;0.05;none;10;10;10;0;0;310;138;172;0;5;95;0.5708;0.6179;0.7212;0.0407;0.0756;0.0000;;;;;;;;14.75
2026-02-18T02:17:11.422417;mvtec_loco_AD/pushpins;cont_5pct_loo_patch;0.05;loo_patch;10;10;10;0;392;310;138;172;0;5;95;0.5480;0.6038;0.7219;0.0407;0.0756;-0.0228;1.0000;;;;;;;15.01
2026-02-18T02:17:26.327907;mvtec_loco_AD/pushpins;cont_5pct_random_patch;0.05;random_patch;10;10;10;0;392;310;138;172;0;5;95;0.5710;0.6218;0.7249;0.0407;0.0814;0.0002;1.0000;;;;;;;14.90
2026-02-18T02:17:41.924757;mvtec_loco_AD/pushpins;cont_5pct_mahalanobis_patch;0.05;mahalanobis_patch;10;10;10;0;392;310;138;172;0;5;95;0.5543;0.6116;0.7215;0.0407;0.0814;-0.0165;1.0000;;;;;;;15.48
2026-02-18T02:17:41.945281;mvtec_loco_AD/pushpins;cont_5pct_oracle_patch;0.05;oracle_patch;10;10;10;0;0;310;138;172;0;5;95;0.5708;0.6179;0.7212;0.0407;0.0756;0.0000;1.0000;;;;;;;0.02
2026-02-18T02:17:59.032262;mvtec_loco_AD/pushpins;cont_5pct_ensemble_loo_mahal;0.05;ensemble_loo_mahal;10;10;10;0;392;310;138;172;0;5;95;0.5526;0.6073;0.7234;0.0407;0.0698;-0.0182;1.0000;;;;;;;16.84
2026-02-18T02:18:13.792992;mvtec_loco_AD/pushpins;cont_5pct_cosine_loo;0.05;cosine_loo;10;10;10;0;392;310;138;172;0;5;95;0.5491;0.6020;0.7246;0.0407;0.0640;-0.0217;1.0000;;;;;;;14.76
2026-02-18T02:18:29.359682;mvtec_loco_AD/pushpins;cont_40pct_none;0.4;none;10;10;10;4;0;310;138;172;0;5;95;0.5330;0.5907;0.7137;0.0407;0.0640;-0.0378;;;;;;;;15.54
2026-02-18T02:18:43.868199;mvtec_loco_AD/pushpins;cont_40pct_loo_patch;0.4;loo_patch;10;10;10;4;392;310;138;172;0;5;95;0.5183;0.5891;0.7137;0.0465;0.0814;-0.0525;-0.3875;0.3333;0;0.2500;0.2500;;;14.50
2026-02-18T02:18:58.406178;mvtec_loco_AD/pushpins;cont_40pct_random_patch;0.4;random_patch;10;10;10;4;392;310;138;172;0;5;95;0.5256;0.5898;0.7137;0.0407;0.0640;-0.0452;-0.1960;0.3333;0;0.2500;0.2500;;;14.53
2026-02-18T02:19:14.632443;mvtec_loco_AD/pushpins;cont_40pct_mahalanobis_patch;0.4;mahalanobis_patch;10;10;10;4;392;310;138;172;0;5;95;0.5176;0.5879;0.7137;0.0465;0.0872;-0.0533;-0.4076;0.3333;0;0.2500;0.2500;;;16.22
2026-02-18T02:19:23.633681;mvtec_loco_AD/pushpins;cont_40pct_oracle_patch;0.4;oracle_patch;10;10;6;4;3136;310;138;172;0;5;95;0.5512;0.6086;0.7227;0.0465;0.0756;-0.0196;0.4811;0.3333;0;0.2500;0.2500;;;9.00
2026-02-18T02:19:41.099412;mvtec_loco_AD/pushpins;cont_40pct_ensemble_loo_mahal;0.4;ensemble_loo_mahal;10;10;10;4;392;310;138;172;0;5;95;0.5219;0.5967;0.7137;0.0581;0.0988;-0.0489;-0.2918;0.3333;0;0.2500;0.2500;;;17.46
2026-02-18T02:19:55.863586;mvtec_loco_AD/pushpins;cont_40pct_cosine_loo;0.4;cosine_loo;10;10;10;4;392;310;138;172;0;5;95;0.5269;0.5888;0.7137;0.0407;0.0756;-0.0439;-0.1604;0.3333;0;0.2500;0.2500;;;14.76
2026-02-18T02:20:11.776740;mvtec_loco_AD/pushpins;cont_50pct_none;0.5;none;10;10;10;5;0;310;138;172;0;5;95;0.5133;0.5823;0.7137;0.0407;0.0640;-0.0575;;;;;;;;15.88
2026-02-18T02:20:26.342312;mvtec_loco_AD/pushpins;cont_50pct_loo_patch;0.5;loo_patch;10;10;10;5;392;310;138;172;0;5;95;0.5102;0.6016;0.7137;0.0581;0.0988;-0.0606;-0.0534;0.4000;0;0.4000;0.4000;;;14.56
2026-02-18T02:20:41.334766;mvtec_loco_AD/pushpins;cont_50pct_random_patch;0.5;random_patch;10;10;10;5;392;310;138;172;0;5;95;0.5207;0.5896;0.7137;0.0465;0.0640;-0.0501;0.1288;0.4000;0;0.4000;0.4000;;;14.99
2026-02-18T02:20:58.122511;mvtec_loco_AD/pushpins;cont_50pct_mahalanobis_patch;0.5;mahalanobis_patch;10;10;10;5;392;310;138;172;0;5;95;0.5006;0.5826;0.7137;0.0407;0.0814;-0.0702;-0.2204;0.4000;0;0.4000;0.4000;;;16.78
2026-02-18T02:21:04.501938;mvtec_loco_AD/pushpins;cont_50pct_oracle_patch;0.5;oracle_patch;10;10;5;5;3920;310;138;172;0;5;95;0.5492;0.6093;0.7182;0.0465;0.0814;-0.0216;0.6245;0.4000;0;0.4000;0.4000;;;6.37
2026-02-18T02:21:21.611677;mvtec_loco_AD/pushpins;cont_50pct_ensemble_loo_mahal;0.5;ensemble_loo_mahal;10;10;10;5;392;310;138;172;0;5;95;0.5023;0.5886;0.7137;0.0581;0.0872;-0.0685;-0.1903;0.4000;0;0.4000;0.4000;;;17.10
2026-02-18T02:21:35.709997;mvtec_loco_AD/pushpins;cont_50pct_cosine_loo;0.5;cosine_loo;10;10;10;5;392;310;138;172;0;5;95;0.5121;0.5865;0.7137;0.0640;0.0640;-0.0587;-0.0205;0.4000;0;0.4000;0.4000;;;14.09
2026-02-18T02:21:51.381165;mvtec_loco_AD/pushpins;cont_0pct_none;0.0;none;10;10;10;0;0;310;138;172;1;5;95;0.5729;0.6313;0.7237;0.0756;0.0988;;;;;;;;;15.42
2026-02-18T02:22:06.036736;mvtec_loco_AD/pushpins;cont_0pct_loo_patch;0.0;loo_patch;10;10;10;0;392;310;138;172;1;5;95;0.5584;0.6159;0.7281;0.0523;0.0988;-0.0145;;;;;;;;14.65
2026-02-18T02:22:20.213129;mvtec_loco_AD/pushpins;cont_0pct_random_patch;0.0;random_patch;10;10;10;0;392;310;138;172;1;5;95;0.5756;0.6326;0.7265;0.0698;0.1047;0.0027;;;;;;;;14.17
2026-02-18T02:22:36.796068;mvtec_loco_AD/pushpins;cont_0pct_mahalanobis_patch;0.0;mahalanobis_patch;10;10;10;0;392;310;138;172;1;5;95;0.5789;0.6339;0.7281;0.0756;0.0930;0.0060;;;;;;;;16.58
2026-02-18T02:22:36.812071;mvtec_loco_AD/pushpins;cont_0pct_oracle_patch;0.0;oracle_patch;10;10;10;0;0;310;138;172;1;5;95;0.5729;0.6313;0.7237;0.0756;0.0988;0.0000;;;;;;;;0.01
2026-02-18T02:22:54.926184;mvtec_loco_AD/pushpins;cont_0pct_ensemble_loo_mahal;0.0;ensemble_loo_mahal;10;10;10;0;392;310;138;172;1;5;95;0.5760;0.6348;0.7245;0.0581;0.1047;0.0031;;;;;;;;18.04
2026-02-18T02:23:10.714072;mvtec_loco_AD/pushpins;cont_0pct_cosine_loo;0.0;cosine_loo;10;10;10;0;392;310;138;172;1;5;95;0.5601;0.6148;0.7217;0.0640;0.0756;-0.0128;;;;;;;;15.78
2026-02-18T02:23:24.883001;mvtec_loco_AD/pushpins;cont_5pct_none;0.05;none;10;10;10;0;0;310;138;172;1;5;95;0.5729;0.6313;0.7237;0.0756;0.0988;0.0000;;;;;;;;14.15
2026-02-18T02:23:40.663468;mvtec_loco_AD/pushpins;cont_5pct_loo_patch;0.05;loo_patch;10;10;10;0;392;310;138;172;1;5;95;0.5584;0.6159;0.7281;0.0523;0.0988;-0.0145;1.0000;;;;;;;15.78
2026-02-18T02:23:53.837001;mvtec_loco_AD/pushpins;cont_5pct_random_patch;0.05;random_patch;10;10;10;0;392;310;138;172;1;5;95;0.5756;0.6326;0.7265;0.0698;0.1047;0.0027;1.0000;;;;;;;13.17
2026-02-18T02:24:10.853922;mvtec_loco_AD/pushpins;cont_5pct_mahalanobis_patch;0.05;mahalanobis_patch;10;10;10;0;392;310;138;172;1;5;95;0.5789;0.6339;0.7281;0.0756;0.0930;0.0060;1.0000;;;;;;;17.01
2026-02-18T02:24:10.870065;mvtec_loco_AD/pushpins;cont_5pct_oracle_patch;0.05;oracle_patch;10;10;10;0;0;310;138;172;1;5;95;0.5729;0.6313;0.7237;0.0756;0.0988;0.0000;1.0000;;;;;;;0.01
2026-02-18T02:24:26.504856;mvtec_loco_AD/pushpins;cont_5pct_ensemble_loo_mahal;0.05;ensemble_loo_mahal;10;10;10;0;392;310;138;172;1;5;95;0.5760;0.6348;0.7245;0.0581;0.1047;0.0031;1.0000;;;;;;;15.54
2026-02-18T02:24:42.572570;mvtec_loco_AD/pushpins;cont_5pct_cosine_loo;0.05;cosine_loo;10;10;10;0;392;310;138;172;1;5;95;0.5601;0.6148;0.7217;0.0640;0.0756;-0.0128;1.0000;;;;;;;16.06
2026-02-18T02:24:57.142763;mvtec_loco_AD/pushpins;cont_40pct_none;0.4;none;10;10;10;4;0;310;138;172;1;5;95;0.5751;0.6328;0.7137;0.0581;0.0988;0.0022;;;;;;;;14.54
2026-02-18T02:25:13.293967;mvtec_loco_AD/pushpins;cont_40pct_loo_patch;0.4;loo_patch;10;10;10;4;392;310;138;172;1;5;95;0.5792;0.6340;0.7137;0.0523;0.1163;0.0063;-1.8654;0.4583;1;0.5000;0.5000;;;16.15
2026-02-18T02:25:26.908553;mvtec_loco_AD/pushpins;cont_40pct_random_patch;0.4;random_patch;10;10;10;4;392;310;138;172;1;5;95;0.5792;0.6341;0.7137;0.0640;0.0988;0.0063;-1.8654;0.4583;1;0.5000;0.5000;;;13.61
2026-02-18T02:25:44.052170;mvtec_loco_AD/pushpins;cont_40pct_mahalanobis_patch;0.4;mahalanobis_patch;10;10;10;4;392;310;138;172;1;5;95;0.5815;0.6355;0.7137;0.0581;0.1047;0.0086;-2.9231;0.4583;1;0.5000;0.5000;;;17.14
2026-02-18T02:25:53.664047;mvtec_loco_AD/pushpins;cont_40pct_oracle_patch;0.4;oracle_patch;10;10;6;4;3136;310;138;172;1;5;95;0.5954;0.6494;0.7297;0.0814;0.1047;0.0225;-9.2885;0.4583;1;0.5000;0.5000;;;9.61
2026-02-18T02:26:09.913832;mvtec_loco_AD/pushpins;cont_40pct_ensemble_loo_mahal;0.4;ensemble_loo_mahal;10;10;10;4;392;310;138;172;1;5;95;0.5817;0.6363;0.7137;0.0640;0.0988;0.0088;-3.0385;0.4583;1;0.5000;0.5000;;;16.06
2026-02-18T02:26:25.694771;mvtec_loco_AD/pushpins;cont_40pct_cosine_loo;0.4;cosine_loo;10;10;10;4;392;310;138;172;1;5;95;0.5820;0.6399;0.7137;0.0640;0.0988;0.0091;-3.1538;0.4583;1;0.5000;0.5000;;;15.78
2026-02-18T02:26:40.266654;mvtec_loco_AD/pushpins;cont_50pct_none;0.5;none;10;10;10;5;0;310;138;172;1;5;95;0.5528;0.6112;0.7137;0.0640;0.0756;-0.0201;;;;;;;;14.54
2026-02-18T02:26:56.151625;mvtec_loco_AD/pushpins;cont_50pct_loo_patch;0.5;loo_patch;10;10;10;5;392;310;138;172;1;5;95;0.5469;0.6082;0.7137;0.0465;0.0930;-0.0260;-0.2935;0.5200;1;0.6000;0.6000;;;15.88
2026-02-18T02:27:09.424070;mvtec_loco_AD/pushpins;cont_50pct_random_patch;0.5;random_patch;10;10;10;5;392;310;138;172;1;5;95;0.5401;0.6064;0.7137;0.0640;0.0872;-0.0328;-0.6310;0.5200;1;0.6000;0.6000;;;13.10
2026-02-18T02:27:26.710463;mvtec_loco_AD/pushpins;cont_50pct_mahalanobis_patch;0.5;mahalanobis_patch;10;10;10;5;392;310;138;172;1;5;95;0.5428;0.6066;0.7137;0.0698;0.1105;-0.0300;-0.4948;0.5200;1;0.6000;0.6000;;;17.28
2026-02-18T02:27:34.519319;mvtec_loco_AD/pushpins;cont_50pct_oracle_patch;0.5;oracle_patch;10;10;5;5;3920;310;138;172;1;5;95;0.5792;0.6346;0.7292;0.0814;0.0930;0.0064;1.3166;0.5200;1;0.6000;0.6000;;;7.80
2026-02-18T02:27:50.555744;mvtec_loco_AD/pushpins;cont_50pct_ensemble_loo_mahal;0.5;ensemble_loo_mahal;10;10;10;5;392;310;138;172;1;5;95;0.5532;0.6089;0.7137;0.0523;0.0988;-0.0197;0.0189;0.5200;1;0.6000;0.6000;;;15.82
2026-02-18T02:28:06.431234;mvtec_loco_AD/pushpins;cont_50pct_cosine_loo;0.5;cosine_loo;10;10;10;5;392;310;138;172;1;5;95;0.5502;0.6097;0.7137;0.0465;0.0814;-0.0227;-0.1279;0.5200;1;0.6000;0.6000;;;15.87
2026-02-18T02:28:20.560618;mvtec_loco_AD/pushpins;cont_0pct_none;0.0;none;10;10;10;0;0;310;138;172;2;5;95;0.5598;0.6118;0.7253;0.0581;0.0698;;;;;;;;;13.90
2026-02-18T02:28:36.263938;mvtec_loco_AD/pushpins;cont_0pct_loo_patch;0.0;loo_patch;10;10;10;0;392;310;138;172;2;5;95;0.5419;0.5948;0.7170;0.0349;0.0756;-0.0179;;;;;;;;15.70
2026-02-18T02:28:49.707410;mvtec_loco_AD/pushpins;cont_0pct_random_patch;0.0;random_patch;10;10;10;0;392;310;138;172;2;5;95;0.5596;0.6064;0.7230;0.0465;0.0698;-0.0003;;;;;;;;13.22
2026-02-18T02:29:07.156581;mvtec_loco_AD/pushpins;cont_0pct_mahalanobis_patch;0.0;mahalanobis_patch;10;10;10;0;392;310;138;172;2;5;95;0.5482;0.5995;0.7253;0.0698;0.0872;-0.0116;;;;;;;;17.44
2026-02-18T02:29:07.173582;mvtec_loco_AD/pushpins;cont_0pct_oracle_patch;0.0;oracle_patch;10;10;10;0;0;310;138;172;2;5;95;0.5598;0.6118;0.7253;0.0581;0.0698;0.0000;;;;;;;;0.01
2026-02-18T02:29:22.859041;mvtec_loco_AD/pushpins;cont_0pct_ensemble_loo_mahal;0.0;ensemble_loo_mahal;10;10;10;0;392;310;138;172;2;5;95;0.5530;0.6017;0.7174;0.0581;0.0814;-0.0068;;;;;;;;15.50
2026-02-18T02:29:38.693608;mvtec_loco_AD/pushpins;cont_0pct_cosine_loo;0.0;cosine_loo;10;10;10;0;392;310;138;172;2;5;95;0.5446;0.5944;0.7182;0.0349;0.0756;-0.0153;;;;;;;;15.83
2026-02-18T02:29:52.552490;mvtec_loco_AD/pushpins;cont_5pct_none;0.05;none;10;10;10;0;0;310;138;172;2;5;95;0.5598;0.6118;0.7253;0.0581;0.0698;0.0000;;;;;;;;13.84
2026-02-18T02:30:08.514173;mvtec_loco_AD/pushpins;cont_5pct_loo_patch;0.05;loo_patch;10;10;10;0;392;310;138;172;2;5;95;0.5419;0.5948;0.7170;0.0349;0.0756;-0.0179;1.0000;;;;;;;15.96
2026-02-18T02:30:21.875528;mvtec_loco_AD/pushpins;cont_5pct_random_patch;0.05;random_patch;10;10;10;0;392;310;138;172;2;5;95;0.5596;0.6064;0.7230;0.0465;0.0698;-0.0003;1.0000;;;;;;;13.36
2026-02-18T02:30:38.596366;mvtec_loco_AD/pushpins;cont_5pct_mahalanobis_patch;0.05;mahalanobis_patch;10;10;10;0;392;310;138;172;2;5;95;0.5482;0.5995;0.7253;0.0698;0.0872;-0.0116;1.0000;;;;;;;16.72
2026-02-18T02:30:38.616373;mvtec_loco_AD/pushpins;cont_5pct_oracle_patch;0.05;oracle_patch;10;10;10;0;0;310;138;172;2;5;95;0.5598;0.6118;0.7253;0.0581;0.0698;0.0000;1.0000;;;;;;;0.01
2026-02-18T02:30:54.528953;mvtec_loco_AD/pushpins;cont_5pct_ensemble_loo_mahal;0.05;ensemble_loo_mahal;10;10;10;0;392;310;138;172;2;5;95;0.5530;0.6017;0.7174;0.0581;0.0814;-0.0068;1.0000;;;;;;;15.59
2026-02-18T02:31:10.566812;mvtec_loco_AD/pushpins;cont_5pct_cosine_loo;0.05;cosine_loo;10;10;10;0;392;310;138;172;2;5;95;0.5446;0.5944;0.7182;0.0349;0.0756;-0.0153;1.0000;;;;;;;16.03
2026-02-18T02:31:25.229389;mvtec_loco_AD/pushpins;cont_40pct_none;0.4;none;10;10;10;4;0;310;138;172;2;5;95;0.5424;0.5950;0.7143;0.0465;0.0640;-0.0174;;;;;;;;14.63
2026-02-18T02:31:40.192802;mvtec_loco_AD/pushpins;cont_40pct_loo_patch;0.4;loo_patch;10;10;10;4;392;310;138;172;2;5;95;0.5250;0.5816;0.7162;0.0407;0.0523;-0.0348;-1.0000;0.8333;1;0.7500;0.7500;;;14.96
2026-02-18T02:31:54.644509;mvtec_loco_AD/pushpins;cont_40pct_random_patch;0.4;random_patch;10;10;10;4;392;310;138;172;2;5;95;0.5416;0.5957;0.7162;0.0465;0.0640;-0.0182;-0.0460;0.8333;1;0.7500;0.7500;;;14.45
2026-02-18T02:32:10.748720;mvtec_loco_AD/pushpins;cont_40pct_mahalanobis_patch;0.4;mahalanobis_patch;10;10;10;4;392;310;138;172;2;5;95;0.5137;0.5751;0.7137;0.0407;0.0581;-0.0461;-1.6489;0.8333;1;0.7500;0.7500;;;16.10
2026-02-18T02:32:20.342719;mvtec_loco_AD/pushpins;cont_40pct_oracle_patch;0.4;oracle_patch;10;10;6;4;3136;310;138;172;2;5;95;0.5454;0.5929;0.7233;0.0465;0.0698;-0.0145;0.1695;0.8333;1;0.7500;0.7500;;;9.59
2026-02-18T02:32:36.776360;mvtec_loco_AD/pushpins;cont_40pct_ensemble_loo_mahal;0.4;ensemble_loo_mahal;10;10;10;4;392;310;138;172;2;5;95;0.5167;0.5753;0.7140;0.0407;0.0465;-0.0431;-1.4770;0.8333;1;0.7500;0.7500;;;15.94
2026-02-18T02:32:52.587257;mvtec_loco_AD/pushpins;cont_40pct_cosine_loo;0.4;cosine_loo;10;10;10;4;392;310;138;172;2;5;95;0.5176;0.5821;0.7137;0.0407;0.0581;-0.0423;-1.4286;0.8333;1;0.7500;0.7500;;;15.80
2026-02-18T02:33:06.960860;mvtec_loco_AD/pushpins;cont_50pct_none;0.5;none;10;10;10;5;0;310;138;172;2;5;95;0.5265;0.5907;0.7137;0.0465;0.0756;-0.0333;;;;;;;;14.34
2026-02-18T02:33:23.059187;mvtec_loco_AD/pushpins;cont_50pct_loo_patch;0.5;loo_patch;10;10;10;5;392;310;138;172;2;5;95;0.5186;0.5870;0.7137;0.0523;0.0640;-0.0412;-0.2364;0.8000;1;0.8000;0.8000;;;16.09
2026-02-18T02:33:37.412556;mvtec_loco_AD/pushpins;cont_50pct_random_patch;0.5;random_patch;10;10;10;5;392;310;138;172;2;5;95;0.5284;0.5907;0.7171;0.0523;0.0640;-0.0314;0.0569;0.8000;1;0.8000;0.8000;;;14.15
2026-02-18T02:33:55.602448;mvtec_loco_AD/pushpins;cont_50pct_mahalanobis_patch;0.5;mahalanobis_patch;10;10;10;5;392;310;138;172;2;5;95;0.5131;0.5799;0.7137;0.0407;0.0756;-0.0467;-0.4020;0.8000;1;0.8000;0.8000;;;18.19
2026-02-18T02:34:03.511931;mvtec_loco_AD/pushpins;cont_50pct_oracle_patch;0.5;oracle_patch;10;10;5;5;3920;310;138;172;2;5;95;0.5517;0.5996;0.7185;0.0407;0.0698;-0.0081;0.7560;0.8000;1;0.8000;0.8000;;;7.90
2026-02-18T02:34:19.139566;mvtec_loco_AD/pushpins;cont_50pct_ensemble_loo_mahal;0.5;ensemble_loo_mahal;10;10;10;5;392;310;138;172;2;5;95;0.5120;0.5778;0.7140;0.0407;0.0814;-0.0479;-0.4362;0.8000;1;0.8000;0.8000;;;15.62
2026-02-18T02:34:35.206964;mvtec_loco_AD/pushpins;cont_50pct_cosine_loo;0.5;cosine_loo;10;10;10;5;392;310;138;172;2;5;95;0.5160;0.5808;0.7137;0.0407;0.0581;-0.0439;-0.3161;0.8000;1;0.8000;0.8000;;;16.06
2026-02-18T02:34:50.046817;mvtec_loco_AD/pushpins;cont_0pct_none;0.0;none;10;10;10;0;0;310;138;172;3;5;95;0.5546;0.6181;0.7179;0.0523;0.0988;;;;;;;;;14.47
2026-02-18T02:35:06.216545;mvtec_loco_AD/pushpins;cont_0pct_loo_patch;0.0;loo_patch;10;10;10;0;392;310;138;172;3;5;95;0.5511;0.6034;0.7176;0.0407;0.0465;-0.0035;;;;;;;;16.17
2026-02-18T02:35:20.210755;mvtec_loco_AD/pushpins;cont_0pct_random_patch;0.0;random_patch;10;10;10;0;392;310;138;172;3;5;95;0.5541;0.6203;0.7173;0.0465;0.1221;-0.0005;;;;;;;;13.99
2026-02-18T02:35:37.331882;mvtec_loco_AD/pushpins;cont_0pct_mahalanobis_patch;0.0;mahalanobis_patch;10;10;10;0;392;310;138;172;3;5;95;0.5551;0.6133;0.7195;0.0581;0.0872;0.0004;;;;;;;;17.12
2026-02-18T02:35:37.348305;mvtec_loco_AD/pushpins;cont_0pct_oracle_patch;0.0;oracle_patch;10;10;10;0;0;310;138;172;3;5;95;0.5546;0.6181;0.7179;0.0523;0.0988;0.0000;;;;;;;;0.01
2026-02-18T02:35:53.142742;mvtec_loco_AD/pushpins;cont_0pct_ensemble_loo_mahal;0.0;ensemble_loo_mahal;10;10;10;0;392;310;138;172;3;5;95;0.5694;0.6170;0.7155;0.0407;0.0698;0.0147;;;;;;;;15.71
2026-02-18T02:36:09.041320;mvtec_loco_AD/pushpins;cont_0pct_cosine_loo;0.0;cosine_loo;10;10;10;0;392;310;138;172;3;5;95;0.5449;0.6056;0.7173;0.0465;0.0581;-0.0098;;;;;;;;15.90
2026-02-18T02:36:24.529006;mvtec_loco_AD/pushpins;cont_5pct_none;0.05;none;10;10;10;0;0;310;138;172;3;5;95;0.5546;0.6181;0.7179;0.0523;0.0988;0.0000;;;;;;;;15.46
2026-02-18T02:36:40.068810;mvtec_loco_AD/pushpins;cont_5pct_loo_patch;0.05;loo_patch;10;10;10;0;392;310;138;172;3;5;95;0.5511;0.6034;0.7176;0.0407;0.0465;-0.0035;1.0000;;;;;;;15.53
2026-02-18T02:36:55.269406;mvtec_loco_AD/pushpins;cont_5pct_random_patch;0.05;random_patch;10;10;10;0;392;310;138;172;3;5;95;0.5541;0.6203;0.7173;0.0465;0.1221;-0.0005;1.0000;;;;;;;15.20
2026-02-18T02:37:11.500931;mvtec_loco_AD/pushpins;cont_5pct_mahalanobis_patch;0.05;mahalanobis_patch;10;10;10;0;392;310;138;172;3;5;95;0.5551;0.6133;0.7195;0.0581;0.0872;0.0004;1.0000;;;;;;;16.14
2026-02-18T02:37:11.518925;mvtec_loco_AD/pushpins;cont_5pct_oracle_patch;0.05;oracle_patch;10;10;10;0;0;310;138;172;3;5;95;0.5546;0.6181;0.7179;0.0523;0.0988;0.0000;1.0000;;;;;;;0.01
2026-02-18T02:37:28.006416;mvtec_loco_AD/pushpins;cont_5pct_ensemble_loo_mahal;0.05;ensemble_loo_mahal;10;10;10;0;392;310;138;172;3;5;95;0.5694;0.6170;0.7155;0.0407;0.0698;0.0147;1.0000;;;;;;;16.40
2026-02-18T02:37:42.809086;mvtec_loco_AD/pushpins;cont_5pct_cosine_loo;0.05;cosine_loo;10;10;10;0;392;310;138;172;3;5;95;0.5449;0.6056;0.7173;0.0465;0.0581;-0.0098;1.0000;;;;;;;14.80
2026-02-18T02:37:58.601974;mvtec_loco_AD/pushpins;cont_40pct_none;0.4;none;10;10;10;4;0;310;138;172;3;5;95;0.5391;0.6010;0.7137;0.0465;0.0756;-0.0155;;;;;;;;15.77
2026-02-18T02:38:13.233472;mvtec_loco_AD/pushpins;cont_40pct_loo_patch;0.4;loo_patch;10;10;10;4;392;310;138;172;3;5;95;0.5275;0.5901;0.7137;0.0407;0.0640;-0.0272;-0.7527;0.7917;1;0.7500;0.7500;;;14.63
2026-02-18T02:38:28.392798;mvtec_loco_AD/pushpins;cont_40pct_random_patch;0.4;random_patch;10;10;10;4;392;310;138;172;3;5;95;0.5363;0.5989;0.7137;0.0465;0.0581;-0.0184;-0.1848;0.7917;1;0.7500;0.7500;;;15.15
2026-02-18T02:38:44.971052;mvtec_loco_AD/pushpins;cont_40pct_mahalanobis_patch;0.4;mahalanobis_patch;10;10;10;4;392;310;138;172;3;5;95;0.5321;0.5948;0.7137;0.0465;0.0756;-0.0225;-0.4511;0.7917;1;0.7500;0.7500;;;16.57
2026-02-18T02:38:53.128560;mvtec_loco_AD/pushpins;cont_40pct_oracle_patch;0.4;oracle_patch;10;10;6;4;3136;310;138;172;3;5;95;0.5503;0.6078;0.7167;0.0640;0.0698;-0.0043;0.7228;0.7917;1;0.7500;0.7500;;;8.15
2026-02-18T02:39:10.456961;mvtec_loco_AD/pushpins;cont_40pct_ensemble_loo_mahal;0.4;ensemble_loo_mahal;10;10;10;4;392;310;138;172;3;5;95;0.5293;0.5926;0.7137;0.0407;0.0756;-0.0253;-0.6332;0.7917;1;0.7500;0.7500;;;17.32
2026-02-18T02:39:24.878035;mvtec_loco_AD/pushpins;cont_40pct_cosine_loo;0.4;cosine_loo;10;10;10;4;392;310;138;172;3;5;95;0.5287;0.5926;0.7137;0.0465;0.0581;-0.0259;-0.6712;0.7917;1;0.7500;0.7500;;;14.42
2026-02-18T02:39:40.006687;mvtec_loco_AD/pushpins;cont_50pct_none;0.5;none;10;10;10;5;0;310;138;172;3;5;95;0.5357;0.5910;0.7137;0.0465;0.0640;-0.0189;;;;;;;;15.09
2026-02-18T02:39:56.231803;mvtec_loco_AD/pushpins;cont_50pct_loo_patch;0.5;loo_patch;10;10;10;5;392;310;138;172;3;5;95;0.5352;0.5942;0.7140;0.0349;0.0756;-0.0194;-0.0267;0.8400;1;0.8000;0.8000;;;15.88
2026-02-18T02:40:09.456217;mvtec_loco_AD/pushpins;cont_50pct_random_patch;0.5;random_patch;10;10;10;5;392;310;138;172;3;5;95;0.5338;0.5952;0.7137;0.0523;0.0640;-0.0209;-0.1024;0.8400;1;0.8000;0.8000;;;13.22
2026-02-18T02:40:26.565270;mvtec_loco_AD/pushpins;cont_50pct_mahalanobis_patch;0.5;mahalanobis_patch;10;10;10;5;392;310;138;172;3;5;95;0.5350;0.5956;0.7137;0.0523;0.0756;-0.0196;-0.0379;0.8400;1;0.8000;0.8000;;;17.10
2026-02-18T02:40:33.883475;mvtec_loco_AD/pushpins;cont_50pct_oracle_patch;0.5;oracle_patch;10;10;5;5;3920;310;138;172;3;5;95;0.5634;0.6217;0.7164;0.0523;0.0814;0.0087;1.4610;0.8400;1;0.8000;0.8000;;;7.30
2026-02-18T02:40:53.641407;mvtec_loco_AD/pushpins;cont_50pct_ensemble_loo_mahal;0.5;ensemble_loo_mahal;10;10;10;5;392;310;138;172;3;5;95;0.5387;0.5961;0.7137;0.0349;0.0814;-0.0159;0.1581;0.8400;1;0.8000;0.8000;;;19.75
2026-02-18T02:41:09.546987;mvtec_loco_AD/pushpins;cont_50pct_cosine_loo;0.5;cosine_loo;10;10;10;5;392;310;138;172;3;5;95;0.5270;0.5933;0.7137;0.0465;0.0698;-0.0277;-0.4633;0.8400;1;0.8000;0.8000;;;15.90
2026-02-18T02:41:24.076225;mvtec_loco_AD/pushpins;cont_0pct_none;0.0;none;10;10;10;0;0;310;138;172;4;5;95;0.5855;0.6302;0.7195;0.0465;0.0872;;;;;;;;;14.20
2026-02-18T02:41:40.671794;mvtec_loco_AD/pushpins;cont_0pct_loo_patch;0.0;loo_patch;10;10;10;0;392;310;138;172;4;5;95;0.5575;0.6138;0.7233;0.0465;0.0814;-0.0280;;;;;;;;16.59
2026-02-18T02:41:53.823951;mvtec_loco_AD/pushpins;cont_0pct_random_patch;0.0;random_patch;10;10;10;0;392;310;138;172;4;5;95;0.5830;0.6328;0.7195;0.0465;0.0872;-0.0025;;;;;;;;13.15
2026-02-18T02:42:11.283834;mvtec_loco_AD/pushpins;cont_0pct_mahalanobis_patch;0.0;mahalanobis_patch;10;10;10;0;392;310;138;172;4;5;95;0.5614;0.6277;0.7140;0.0640;0.0930;-0.0241;;;;;;;;17.46
2026-02-18T02:42:11.302683;mvtec_loco_AD/pushpins;cont_0pct_oracle_patch;0.0;oracle_patch;10;10;10;0;0;310;138;172;4;5;95;0.5855;0.6302;0.7195;0.0465;0.0872;0.0000;;;;;;;;0.01
2026-02-18T02:42:27.516510;mvtec_loco_AD/pushpins;cont_0pct_ensemble_loo_mahal;0.0;ensemble_loo_mahal;10;10;10;0;392;310;138;172;4;5;95;0.5505;0.6152;0.7158;0.0465;0.0930;-0.0351;;;;;;;;15.73
2026-02-18T02:42:43.296861;mvtec_loco_AD/pushpins;cont_0pct_cosine_loo;0.0;cosine_loo;10;10;10;0;392;310;138;172;4;5;95;0.5680;0.6296;0.7200;0.0523;0.1105;-0.0176;;;;;;;;15.77
2026-02-18T02:42:58.874942;mvtec_loco_AD/pushpins;cont_5pct_none;0.05;none;10;10;10;0;0;310;138;172;4;5;95;0.5855;0.6302;0.7195;0.0465;0.0872;0.0000;;;;;;;;15.57
2026-02-18T02:43:13.333147;mvtec_loco_AD/pushpins;cont_5pct_loo_patch;0.05;loo_patch;10;10;10;0;392;310;138;172;4;5;95;0.5575;0.6138;0.7233;0.0465;0.0814;-0.0280;1.0000;;;;;;;14.36
2026-02-18T02:43:28.184825;mvtec_loco_AD/pushpins;cont_5pct_random_patch;0.05;random_patch;10;10;10;0;392;310;138;172;4;5;95;0.5830;0.6328;0.7195;0.0465;0.0872;-0.0025;1.0000;;;;;;;14.85
2026-02-18T02:43:43.679832;mvtec_loco_AD/pushpins;cont_5pct_mahalanobis_patch;0.05;mahalanobis_patch;10;10;10;0;392;310;138;172;4;5;95;0.5614;0.6277;0.7140;0.0640;0.0930;-0.0241;1.0000;;;;;;;15.35
2026-02-18T02:43:43.696355;mvtec_loco_AD/pushpins;cont_5pct_oracle_patch;0.05;oracle_patch;10;10;10;0;0;310;138;172;4;5;95;0.5855;0.6302;0.7195;0.0465;0.0872;0.0000;1.0000;;;;;;;0.01
2026-02-18T02:44:00.927600;mvtec_loco_AD/pushpins;cont_5pct_ensemble_loo_mahal;0.05;ensemble_loo_mahal;10;10;10;0;392;310;138;172;4;5;95;0.5505;0.6152;0.7158;0.0465;0.0930;-0.0351;1.0000;;;;;;;17.14
2026-02-18T02:44:15.324883;mvtec_loco_AD/pushpins;cont_5pct_cosine_loo;0.05;cosine_loo;10;10;10;0;392;310;138;172;4;5;95;0.5680;0.6296;0.7200;0.0523;0.1105;-0.0176;1.0000;;;;;;;14.39
2026-02-18T02:44:30.919565;mvtec_loco_AD/pushpins;cont_40pct_none;0.4;none;10;10;10;4;0;310;138;172;4;5;95;0.5625;0.6247;0.7137;0.0523;0.0756;-0.0230;;;;;;;;15.57
2026-02-18T02:44:46.232517;mvtec_loco_AD/pushpins;cont_40pct_loo_patch;0.4;loo_patch;10;10;10;4;392;310;138;172;4;5;95;0.5586;0.6255;0.7137;0.0523;0.0930;-0.0270;-0.1722;0.5833;1;0.5000;0.5000;;;15.31
2026-02-18T02:44:59.599160;mvtec_loco_AD/pushpins;cont_40pct_random_patch;0.4;random_patch;10;10;10;4;392;310;138;172;4;5;95;0.5647;0.6297;0.7137;0.0523;0.1047;-0.0208;0.0952;0.5833;1;0.5000;0.5000;;;13.36
2026-02-18T02:45:16.926641;mvtec_loco_AD/pushpins;cont_40pct_mahalanobis_patch;0.4;mahalanobis_patch;10;10;10;4;392;310;138;172;4;5;95;0.5630;0.6211;0.7137;0.0407;0.0756;-0.0225;0.0220;0.5833;1;0.5000;0.5000;;;17.32
2026-02-18T02:45:25.117591;mvtec_loco_AD/pushpins;cont_40pct_oracle_patch;0.4;oracle_patch;10;10;6;4;3136;310;138;172;4;5;95;0.5711;0.6280;0.7170;0.0523;0.0640;-0.0145;0.3718;0.5833;1;0.5000;0.5000;;;8.19
2026-02-18T02:45:42.487146;mvtec_loco_AD/pushpins;cont_40pct_ensemble_loo_mahal;0.4;ensemble_loo_mahal;10;10;10;4;392;310;138;172;4;5;95;0.5493;0.6101;0.7137;0.0407;0.0756;-0.0362;-0.5751;0.5833;1;0.5000;0.5000;;;17.36
2026-02-18T02:45:57.876176;mvtec_loco_AD/pushpins;cont_40pct_cosine_loo;0.4;cosine_loo;10;10;10;4;392;310;138;172;4;5;95;0.5567;0.6187;0.7137;0.0523;0.0930;-0.0288;-0.2509;0.5833;1;0.5000;0.5000;;;15.38
2026-02-18T02:46:12.283992;mvtec_loco_AD/pushpins;cont_50pct_none;0.5;none;10;10;10;5;0;310;138;172;4;5;95;0.5420;0.6129;0.7137;0.0465;0.0814;-0.0436;;;;;;;;14.37
2026-02-18T02:46:28.464705;mvtec_loco_AD/pushpins;cont_50pct_loo_patch;0.5;loo_patch;10;10;10;5;392;310;138;172;4;5;95;0.5391;0.6083;0.7137;0.0465;0.0988;-0.0464;-0.0658;0.2800;0;0.4000;0.4000;;;16.17
2026-02-18T02:46:41.886253;mvtec_loco_AD/pushpins;cont_50pct_random_patch;0.5;random_patch;10;10;10;5;392;310;138;172;4;5;95;0.5402;0.6115;0.7137;0.0465;0.0872;-0.0453;-0.0406;0.2800;0;0.4000;0.4000;;;13.42
2026-02-18T02:46:58.778416;mvtec_loco_AD/pushpins;cont_50pct_mahalanobis_patch;0.5;mahalanobis_patch;10;10;10;5;392;310;138;172;4;5;95;0.5443;0.6100;0.7137;0.0465;0.0930;-0.0412;0.0542;0.2800;0;0.4000;0.4000;;;16.89
2026-02-18T02:47:06.559596;mvtec_loco_AD/pushpins;cont_50pct_oracle_patch;0.5;oracle_patch;10;10;5;5;3920;310;138;172;4;5;95;0.5610;0.6163;0.7137;0.0465;0.0640;-0.0245;0.4371;0.2800;0;0.4000;0.4000;;;7.78
2026-02-18T02:47:22.594306;mvtec_loco_AD/pushpins;cont_50pct_ensemble_loo_mahal;0.5;ensemble_loo_mahal;10;10;10;5;392;310;138;172;4;5;95;0.5302;0.5976;0.7137;0.0465;0.0930;-0.0554;-0.2708;0.2800;0;0.4000;0.4000;;;15.93
2026-02-18T02:47:38.569126;mvtec_loco_AD/pushpins;cont_50pct_cosine_loo;0.5;cosine_loo;10;10;10;5;392;310;138;172;4;5;95;0.5433;0.6107;0.7137;0.0465;0.0930;-0.0422;0.0309;0.2800;0;0.4000;0.4000;;;15.97
2026-02-18T02:47:56.737334;mvtec_loco_AD/screw_bag;cont_0pct_none;0.0;none;10;10;10;0;0;341;122;219;0;5;95;0.5227;0.6990;0.7821;0.0502;0.1553;;;;;;;;;15.87
2026-02-18T02:48:14.048721;mvtec_loco_AD/screw_bag;cont_0pct_loo_patch;0.0;loo_patch;10;10;10;0;392;341;122;219;0;5;95;0.5141;0.6952;0.7821;0.0639;0.1507;-0.0086;;;;;;;;17.31
2026-02-18T02:48:29.231704;mvtec_loco_AD/screw_bag;cont_0pct_random_patch;0.0;random_patch;10;10;10;0;392;341;122;219;0;5;95;0.5197;0.6946;0.7821;0.0548;0.1416;-0.0030;;;;;;;;15.18
2026-02-18T02:48:47.875444;mvtec_loco_AD/screw_bag;cont_0pct_mahalanobis_patch;0.0;mahalanobis_patch;10;10;10;0;392;341;122;219;0;5;95;0.5176;0.7009;0.7821;0.0639;0.1598;-0.0051;;;;;;;;18.64
2026-02-18T02:48:47.894847;mvtec_loco_AD/screw_bag;cont_0pct_oracle_patch;0.0;oracle_patch;10;10;10;0;0;341;122;219;0;5;95;0.5227;0.6990;0.7821;0.0502;0.1553;0.0000;;;;;;;;0.01
2026-02-18T02:49:05.573186;mvtec_loco_AD/screw_bag;cont_0pct_ensemble_loo_mahal;0.0;ensemble_loo_mahal;10;10;10;0;392;341;122;219;0;5;95;0.5214;0.6993;0.7821;0.0868;0.1598;-0.0013;;;;;;;;17.10
2026-02-18T02:49:21.186638;mvtec_loco_AD/screw_bag;cont_0pct_cosine_loo;0.0;cosine_loo;10;10;10;0;392;341;122;219;0;5;95;0.5150;0.6968;0.7821;0.0776;0.1461;-0.0077;;;;;;;;15.61
2026-02-18T02:49:37.518710;mvtec_loco_AD/screw_bag;cont_5pct_none;0.05;none;10;10;10;0;0;341;122;219;0;5;95;0.5227;0.6990;0.7821;0.0502;0.1553;0.0000;;;;;;;;16.32
2026-02-18T02:49:55.405535;mvtec_loco_AD/screw_bag;cont_5pct_loo_patch;0.05;loo_patch;10;10;10;0;392;341;122;219;0;5;95;0.5141;0.6952;0.7821;0.0639;0.1507;-0.0086;1.0000;;;;;;;17.88
2026-02-18T02:50:11.391238;mvtec_loco_AD/screw_bag;cont_5pct_random_patch;0.05;random_patch;10;10;10;0;392;341;122;219;0;5;95;0.5197;0.6946;0.7821;0.0548;0.1416;-0.0030;1.0000;;;;;;;15.88
2026-02-18T02:50:32.553498;mvtec_loco_AD/screw_bag;cont_5pct_mahalanobis_patch;0.05;mahalanobis_patch;10;10;10;0;392;341;122;219;0;5;95;0.5176;0.7009;0.7821;0.0639;0.1598;-0.0051;1.0000;;;;;;;21.16
2026-02-18T02:50:32.567500;mvtec_loco_AD/screw_bag;cont_5pct_oracle_patch;0.05;oracle_patch;10;10;10;0;0;341;122;219;0;5;95;0.5227;0.6990;0.7821;0.0502;0.1553;0.0000;1.0000;;;;;;;0.01
2026-02-18T02:50:50.155388;mvtec_loco_AD/screw_bag;cont_5pct_ensemble_loo_mahal;0.05;ensemble_loo_mahal;10;10;10;0;392;341;122;219;0;5;95;0.5214;0.6993;0.7821;0.0868;0.1598;-0.0013;1.0000;;;;;;;17.51
2026-02-18T02:51:06.366103;mvtec_loco_AD/screw_bag;cont_5pct_cosine_loo;0.05;cosine_loo;10;10;10;0;392;341;122;219;0;5;95;0.5150;0.6968;0.7821;0.0776;0.1461;-0.0077;1.0000;;;;;;;16.21
2026-02-18T02:51:23.645802;mvtec_loco_AD/screw_bag;cont_40pct_none;0.4;none;10;10;10;4;0;341;122;219;0;5;95;0.5113;0.6938;0.7821;0.0639;0.1416;-0.0114;;;;;;;;17.26
2026-02-18T02:51:39.888858;mvtec_loco_AD/screw_bag;cont_40pct_loo_patch;0.4;loo_patch;10;10;10;4;392;341;122;219;0;5;95;0.4992;0.6896;0.7821;0.0959;0.1598;-0.0235;-1.0623;0.5833;1;0.5000;0.5000;;;15.99
2026-02-18T02:51:56.152678;mvtec_loco_AD/screw_bag;cont_40pct_random_patch;0.4;random_patch;10;10;10;4;392;341;122;219;0;5;95;0.5112;0.6976;0.7821;0.0959;0.1598;-0.0115;-0.0066;0.5833;1;0.5000;0.5000;;;16.26
2026-02-18T02:52:14.132064;mvtec_loco_AD/screw_bag;cont_40pct_mahalanobis_patch;0.4;mahalanobis_patch;10;10;10;4;392;341;122;219;0;5;95;0.5139;0.7007;0.7821;0.1005;0.1735;-0.0088;0.2295;0.5833;1;0.5000;0.5000;;;16.88
2026-02-18T02:52:24.574591;mvtec_loco_AD/screw_bag;cont_40pct_oracle_patch;0.4;oracle_patch;10;10;6;4;3136;341;122;219;0;5;95;0.5514;0.7173;0.7821;0.0411;0.1872;0.0287;3.5148;0.5833;1;0.5000;0.5000;;;10.44
2026-02-18T02:52:41.992227;mvtec_loco_AD/screw_bag;cont_40pct_ensemble_loo_mahal;0.4;ensemble_loo_mahal;10;10;10;4;392;341;122;219;0;5;95;0.5083;0.6949;0.7821;0.1096;0.1553;-0.0144;-0.2656;0.5833;1;0.5000;0.5000;;;17.27
2026-02-18T02:52:58.969494;mvtec_loco_AD/screw_bag;cont_40pct_cosine_loo;0.4;cosine_loo;10;10;10;4;392;341;122;219;0;5;95;0.4973;0.6889;0.7821;0.0868;0.1416;-0.0254;-1.2262;0.5833;1;0.5000;0.5000;;;16.97
2026-02-18T02:53:14.529280;mvtec_loco_AD/screw_bag;cont_50pct_none;0.5;none;10;10;10;5;0;341;122;219;0;5;95;0.5375;0.7089;0.7821;0.0731;0.1598;0.0147;;;;;;;;15.54
2026-02-18T02:53:32.008832;mvtec_loco_AD/screw_bag;cont_50pct_loo_patch;0.5;loo_patch;10;10;10;5;392;341;122;219;0;5;95;0.5227;0.7021;0.7821;0.1233;0.1598;0.0000;1.0000;0.5200;1;0.6000;0.6000;;;17.47
2026-02-18T02:53:48.314369;mvtec_loco_AD/screw_bag;cont_50pct_random_patch;0.5;random_patch;10;10;10;5;392;341;122;219;0;5;95;0.5268;0.7031;0.7821;0.0822;0.1598;0.0041;0.7234;0.5200;1;0.6000;0.6000;;;15.88
2026-02-18T02:54:06.393645;mvtec_loco_AD/screw_bag;cont_50pct_mahalanobis_patch;0.5;mahalanobis_patch;10;10;10;5;392;341;122;219;0;5;95;0.5321;0.7103;0.7821;0.1324;0.1598;0.0094;0.3655;0.5200;1;0.6000;0.6000;;;18.07
2026-02-18T02:54:15.006490;mvtec_loco_AD/screw_bag;cont_50pct_oracle_patch;0.5;oracle_patch;10;10;5;5;3920;341;122;219;0;5;95;0.5652;0.7250;0.7828;0.0776;0.1826;0.0424;-1.8782;0.5200;1;0.6000;0.6000;;;8.61
2026-02-18T02:54:32.584762;mvtec_loco_AD/screw_bag;cont_50pct_ensemble_loo_mahal;0.5;ensemble_loo_mahal;10;10;10;5;392;341;122;219;0;5;95;0.5292;0.7104;0.7821;0.1142;0.1826;0.0065;0.5584;0.5200;1;0.6000;0.6000;;;16.85
2026-02-18T02:54:49.979019;mvtec_loco_AD/screw_bag;cont_50pct_cosine_loo;0.5;cosine_loo;10;10;10;5;392;341;122;219;0;5;95;0.5143;0.6950;0.7821;0.0822;0.1644;-0.0084;1.5685;0.5200;1;0.6000;0.6000;;;17.39
2026-02-18T02:55:06.399347;mvtec_loco_AD/screw_bag;cont_0pct_none;0.0;none;10;10;10;0;0;341;122;219;1;5;95;0.5133;0.6881;0.7828;0.0457;0.1279;;;;;;;;;15.99
2026-02-18T02:55:22.598696;mvtec_loco_AD/screw_bag;cont_0pct_loo_patch;0.0;loo_patch;10;10;10;0;392;341;122;219;1;5;95;0.5089;0.6821;0.7835;0.0457;0.1416;-0.0044;;;;;;;;16.19
2026-02-18T02:55:37.922414;mvtec_loco_AD/screw_bag;cont_0pct_random_patch;0.0;random_patch;10;10;10;0;392;341;122;219;1;5;95;0.5125;0.6865;0.7835;0.0457;0.1461;-0.0008;;;;;;;;15.32
2026-02-18T02:55:56.668206;mvtec_loco_AD/screw_bag;cont_0pct_mahalanobis_patch;0.0;mahalanobis_patch;10;10;10;0;392;341;122;219;1;5;95;0.5211;0.6876;0.7821;0.0457;0.1279;0.0077;;;;;;;;18.74
2026-02-18T02:55:56.686117;mvtec_loco_AD/screw_bag;cont_0pct_oracle_patch;0.0;oracle_patch;10;10;10;0;0;341;122;219;1;5;95;0.5133;0.6881;0.7828;0.0457;0.1279;0.0000;;;;;;;;0.01
2026-02-18T02:56:13.840665;mvtec_loco_AD/screw_bag;cont_0pct_ensemble_loo_mahal;0.0;ensemble_loo_mahal;10;10;10;0;392;341;122;219;1;5;95;0.5143;0.6866;0.7835;0.0502;0.1279;0.0009;;;;;;;;16.81
2026-02-18T02:56:31.000991;mvtec_loco_AD/screw_bag;cont_0pct_cosine_loo;0.0;cosine_loo;10;10;10;0;392;341;122;219;1;5;95;0.5096;0.6810;0.7835;0.0457;0.1324;-0.0037;;;;;;;;17.16
2026-02-18T02:56:48.121967;mvtec_loco_AD/screw_bag;cont_5pct_none;0.05;none;10;10;10;0;0;341;122;219;1;5;95;0.5133;0.6881;0.7828;0.0457;0.1279;0.0000;;;;;;;;15.89
2026-02-18T02:57:05.559971;mvtec_loco_AD/screw_bag;cont_5pct_loo_patch;0.05;loo_patch;10;10;10;0;392;341;122;219;1;5;95;0.5089;0.6821;0.7835;0.0457;0.1416;-0.0044;1.0000;;;;;;;17.43
2026-02-18T02:57:20.275140;mvtec_loco_AD/screw_bag;cont_5pct_random_patch;0.05;random_patch;10;10;10;0;392;341;122;219;1;5;95;0.5125;0.6865;0.7835;0.0457;0.1461;-0.0008;1.0000;;;;;;;14.71
2026-02-18T02:57:38.683293;mvtec_loco_AD/screw_bag;cont_5pct_mahalanobis_patch;0.05;mahalanobis_patch;10;10;10;0;392;341;122;219;1;5;95;0.5211;0.6876;0.7821;0.0457;0.1279;0.0077;1.0000;;;;;;;18.40
2026-02-18T02:57:38.704543;mvtec_loco_AD/screw_bag;cont_5pct_oracle_patch;0.05;oracle_patch;10;10;10;0;0;341;122;219;1;5;95;0.5133;0.6881;0.7828;0.0457;0.1279;0.0000;1.0000;;;;;;;0.01
2026-02-18T02:57:55.685542;mvtec_loco_AD/screw_bag;cont_5pct_ensemble_loo_mahal;0.05;ensemble_loo_mahal;10;10;10;0;392;341;122;219;1;5;95;0.5143;0.6866;0.7835;0.0502;0.1279;0.0009;1.0000;;;;;;;16.89
2026-02-18T02:58:13.156044;mvtec_loco_AD/screw_bag;cont_5pct_cosine_loo;0.05;cosine_loo;10;10;10;0;392;341;122;219;1;5;95;0.5096;0.6810;0.7835;0.0457;0.1324;-0.0037;1.0000;;;;;;;17.46
2026-02-18T02:58:28.695853;mvtec_loco_AD/screw_bag;cont_40pct_none;0.4;none;10;10;10;4;0;341;122;219;1;5;95;0.5259;0.6968;0.7821;0.0548;0.1324;0.0126;;;;;;;;15.51
2026-02-18T02:58:45.827859;mvtec_loco_AD/screw_bag;cont_40pct_loo_patch;0.4;loo_patch;10;10;10;4;392;341;122;219;1;5;95;0.5170;0.6924;0.7821;0.0502;0.1233;0.0037;0.7083;0.3750;0;0.2500;0.2500;;;17.13
2026-02-18T02:59:00.131099;mvtec_loco_AD/screw_bag;cont_40pct_random_patch;0.4;random_patch;10;10;10;4;392;341;122;219;1;5;95;0.5391;0.7045;0.7821;0.0548;0.1370;0.0258;-1.0536;0.3750;0;0.2500;0.2500;;;14.21
2026-02-18T02:59:18.623963;mvtec_loco_AD/screw_bag;cont_40pct_mahalanobis_patch;0.4;mahalanobis_patch;10;10;10;4;392;341;122;219;1;5;95;0.5371;0.7001;0.7821;0.0594;0.1005;0.0237;-0.8869;0.3750;0;0.2500;0.2500;;;18.49
2026-02-18T02:59:28.016993;mvtec_loco_AD/screw_bag;cont_40pct_oracle_patch;0.4;oracle_patch;10;10;6;4;3136;341;122;219;1;5;95;0.5433;0.7119;0.7821;0.0548;0.1507;0.0300;-1.3869;0.3750;0;0.2500;0.2500;;;9.39
2026-02-18T02:59:48.399581;mvtec_loco_AD/screw_bag;cont_40pct_ensemble_loo_mahal;0.4;ensemble_loo_mahal;10;10;10;4;392;341;122;219;1;5;95;0.5281;0.7011;0.7821;0.0685;0.1096;0.0147;-0.1726;0.3750;0;0.2500;0.2500;;;20.38
2026-02-18T03:00:04.536538;mvtec_loco_AD/screw_bag;cont_40pct_cosine_loo;0.4;cosine_loo;10;10;10;4;392;341;122;219;1;5;95;0.5236;0.6927;0.7821;0.0457;0.1279;0.0103;0.1845;0.3750;0;0.2500;0.2500;;;16.13
2026-02-18T03:00:20.991333;mvtec_loco_AD/screw_bag;cont_50pct_none;0.5;none;10;10;10;5;0;341;122;219;1;5;95;0.5092;0.6795;0.7821;0.0548;0.1142;-0.0041;;;;;;;;16.43
2026-02-18T03:00:37.149496;mvtec_loco_AD/screw_bag;cont_50pct_loo_patch;0.5;loo_patch;10;10;10;5;392;341;122;219;1;5;95;0.5065;0.6798;0.7821;0.0548;0.1096;-0.0068;-0.6545;0.4800;0;0.4000;0.4000;;;16.15
2026-02-18T03:00:52.690415;mvtec_loco_AD/screw_bag;cont_50pct_random_patch;0.5;random_patch;10;10;10;5;392;341;122;219;1;5;95;0.5135;0.6828;0.7821;0.0639;0.1142;0.0002;1.0455;0.4800;0;0.4000;0.4000;;;15.54
2026-02-18T03:01:09.880740;mvtec_loco_AD/screw_bag;cont_50pct_mahalanobis_patch;0.5;mahalanobis_patch;10;10;10;5;392;341;122;219;1;5;95;0.5051;0.6807;0.7821;0.0776;0.1005;-0.0083;-1.0091;0.4800;0;0.4000;0.4000;;;17.19
2026-02-18T03:01:18.089986;mvtec_loco_AD/screw_bag;cont_50pct_oracle_patch;0.5;oracle_patch;10;10;5;5;3920;341;122;219;1;5;95;0.5048;0.6753;0.7821;0.0639;0.1233;-0.0085;-1.0727;0.4800;0;0.4000;0.4000;;;8.20
2026-02-18T03:01:36.788615;mvtec_loco_AD/screw_bag;cont_50pct_ensemble_loo_mahal;0.5;ensemble_loo_mahal;10;10;10;5;392;341;122;219;1;5;95;0.5102;0.6826;0.7821;0.0639;0.1050;-0.0031;0.2455;0.4800;0;0.4000;0.4000;;;18.69
2026-02-18T03:01:52.538290;mvtec_loco_AD/screw_bag;cont_50pct_cosine_loo;0.5;cosine_loo;10;10;10;5;392;341;122;219;1;5;95;0.5146;0.6829;0.7821;0.0639;0.1142;0.0013;1.3091;0.4800;0;0.4000;0.4000;;;15.74
2026-02-18T03:02:09.840549;mvtec_loco_AD/screw_bag;cont_0pct_none;0.0;none;10;10;10;0;0;341;122;219;2;5;95;0.5595;0.7164;0.7835;0.0411;0.1781;;;;;;;;;17.03
2026-02-18T03:02:25.799364;mvtec_loco_AD/screw_bag;cont_0pct_loo_patch;0.0;loo_patch;10;10;10;0;392;341;122;219;2;5;95;0.5325;0.6985;0.7835;0.0502;0.1507;-0.0270;;;;;;;;15.95
2026-02-18T03:02:41.870094;mvtec_loco_AD/screw_bag;cont_0pct_random_patch;0.0;random_patch;10;10;10;0;392;341;122;219;2;5;95;0.5559;0.7149;0.7835;0.0457;0.1598;-0.0036;;;;;;;;16.06
2026-02-18T03:02:58.729928;mvtec_loco_AD/screw_bag;cont_0pct_mahalanobis_patch;0.0;mahalanobis_patch;10;10;10;0;392;341;122;219;2;5;95;0.5431;0.7090;0.7849;0.0685;0.1553;-0.0164;;;;;;;;16.86
2026-02-18T03:02:58.750929;mvtec_loco_AD/screw_bag;cont_0pct_oracle_patch;0.0;oracle_patch;10;10;10;0;0;341;122;219;2;5;95;0.5595;0.7164;0.7835;0.0411;0.1781;0.0000;;;;;;;;0.01
2026-02-18T03:03:17.138234;mvtec_loco_AD/screw_bag;cont_0pct_ensemble_loo_mahal;0.0;ensemble_loo_mahal;10;10;10;0;392;341;122;219;2;5;95;0.5483;0.7062;0.7842;0.0594;0.1461;-0.0112;;;;;;;;18.31
2026-02-18T03:03:32.751365;mvtec_loco_AD/screw_bag;cont_0pct_cosine_loo;0.0;cosine_loo;10;10;10;0;392;341;122;219;2;5;95;0.5329;0.6955;0.7835;0.0457;0.1233;-0.0266;;;;;;;;15.61
2026-02-18T03:03:49.649544;mvtec_loco_AD/screw_bag;cont_5pct_none;0.05;none;10;10;10;0;0;341;122;219;2;5;95;0.5595;0.7164;0.7835;0.0411;0.1781;0.0000;;;;;;;;16.88
2026-02-18T03:04:04.990761;mvtec_loco_AD/screw_bag;cont_5pct_loo_patch;0.05;loo_patch;10;10;10;0;392;341;122;219;2;5;95;0.5325;0.6985;0.7835;0.0502;0.1507;-0.0270;1.0000;;;;;;;15.34
2026-02-18T03:04:20.644120;mvtec_loco_AD/screw_bag;cont_5pct_random_patch;0.05;random_patch;10;10;10;0;392;341;122;219;2;5;95;0.5559;0.7149;0.7835;0.0457;0.1598;-0.0036;1.0000;;;;;;;15.65
2026-02-18T03:04:37.833545;mvtec_loco_AD/screw_bag;cont_5pct_mahalanobis_patch;0.05;mahalanobis_patch;10;10;10;0;392;341;122;219;2;5;95;0.5431;0.7090;0.7849;0.0685;0.1553;-0.0164;1.0000;;;;;;;17.18
2026-02-18T03:04:37.850553;mvtec_loco_AD/screw_bag;cont_5pct_oracle_patch;0.05;oracle_patch;10;10;10;0;0;341;122;219;2;5;95;0.5595;0.7164;0.7835;0.0411;0.1781;0.0000;1.0000;;;;;;;0.01
2026-02-18T03:04:56.507735;mvtec_loco_AD/screw_bag;cont_5pct_ensemble_loo_mahal;0.05;ensemble_loo_mahal;10;10;10;0;392;341;122;219;2;5;95;0.5483;0.7062;0.7842;0.0594;0.1461;-0.0112;1.0000;;;;;;;18.54
2026-02-18T03:05:12.236119;mvtec_loco_AD/screw_bag;cont_5pct_cosine_loo;0.05;cosine_loo;10;10;10;0;392;341;122;219;2;5;95;0.5329;0.6955;0.7835;0.0457;0.1233;-0.0266;1.0000;;;;;;;15.72
2026-02-18T03:05:29.157539;mvtec_loco_AD/screw_bag;cont_40pct_none;0.4;none;10;10;10;4;0;341;122;219;2;5;95;0.5543;0.7159;0.7821;0.0548;0.1461;-0.0051;;;;;;;;16.89
2026-02-18T03:05:45.169665;mvtec_loco_AD/screw_bag;cont_40pct_loo_patch;0.4;loo_patch;10;10;10;4;392;341;122;219;2;5;95;0.5438;0.7028;0.7832;0.0411;0.1233;-0.0157;-2.0584;0.7500;1;0.5000;0.5000;;;15.74
2026-02-18T03:06:01.641716;mvtec_loco_AD/screw_bag;cont_40pct_random_patch;0.4;random_patch;10;10;10;4;392;341;122;219;2;5;95;0.5501;0.7160;0.7821;0.0502;0.1507;-0.0094;-0.8321;0.7500;1;0.5000;0.5000;;;16.46
2026-02-18T03:06:19.068838;mvtec_loco_AD/screw_bag;cont_40pct_mahalanobis_patch;0.4;mahalanobis_patch;10;10;10;4;392;341;122;219;2;5;95;0.5392;0.7001;0.7821;0.0639;0.1324;-0.0202;-2.9489;0.7500;1;0.5000;0.5000;;;17.32
2026-02-18T03:06:29.144029;mvtec_loco_AD/screw_bag;cont_40pct_oracle_patch;0.4;oracle_patch;10;10;6;4;3136;341;122;219;2;5;95;0.5584;0.7156;0.7906;0.0457;0.1598;-0.0011;0.7883;0.7500;1;0.5000;0.5000;;;10.07
2026-02-18T03:06:46.438238;mvtec_loco_AD/screw_bag;cont_40pct_ensemble_loo_mahal;0.4;ensemble_loo_mahal;10;10;10;4;392;341;122;219;2;5;95;0.5412;0.7014;0.7821;0.0685;0.1279;-0.0183;-2.5693;0.7500;1;0.5000;0.5000;;;17.29
2026-02-18T03:07:03.677541;mvtec_loco_AD/screw_bag;cont_40pct_cosine_loo;0.4;cosine_loo;10;10;10;4;392;341;122;219;2;5;95;0.5499;0.7174;0.7821;0.0594;0.1735;-0.0096;-0.8759;0.7500;1;0.5000;0.5000;;;17.23
2026-02-18T03:07:19.274087;mvtec_loco_AD/screw_bag;cont_50pct_none;0.5;none;10;10;10;5;0;341;122;219;2;5;95;0.5611;0.7221;0.7821;0.0548;0.1553;0.0016;;;;;;;;15.48
2026-02-18T03:07:36.572190;mvtec_loco_AD/screw_bag;cont_50pct_loo_patch;0.5;loo_patch;10;10;10;5;392;341;122;219;2;5;95;0.5532;0.7176;0.7821;0.0502;0.1461;-0.0063;4.8182;0.8000;1;0.8000;0.8000;;;17.29
2026-02-18T03:07:51.133112;mvtec_loco_AD/screw_bag;cont_50pct_random_patch;0.5;random_patch;10;10;10;5;392;341;122;219;2;5;95;0.5633;0.7249;0.7821;0.0594;0.1598;0.0038;-1.3182;0.8000;1;0.8000;0.8000;;;14.55
2026-02-18T03:08:09.679144;mvtec_loco_AD/screw_bag;cont_50pct_mahalanobis_patch;0.5;mahalanobis_patch;10;10;10;5;392;341;122;219;2;5;95;0.5650;0.7206;0.7821;0.0594;0.1324;0.0055;-2.3636;0.8000;1;0.8000;0.8000;;;18.54
2026-02-18T03:08:18.277812;mvtec_loco_AD/screw_bag;cont_50pct_oracle_patch;0.5;oracle_patch;10;10;5;5;3920;341;122;219;2;5;95;0.5567;0.7123;0.7870;0.0365;0.1507;-0.0027;2.6591;0.8000;1;0.8000;0.8000;;;8.59
2026-02-18T03:08:35.537667;mvtec_loco_AD/screw_bag;cont_50pct_ensemble_loo_mahal;0.5;ensemble_loo_mahal;10;10;10;5;392;341;122;219;2;5;95;0.5534;0.7155;0.7821;0.0685;0.1507;-0.0061;4.7045;0.8000;1;0.8000;0.8000;;;17.25
2026-02-18T03:08:52.559028;mvtec_loco_AD/screw_bag;cont_50pct_cosine_loo;0.5;cosine_loo;10;10;10;5;392;341;122;219;2;5;95;0.5633;0.7267;0.7821;0.0594;0.1872;0.0038;-1.3182;0.8000;1;0.8000;0.8000;;;17.02
2026-02-18T03:09:08.684712;mvtec_loco_AD/screw_bag;cont_0pct_none;0.0;none;10;10;10;0;0;341;122;219;3;5;95;0.5104;0.6820;0.7835;0.0594;0.1279;;;;;;;;;15.88
2026-02-18T03:09:25.215937;mvtec_loco_AD/screw_bag;cont_0pct_loo_patch;0.0;loo_patch;10;10;10;0;392;341;122;219;3;5;95;0.5100;0.6819;0.7835;0.0731;0.1005;-0.0004;;;;;;;;16.53
2026-02-18T03:09:40.292442;mvtec_loco_AD/screw_bag;cont_0pct_random_patch;0.0;random_patch;10;10;10;0;392;341;122;219;3;5;95;0.5138;0.6812;0.7849;0.0548;0.1233;0.0034;;;;;;;;15.06
2026-02-18T03:09:57.993000;mvtec_loco_AD/screw_bag;cont_0pct_mahalanobis_patch;0.0;mahalanobis_patch;10;10;10;0;392;341;122;219;3;5;95;0.5198;0.6895;0.7821;0.0731;0.1233;0.0094;;;;;;;;17.69
2026-02-18T03:09:58.007997;mvtec_loco_AD/screw_bag;cont_0pct_oracle_patch;0.0;oracle_patch;10;10;10;0;0;341;122;219;3;5;95;0.5104;0.6820;0.7835;0.0594;0.1279;0.0000;;;;;;;;0.01
2026-02-18T03:10:18.527770;mvtec_loco_AD/screw_bag;cont_0pct_ensemble_loo_mahal;0.0;ensemble_loo_mahal;10;10;10;0;392;341;122;219;3;5;95;0.5246;0.6917;0.7821;0.0776;0.1233;0.0143;;;;;;;;20.52
2026-02-18T03:10:34.859068;mvtec_loco_AD/screw_bag;cont_0pct_cosine_loo;0.0;cosine_loo;10;10;10;0;392;341;122;219;3;5;95;0.5134;0.6842;0.7821;0.0776;0.1187;0.0031;;;;;;;;16.33
2026-02-18T03:10:51.196963;mvtec_loco_AD/screw_bag;cont_5pct_none;0.05;none;10;10;10;0;0;341;122;219;3;5;95;0.5104;0.6820;0.7835;0.0594;0.1279;0.0000;;;;;;;;16.33
2026-02-18T03:11:07.657110;mvtec_loco_AD/screw_bag;cont_5pct_loo_patch;0.05;loo_patch;10;10;10;0;392;341;122;219;3;5;95;0.5100;0.6819;0.7835;0.0731;0.1005;-0.0004;1.0000;;;;;;;16.46
2026-02-18T03:11:23.200021;mvtec_loco_AD/screw_bag;cont_5pct_random_patch;0.05;random_patch;10;10;10;0;392;341;122;219;3;5;95;0.5138;0.6812;0.7849;0.0548;0.1233;0.0034;1.0000;;;;;;;15.54
2026-02-18T03:11:41.285950;mvtec_loco_AD/screw_bag;cont_5pct_mahalanobis_patch;0.05;mahalanobis_patch;10;10;10;0;392;341;122;219;3;5;95;0.5198;0.6895;0.7821;0.0731;0.1233;0.0094;1.0000;;;;;;;18.08
2026-02-18T03:11:41.299955;mvtec_loco_AD/screw_bag;cont_5pct_oracle_patch;0.05;oracle_patch;10;10;10;0;0;341;122;219;3;5;95;0.5104;0.6820;0.7835;0.0594;0.1279;0.0000;1.0000;;;;;;;0.01
2026-02-18T03:11:59.074672;mvtec_loco_AD/screw_bag;cont_5pct_ensemble_loo_mahal;0.05;ensemble_loo_mahal;10;10;10;0;392;341;122;219;3;5;95;0.5246;0.6917;0.7821;0.0776;0.1233;0.0143;1.0000;;;;;;;17.77
2026-02-18T03:12:13.989339;mvtec_loco_AD/screw_bag;cont_5pct_cosine_loo;0.05;cosine_loo;10;10;10;0;392;341;122;219;3;5;95;0.5134;0.6842;0.7821;0.0776;0.1187;0.0031;1.0000;;;;;;;14.91
2026-02-18T03:12:28.945644;mvtec_loco_AD/screw_bag;cont_40pct_none;0.4;none;10;10;10;4;0;341;122;219;3;5;95;0.4828;0.6645;0.7821;0.0457;0.1005;-0.0276;;;;;;;;14.94
2026-02-18T03:12:44.122554;mvtec_loco_AD/screw_bag;cont_40pct_loo_patch;0.4;loo_patch;10;10;10;4;392;341;122;219;3;5;95;0.4841;0.6703;0.7821;0.0594;0.0959;-0.0263;0.0461;0.5833;1;0.5000;0.5000;;;15.17
2026-02-18T03:12:57.478916;mvtec_loco_AD/screw_bag;cont_40pct_random_patch;0.4;random_patch;10;10;10;4;392;341;122;219;3;5;95;0.4848;0.6669;0.7821;0.0548;0.0913;-0.0256;0.0733;0.5833;1;0.5000;0.5000;;;13.35
2026-02-18T03:13:14.501190;mvtec_loco_AD/screw_bag;cont_40pct_mahalanobis_patch;0.4;mahalanobis_patch;10;10;10;4;392;341;122;219;3;5;95;0.4903;0.6729;0.7821;0.0685;0.1005;-0.0201;0.2727;0.5833;1;0.5000;0.5000;;;17.02
2026-02-18T03:13:22.711359;mvtec_loco_AD/screw_bag;cont_40pct_oracle_patch;0.4;oracle_patch;10;10;6;4;3136;341;122;219;3;5;95;0.4888;0.6656;0.7821;0.0594;0.0868;-0.0215;0.2198;0.5833;1;0.5000;0.5000;;;8.20
2026-02-18T03:13:38.563884;mvtec_loco_AD/screw_bag;cont_40pct_ensemble_loo_mahal;0.4;ensemble_loo_mahal;10;10;10;4;392;341;122;219;3;5;95;0.4830;0.6684;0.7821;0.0639;0.1050;-0.0273;0.0095;0.5833;1;0.5000;0.5000;;;15.85
2026-02-18T03:13:54.014228;mvtec_loco_AD/screw_bag;cont_40pct_cosine_loo;0.4;cosine_loo;10;10;10;4;392;341;122;219;3;5;95;0.4894;0.6743;0.7821;0.0731;0.1050;-0.0209;0.2415;0.5833;1;0.5000;0.5000;;;15.45
2026-02-18T03:14:09.161729;mvtec_loco_AD/screw_bag;cont_50pct_none;0.5;none;10;10;10;5;0;341;122;219;3;5;95;0.4863;0.6693;0.7821;0.0548;0.1096;-0.0241;;;;;;;;15.12
2026-02-18T03:14:24.064364;mvtec_loco_AD/screw_bag;cont_50pct_loo_patch;0.5;loo_patch;10;10;10;5;392;341;122;219;3;5;95;0.4880;0.6721;0.7821;0.0731;0.1050;-0.0223;0.0715;0.4000;0;0.4000;0.4000;;;14.90
2026-02-18T03:14:38.925515;mvtec_loco_AD/screw_bag;cont_50pct_random_patch;0.5;random_patch;10;10;10;5;392;341;122;219;3;5;95;0.4929;0.6748;0.7821;0.0548;0.1187;-0.0174;0.2753;0.4000;0;0.4000;0.4000;;;14.86
2026-02-18T03:14:54.618487;mvtec_loco_AD/screw_bag;cont_50pct_mahalanobis_patch;0.5;mahalanobis_patch;10;10;10;5;392;341;122;219;3;5;95;0.4964;0.6780;0.7821;0.0731;0.1050;-0.0140;0.4184;0.4000;0;0.4000;0.4000;;;15.68
2026-02-18T03:15:02.299802;mvtec_loco_AD/screw_bag;cont_50pct_oracle_patch;0.5;oracle_patch;10;10;5;5;3920;341;122;219;3;5;95;0.5015;0.6770;0.7821;0.0685;0.1005;-0.0089;0.6299;0.4000;0;0.4000;0.4000;;;7.68
2026-02-18T03:15:18.868943;mvtec_loco_AD/screw_bag;cont_50pct_ensemble_loo_mahal;0.5;ensemble_loo_mahal;10;10;10;5;392;341;122;219;3;5;95;0.4921;0.6746;0.7821;0.0776;0.1005;-0.0182;0.2426;0.4000;0;0.4000;0.4000;;;16.56
2026-02-18T03:15:34.096243;mvtec_loco_AD/screw_bag;cont_50pct_cosine_loo;0.5;cosine_loo;10;10;10;5;392;341;122;219;3;5;95;0.4894;0.6738;0.7821;0.0685;0.0913;-0.0210;0.1275;0.4000;0;0.4000;0.4000;;;15.22
2026-02-18T03:15:49.633320;mvtec_loco_AD/screw_bag;cont_0pct_none;0.0;none;10;10;10;0;0;341;122;219;4;5;95;0.5322;0.6942;0.7821;0.0548;0.1187;;;;;;;;;15.27
2026-02-18T03:16:05.316180;mvtec_loco_AD/screw_bag;cont_0pct_loo_patch;0.0;loo_patch;10;10;10;0;392;341;122;219;4;5;95;0.5265;0.6941;0.7821;0.0502;0.1187;-0.0057;;;;;;;;15.68
2026-02-18T03:16:18.973099;mvtec_loco_AD/screw_bag;cont_0pct_random_patch;0.0;random_patch;10;10;10;0;392;341;122;219;4;5;95;0.5330;0.6931;0.7821;0.0457;0.1233;0.0009;;;;;;;;13.65
2026-02-18T03:16:35.692625;mvtec_loco_AD/screw_bag;cont_0pct_mahalanobis_patch;0.0;mahalanobis_patch;10;10;10;0;392;341;122;219;4;5;95;0.5291;0.7007;0.7840;0.0502;0.1461;-0.0030;;;;;;;;16.72
2026-02-18T03:16:35.717624;mvtec_loco_AD/screw_bag;cont_0pct_oracle_patch;0.0;oracle_patch;10;10;10;0;0;341;122;219;4;5;95;0.5322;0.6942;0.7821;0.0548;0.1187;0.0000;;;;;;;;0.02
2026-02-18T03:16:52.178547;mvtec_loco_AD/screw_bag;cont_0pct_ensemble_loo_mahal;0.0;ensemble_loo_mahal;10;10;10;0;392;341;122;219;4;5;95;0.5175;0.6961;0.7835;0.0639;0.1598;-0.0147;;;;;;;;16.39
2026-02-18T03:17:07.844666;mvtec_loco_AD/screw_bag;cont_0pct_cosine_loo;0.0;cosine_loo;10;10;10;0;392;341;122;219;4;5;95;0.5265;0.6925;0.7821;0.0594;0.1233;-0.0056;;;;;;;;15.66
2026-02-18T03:17:22.757060;mvtec_loco_AD/screw_bag;cont_5pct_none;0.05;none;10;10;10;0;0;341;122;219;4;5;95;0.5322;0.6942;0.7821;0.0548;0.1187;0.0000;;;;;;;;14.90
2026-02-18T03:17:38.354258;mvtec_loco_AD/screw_bag;cont_5pct_loo_patch;0.05;loo_patch;10;10;10;0;392;341;122;219;4;5;95;0.5265;0.6941;0.7821;0.0502;0.1187;-0.0057;1.0000;;;;;;;15.59
2026-02-18T03:17:54.368213;mvtec_loco_AD/screw_bag;cont_5pct_random_patch;0.05;random_patch;10;10;10;0;392;341;122;219;4;5;95;0.5330;0.6931;0.7821;0.0457;0.1233;0.0009;1.0000;;;;;;;16.01
2026-02-18T03:18:11.876158;mvtec_loco_AD/screw_bag;cont_5pct_mahalanobis_patch;0.05;mahalanobis_patch;10;10;10;0;392;341;122;219;4;5;95;0.5291;0.7007;0.7840;0.0502;0.1461;-0.0030;1.0000;;;;;;;17.50
2026-02-18T03:18:11.891159;mvtec_loco_AD/screw_bag;cont_5pct_oracle_patch;0.05;oracle_patch;10;10;10;0;0;341;122;219;4;5;95;0.5322;0.6942;0.7821;0.0548;0.1187;0.0000;1.0000;;;;;;;0.01
2026-02-18T03:18:29.162513;mvtec_loco_AD/screw_bag;cont_5pct_ensemble_loo_mahal;0.05;ensemble_loo_mahal;10;10;10;0;392;341;122;219;4;5;95;0.5175;0.6961;0.7835;0.0639;0.1598;-0.0147;1.0000;;;;;;;16.98
2026-02-18T03:18:45.930628;mvtec_loco_AD/screw_bag;cont_5pct_cosine_loo;0.05;cosine_loo;10;10;10;0;392;341;122;219;4;5;95;0.5265;0.6925;0.7821;0.0594;0.1233;-0.0056;1.0000;;;;;;;16.76
2026-02-18T03:19:02.897400;mvtec_loco_AD/screw_bag;cont_40pct_none;0.4;none;10;10;10;4;0;341;122;219;4;5;95;0.5180;0.6894;0.7821;0.0411;0.1187;-0.0141;;;;;;;;16.95
2026-02-18T03:19:18.859685;mvtec_loco_AD/screw_bag;cont_40pct_loo_patch;0.4;loo_patch;10;10;10;4;392;341;122;219;4;5;95;0.5211;0.6921;0.7821;0.0502;0.1096;-0.0110;0.2175;0.5000;1;0.5000;0.5000;;;15.96
2026-02-18T03:19:35.175192;mvtec_loco_AD/screw_bag;cont_40pct_random_patch;0.4;random_patch;10;10;10;4;392;341;122;219;4;5;95;0.5253;0.6934;0.7821;0.0457;0.1233;-0.0068;0.5146;0.5000;1;0.5000;0.5000;;;16.31
2026-02-18T03:19:52.178165;mvtec_loco_AD/screw_bag;cont_40pct_mahalanobis_patch;0.4;mahalanobis_patch;10;10;10;4;392;341;122;219;4;5;95;0.5073;0.6799;0.7821;0.0411;0.0959;-0.0249;-0.7613;0.5000;1;0.5000;0.5000;;;16.90
2026-02-18T03:20:02.385195;mvtec_loco_AD/screw_bag;cont_40pct_oracle_patch;0.4;oracle_patch;10;10;6;4;3136;341;122;219;4;5;95;0.5497;0.7094;0.7828;0.0548;0.1507;0.0175;2.2427;0.5000;1;0.5000;0.5000;;;10.20
2026-02-18T03:20:23.559378;mvtec_loco_AD/screw_bag;cont_40pct_ensemble_loo_mahal;0.4;ensemble_loo_mahal;10;10;10;4;392;341;122;219;4;5;95;0.5150;0.6846;0.7821;0.0594;0.0959;-0.0172;-0.2175;0.5000;1;0.5000;0.5000;;;21.08
2026-02-18T03:20:39.511245;mvtec_loco_AD/screw_bag;cont_40pct_cosine_loo;0.4;cosine_loo;10;10;10;4;392;341;122;219;4;5;95;0.5176;0.6849;0.7821;0.0365;0.0913;-0.0146;-0.0345;0.5000;1;0.5000;0.5000;;;15.94
2026-02-18T03:20:55.595192;mvtec_loco_AD/screw_bag;cont_50pct_none;0.5;none;10;10;10;5;0;341;122;219;4;5;95;0.5268;0.6894;0.7821;0.0594;0.1142;-0.0054;;;;;;;;16.06
2026-02-18T03:21:11.450927;mvtec_loco_AD/screw_bag;cont_50pct_loo_patch;0.5;loo_patch;10;10;10;5;392;341;122;219;4;5;95;0.5212;0.6861;0.7821;0.0502;0.1005;-0.0109;-1.0420;0.4000;1;0.4000;0.4000;;;15.85
2026-02-18T03:21:26.576555;mvtec_loco_AD/screw_bag;cont_50pct_random_patch;0.5;random_patch;10;10;10;5;392;341;122;219;4;5;95;0.5283;0.6923;0.7821;0.0639;0.1142;-0.0039;0.2797;0.4000;1;0.4000;0.4000;;;15.12
2026-02-18T03:21:44.983068;mvtec_loco_AD/screw_bag;cont_50pct_mahalanobis_patch;0.5;mahalanobis_patch;10;10;10;5;392;341;122;219;4;5;95;0.5325;0.6940;0.7821;0.0685;0.1050;0.0003;1.0559;0.4000;1;0.4000;0.4000;;;18.40
2026-02-18T03:21:51.821447;mvtec_loco_AD/screw_bag;cont_50pct_oracle_patch;0.5;oracle_patch;10;10;5;5;3920;341;122;219;4;5;95;0.5442;0.7060;0.7828;0.0685;0.1461;0.0120;3.2448;0.4000;1;0.4000;0.4000;;;6.83
2026-02-18T03:22:10.532866;mvtec_loco_AD/screw_bag;cont_50pct_ensemble_loo_mahal;0.5;ensemble_loo_mahal;10;10;10;5;392;341;122;219;4;5;95;0.5249;0.6889;0.7821;0.0776;0.0959;-0.0073;-0.3636;0.4000;1;0.4000;0.4000;;;18.71
2026-02-18T03:22:26.193257;mvtec_loco_AD/screw_bag;cont_50pct_cosine_loo;0.5;cosine_loo;10;10;10;5;392;341;122;219;4;5;95;0.5222;0.6841;0.7821;0.0594;0.0959;-0.0100;-0.8601;0.4000;1;0.4000;0.4000;;;15.65
2026-02-18T03:22:41.691987;mvtec_loco_AD/splicing_connectors;cont_0pct_none;0.0;none;10;10;10;0;0;312;119;193;0;5;95;0.7209;0.8334;0.7667;0.3005;0.3782;;;;;;;;;13.90
2026-02-18T03:22:57.917167;mvtec_loco_AD/splicing_connectors;cont_0pct_loo_patch;0.0;loo_patch;10;10;10;0;392;312;119;193;0;5;95;0.6945;0.8042;0.7737;0.2487;0.2953;-0.0264;;;;;;;;16.22
2026-02-18T03:23:10.946794;mvtec_loco_AD/splicing_connectors;cont_0pct_random_patch;0.0;random_patch;10;10;10;0;392;312;119;193;0;5;95;0.7175;0.8305;0.7689;0.3057;0.3679;-0.0034;;;;;;;;13.03
2026-02-18T03:23:27.998332;mvtec_loco_AD/splicing_connectors;cont_0pct_mahalanobis_patch;0.0;mahalanobis_patch;10;10;10;0;392;312;119;193;0;5;95;0.7001;0.8252;0.7644;0.3264;0.3731;-0.0208;;;;;;;;17.05
2026-02-18T03:23:28.014334;mvtec_loco_AD/splicing_connectors;cont_0pct_oracle_patch;0.0;oracle_patch;10;10;10;0;0;312;119;193;0;5;95;0.7209;0.8334;0.7667;0.3005;0.3782;0.0000;;;;;;;;0.01
2026-02-18T03:23:45.905657;mvtec_loco_AD/splicing_connectors;cont_0pct_ensemble_loo_mahal;0.0;ensemble_loo_mahal;10;10;10;0;392;312;119;193;0;5;95;0.6994;0.8180;0.7644;0.2798;0.3627;-0.0215;;;;;;;;17.78
2026-02-18T03:24:00.182804;mvtec_loco_AD/splicing_connectors;cont_0pct_cosine_loo;0.0;cosine_loo;10;10;10;0;392;312;119;193;0;5;95;0.6866;0.7970;0.7703;0.2021;0.2694;-0.0344;;;;;;;;14.27
2026-02-18T03:24:15.699550;mvtec_loco_AD/splicing_connectors;cont_5pct_none;0.05;none;10;10;10;0;0;312;119;193;0;5;95;0.7209;0.8334;0.7667;0.3005;0.3782;0.0000;;;;;;;;15.50
2026-02-18T03:24:30.785178;mvtec_loco_AD/splicing_connectors;cont_5pct_loo_patch;0.05;loo_patch;10;10;10;0;392;312;119;193;0;5;95;0.6945;0.8042;0.7737;0.2487;0.2953;-0.0264;1.0000;;;;;;;15.08
2026-02-18T03:24:45.740348;mvtec_loco_AD/splicing_connectors;cont_5pct_random_patch;0.05;random_patch;10;10;10;0;392;312;119;193;0;5;95;0.7175;0.8305;0.7689;0.3057;0.3679;-0.0034;1.0000;;;;;;;14.95
2026-02-18T03:25:02.487905;mvtec_loco_AD/splicing_connectors;cont_5pct_mahalanobis_patch;0.05;mahalanobis_patch;10;10;10;0;392;312;119;193;0;5;95;0.7001;0.8252;0.7644;0.3264;0.3731;-0.0208;1.0000;;;;;;;16.74
2026-02-18T03:25:02.504904;mvtec_loco_AD/splicing_connectors;cont_5pct_oracle_patch;0.05;oracle_patch;10;10;10;0;0;312;119;193;0;5;95;0.7209;0.8334;0.7667;0.3005;0.3782;0.0000;1.0000;;;;;;;0.01
2026-02-18T03:25:19.866806;mvtec_loco_AD/splicing_connectors;cont_5pct_ensemble_loo_mahal;0.05;ensemble_loo_mahal;10;10;10;0;392;312;119;193;0;5;95;0.6994;0.8180;0.7644;0.2798;0.3627;-0.0215;1.0000;;;;;;;15.79
2026-02-18T03:25:36.009582;mvtec_loco_AD/splicing_connectors;cont_5pct_cosine_loo;0.05;cosine_loo;10;10;10;0;392;312;119;193;0;5;95;0.6866;0.7970;0.7703;0.2021;0.2694;-0.0344;1.0000;;;;;;;16.14
2026-02-18T03:25:50.037605;mvtec_loco_AD/splicing_connectors;cont_40pct_none;0.4;none;10;10;10;4;0;312;119;193;0;5;95;0.7071;0.8352;0.7644;0.3627;0.4145;-0.0138;;;;;;;;14.00
2026-02-18T03:26:04.624772;mvtec_loco_AD/splicing_connectors;cont_40pct_loo_patch;0.4;loo_patch;10;10;10;4;392;312;119;193;0;5;95;0.6982;0.8227;0.7644;0.2383;0.3420;-0.0227;-0.6384;0.8333;1;0.7500;0.7500;;;14.58
2026-02-18T03:26:19.662421;mvtec_loco_AD/splicing_connectors;cont_40pct_random_patch;0.4;random_patch;10;10;10;4;392;312;119;193;0;5;95;0.7098;0.8351;0.7644;0.3627;0.3990;-0.0111;0.1950;0.8333;1;0.7500;0.7500;;;15.03
2026-02-18T03:26:35.229875;mvtec_loco_AD/splicing_connectors;cont_40pct_mahalanobis_patch;0.4;mahalanobis_patch;10;10;10;4;392;312;119;193;0;5;95;0.7027;0.8287;0.7644;0.2850;0.3782;-0.0182;-0.3113;0.8333;1;0.7500;0.7500;;;15.56
2026-02-18T03:26:44.587341;mvtec_loco_AD/splicing_connectors;cont_40pct_oracle_patch;0.4;oracle_patch;10;10;6;4;3136;312;119;193;0;5;95;0.7013;0.8182;0.7692;0.2228;0.3472;-0.0196;-0.4182;0.8333;1;0.7500;0.7500;;;9.35
2026-02-18T03:27:00.644156;mvtec_loco_AD/splicing_connectors;cont_40pct_ensemble_loo_mahal;0.4;ensemble_loo_mahal;10;10;10;4;392;312;119;193;0;5;95;0.6947;0.8205;0.7644;0.2642;0.3679;-0.0262;-0.8931;0.8333;1;0.7500;0.7500;;;16.05
2026-02-18T03:27:16.687279;mvtec_loco_AD/splicing_connectors;cont_40pct_cosine_loo;0.4;cosine_loo;10;10;10;4;392;312;119;193;0;5;95;0.7075;0.8322;0.7644;0.2902;0.3834;-0.0134;0.0314;0.8333;1;0.7500;0.7500;;;16.04
2026-02-18T03:27:31.352497;mvtec_loco_AD/splicing_connectors;cont_50pct_none;0.5;none;10;10;10;5;0;312;119;193;0;5;95;0.6750;0.8042;0.7644;0.2539;0.3212;-0.0459;;;;;;;;14.64
2026-02-18T03:27:46.811750;mvtec_loco_AD/splicing_connectors;cont_50pct_loo_patch;0.5;loo_patch;10;10;10;5;392;312;119;193;0;5;95;0.6713;0.8019;0.7644;0.2176;0.2902;-0.0496;-0.0816;0.8000;1;0.8000;0.8000;;;15.45
2026-02-18T03:28:00.284092;mvtec_loco_AD/splicing_connectors;cont_50pct_random_patch;0.5;random_patch;10;10;10;5;392;312;119;193;0;5;95;0.6789;0.8067;0.7644;0.2435;0.3368;-0.0420;0.0844;0.8000;1;0.8000;0.8000;;;13.47
2026-02-18T03:28:15.630703;mvtec_loco_AD/splicing_connectors;cont_50pct_mahalanobis_patch;0.5;mahalanobis_patch;10;10;10;5;392;312;119;193;0;5;95;0.6836;0.8082;0.7644;0.2228;0.3161;-0.0373;0.1879;0.8000;1;0.8000;0.8000;;;15.34
2026-02-18T03:28:23.487866;mvtec_loco_AD/splicing_connectors;cont_50pct_oracle_patch;0.5;oracle_patch;10;10;5;5;3920;312;119;193;0;5;95;0.6826;0.8123;0.7764;0.2539;0.3575;-0.0383;0.1651;0.8000;1;0.8000;0.8000;;;7.85
2026-02-18T03:28:38.882847;mvtec_loco_AD/splicing_connectors;cont_50pct_ensemble_loo_mahal;0.5;ensemble_loo_mahal;10;10;10;5;392;312;119;193;0;5;95;0.6797;0.8039;0.7644;0.2228;0.3212;-0.0412;0.1015;0.8000;1;0.8000;0.8000;;;15.39
2026-02-18T03:28:55.150929;mvtec_loco_AD/splicing_connectors;cont_50pct_cosine_loo;0.5;cosine_loo;10;10;10;5;392;312;119;193;0;5;95;0.6870;0.8136;0.7644;0.2539;0.3005;-0.0339;0.2619;0.8000;1;0.8000;0.8000;;;16.26
2026-02-18T03:29:09.768095;mvtec_loco_AD/splicing_connectors;cont_0pct_none;0.0;none;10;10;10;0;0;312;119;193;1;5;95;0.7320;0.8442;0.7822;0.3472;0.3886;;;;;;;;;14.38
2026-02-18T03:29:25.368517;mvtec_loco_AD/splicing_connectors;cont_0pct_loo_patch;0.0;loo_patch;10;10;10;0;392;312;119;193;1;5;95;0.6932;0.8145;0.7757;0.2953;0.3368;-0.0388;;;;;;;;15.60
2026-02-18T03:29:38.779190;mvtec_loco_AD/splicing_connectors;cont_0pct_random_patch;0.0;random_patch;10;10;10;0;392;312;119;193;1;5;95;0.7317;0.8456;0.7780;0.3368;0.3886;-0.0003;;;;;;;;13.41
2026-02-18T03:29:54.463076;mvtec_loco_AD/splicing_connectors;cont_0pct_mahalanobis_patch;0.0;mahalanobis_patch;10;10;10;0;392;312;119;193;1;5;95;0.7147;0.8372;0.7705;0.3575;0.4249;-0.0173;;;;;;;;15.68
2026-02-18T03:29:54.481075;mvtec_loco_AD/splicing_connectors;cont_0pct_oracle_patch;0.0;oracle_patch;10;10;10;0;0;312;119;193;1;5;95;0.7320;0.8442;0.7822;0.3472;0.3886;0.0000;;;;;;;;0.01
2026-02-18T03:30:09.879902;mvtec_loco_AD/splicing_connectors;cont_0pct_ensemble_loo_mahal;0.0;ensemble_loo_mahal;10;10;10;0;392;312;119;193;1;5;95;0.6977;0.8244;0.7783;0.3264;0.3731;-0.0343;;;;;;;;15.33
2026-02-18T03:30:25.928250;mvtec_loco_AD/splicing_connectors;cont_0pct_cosine_loo;0.0;cosine_loo;10;10;10;0;392;312;119;193;1;5;95;0.7034;0.8214;0.7828;0.2746;0.3523;-0.0286;;;;;;;;16.04
2026-02-18T03:30:40.183483;mvtec_loco_AD/splicing_connectors;cont_5pct_none;0.05;none;10;10;10;0;0;312;119;193;1;5;95;0.7320;0.8442;0.7822;0.3472;0.3886;0.0000;;;;;;;;14.24
2026-02-18T03:30:56.307754;mvtec_loco_AD/splicing_connectors;cont_5pct_loo_patch;0.05;loo_patch;10;10;10;0;392;312;119;193;1;5;95;0.6932;0.8145;0.7757;0.2953;0.3368;-0.0388;1.0000;;;;;;;15.88
2026-02-18T03:31:10.929845;mvtec_loco_AD/splicing_connectors;cont_5pct_random_patch;0.05;random_patch;10;10;10;0;392;312;119;193;1;5;95;0.7317;0.8456;0.7780;0.3368;0.3886;-0.0003;1.0000;;;;;;;14.62
2026-02-18T03:31:27.019586;mvtec_loco_AD/splicing_connectors;cont_5pct_mahalanobis_patch;0.05;mahalanobis_patch;10;10;10;0;392;312;119;193;1;5;95;0.7147;0.8372;0.7705;0.3575;0.4249;-0.0173;1.0000;;;;;;;15.95
2026-02-18T03:31:27.037862;mvtec_loco_AD/splicing_connectors;cont_5pct_oracle_patch;0.05;oracle_patch;10;10;10;0;0;312;119;193;1;5;95;0.7320;0.8442;0.7822;0.3472;0.3886;0.0000;1.0000;;;;;;;0.01
2026-02-18T03:31:44.530827;mvtec_loco_AD/splicing_connectors;cont_5pct_ensemble_loo_mahal;0.05;ensemble_loo_mahal;10;10;10;0;392;312;119;193;1;5;95;0.6977;0.8244;0.7783;0.3264;0.3731;-0.0343;1.0000;;;;;;;17.29
2026-02-18T03:31:58.902790;mvtec_loco_AD/splicing_connectors;cont_5pct_cosine_loo;0.05;cosine_loo;10;10;10;0;392;312;119;193;1;5;95;0.7034;0.8214;0.7828;0.2746;0.3523;-0.0286;1.0000;;;;;;;14.37
2026-02-18T03:32:14.243016;mvtec_loco_AD/splicing_connectors;cont_40pct_none;0.4;none;10;10;10;4;0;312;119;193;1;5;95;0.7256;0.8467;0.7692;0.3472;0.4352;-0.0064;;;;;;;;15.31
2026-02-18T03:32:30.188044;mvtec_loco_AD/splicing_connectors;cont_40pct_loo_patch;0.4;loo_patch;10;10;10;4;392;312;119;193;1;5;95;0.7213;0.8448;0.7692;0.3212;0.4041;-0.0107;-0.6735;0.9167;1;0.7500;0.7500;;;15.94
2026-02-18T03:32:43.377981;mvtec_loco_AD/splicing_connectors;cont_40pct_random_patch;0.4;random_patch;10;10;10;4;392;312;119;193;1;5;95;0.7203;0.8445;0.7644;0.3575;0.4560;-0.0117;-0.8299;0.9167;1;0.7500;0.7500;;;13.10
2026-02-18T03:33:00.855430;mvtec_loco_AD/splicing_connectors;cont_40pct_mahalanobis_patch;0.4;mahalanobis_patch;10;10;10;4;392;312;119;193;1;5;95;0.7129;0.8382;0.7644;0.2953;0.4352;-0.0191;-1.9864;0.9167;1;0.7500;0.7500;;;17.47
2026-02-18T03:33:10.219093;mvtec_loco_AD/splicing_connectors;cont_40pct_oracle_patch;0.4;oracle_patch;10;10;6;4;3136;312;119;193;1;5;95;0.7139;0.8262;0.7676;0.2435;0.3472;-0.0182;-1.8367;0.9167;1;0.7500;0.7500;;;9.36
2026-02-18T03:33:26.355587;mvtec_loco_AD/splicing_connectors;cont_40pct_ensemble_loo_mahal;0.4;ensemble_loo_mahal;10;10;10;4;392;312;119;193;1;5;95;0.7220;0.8409;0.7709;0.3057;0.4301;-0.0100;-0.5578;0.9167;1;0.7500;0.7500;;;15.89
2026-02-18T03:33:42.245113;mvtec_loco_AD/splicing_connectors;cont_40pct_cosine_loo;0.4;cosine_loo;10;10;10;4;392;312;119;193;1;5;95;0.7282;0.8498;0.7676;0.3731;0.4145;-0.0038;0.4082;0.9167;1;0.7500;0.7500;;;15.88
2026-02-18T03:33:57.889320;mvtec_loco_AD/splicing_connectors;cont_50pct_none;0.5;none;10;10;10;5;0;312;119;193;1;5;95;0.7243;0.8467;0.7644;0.3575;0.4560;-0.0077;;;;;;;;15.62
2026-02-18T03:34:12.205516;mvtec_loco_AD/splicing_connectors;cont_50pct_loo_patch;0.5;loo_patch;10;10;10;5;392;312;119;193;1;5;95;0.7230;0.8448;0.7670;0.3886;0.4456;-0.0090;-0.1638;1.0000;1;1.0000;1.0000;;;14.21
2026-02-18T03:34:27.093395;mvtec_loco_AD/splicing_connectors;cont_50pct_random_patch;0.5;random_patch;10;10;10;5;392;312;119;193;1;5;95;0.7134;0.8418;0.7644;0.3368;0.4456;-0.0186;-1.4181;1.0000;1;1.0000;1.0000;;;14.88
2026-02-18T03:34:44.227856;mvtec_loco_AD/splicing_connectors;cont_50pct_mahalanobis_patch;0.5;mahalanobis_patch;10;10;10;5;392;312;119;193;1;5;95;0.7133;0.8373;0.7644;0.3161;0.3990;-0.0187;-1.4322;1.0000;1;1.0000;1.0000;;;17.13
2026-02-18T03:34:52.177440;mvtec_loco_AD/splicing_connectors;cont_50pct_oracle_patch;0.5;oracle_patch;10;10;5;5;3920;312;119;193;1;5;95;0.6579;0.7552;0.7783;0.1036;0.1762;-0.0741;-8.6158;1.0000;1;1.0000;1.0000;;;7.95
2026-02-18T03:35:08.065504;mvtec_loco_AD/splicing_connectors;cont_50pct_ensemble_loo_mahal;0.5;ensemble_loo_mahal;10;10;10;5;392;312;119;193;1;5;95;0.7161;0.8376;0.7660;0.2798;0.4145;-0.0159;-1.0678;1.0000;1;1.0000;1.0000;;;15.79
2026-02-18T03:35:24.233683;mvtec_loco_AD/splicing_connectors;cont_50pct_cosine_loo;0.5;cosine_loo;10;10;10;5;392;312;119;193;1;5;95;0.7267;0.8477;0.7686;0.3938;0.4508;-0.0054;0.3051;1.0000;1;1.0000;1.0000;;;16.16
2026-02-18T03:35:38.864911;mvtec_loco_AD/splicing_connectors;cont_0pct_none;0.0;none;10;10;10;0;0;312;119;193;2;5;95;0.7356;0.8478;0.7696;0.3161;0.3990;;;;;;;;;14.26
2026-02-18T03:35:54.675975;mvtec_loco_AD/splicing_connectors;cont_0pct_loo_patch;0.0;loo_patch;10;10;10;0;392;312;119;193;2;5;95;0.7283;0.8420;0.7663;0.2850;0.4041;-0.0073;;;;;;;;15.81
2026-02-18T03:36:09.761378;mvtec_loco_AD/splicing_connectors;cont_0pct_random_patch;0.0;random_patch;10;10;10;0;392;312;119;193;2;5;95;0.7343;0.8469;0.7683;0.3212;0.3834;-0.0013;;;;;;;;15.08
2026-02-18T03:36:26.111895;mvtec_loco_AD/splicing_connectors;cont_0pct_mahalanobis_patch;0.0;mahalanobis_patch;10;10;10;0;392;312;119;193;2;5;95;0.7486;0.8555;0.7689;0.3472;0.4041;0.0130;;;;;;;;15.50
2026-02-18T03:36:26.130417;mvtec_loco_AD/splicing_connectors;cont_0pct_oracle_patch;0.0;oracle_patch;10;10;10;0;0;312;119;193;2;5;95;0.7356;0.8478;0.7696;0.3161;0.3990;0.0000;;;;;;;;0.01
2026-02-18T03:36:43.151200;mvtec_loco_AD/splicing_connectors;cont_0pct_ensemble_loo_mahal;0.0;ensemble_loo_mahal;10;10;10;0;392;312;119;193;2;5;95;0.7397;0.8493;0.7644;0.3264;0.3782;0.0041;;;;;;;;17.01
2026-02-18T03:36:59.021761;mvtec_loco_AD/splicing_connectors;cont_0pct_cosine_loo;0.0;cosine_loo;10;10;10;0;392;312;119;193;2;5;95;0.7232;0.8375;0.7689;0.2539;0.3731;-0.0124;;;;;;;;15.86
2026-02-18T03:37:13.058020;mvtec_loco_AD/splicing_connectors;cont_5pct_none;0.05;none;10;10;10;0;0;312;119;193;2;5;95;0.7356;0.8478;0.7696;0.3161;0.3990;0.0000;;;;;;;;13.85
2026-02-18T03:37:29.151664;mvtec_loco_AD/splicing_connectors;cont_5pct_loo_patch;0.05;loo_patch;10;10;10;0;392;312;119;193;2;5;95;0.7283;0.8420;0.7663;0.2850;0.4041;-0.0073;1.0000;;;;;;;16.09
2026-02-18T03:37:44.098285;mvtec_loco_AD/splicing_connectors;cont_5pct_random_patch;0.05;random_patch;10;10;10;0;392;312;119;193;2;5;95;0.7343;0.8469;0.7683;0.3212;0.3834;-0.0013;1.0000;;;;;;;14.26
2026-02-18T03:38:02.130685;mvtec_loco_AD/splicing_connectors;cont_5pct_mahalanobis_patch;0.05;mahalanobis_patch;10;10;10;0;392;312;119;193;2;5;95;0.7486;0.8555;0.7689;0.3472;0.4041;0.0130;1.0000;;;;;;;18.03
2026-02-18T03:38:02.145919;mvtec_loco_AD/splicing_connectors;cont_5pct_oracle_patch;0.05;oracle_patch;10;10;10;0;0;312;119;193;2;5;95;0.7356;0.8478;0.7696;0.3161;0.3990;0.0000;1.0000;;;;;;;0.01
2026-02-18T03:38:19.326476;mvtec_loco_AD/splicing_connectors;cont_5pct_ensemble_loo_mahal;0.05;ensemble_loo_mahal;10;10;10;0;392;312;119;193;2;5;95;0.7397;0.8493;0.7644;0.3264;0.3782;0.0041;1.0000;;;;;;;17.18
2026-02-18T03:38:33.627239;mvtec_loco_AD/splicing_connectors;cont_5pct_cosine_loo;0.05;cosine_loo;10;10;10;0;392;312;119;193;2;5;95;0.7232;0.8375;0.7689;0.2539;0.3731;-0.0124;1.0000;;;;;;;14.30
2026-02-18T03:38:49.233280;mvtec_loco_AD/splicing_connectors;cont_40pct_none;0.4;none;10;10;10;4;0;312;119;193;2;5;95;0.7016;0.8212;0.7644;0.2280;0.3472;-0.0340;;;;;;;;15.58
2026-02-18T03:39:05.276254;mvtec_loco_AD/splicing_connectors;cont_40pct_loo_patch;0.4;loo_patch;10;10;10;4;392;312;119;193;2;5;95;0.6898;0.8036;0.7645;0.2176;0.2591;-0.0458;-0.3470;0.5833;1;0.5000;0.5000;;;16.04
2026-02-18T03:39:18.306268;mvtec_loco_AD/splicing_connectors;cont_40pct_random_patch;0.4;random_patch;10;10;10;4;392;312;119;193;2;5;95;0.6990;0.8163;0.7644;0.2280;0.2850;-0.0366;-0.0768;0.5833;1;0.5000;0.5000;;;13.02
2026-02-18T03:39:35.228611;mvtec_loco_AD/splicing_connectors;cont_40pct_mahalanobis_patch;0.4;mahalanobis_patch;10;10;10;4;392;312;119;193;2;5;95;0.7219;0.8360;0.7644;0.3005;0.3316;-0.0137;0.5980;0.5833;1;0.5000;0.5000;;;16.92
2026-02-18T03:39:44.583167;mvtec_loco_AD/splicing_connectors;cont_40pct_oracle_patch;0.4;oracle_patch;10;10;6;4;3136;312;119;193;2;5;95;0.7231;0.8353;0.7661;0.2798;0.3472;-0.0125;0.6312;0.5833;1;0.5000;0.5000;;;9.35
2026-02-18T03:40:00.489841;mvtec_loco_AD/splicing_connectors;cont_40pct_ensemble_loo_mahal;0.4;ensemble_loo_mahal;10;10;10;4;392;312;119;193;2;5;95;0.6954;0.8129;0.7644;0.2280;0.3057;-0.0402;-0.1818;0.5833;1;0.5000;0.5000;;;15.79
2026-02-18T03:40:16.780140;mvtec_loco_AD/splicing_connectors;cont_40pct_cosine_loo;0.4;cosine_loo;10;10;10;4;392;312;119;193;2;5;95;0.6842;0.7972;0.7644;0.1917;0.2383;-0.0514;-0.5109;0.5833;1;0.5000;0.5000;;;16.28
2026-02-18T03:40:32.091698;mvtec_loco_AD/splicing_connectors;cont_50pct_none;0.5;none;10;10;10;5;0;312;119;193;2;5;95;0.6976;0.8217;0.7644;0.2591;0.3420;-0.0380;;;;;;;;15.28
2026-02-18T03:40:46.834395;mvtec_loco_AD/splicing_connectors;cont_50pct_loo_patch;0.5;loo_patch;10;10;10;5;392;312;119;193;2;5;95;0.6949;0.8104;0.7715;0.2280;0.2539;-0.0408;-0.0722;0.5600;1;0.4000;0.4000;;;14.49
2026-02-18T03:41:01.424518;mvtec_loco_AD/splicing_connectors;cont_50pct_random_patch;0.5;random_patch;10;10;10;5;392;312;119;193;2;5;95;0.6941;0.8188;0.7644;0.2798;0.3161;-0.0415;-0.0928;0.5600;1;0.4000;0.4000;;;14.58
2026-02-18T03:41:18.208929;mvtec_loco_AD/splicing_connectors;cont_50pct_mahalanobis_patch;0.5;mahalanobis_patch;10;10;10;5;392;312;119;193;2;5;95;0.7146;0.8267;0.7644;0.2902;0.3264;-0.0210;0.4467;0.5600;1;0.4000;0.4000;;;16.78
2026-02-18T03:41:24.920464;mvtec_loco_AD/splicing_connectors;cont_50pct_oracle_patch;0.5;oracle_patch;10;10;5;5;3920;312;119;193;2;5;95;0.6973;0.8072;0.7699;0.1969;0.2539;-0.0383;-0.0080;0.5600;1;0.4000;0.4000;;;6.71
2026-02-18T03:41:41.908761;mvtec_loco_AD/splicing_connectors;cont_50pct_ensemble_loo_mahal;0.5;ensemble_loo_mahal;10;10;10;5;392;312;119;193;2;5;95;0.7077;0.8226;0.7699;0.2383;0.3420;-0.0279;0.2658;0.5600;1;0.4000;0.4000;;;16.98
2026-02-18T03:41:58.067525;mvtec_loco_AD/splicing_connectors;cont_50pct_cosine_loo;0.5;cosine_loo;10;10;10;5;392;312;119;193;2;5;95;0.6955;0.8135;0.7644;0.2332;0.3057;-0.0401;-0.0561;0.5600;1;0.4000;0.4000;;;16.15
2026-02-18T03:42:13.380806;mvtec_loco_AD/splicing_connectors;cont_0pct_none;0.0;none;10;10;10;0;0;312;119;193;3;5;95;0.7343;0.8409;0.7695;0.3109;0.3523;;;;;;;;;14.75
2026-02-18T03:42:29.537671;mvtec_loco_AD/splicing_connectors;cont_0pct_loo_patch;0.0;loo_patch;10;10;10;0;392;312;119;193;3;5;95;0.6947;0.8070;0.7741;0.2021;0.2850;-0.0395;;;;;;;;16.15
2026-02-18T03:42:44.439792;mvtec_loco_AD/splicing_connectors;cont_0pct_random_patch;0.0;random_patch;10;10;10;0;392;312;119;193;3;5;95;0.7265;0.8359;0.7695;0.3109;0.3523;-0.0078;;;;;;;;14.76
2026-02-18T03:43:00.427648;mvtec_loco_AD/splicing_connectors;cont_0pct_mahalanobis_patch;0.0;mahalanobis_patch;10;10;10;0;392;312;119;193;3;5;95;0.7195;0.8360;0.7673;0.2902;0.4041;-0.0148;;;;;;;;15.79
2026-02-18T03:43:00.445166;mvtec_loco_AD/splicing_connectors;cont_0pct_oracle_patch;0.0;oracle_patch;10;10;10;0;0;312;119;193;3;5;95;0.7343;0.8409;0.7695;0.3109;0.3523;0.0000;;;;;;;;0.01
2026-02-18T03:43:18.148299;mvtec_loco_AD/splicing_connectors;cont_0pct_ensemble_loo_mahal;0.0;ensemble_loo_mahal;10;10;10;0;392;312;119;193;3;5;95;0.7007;0.8166;0.7721;0.1813;0.3679;-0.0336;;;;;;;;17.32
2026-02-18T03:43:33.927044;mvtec_loco_AD/splicing_connectors;cont_0pct_cosine_loo;0.0;cosine_loo;10;10;10;0;392;312;119;193;3;5;95;0.6895;0.8059;0.7750;0.1865;0.2953;-0.0448;;;;;;;;15.78
2026-02-18T03:43:48.593798;mvtec_loco_AD/splicing_connectors;cont_5pct_none;0.05;none;10;10;10;0;0;312;119;193;3;5;95;0.7343;0.8409;0.7695;0.3109;0.3523;0.0000;;;;;;;;14.36
2026-02-18T03:44:04.426740;mvtec_loco_AD/splicing_connectors;cont_5pct_loo_patch;0.05;loo_patch;10;10;10;0;392;312;119;193;3;5;95;0.6947;0.8070;0.7741;0.2021;0.2850;-0.0395;1.0000;;;;;;;15.83
2026-02-18T03:44:18.969108;mvtec_loco_AD/splicing_connectors;cont_5pct_random_patch;0.05;random_patch;10;10;10;0;392;312;119;193;3;5;95;0.7265;0.8359;0.7695;0.3109;0.3523;-0.0078;1.0000;;;;;;;14.22
2026-02-18T03:44:36.462808;mvtec_loco_AD/splicing_connectors;cont_5pct_mahalanobis_patch;0.05;mahalanobis_patch;10;10;10;0;392;312;119;193;3;5;95;0.7195;0.8360;0.7673;0.2902;0.4041;-0.0148;1.0000;;;;;;;17.49
2026-02-18T03:44:36.477805;mvtec_loco_AD/splicing_connectors;cont_5pct_oracle_patch;0.05;oracle_patch;10;10;10;0;0;312;119;193;3;5;95;0.7343;0.8409;0.7695;0.3109;0.3523;0.0000;1.0000;;;;;;;0.01
2026-02-18T03:44:54.409221;mvtec_loco_AD/splicing_connectors;cont_5pct_ensemble_loo_mahal;0.05;ensemble_loo_mahal;10;10;10;0;392;312;119;193;3;5;95;0.7007;0.8166;0.7721;0.1813;0.3679;-0.0336;1.0000;;;;;;;17.40
2026-02-18T03:45:09.064991;mvtec_loco_AD/splicing_connectors;cont_5pct_cosine_loo;0.05;cosine_loo;10;10;10;0;392;312;119;193;3;5;95;0.6895;0.8059;0.7750;0.1865;0.2953;-0.0448;1.0000;;;;;;;14.65
2026-02-18T03:45:24.567455;mvtec_loco_AD/splicing_connectors;cont_40pct_none;0.4;none;10;10;10;4;0;312;119;193;3;5;95;0.7112;0.8234;0.7644;0.1710;0.3212;-0.0230;;;;;;;;15.48
2026-02-18T03:45:40.484854;mvtec_loco_AD/splicing_connectors;cont_40pct_loo_patch;0.4;loo_patch;10;10;10;4;392;312;119;193;3;5;95;0.6930;0.8067;0.7644;0.1762;0.2746;-0.0413;-0.7921;0.7917;1;0.7500;0.7500;;;15.74
2026-02-18T03:45:53.757485;mvtec_loco_AD/splicing_connectors;cont_40pct_random_patch;0.4;random_patch;10;10;10;4;392;312;119;193;3;5;95;0.7097;0.8237;0.7644;0.1917;0.3368;-0.0246;-0.0681;0.7917;1;0.7500;0.7500;;;13.27
2026-02-18T03:46:10.779753;mvtec_loco_AD/splicing_connectors;cont_40pct_mahalanobis_patch;0.4;mahalanobis_patch;10;10;10;4;392;312;119;193;3;5;95;0.7071;0.8228;0.7716;0.1865;0.3782;-0.0272;-0.1815;0.7917;1;0.7500;0.7500;;;17.01
2026-02-18T03:46:20.242537;mvtec_loco_AD/splicing_connectors;cont_40pct_oracle_patch;0.4;oracle_patch;10;10;6;4;3136;312;119;193;3;5;95;0.7149;0.8291;0.7727;0.2798;0.3575;-0.0194;0.1569;0.7917;1;0.7500;0.7500;;;9.45
2026-02-18T03:46:36.077790;mvtec_loco_AD/splicing_connectors;cont_40pct_ensemble_loo_mahal;0.4;ensemble_loo_mahal;10;10;10;4;392;312;119;193;3;5;95;0.7041;0.8186;0.7656;0.1710;0.3575;-0.0301;-0.3081;0.7917;1;0.7500;0.7500;;;15.65
2026-02-18T03:46:52.009824;mvtec_loco_AD/splicing_connectors;cont_40pct_cosine_loo;0.4;cosine_loo;10;10;10;4;392;312;119;193;3;5;95;0.6990;0.8089;0.7665;0.1554;0.2798;-0.0352;-0.5293;0.7917;1;0.7500;0.7500;;;15.92
2026-02-18T03:47:08.680131;mvtec_loco_AD/splicing_connectors;cont_50pct_none;0.5;none;10;10;10;5;0;312;119;193;3;5;95;0.7129;0.8286;0.7644;0.2021;0.3264;-0.0213;;;;;;;;15.45
2026-02-18T03:47:23.175762;mvtec_loco_AD/splicing_connectors;cont_50pct_loo_patch;0.5;loo_patch;10;10;10;5;392;312;119;193;3;5;95;0.7052;0.8190;0.7644;0.1865;0.2902;-0.0290;-0.3612;0.6400;1;0.6000;0.6000;;;14.39
2026-02-18T03:47:37.750420;mvtec_loco_AD/splicing_connectors;cont_50pct_random_patch;0.5;random_patch;10;10;10;5;392;312;119;193;3;5;95;0.7100;0.8274;0.7644;0.2176;0.3212;-0.0243;-0.1388;0.6400;1;0.6000;0.6000;;;14.57
2026-02-18T03:47:54.592028;mvtec_loco_AD/splicing_connectors;cont_50pct_mahalanobis_patch;0.5;mahalanobis_patch;10;10;10;5;392;312;119;193;3;5;95;0.7161;0.8291;0.7719;0.2332;0.3005;-0.0182;0.1490;0.6400;1;0.6000;0.6000;;;16.83
2026-02-18T03:48:00.782189;mvtec_loco_AD/splicing_connectors;cont_50pct_oracle_patch;0.5;oracle_patch;10;10;5;5;3920;312;119;193;3;5;95;0.7185;0.8319;0.7679;0.2591;0.3575;-0.0158;0.2612;0.6400;1;0.6000;0.6000;;;6.18
2026-02-18T03:48:18.056031;mvtec_loco_AD/splicing_connectors;cont_50pct_ensemble_loo_mahal;0.5;ensemble_loo_mahal;10;10;10;5;392;312;119;193;3;5;95;0.7112;0.8274;0.7644;0.2280;0.3161;-0.0231;-0.0837;0.6400;1;0.6000;0.6000;;;17.27
2026-02-18T03:48:34.253174;mvtec_loco_AD/splicing_connectors;cont_50pct_cosine_loo;0.5;cosine_loo;10;10;10;5;392;312;119;193;3;5;95;0.7105;0.8212;0.7644;0.1813;0.2798;-0.0237;-0.1122;0.6400;1;0.6000;0.6000;;;16.19
2026-02-18T03:48:49.312927;mvtec_loco_AD/splicing_connectors;cont_0pct_none;0.0;none;10;10;10;0;0;312;119;193;4;5;95;0.7296;0.8495;0.7759;0.3316;0.4301;;;;;;;;;14.11
2026-02-18T03:49:05.272331;mvtec_loco_AD/splicing_connectors;cont_0pct_loo_patch;0.0;loo_patch;10;10;10;0;392;312;119;193;4;5;95;0.7296;0.8514;0.7686;0.3731;0.4560;-0.0000;;;;;;;;15.95
2026-02-18T03:49:20.236796;mvtec_loco_AD/splicing_connectors;cont_0pct_random_patch;0.0;random_patch;10;10;10;0;392;312;119;193;4;5;95;0.7362;0.8525;0.7785;0.3472;0.4352;0.0066;;;;;;;;14.65
2026-02-18T03:49:36.500931;mvtec_loco_AD/splicing_connectors;cont_0pct_mahalanobis_patch;0.0;mahalanobis_patch;10;10;10;0;392;312;119;193;4;5;95;0.7169;0.8360;0.7711;0.2694;0.4041;-0.0128;;;;;;;;16.26
2026-02-18T03:49:36.520931;mvtec_loco_AD/splicing_connectors;cont_0pct_oracle_patch;0.0;oracle_patch;10;10;10;0;0;312;119;193;4;5;95;0.7296;0.8495;0.7759;0.3316;0.4301;0.0000;;;;;;;;0.01
2026-02-18T03:49:54.319684;mvtec_loco_AD/splicing_connectors;cont_0pct_ensemble_loo_mahal;0.0;ensemble_loo_mahal;10;10;10;0;392;312;119;193;4;5;95;0.7283;0.8457;0.7699;0.3316;0.4456;-0.0013;;;;;;;;17.44
2026-02-18T03:50:08.787663;mvtec_loco_AD/splicing_connectors;cont_0pct_cosine_loo;0.0;cosine_loo;10;10;10;0;392;312;119;193;4;5;95;0.7325;0.8541;0.7702;0.3782;0.4249;0.0029;;;;;;;;14.46
2026-02-18T03:50:24.095309;mvtec_loco_AD/splicing_connectors;cont_5pct_none;0.05;none;10;10;10;0;0;312;119;193;4;5;95;0.7296;0.8495;0.7759;0.3316;0.4301;0.0000;;;;;;;;15.28
2026-02-18T03:50:39.919305;mvtec_loco_AD/splicing_connectors;cont_5pct_loo_patch;0.05;loo_patch;10;10;10;0;392;312;119;193;4;5;95;0.7296;0.8514;0.7686;0.3731;0.4560;-0.0000;1.0000;;;;;;;15.67
2026-02-18T03:50:53.355103;mvtec_loco_AD/splicing_connectors;cont_5pct_random_patch;0.05;random_patch;10;10;10;0;392;312;119;193;4;5;95;0.7362;0.8525;0.7785;0.3472;0.4352;0.0066;1.0000;;;;;;;13.43
2026-02-18T03:51:10.316894;mvtec_loco_AD/splicing_connectors;cont_5pct_mahalanobis_patch;0.05;mahalanobis_patch;10;10;10;0;392;312;119;193;4;5;95;0.7169;0.8360;0.7711;0.2694;0.4041;-0.0128;1.0000;;;;;;;16.95
2026-02-18T03:51:10.335905;mvtec_loco_AD/splicing_connectors;cont_5pct_oracle_patch;0.05;oracle_patch;10;10;10;0;0;312;119;193;4;5;95;0.7296;0.8495;0.7759;0.3316;0.4301;0.0000;1.0000;;;;;;;0.01
2026-02-18T03:51:28.096826;mvtec_loco_AD/splicing_connectors;cont_5pct_ensemble_loo_mahal;0.05;ensemble_loo_mahal;10;10;10;0;392;312;119;193;4;5;95;0.7283;0.8457;0.7699;0.3316;0.4456;-0.0013;1.0000;;;;;;;17.58
2026-02-18T03:51:42.757987;mvtec_loco_AD/splicing_connectors;cont_5pct_cosine_loo;0.05;cosine_loo;10;10;10;0;392;312;119;193;4;5;95;0.7325;0.8541;0.7702;0.3782;0.4249;0.0029;1.0000;;;;;;;14.66
2026-02-18T03:51:56.395471;mvtec_loco_AD/splicing_connectors;cont_40pct_none;0.4;none;10;10;10;4;0;312;119;193;4;5;95;0.7205;0.8330;0.7752;0.2850;0.3523;-0.0091;;;;;;;;13.61
2026-02-18T03:52:06.064104;mvtec_loco_AD/splicing_connectors;cont_40pct_loo_patch;0.4;loo_patch;10;10;10;4;392;312;119;193;4;5;95;0.6772;0.7797;0.7685;0.1503;0.2383;-0.0524;-4.7333;0.5833;0;0.5000;0.5000;;;9.66
2026-02-18T03:52:15.041746;mvtec_loco_AD/splicing_connectors;cont_40pct_random_patch;0.4;random_patch;10;10;10;4;392;312;119;193;4;5;95;0.7223;0.8349;0.7806;0.3005;0.3523;-0.0074;0.1952;0.5833;0;0.5000;0.5000;;;8.97
2026-02-18T03:52:25.509379;mvtec_loco_AD/splicing_connectors;cont_40pct_mahalanobis_patch;0.4;mahalanobis_patch;10;10;10;4;392;312;119;193;4;5;95;0.7216;0.8334;0.7702;0.2850;0.3523;-0.0081;0.1190;0.5833;0;0.5000;0.5000;;;10.46
2026-02-18T03:52:31.259193;mvtec_loco_AD/splicing_connectors;cont_40pct_oracle_patch;0.4;oracle_patch;10;10;6;4;3136;312;119;193;4;5;95;0.7052;0.8235;0.7721;0.2850;0.3575;-0.0244;-1.6714;0.5833;0;0.5000;0.5000;;;5.75
2026-02-18T03:52:41.446923;mvtec_loco_AD/splicing_connectors;cont_40pct_ensemble_loo_mahal;0.4;ensemble_loo_mahal;10;10;10;4;392;312;119;193;4;5;95;0.7034;0.8167;0.7683;0.2332;0.3161;-0.0262;-1.8619;0.5833;0;0.5000;0.5000;;;10.18
2026-02-18T03:52:50.932296;mvtec_loco_AD/splicing_connectors;cont_40pct_cosine_loo;0.4;cosine_loo;10;10;10;4;392;312;119;193;4;5;95;0.6809;0.7865;0.7648;0.1813;0.2228;-0.0487;-4.3238;0.5833;0;0.5000;0.5000;;;9.48
2026-02-18T03:53:00.332146;mvtec_loco_AD/splicing_connectors;cont_50pct_none;0.5;none;10;10;10;5;0;312;119;193;4;5;95;0.7180;0.8321;0.7717;0.3109;0.3523;-0.0116;;;;;;;;9.38
2026-02-18T03:53:09.764480;mvtec_loco_AD/splicing_connectors;cont_50pct_loo_patch;0.5;loo_patch;10;10;10;5;392;312;119;193;4;5;95;0.6681;0.7745;0.7666;0.1451;0.2280;-0.0615;-4.2884;0.5600;0;0.4000;0.4000;;;9.43
2026-02-18T03:53:19.017157;mvtec_loco_AD/splicing_connectors;cont_50pct_random_patch;0.5;random_patch;10;10;10;5;392;312;119;193;4;5;95;0.7210;0.8338;0.7763;0.3264;0.3472;-0.0086;0.2584;0.5600;0;0.4000;0.4000;;;9.25
2026-02-18T03:53:29.184164;mvtec_loco_AD/splicing_connectors;cont_50pct_mahalanobis_patch;0.5;mahalanobis_patch;10;10;10;5;392;312;119;193;4;5;95;0.7088;0.8258;0.7663;0.2850;0.3316;-0.0208;-0.7865;0.5600;0;0.4000;0.4000;;;10.16
2026-02-18T03:53:33.941148;mvtec_loco_AD/splicing_connectors;cont_50pct_oracle_patch;0.5;oracle_patch;10;10;5;5;3920;312;119;193;4;5;95;0.7114;0.8282;0.7711;0.2850;0.3523;-0.0182;-0.5693;0.5600;0;0.4000;0.4000;;;4.75
2026-02-18T03:53:44.131381;mvtec_loco_AD/splicing_connectors;cont_50pct_ensemble_loo_mahal;0.5;ensemble_loo_mahal;10;10;10;5;392;312;119;193;4;5;95;0.6920;0.8038;0.7706;0.2124;0.2850;-0.0376;-2.2360;0.5600;0;0.4000;0.4000;;;10.19
2026-02-18T03:53:53.628267;mvtec_loco_AD/splicing_connectors;cont_50pct_cosine_loo;0.5;cosine_loo;10;10;10;5;392;312;119;193;4;5;95;0.6600;0.7684;0.7644;0.1554;0.1917;-0.0696;-4.9888;0.5600;0;0.4000;0.4000;;;9.49
2026-02-18T03:53:56.431142;btad/01;cont_0pct_none;0.0;none;10;10;10;0;0;70;21;49;0;5;95;0.9854;0.9946;0.9792;0.9592;0.9592;;;;;;;;;2.18
2026-02-18T03:53:59.028770;btad/01;cont_0pct_loo_patch;0.0;loo_patch;10;10;10;0;392;70;21;49;0;5;95;0.9893;0.9958;0.9792;0.9592;0.9592;0.0039;;;;;;;;2.59
2026-02-18T03:54:01.115296;btad/01;cont_0pct_random_patch;0.0;random_patch;10;10;10;0;392;70;21;49;0;5;95;0.9864;0.9949;0.9792;0.9592;0.9592;0.0010;;;;;;;;2.08
2026-02-18T03:54:04.467985;btad/01;cont_0pct_mahalanobis_patch;0.0;mahalanobis_patch;10;10;10;0;392;70;21;49;0;5;95;0.9825;0.9936;0.9792;0.9592;0.9592;-0.0029;;;;;;;;3.35
2026-02-18T03:54:04.480542;btad/01;cont_0pct_oracle_patch;0.0;oracle_patch;10;10;10;0;0;70;21;49;0;5;95;0.9854;0.9946;0.9792;0.9592;0.9592;0.0000;;;;;;;;0.01
2026-02-18T03:54:07.924024;btad/01;cont_0pct_ensemble_loo_mahal;0.0;ensemble_loo_mahal;10;10;10;0;392;70;21;49;0;5;95;0.9815;0.9933;0.9792;0.9592;0.9592;-0.0039;;;;;;;;3.44
2026-02-18T03:54:10.615054;btad/01;cont_0pct_cosine_loo;0.0;cosine_loo;10;10;10;0;392;70;21;49;0;5;95;0.9825;0.9936;0.9792;0.9592;0.9592;-0.0029;;;;;;;;2.69
2026-02-18T03:54:12.826140;btad/01;cont_5pct_none;0.05;none;10;10;10;0;0;70;21;49;0;5;95;0.9854;0.9946;0.9792;0.9592;0.9592;0.0000;;;;;;;;2.20
2026-02-18T03:54:15.362393;btad/01;cont_5pct_loo_patch;0.05;loo_patch;10;10;10;0;392;70;21;49;0;5;95;0.9893;0.9958;0.9792;0.9592;0.9592;0.0039;1.0000;;;;;;;2.53
2026-02-18T03:54:17.514392;btad/01;cont_5pct_random_patch;0.05;random_patch;10;10;10;0;392;70;21;49;0;5;95;0.9864;0.9949;0.9792;0.9592;0.9592;0.0010;1.0000;;;;;;;2.15
2026-02-18T03:54:20.978577;btad/01;cont_5pct_mahalanobis_patch;0.05;mahalanobis_patch;10;10;10;0;392;70;21;49;0;5;95;0.9825;0.9936;0.9792;0.9592;0.9592;-0.0029;1.0000;;;;;;;3.46
2026-02-18T03:54:20.990577;btad/01;cont_5pct_oracle_patch;0.05;oracle_patch;10;10;10;0;0;70;21;49;0;5;95;0.9854;0.9946;0.9792;0.9592;0.9592;0.0000;1.0000;;;;;;;0.01
2026-02-18T03:54:24.511242;btad/01;cont_5pct_ensemble_loo_mahal;0.05;ensemble_loo_mahal;10;10;10;0;392;70;21;49;0;5;95;0.9815;0.9933;0.9792;0.9592;0.9592;-0.0039;1.0000;;;;;;;3.52
2026-02-18T03:54:27.248524;btad/01;cont_5pct_cosine_loo;0.05;cosine_loo;10;10;10;0;392;70;21;49;0;5;95;0.9825;0.9936;0.9792;0.9592;0.9592;-0.0029;1.0000;;;;;;;2.73
2026-02-18T03:54:29.450800;btad/01;cont_40pct_none;0.4;none;10;10;10;4;0;70;21;49;0;5;95;0.9164;0.9717;0.9231;0.8571;0.8571;-0.0690;;;;;;;;2.19
2026-02-18T03:54:32.072342;btad/01;cont_40pct_loo_patch;0.4;loo_patch;10;10;10;4;392;70;21;49;0;5;95;0.9534;0.9846;0.9574;0.9184;0.9184;-0.0321;0.5352;1.0000;1;1.0000;1.0000;;;2.62
2026-02-18T03:54:34.133378;btad/01;cont_40pct_random_patch;0.4;random_patch;10;10;10;4;392;70;21;49;0;5;95;0.9203;0.9731;0.9247;0.8367;0.8776;-0.0651;0.0563;1.0000;1;1.0000;1.0000;;;2.06
2026-02-18T03:54:37.602656;btad/01;cont_40pct_mahalanobis_patch;0.4;mahalanobis_patch;10;10;10;4;392;70;21;49;0;5;95;0.9524;0.9842;0.9574;0.9184;0.9184;-0.0330;0.5211;1.0000;1;1.0000;1.0000;;;3.47
2026-02-18T03:54:38.931165;btad/01;cont_40pct_oracle_patch;0.4;oracle_patch;10;10;6;4;3136;70;21;49;0;5;95;0.9767;0.9919;0.9792;0.9592;0.9592;-0.0087;0.8732;1.0000;1;1.0000;1.0000;;;1.32
2026-02-18T03:54:42.316297;btad/01;cont_40pct_ensemble_loo_mahal;0.4;ensemble_loo_mahal;10;10;10;4;392;70;21;49;0;5;95;0.9534;0.9846;0.9574;0.9184;0.9184;-0.0321;0.5352;1.0000;1;1.0000;1.0000;;;3.38
2026-02-18T03:54:45.203444;btad/01;cont_40pct_cosine_loo;0.4;cosine_loo;10;10;10;4;392;70;21;49;0;5;95;0.9534;0.9846;0.9574;0.9184;0.9184;-0.0321;0.5352;1.0000;1;1.0000;1.0000;;;2.88
2026-02-18T03:54:47.450020;btad/01;cont_50pct_none;0.5;none;10;10;10;5;0;70;21;49;0;5;95;0.8756;0.9592;0.9111;0.8367;0.8367;-0.1098;;;;;;;;2.23
2026-02-18T03:54:50.071275;btad/01;cont_50pct_loo_patch;0.5;loo_patch;10;10;10;5;392;70;21;49;0;5;95;0.9456;0.9824;0.9574;0.9184;0.9184;-0.0398;0.6372;1.0000;1;1.0000;1.0000;;;2.62
2026-02-18T03:54:52.190321;btad/01;cont_50pct_random_patch;0.5;random_patch;10;10;10;5;392;70;21;49;0;5;95;0.8902;0.9634;0.9111;0.8367;0.8367;-0.0952;0.1327;1.0000;1;1.0000;1.0000;;;2.11
2026-02-18T03:54:55.682602;btad/01;cont_50pct_mahalanobis_patch;0.5;mahalanobis_patch;10;10;10;5;392;70;21;49;0;5;95;0.9436;0.9815;0.9474;0.8980;0.9184;-0.0418;0.6195;1.0000;1;1.0000;1.0000;;;3.49
2026-02-18T03:54:56.772201;btad/01;cont_50pct_oracle_patch;0.5;oracle_patch;10;10;5;5;3920;70;21;49;0;5;95;0.9738;0.9912;0.9792;0.9592;0.9592;-0.0117;0.8938;1.0000;1;1.0000;1.0000;;;1.09
2026-02-18T03:55:00.284026;btad/01;cont_50pct_ensemble_loo_mahal;0.5;ensemble_loo_mahal;10;10;10;5;392;70;21;49;0;5;95;0.9436;0.9815;0.9474;0.8980;0.9184;-0.0418;0.6195;1.0000;1;1.0000;1.0000;;;3.51
2026-02-18T03:55:02.936572;btad/01;cont_50pct_cosine_loo;0.5;cosine_loo;10;10;10;5;392;70;21;49;0;5;95;0.9456;0.9824;0.9574;0.9184;0.9184;-0.0398;0.6372;1.0000;1;1.0000;1.0000;;;2.65
2026-02-18T03:55:05.163319;btad/01;cont_0pct_none;0.0;none;10;10;10;0;0;70;21;49;1;5;95;0.9767;0.9921;0.9691;0.9592;0.9592;;;;;;;;;2.17
2026-02-18T03:55:07.867510;btad/01;cont_0pct_loo_patch;0.0;loo_patch;10;10;10;0;392;70;21;49;1;5;95;0.9776;0.9923;0.9792;0.9592;0.9592;0.0010;;;;;;;;2.70
2026-02-18T03:55:09.963988;btad/01;cont_0pct_random_patch;0.0;random_patch;10;10;10;0;392;70;21;49;1;5;95;0.9747;0.9914;0.9691;0.9388;0.9592;-0.0019;;;;;;;;2.09
2026-02-18T03:55:13.418658;btad/01;cont_0pct_mahalanobis_patch;0.0;mahalanobis_patch;10;10;10;0;392;70;21;49;1;5;95;0.9776;0.9921;0.9691;0.9388;0.9592;0.0010;;;;;;;;3.45
2026-02-18T03:55:13.430662;btad/01;cont_0pct_oracle_patch;0.0;oracle_patch;10;10;10;0;0;70;21;49;1;5;95;0.9767;0.9921;0.9691;0.9592;0.9592;0.0000;;;;;;;;0.01
2026-02-18T03:55:16.851686;btad/01;cont_0pct_ensemble_loo_mahal;0.0;ensemble_loo_mahal;10;10;10;0;392;70;21;49;1;5;95;0.9767;0.9919;0.9792;0.9592;0.9592;0.0000;;;;;;;;3.42
2026-02-18T03:55:19.541866;btad/01;cont_0pct_cosine_loo;0.0;cosine_loo;10;10;10;0;392;70;21;49;1;5;95;0.9776;0.9922;0.9792;0.9592;0.9592;0.0010;;;;;;;;2.69
2026-02-18T03:55:21.672180;btad/01;cont_5pct_none;0.05;none;10;10;10;0;0;70;21;49;1;5;95;0.9767;0.9921;0.9691;0.9592;0.9592;0.0000;;;;;;;;2.12
2026-02-18T03:55:24.318059;btad/01;cont_5pct_loo_patch;0.05;loo_patch;10;10;10;0;392;70;21;49;1;5;95;0.9776;0.9923;0.9792;0.9592;0.9592;0.0010;1.0000;;;;;;;2.64
2026-02-18T03:55:26.388564;btad/01;cont_5pct_random_patch;0.05;random_patch;10;10;10;0;392;70;21;49;1;5;95;0.9747;0.9914;0.9691;0.9388;0.9592;-0.0019;1.0000;;;;;;;2.07
2026-02-18T03:55:30.182205;btad/01;cont_5pct_mahalanobis_patch;0.05;mahalanobis_patch;10;10;10;0;392;70;21;49;1;5;95;0.9776;0.9921;0.9691;0.9388;0.9592;0.0010;1.0000;;;;;;;3.79
2026-02-18T03:55:30.194052;btad/01;cont_5pct_oracle_patch;0.05;oracle_patch;10;10;10;0;0;70;21;49;1;5;95;0.9767;0.9921;0.9691;0.9592;0.9592;0.0000;1.0000;;;;;;;0.01
2026-02-18T03:55:33.653063;btad/01;cont_5pct_ensemble_loo_mahal;0.05;ensemble_loo_mahal;10;10;10;0;392;70;21;49;1;5;95;0.9767;0.9919;0.9792;0.9592;0.9592;0.0000;1.0000;;;;;;;3.46
2026-02-18T03:55:36.307592;btad/01;cont_5pct_cosine_loo;0.05;cosine_loo;10;10;10;0;392;70;21;49;1;5;95;0.9776;0.9922;0.9792;0.9592;0.9592;0.0010;1.0000;;;;;;;2.65
2026-02-18T03:55:38.404790;btad/01;cont_40pct_none;0.4;none;10;10;10;4;0;70;21;49;1;5;95;0.9174;0.9725;0.9231;0.8571;0.8571;-0.0593;;;;;;;;2.08
2026-02-18T03:55:41.060794;btad/01;cont_40pct_loo_patch;0.4;loo_patch;10;10;10;4;392;70;21;49;1;5;95;0.9563;0.9855;0.9574;0.9184;0.9184;-0.0204;0.6557;1.0000;1;1.0000;1.0000;;;2.65
2026-02-18T03:55:43.086258;btad/01;cont_40pct_random_patch;0.4;random_patch;10;10;10;4;392;70;21;49;1;5;95;0.9203;0.9732;0.9231;0.8571;0.8571;-0.0564;0.0492;1.0000;1;1.0000;1.0000;;;2.02
2026-02-18T03:55:46.588066;btad/01;cont_40pct_mahalanobis_patch;0.4;mahalanobis_patch;10;10;10;4;392;70;21;49;1;5;95;0.9534;0.9845;0.9574;0.9184;0.9184;-0.0233;0.6066;1.0000;1;1.0000;1.0000;;;3.50
2026-02-18T03:55:47.894992;btad/01;cont_40pct_oracle_patch;0.4;oracle_patch;10;10;6;4;3136;70;21;49;1;5;95;0.9786;0.9926;0.9691;0.9388;0.9592;0.0019;1.0328;1.0000;1;1.0000;1.0000;;;1.30
2026-02-18T03:55:51.322461;btad/01;cont_40pct_ensemble_loo_mahal;0.4;ensemble_loo_mahal;10;10;10;4;392;70;21;49;1;5;95;0.9553;0.9851;0.9574;0.9184;0.9184;-0.0214;0.6393;1.0000;1;1.0000;1.0000;;;3.42
2026-02-18T03:55:53.870375;btad/01;cont_40pct_cosine_loo;0.4;cosine_loo;10;10;10;4;392;70;21;49;1;5;95;0.9563;0.9855;0.9574;0.9184;0.9184;-0.0204;0.6557;1.0000;1;1.0000;1.0000;;;2.54
2026-02-18T03:55:56.098487;btad/01;cont_50pct_none;0.5;none;10;10;10;5;0;70;21;49;1;5;95;0.9028;0.9671;0.9072;0.7959;0.8367;-0.0739;;;;;;;;2.21
2026-02-18T03:55:58.890172;btad/01;cont_50pct_loo_patch;0.5;loo_patch;10;10;10;5;392;70;21;49;1;5;95;0.9504;0.9833;0.9474;0.8776;0.9184;-0.0262;0.6447;1.0000;1;1.0000;1.0000;;;2.79
2026-02-18T03:56:01.156615;btad/01;cont_50pct_random_patch;0.5;random_patch;10;10;10;5;392;70;21;49;1;5;95;0.9057;0.9681;0.9072;0.8163;0.8367;-0.0709;0.0395;1.0000;1;1.0000;1.0000;;;2.26
2026-02-18T03:56:04.826387;btad/01;cont_50pct_mahalanobis_patch;0.5;mahalanobis_patch;10;10;10;5;392;70;21;49;1;5;95;0.9397;0.9794;0.9362;0.8776;0.8980;-0.0369;0.5000;1.0000;1;1.0000;1.0000;;;3.67
2026-02-18T03:56:05.968813;btad/01;cont_50pct_oracle_patch;0.5;oracle_patch;10;10;5;5;3920;70;21;49;1;5;95;0.9767;0.9921;0.9691;0.9388;0.9592;0.0000;1.0000;1.0000;1;1.0000;1.0000;;;1.14
2026-02-18T03:56:09.319545;btad/01;cont_50pct_ensemble_loo_mahal;0.5;ensemble_loo_mahal;10;10;10;5;392;70;21;49;1;5;95;0.9349;0.9781;0.9362;0.8571;0.8980;-0.0418;0.4342;1.0000;1;1.0000;1.0000;;;3.35
2026-02-18T03:56:12.051534;btad/01;cont_50pct_cosine_loo;0.5;cosine_loo;10;10;10;5;392;70;21;49;1;5;95;0.9504;0.9833;0.9474;0.8980;0.9184;-0.0262;0.6447;1.0000;1;1.0000;1.0000;;;2.73
2026-02-18T03:56:14.270858;btad/01;cont_0pct_none;0.0;none;10;10;10;0;0;70;21;49;2;5;95;0.9708;0.9902;0.9691;0.9388;0.9592;;;;;;;;;2.16
2026-02-18T03:56:17.087765;btad/01;cont_0pct_loo_patch;0.0;loo_patch;10;10;10;0;392;70;21;49;2;5;95;0.9776;0.9923;0.9792;0.9592;0.9592;0.0068;;;;;;;;2.81
2026-02-18T03:56:19.171359;btad/01;cont_0pct_random_patch;0.0;random_patch;10;10;10;0;392;70;21;49;2;5;95;0.9708;0.9904;0.9792;0.9592;0.9592;0.0000;;;;;;;;2.08
2026-02-18T03:56:22.672844;btad/01;cont_0pct_mahalanobis_patch;0.0;mahalanobis_patch;10;10;10;0;392;70;21;49;2;5;95;0.9806;0.9928;0.9684;0.9388;0.9388;0.0097;;;;;;;;3.50
2026-02-18T03:56:22.684850;btad/01;cont_0pct_oracle_patch;0.0;oracle_patch;10;10;10;0;0;70;21;49;2;5;95;0.9708;0.9902;0.9691;0.9388;0.9592;0.0000;;;;;;;;0.01
2026-02-18T03:56:26.087386;btad/01;cont_0pct_ensemble_loo_mahal;0.0;ensemble_loo_mahal;10;10;10;0;392;70;21;49;2;5;95;0.9757;0.9915;0.9691;0.9592;0.9592;0.0049;;;;;;;;3.40
2026-02-18T03:56:28.781354;btad/01;cont_0pct_cosine_loo;0.0;cosine_loo;10;10;10;0;392;70;21;49;2;5;95;0.9738;0.9909;0.9691;0.9592;0.9592;0.0029;;;;;;;;2.69
2026-02-18T03:56:30.982018;btad/01;cont_5pct_none;0.05;none;10;10;10;0;0;70;21;49;2;5;95;0.9708;0.9902;0.9691;0.9388;0.9592;0.0000;;;;;;;;2.19
2026-02-18T03:56:33.658829;btad/01;cont_5pct_loo_patch;0.05;loo_patch;10;10;10;0;392;70;21;49;2;5;95;0.9776;0.9923;0.9792;0.9592;0.9592;0.0068;1.0000;;;;;;;2.67
2026-02-18T03:56:35.718716;btad/01;cont_5pct_random_patch;0.05;random_patch;10;10;10;0;392;70;21;49;2;5;95;0.9708;0.9904;0.9792;0.9592;0.9592;0.0000;1.0000;;;;;;;2.06
2026-02-18T03:56:39.260279;btad/01;cont_5pct_mahalanobis_patch;0.05;mahalanobis_patch;10;10;10;0;392;70;21;49;2;5;95;0.9806;0.9928;0.9684;0.9388;0.9388;0.0097;1.0000;;;;;;;3.54
2026-02-18T03:56:39.272278;btad/01;cont_5pct_oracle_patch;0.05;oracle_patch;10;10;10;0;0;70;21;49;2;5;95;0.9708;0.9902;0.9691;0.9388;0.9592;0.0000;1.0000;;;;;;;0.01
2026-02-18T03:56:42.763320;btad/01;cont_5pct_ensemble_loo_mahal;0.05;ensemble_loo_mahal;10;10;10;0;392;70;21;49;2;5;95;0.9757;0.9915;0.9691;0.9592;0.9592;0.0049;1.0000;;;;;;;3.49
2026-02-18T03:56:45.418422;btad/01;cont_5pct_cosine_loo;0.05;cosine_loo;10;10;10;0;392;70;21;49;2;5;95;0.9738;0.9909;0.9691;0.9592;0.9592;0.0029;1.0000;;;;;;;2.65
2026-02-18T03:56:47.665304;btad/01;cont_40pct_none;0.4;none;10;10;10;4;0;70;21;49;2;5;95;0.8980;0.9671;0.9231;0.8571;0.8571;-0.0729;;;;;;;;2.23
2026-02-18T03:56:50.274738;btad/01;cont_40pct_loo_patch;0.4;loo_patch;10;10;10;4;392;70;21;49;2;5;95;0.9631;0.9881;0.9684;0.9388;0.9388;-0.0078;0.8933;1.0000;1;1.0000;1.0000;;;2.60
2026-02-18T03:56:52.346082;btad/01;cont_40pct_random_patch;0.4;random_patch;10;10;10;4;392;70;21;49;2;5;95;0.9038;0.9694;0.9348;0.8776;0.8776;-0.0671;0.0800;1.0000;1;1.0000;1.0000;;;2.07
2026-02-18T03:56:55.735719;btad/01;cont_40pct_mahalanobis_patch;0.4;mahalanobis_patch;10;10;10;4;392;70;21;49;2;5;95;0.9670;0.9894;0.9792;0.9592;0.9592;-0.0039;0.9467;1.0000;1;1.0000;1.0000;;;3.39
2026-02-18T03:56:57.063436;btad/01;cont_40pct_oracle_patch;0.4;oracle_patch;10;10;6;4;3136;70;21;49;2;5;95;0.9679;0.9897;0.9792;0.9592;0.9592;-0.0029;0.9600;1.0000;1;1.0000;1.0000;;;1.32
2026-02-18T03:57:00.515821;btad/01;cont_40pct_ensemble_loo_mahal;0.4;ensemble_loo_mahal;10;10;10;4;392;70;21;49;2;5;95;0.9660;0.9890;0.9691;0.9388;0.9592;-0.0049;0.9333;1.0000;1;1.0000;1.0000;;;3.45
2026-02-18T03:57:03.184713;btad/01;cont_40pct_cosine_loo;0.4;cosine_loo;10;10;10;4;392;70;21;49;2;5;95;0.9631;0.9881;0.9684;0.9388;0.9388;-0.0078;0.8933;1.0000;1;1.0000;1.0000;;;2.66
2026-02-18T03:57:05.350986;btad/01;cont_50pct_none;0.5;none;10;10;10;5;0;70;21;49;2;5;95;0.8805;0.9612;0.9231;0.8571;0.8571;-0.0904;;;;;;;;2.15
2026-02-18T03:57:07.975059;btad/01;cont_50pct_loo_patch;0.5;loo_patch;10;10;10;5;392;70;21;49;2;5;95;0.9679;0.9893;0.9684;0.9388;0.9388;-0.0029;0.9677;1.0000;1;1.0000;1.0000;;;2.62
2026-02-18T03:57:10.022018;btad/01;cont_50pct_random_patch;0.5;random_patch;10;10;10;5;392;70;21;49;2;5;95;0.8863;0.9635;0.9231;0.8571;0.8571;-0.0845;0.0645;1.0000;1;1.0000;1.0000;;;2.04
2026-02-18T03:57:13.551377;btad/01;cont_50pct_mahalanobis_patch;0.5;mahalanobis_patch;10;10;10;5;392;70;21;49;2;5;95;0.9699;0.9901;0.9792;0.9592;0.9592;-0.0010;0.9892;1.0000;1;1.0000;1.0000;;;3.52
2026-02-18T03:57:14.689875;btad/01;cont_50pct_oracle_patch;0.5;oracle_patch;10;10;5;5;3920;70;21;49;2;5;95;0.9718;0.9906;0.9792;0.9592;0.9592;0.0010;1.0108;1.0000;1;1.0000;1.0000;;;1.13
2026-02-18T03:57:18.579556;btad/01;cont_50pct_ensemble_loo_mahal;0.5;ensemble_loo_mahal;10;10;10;5;392;70;21;49;2;5;95;0.9699;0.9901;0.9792;0.9592;0.9592;-0.0010;0.9892;1.0000;1;1.0000;1.0000;;;3.88
2026-02-18T03:57:21.255860;btad/01;cont_50pct_cosine_loo;0.5;cosine_loo;10;10;10;5;392;70;21;49;2;5;95;0.9679;0.9893;0.9684;0.9388;0.9388;-0.0029;0.9677;1.0000;1;1.0000;1.0000;;;2.67
2026-02-18T03:57:23.488418;btad/01;cont_0pct_none;0.0;none;10;10;10;0;0;70;21;49;3;5;95;0.9767;0.9918;0.9691;0.9388;0.9592;;;;;;;;;2.17
2026-02-18T03:57:26.059528;btad/01;cont_0pct_loo_patch;0.0;loo_patch;10;10;10;0;392;70;21;49;3;5;95;0.9757;0.9915;0.9691;0.9388;0.9592;-0.0010;;;;;;;;2.57
2026-02-18T03:57:28.125534;btad/01;cont_0pct_random_patch;0.0;random_patch;10;10;10;0;392;70;21;49;3;5;95;0.9747;0.9912;0.9691;0.9388;0.9592;-0.0019;;;;;;;;2.06
2026-02-18T03:57:31.577774;btad/01;cont_0pct_mahalanobis_patch;0.0;mahalanobis_patch;10;10;10;0;392;70;21;49;3;5;95;0.9786;0.9923;0.9691;0.9388;0.9592;0.0019;;;;;;;;3.45
2026-02-18T03:57:31.590322;btad/01;cont_0pct_oracle_patch;0.0;oracle_patch;10;10;10;0;0;70;21;49;3;5;95;0.9767;0.9918;0.9691;0.9388;0.9592;0.0000;;;;;;;;0.01
2026-02-18T03:57:35.014369;btad/01;cont_0pct_ensemble_loo_mahal;0.0;ensemble_loo_mahal;10;10;10;0;392;70;21;49;3;5;95;0.9786;0.9923;0.9691;0.9592;0.9592;0.0019;;;;;;;;3.42
2026-02-18T03:57:37.661661;btad/01;cont_0pct_cosine_loo;0.0;cosine_loo;10;10;10;0;392;70;21;49;3;5;95;0.9738;0.9909;0.9691;0.9592;0.9592;-0.0029;;;;;;;;2.64
2026-02-18T03:57:39.884004;btad/01;cont_5pct_none;0.05;none;10;10;10;0;0;70;21;49;3;5;95;0.9767;0.9918;0.9691;0.9388;0.9592;0.0000;;;;;;;;2.21
2026-02-18T03:57:42.513814;btad/01;cont_5pct_loo_patch;0.05;loo_patch;10;10;10;0;392;70;21;49;3;5;95;0.9757;0.9915;0.9691;0.9388;0.9592;-0.0010;1.0000;;;;;;;2.63
2026-02-18T03:57:44.689882;btad/01;cont_5pct_random_patch;0.05;random_patch;10;10;10;0;392;70;21;49;3;5;95;0.9747;0.9912;0.9691;0.9388;0.9592;-0.0019;1.0000;;;;;;;2.17
2026-02-18T03:57:48.127769;btad/01;cont_5pct_mahalanobis_patch;0.05;mahalanobis_patch;10;10;10;0;392;70;21;49;3;5;95;0.9786;0.9923;0.9691;0.9388;0.9592;0.0019;1.0000;;;;;;;3.43
2026-02-18T03:57:48.139774;btad/01;cont_5pct_oracle_patch;0.05;oracle_patch;10;10;10;0;0;70;21;49;3;5;95;0.9767;0.9918;0.9691;0.9388;0.9592;0.0000;1.0000;;;;;;;0.01
2026-02-18T03:57:51.540215;btad/01;cont_5pct_ensemble_loo_mahal;0.05;ensemble_loo_mahal;10;10;10;0;392;70;21;49;3;5;95;0.9786;0.9923;0.9691;0.9592;0.9592;0.0019;1.0000;;;;;;;3.40
2026-02-18T03:57:54.163498;btad/01;cont_5pct_cosine_loo;0.05;cosine_loo;10;10;10;0;392;70;21;49;3;5;95;0.9738;0.9909;0.9691;0.9592;0.9592;-0.0029;1.0000;;;;;;;2.62
2026-02-18T03:57:56.354880;btad/01;cont_40pct_none;0.4;none;10;10;10;4;0;70;21;49;3;5;95;0.9466;0.9809;0.9278;0.8571;0.8571;-0.0301;;;;;;;;2.18
2026-02-18T03:57:58.929591;btad/01;cont_40pct_loo_patch;0.4;loo_patch;10;10;10;4;392;70;21;49;3;5;95;0.9631;0.9874;0.9574;0.9184;0.9184;-0.0136;0.5484;1.0000;1;1.0000;1.0000;;;2.57
2026-02-18T03:58:01.016667;btad/01;cont_40pct_random_patch;0.4;random_patch;10;10;10;4;392;70;21;49;3;5;95;0.9466;0.9809;0.9278;0.8571;0.8571;-0.0301;0.0000;1.0000;1;1.0000;1.0000;;;2.08
2026-02-18T03:58:04.408073;btad/01;cont_40pct_mahalanobis_patch;0.4;mahalanobis_patch;10;10;10;4;392;70;21;49;3;5;95;0.9631;0.9874;0.9574;0.9184;0.9184;-0.0136;0.5484;1.0000;1;1.0000;1.0000;;;3.39
2026-02-18T03:58:05.778030;btad/01;cont_40pct_oracle_patch;0.4;oracle_patch;10;10;6;4;3136;70;21;49;3;5;95;0.9825;0.9933;0.9684;0.9388;0.9388;0.0058;1.1935;1.0000;1;1.0000;1.0000;;;1.37
2026-02-18T03:58:09.148651;btad/01;cont_40pct_ensemble_loo_mahal;0.4;ensemble_loo_mahal;10;10;10;4;392;70;21;49;3;5;95;0.9631;0.9874;0.9574;0.9184;0.9184;-0.0136;0.5484;1.0000;1;1.0000;1.0000;;;3.37
2026-02-18T03:58:11.836027;btad/01;cont_40pct_cosine_loo;0.4;cosine_loo;10;10;10;4;392;70;21;49;3;5;95;0.9640;0.9877;0.9574;0.9184;0.9184;-0.0126;0.5806;1.0000;1;1.0000;1.0000;;;2.68
2026-02-18T03:58:13.936224;btad/01;cont_50pct_none;0.5;none;10;10;10;5;0;70;21;49;3;5;95;0.9086;0.9690;0.9111;0.8367;0.8367;-0.0680;;;;;;;;2.08
2026-02-18T03:58:16.623858;btad/01;cont_50pct_loo_patch;0.5;loo_patch;10;10;10;5;392;70;21;49;3;5;95;0.9563;0.9853;0.9574;0.9184;0.9184;-0.0204;0.7000;1.0000;1;1.0000;1.0000;;;2.68
2026-02-18T03:58:18.670682;btad/01;cont_50pct_random_patch;0.5;random_patch;10;10;10;5;392;70;21;49;3;5;95;0.9125;0.9707;0.9167;0.8367;0.8367;-0.0641;0.0571;1.0000;1;1.0000;1.0000;;;2.04
2026-02-18T03:58:22.053656;btad/01;cont_50pct_mahalanobis_patch;0.5;mahalanobis_patch;10;10;10;5;392;70;21;49;3;5;95;0.9650;0.9882;0.9574;0.9184;0.9184;-0.0117;0.8286;1.0000;1;1.0000;1.0000;;;3.38
2026-02-18T03:58:23.109434;btad/01;cont_50pct_oracle_patch;0.5;oracle_patch;10;10;5;5;3920;70;21;49;3;5;95;0.9854;0.9943;0.9684;0.9388;0.9388;0.0087;1.1286;1.0000;1;1.0000;1.0000;;;1.05
2026-02-18T03:58:26.549621;btad/01;cont_50pct_ensemble_loo_mahal;0.5;ensemble_loo_mahal;10;10;10;5;392;70;21;49;3;5;95;0.9572;0.9856;0.9574;0.9184;0.9184;-0.0194;0.7143;1.0000;1;1.0000;1.0000;;;3.44
2026-02-18T03:58:29.219632;btad/01;cont_50pct_cosine_loo;0.5;cosine_loo;10;10;10;5;392;70;21;49;3;5;95;0.9572;0.9856;0.9574;0.9184;0.9184;-0.0194;0.7143;1.0000;1;1.0000;1.0000;;;2.67
2026-02-18T03:58:31.409333;btad/01;cont_0pct_none;0.0;none;10;10;10;0;0;70;21;49;4;5;95;0.9806;0.9930;0.9792;0.9592;0.9592;;;;;;;;;2.13
2026-02-18T03:58:33.977419;btad/01;cont_0pct_loo_patch;0.0;loo_patch;10;10;10;0;392;70;21;49;4;5;95;0.9815;0.9933;0.9792;0.9592;0.9592;0.0010;;;;;;;;2.57
2026-02-18T03:58:35.990510;btad/01;cont_0pct_random_patch;0.0;random_patch;10;10;10;0;392;70;21;49;4;5;95;0.9796;0.9928;0.9792;0.9592;0.9592;-0.0010;;;;;;;;2.01
2026-02-18T03:58:39.418395;btad/01;cont_0pct_mahalanobis_patch;0.0;mahalanobis_patch;10;10;10;0;392;70;21;49;4;5;95;0.9815;0.9933;0.9792;0.9592;0.9592;0.0010;;;;;;;;3.42
2026-02-18T03:58:39.431563;btad/01;cont_0pct_oracle_patch;0.0;oracle_patch;10;10;10;0;0;70;21;49;4;5;95;0.9806;0.9930;0.9792;0.9592;0.9592;0.0000;;;;;;;;0.01
2026-02-18T03:58:42.839584;btad/01;cont_0pct_ensemble_loo_mahal;0.0;ensemble_loo_mahal;10;10;10;0;392;70;21;49;4;5;95;0.9815;0.9933;0.9792;0.9592;0.9592;0.0010;;;;;;;;3.41
2026-02-18T03:58:45.479045;btad/01;cont_0pct_cosine_loo;0.0;cosine_loo;10;10;10;0;392;70;21;49;4;5;95;0.9806;0.9931;0.9792;0.9592;0.9592;0.0000;;;;;;;;2.64
2026-02-18T03:58:47.695802;btad/01;cont_5pct_none;0.05;none;10;10;10;0;0;70;21;49;4;5;95;0.9806;0.9930;0.9792;0.9592;0.9592;0.0000;;;;;;;;2.21
2026-02-18T03:58:50.278653;btad/01;cont_5pct_loo_patch;0.05;loo_patch;10;10;10;0;392;70;21;49;4;5;95;0.9815;0.9933;0.9792;0.9592;0.9592;0.0010;1.0000;;;;;;;2.58
2026-02-18T03:58:52.320326;btad/01;cont_5pct_random_patch;0.05;random_patch;10;10;10;0;392;70;21;49;4;5;95;0.9796;0.9928;0.9792;0.9592;0.9592;-0.0010;1.0000;;;;;;;2.04
2026-02-18T03:58:55.738287;btad/01;cont_5pct_mahalanobis_patch;0.05;mahalanobis_patch;10;10;10;0;392;70;21;49;4;5;95;0.9815;0.9933;0.9792;0.9592;0.9592;0.0010;1.0000;;;;;;;3.41
2026-02-18T03:58:55.749389;btad/01;cont_5pct_oracle_patch;0.05;oracle_patch;10;10;10;0;0;70;21;49;4;5;95;0.9806;0.9930;0.9792;0.9592;0.9592;0.0000;1.0000;;;;;;;0.01
2026-02-18T03:58:59.182139;btad/01;cont_5pct_ensemble_loo_mahal;0.05;ensemble_loo_mahal;10;10;10;0;392;70;21;49;4;5;95;0.9815;0.9933;0.9792;0.9592;0.9592;0.0010;1.0000;;;;;;;3.43
2026-02-18T03:59:01.848351;btad/01;cont_5pct_cosine_loo;0.05;cosine_loo;10;10;10;0;392;70;21;49;4;5;95;0.9806;0.9931;0.9792;0.9592;0.9592;0.0000;1.0000;;;;;;;2.66
2026-02-18T03:59:04.034120;btad/01;cont_40pct_none;0.4;none;10;10;10;4;0;70;21;49;4;5;95;0.9135;0.9718;0.9247;0.8571;0.8776;-0.0671;;;;;;;;2.17
2026-02-18T03:59:06.656183;btad/01;cont_40pct_loo_patch;0.4;loo_patch;10;10;10;4;392;70;21;49;4;5;95;0.9553;0.9851;0.9574;0.9184;0.9184;-0.0253;0.6232;1.0000;1;1.0000;1.0000;;;2.62
2026-02-18T03:59:08.756771;btad/01;cont_40pct_random_patch;0.4;random_patch;10;10;10;4;392;70;21;49;4;5;95;0.9135;0.9723;0.9362;0.8776;0.8980;-0.0671;0.0000;1.0000;1;1.0000;1.0000;;;2.10
2026-02-18T03:59:12.086898;btad/01;cont_40pct_mahalanobis_patch;0.4;mahalanobis_patch;10;10;10;4;392;70;21;49;4;5;95;0.9747;0.9912;0.9684;0.9388;0.9388;-0.0058;0.9130;1.0000;1;1.0000;1.0000;;;3.33
2026-02-18T03:59:13.455038;btad/01;cont_40pct_oracle_patch;0.4;oracle_patch;10;10;6;4;3136;70;21;49;4;5;95;0.9776;0.9923;0.9792;0.9592;0.9592;-0.0029;0.9565;1.0000;1;1.0000;1.0000;;;1.36
2026-02-18T03:59:16.848822;btad/01;cont_40pct_ensemble_loo_mahal;0.4;ensemble_loo_mahal;10;10;10;4;392;70;21;49;4;5;95;0.9757;0.9914;0.9684;0.9388;0.9388;-0.0049;0.9275;1.0000;1;1.0000;1.0000;;;3.39
2026-02-18T03:59:19.585227;btad/01;cont_40pct_cosine_loo;0.4;cosine_loo;10;10;10;4;392;70;21;49;4;5;95;0.9553;0.9851;0.9574;0.9184;0.9184;-0.0253;0.6232;1.0000;1;1.0000;1.0000;;;2.73
2026-02-18T03:59:21.734600;btad/01;cont_50pct_none;0.5;none;10;10;10;5;0;70;21;49;4;5;95;0.8912;0.9646;0.9130;0.8367;0.8571;-0.0894;;;;;;;;2.13
2026-02-18T03:59:24.341690;btad/01;cont_50pct_loo_patch;0.5;loo_patch;10;10;10;5;392;70;21;49;4;5;95;0.9534;0.9845;0.9574;0.9184;0.9184;-0.0272;0.6957;1.0000;1;1.0000;1.0000;;;2.60
2026-02-18T03:59:26.379574;btad/01;cont_50pct_random_patch;0.5;random_patch;10;10;10;5;392;70;21;49;4;5;95;0.8892;0.9648;0.9247;0.8571;0.8776;-0.0914;-0.0217;1.0000;1;1.0000;1.0000;;;2.03
2026-02-18T03:59:29.862521;btad/01;cont_50pct_mahalanobis_patch;0.5;mahalanobis_patch;10;10;10;5;392;70;21;49;4;5;95;0.9534;0.9838;0.9462;0.8980;0.8980;-0.0272;0.6957;1.0000;1;1.0000;1.0000;;;3.48
2026-02-18T03:59:30.941720;btad/01;cont_50pct_oracle_patch;0.5;oracle_patch;10;10;5;5;3920;70;21;49;4;5;95;0.9767;0.9920;0.9792;0.9592;0.9592;-0.0039;0.9565;1.0000;1;1.0000;1.0000;;;1.07
2026-02-18T03:59:34.388600;btad/01;cont_50pct_ensemble_loo_mahal;0.5;ensemble_loo_mahal;10;10;10;5;392;70;21;49;4;5;95;0.9524;0.9843;0.9574;0.9184;0.9184;-0.0282;0.6848;1.0000;1;1.0000;1.0000;;;3.44
2026-02-18T03:59:36.991910;btad/01;cont_50pct_cosine_loo;0.5;cosine_loo;10;10;10;5;392;70;21;49;4;5;95;0.9524;0.9843;0.9574;0.9184;0.9184;-0.0282;0.6848;1.0000;1;1.0000;1.0000;;;2.60
2026-02-18T03:59:44.659741;btad/02;cont_0pct_none;0.0;none;10;10;10;0;0;229;30;199;0;5;95;0.8948;0.9826;0.9406;0.5176;0.6683;;;;;;;;;6.84
2026-02-18T03:59:51.787917;btad/02;cont_0pct_loo_patch;0.0;loo_patch;10;10;10;0;392;229;30;199;0;5;95;0.8973;0.9833;0.9412;0.5226;0.6633;0.0025;;;;;;;;7.13
2026-02-18T03:59:58.420180;btad/02;cont_0pct_random_patch;0.0;random_patch;10;10;10;0;392;229;30;199;0;5;95;0.8958;0.9827;0.9429;0.5226;0.6482;0.0010;;;;;;;;6.63
2026-02-18T04:00:06.451941;btad/02;cont_0pct_mahalanobis_patch;0.0;mahalanobis_patch;10;10;10;0;392;229;30;199;0;5;95;0.8955;0.9830;0.9409;0.5276;0.6935;0.0007;;;;;;;;8.03
2026-02-18T04:00:06.462942;btad/02;cont_0pct_oracle_patch;0.0;oracle_patch;10;10;10;0;0;229;30;199;0;5;95;0.8948;0.9826;0.9406;0.5176;0.6683;0.0000;;;;;;;;0.01
2026-02-18T04:00:14.413710;btad/02;cont_0pct_ensemble_loo_mahal;0.0;ensemble_loo_mahal;10;10;10;0;392;229;30;199;0;5;95;0.8960;0.9830;0.9400;0.5226;0.6683;0.0012;;;;;;;;7.95
2026-02-18T04:00:21.760134;btad/02;cont_0pct_cosine_loo;0.0;cosine_loo;10;10;10;0;392;229;30;199;0;5;95;0.8985;0.9835;0.9384;0.5327;0.6884;0.0037;;;;;;;;7.34
2026-02-18T04:00:28.785920;btad/02;cont_5pct_none;0.05;none;10;10;10;0;0;229;30;199;0;5;95;0.8948;0.9826;0.9406;0.5176;0.6683;0.0000;;;;;;;;7.01
2026-02-18T04:00:36.177268;btad/02;cont_5pct_loo_patch;0.05;loo_patch;10;10;10;0;392;229;30;199;0;5;95;0.8973;0.9833;0.9412;0.5226;0.6633;0.0025;1.0000;;;;;;;7.39
2026-02-18T04:00:42.896427;btad/02;cont_5pct_random_patch;0.05;random_patch;10;10;10;0;392;229;30;199;0;5;95;0.8958;0.9827;0.9429;0.5226;0.6482;0.0010;1.0000;;;;;;;6.72
2026-02-18T04:00:50.828625;btad/02;cont_5pct_mahalanobis_patch;0.05;mahalanobis_patch;10;10;10;0;392;229;30;199;0;5;95;0.8955;0.9830;0.9409;0.5276;0.6935;0.0007;1.0000;;;;;;;7.93
2026-02-18T04:00:50.840627;btad/02;cont_5pct_oracle_patch;0.05;oracle_patch;10;10;10;0;0;229;30;199;0;5;95;0.8948;0.9826;0.9406;0.5176;0.6683;0.0000;1.0000;;;;;;;0.01
2026-02-18T04:00:58.743869;btad/02;cont_5pct_ensemble_loo_mahal;0.05;ensemble_loo_mahal;10;10;10;0;392;229;30;199;0;5;95;0.8960;0.9830;0.9400;0.5226;0.6683;0.0012;1.0000;;;;;;;7.90
2026-02-18T04:01:06.000042;btad/02;cont_5pct_cosine_loo;0.05;cosine_loo;10;10;10;0;392;229;30;199;0;5;95;0.8985;0.9835;0.9384;0.5327;0.6884;0.0037;1.0000;;;;;;;7.25
2026-02-18T04:01:13.030808;btad/02;cont_40pct_none;0.4;none;10;10;10;4;0;229;30;199;0;5;95;0.8561;0.9768;0.9299;0.5477;0.6382;-0.0387;;;;;;;;7.01
2026-02-18T04:01:20.311037;btad/02;cont_40pct_loo_patch;0.4;loo_patch;10;10;10;4;392;229;30;199;0;5;95;0.8658;0.9785;0.9314;0.5427;0.6633;-0.0290;0.2511;0.9583;1;0.7500;0.7500;;;7.28
2026-02-18T04:01:26.926852;btad/02;cont_40pct_random_patch;0.4;random_patch;10;10;10;4;392;229;30;199;0;5;95;0.8553;0.9767;0.9299;0.5427;0.6382;-0.0395;-0.0216;0.9583;1;0.7500;0.7500;;;6.61
2026-02-18T04:01:34.888498;btad/02;cont_40pct_mahalanobis_patch;0.4;mahalanobis_patch;10;10;10;4;392;229;30;199;0;5;95;0.8610;0.9776;0.9299;0.5427;0.6734;-0.0338;0.1255;0.9583;1;0.7500;0.7500;;;7.96
2026-02-18T04:01:39.176812;btad/02;cont_40pct_oracle_patch;0.4;oracle_patch;10;10;6;4;3136;229;30;199;0;5;95;0.8891;0.9821;0.9381;0.5377;0.6482;-0.0057;0.8528;0.9583;1;0.7500;0.7500;;;4.28
2026-02-18T04:01:47.161277;btad/02;cont_40pct_ensemble_loo_mahal;0.4;ensemble_loo_mahal;10;10;10;4;392;229;30;199;0;5;95;0.8613;0.9778;0.9299;0.5477;0.6633;-0.0335;0.1342;0.9583;1;0.7500;0.7500;;;7.98
2026-02-18T04:01:54.343291;btad/02;cont_40pct_cosine_loo;0.4;cosine_loo;10;10;10;4;392;229;30;199;0;5;95;0.8640;0.9782;0.9299;0.5578;0.6633;-0.0308;0.2035;0.9583;1;0.7500;0.7500;;;7.18
2026-02-18T04:02:01.329692;btad/02;cont_50pct_none;0.5;none;10;10;10;5;0;229;30;199;0;5;95;0.8436;0.9749;0.9299;0.5226;0.6382;-0.0513;;;;;;;;6.97
2026-02-18T04:02:08.601231;btad/02;cont_50pct_loo_patch;0.5;loo_patch;10;10;10;5;392;229;30;199;0;5;95;0.8514;0.9762;0.9299;0.5327;0.6432;-0.0434;0.1536;0.7600;1;0.8000;0.8000;;;7.27
2026-02-18T04:02:15.280357;btad/02;cont_50pct_random_patch;0.5;random_patch;10;10;10;5;392;229;30;199;0;5;95;0.8454;0.9751;0.9299;0.5276;0.6281;-0.0494;0.0359;0.7600;1;0.8000;0.8000;;;6.68
2026-02-18T04:02:23.339034;btad/02;cont_50pct_mahalanobis_patch;0.5;mahalanobis_patch;10;10;10;5;392;229;30;199;0;5;95;0.8568;0.9771;0.9299;0.5427;0.6734;-0.0380;0.2582;0.7600;1;0.8000;0.8000;;;8.05
2026-02-18T04:02:26.865868;btad/02;cont_50pct_oracle_patch;0.5;oracle_patch;10;10;5;5;3920;229;30;199;0;5;95;0.8881;0.9820;0.9365;0.5377;0.6583;-0.0067;0.8693;0.7600;1;0.8000;0.8000;;;3.52
2026-02-18T04:02:34.878818;btad/02;cont_50pct_ensemble_loo_mahal;0.5;ensemble_loo_mahal;10;10;10;5;392;229;30;199;0;5;95;0.8528;0.9765;0.9299;0.5327;0.6533;-0.0420;0.1797;0.7600;1;0.8000;0.8000;;;8.01
2026-02-18T04:02:42.124473;btad/02;cont_50pct_cosine_loo;0.5;cosine_loo;10;10;10;5;392;229;30;199;0;5;95;0.8519;0.9764;0.9299;0.5327;0.6382;-0.0429;0.1634;0.7600;1;0.8000;0.8000;;;7.24
2026-02-18T04:02:49.193156;btad/02;cont_0pct_none;0.0;none;10;10;10;0;0;229;30;199;1;5;95;0.9102;0.9851;0.9489;0.5025;0.6533;;;;;;;;;6.91
2026-02-18T04:02:56.439701;btad/02;cont_0pct_loo_patch;0.0;loo_patch;10;10;10;0;392;229;30;199;1;5;95;0.9112;0.9852;0.9458;0.5176;0.6583;0.0010;;;;;;;;7.24
2026-02-18T04:03:03.216335;btad/02;cont_0pct_random_patch;0.0;random_patch;10;10;10;0;392;229;30;199;1;5;95;0.9087;0.9850;0.9421;0.4975;0.6633;-0.0015;;;;;;;;6.77
2026-02-18T04:03:11.330925;btad/02;cont_0pct_mahalanobis_patch;0.0;mahalanobis_patch;10;10;10;0;392;229;30;199;1;5;95;0.9075;0.9848;0.9400;0.5025;0.6633;-0.0027;;;;;;;;8.11
2026-02-18T04:03:11.341925;btad/02;cont_0pct_oracle_patch;0.0;oracle_patch;10;10;10;0;0;229;30;199;1;5;95;0.9102;0.9851;0.9489;0.5025;0.6533;0.0000;;;;;;;;0.01
2026-02-18T04:03:19.714060;btad/02;cont_0pct_ensemble_loo_mahal;0.0;ensemble_loo_mahal;10;10;10;0;392;229;30;199;1;5;95;0.9087;0.9850;0.9426;0.5025;0.6583;-0.0015;;;;;;;;8.33
2026-02-18T04:03:27.163344;btad/02;cont_0pct_cosine_loo;0.0;cosine_loo;10;10;10;0;392;229;30;199;1;5;95;0.9147;0.9859;0.9487;0.5176;0.6683;0.0045;;;;;;;;7.45
2026-02-18T04:03:34.350634;btad/02;cont_5pct_none;0.05;none;10;10;10;0;0;229;30;199;1;5;95;0.9102;0.9851;0.9489;0.5025;0.6533;0.0000;;;;;;;;7.18
2026-02-18T04:03:41.695194;btad/02;cont_5pct_loo_patch;0.05;loo_patch;10;10;10;0;392;229;30;199;1;5;95;0.9112;0.9852;0.9458;0.5176;0.6583;0.0010;1.0000;;;;;;;7.34
2026-02-18T04:03:48.538911;btad/02;cont_5pct_random_patch;0.05;random_patch;10;10;10;0;392;229;30;199;1;5;95;0.9087;0.9850;0.9421;0.4975;0.6633;-0.0015;1.0000;;;;;;;6.84
2026-02-18T04:03:56.634157;btad/02;cont_5pct_mahalanobis_patch;0.05;mahalanobis_patch;10;10;10;0;392;229;30;199;1;5;95;0.9075;0.9848;0.9400;0.5025;0.6633;-0.0027;1.0000;;;;;;;8.09
2026-02-18T04:03:56.645161;btad/02;cont_5pct_oracle_patch;0.05;oracle_patch;10;10;10;0;0;229;30;199;1;5;95;0.9102;0.9851;0.9489;0.5025;0.6533;0.0000;1.0000;;;;;;;0.01
2026-02-18T04:04:04.574529;btad/02;cont_5pct_ensemble_loo_mahal;0.05;ensemble_loo_mahal;10;10;10;0;392;229;30;199;1;5;95;0.9087;0.9850;0.9426;0.5025;0.6583;-0.0015;1.0000;;;;;;;7.93
2026-02-18T04:04:11.788629;btad/02;cont_5pct_cosine_loo;0.05;cosine_loo;10;10;10;0;392;229;30;199;1;5;95;0.9147;0.9859;0.9487;0.5176;0.6683;0.0045;1.0000;;;;;;;7.21
2026-02-18T04:04:18.953023;btad/02;cont_40pct_none;0.4;none;10;10;10;4;0;229;30;199;1;5;95;0.8874;0.9820;0.9299;0.4925;0.6683;-0.0228;;;;;;;;7.15
2026-02-18T04:04:26.180902;btad/02;cont_40pct_loo_patch;0.4;loo_patch;10;10;10;4;392;229;30;199;1;5;95;0.9025;0.9843;0.9369;0.5075;0.6834;-0.0077;0.6618;0.9583;1;0.7500;0.7500;;;7.22
2026-02-18T04:04:32.788178;btad/02;cont_40pct_random_patch;0.4;random_patch;10;10;10;4;392;229;30;199;1;5;95;0.8827;0.9812;0.9299;0.4925;0.6683;-0.0275;-0.2059;0.9583;1;0.7500;0.7500;;;6.60
2026-02-18T04:04:40.688593;btad/02;cont_40pct_mahalanobis_patch;0.4;mahalanobis_patch;10;10;10;4;392;229;30;199;1;5;95;0.9039;0.9845;0.9395;0.5075;0.6834;-0.0064;0.7206;0.9583;1;0.7500;0.7500;;;7.90
2026-02-18T04:04:44.993333;btad/02;cont_40pct_oracle_patch;0.4;oracle_patch;10;10;6;4;3136;229;30;199;1;5;95;0.9127;0.9856;0.9471;0.5226;0.6935;0.0025;1.1103;0.9583;1;0.7500;0.7500;;;4.30
2026-02-18T04:04:53.466077;btad/02;cont_40pct_ensemble_loo_mahal;0.4;ensemble_loo_mahal;10;10;10;4;392;229;30;199;1;5;95;0.9028;0.9843;0.9369;0.5075;0.6834;-0.0074;0.6765;0.9583;1;0.7500;0.7500;;;8.47
2026-02-18T04:05:00.775676;btad/02;cont_40pct_cosine_loo;0.4;cosine_loo;10;10;10;4;392;229;30;199;1;5;95;0.9025;0.9843;0.9369;0.5075;0.6834;-0.0077;0.6618;0.9583;1;0.7500;0.7500;;;7.30
2026-02-18T04:05:07.869055;btad/02;cont_50pct_none;0.5;none;10;10;10;5;0;229;30;199;1;5;95;0.8817;0.9812;0.9303;0.4975;0.6884;-0.0285;;;;;;;;7.07
2026-02-18T04:05:15.157331;btad/02;cont_50pct_loo_patch;0.5;loo_patch;10;10;10;5;392;229;30;199;1;5;95;0.9020;0.9842;0.9409;0.5176;0.7085;-0.0082;0.7118;0.9600;1;0.8000;0.8000;;;7.29
2026-02-18T04:05:22.034550;btad/02;cont_50pct_random_patch;0.5;random_patch;10;10;10;5;392;229;30;199;1;5;95;0.8782;0.9807;0.9299;0.4925;0.6935;-0.0320;-0.1235;0.9600;1;0.8000;0.8000;;;6.87
2026-02-18T04:05:29.997532;btad/02;cont_50pct_mahalanobis_patch;0.5;mahalanobis_patch;10;10;10;5;392;229;30;199;1;5;95;0.9025;0.9843;0.9409;0.5176;0.7085;-0.0077;0.7294;0.9600;1;0.8000;0.8000;;;7.96
2026-02-18T04:05:33.753799;btad/02;cont_50pct_oracle_patch;0.5;oracle_patch;10;10;5;5;3920;229;30;199;1;5;95;0.9112;0.9854;0.9484;0.5276;0.6935;0.0010;1.0353;0.9600;1;0.8000;0.8000;;;3.75
2026-02-18T04:05:41.916052;btad/02;cont_50pct_ensemble_loo_mahal;0.5;ensemble_loo_mahal;10;10;10;5;392;229;30;199;1;5;95;0.9022;0.9842;0.9409;0.5176;0.7085;-0.0080;0.7176;0.9600;1;0.8000;0.8000;;;8.16
2026-02-18T04:05:49.294696;btad/02;cont_50pct_cosine_loo;0.5;cosine_loo;10;10;10;5;392;229;30;199;1;5;95;0.9018;0.9842;0.9409;0.5176;0.7085;-0.0084;0.7059;0.9600;1;0.8000;0.8000;;;7.37
2026-02-18T04:05:56.486316;btad/02;cont_0pct_none;0.0;none;10;10;10;0;0;229;30;199;2;5;95;0.8995;0.9837;0.9474;0.5226;0.7186;;;;;;;;;7.03
2026-02-18T04:06:03.831604;btad/02;cont_0pct_loo_patch;0.0;loo_patch;10;10;10;0;392;229;30;199;2;5;95;0.8988;0.9838;0.9448;0.5628;0.7286;-0.0007;;;;;;;;7.34
2026-02-18T04:06:10.561986;btad/02;cont_0pct_random_patch;0.0;random_patch;10;10;10;0;392;229;30;199;2;5;95;0.9002;0.9838;0.9474;0.5226;0.7236;0.0007;;;;;;;;6.73
2026-02-18T04:06:18.708361;btad/02;cont_0pct_mahalanobis_patch;0.0;mahalanobis_patch;10;10;10;0;392;229;30;199;2;5;95;0.9008;0.9841;0.9448;0.5276;0.7337;0.0013;;;;;;;;8.14
2026-02-18T04:06:18.720361;btad/02;cont_0pct_oracle_patch;0.0;oracle_patch;10;10;10;0;0;229;30;199;2;5;95;0.8995;0.9837;0.9474;0.5226;0.7186;0.0000;;;;;;;;0.01
2026-02-18T04:06:27.105095;btad/02;cont_0pct_ensemble_loo_mahal;0.0;ensemble_loo_mahal;10;10;10;0;392;229;30;199;2;5;95;0.8995;0.9839;0.9448;0.5327;0.7387;0.0000;;;;;;;;8.38
2026-02-18T04:06:34.630892;btad/02;cont_0pct_cosine_loo;0.0;cosine_loo;10;10;10;0;392;229;30;199;2;5;95;0.9045;0.9847;0.9429;0.5377;0.7387;0.0050;;;;;;;;7.52
2026-02-18T04:06:41.663637;btad/02;cont_5pct_none;0.05;none;10;10;10;0;0;229;30;199;2;5;95;0.8995;0.9837;0.9474;0.5226;0.7186;0.0000;;;;;;;;7.02
2026-02-18T04:06:48.843154;btad/02;cont_5pct_loo_patch;0.05;loo_patch;10;10;10;0;392;229;30;199;2;5;95;0.8988;0.9838;0.9448;0.5628;0.7286;-0.0007;1.0000;;;;;;;7.18
2026-02-18T04:06:55.551070;btad/02;cont_5pct_random_patch;0.05;random_patch;10;10;10;0;392;229;30;199;2;5;95;0.9002;0.9838;0.9474;0.5226;0.7236;0.0007;1.0000;;;;;;;6.70
2026-02-18T04:07:03.657624;btad/02;cont_5pct_mahalanobis_patch;0.05;mahalanobis_patch;10;10;10;0;392;229;30;199;2;5;95;0.9008;0.9841;0.9448;0.5276;0.7337;0.0013;1.0000;;;;;;;8.10
2026-02-18T04:07:03.669624;btad/02;cont_5pct_oracle_patch;0.05;oracle_patch;10;10;10;0;0;229;30;199;2;5;95;0.8995;0.9837;0.9474;0.5226;0.7186;0.0000;1.0000;;;;;;;0.01
2026-02-18T04:07:11.685987;btad/02;cont_5pct_ensemble_loo_mahal;0.05;ensemble_loo_mahal;10;10;10;0;392;229;30;199;2;5;95;0.8995;0.9839;0.9448;0.5327;0.7387;0.0000;1.0000;;;;;;;8.01
2026-02-18T04:07:18.975631;btad/02;cont_5pct_cosine_loo;0.05;cosine_loo;10;10;10;0;392;229;30;199;2;5;95;0.9045;0.9847;0.9429;0.5377;0.7387;0.0050;1.0000;;;;;;;7.29
2026-02-18T04:07:25.970231;btad/02;cont_40pct_none;0.4;none;10;10;10;4;0;229;30;199;2;5;95;0.8759;0.9803;0.9299;0.5176;0.7085;-0.0236;;;;;;;;6.98
2026-02-18T04:07:33.180746;btad/02;cont_40pct_loo_patch;0.4;loo_patch;10;10;10;4;392;229;30;199;2;5;95;0.8988;0.9838;0.9397;0.5276;0.7286;-0.0007;0.9716;0.8750;1;0.7500;0.7500;;;7.21
2026-02-18T04:07:39.883879;btad/02;cont_40pct_random_patch;0.4;random_patch;10;10;10;4;392;229;30;199;2;5;95;0.8757;0.9801;0.9299;0.5176;0.6884;-0.0238;-0.0071;0.8750;1;0.7500;0.7500;;;6.70
2026-02-18T04:07:47.875569;btad/02;cont_40pct_mahalanobis_patch;0.4;mahalanobis_patch;10;10;10;4;392;229;30;199;2;5;95;0.8888;0.9820;0.9373;0.5226;0.6935;-0.0107;0.5461;0.8750;1;0.7500;0.7500;;;7.99
2026-02-18T04:07:52.165014;btad/02;cont_40pct_oracle_patch;0.4;oracle_patch;10;10;6;4;3136;229;30;199;2;5;95;0.9055;0.9847;0.9429;0.5276;0.7035;0.0060;1.2553;0.8750;1;0.7500;0.7500;;;4.28
2026-02-18T04:08:00.173620;btad/02;cont_40pct_ensemble_loo_mahal;0.4;ensemble_loo_mahal;10;10;10;4;392;229;30;199;2;5;95;0.8983;0.9838;0.9421;0.5226;0.7437;-0.0012;0.9504;0.8750;1;0.7500;0.7500;;;8.00
2026-02-18T04:08:07.430485;btad/02;cont_40pct_cosine_loo;0.4;cosine_loo;10;10;10;4;392;229;30;199;2;5;95;0.8940;0.9831;0.9394;0.5226;0.7487;-0.0055;0.7660;0.8750;1;0.7500;0.7500;;;7.25
2026-02-18T04:08:14.507299;btad/02;cont_50pct_none;0.5;none;10;10;10;5;0;229;30;199;2;5;95;0.8635;0.9782;0.9299;0.5075;0.6935;-0.0360;;;;;;;;7.05
2026-02-18T04:08:21.733362;btad/02;cont_50pct_loo_patch;0.5;loo_patch;10;10;10;5;392;229;30;199;2;5;95;0.8824;0.9812;0.9311;0.5126;0.6985;-0.0171;0.5256;0.8400;1;0.8000;0.8000;;;7.22
2026-02-18T04:08:28.334061;btad/02;cont_50pct_random_patch;0.5;random_patch;10;10;10;5;392;229;30;199;2;5;95;0.8613;0.9779;0.9299;0.5025;0.6985;-0.0382;-0.0605;0.8400;1;0.8000;0.8000;;;6.60
2026-02-18T04:08:36.315226;btad/02;cont_50pct_mahalanobis_patch;0.5;mahalanobis_patch;10;10;10;5;392;229;30;199;2;5;95;0.8724;0.9795;0.9314;0.5075;0.7035;-0.0271;0.2465;0.8400;1;0.8000;0.8000;;;7.98
2026-02-18T04:08:39.826247;btad/02;cont_50pct_oracle_patch;0.5;oracle_patch;10;10;5;5;3920;229;30;199;2;5;95;0.9072;0.9850;0.9443;0.5226;0.7236;0.0077;1.2140;0.8400;1;0.8000;0.8000;;;3.51
2026-02-18T04:08:47.907208;btad/02;cont_50pct_ensemble_loo_mahal;0.5;ensemble_loo_mahal;10;10;10;5;392;229;30;199;2;5;95;0.8796;0.9807;0.9300;0.5126;0.7085;-0.0199;0.4465;0.8400;1;0.8000;0.8000;;;8.08
2026-02-18T04:08:55.061301;btad/02;cont_50pct_cosine_loo;0.5;cosine_loo;10;10;10;5;392;229;30;199;2;5;95;0.8817;0.9811;0.9337;0.5126;0.7085;-0.0178;0.5070;0.8400;1;0.8000;0.8000;;;7.15
2026-02-18T04:09:02.212571;btad/02;cont_0pct_none;0.0;none;10;10;10;0;0;229;30;199;3;5;95;0.9089;0.9850;0.9466;0.5126;0.6583;;;;;;;;;6.99
2026-02-18T04:09:09.440136;btad/02;cont_0pct_loo_patch;0.0;loo_patch;10;10;10;0;392;229;30;199;3;5;95;0.9087;0.9850;0.9420;0.5176;0.6533;-0.0002;;;;;;;;7.22
2026-02-18T04:09:16.250330;btad/02;cont_0pct_random_patch;0.0;random_patch;10;10;10;0;392;229;30;199;3;5;95;0.9085;0.9849;0.9435;0.5126;0.6734;-0.0003;;;;;;;;6.81
2026-02-18T04:09:24.438370;btad/02;cont_0pct_mahalanobis_patch;0.0;mahalanobis_patch;10;10;10;0;392;229;30;199;3;5;95;0.9092;0.9850;0.9440;0.5226;0.6382;0.0003;;;;;;;;8.19
2026-02-18T04:09:24.451368;btad/02;cont_0pct_oracle_patch;0.0;oracle_patch;10;10;10;0;0;229;30;199;3;5;95;0.9089;0.9850;0.9466;0.5126;0.6583;0.0000;;;;;;;;0.01
2026-02-18T04:09:32.623437;btad/02;cont_0pct_ensemble_loo_mahal;0.0;ensemble_loo_mahal;10;10;10;0;392;229;30;199;3;5;95;0.9126;0.9856;0.9474;0.5226;0.6533;0.0037;;;;;;;;8.17
2026-02-18T04:09:39.990578;btad/02;cont_0pct_cosine_loo;0.0;cosine_loo;10;10;10;0;392;229;30;199;3;5;95;0.9084;0.9850;0.9426;0.5226;0.6432;-0.0005;;;;;;;;7.36
2026-02-18T04:09:46.957875;btad/02;cont_5pct_none;0.05;none;10;10;10;0;0;229;30;199;3;5;95;0.9089;0.9850;0.9466;0.5126;0.6583;0.0000;;;;;;;;6.96
2026-02-18T04:09:54.361035;btad/02;cont_5pct_loo_patch;0.05;loo_patch;10;10;10;0;392;229;30;199;3;5;95;0.9087;0.9850;0.9420;0.5176;0.6533;-0.0002;1.0000;;;;;;;7.40
2026-02-18T04:10:01.127941;btad/02;cont_5pct_random_patch;0.05;random_patch;10;10;10;0;392;229;30;199;3;5;95;0.9085;0.9849;0.9435;0.5126;0.6734;-0.0003;1.0000;;;;;;;6.76
2026-02-18T04:10:09.232245;btad/02;cont_5pct_mahalanobis_patch;0.05;mahalanobis_patch;10;10;10;0;392;229;30;199;3;5;95;0.9092;0.9850;0.9440;0.5226;0.6382;0.0003;1.0000;;;;;;;8.10
2026-02-18T04:10:09.244245;btad/02;cont_5pct_oracle_patch;0.05;oracle_patch;10;10;10;0;0;229;30;199;3;5;95;0.9089;0.9850;0.9466;0.5126;0.6583;0.0000;1.0000;;;;;;;0.01
2026-02-18T04:10:17.271914;btad/02;cont_5pct_ensemble_loo_mahal;0.05;ensemble_loo_mahal;10;10;10;0;392;229;30;199;3;5;95;0.9126;0.9856;0.9474;0.5226;0.6533;0.0037;1.0000;;;;;;;8.03
2026-02-18T04:10:24.672795;btad/02;cont_5pct_cosine_loo;0.05;cosine_loo;10;10;10;0;392;229;30;199;3;5;95;0.9084;0.9850;0.9426;0.5226;0.6432;-0.0005;1.0000;;;;;;;7.40
2026-02-18T04:10:31.738343;btad/02;cont_40pct_none;0.4;none;10;10;10;4;0;229;30;199;3;5;95;0.8819;0.9810;0.9346;0.5025;0.6884;-0.0270;;;;;;;;7.05
2026-02-18T04:10:38.982195;btad/02;cont_40pct_loo_patch;0.4;loo_patch;10;10;10;4;392;229;30;199;3;5;95;0.8920;0.9825;0.9398;0.5075;0.6985;-0.0169;0.3727;0.8750;1;0.7500;0.7500;;;7.24
2026-02-18T04:10:45.741929;btad/02;cont_40pct_random_patch;0.4;random_patch;10;10;10;4;392;229;30;199;3;5;95;0.8839;0.9813;0.9349;0.5025;0.6884;-0.0250;0.0745;0.8750;1;0.7500;0.7500;;;6.76
2026-02-18T04:10:53.760372;btad/02;cont_40pct_mahalanobis_patch;0.4;mahalanobis_patch;10;10;10;4;392;229;30;199;3;5;95;0.8946;0.9829;0.9412;0.5075;0.6985;-0.0142;0.4720;0.8750;1;0.7500;0.7500;;;8.01
2026-02-18T04:10:58.139045;btad/02;cont_40pct_oracle_patch;0.4;oracle_patch;10;10;6;4;3136;229;30;199;3;5;95;0.9077;0.9850;0.9451;0.5377;0.7337;-0.0012;0.9565;0.8750;1;0.7500;0.7500;;;4.37
2026-02-18T04:11:06.138011;btad/02;cont_40pct_ensemble_loo_mahal;0.4;ensemble_loo_mahal;10;10;10;4;392;229;30;199;3;5;95;0.8941;0.9829;0.9398;0.5075;0.7035;-0.0147;0.4534;0.8750;1;0.7500;0.7500;;;7.99
2026-02-18T04:11:13.352758;btad/02;cont_40pct_cosine_loo;0.4;cosine_loo;10;10;10;4;392;229;30;199;3;5;95;0.8921;0.9826;0.9398;0.5075;0.6985;-0.0168;0.3789;0.8750;1;0.7500;0.7500;;;7.21
2026-02-18T04:11:20.466263;btad/02;cont_50pct_none;0.5;none;10;10;10;5;0;229;30;199;3;5;95;0.8787;0.9805;0.9369;0.4975;0.7035;-0.0302;;;;;;;;7.10
2026-02-18T04:11:27.743740;btad/02;cont_50pct_loo_patch;0.5;loo_patch;10;10;10;5;392;229;30;199;3;5;95;0.8888;0.9820;0.9420;0.5075;0.7136;-0.0201;0.3333;0.8800;1;0.8000;0.8000;;;7.27
2026-02-18T04:11:34.443462;btad/02;cont_50pct_random_patch;0.5;random_patch;10;10;10;5;392;229;30;199;3;5;95;0.8771;0.9803;0.9369;0.4975;0.6935;-0.0318;-0.0556;0.8800;1;0.8000;0.8000;;;6.69
2026-02-18T04:11:42.576319;btad/02;cont_50pct_mahalanobis_patch;0.5;mahalanobis_patch;10;10;10;5;392;229;30;199;3;5;95;0.8886;0.9820;0.9420;0.5075;0.7186;-0.0203;0.3278;0.8800;1;0.8000;0.8000;;;8.13
2026-02-18T04:11:46.251724;btad/02;cont_50pct_oracle_patch;0.5;oracle_patch;10;10;5;5;3920;229;30;199;3;5;95;0.9106;0.9853;0.9474;0.5427;0.7035;0.0017;1.0556;0.8800;1;0.8000;0.8000;;;3.67
2026-02-18T04:11:54.330678;btad/02;cont_50pct_ensemble_loo_mahal;0.5;ensemble_loo_mahal;10;10;10;5;392;229;30;199;3;5;95;0.8888;0.9820;0.9420;0.5075;0.7136;-0.0201;0.3333;0.8800;1;0.8000;0.8000;;;8.07
2026-02-18T04:12:01.619522;btad/02;cont_50pct_cosine_loo;0.5;cosine_loo;10;10;10;5;392;229;30;199;3;5;95;0.8888;0.9820;0.9420;0.5075;0.7136;-0.0201;0.3333;0.8800;1;0.8000;0.8000;;;7.28
2026-02-18T04:12:08.845430;btad/02;cont_0pct_none;0.0;none;10;10;10;0;0;229;30;199;4;5;95;0.9042;0.9840;0.9489;0.4874;0.6583;;;;;;;;;7.05
2026-02-18T04:12:16.037770;btad/02;cont_0pct_loo_patch;0.0;loo_patch;10;10;10;0;392;229;30;199;4;5;95;0.9077;0.9847;0.9440;0.4975;0.6683;0.0035;;;;;;;;7.19
2026-02-18T04:12:22.741744;btad/02;cont_0pct_random_patch;0.0;random_patch;10;10;10;0;392;229;30;199;4;5;95;0.9060;0.9843;0.9492;0.4925;0.6734;0.0018;;;;;;;;6.70
2026-02-18T04:12:30.947173;btad/02;cont_0pct_mahalanobis_patch;0.0;mahalanobis_patch;10;10;10;0;392;229;30;199;4;5;95;0.9126;0.9855;0.9492;0.4925;0.6784;0.0084;;;;;;;;8.20
2026-02-18T04:12:30.960171;btad/02;cont_0pct_oracle_patch;0.0;oracle_patch;10;10;10;0;0;229;30;199;4;5;95;0.9042;0.9840;0.9489;0.4874;0.6583;0.0000;;;;;;;;0.01
2026-02-18T04:12:39.282977;btad/02;cont_0pct_ensemble_loo_mahal;0.0;ensemble_loo_mahal;10;10;10;0;392;229;30;199;4;5;95;0.9072;0.9846;0.9466;0.4975;0.6734;0.0030;;;;;;;;8.32
2026-02-18T04:12:46.680982;btad/02;cont_0pct_cosine_loo;0.0;cosine_loo;10;10;10;0;392;229;30;199;4;5;95;0.9094;0.9850;0.9463;0.5025;0.6683;0.0052;;;;;;;;7.39
2026-02-18T04:12:53.728929;btad/02;cont_5pct_none;0.05;none;10;10;10;0;0;229;30;199;4;5;95;0.9042;0.9840;0.9489;0.4874;0.6583;0.0000;;;;;;;;7.04
2026-02-18T04:13:00.958510;btad/02;cont_5pct_loo_patch;0.05;loo_patch;10;10;10;0;392;229;30;199;4;5;95;0.9077;0.9847;0.9440;0.4975;0.6683;0.0035;1.0000;;;;;;;7.23
2026-02-18T04:13:07.578738;btad/02;cont_5pct_random_patch;0.05;random_patch;10;10;10;0;392;229;30;199;4;5;95;0.9060;0.9843;0.9492;0.4925;0.6734;0.0018;1.0000;;;;;;;6.62
2026-02-18T04:13:15.607218;btad/02;cont_5pct_mahalanobis_patch;0.05;mahalanobis_patch;10;10;10;0;392;229;30;199;4;5;95;0.9126;0.9855;0.9492;0.4925;0.6784;0.0084;1.0000;;;;;;;8.02
2026-02-18T04:13:15.619220;btad/02;cont_5pct_oracle_patch;0.05;oracle_patch;10;10;10;0;0;229;30;199;4;5;95;0.9042;0.9840;0.9489;0.4874;0.6583;0.0000;1.0000;;;;;;;0.01
2026-02-18T04:13:23.638450;btad/02;cont_5pct_ensemble_loo_mahal;0.05;ensemble_loo_mahal;10;10;10;0;392;229;30;199;4;5;95;0.9072;0.9846;0.9466;0.4975;0.6734;0.0030;1.0000;;;;;;;8.02
2026-02-18T04:13:30.754887;btad/02;cont_5pct_cosine_loo;0.05;cosine_loo;10;10;10;0;392;229;30;199;4;5;95;0.9094;0.9850;0.9463;0.5025;0.6683;0.0052;1.0000;;;;;;;7.11
2026-02-18T04:13:37.696301;btad/02;cont_40pct_none;0.4;none;10;10;10;4;0;229;30;199;4;5;95;0.8762;0.9804;0.9299;0.5025;0.7286;-0.0280;;;;;;;;6.92
2026-02-18T04:13:44.847138;btad/02;cont_40pct_loo_patch;0.4;loo_patch;10;10;10;4;392;229;30;199;4;5;95;0.8853;0.9817;0.9320;0.5126;0.7286;-0.0189;0.3234;0.6667;0;0.5000;0.5000;;;7.15
2026-02-18T04:13:51.519511;btad/02;cont_40pct_random_patch;0.4;random_patch;10;10;10;4;392;229;30;199;4;5;95;0.8784;0.9808;0.9310;0.5025;0.7236;-0.0258;0.0778;0.6667;0;0.5000;0.5000;;;6.67
2026-02-18T04:13:59.415966;btad/02;cont_40pct_mahalanobis_patch;0.4;mahalanobis_patch;10;10;10;4;392;229;30;199;4;5;95;0.8848;0.9817;0.9372;0.5226;0.7387;-0.0194;0.3054;0.6667;0;0.5000;0.5000;;;7.89
2026-02-18T04:14:03.694896;btad/02;cont_40pct_oracle_patch;0.4;oracle_patch;10;10;6;4;3136;229;30;199;4;5;95;0.8992;0.9833;0.9435;0.4874;0.6332;-0.0050;0.8204;0.6667;0;0.5000;0.5000;;;4.27
2026-02-18T04:14:11.613641;btad/02;cont_40pct_ensemble_loo_mahal;0.4;ensemble_loo_mahal;10;10;10;4;392;229;30;199;4;5;95;0.8889;0.9823;0.9372;0.5327;0.7437;-0.0152;0.4551;0.6667;0;0.5000;0.5000;;;7.91
2026-02-18T04:14:18.738969;btad/02;cont_40pct_cosine_loo;0.4;cosine_loo;10;10;10;4;392;229;30;199;4;5;95;0.8831;0.9814;0.9366;0.5176;0.7236;-0.0211;0.2455;0.6667;0;0.5000;0.5000;;;7.12
2026-02-18T04:14:25.711414;btad/02;cont_50pct_none;0.5;none;10;10;10;5;0;229;30;199;4;5;95;0.8754;0.9804;0.9299;0.5075;0.7186;-0.0288;;;;;;;;6.95
2026-02-18T04:14:32.862156;btad/02;cont_50pct_loo_patch;0.5;loo_patch;10;10;10;5;392;229;30;199;4;5;95;0.8804;0.9810;0.9340;0.5126;0.7136;-0.0238;0.1744;0.6400;0;0.6000;0.6000;;;7.15
2026-02-18T04:14:39.435280;btad/02;cont_50pct_random_patch;0.5;random_patch;10;10;10;5;392;229;30;199;4;5;95;0.8734;0.9801;0.9299;0.5025;0.7186;-0.0308;-0.0698;0.6400;0;0.6000;0.6000;;;6.57
2026-02-18T04:14:47.377219;btad/02;cont_50pct_mahalanobis_patch;0.5;mahalanobis_patch;10;10;10;5;392;229;30;199;4;5;95;0.8831;0.9816;0.9299;0.5126;0.7286;-0.0211;0.2674;0.6400;0;0.6000;0.6000;;;7.94
2026-02-18T04:14:50.896324;btad/02;cont_50pct_oracle_patch;0.5;oracle_patch;10;10;5;5;3920;229;30;199;4;5;95;0.8968;0.9828;0.9446;0.4874;0.6080;-0.0074;0.7442;0.6400;0;0.6000;0.6000;;;3.51
2026-02-18T04:14:58.874196;btad/02;cont_50pct_ensemble_loo_mahal;0.5;ensemble_loo_mahal;10;10;10;5;392;229;30;199;4;5;95;0.8846;0.9817;0.9340;0.5075;0.6985;-0.0196;0.3198;0.6400;0;0.6000;0.6000;;;7.97
2026-02-18T04:15:06.046083;btad/02;cont_50pct_cosine_loo;0.5;cosine_loo;10;10;10;5;392;229;30;199;4;5;95;0.8765;0.9805;0.9299;0.5126;0.7286;-0.0276;0.0407;0.6400;0;0.6000;0.6000;;;7.17
2026-02-18T04:15:20.308921;btad/03;cont_0pct_none;0.0;none;10;10;10;0;0;431;400;31;0;5;95;1.0000;1.0000;1.0000;1.0000;1.0000;;;;;;;;;12.69
2026-02-18T04:15:33.511369;btad/03;cont_0pct_loo_patch;0.0;loo_patch;10;10;10;0;392;431;400;31;0;5;95;1.0000;1.0000;1.0000;1.0000;1.0000;0.0000;;;;;;;;13.20
2026-02-18T04:15:45.691723;btad/03;cont_0pct_random_patch;0.0;random_patch;10;10;10;0;392;431;400;31;0;5;95;1.0000;1.0000;1.0000;1.0000;1.0000;0.0000;;;;;;;;12.18
2026-02-18T04:15:59.158235;btad/03;cont_0pct_mahalanobis_patch;0.0;mahalanobis_patch;10;10;10;0;392;431;400;31;0;5;95;1.0000;1.0000;1.0000;1.0000;1.0000;0.0000;;;;;;;;13.46
2026-02-18T04:15:59.171366;btad/03;cont_0pct_oracle_patch;0.0;oracle_patch;10;10;10;0;0;431;400;31;0;5;95;1.0000;1.0000;1.0000;1.0000;1.0000;0.0000;;;;;;;;0.01
2026-02-18T04:16:12.910652;btad/03;cont_0pct_ensemble_loo_mahal;0.0;ensemble_loo_mahal;10;10;10;0;392;431;400;31;0;5;95;1.0000;1.0000;1.0000;1.0000;1.0000;0.0000;;;;;;;;13.74
2026-02-18T04:16:25.742539;btad/03;cont_0pct_cosine_loo;0.0;cosine_loo;10;10;10;0;392;431;400;31;0;5;95;1.0000;1.0000;1.0000;1.0000;1.0000;0.0000;;;;;;;;12.83
2026-02-18T04:16:38.574445;btad/03;cont_5pct_none;0.05;none;10;10;10;0;0;431;400;31;0;5;95;1.0000;1.0000;1.0000;1.0000;1.0000;0.0000;;;;;;;;12.82
2026-02-18T04:16:51.419693;btad/03;cont_5pct_loo_patch;0.05;loo_patch;10;10;10;0;392;431;400;31;0;5;95;1.0000;1.0000;1.0000;1.0000;1.0000;0.0000;1.0000;;;;;;;12.84
2026-02-18T04:17:03.765369;btad/03;cont_5pct_random_patch;0.05;random_patch;10;10;10;0;392;431;400;31;0;5;95;1.0000;1.0000;1.0000;1.0000;1.0000;0.0000;1.0000;;;;;;;12.34
2026-02-18T04:17:17.360298;btad/03;cont_5pct_mahalanobis_patch;0.05;mahalanobis_patch;10;10;10;0;392;431;400;31;0;5;95;1.0000;1.0000;1.0000;1.0000;1.0000;0.0000;1.0000;;;;;;;13.59
2026-02-18T04:17:17.372295;btad/03;cont_5pct_oracle_patch;0.05;oracle_patch;10;10;10;0;0;431;400;31;0;5;95;1.0000;1.0000;1.0000;1.0000;1.0000;0.0000;1.0000;;;;;;;0.01
2026-02-18T04:17:30.743551;btad/03;cont_5pct_ensemble_loo_mahal;0.05;ensemble_loo_mahal;10;10;10;0;392;431;400;31;0;5;95;1.0000;1.0000;1.0000;1.0000;1.0000;0.0000;1.0000;;;;;;;13.37
2026-02-18T04:17:43.509456;btad/03;cont_5pct_cosine_loo;0.05;cosine_loo;10;10;10;0;392;431;400;31;0;5;95;1.0000;1.0000;1.0000;1.0000;1.0000;0.0000;1.0000;;;;;;;12.76
2026-02-18T04:17:56.211745;btad/03;cont_40pct_none;0.4;none;10;10;10;4;0;431;400;31;0;5;95;0.8691;0.8600;0.8772;0.8065;0.8710;-0.1309;;;;;;;;12.68
2026-02-18T04:18:08.786802;btad/03;cont_40pct_loo_patch;0.4;loo_patch;10;10;10;4;392;431;400;31;0;5;95;0.9983;0.9821;0.9355;0.9355;1.0000;-0.0017;0.9871;1.0000;1;1.0000;1.0000;;;12.57
2026-02-18T04:18:21.068704;btad/03;cont_40pct_random_patch;0.4;random_patch;10;10;10;4;392;431;400;31;0;5;95;0.8696;0.8636;0.8772;0.8065;0.8710;-0.1304;0.0037;1.0000;1;1.0000;1.0000;;;12.28
2026-02-18T04:18:34.764450;btad/03;cont_40pct_mahalanobis_patch;0.4;mahalanobis_patch;10;10;10;4;392;431;400;31;0;5;95;0.9988;0.9845;0.9375;0.9677;1.0000;-0.0012;0.9908;1.0000;1;1.0000;1.0000;;;13.69
2026-02-18T04:18:42.753037;btad/03;cont_40pct_oracle_patch;0.4;oracle_patch;10;10;6;4;3136;431;400;31;0;5;95;1.0000;1.0000;1.0000;1.0000;1.0000;0.0000;1.0000;1.0000;1;1.0000;1.0000;;;7.98
2026-02-18T04:18:56.309228;btad/03;cont_40pct_ensemble_loo_mahal;0.4;ensemble_loo_mahal;10;10;10;4;392;431;400;31;0;5;95;0.9990;0.9890;0.9524;0.9677;1.0000;-0.0010;0.9920;1.0000;1;1.0000;1.0000;;;13.55
2026-02-18T04:19:08.998391;btad/03;cont_40pct_cosine_loo;0.4;cosine_loo;10;10;10;4;392;431;400;31;0;5;95;0.9899;0.9650;0.9508;0.9677;0.9677;-0.0101;0.9230;1.0000;1;1.0000;1.0000;;;12.68
2026-02-18T04:19:21.981431;btad/03;cont_50pct_none;0.5;none;10;10;10;5;0;431;400;31;0;5;95;0.8336;0.8098;0.8302;0.7742;0.7742;-0.1664;;;;;;;;12.96
2026-02-18T04:19:34.654856;btad/03;cont_50pct_loo_patch;0.5;loo_patch;10;10;10;5;392;431;400;31;0;5;95;0.9225;0.8826;0.8814;0.8387;0.8710;-0.0775;0.5342;1.0000;1;1.0000;1.0000;;;12.67
2026-02-18T04:19:46.892891;btad/03;cont_50pct_random_patch;0.5;random_patch;10;10;10;5;392;431;400;31;0;5;95;0.8335;0.8120;0.8571;0.7742;0.7742;-0.1665;-0.0005;1.0000;1;1.0000;1.0000;;;12.23
2026-02-18T04:20:00.558045;btad/03;cont_50pct_mahalanobis_patch;0.5;mahalanobis_patch;10;10;10;5;392;431;400;31;0;5;95;0.9828;0.9448;0.9333;0.9032;0.9355;-0.0172;0.8968;1.0000;1;1.0000;1.0000;;;13.66
2026-02-18T04:20:07.127074;btad/03;cont_50pct_oracle_patch;0.5;oracle_patch;10;10;5;5;3920;431;400;31;0;5;95;1.0000;1.0000;1.0000;1.0000;1.0000;0.0000;1.0000;1.0000;1;1.0000;1.0000;;;6.56
2026-02-18T04:20:20.676894;btad/03;cont_50pct_ensemble_loo_mahal;0.5;ensemble_loo_mahal;10;10;10;5;392;431;400;31;0;5;95;0.9520;0.9159;0.9153;0.8710;0.9032;-0.0480;0.7116;1.0000;1;1.0000;1.0000;;;13.54
2026-02-18T04:20:33.505486;btad/03;cont_50pct_cosine_loo;0.5;cosine_loo;10;10;10;5;392;431;400;31;0;5;95;0.9250;0.8929;0.8966;0.8387;0.9032;-0.0750;0.5492;1.0000;1;1.0000;1.0000;;;12.82
2026-02-18T04:20:46.364281;btad/03;cont_0pct_none;0.0;none;10;10;10;0;0;431;400;31;1;5;95;1.0000;1.0000;1.0000;1.0000;1.0000;;;;;;;;;12.81
2026-02-18T04:20:59.096960;btad/03;cont_0pct_loo_patch;0.0;loo_patch;10;10;10;0;392;431;400;31;1;5;95;1.0000;1.0000;1.0000;1.0000;1.0000;0.0000;;;;;;;;12.73
2026-02-18T04:21:11.335222;btad/03;cont_0pct_random_patch;0.0;random_patch;10;10;10;0;392;431;400;31;1;5;95;1.0000;1.0000;1.0000;1.0000;1.0000;0.0000;;;;;;;;12.24
2026-02-18T04:21:24.778676;btad/03;cont_0pct_mahalanobis_patch;0.0;mahalanobis_patch;10;10;10;0;392;431;400;31;1;5;95;1.0000;1.0000;1.0000;1.0000;1.0000;0.0000;;;;;;;;13.44
2026-02-18T04:21:24.793676;btad/03;cont_0pct_oracle_patch;0.0;oracle_patch;10;10;10;0;0;431;400;31;1;5;95;1.0000;1.0000;1.0000;1.0000;1.0000;0.0000;;;;;;;;0.01
2026-02-18T04:21:38.601047;btad/03;cont_0pct_ensemble_loo_mahal;0.0;ensemble_loo_mahal;10;10;10;0;392;431;400;31;1;5;95;1.0000;1.0000;1.0000;1.0000;1.0000;0.0000;;;;;;;;13.80
2026-02-18T04:21:51.451549;btad/03;cont_0pct_cosine_loo;0.0;cosine_loo;10;10;10;0;392;431;400;31;1;5;95;1.0000;1.0000;1.0000;1.0000;1.0000;0.0000;;;;;;;;12.85
2026-02-18T04:22:04.270203;btad/03;cont_5pct_none;0.05;none;10;10;10;0;0;431;400;31;1;5;95;1.0000;1.0000;1.0000;1.0000;1.0000;0.0000;;;;;;;;12.81
2026-02-18T04:22:17.013359;btad/03;cont_5pct_loo_patch;0.05;loo_patch;10;10;10;0;392;431;400;31;1;5;95;1.0000;1.0000;1.0000;1.0000;1.0000;0.0000;1.0000;;;;;;;12.74
2026-02-18T04:22:29.390232;btad/03;cont_5pct_random_patch;0.05;random_patch;10;10;10;0;392;431;400;31;1;5;95;1.0000;1.0000;1.0000;1.0000;1.0000;0.0000;1.0000;;;;;;;12.37
2026-02-18T04:22:43.074121;btad/03;cont_5pct_mahalanobis_patch;0.05;mahalanobis_patch;10;10;10;0;392;431;400;31;1;5;95;1.0000;1.0000;1.0000;1.0000;1.0000;0.0000;1.0000;;;;;;;13.68
2026-02-18T04:22:43.086632;btad/03;cont_5pct_oracle_patch;0.05;oracle_patch;10;10;10;0;0;431;400;31;1;5;95;1.0000;1.0000;1.0000;1.0000;1.0000;0.0000;1.0000;;;;;;;0.01
2026-02-18T04:22:56.635964;btad/03;cont_5pct_ensemble_loo_mahal;0.05;ensemble_loo_mahal;10;10;10;0;392;431;400;31;1;5;95;1.0000;1.0000;1.0000;1.0000;1.0000;0.0000;1.0000;;;;;;;13.55
2026-02-18T04:23:09.459184;btad/03;cont_5pct_cosine_loo;0.05;cosine_loo;10;10;10;0;392;431;400;31;1;5;95;1.0000;1.0000;1.0000;1.0000;1.0000;0.0000;1.0000;;;;;;;12.82
2026-02-18T04:23:22.542118;btad/03;cont_40pct_none;0.4;none;10;10;10;4;0;431;400;31;1;5;95;0.8710;0.8798;0.9310;0.8710;0.8710;-0.1290;;;;;;;;13.07
2026-02-18T04:23:35.305507;btad/03;cont_40pct_loo_patch;0.4;loo_patch;10;10;10;4;392;431;400;31;1;5;95;1.0000;1.0000;1.0000;1.0000;1.0000;0.0000;1.0000;1.0000;1;1.0000;1.0000;;;12.76
2026-02-18T04:23:47.664026;btad/03;cont_40pct_random_patch;0.4;random_patch;10;10;10;4;392;431;400;31;1;5;95;0.8710;0.8798;0.9310;0.8710;0.8710;-0.1290;0.0000;1.0000;1;1.0000;1.0000;;;12.35
2026-02-18T04:24:01.308153;btad/03;cont_40pct_mahalanobis_patch;0.4;mahalanobis_patch;10;10;10;4;392;431;400;31;1;5;95;0.9987;0.9890;0.9836;0.9677;1.0000;-0.0013;0.9900;1.0000;1;1.0000;1.0000;;;13.64
2026-02-18T04:24:09.321546;btad/03;cont_40pct_oracle_patch;0.4;oracle_patch;10;10;6;4;3136;431;400;31;1;5;95;1.0000;1.0000;1.0000;1.0000;1.0000;0.0000;1.0000;1.0000;1;1.0000;1.0000;;;8.01
2026-02-18T04:24:22.979592;btad/03;cont_40pct_ensemble_loo_mahal;0.4;ensemble_loo_mahal;10;10;10;4;392;431;400;31;1;5;95;0.9999;0.9990;0.9841;1.0000;1.0000;-0.0001;0.9994;1.0000;1;1.0000;1.0000;;;13.65
2026-02-18T04:24:35.977622;btad/03;cont_40pct_cosine_loo;0.4;cosine_loo;10;10;10;4;392;431;400;31;1;5;95;0.9979;0.9853;0.9836;0.9677;0.9677;-0.0021;0.9838;1.0000;1;1.0000;1.0000;;;12.99
2026-02-18T04:24:49.161244;btad/03;cont_50pct_none;0.5;none;10;10;10;5;0;431;400;31;1;5;95;0.8387;0.8496;0.9123;0.8387;0.8387;-0.1613;;;;;;;;13.16
2026-02-18T04:25:02.111407;btad/03;cont_50pct_loo_patch;0.5;loo_patch;10;10;10;5;392;431;400;31;1;5;95;0.9995;0.9945;0.9677;0.9677;1.0000;-0.0005;0.9970;1.0000;1;1.0000;1.0000;;;12.95
2026-02-18T04:25:14.500227;btad/03;cont_50pct_random_patch;0.5;random_patch;10;10;10;5;392;431;400;31;1;5;95;0.8387;0.8496;0.9123;0.8387;0.8387;-0.1613;0.0000;1.0000;1;1.0000;1.0000;;;12.38
2026-02-18T04:25:28.180357;btad/03;cont_50pct_mahalanobis_patch;0.5;mahalanobis_patch;10;10;10;5;392;431;400;31;1;5;95;0.9775;0.9710;0.9836;0.9677;0.9677;-0.0225;0.8605;1.0000;1;1.0000;1.0000;;;13.68
2026-02-18T04:25:34.816738;btad/03;cont_50pct_oracle_patch;0.5;oracle_patch;10;10;5;5;3920;431;400;31;1;5;95;1.0000;1.0000;1.0000;1.0000;1.0000;0.0000;1.0000;1.0000;1;1.0000;1.0000;;;6.63
2026-02-18T04:25:48.387389;btad/03;cont_50pct_ensemble_loo_mahal;0.5;ensemble_loo_mahal;10;10;10;5;392;431;400;31;1;5;95;0.9934;0.9756;0.9677;0.9677;0.9677;-0.0066;0.9590;1.0000;1;1.0000;1.0000;;;13.56
2026-02-18T04:26:01.215395;btad/03;cont_50pct_cosine_loo;0.5;cosine_loo;10;10;10;5;392;431;400;31;1;5;95;0.9653;0.9524;0.9492;0.9355;0.9355;-0.0347;0.7850;1.0000;1;1.0000;1.0000;;;12.82
2026-02-18T04:26:13.966616;btad/03;cont_0pct_none;0.0;none;10;10;10;0;0;431;400;31;2;5;95;0.9999;0.9990;0.9841;1.0000;1.0000;;;;;;;;;12.71
2026-02-18T04:26:26.739930;btad/03;cont_0pct_loo_patch;0.0;loo_patch;10;10;10;0;392;431;400;31;2;5;95;0.9998;0.9980;0.9836;1.0000;1.0000;-0.0001;;;;;;;;12.77
2026-02-18T04:26:38.973768;btad/03;cont_0pct_random_patch;0.0;random_patch;10;10;10;0;392;431;400;31;2;5;95;1.0000;1.0000;1.0000;1.0000;1.0000;0.0001;;;;;;;;12.23
2026-02-18T04:26:52.392550;btad/03;cont_0pct_mahalanobis_patch;0.0;mahalanobis_patch;10;10;10;0;392;431;400;31;2;5;95;0.9999;0.9990;0.9841;1.0000;1.0000;0.0000;;;;;;;;13.42
2026-02-18T04:26:52.404550;btad/03;cont_0pct_oracle_patch;0.0;oracle_patch;10;10;10;0;0;431;400;31;2;5;95;0.9999;0.9990;0.9841;1.0000;1.0000;0.0000;;;;;;;;0.01
2026-02-18T04:27:05.882892;btad/03;cont_0pct_ensemble_loo_mahal;0.0;ensemble_loo_mahal;10;10;10;0;392;431;400;31;2;5;95;0.9999;0.9990;0.9841;1.0000;1.0000;0.0000;;;;;;;;13.47
2026-02-18T04:27:18.546322;btad/03;cont_0pct_cosine_loo;0.0;cosine_loo;10;10;10;0;392;431;400;31;2;5;95;0.9998;0.9980;0.9836;1.0000;1.0000;-0.0001;;;;;;;;12.66
2026-02-18T04:27:31.342689;btad/03;cont_5pct_none;0.05;none;10;10;10;0;0;431;400;31;2;5;95;0.9999;0.9990;0.9841;1.0000;1.0000;0.0000;;;;;;;;12.79
2026-02-18T04:27:44.472430;btad/03;cont_5pct_loo_patch;0.05;loo_patch;10;10;10;0;392;431;400;31;2;5;95;0.9998;0.9980;0.9836;1.0000;1.0000;-0.0001;1.0000;;;;;;;13.13
2026-02-18T04:27:56.868915;btad/03;cont_5pct_random_patch;0.05;random_patch;10;10;10;0;392;431;400;31;2;5;95;1.0000;1.0000;1.0000;1.0000;1.0000;0.0001;1.0000;;;;;;;12.39
2026-02-18T04:28:10.421435;btad/03;cont_5pct_mahalanobis_patch;0.05;mahalanobis_patch;10;10;10;0;392;431;400;31;2;5;95;0.9999;0.9990;0.9841;1.0000;1.0000;0.0000;1.0000;;;;;;;13.55
2026-02-18T04:28:10.433439;btad/03;cont_5pct_oracle_patch;0.05;oracle_patch;10;10;10;0;0;431;400;31;2;5;95;0.9999;0.9990;0.9841;1.0000;1.0000;0.0000;1.0000;;;;;;;0.01
2026-02-18T04:28:23.881431;btad/03;cont_5pct_ensemble_loo_mahal;0.05;ensemble_loo_mahal;10;10;10;0;392;431;400;31;2;5;95;0.9999;0.9990;0.9841;1.0000;1.0000;0.0000;1.0000;;;;;;;13.44
2026-02-18T04:28:36.613360;btad/03;cont_5pct_cosine_loo;0.05;cosine_loo;10;10;10;0;392;431;400;31;2;5;95;0.9998;0.9980;0.9836;1.0000;1.0000;-0.0001;1.0000;;;;;;;12.73
2026-02-18T04:28:49.413754;btad/03;cont_40pct_none;0.4;none;10;10;10;4;0;431;400;31;2;5;95;0.8668;0.8545;0.8814;0.8387;0.8387;-0.1331;;;;;;;;12.78
2026-02-18T04:29:02.106601;btad/03;cont_40pct_loo_patch;0.4;loo_patch;10;10;10;4;392;431;400;31;2;5;95;0.9973;0.9739;0.9333;0.9032;1.0000;-0.0027;0.9800;0.9583;1;0.7500;0.7500;;;12.69
2026-02-18T04:29:14.373200;btad/03;cont_40pct_random_patch;0.4;random_patch;10;10;10;4;392;431;400;31;2;5;95;0.8671;0.8539;0.8814;0.8387;0.8387;-0.1328;0.0024;0.9583;1;0.7500;0.7500;;;12.26
2026-02-18T04:29:27.782447;btad/03;cont_40pct_mahalanobis_patch;0.4;mahalanobis_patch;10;10;10;4;392;431;400;31;2;5;95;0.9880;0.9397;0.9333;0.9032;0.9032;-0.0119;0.9104;0.9583;1;0.7500;0.7500;;;13.41
2026-02-18T04:29:35.681450;btad/03;cont_40pct_oracle_patch;0.4;oracle_patch;10;10;6;4;3136;431;400;31;2;5;95;0.9999;0.9990;0.9841;1.0000;1.0000;0.0000;1.0000;0.9583;1;0.7500;0.7500;;;7.90
2026-02-18T04:29:49.189619;btad/03;cont_40pct_ensemble_loo_mahal;0.4;ensemble_loo_mahal;10;10;10;4;392;431;400;31;2;5;95;0.9931;0.9544;0.9333;0.9032;0.9355;-0.0068;0.9491;0.9583;1;0.7500;0.7500;;;13.50
2026-02-18T04:30:01.885778;btad/03;cont_40pct_cosine_loo;0.4;cosine_loo;10;10;10;4;392;431;400;31;2;5;95;0.9773;0.9346;0.9333;0.9032;0.9355;-0.0227;0.8298;0.9583;1;0.7500;0.7500;;;12.69
2026-02-18T04:30:14.653154;btad/03;cont_50pct_none;0.5;none;10;10;10;5;0;431;400;31;2;5;95;0.8326;0.8203;0.8571;0.8065;0.8065;-0.1673;;;;;;;;12.75
2026-02-18T04:30:27.486180;btad/03;cont_50pct_loo_patch;0.5;loo_patch;10;10;10;5;392;431;400;31;2;5;95;0.9432;0.9030;0.8966;0.8710;0.9032;-0.0567;0.6612;0.9600;1;0.8000;0.8000;;;12.83
2026-02-18T04:30:39.873073;btad/03;cont_50pct_random_patch;0.5;random_patch;10;10;10;5;392;431;400;31;2;5;95;0.8331;0.8189;0.8519;0.8065;0.8065;-0.1668;0.0034;0.9600;1;0.8000;0.8000;;;12.38
2026-02-18T04:30:53.794757;btad/03;cont_50pct_mahalanobis_patch;0.5;mahalanobis_patch;10;10;10;5;392;431;400;31;2;5;95;0.9356;0.8980;0.8966;0.8387;0.8710;-0.0643;0.6159;0.9600;1;0.8000;0.8000;;;13.92
2026-02-18T04:31:00.419486;btad/03;cont_50pct_oracle_patch;0.5;oracle_patch;10;10;5;5;3920;431;400;31;2;5;95;0.9999;0.9990;0.9841;1.0000;1.0000;0.0000;1.0000;0.9600;1;0.8000;0.8000;;;6.62
2026-02-18T04:31:13.923393;btad/03;cont_50pct_ensemble_loo_mahal;0.5;ensemble_loo_mahal;10;10;10;5;392;431;400;31;2;5;95;0.9467;0.9169;0.9153;0.9032;0.9032;-0.0532;0.6819;0.9600;1;0.8000;0.8000;;;13.50
2026-02-18T04:31:26.717695;btad/03;cont_50pct_cosine_loo;0.5;cosine_loo;10;10;10;5;392;431;400;31;2;5;95;0.9363;0.9020;0.9000;0.8710;0.9032;-0.0636;0.6198;0.9600;1;0.8000;0.8000;;;12.79
2026-02-18T04:31:39.500537;btad/03;cont_0pct_none;0.0;none;10;10;10;0;0;431;400;31;3;5;95;1.0000;1.0000;1.0000;1.0000;1.0000;;;;;;;;;12.74
2026-02-18T04:31:52.178457;btad/03;cont_0pct_loo_patch;0.0;loo_patch;10;10;10;0;392;431;400;31;3;5;95;0.9999;0.9990;0.9841;1.0000;1.0000;-0.0001;;;;;;;;12.67
2026-02-18T04:32:04.359922;btad/03;cont_0pct_random_patch;0.0;random_patch;10;10;10;0;392;431;400;31;3;5;95;1.0000;1.0000;1.0000;1.0000;1.0000;0.0000;;;;;;;;12.18
2026-02-18T04:32:17.843625;btad/03;cont_0pct_mahalanobis_patch;0.0;mahalanobis_patch;10;10;10;0;392;431;400;31;3;5;95;0.9999;0.9990;0.9841;1.0000;1.0000;-0.0001;;;;;;;;13.48
2026-02-18T04:32:17.855143;btad/03;cont_0pct_oracle_patch;0.0;oracle_patch;10;10;10;0;0;431;400;31;3;5;95;1.0000;1.0000;1.0000;1.0000;1.0000;0.0000;;;;;;;;0.01
2026-02-18T04:32:31.250744;btad/03;cont_0pct_ensemble_loo_mahal;0.0;ensemble_loo_mahal;10;10;10;0;392;431;400;31;3;5;95;0.9999;0.9990;0.9841;1.0000;1.0000;-0.0001;;;;;;;;13.39
2026-02-18T04:32:43.957361;btad/03;cont_0pct_cosine_loo;0.0;cosine_loo;10;10;10;0;392;431;400;31;3;5;95;0.9999;0.9990;0.9841;1.0000;1.0000;-0.0001;;;;;;;;12.70
2026-02-18T04:32:56.695106;btad/03;cont_5pct_none;0.05;none;10;10;10;0;0;431;400;31;3;5;95;1.0000;1.0000;1.0000;1.0000;1.0000;0.0000;;;;;;;;12.73
2026-02-18T04:33:09.365789;btad/03;cont_5pct_loo_patch;0.05;loo_patch;10;10;10;0;392;431;400;31;3;5;95;0.9999;0.9990;0.9841;1.0000;1.0000;-0.0001;1.0000;;;;;;;12.67
2026-02-18T04:33:21.539990;btad/03;cont_5pct_random_patch;0.05;random_patch;10;10;10;0;392;431;400;31;3;5;95;1.0000;1.0000;1.0000;1.0000;1.0000;0.0000;1.0000;;;;;;;12.17
2026-02-18T04:33:34.942154;btad/03;cont_5pct_mahalanobis_patch;0.05;mahalanobis_patch;10;10;10;0;392;431;400;31;3;5;95;0.9999;0.9990;0.9841;1.0000;1.0000;-0.0001;1.0000;;;;;;;13.40
2026-02-18T04:33:34.954155;btad/03;cont_5pct_oracle_patch;0.05;oracle_patch;10;10;10;0;0;431;400;31;3;5;95;1.0000;1.0000;1.0000;1.0000;1.0000;0.0000;1.0000;;;;;;;0.01
2026-02-18T04:33:48.945250;btad/03;cont_5pct_ensemble_loo_mahal;0.05;ensemble_loo_mahal;10;10;10;0;392;431;400;31;3;5;95;0.9999;0.9990;0.9841;1.0000;1.0000;-0.0001;1.0000;;;;;;;13.99
2026-02-18T04:34:01.882249;btad/03;cont_5pct_cosine_loo;0.05;cosine_loo;10;10;10;0;392;431;400;31;3;5;95;0.9999;0.9990;0.9841;1.0000;1.0000;-0.0001;1.0000;;;;;;;12.93
2026-02-18T04:34:14.827693;btad/03;cont_40pct_none;0.4;none;10;10;10;4;0;431;400;31;3;5;95;0.8698;0.8669;0.8966;0.8387;0.8710;-0.1302;;;;;;;;12.93
2026-02-18T04:34:27.643946;btad/03;cont_40pct_loo_patch;0.4;loo_patch;10;10;10;4;392;431;400;31;3;5;95;0.9673;0.9649;0.9508;0.9677;0.9677;-0.0327;0.7492;1.0000;1;1.0000;1.0000;;;12.81
2026-02-18T04:34:39.860798;btad/03;cont_40pct_random_patch;0.4;random_patch;10;10;10;4;392;431;400;31;3;5;95;0.8697;0.8664;0.8966;0.8387;0.8710;-0.1303;-0.0006;1.0000;1;1.0000;1.0000;;;12.21
2026-02-18T04:34:53.314977;btad/03;cont_40pct_mahalanobis_patch;0.4;mahalanobis_patch;10;10;10;4;392;431;400;31;3;5;95;0.9671;0.9624;0.9492;0.9355;0.9677;-0.0329;0.7474;1.0000;1;1.0000;1.0000;;;13.45
2026-02-18T04:35:01.225013;btad/03;cont_40pct_oracle_patch;0.4;oracle_patch;10;10;6;4;3136;431;400;31;3;5;95;1.0000;1.0000;1.0000;1.0000;1.0000;0.0000;1.0000;1.0000;1;1.0000;1.0000;;;7.91
2026-02-18T04:35:14.562706;btad/03;cont_40pct_ensemble_loo_mahal;0.4;ensemble_loo_mahal;10;10;10;4;392;431;400;31;3;5;95;0.9674;0.9661;0.9508;0.9677;0.9677;-0.0326;0.7498;1.0000;1;1.0000;1.0000;;;13.33
2026-02-18T04:35:27.372841;btad/03;cont_40pct_cosine_loo;0.4;cosine_loo;10;10;10;4;392;431;400;31;3;5;95;0.9687;0.9659;0.9524;0.9677;0.9677;-0.0313;0.7598;1.0000;1;1.0000;1.0000;;;12.81
2026-02-18T04:35:40.160636;btad/03;cont_50pct_none;0.5;none;10;10;10;5;0;431;400;31;3;5;95;0.8357;0.8179;0.8214;0.7742;0.8065;-0.1643;;;;;;;;12.77
2026-02-18T04:35:52.949689;btad/03;cont_50pct_loo_patch;0.5;loo_patch;10;10;10;5;392;431;400;31;3;5;95;0.9344;0.9260;0.9000;0.9032;0.9355;-0.0656;0.6004;0.9600;1;0.8000;0.8000;;;12.79
2026-02-18T04:36:05.102103;btad/03;cont_50pct_random_patch;0.5;random_patch;10;10;10;5;392;431;400;31;3;5;95;0.8365;0.8221;0.8421;0.7742;0.8387;-0.1635;0.0044;0.9600;1;0.8000;0.8000;;;12.15
2026-02-18T04:36:18.709462;btad/03;cont_50pct_mahalanobis_patch;0.5;mahalanobis_patch;10;10;10;5;392;431;400;31;3;5;95;0.9338;0.9196;0.8852;0.8710;0.9355;-0.0662;0.5970;0.9600;1;0.8000;0.8000;;;13.60
2026-02-18T04:36:25.344019;btad/03;cont_50pct_oracle_patch;0.5;oracle_patch;10;10;5;5;3920;431;400;31;3;5;95;1.0000;1.0000;1.0000;1.0000;1.0000;0.0000;1.0000;0.9600;1;0.8000;0.8000;;;6.63
2026-02-18T04:36:38.763784;btad/03;cont_50pct_ensemble_loo_mahal;0.5;ensemble_loo_mahal;10;10;10;5;392;431;400;31;3;5;95;0.9344;0.9264;0.9180;0.9032;0.9355;-0.0656;0.6004;0.9600;1;0.8000;0.8000;;;13.41
2026-02-18T04:36:51.998335;btad/03;cont_50pct_cosine_loo;0.5;cosine_loo;10;10;10;5;392;431;400;31;3;5;95;0.9321;0.9107;0.8852;0.8710;0.9032;-0.0679;0.5866;0.9600;1;0.8000;0.8000;;;13.23
2026-02-18T04:37:05.037672;btad/03;cont_0pct_none;0.0;none;10;10;10;0;0;431;400;31;4;5;95;1.0000;1.0000;1.0000;1.0000;1.0000;;;;;;;;;12.99
2026-02-18T04:37:17.749609;btad/03;cont_0pct_loo_patch;0.0;loo_patch;10;10;10;0;392;431;400;31;4;5;95;1.0000;1.0000;1.0000;1.0000;1.0000;0.0000;;;;;;;;12.71
2026-02-18T04:37:29.964304;btad/03;cont_0pct_random_patch;0.0;random_patch;10;10;10;0;392;431;400;31;4;5;95;1.0000;1.0000;1.0000;1.0000;1.0000;0.0000;;;;;;;;12.21
2026-02-18T04:37:43.481486;btad/03;cont_0pct_mahalanobis_patch;0.0;mahalanobis_patch;10;10;10;0;392;431;400;31;4;5;95;1.0000;1.0000;1.0000;1.0000;1.0000;0.0000;;;;;;;;13.51
2026-02-18T04:37:43.494490;btad/03;cont_0pct_oracle_patch;0.0;oracle_patch;10;10;10;0;0;431;400;31;4;5;95;1.0000;1.0000;1.0000;1.0000;1.0000;0.0000;;;;;;;;0.01
2026-02-18T04:37:57.008938;btad/03;cont_0pct_ensemble_loo_mahal;0.0;ensemble_loo_mahal;10;10;10;0;392;431;400;31;4;5;95;1.0000;1.0000;1.0000;1.0000;1.0000;0.0000;;;;;;;;13.51
2026-02-18T04:38:09.795879;btad/03;cont_0pct_cosine_loo;0.0;cosine_loo;10;10;10;0;392;431;400;31;4;5;95;1.0000;1.0000;1.0000;1.0000;1.0000;0.0000;;;;;;;;12.78
2026-02-18T04:38:22.877429;btad/03;cont_5pct_none;0.05;none;10;10;10;0;0;431;400;31;4;5;95;1.0000;1.0000;1.0000;1.0000;1.0000;0.0000;;;;;;;;13.07
2026-02-18T04:38:35.542593;btad/03;cont_5pct_loo_patch;0.05;loo_patch;10;10;10;0;392;431;400;31;4;5;95;1.0000;1.0000;1.0000;1.0000;1.0000;0.0000;1.0000;;;;;;;12.66
2026-02-18T04:38:47.676377;btad/03;cont_5pct_random_patch;0.05;random_patch;10;10;10;0;392;431;400;31;4;5;95;1.0000;1.0000;1.0000;1.0000;1.0000;0.0000;1.0000;;;;;;;12.13
2026-02-18T04:39:01.129500;btad/03;cont_5pct_mahalanobis_patch;0.05;mahalanobis_patch;10;10;10;0;392;431;400;31;4;5;95;1.0000;1.0000;1.0000;1.0000;1.0000;0.0000;1.0000;;;;;;;13.45
2026-02-18T04:39:01.141500;btad/03;cont_5pct_oracle_patch;0.05;oracle_patch;10;10;10;0;0;431;400;31;4;5;95;1.0000;1.0000;1.0000;1.0000;1.0000;0.0000;1.0000;;;;;;;0.01
2026-02-18T04:39:14.539246;btad/03;cont_5pct_ensemble_loo_mahal;0.05;ensemble_loo_mahal;10;10;10;0;392;431;400;31;4;5;95;1.0000;1.0000;1.0000;1.0000;1.0000;0.0000;1.0000;;;;;;;13.39
2026-02-18T04:39:27.273149;btad/03;cont_5pct_cosine_loo;0.05;cosine_loo;10;10;10;0;392;431;400;31;4;5;95;1.0000;1.0000;1.0000;1.0000;1.0000;0.0000;1.0000;;;;;;;12.73
2026-02-18T04:39:39.942529;btad/03;cont_40pct_none;0.4;none;10;10;10;4;0;431;400;31;4;5;95;0.8669;0.8555;0.8966;0.8387;0.8387;-0.1331;;;;;;;;12.65
2026-02-18T04:39:52.948745;btad/03;cont_40pct_loo_patch;0.4;loo_patch;10;10;10;4;392;431;400;31;4;5;95;0.9869;0.9412;0.9310;0.9032;0.9032;-0.0131;0.9019;1.0000;1;1.0000;1.0000;;;13.00
2026-02-18T04:40:05.559073;btad/03;cont_40pct_random_patch;0.4;random_patch;10;10;10;4;392;431;400;31;4;5;95;0.8668;0.8535;0.8772;0.8387;0.8387;-0.1332;-0.0006;1.0000;1;1.0000;1.0000;;;12.61
2026-02-18T04:40:19.303453;btad/03;cont_40pct_mahalanobis_patch;0.4;mahalanobis_patch;10;10;10;4;392;431;400;31;4;5;95;0.9861;0.9375;0.9333;0.9032;0.9032;-0.0139;0.8958;1.0000;1;1.0000;1.0000;;;13.74
2026-02-18T04:40:27.205033;btad/03;cont_40pct_oracle_patch;0.4;oracle_patch;10;10;6;4;3136;431;400;31;4;5;95;1.0000;1.0000;1.0000;1.0000;1.0000;0.0000;1.0000;1.0000;1;1.0000;1.0000;;;7.90
2026-02-18T04:40:40.661723;btad/03;cont_40pct_ensemble_loo_mahal;0.4;ensemble_loo_mahal;10;10;10;4;392;431;400;31;4;5;95;0.9876;0.9394;0.9310;0.9032;0.9032;-0.0124;0.9067;1.0000;1;1.0000;1.0000;;;13.45
2026-02-18T04:40:53.532295;btad/03;cont_40pct_cosine_loo;0.4;cosine_loo;10;10;10;4;392;431;400;31;4;5;95;0.9697;0.9252;0.9180;0.9032;0.9032;-0.0303;0.7723;1.0000;1;1.0000;1.0000;;;12.87
2026-02-18T04:41:06.405438;btad/03;cont_50pct_none;0.5;none;10;10;10;5;0;431;400;31;4;5;95;0.8244;0.7724;0.7857;0.7097;0.8065;-0.1756;;;;;;;;12.85
2026-02-18T04:41:19.184588;btad/03;cont_50pct_loo_patch;0.5;loo_patch;10;10;10;5;392;431;400;31;4;5;95;0.9340;0.8672;0.8519;0.8065;0.8710;-0.0660;0.6240;0.9600;1;0.8000;0.8000;;;12.77
2026-02-18T04:41:31.576803;btad/03;cont_50pct_random_patch;0.5;random_patch;10;10;10;5;392;431;400;31;4;5;95;0.8256;0.7750;0.7857;0.7097;0.8065;-0.1744;0.0069;0.9600;1;0.8000;0.8000;;;12.39
2026-02-18T04:41:45.261310;btad/03;cont_50pct_mahalanobis_patch;0.5;mahalanobis_patch;10;10;10;5;392;431;400;31;4;5;95;0.9377;0.8681;0.8364;0.8065;0.8710;-0.0623;0.6451;0.9600;1;0.8000;0.8000;;;13.68
2026-02-18T04:41:51.937509;btad/03;cont_50pct_oracle_patch;0.5;oracle_patch;10;10;5;5;3920;431;400;31;4;5;95;1.0000;1.0000;1.0000;1.0000;1.0000;0.0000;1.0000;0.9600;1;0.8000;0.8000;;;6.67
2026-02-18T04:42:05.415092;btad/03;cont_50pct_ensemble_loo_mahal;0.5;ensemble_loo_mahal;10;10;10;5;392;431;400;31;4;5;95;0.9427;0.8713;0.8519;0.8065;0.8710;-0.0573;0.6736;0.9600;1;0.8000;0.8000;;;13.47
2026-02-18T04:42:18.198925;btad/03;cont_50pct_cosine_loo;0.5;cosine_loo;10;10;10;5;392;431;400;31;4;5;95;0.9167;0.8654;0.8519;0.8065;0.8710;-0.0833;0.5257;0.9600;1;0.8000;0.8000;;;12.78
