timestamp;dataset;config;contamination_rate;purification_method;train_limit;n_train_original;n_train_after_purification;n_contaminated;n_patches_removed;n_test;n_normal_test;n_anomaly_test;seed;knn_k;percentile_threshold;img_auroc;img_aupr;img_f1max;tpr_fpr1;tpr_fpr5;auroc_delta_vs_clean;recovery_rate;contaminant_detection_auroc;contaminant_precision_at_1;contaminant_precision_at_k;contaminant_recall_at_k;adaptive_did_purify;adaptive_skewness;inference_time_s
2026-02-17T13:56:13.929800;mvtec_AD/bottle;cont_0pct_none;0.0;none;5;5;5;0;0;83;20;63;0;5;95;0.9730;0.9916;0.9612;0.8571;0.8730;;;;;;;;;1.09
2026-02-17T13:56:15.123300;mvtec_AD/bottle;cont_0pct_loo_patch;0.0;loo_patch;5;5;5;0;196;83;20;63;0;5;95;0.9786;0.9934;0.9688;0.8571;0.8730;0.0056;;;;;;;;1.19
2026-02-17T13:56:17.248051;mvtec_AD/bottle;cont_0pct_mahalanobis_patch;0.0;mahalanobis_patch;5;5;5;0;196;83;20;63;0;5;95;0.9786;0.9935;0.9688;0.8730;0.8730;0.0056;;;;;;;;2.12
2026-02-17T13:56:20.112058;mvtec_AD/bottle;cont_0pct_ensemble_loo_mahal;0.0;ensemble_loo_mahal;5;5;5;0;196;83;20;63;0;5;95;0.9802;0.9939;0.9612;0.8730;0.8889;0.0071;;;;;;;;2.86
2026-02-17T13:56:26.260209;mvtec_AD/bottle;cont_30pct_none;0.3;none;5;5;5;2;0;83;20;63;0;5;95;0.9349;0.9813;0.9313;0.7460;0.8095;-0.0381;;;;;;;;6.14
2026-02-17T13:56:32.236829;mvtec_AD/bottle;cont_30pct_loo_patch;0.3;loo_patch;5;5;5;2;196;83;20;63;0;5;95;0.9683;0.9900;0.9516;0.7778;0.8571;-0.0048;0.8750;1.0000;1;1.0000;1.0000;;;5.97
2026-02-17T13:56:51.048612;mvtec_AD/bottle;cont_30pct_mahalanobis_patch;0.3;mahalanobis_patch;5;5;5;2;196;83;20;63;0;5;95;0.9627;0.9879;0.9516;0.7143;0.8413;-0.0103;0.7292;1.0000;1;1.0000;1.0000;;;18.80
2026-02-17T13:57:09.658573;mvtec_AD/bottle;cont_30pct_ensemble_loo_mahal;0.3;ensemble_loo_mahal;5;5;5;2;196;83;20;63;0;5;95;0.9698;0.9903;0.9538;0.7778;0.8571;-0.0032;0.9167;1.0000;1;1.0000;1.0000;;;18.60
2026-02-17T13:57:20.340488;mvtec_AD/cable;cont_0pct_none;0.0;none;5;5;5;0;0;150;58;92;0;5;95;0.8141;0.8875;0.8235;0.4457;0.4674;;;;;;;;;10.11
2026-02-17T13:57:30.753333;mvtec_AD/cable;cont_0pct_loo_patch;0.0;loo_patch;5;5;5;0;196;150;58;92;0;5;95;0.8251;0.8947;0.8241;0.4565;0.4783;0.0111;;;;;;;;10.41
2026-02-17T13:57:52.821959;mvtec_AD/cable;cont_0pct_mahalanobis_patch;0.0;mahalanobis_patch;5;5;5;0;196;150;58;92;0;5;95;0.8216;0.8912;0.8198;0.4457;0.4783;0.0075;;;;;;;;22.06
2026-02-17T13:58:16.243389;mvtec_AD/cable;cont_0pct_ensemble_loo_mahal;0.0;ensemble_loo_mahal;5;5;5;0;196;150;58;92;0;5;95;0.8207;0.8907;0.8241;0.4457;0.4674;0.0066;;;;;;;;23.42
2026-02-17T13:58:26.057779;mvtec_AD/cable;cont_30pct_none;0.3;none;5;5;5;2;0;150;58;92;0;5;95;0.9142;0.9547;0.8876;0.6304;0.7391;0.1001;;;;;;;;9.81
2026-02-17T13:58:36.208906;mvtec_AD/cable;cont_30pct_loo_patch;0.3;loo_patch;5;5;5;2;196;150;58;92;0;5;95;0.9080;0.9482;0.8602;0.5652;0.7609;0.0939;0.0618;1.0000;1;1.0000;1.0000;;;10.15
2026-02-17T13:58:58.073426;mvtec_AD/cable;cont_30pct_mahalanobis_patch;0.3;mahalanobis_patch;5;5;5;2;196;150;58;92;0;5;95;0.9260;0.9599;0.8973;0.6413;0.7717;0.1119;-0.1180;1.0000;1;1.0000;1.0000;;;21.86
2026-02-17T13:59:28.238261;mvtec_AD/cable;cont_30pct_ensemble_loo_mahal;0.3;ensemble_loo_mahal;5;5;5;2;196;150;58;92;0;5;95;0.9202;0.9559;0.8817;0.6304;0.7717;0.1061;-0.0599;1.0000;1;1.0000;1.0000;;;30.16
2026-02-17T19:00:18.607328;mvtec_AD/bottle;cont_20pct_none;0.2;none;5;5;5;1;0;83;20;63;0;5;95;0.9595;0.9883;0.9531;0.8254;0.8571;;;;;;;;;2.14
2026-02-17T19:00:20.769731;mvtec_AD/bottle;cont_20pct_loo_patch;0.2;loo_patch;5;5;5;1;196;83;20;63;0;5;95;0.9778;0.9932;0.9538;0.8730;0.8889;;;1.0000;1;1.0000;1.0000;;;2.15
2026-02-17T19:00:24.996594;mvtec_AD/bottle;cont_20pct_mahalanobis_patch;0.2;mahalanobis_patch;5;5;5;1;196;83;20;63;0;5;95;0.9746;0.9925;0.9600;0.8889;0.8889;;;1.0000;1;1.0000;1.0000;;;3.86
2026-02-17T19:00:29.030172;mvtec_AD/bottle;cont_20pct_ensemble_loo_mahal;0.2;ensemble_loo_mahal;5;5;5;1;196;83;20;63;0;5;95;0.9778;0.9933;0.9538;0.8889;0.8889;;;1.0000;1;1.0000;1.0000;;;4.03
2026-02-17T19:00:31.247411;mvtec_AD/bottle;cont_0pct_none;0.0;none;5;5;5;0;0;83;20;63;1;5;95;0.9817;0.9940;0.9767;0.8413;0.8730;;;;;;;;;2.10
2026-02-17T19:00:33.531621;mvtec_AD/bottle;cont_0pct_loo_patch;0.0;loo_patch;5;5;5;0;196;83;20;63;1;5;95;0.9889;0.9964;0.9767;0.8889;0.9048;0.0071;;;;;;;;2.28
2026-02-17T19:00:36.792252;mvtec_AD/bottle;cont_0pct_mahalanobis_patch;0.0;mahalanobis_patch;5;5;5;0;196;83;20;63;1;5;95;0.9881;0.9962;0.9767;0.8889;0.8889;0.0063;;;;;;;;3.05
2026-02-17T19:00:41.152417;mvtec_AD/bottle;cont_0pct_ensemble_loo_mahal;0.0;ensemble_loo_mahal;5;5;5;0;196;83;20;63;1;5;95;0.9873;0.9960;0.9692;0.8889;0.9048;0.0056;;;;;;;;4.36
2026-02-17T19:00:42.926951;mvtec_AD/bottle;cont_20pct_none;0.2;none;5;5;5;1;0;83;20;63;1;5;95;0.9690;0.9912;0.9612;0.8413;0.9048;-0.0127;;;;;;;;1.76
2026-02-17T19:00:44.535689;mvtec_AD/bottle;cont_20pct_loo_patch;0.2;loo_patch;5;5;5;1;196;83;20;63;1;5;95;0.9865;0.9956;0.9767;0.8571;0.9048;0.0048;1.3750;1.0000;1;1.0000;1.0000;;;1.60
2026-02-17T19:00:48.554480;mvtec_AD/bottle;cont_20pct_mahalanobis_patch;0.2;mahalanobis_patch;5;5;5;1;196;83;20;63;1;5;95;0.9857;0.9955;0.9692;0.8730;0.9048;0.0040;1.3125;1.0000;1;1.0000;1.0000;;;4.01
2026-02-17T19:00:52.224200;mvtec_AD/bottle;cont_20pct_ensemble_loo_mahal;0.2;ensemble_loo_mahal;5;5;5;1;196;83;20;63;1;5;95;0.9825;0.9944;0.9692;0.8571;0.8730;0.0008;1.0625;1.0000;1;1.0000;1.0000;;;3.66
2026-02-17T19:00:54.411796;mvtec_AD/bottle;cont_30pct_none;0.3;none;5;5;5;2;0;83;20;63;1;5;95;0.9548;0.9879;0.9531;0.8254;0.8730;-0.0270;;;;;;;;2.18
2026-02-17T19:00:56.960179;mvtec_AD/bottle;cont_30pct_loo_patch;0.3;loo_patch;5;5;5;2;196;83;20;63;1;5;95;0.9706;0.9918;0.9612;0.8571;0.9206;-0.0111;0.5882;1.0000;1;1.0000;1.0000;;;2.28
2026-02-17T19:01:00.370095;mvtec_AD/bottle;cont_30pct_mahalanobis_patch;0.3;mahalanobis_patch;5;5;5;2;196;83;20;63;1;5;95;0.9714;0.9921;0.9612;0.8571;0.8889;-0.0103;0.6176;1.0000;1;1.0000;1.0000;;;3.40
2026-02-17T19:01:04.427786;mvtec_AD/bottle;cont_30pct_ensemble_loo_mahal;0.3;ensemble_loo_mahal;5;5;5;2;196;83;20;63;1;5;95;0.9849;0.9952;0.9692;0.8571;0.9206;0.0032;1.1176;1.0000;1;1.0000;1.0000;;;4.05
2026-02-17T19:01:06.707612;mvtec_AD/bottle;cont_0pct_none;0.0;none;5;5;5;0;0;83;20;63;2;5;95;0.9889;0.9964;0.9767;0.8889;0.8889;;;;;;;;;2.17
2026-02-17T19:01:09.284159;mvtec_AD/bottle;cont_0pct_loo_patch;0.0;loo_patch;5;5;5;0;196;83;20;63;2;5;95;0.9889;0.9964;0.9844;0.8889;0.8889;0.0000;;;;;;;;2.40
2026-02-17T19:01:12.321181;mvtec_AD/bottle;cont_0pct_mahalanobis_patch;0.0;mahalanobis_patch;5;5;5;0;196;83;20;63;2;5;95;0.9889;0.9964;0.9844;0.8889;0.8889;0.0000;;;;;;;;3.03
2026-02-17T19:01:16.438363;mvtec_AD/bottle;cont_0pct_ensemble_loo_mahal;0.0;ensemble_loo_mahal;5;5;5;0;196;83;20;63;2;5;95;0.9889;0.9964;0.9844;0.8889;0.8889;0.0000;;;;;;;;4.11
2026-02-17T19:01:18.252438;mvtec_AD/bottle;cont_20pct_none;0.2;none;5;5;5;1;0;83;20;63;2;5;95;0.9698;0.9916;0.9606;0.8730;0.8889;-0.0190;;;;;;;;1.80
2026-02-17T19:01:19.796583;mvtec_AD/bottle;cont_20pct_loo_patch;0.2;loo_patch;5;5;5;1;196;83;20;63;2;5;95;0.9857;0.9955;0.9692;0.8889;0.8889;-0.0032;0.8333;1.0000;1;1.0000;1.0000;;;1.54
2026-02-17T19:01:23.661995;mvtec_AD/bottle;cont_20pct_mahalanobis_patch;0.2;mahalanobis_patch;5;5;5;1;196;83;20;63;2;5;95;0.9857;0.9955;0.9688;0.8889;0.8889;-0.0032;0.8333;1.0000;1;1.0000;1.0000;;;3.86
2026-02-17T19:01:27.379822;mvtec_AD/bottle;cont_20pct_ensemble_loo_mahal;0.2;ensemble_loo_mahal;5;5;5;1;196;83;20;63;2;5;95;0.9865;0.9957;0.9692;0.8889;0.8889;-0.0024;0.8750;1.0000;1;1.0000;1.0000;;;3.71
2026-02-17T19:01:29.453437;mvtec_AD/bottle;cont_30pct_none;0.3;none;5;5;5;2;0;83;20;63;2;5;95;0.9484;0.9861;0.9524;0.8413;0.8413;-0.0405;;;;;;;;2.06
2026-02-17T19:01:31.894174;mvtec_AD/bottle;cont_30pct_loo_patch;0.3;loo_patch;5;5;5;2;196;83;20;63;2;5;95;0.9802;0.9939;0.9688;0.8730;0.8730;-0.0087;0.7843;1.0000;1;1.0000;1.0000;;;2.33
2026-02-17T19:01:35.769870;mvtec_AD/bottle;cont_30pct_mahalanobis_patch;0.3;mahalanobis_patch;5;5;5;2;196;83;20;63;2;5;95;0.9825;0.9945;0.9764;0.8571;0.8730;-0.0063;0.8431;1.0000;1;1.0000;1.0000;;;3.87
2026-02-17T19:01:39.617736;mvtec_AD/bottle;cont_30pct_ensemble_loo_mahal;0.3;ensemble_loo_mahal;5;5;5;2;196;83;20;63;2;5;95;0.9810;0.9941;0.9688;0.8730;0.8730;-0.0079;0.8039;1.0000;1;1.0000;1.0000;;;3.84
2026-02-17T19:01:41.859284;mvtec_AD/bottle;cont_0pct_none;0.0;none;5;5;5;0;0;83;20;63;3;5;95;0.9762;0.9933;0.9683;0.9048;0.9048;;;;;;;;;2.14
2026-02-17T19:01:44.241425;mvtec_AD/bottle;cont_0pct_loo_patch;0.0;loo_patch;5;5;5;0;196;83;20;63;3;5;95;0.9754;0.9928;0.9688;0.8730;0.8889;-0.0008;;;;;;;;2.38
2026-02-17T19:01:47.495127;mvtec_AD/bottle;cont_0pct_mahalanobis_patch;0.0;mahalanobis_patch;5;5;5;0;196;83;20;63;3;5;95;0.9770;0.9933;0.9764;0.8571;0.8889;0.0008;;;;;;;;3.11
2026-02-17T19:01:51.573648;mvtec_AD/bottle;cont_0pct_ensemble_loo_mahal;0.0;ensemble_loo_mahal;5;5;5;0;196;83;20;63;3;5;95;0.9770;0.9934;0.9688;0.8730;0.9048;0.0008;;;;;;;;4.07
2026-02-17T19:01:53.689218;mvtec_AD/bottle;cont_20pct_none;0.2;none;5;5;5;1;0;83;20;63;3;5;95;0.9627;0.9899;0.9600;0.8889;0.8889;-0.0135;;;;;;;;2.10
2026-02-17T19:01:56.108271;mvtec_AD/bottle;cont_20pct_loo_patch;0.2;loo_patch;5;5;5;1;196;83;20;63;3;5;95;0.9794;0.9940;0.9688;0.9048;0.9048;0.0032;1.2353;1.0000;1;1.0000;1.0000;;;2.27
2026-02-17T19:01:59.150165;mvtec_AD/bottle;cont_20pct_mahalanobis_patch;0.2;mahalanobis_patch;5;5;5;1;196;83;20;63;3;5;95;0.9802;0.9942;0.9764;0.8730;0.9048;0.0040;1.2941;1.0000;1;1.0000;1.0000;;;3.04
2026-02-17T19:02:03.016175;mvtec_AD/bottle;cont_20pct_ensemble_loo_mahal;0.2;ensemble_loo_mahal;5;5;5;1;196;83;20;63;3;5;95;0.9802;0.9942;0.9764;0.8730;0.9048;0.0040;1.2941;1.0000;1;1.0000;1.0000;;;3.86
2026-02-17T19:02:04.982000;mvtec_AD/bottle;cont_30pct_none;0.3;none;5;5;5;2;0;83;20;63;3;5;95;0.9381;0.9835;0.9516;0.8254;0.8730;-0.0381;;;;;;;;1.95
2026-02-17T19:02:07.478578;mvtec_AD/bottle;cont_30pct_loo_patch;0.3;loo_patch;5;5;5;2;196;83;20;63;3;5;95;0.9548;0.9879;0.9600;0.8889;0.8889;-0.0214;0.4375;1.0000;1;1.0000;1.0000;;;2.39
2026-02-17T19:02:11.581688;mvtec_AD/bottle;cont_30pct_mahalanobis_patch;0.3;mahalanobis_patch;5;5;5;2;196;83;20;63;3;5;95;0.9611;0.9895;0.9600;0.8730;0.8730;-0.0151;0.6042;1.0000;1;1.0000;1.0000;;;4.09
2026-02-17T19:02:15.201327;mvtec_AD/bottle;cont_30pct_ensemble_loo_mahal;0.3;ensemble_loo_mahal;5;5;5;2;196;83;20;63;3;5;95;0.9556;0.9881;0.9600;0.8730;0.8889;-0.0206;0.4583;1.0000;1;1.0000;1.0000;;;3.61
2026-02-17T19:02:17.525164;mvtec_AD/bottle;cont_0pct_none;0.0;none;5;5;5;0;0;83;20;63;4;5;95;0.9905;0.9970;0.9760;0.8889;0.9683;;;;;;;;;2.22
2026-02-17T19:02:19.782862;mvtec_AD/bottle;cont_0pct_loo_patch;0.0;loo_patch;5;5;5;0;196;83;20;63;4;5;95;0.9873;0.9960;0.9764;0.8889;0.8889;-0.0032;;;;;;;;2.25
2026-02-17T19:02:24.091284;mvtec_AD/bottle;cont_0pct_mahalanobis_patch;0.0;mahalanobis_patch;5;5;5;0;196;83;20;63;4;5;95;0.9849;0.9953;0.9764;0.8889;0.8889;-0.0056;;;;;;;;4.21
2026-02-17T19:02:27.514037;mvtec_AD/bottle;cont_0pct_ensemble_loo_mahal;0.0;ensemble_loo_mahal;5;5;5;0;196;83;20;63;4;5;95;0.9849;0.9953;0.9764;0.8889;0.8889;-0.0056;;;;;;;;3.42
2026-02-17T19:02:29.621538;mvtec_AD/bottle;cont_20pct_none;0.2;none;5;5;5;1;0;83;20;63;4;5;95;0.9738;0.9929;0.9612;0.8889;0.9365;-0.0167;;;;;;;;2.09
2026-02-17T19:02:32.115576;mvtec_AD/bottle;cont_20pct_loo_patch;0.2;loo_patch;5;5;5;1;196;83;20;63;4;5;95;0.9905;0.9970;0.9760;0.8889;0.9683;0.0000;1.0000;1.0000;1;1.0000;1.0000;;;2.28
2026-02-17T19:02:35.185950;mvtec_AD/bottle;cont_20pct_mahalanobis_patch;0.2;mahalanobis_patch;5;5;5;1;196;83;20;63;4;5;95;0.9873;0.9961;0.9760;0.8889;0.9683;-0.0032;0.8095;1.0000;1;1.0000;1.0000;;;3.07
2026-02-17T19:02:39.248164;mvtec_AD/bottle;cont_20pct_ensemble_loo_mahal;0.2;ensemble_loo_mahal;5;5;5;1;196;83;20;63;4;5;95;0.9897;0.9968;0.9760;0.8889;0.9683;-0.0008;0.9524;1.0000;1;1.0000;1.0000;;;4.06
2026-02-17T19:02:41.234893;mvtec_AD/bottle;cont_30pct_none;0.3;none;5;5;5;2;0;83;20;63;4;5;95;0.9556;0.9882;0.9600;0.8571;0.8889;-0.0349;;;;;;;;1.97
2026-02-17T19:02:43.463809;mvtec_AD/bottle;cont_30pct_loo_patch;0.3;loo_patch;5;5;5;2;196;83;20;63;4;5;95;0.9698;0.9917;0.9683;0.8730;0.9048;-0.0206;0.4091;1.0000;1;1.0000;1.0000;;;2.10
2026-02-17T19:02:47.155265;mvtec_AD/bottle;cont_30pct_mahalanobis_patch;0.3;mahalanobis_patch;5;5;5;2;196;83;20;63;4;5;95;0.9817;0.9947;0.9764;0.8571;0.9524;-0.0087;0.7500;1.0000;1;1.0000;1.0000;;;3.68
2026-02-17T19:02:50.968477;mvtec_AD/bottle;cont_30pct_ensemble_loo_mahal;0.3;ensemble_loo_mahal;5;5;5;2;196;83;20;63;4;5;95;0.9841;0.9952;0.9764;0.8730;0.9206;-0.0063;0.8182;1.0000;1;1.0000;1.0000;;;3.81
2026-02-17T19:02:55.481175;mvtec_AD/cable;cont_20pct_none;0.2;none;5;5;5;1;0;150;58;92;0;5;95;0.8932;0.9425;0.8588;0.6087;0.6739;;;;;;;;;3.76
2026-02-17T19:02:59.118977;mvtec_AD/cable;cont_20pct_loo_patch;0.2;loo_patch;5;5;5;1;196;150;58;92;0;5;95;0.8433;0.9091;0.8169;0.4457;0.5217;;;1.0000;1;1.0000;1.0000;;;3.63
2026-02-17T19:03:04.510118;mvtec_AD/cable;cont_20pct_mahalanobis_patch;0.2;mahalanobis_patch;5;5;5;1;196;150;58;92;0;5;95;0.8922;0.9424;0.8736;0.6087;0.6848;;;1.0000;1;1.0000;1.0000;;;5.38
2026-02-17T19:03:08.882417;mvtec_AD/cable;cont_20pct_ensemble_loo_mahal;0.2;ensemble_loo_mahal;5;5;5;1;196;150;58;92;0;5;95;0.8521;0.9141;0.8203;0.4783;0.5543;;;1.0000;1;1.0000;1.0000;;;4.36
2026-02-17T19:03:12.271903;mvtec_AD/cable;cont_0pct_none;0.0;none;5;5;5;0;0;150;58;92;1;5;95;0.9337;0.9628;0.9005;0.6196;0.8043;;;;;;;;;3.26
2026-02-17T19:03:16.014002;mvtec_AD/cable;cont_0pct_loo_patch;0.0;loo_patch;5;5;5;0;196;150;58;92;1;5;95;0.9297;0.9616;0.8962;0.6630;0.7609;-0.0039;;;;;;;;3.73
2026-02-17T19:03:21.366319;mvtec_AD/cable;cont_0pct_mahalanobis_patch;0.0;mahalanobis_patch;5;5;5;0;196;150;58;92;1;5;95;0.9415;0.9679;0.9180;0.6304;0.7935;0.0079;;;;;;;;5.26
2026-02-17T19:03:27.045276;mvtec_AD/cable;cont_0pct_ensemble_loo_mahal;0.0;ensemble_loo_mahal;5;5;5;0;196;150;58;92;1;5;95;0.9365;0.9656;0.9180;0.6522;0.7717;0.0028;;;;;;;;5.67
2026-02-17T19:03:29.977905;mvtec_AD/cable;cont_20pct_none;0.2;none;5;5;5;1;0;150;58;92;1;5;95;0.9067;0.9486;0.8830;0.5543;0.7391;-0.0270;;;;;;;;2.92
2026-02-17T19:03:33.698049;mvtec_AD/cable;cont_20pct_loo_patch;0.2;loo_patch;5;5;5;1;196;150;58;92;1;5;95;0.8966;0.9431;0.8701;0.5652;0.6957;-0.0371;-0.3750;0.5000;0;0.0000;0.0000;;;3.71
2026-02-17T19:03:38.658810;mvtec_AD/cable;cont_20pct_mahalanobis_patch;0.2;mahalanobis_patch;5;5;5;1;196;150;58;92;1;5;95;0.9129;0.9526;0.8925;0.5978;0.7283;-0.0208;0.2292;0.5000;0;0.0000;0.0000;;;4.96
2026-02-17T19:03:44.398014;mvtec_AD/cable;cont_20pct_ensemble_loo_mahal;0.2;ensemble_loo_mahal;5;5;5;1;196;150;58;92;1;5;95;0.9076;0.9503;0.8865;0.5870;0.7283;-0.0260;0.0347;0.5000;0;0.0000;0.0000;;;5.73
2026-02-17T19:03:47.683169;mvtec_AD/cable;cont_30pct_none;0.3;none;5;5;5;2;0;150;58;92;1;5;95;0.8471;0.9112;0.8341;0.4783;0.5435;-0.0866;;;;;;;;3.27
2026-02-17T19:03:51.529927;mvtec_AD/cable;cont_30pct_loo_patch;0.3;loo_patch;5;5;5;2;196;150;58;92;1;5;95;0.8379;0.9049;0.8279;0.4457;0.5326;-0.0958;-0.1061;0.3333;0;0.5000;0.5000;;;3.84
2026-02-17T19:03:56.143193;mvtec_AD/cable;cont_30pct_mahalanobis_patch;0.3;mahalanobis_patch;5;5;5;2;196;150;58;92;1;5;95;0.8587;0.9200;0.8374;0.5217;0.5543;-0.0750;0.1342;0.3333;0;0.5000;0.5000;;;4.61
2026-02-17T19:04:01.958481;mvtec_AD/cable;cont_30pct_ensemble_loo_mahal;0.3;ensemble_loo_mahal;5;5;5;2;196;150;58;92;1;5;95;0.8493;0.9120;0.8317;0.4783;0.5543;-0.0843;0.0260;0.3333;0;0.5000;0.5000;;;5.81
2026-02-17T19:04:04.892472;mvtec_AD/cable;cont_0pct_none;0.0;none;5;5;5;0;0;150;58;92;2;5;95;0.8137;0.8880;0.8318;0.4457;0.4783;;;;;;;;;2.80
2026-02-17T19:04:08.539219;mvtec_AD/cable;cont_0pct_loo_patch;0.0;loo_patch;5;5;5;0;196;150;58;92;2;5;95;0.8192;0.8921;0.8279;0.4457;0.5217;0.0054;;;;;;;;3.64
2026-02-17T19:04:14.454312;mvtec_AD/cable;cont_0pct_mahalanobis_patch;0.0;mahalanobis_patch;5;5;5;0;196;150;58;92;2;5;95;0.8143;0.8893;0.8333;0.4457;0.5217;0.0006;;;;;;;;5.82
2026-02-17T19:04:19.903411;mvtec_AD/cable;cont_0pct_ensemble_loo_mahal;0.0;ensemble_loo_mahal;5;5;5;0;196;150;58;92;2;5;95;0.8130;0.8891;0.8279;0.4565;0.5217;-0.0007;;;;;;;;5.45
2026-02-17T19:04:23.673299;mvtec_AD/cable;cont_20pct_none;0.2;none;5;5;5;1;0;150;58;92;2;5;95;0.8355;0.9047;0.8286;0.5109;0.5543;0.0217;;;;;;;;3.76
2026-02-17T19:04:26.843760;mvtec_AD/cable;cont_20pct_loo_patch;0.2;loo_patch;5;5;5;1;196;150;58;92;2;5;95;0.8263;0.8968;0.8318;0.4891;0.5435;0.0126;0.4224;1.0000;1;1.0000;1.0000;;;3.17
2026-02-17T19:04:31.908521;mvtec_AD/cable;cont_20pct_mahalanobis_patch;0.2;mahalanobis_patch;5;5;5;1;196;150;58;92;2;5;95;0.8371;0.9046;0.8357;0.5217;0.5326;0.0234;-0.0776;1.0000;1;1.0000;1.0000;;;5.06
2026-02-17T19:04:37.091174;mvtec_AD/cable;cont_20pct_ensemble_loo_mahal;0.2;ensemble_loo_mahal;5;5;5;1;196;150;58;92;2;5;95;0.8306;0.9004;0.8357;0.5000;0.5435;0.0169;0.2241;1.0000;1;1.0000;1.0000;;;5.18
2026-02-17T19:04:40.925823;mvtec_AD/cable;cont_30pct_none;0.3;none;5;5;5;2;0;150;58;92;2;5;95;0.8581;0.9254;0.8177;0.5870;0.6848;0.0444;;;;;;;;3.82
2026-02-17T19:04:44.828237;mvtec_AD/cable;cont_30pct_loo_patch;0.3;loo_patch;5;5;5;2;196;150;58;92;2;5;95;0.8626;0.9253;0.8263;0.5543;0.6739;0.0489;-0.1013;1.0000;1;1.0000;1.0000;;;3.87
2026-02-17T19:04:50.203634;mvtec_AD/cable;cont_30pct_mahalanobis_patch;0.3;mahalanobis_patch;5;5;5;2;196;150;58;92;2;5;95;0.8733;0.9325;0.8298;0.6413;0.6630;0.0596;-0.3418;1.0000;1;1.0000;1.0000;;;5.36
2026-02-17T19:04:54.902517;mvtec_AD/cable;cont_30pct_ensemble_loo_mahal;0.3;ensemble_loo_mahal;5;5;5;2;196;150;58;92;2;5;95;0.8705;0.9312;0.8263;0.6522;0.6848;0.0568;-0.2785;1.0000;1;1.0000;1.0000;;;4.69
2026-02-17T19:04:58.559697;mvtec_AD/cable;cont_0pct_none;0.0;none;5;5;5;0;0;150;58;92;3;5;95;0.9040;0.9515;0.8671;0.6848;0.7717;;;;;;;;;3.50
2026-02-17T19:05:01.464261;mvtec_AD/cable;cont_0pct_loo_patch;0.0;loo_patch;5;5;5;0;196;150;58;92;3;5;95;0.8501;0.9208;0.8235;0.5543;0.6304;-0.0540;;;;;;;;2.90
2026-02-17T19:05:06.916225;mvtec_AD/cable;cont_0pct_mahalanobis_patch;0.0;mahalanobis_patch;5;5;5;0;196;150;58;92;3;5;95;0.8982;0.9481;0.8588;0.6848;0.7065;-0.0058;;;;;;;;5.45
2026-02-17T19:05:12.138853;mvtec_AD/cable;cont_0pct_ensemble_loo_mahal;0.0;ensemble_loo_mahal;5;5;5;0;196;150;58;92;3;5;95;0.8643;0.9298;0.8492;0.5978;0.6413;-0.0397;;;;;;;;5.22
2026-02-17T19:05:15.902311;mvtec_AD/cable;cont_20pct_none;0.2;none;5;5;5;1;0;150;58;92;3;5;95;0.9031;0.9527;0.8778;0.7283;0.7717;-0.0009;;;;;;;;3.75
2026-02-17T19:05:19.790280;mvtec_AD/cable;cont_20pct_loo_patch;0.2;loo_patch;5;5;5;1;196;150;58;92;3;5;95;0.8686;0.9312;0.8526;0.5761;0.6630;-0.0354;-36.8000;0.7500;0;0.0000;0.0000;;;3.78
2026-02-17T19:05:26.263325;mvtec_AD/cable;cont_20pct_mahalanobis_patch;0.2;mahalanobis_patch;5;5;5;1;196;150;58;92;3;5;95;0.8958;0.9492;0.8660;0.7283;0.7500;-0.0082;-7.8000;0.7500;0;0.0000;0.0000;;;6.47
2026-02-17T19:05:30.860610;mvtec_AD/cable;cont_20pct_ensemble_loo_mahal;0.2;ensemble_loo_mahal;5;5;5;1;196;150;58;92;3;5;95;0.8834;0.9417;0.8663;0.6848;0.7174;-0.0206;-21.0000;0.7500;0;0.0000;0.0000;;;4.59
2026-02-17T19:05:34.160427;mvtec_AD/cable;cont_30pct_none;0.3;none;5;5;5;2;0;150;58;92;3;5;95;0.8941;0.9467;0.8667;0.6522;0.7391;-0.0099;;;;;;;;3.28
2026-02-17T19:05:38.224239;mvtec_AD/cable;cont_30pct_loo_patch;0.3;loo_patch;5;5;5;2;196;150;58;92;3;5;95;0.8857;0.9407;0.8538;0.5978;0.7174;-0.0184;-0.8491;0.3333;0;0.5000;0.5000;;;3.89
2026-02-17T19:05:43.478504;mvtec_AD/cable;cont_30pct_mahalanobis_patch;0.3;mahalanobis_patch;5;5;5;2;196;150;58;92;3;5;95;0.8902;0.9445;0.8737;0.6739;0.7174;-0.0139;-0.3962;0.3333;0;0.5000;0.5000;;;5.15
2026-02-17T19:05:48.819590;mvtec_AD/cable;cont_30pct_ensemble_loo_mahal;0.3;ensemble_loo_mahal;5;5;5;2;196;150;58;92;3;5;95;0.8928;0.9453;0.8646;0.6304;0.7283;-0.0112;-0.1321;0.3333;0;0.5000;0.5000;;;5.33
2026-02-17T19:05:51.929855;mvtec_AD/cable;cont_0pct_none;0.0;none;5;5;5;0;0;150;58;92;4;5;95;0.9130;0.9516;0.8710;0.6304;0.7391;;;;;;;;;3.00
2026-02-17T19:05:55.918709;mvtec_AD/cable;cont_0pct_loo_patch;0.0;loo_patch;5;5;5;0;196;150;58;92;4;5;95;0.9039;0.9461;0.8617;0.6087;0.6413;-0.0092;;;;;;;;3.98
2026-02-17T19:06:00.423194;mvtec_AD/cable;cont_0pct_mahalanobis_patch;0.0;mahalanobis_patch;5;5;5;0;196;150;58;92;4;5;95;0.9159;0.9535;0.8673;0.6522;0.7065;0.0028;;;;;;;;4.37
2026-02-17T19:06:05.931362;mvtec_AD/cable;cont_0pct_ensemble_loo_mahal;0.0;ensemble_loo_mahal;5;5;5;0;196;150;58;92;4;5;95;0.9144;0.9534;0.8778;0.6630;0.7500;0.0013;;;;;;;;5.50
2026-02-17T19:06:09.803968;mvtec_AD/cable;cont_20pct_none;0.2;none;5;5;5;1;0;150;58;92;4;5;95;0.9170;0.9535;0.8737;0.6413;0.7174;0.0039;;;;;;;;3.85
2026-02-17T19:06:13.497181;mvtec_AD/cable;cont_20pct_loo_patch;0.2;loo_patch;5;5;5;1;196;150;58;92;4;5;95;0.9149;0.9528;0.8710;0.6630;0.6957;0.0019;0.5238;0.7500;0;0.0000;0.0000;;;3.60
2026-02-17T19:06:18.767490;mvtec_AD/cable;cont_20pct_mahalanobis_patch;0.2;mahalanobis_patch;5;5;5;1;196;150;58;92;4;5;95;0.9157;0.9530;0.8796;0.6413;0.6957;0.0026;0.3333;0.7500;0;0.0000;0.0000;;;5.26
2026-02-17T19:06:24.494275;mvtec_AD/cable;cont_20pct_ensemble_loo_mahal;0.2;ensemble_loo_mahal;5;5;5;1;196;150;58;92;4;5;95;0.9187;0.9548;0.8776;0.6630;0.7391;0.0056;-0.4286;0.7500;0;0.0000;0.0000;;;5.72
2026-02-17T19:06:27.064517;mvtec_AD/cable;cont_30pct_none;0.3;none;5;5;5;2;0;150;58;92;4;5;95;0.8971;0.9440;0.8587;0.5978;0.6957;-0.0159;;;;;;;;2.56
2026-02-17T19:06:30.918717;mvtec_AD/cable;cont_30pct_loo_patch;0.3;loo_patch;5;5;5;2;196;150;58;92;4;5;95;0.9024;0.9483;0.8757;0.6304;0.7065;-0.0107;0.3294;0.3333;0;0.0000;0.0000;;;3.85
2026-02-17T19:06:36.326142;mvtec_AD/cable;cont_30pct_mahalanobis_patch;0.3;mahalanobis_patch;5;5;5;2;196;150;58;92;4;5;95;0.8966;0.9447;0.8723;0.5870;0.6848;-0.0165;-0.0353;0.3333;0;0.0000;0.0000;;;5.40
2026-02-17T19:06:41.834062;mvtec_AD/cable;cont_30pct_ensemble_loo_mahal;0.3;ensemble_loo_mahal;5;5;5;2;196;150;58;92;4;5;95;0.9010;0.9465;0.8770;0.5761;0.6957;-0.0120;0.2471;0.3333;0;0.0000;0.0000;;;5.50
2026-02-17T19:06:45.952934;mvtec_AD/capsule;cont_0pct_none;0.0;none;5;5;5;0;0;132;23;109;0;5;95;0.8572;0.9646;0.9356;0.4128;0.4954;;;;;;;;;3.33
2026-02-17T19:06:48.289135;mvtec_AD/capsule;cont_0pct_loo_patch;0.0;loo_patch;5;5;5;0;196;132;23;109;0;5;95;0.8412;0.9568;0.9292;0.2661;0.4679;-0.0160;;;;;;;;2.33
2026-02-17T19:06:52.581716;mvtec_AD/capsule;cont_0pct_mahalanobis_patch;0.0;mahalanobis_patch;5;5;5;0;196;132;23;109;0;5;95;0.8181;0.9545;0.9316;0.4128;0.4312;-0.0391;;;;;;;;4.29
2026-02-17T19:06:57.230249;mvtec_AD/capsule;cont_0pct_ensemble_loo_mahal;0.0;ensemble_loo_mahal;5;5;5;0;196;132;23;109;0;5;95;0.8181;0.9523;0.9310;0.3394;0.5046;-0.0391;;;;;;;;4.64
2026-02-17T19:07:00.649623;mvtec_AD/capsule;cont_20pct_none;0.2;none;5;5;5;1;0;132;23;109;0;5;95;0.8404;0.9605;0.9310;0.3486;0.5596;-0.0168;;;;;;;;3.41
2026-02-17T19:07:04.080335;mvtec_AD/capsule;cont_20pct_loo_patch;0.2;loo_patch;5;5;5;1;196;132;23;109;0;5;95;0.8456;0.9627;0.9270;0.4587;0.4954;-0.0116;0.3095;0.2500;0;0.0000;0.0000;;;3.29
2026-02-17T19:07:09.065900;mvtec_AD/capsule;cont_20pct_mahalanobis_patch;0.2;mahalanobis_patch;5;5;5;1;196;132;23;109;0;5;95;0.8093;0.9529;0.9264;0.4037;0.4312;-0.0479;-1.8571;0.2500;0;0.0000;0.0000;;;4.85
2026-02-17T19:07:13.263563;mvtec_AD/capsule;cont_20pct_ensemble_loo_mahal;0.2;ensemble_loo_mahal;5;5;5;1;196;132;23;109;0;5;95;0.8213;0.9546;0.9244;0.3945;0.4312;-0.0359;-1.1429;0.2500;0;0.0000;0.0000;;;4.19
2026-02-17T19:07:16.456552;mvtec_AD/capsule;cont_30pct_none;0.3;none;5;5;5;2;0;132;23;109;0;5;95;0.8022;0.9506;0.9106;0.3578;0.3853;-0.0550;;;;;;;;3.18
2026-02-17T19:07:19.041565;mvtec_AD/capsule;cont_30pct_loo_patch;0.3;loo_patch;5;5;5;2;196;132;23;109;0;5;95;0.7878;0.9455;0.9091;0.2752;0.4312;-0.0694;-0.2609;0.3333;0;0.0000;0.0000;;;2.58
2026-02-17T19:07:23.820150;mvtec_AD/capsule;cont_30pct_mahalanobis_patch;0.3;mahalanobis_patch;5;5;5;2;196;132;23;109;0;5;95;0.7810;0.9429;0.9106;0.2752;0.3853;-0.0762;-0.3841;0.3333;0;0.0000;0.0000;;;4.77
2026-02-17T19:07:29.309004;mvtec_AD/capsule;cont_30pct_ensemble_loo_mahal;0.3;ensemble_loo_mahal;5;5;5;2;196;132;23;109;0;5;95;0.7914;0.9480;0.9099;0.3945;0.4312;-0.0658;-0.1957;0.3333;0;0.0000;0.0000;;;5.48
2026-02-17T19:07:32.626302;mvtec_AD/capsule;cont_0pct_none;0.0;none;5;5;5;0;0;132;23;109;1;5;95;0.8265;0.9562;0.9264;0.4037;0.4220;;;;;;;;;3.17
2026-02-17T19:07:36.041550;mvtec_AD/capsule;cont_0pct_loo_patch;0.0;loo_patch;5;5;5;0;196;132;23;109;1;5;95;0.8277;0.9544;0.9333;0.2385;0.4862;0.0012;;;;;;;;3.40
2026-02-17T19:07:40.512098;mvtec_AD/capsule;cont_0pct_mahalanobis_patch;0.0;mahalanobis_patch;5;5;5;0;196;132;23;109;1;5;95;0.8061;0.9498;0.9185;0.3028;0.3945;-0.0203;;;;;;;;4.23
2026-02-17T19:07:45.710043;mvtec_AD/capsule;cont_0pct_ensemble_loo_mahal;0.0;ensemble_loo_mahal;5;5;5;0;196;132;23;109;1;5;95;0.8273;0.9557;0.9251;0.3028;0.4587;0.0008;;;;;;;;5.19
2026-02-17T19:07:47.938126;mvtec_AD/capsule;cont_20pct_none;0.2;none;5;5;5;1;0;132;23;109;1;5;95;0.8297;0.9557;0.9381;0.3761;0.3853;0.0032;;;;;;;;2.21
2026-02-17T19:07:51.247228;mvtec_AD/capsule;cont_20pct_loo_patch;0.2;loo_patch;5;5;5;1;196;132;23;109;1;5;95;0.8436;0.9552;0.9298;0.1927;0.4954;0.0172;-4.3750;1.0000;1;1.0000;1.0000;;;3.30
2026-02-17T19:07:56.006294;mvtec_AD/capsule;cont_20pct_mahalanobis_patch;0.2;mahalanobis_patch;5;5;5;1;196;132;23;109;1;5;95;0.8185;0.9524;0.9327;0.2844;0.4954;-0.0080;3.5000;1.0000;1;1.0000;1.0000;;;4.75
2026-02-17T19:08:00.898823;mvtec_AD/capsule;cont_20pct_ensemble_loo_mahal;0.2;ensemble_loo_mahal;5;5;5;1;196;132;23;109;1;5;95;0.8428;0.9580;0.9333;0.2844;0.5321;0.0164;-4.1250;1.0000;1;1.0000;1.0000;;;4.88
2026-02-17T19:08:04.374264;mvtec_AD/capsule;cont_30pct_none;0.3;none;5;5;5;2;0;132;23;109;1;5;95;0.8057;0.9494;0.9156;0.3303;0.3670;-0.0207;;;;;;;;3.46
2026-02-17T19:08:07.874904;mvtec_AD/capsule;cont_30pct_loo_patch;0.3;loo_patch;5;5;5;2;196;132;23;109;1;5;95;0.8137;0.9513;0.9170;0.2661;0.4587;-0.0128;0.3846;1.0000;1;1.0000;1.0000;;;3.31
2026-02-17T19:08:13.837345;mvtec_AD/capsule;cont_30pct_mahalanobis_patch;0.3;mahalanobis_patch;5;5;5;2;196;132;23;109;1;5;95;0.8093;0.9519;0.9204;0.3578;0.4954;-0.0172;0.1731;1.0000;1;1.0000;1.0000;;;5.96
2026-02-17T19:08:18.119445;mvtec_AD/capsule;cont_30pct_ensemble_loo_mahal;0.3;ensemble_loo_mahal;5;5;5;2;196;132;23;109;1;5;95;0.8105;0.9529;0.9160;0.4037;0.4312;-0.0160;0.2308;1.0000;1;1.0000;1.0000;;;4.27
2026-02-17T19:08:21.461419;mvtec_AD/capsule;cont_0pct_none;0.0;none;5;5;5;0;0;132;23;109;2;5;95;0.8580;0.9666;0.9185;0.3945;0.6422;;;;;;;;;3.23
2026-02-17T19:08:24.412332;mvtec_AD/capsule;cont_0pct_loo_patch;0.0;loo_patch;5;5;5;0;196;132;23;109;2;5;95;0.8157;0.9516;0.9153;0.2110;0.5688;-0.0423;;;;;;;;2.95
2026-02-17T19:08:29.731687;mvtec_AD/capsule;cont_0pct_mahalanobis_patch;0.0;mahalanobis_patch;5;5;5;0;196;132;23;109;2;5;95;0.8225;0.9566;0.9153;0.3578;0.5688;-0.0355;;;;;;;;5.20
2026-02-17T19:08:34.943129;mvtec_AD/capsule;cont_0pct_ensemble_loo_mahal;0.0;ensemble_loo_mahal;5;5;5;0;196;132;23;109;2;5;95;0.8321;0.9600;0.9185;0.3670;0.6055;-0.0259;;;;;;;;5.21
2026-02-17T19:08:38.084345;mvtec_AD/capsule;cont_20pct_none;0.2;none;5;5;5;1;0;132;23;109;2;5;95;0.8161;0.9557;0.9076;0.3303;0.5505;-0.0419;;;;;;;;3.13
2026-02-17T19:08:40.509986;mvtec_AD/capsule;cont_20pct_loo_patch;0.2;loo_patch;5;5;5;1;196;132;23;109;2;5;95;0.8030;0.9485;0.9140;0.2385;0.4862;-0.0550;-0.3143;0.2500;0;0.0000;0.0000;;;2.40
2026-02-17T19:08:45.514623;mvtec_AD/capsule;cont_20pct_mahalanobis_patch;0.2;mahalanobis_patch;5;5;5;1;196;132;23;109;2;5;95;0.7934;0.9496;0.9083;0.3670;0.5413;-0.0646;-0.5429;0.2500;0;0.0000;0.0000;;;5.00
2026-02-17T19:08:50.243371;mvtec_AD/capsule;cont_20pct_ensemble_loo_mahal;0.2;ensemble_loo_mahal;5;5;5;1;196;132;23;109;2;5;95;0.7886;0.9447;0.9083;0.2110;0.4862;-0.0694;-0.6571;0.2500;0;0.0000;0.0000;;;4.72
2026-02-17T19:08:53.653295;mvtec_AD/capsule;cont_30pct_none;0.3;none;5;5;5;2;0;132;23;109;2;5;95;0.8293;0.9592;0.9065;0.3394;0.5321;-0.0287;;;;;;;;3.40
2026-02-17T19:08:57.206161;mvtec_AD/capsule;cont_30pct_loo_patch;0.3;loo_patch;5;5;5;2;196;132;23;109;2;5;95;0.8293;0.9551;0.9115;0.2294;0.5321;-0.0287;0.0000;0.6667;1;0.5000;0.5000;;;3.46
2026-02-17T19:09:02.164436;mvtec_AD/capsule;cont_30pct_mahalanobis_patch;0.3;mahalanobis_patch;5;5;5;2;196;132;23;109;2;5;95;0.8137;0.9540;0.9140;0.3211;0.5046;-0.0443;-0.5417;0.6667;1;0.5000;0.5000;;;4.95
2026-02-17T19:09:06.332855;mvtec_AD/capsule;cont_30pct_ensemble_loo_mahal;0.3;ensemble_loo_mahal;5;5;5;2;196;132;23;109;2;5;95;0.8169;0.9521;0.9083;0.2294;0.5413;-0.0411;-0.4306;0.6667;1;0.5000;0.5000;;;4.16
2026-02-17T19:09:09.649547;mvtec_AD/capsule;cont_0pct_none;0.0;none;5;5;5;0;0;132;23;109;3;5;95;0.8732;0.9699;0.9391;0.5138;0.5505;;;;;;;;;3.18
2026-02-17T19:09:12.326459;mvtec_AD/capsule;cont_0pct_loo_patch;0.0;loo_patch;5;5;5;0;196;132;23;109;3;5;95;0.8608;0.9632;0.9381;0.3211;0.5046;-0.0124;;;;;;;;2.67
2026-02-17T19:09:17.368471;mvtec_AD/capsule;cont_0pct_mahalanobis_patch;0.0;mahalanobis_patch;5;5;5;0;196;132;23;109;3;5;95;0.8464;0.9606;0.9333;0.3578;0.4862;-0.0267;;;;;;;;5.04
2026-02-17T19:09:22.715310;mvtec_AD/capsule;cont_0pct_ensemble_loo_mahal;0.0;ensemble_loo_mahal;5;5;5;0;196;132;23;109;3;5;95;0.8472;0.9618;0.9417;0.4312;0.5229;-0.0259;;;;;;;;5.34
2026-02-17T19:09:25.492494;mvtec_AD/capsule;cont_20pct_none;0.2;none;5;5;5;1;0;132;23;109;3;5;95;0.8644;0.9683;0.9224;0.4771;0.5321;-0.0088;;;;;;;;2.77
2026-02-17T19:09:29.076113;mvtec_AD/capsule;cont_20pct_loo_patch;0.2;loo_patch;5;5;5;1;196;132;23;109;3;5;95;0.8381;0.9541;0.9327;0.1835;0.3853;-0.0351;-3.0000;1.0000;1;1.0000;1.0000;;;3.57
2026-02-17T19:09:33.432489;mvtec_AD/capsule;cont_20pct_mahalanobis_patch;0.2;mahalanobis_patch;5;5;5;1;196;132;23;109;3;5;95;0.8341;0.9557;0.9196;0.2569;0.4404;-0.0391;-3.4545;1.0000;1;1.0000;1.0000;;;3.94
2026-02-17T19:09:38.899093;mvtec_AD/capsule;cont_20pct_ensemble_loo_mahal;0.2;ensemble_loo_mahal;5;5;5;1;196;132;23;109;3;5;95;0.8548;0.9609;0.9381;0.2752;0.4312;-0.0183;-1.0909;1.0000;1;1.0000;1.0000;;;5.46
2026-02-17T19:09:41.209266;mvtec_AD/capsule;cont_30pct_none;0.3;none;5;5;5;2;0;132;23;109;3;5;95;0.8843;0.9742;0.9156;0.5229;0.5596;0.0112;;;;;;;;2.30
2026-02-17T19:09:44.689683;mvtec_AD/capsule;cont_30pct_loo_patch;0.3;loo_patch;5;5;5;2;196;132;23;109;3;5;95;0.8692;0.9698;0.9160;0.4587;0.5505;-0.0040;1.3571;1.0000;1;1.0000;1.0000;;;3.47
2026-02-17T19:09:49.640591;mvtec_AD/capsule;cont_30pct_mahalanobis_patch;0.3;mahalanobis_patch;5;5;5;2;196;132;23;109;3;5;95;0.8444;0.9601;0.9138;0.2936;0.5229;-0.0287;3.5714;1.0000;1;1.0000;1.0000;;;4.84
2026-02-17T19:09:54.238532;mvtec_AD/capsule;cont_30pct_ensemble_loo_mahal;0.3;ensemble_loo_mahal;5;5;5;2;196;132;23;109;3;5;95;0.8416;0.9595;0.9163;0.3303;0.5229;-0.0315;3.8214;1.0000;1;1.0000;1.0000;;;4.59
2026-02-17T19:09:57.768112;mvtec_AD/capsule;cont_0pct_none;0.0;none;5;5;5;0;0;132;23;109;4;5;95;0.8273;0.9584;0.9198;0.4220;0.5229;;;;;;;;;3.35
2026-02-17T19:10:00.961852;mvtec_AD/capsule;cont_0pct_loo_patch;0.0;loo_patch;5;5;5;0;196;132;23;109;4;5;95;0.8165;0.9495;0.9286;0.2110;0.4128;-0.0108;;;;;;;;3.19
2026-02-17T19:10:06.230886;mvtec_AD/capsule;cont_0pct_mahalanobis_patch;0.0;mahalanobis_patch;5;5;5;0;196;132;23;109;4;5;95;0.8381;0.9605;0.9251;0.4128;0.5229;0.0108;;;;;;;;5.27
2026-02-17T19:10:10.443044;mvtec_AD/capsule;cont_0pct_ensemble_loo_mahal;0.0;ensemble_loo_mahal;5;5;5;0;196;132;23;109;4;5;95;0.8201;0.9518;0.9339;0.2752;0.4679;-0.0072;;;;;;;;4.20
2026-02-17T19:10:13.867126;mvtec_AD/capsule;cont_20pct_none;0.2;none;5;5;5;1;0;132;23;109;4;5;95;0.7850;0.9465;0.9083;0.3486;0.4128;-0.0423;;;;;;;;3.41
2026-02-17T19:10:16.933785;mvtec_AD/capsule;cont_20pct_loo_patch;0.2;loo_patch;5;5;5;1;196;132;23;109;4;5;95;0.7950;0.9460;0.9156;0.2477;0.4404;-0.0323;0.2358;0.5000;0;0.0000;0.0000;;;3.06
2026-02-17T19:10:22.132715;mvtec_AD/capsule;cont_20pct_mahalanobis_patch;0.2;mahalanobis_patch;5;5;5;1;196;132;23;109;4;5;95;0.7978;0.9481;0.9107;0.2844;0.5138;-0.0295;0.3019;0.5000;0;0.0000;0.0000;;;5.07
2026-02-17T19:10:27.030436;mvtec_AD/capsule;cont_20pct_ensemble_loo_mahal;0.2;ensemble_loo_mahal;5;5;5;1;196;132;23;109;4;5;95;0.7982;0.9472;0.9124;0.2294;0.5138;-0.0291;0.3113;0.5000;0;0.0000;0.0000;;;4.89
2026-02-17T19:10:30.117910;mvtec_AD/capsule;cont_30pct_none;0.3;none;5;5;5;2;0;132;23;109;4;5;95;0.8265;0.9602;0.9052;0.4495;0.5413;-0.0008;;;;;;;;3.07
2026-02-17T19:10:32.504884;mvtec_AD/capsule;cont_30pct_loo_patch;0.3;loo_patch;5;5;5;2;196;132;23;109;4;5;95;0.8069;0.9482;0.9140;0.2202;0.4954;-0.0203;-24.5000;0.6667;1;0.5000;0.5000;;;2.38
2026-02-17T19:10:36.724989;mvtec_AD/capsule;cont_30pct_mahalanobis_patch;0.3;mahalanobis_patch;5;5;5;2;196;132;23;109;4;5;95;0.8145;0.9524;0.9185;0.2661;0.4862;-0.0128;-15.0000;0.6667;1;0.5000;0.5000;;;4.22
2026-02-17T19:10:41.251360;mvtec_AD/capsule;cont_30pct_ensemble_loo_mahal;0.3;ensemble_loo_mahal;5;5;5;2;196;132;23;109;4;5;95;0.8133;0.9518;0.9145;0.2752;0.4771;-0.0140;-16.5000;0.6667;1;0.5000;0.5000;;;4.52
2026-02-17T19:10:45.206125;mvtec_AD/carpet;cont_0pct_none;0.0;none;5;5;5;0;0;117;28;89;0;5;95;0.9743;0.9911;0.9724;0.6742;0.7978;;;;;;;;;3.05
2026-02-17T19:10:48.314038;mvtec_AD/carpet;cont_0pct_loo_patch;0.0;loo_patch;5;5;5;0;196;117;28;89;0;5;95;0.9767;0.9918;0.9727;0.6629;0.8427;0.0024;;;;;;;;3.10
2026-02-17T19:10:52.932061;mvtec_AD/carpet;cont_0pct_mahalanobis_patch;0.0;mahalanobis_patch;5;5;5;0;196;117;28;89;0;5;95;0.9811;0.9933;0.9834;0.6966;0.8427;0.0068;;;;;;;;4.53
2026-02-17T19:10:56.859164;mvtec_AD/carpet;cont_0pct_ensemble_loo_mahal;0.0;ensemble_loo_mahal;5;5;5;0;196;117;28;89;0;5;95;0.9767;0.9920;0.9670;0.6966;0.8315;0.0024;;;;;;;;3.92
2026-02-17T19:10:59.687982;mvtec_AD/carpet;cont_20pct_none;0.2;none;5;5;5;1;0;117;28;89;0;5;95;0.9567;0.9863;0.9545;0.6292;0.7978;-0.0177;;;;;;;;2.81
2026-02-17T19:11:02.187392;mvtec_AD/carpet;cont_20pct_loo_patch;0.2;loo_patch;5;5;5;1;196;117;28;89;0;5;95;0.9727;0.9906;0.9663;0.6854;0.7978;-0.0016;0.9091;1.0000;1;1.0000;1.0000;;;2.49
2026-02-17T19:11:06.479524;mvtec_AD/carpet;cont_20pct_mahalanobis_patch;0.2;mahalanobis_patch;5;5;5;1;196;117;28;89;0;5;95;0.9735;0.9907;0.9670;0.6742;0.8090;-0.0008;0.9545;1.0000;1;1.0000;1.0000;;;4.29
2026-02-17T19:11:11.127349;mvtec_AD/carpet;cont_20pct_ensemble_loo_mahal;0.2;ensemble_loo_mahal;5;5;5;1;196;117;28;89;0;5;95;0.9715;0.9902;0.9667;0.6854;0.8202;-0.0028;0.8409;1.0000;1;1.0000;1.0000;;;4.64
2026-02-17T19:11:14.016151;mvtec_AD/carpet;cont_30pct_none;0.3;none;5;5;5;2;0;117;28;89;0;5;95;0.9346;0.9801;0.9432;0.6067;0.7303;-0.0397;;;;;;;;2.87
2026-02-17T19:11:16.742641;mvtec_AD/carpet;cont_30pct_loo_patch;0.3;loo_patch;5;5;5;2;196;117;28;89;0;5;95;0.9651;0.9882;0.9545;0.6629;0.7640;-0.0092;0.7677;1.0000;1;1.0000;1.0000;;;2.72
2026-02-17T19:11:21.585857;mvtec_AD/carpet;cont_30pct_mahalanobis_patch;0.3;mahalanobis_patch;5;5;5;2;196;117;28;89;0;5;95;0.9591;0.9868;0.9613;0.6404;0.7640;-0.0152;0.6162;1.0000;1;1.0000;1.0000;;;4.84
2026-02-17T19:11:26.853351;mvtec_AD/carpet;cont_30pct_ensemble_loo_mahal;0.3;ensemble_loo_mahal;5;5;5;2;196;117;28;89;0;5;95;0.9551;0.9855;0.9545;0.6292;0.7528;-0.0193;0.5152;1.0000;1;1.0000;1.0000;;;5.26
2026-02-17T19:11:29.997170;mvtec_AD/carpet;cont_0pct_none;0.0;none;5;5;5;0;0;117;28;89;1;5;95;0.9823;0.9939;0.9780;0.7191;0.8989;;;;;;;;;3.02
2026-02-17T19:11:32.464900;mvtec_AD/carpet;cont_0pct_loo_patch;0.0;loo_patch;5;5;5;0;196;117;28;89;1;5;95;0.9799;0.9932;0.9775;0.7191;0.9101;-0.0024;;;;;;;;2.46
2026-02-17T19:11:36.848793;mvtec_AD/carpet;cont_0pct_mahalanobis_patch;0.0;mahalanobis_patch;5;5;5;0;196;117;28;89;1;5;95;0.9787;0.9929;0.9670;0.7079;0.8876;-0.0036;;;;;;;;4.38
2026-02-17T19:11:41.966081;mvtec_AD/carpet;cont_0pct_ensemble_loo_mahal;0.0;ensemble_loo_mahal;5;5;5;0;196;117;28;89;1;5;95;0.9787;0.9928;0.9718;0.7079;0.8989;-0.0036;;;;;;;;5.11
2026-02-17T19:11:44.560028;mvtec_AD/carpet;cont_20pct_none;0.2;none;5;5;5;1;0;117;28;89;1;5;95;0.9454;0.9830;0.9503;0.6517;0.7640;-0.0369;;;;;;;;2.58
2026-02-17T19:11:47.597669;mvtec_AD/carpet;cont_20pct_loo_patch;0.2;loo_patch;5;5;5;1;196;117;28;89;1;5;95;0.9679;0.9893;0.9613;0.6517;0.8202;-0.0144;0.6087;0.7500;0;0.0000;0.0000;;;3.03
2026-02-17T19:11:52.170783;mvtec_AD/carpet;cont_20pct_mahalanobis_patch;0.2;mahalanobis_patch;5;5;5;1;196;117;28;89;1;5;95;0.9663;0.9886;0.9570;0.6629;0.7640;-0.0161;0.5652;0.7500;0;0.0000;0.0000;;;4.57
2026-02-17T19:11:56.437797;mvtec_AD/carpet;cont_20pct_ensemble_loo_mahal;0.2;ensemble_loo_mahal;5;5;5;1;196;117;28;89;1;5;95;0.9699;0.9898;0.9670;0.6629;0.8090;-0.0124;0.6630;0.7500;0;0.0000;0.0000;;;4.26
2026-02-17T19:11:59.140036;mvtec_AD/carpet;cont_30pct_none;0.3;none;5;5;5;2;0;117;28;89;1;5;95;0.9350;0.9801;0.9392;0.6404;0.7528;-0.0474;;;;;;;;2.69
2026-02-17T19:12:01.332718;mvtec_AD/carpet;cont_30pct_loo_patch;0.3;loo_patch;5;5;5;2;196;117;28;89;1;5;95;0.9547;0.9856;0.9514;0.6517;0.7865;-0.0277;0.4153;0.8333;1;0.5000;0.5000;;;2.18
2026-02-17T19:12:05.556368;mvtec_AD/carpet;cont_30pct_mahalanobis_patch;0.3;mahalanobis_patch;5;5;5;2;196;117;28;89;1;5;95;0.9502;0.9845;0.9438;0.6629;0.7753;-0.0321;0.3220;0.8333;1;0.5000;0.5000;;;4.21
2026-02-17T19:12:09.387928;mvtec_AD/carpet;cont_30pct_ensemble_loo_mahal;0.3;ensemble_loo_mahal;5;5;5;2;196;117;28;89;1;5;95;0.9486;0.9840;0.9405;0.6517;0.7865;-0.0337;0.2881;0.8333;1;0.5000;0.5000;;;3.83
2026-02-17T19:12:12.505017;mvtec_AD/carpet;cont_0pct_none;0.0;none;5;5;5;0;0;117;28;89;2;5;95;0.9791;0.9926;0.9778;0.6854;0.8764;;;;;;;;;2.98
2026-02-17T19:12:15.418666;mvtec_AD/carpet;cont_0pct_loo_patch;0.0;loo_patch;5;5;5;0;196;117;28;89;2;5;95;0.9819;0.9936;0.9832;0.6966;0.8876;0.0028;;;;;;;;2.91
2026-02-17T19:12:20.368181;mvtec_AD/carpet;cont_0pct_mahalanobis_patch;0.0;mahalanobis_patch;5;5;5;0;196;117;28;89;2;5;95;0.9823;0.9938;0.9780;0.7079;0.9101;0.0032;;;;;;;;4.83
2026-02-17T19:12:25.044501;mvtec_AD/carpet;cont_0pct_ensemble_loo_mahal;0.0;ensemble_loo_mahal;5;5;5;0;196;117;28;89;2;5;95;0.9815;0.9935;0.9832;0.6966;0.8989;0.0024;;;;;;;;4.67
2026-02-17T19:12:27.123333;mvtec_AD/carpet;cont_20pct_none;0.2;none;5;5;5;1;0;117;28;89;2;5;95;0.9474;0.9835;0.9492;0.6292;0.7640;-0.0317;;;;;;;;2.07
2026-02-17T19:12:30.368232;mvtec_AD/carpet;cont_20pct_loo_patch;0.2;loo_patch;5;5;5;1;196;117;28;89;2;5;95;0.9743;0.9911;0.9778;0.6629;0.8315;-0.0048;0.8481;1.0000;1;1.0000;1.0000;;;3.24
2026-02-17T19:12:34.214643;mvtec_AD/carpet;cont_20pct_mahalanobis_patch;0.2;mahalanobis_patch;5;5;5;1;196;117;28;89;2;5;95;0.9747;0.9910;0.9674;0.6517;0.8427;-0.0044;0.8608;1.0000;1;1.0000;1.0000;;;3.84
2026-02-17T19:12:38.852622;mvtec_AD/carpet;cont_20pct_ensemble_loo_mahal;0.2;ensemble_loo_mahal;5;5;5;1;196;117;28;89;2;5;95;0.9727;0.9907;0.9778;0.6517;0.8315;-0.0064;0.7975;1.0000;1;1.0000;1.0000;;;4.63
2026-02-17T19:12:41.619818;mvtec_AD/carpet;cont_30pct_none;0.3;none;5;5;5;2;0;117;28;89;2;5;95;0.9145;0.9747;0.9186;0.6180;0.7640;-0.0646;;;;;;;;2.75
2026-02-17T19:12:44.955602;mvtec_AD/carpet;cont_30pct_loo_patch;0.3;loo_patch;5;5;5;2;196;117;28;89;2;5;95;0.9350;0.9802;0.9371;0.6180;0.7640;-0.0441;0.3168;0.6667;1;0.5000;0.5000;;;2.97
2026-02-17T19:12:49.640088;mvtec_AD/carpet;cont_30pct_mahalanobis_patch;0.3;mahalanobis_patch;5;5;5;2;196;117;28;89;2;5;95;0.9366;0.9805;0.9379;0.6180;0.7640;-0.0425;0.3416;0.6667;1;0.5000;0.5000;;;4.68
2026-02-17T19:12:54.247047;mvtec_AD/carpet;cont_30pct_ensemble_loo_mahal;0.3;ensemble_loo_mahal;5;5;5;2;196;117;28;89;2;5;95;0.9342;0.9798;0.9371;0.6067;0.7640;-0.0449;0.3043;0.6667;1;0.5000;0.5000;;;4.60
2026-02-17T19:12:57.276049;mvtec_AD/carpet;cont_0pct_none;0.0;none;5;5;5;0;0;117;28;89;3;5;95;0.9679;0.9895;0.9565;0.6742;0.8427;;;;;;;;;2.90
2026-02-17T19:13:00.150748;mvtec_AD/carpet;cont_0pct_loo_patch;0.0;loo_patch;5;5;5;0;196;117;28;89;3;5;95;0.9763;0.9920;0.9778;0.7191;0.8876;0.0084;;;;;;;;2.87
2026-02-17T19:13:04.264507;mvtec_AD/carpet;cont_0pct_mahalanobis_patch;0.0;mahalanobis_patch;5;5;5;0;196;117;28;89;3;5;95;0.9799;0.9933;0.9778;0.7416;0.9101;0.0120;;;;;;;;4.11
2026-02-17T19:13:07.992026;mvtec_AD/carpet;cont_0pct_ensemble_loo_mahal;0.0;ensemble_loo_mahal;5;5;5;0;196;117;28;89;3;5;95;0.9779;0.9925;0.9778;0.7303;0.8652;0.0100;;;;;;;;3.72
2026-02-17T19:13:11.003497;mvtec_AD/carpet;cont_20pct_none;0.2;none;5;5;5;1;0;117;28;89;3;5;95;0.9611;0.9880;0.9556;0.6854;0.8539;-0.0068;;;;;;;;3.00
2026-02-17T19:13:13.814639;mvtec_AD/carpet;cont_20pct_loo_patch;0.2;loo_patch;5;5;5;1;196;117;28;89;3;5;95;0.9743;0.9915;0.9659;0.7079;0.8989;0.0064;1.9412;1.0000;1;1.0000;1.0000;;;2.81
2026-02-17T19:13:18.774651;mvtec_AD/carpet;cont_20pct_mahalanobis_patch;0.2;mahalanobis_patch;5;5;5;1;196;117;28;89;3;5;95;0.9763;0.9921;0.9775;0.7191;0.8764;0.0084;2.2353;1.0000;1;1.0000;1.0000;;;4.86
2026-02-17T19:13:23.468802;mvtec_AD/carpet;cont_20pct_ensemble_loo_mahal;0.2;ensemble_loo_mahal;5;5;5;1;196;117;28;89;3;5;95;0.9723;0.9909;0.9613;0.7191;0.8876;0.0044;1.6471;1.0000;1;1.0000;1.0000;;;4.69
2026-02-17T19:13:26.212372;mvtec_AD/carpet;cont_30pct_none;0.3;none;5;5;5;2;0;117;28;89;3;5;95;0.9526;0.9859;0.9551;0.6742;0.8427;-0.0152;;;;;;;;2.73
2026-02-17T19:13:29.330559;mvtec_AD/carpet;cont_30pct_loo_patch;0.3;loo_patch;5;5;5;2;196;117;28;89;3;5;95;0.9763;0.9919;0.9721;0.6966;0.8764;0.0084;1.5526;1.0000;1;1.0000;1.0000;;;3.11
2026-02-17T19:13:33.945279;mvtec_AD/carpet;cont_30pct_mahalanobis_patch;0.3;mahalanobis_patch;5;5;5;2;196;117;28;89;3;5;95;0.9755;0.9917;0.9659;0.7079;0.8652;0.0076;1.5000;1.0000;1;1.0000;1.0000;;;4.61
2026-02-17T19:13:38.360530;mvtec_AD/carpet;cont_30pct_ensemble_loo_mahal;0.3;ensemble_loo_mahal;5;5;5;2;196;117;28;89;3;5;95;0.9739;0.9913;0.9609;0.6966;0.8652;0.0060;1.3947;1.0000;1;1.0000;1.0000;;;4.41
2026-02-17T19:13:41.483930;mvtec_AD/carpet;cont_0pct_none;0.0;none;5;5;5;0;0;117;28;89;4;5;95;0.9819;0.9937;0.9778;0.7191;0.9101;;;;;;;;;3.00
2026-02-17T19:13:44.305393;mvtec_AD/carpet;cont_0pct_loo_patch;0.0;loo_patch;5;5;5;0;196;117;28;89;4;5;95;0.9807;0.9935;0.9721;0.7079;0.9438;-0.0012;;;;;;;;2.82
2026-02-17T19:13:48.613094;mvtec_AD/carpet;cont_0pct_mahalanobis_patch;0.0;mahalanobis_patch;5;5;5;0;196;117;28;89;4;5;95;0.9815;0.9938;0.9674;0.7079;0.9326;-0.0004;;;;;;;;4.30
2026-02-17T19:13:53.012410;mvtec_AD/carpet;cont_0pct_ensemble_loo_mahal;0.0;ensemble_loo_mahal;5;5;5;0;196;117;28;89;4;5;95;0.9831;0.9942;0.9724;0.7079;0.9438;0.0012;;;;;;;;4.39
2026-02-17T19:13:55.943877;mvtec_AD/carpet;cont_20pct_none;0.2;none;5;5;5;1;0;117;28;89;4;5;95;0.9647;0.9892;0.9600;0.7191;0.8989;-0.0173;;;;;;;;2.92
2026-02-17T19:13:59.093387;mvtec_AD/carpet;cont_20pct_loo_patch;0.2;loo_patch;5;5;5;1;196;117;28;89;4;5;95;0.9771;0.9924;0.9663;0.7191;0.9101;-0.0048;0.7209;1.0000;1;1.0000;1.0000;;;3.02
2026-02-17T19:14:03.625290;mvtec_AD/carpet;cont_20pct_mahalanobis_patch;0.2;mahalanobis_patch;5;5;5;1;196;117;28;89;4;5;95;0.9835;0.9945;0.9780;0.7416;0.8989;0.0016;1.0930;1.0000;1;1.0000;1.0000;;;4.53
2026-02-17T19:14:08.359342;mvtec_AD/carpet;cont_20pct_ensemble_loo_mahal;0.2;ensemble_loo_mahal;5;5;5;1;196;117;28;89;4;5;95;0.9819;0.9939;0.9727;0.7303;0.9101;0.0000;1.0000;1.0000;1;1.0000;1.0000;;;4.73
2026-02-17T19:14:11.160765;mvtec_AD/carpet;cont_30pct_none;0.3;none;5;5;5;2;0;117;28;89;4;5;95;0.9246;0.9780;0.9222;0.6404;0.7865;-0.0574;;;;;;;;2.79
2026-02-17T19:14:13.253789;mvtec_AD/carpet;cont_30pct_loo_patch;0.3;loo_patch;5;5;5;2;196;117;28;89;4;5;95;0.9563;0.9865;0.9425;0.6966;0.8202;-0.0257;0.5524;1.0000;1;1.0000;1.0000;;;2.08
2026-02-17T19:14:17.922649;mvtec_AD/carpet;cont_30pct_mahalanobis_patch;0.3;mahalanobis_patch;5;5;5;2;196;117;28;89;4;5;95;0.9502;0.9848;0.9497;0.6966;0.7865;-0.0317;0.4476;1.0000;1;1.0000;1.0000;;;4.66
2026-02-17T19:14:21.873124;mvtec_AD/carpet;cont_30pct_ensemble_loo_mahal;0.3;ensemble_loo_mahal;5;5;5;2;196;117;28;89;4;5;95;0.9498;0.9849;0.9480;0.6742;0.8090;-0.0321;0.4406;1.0000;1;1.0000;1.0000;;;3.95
2026-02-17T19:14:24.555372;mvtec_AD/grid;cont_0pct_none;0.0;none;5;5;5;0;0;78;21;57;0;5;95;0.9282;0.9739;0.9244;0.6667;0.7368;;;;;;;;;1.99
2026-02-17T19:14:26.612416;mvtec_AD/grid;cont_0pct_loo_patch;0.0;loo_patch;5;5;5;0;196;78;21;57;0;5;95;0.9532;0.9830;0.9322;0.7368;0.7719;0.0251;;;;;;;;2.05
2026-02-17T19:14:30.458272;mvtec_AD/grid;cont_0pct_mahalanobis_patch;0.0;mahalanobis_patch;5;5;5;0;196;78;21;57;0;5;95;0.9465;0.9804;0.9310;0.7193;0.7368;0.0184;;;;;;;;3.75
2026-02-17T19:14:34.346599;mvtec_AD/grid;cont_0pct_ensemble_loo_mahal;0.0;ensemble_loo_mahal;5;5;5;0;196;78;21;57;0;5;95;0.9465;0.9801;0.9310;0.6842;0.7719;0.0184;;;;;;;;3.88
2026-02-17T19:14:36.348304;mvtec_AD/grid;cont_20pct_none;0.2;none;5;5;5;1;0;78;21;57;0;5;95;0.8830;0.9563;0.9060;0.5088;0.6667;-0.0451;;;;;;;;1.99
2026-02-17T19:14:38.146354;mvtec_AD/grid;cont_20pct_loo_patch;0.2;loo_patch;5;5;5;1;196;78;21;57;0;5;95;0.9081;0.9646;0.9123;0.5789;0.6667;-0.0201;0.5556;1.0000;1;1.0000;1.0000;;;1.64
2026-02-17T19:14:41.987269;mvtec_AD/grid;cont_20pct_mahalanobis_patch;0.2;mahalanobis_patch;5;5;5;1;196;78;21;57;0;5;95;0.9215;0.9716;0.9217;0.6491;0.7018;-0.0067;0.8519;1.0000;1;1.0000;1.0000;;;3.83
2026-02-17T19:14:45.906324;mvtec_AD/grid;cont_20pct_ensemble_loo_mahal;0.2;ensemble_loo_mahal;5;5;5;1;196;78;21;57;0;5;95;0.9215;0.9709;0.9217;0.6491;0.6667;-0.0067;0.8519;1.0000;1;1.0000;1.0000;;;3.91
2026-02-17T19:14:47.419712;mvtec_AD/grid;cont_30pct_none;0.3;none;5;5;5;2;0;78;21;57;0;5;95;0.8296;0.9376;0.8814;0.4737;0.5614;-0.0986;;;;;;;;1.50
2026-02-17T19:14:48.845207;mvtec_AD/grid;cont_30pct_loo_patch;0.3;loo_patch;5;5;5;2;196;78;21;57;0;5;95;0.8555;0.9492;0.8908;0.6140;0.6667;-0.0727;0.2627;0.3333;0;0.0000;0.0000;;;1.42
2026-02-17T19:14:52.760453;mvtec_AD/grid;cont_30pct_mahalanobis_patch;0.3;mahalanobis_patch;5;5;5;2;196;78;21;57;0;5;95;0.8780;0.9579;0.9000;0.6491;0.6842;-0.0501;0.4915;0.3333;0;0.0000;0.0000;;;3.90
2026-02-17T19:14:56.190783;mvtec_AD/grid;cont_30pct_ensemble_loo_mahal;0.3;ensemble_loo_mahal;5;5;5;2;196;78;21;57;0;5;95;0.8705;0.9557;0.8908;0.6491;0.6667;-0.0576;0.4153;0.3333;0;0.0000;0.0000;;;3.43
2026-02-17T19:14:58.133522;mvtec_AD/grid;cont_0pct_none;0.0;none;5;5;5;0;0;78;21;57;1;5;95;0.8939;0.9648;0.8829;0.7544;0.7544;;;;;;;;;1.84
2026-02-17T19:15:00.232749;mvtec_AD/grid;cont_0pct_loo_patch;0.0;loo_patch;5;5;5;0;196;78;21;57;1;5;95;0.8972;0.9650;0.8871;0.7368;0.7368;0.0033;;;;;;;;2.10
2026-02-17T19:15:04.220375;mvtec_AD/grid;cont_0pct_mahalanobis_patch;0.0;mahalanobis_patch;5;5;5;0;196;78;21;57;1;5;95;0.9089;0.9699;0.8952;0.7544;0.8246;0.0150;;;;;;;;3.84
2026-02-17T19:15:07.983850;mvtec_AD/grid;cont_0pct_ensemble_loo_mahal;0.0;ensemble_loo_mahal;5;5;5;0;196;78;21;57;1;5;95;0.9073;0.9693;0.8952;0.7368;0.8246;0.0134;;;;;;;;3.76
2026-02-17T19:15:09.944926;mvtec_AD/grid;cont_20pct_none;0.2;none;5;5;5;1;0;78;21;57;1;5;95;0.8262;0.9394;0.8596;0.6140;0.6140;-0.0677;;;;;;;;1.95
2026-02-17T19:15:11.881099;mvtec_AD/grid;cont_20pct_loo_patch;0.2;loo_patch;5;5;5;1;196;78;21;57;1;5;95;0.8705;0.9572;0.8727;0.7193;0.7368;-0.0234;0.6543;1.0000;1;1.0000;1.0000;;;1.73
2026-02-17T19:15:15.905467;mvtec_AD/grid;cont_20pct_mahalanobis_patch;0.2;mahalanobis_patch;5;5;5;1;196;78;21;57;1;5;95;0.8755;0.9589;0.8772;0.7368;0.7368;-0.0184;0.7284;1.0000;1;1.0000;1.0000;;;4.02
2026-02-17T19:15:19.762270;mvtec_AD/grid;cont_20pct_ensemble_loo_mahal;0.2;ensemble_loo_mahal;5;5;5;1;196;78;21;57;1;5;95;0.8697;0.9568;0.8696;0.7193;0.7193;-0.0242;0.6420;1.0000;1;1.0000;1.0000;;;3.85
2026-02-17T19:15:21.301681;mvtec_AD/grid;cont_30pct_none;0.3;none;5;5;5;2;0;78;21;57;1;5;95;0.7811;0.9226;0.8455;0.5088;0.5965;-0.1128;;;;;;;;1.53
2026-02-17T19:15:22.797243;mvtec_AD/grid;cont_30pct_loo_patch;0.3;loo_patch;5;5;5;2;196;78;21;57;1;5;95;0.8530;0.9513;0.8571;0.6667;0.6842;-0.0409;0.6370;1.0000;1;1.0000;1.0000;;;1.49
2026-02-17T19:15:26.789961;mvtec_AD/grid;cont_30pct_mahalanobis_patch;0.3;mahalanobis_patch;5;5;5;2;196;78;21;57;1;5;95;0.8571;0.9535;0.8548;0.6667;0.7368;-0.0368;0.6741;1.0000;1;1.0000;1.0000;;;3.98
2026-02-17T19:15:29.810272;mvtec_AD/grid;cont_30pct_ensemble_loo_mahal;0.3;ensemble_loo_mahal;5;5;5;2;196;78;21;57;1;5;95;0.8538;0.9524;0.8548;0.6842;0.7193;-0.0401;0.6444;1.0000;1;1.0000;1.0000;;;3.02
2026-02-17T19:15:31.914343;mvtec_AD/grid;cont_0pct_none;0.0;none;5;5;5;0;0;78;21;57;2;5;95;0.9256;0.9754;0.9000;0.8246;0.8246;;;;;;;;;2.01
2026-02-17T19:15:34.135025;mvtec_AD/grid;cont_0pct_loo_patch;0.0;loo_patch;5;5;5;0;196;78;21;57;2;5;95;0.9390;0.9802;0.9245;0.8596;0.8596;0.0134;;;;;;;;2.22
2026-02-17T19:15:38.332528;mvtec_AD/grid;cont_0pct_mahalanobis_patch;0.0;mahalanobis_patch;5;5;5;0;196;78;21;57;2;5;95;0.9432;0.9817;0.9245;0.8596;0.8596;0.0175;;;;;;;;4.00
2026-02-17T19:15:42.373961;mvtec_AD/grid;cont_0pct_ensemble_loo_mahal;0.0;ensemble_loo_mahal;5;5;5;0;196;78;21;57;2;5;95;0.9424;0.9811;0.9245;0.8596;0.8596;0.0167;;;;;;;;4.03
2026-02-17T19:15:44.371611;mvtec_AD/grid;cont_20pct_none;0.2;none;5;5;5;1;0;78;21;57;2;5;95;0.8388;0.9306;0.8833;0.2807;0.3158;-0.0869;;;;;;;;1.98
2026-02-17T19:15:46.213817;mvtec_AD/grid;cont_20pct_loo_patch;0.2;loo_patch;5;5;5;1;196;78;21;57;2;5;95;0.8897;0.9571;0.9016;0.4912;0.5439;-0.0359;0.5865;1.0000;1;1.0000;1.0000;;;1.73
2026-02-17T19:15:50.180987;mvtec_AD/grid;cont_20pct_mahalanobis_patch;0.2;mahalanobis_patch;5;5;5;1;196;78;21;57;2;5;95;0.8872;0.9561;0.8926;0.4737;0.5263;-0.0384;0.5577;1.0000;1;1.0000;1.0000;;;3.96
2026-02-17T19:15:54.176612;mvtec_AD/grid;cont_20pct_ensemble_loo_mahal;0.2;ensemble_loo_mahal;5;5;5;1;196;78;21;57;2;5;95;0.8939;0.9595;0.8960;0.5088;0.5789;-0.0317;0.6346;1.0000;1;1.0000;1.0000;;;3.99
2026-02-17T19:15:55.630013;mvtec_AD/grid;cont_30pct_none;0.3;none;5;5;5;2;0;78;21;57;2;5;95;0.7728;0.9050;0.8455;0.2456;0.2632;-0.1529;;;;;;;;1.44
2026-02-17T19:15:57.479743;mvtec_AD/grid;cont_30pct_loo_patch;0.3;loo_patch;5;5;5;2;196;78;21;57;2;5;95;0.8338;0.9318;0.8730;0.3333;0.3333;-0.0919;0.3989;0.8333;1;0.5000;0.5000;;;1.84
2026-02-17T19:16:01.475780;mvtec_AD/grid;cont_30pct_mahalanobis_patch;0.3;mahalanobis_patch;5;5;5;2;196;78;21;57;2;5;95;0.8438;0.9373;0.8807;0.3860;0.3860;-0.0819;0.4645;0.8333;1;0.5000;0.5000;;;3.99
2026-02-17T19:16:04.677772;mvtec_AD/grid;cont_30pct_ensemble_loo_mahal;0.3;ensemble_loo_mahal;5;5;5;2;196;78;21;57;2;5;95;0.8438;0.9386;0.8780;0.3860;0.4211;-0.0819;0.4645;0.8333;1;0.5000;0.5000;;;3.20
2026-02-17T19:16:06.386876;mvtec_AD/grid;cont_0pct_none;0.0;none;5;5;5;0;0;78;21;57;3;5;95;0.9398;0.9793;0.9153;0.7719;0.7895;;;;;;;;;1.63
2026-02-17T19:16:08.523720;mvtec_AD/grid;cont_0pct_loo_patch;0.0;loo_patch;5;5;5;0;196;78;21;57;3;5;95;0.9474;0.9817;0.9286;0.7895;0.7895;0.0075;;;;;;;;2.13
2026-02-17T19:16:12.280681;mvtec_AD/grid;cont_0pct_mahalanobis_patch;0.0;mahalanobis_patch;5;5;5;0;196;78;21;57;3;5;95;0.9557;0.9843;0.9402;0.7895;0.7895;0.0159;;;;;;;;3.75
2026-02-17T19:16:16.095124;mvtec_AD/grid;cont_0pct_ensemble_loo_mahal;0.0;ensemble_loo_mahal;5;5;5;0;196;78;21;57;3;5;95;0.9515;0.9829;0.9286;0.7895;0.7895;0.0117;;;;;;;;3.81
2026-02-17T19:16:18.095517;mvtec_AD/grid;cont_20pct_none;0.2;none;5;5;5;1;0;78;21;57;3;5;95;0.9081;0.9699;0.8991;0.7544;0.7544;-0.0317;;;;;;;;1.99
2026-02-17T19:16:20.428355;mvtec_AD/grid;cont_20pct_loo_patch;0.2;loo_patch;5;5;5;1;196;78;21;57;3;5;95;0.9307;0.9765;0.9091;0.7719;0.7719;-0.0092;0.7105;1.0000;1;1.0000;1.0000;;;2.20
2026-02-17T19:16:24.152696;mvtec_AD/grid;cont_20pct_mahalanobis_patch;0.2;mahalanobis_patch;5;5;5;1;196;78;21;57;3;5;95;0.9415;0.9796;0.9174;0.7719;0.7719;0.0017;1.0526;1.0000;1;1.0000;1.0000;;;3.72
2026-02-17T19:16:27.958847;mvtec_AD/grid;cont_20pct_ensemble_loo_mahal;0.2;ensemble_loo_mahal;5;5;5;1;196;78;21;57;3;5;95;0.9390;0.9790;0.9174;0.7719;0.7719;-0.0008;0.9737;1.0000;1;1.0000;1.0000;;;3.80
2026-02-17T19:16:29.888984;mvtec_AD/grid;cont_30pct_none;0.3;none;5;5;5;2;0;78;21;57;3;5;95;0.8855;0.9615;0.9043;0.6667;0.6667;-0.0543;;;;;;;;1.91
2026-02-17T19:16:31.627002;mvtec_AD/grid;cont_30pct_loo_patch;0.3;loo_patch;5;5;5;2;196;78;21;57;3;5;95;0.9181;0.9729;0.9107;0.7544;0.7544;-0.0217;0.6000;1.0000;1;1.0000;1.0000;;;1.64
2026-02-17T19:16:35.629853;mvtec_AD/grid;cont_30pct_mahalanobis_patch;0.3;mahalanobis_patch;5;5;5;2;196;78;21;57;3;5;95;0.9248;0.9751;0.9107;0.7719;0.7719;-0.0150;0.7231;1.0000;1;1.0000;1.0000;;;4.00
2026-02-17T19:16:39.513726;mvtec_AD/grid;cont_30pct_ensemble_loo_mahal;0.3;ensemble_loo_mahal;5;5;5;2;196;78;21;57;3;5;95;0.9265;0.9756;0.9138;0.7719;0.7719;-0.0134;0.7538;1.0000;1;1.0000;1.0000;;;3.88
2026-02-17T19:16:40.927758;mvtec_AD/grid;cont_0pct_none;0.0;none;5;5;5;0;0;78;21;57;4;5;95;0.8346;0.9259;0.9048;0.3684;0.3860;;;;;;;;;1.34
2026-02-17T19:16:42.854069;mvtec_AD/grid;cont_0pct_loo_patch;0.0;loo_patch;5;5;5;0;196;78;21;57;4;5;95;0.8454;0.9342;0.8983;0.4035;0.4386;0.0109;;;;;;;;1.92
2026-02-17T19:16:46.333111;mvtec_AD/grid;cont_0pct_mahalanobis_patch;0.0;mahalanobis_patch;5;5;5;0;196;78;21;57;4;5;95;0.8638;0.9425;0.9120;0.4386;0.4912;0.0292;;;;;;;;3.48
2026-02-17T19:16:50.166959;mvtec_AD/grid;cont_0pct_ensemble_loo_mahal;0.0;ensemble_loo_mahal;5;5;5;0;196;78;21;57;4;5;95;0.8563;0.9388;0.9048;0.4211;0.4912;0.0217;;;;;;;;3.83
2026-02-17T19:16:52.057041;mvtec_AD/grid;cont_20pct_none;0.2;none;5;5;5;1;0;78;21;57;4;5;95;0.7744;0.8917;0.8819;0.2105;0.2456;-0.0602;;;;;;;;1.88
2026-02-17T19:16:54.245391;mvtec_AD/grid;cont_20pct_loo_patch;0.2;loo_patch;5;5;5;1;196;78;21;57;4;5;95;0.8095;0.9137;0.8908;0.2982;0.3509;-0.0251;0.5833;0.7500;0;0.0000;0.0000;;;2.18
2026-02-17T19:16:58.150962;mvtec_AD/grid;cont_20pct_mahalanobis_patch;0.2;mahalanobis_patch;5;5;5;1;196;78;21;57;4;5;95;0.8287;0.9233;0.9000;0.3509;0.3860;-0.0058;0.9028;0.7500;0;0.0000;0.0000;;;3.72
2026-02-17T19:17:01.904699;mvtec_AD/grid;cont_20pct_ensemble_loo_mahal;0.2;ensemble_loo_mahal;5;5;5;1;196;78;21;57;4;5;95;0.8221;0.9202;0.8926;0.3509;0.3860;-0.0125;0.7917;0.7500;0;0.0000;0.0000;;;3.75
2026-02-17T19:17:03.979218;mvtec_AD/grid;cont_30pct_none;0.3;none;5;5;5;2;0;78;21;57;4;5;95;0.6834;0.8483;0.8594;0.1754;0.1930;-0.1512;;;;;;;;2.05
2026-02-17T19:17:06.212373;mvtec_AD/grid;cont_30pct_loo_patch;0.3;loo_patch;5;5;5;2;196;78;21;57;4;5;95;0.7460;0.8812;0.8769;0.2456;0.2456;-0.0886;0.4144;0.6667;0;0.5000;0.5000;;;2.08
2026-02-17T19:17:11.502025;mvtec_AD/grid;cont_30pct_mahalanobis_patch;0.3;mahalanobis_patch;5;5;5;2;196;78;21;57;4;5;95;0.7594;0.8895;0.8769;0.2632;0.2807;-0.0752;0.5028;0.6667;0;0.5000;0.5000;;;5.28
2026-02-17T19:17:15.322323;mvtec_AD/grid;cont_30pct_ensemble_loo_mahal;0.3;ensemble_loo_mahal;5;5;5;2;196;78;21;57;4;5;95;0.7552;0.8873;0.8769;0.2456;0.2807;-0.0794;0.4751;0.6667;0;0.5000;0.5000;;;3.82
2026-02-17T19:17:18.780538;mvtec_AD/hazelnut;cont_0pct_none;0.0;none;5;5;5;0;0;110;40;70;0;5;95;0.8382;0.9032;0.8481;0.3714;0.4286;;;;;;;;;2.81
2026-02-17T19:17:21.786732;mvtec_AD/hazelnut;cont_0pct_loo_patch;0.0;loo_patch;5;5;5;0;196;110;40;70;0;5;95;0.8579;0.9230;0.8456;0.4714;0.5429;0.0196;;;;;;;;3.00
2026-02-17T19:17:26.453828;mvtec_AD/hazelnut;cont_0pct_mahalanobis_patch;0.0;mahalanobis_patch;5;5;5;0;196;110;40;70;0;5;95;0.8632;0.9210;0.8645;0.4429;0.5286;0.0250;;;;;;;;4.53
2026-02-17T19:17:31.017697;mvtec_AD/hazelnut;cont_0pct_ensemble_loo_mahal;0.0;ensemble_loo_mahal;5;5;5;0;196;110;40;70;0;5;95;0.8732;0.9295;0.8609;0.4714;0.5857;0.0350;;;;;;;;4.56
2026-02-17T19:17:33.362000;mvtec_AD/hazelnut;cont_20pct_none;0.2;none;5;5;5;1;0;110;40;70;0;5;95;0.8057;0.8977;0.8077;0.4000;0.5857;-0.0325;;;;;;;;2.33
2026-02-17T19:17:36.455202;mvtec_AD/hazelnut;cont_20pct_loo_patch;0.2;loo_patch;5;5;5;1;196;110;40;70;0;5;95;0.8314;0.9127;0.8171;0.4571;0.5429;-0.0068;0.7912;1.0000;1;1.0000;1.0000;;;2.98
2026-02-17T19:17:41.182183;mvtec_AD/hazelnut;cont_20pct_mahalanobis_patch;0.2;mahalanobis_patch;5;5;5;1;196;110;40;70;0;5;95;0.8304;0.9092;0.8276;0.4286;0.5714;-0.0079;0.7582;1.0000;1;1.0000;1.0000;;;4.72
2026-02-17T19:17:44.709949;mvtec_AD/hazelnut;cont_20pct_ensemble_loo_mahal;0.2;ensemble_loo_mahal;5;5;5;1;196;110;40;70;0;5;95;0.8229;0.9077;0.8148;0.4286;0.6000;-0.0154;0.5275;1.0000;1;1.0000;1.0000;;;3.52
2026-02-17T19:17:47.530336;mvtec_AD/hazelnut;cont_30pct_none;0.3;none;5;5;5;2;0;110;40;70;0;5;95;0.7996;0.8937;0.8088;0.4143;0.4571;-0.0386;;;;;;;;2.81
2026-02-17T19:17:50.212756;mvtec_AD/hazelnut;cont_30pct_loo_patch;0.3;loo_patch;5;5;5;2;196;110;40;70;0;5;95;0.8350;0.9156;0.8299;0.4714;0.5429;-0.0032;0.9167;1.0000;1;1.0000;1.0000;;;2.68
2026-02-17T19:17:55.319535;mvtec_AD/hazelnut;cont_30pct_mahalanobis_patch;0.3;mahalanobis_patch;5;5;5;2;196;110;40;70;0;5;95;0.8336;0.9138;0.8299;0.4571;0.5000;-0.0046;0.8796;1.0000;1;1.0000;1.0000;;;5.10
2026-02-17T19:17:59.435018;mvtec_AD/hazelnut;cont_30pct_ensemble_loo_mahal;0.3;ensemble_loo_mahal;5;5;5;2;196;110;40;70;0;5;95;0.8307;0.9133;0.8244;0.4571;0.5429;-0.0075;0.8056;1.0000;1;1.0000;1.0000;;;4.11
2026-02-17T19:18:02.382820;mvtec_AD/hazelnut;cont_0pct_none;0.0;none;5;5;5;0;0;110;40;70;1;5;95;0.8496;0.9234;0.8243;0.5571;0.6571;;;;;;;;;2.83
2026-02-17T19:18:05.461723;mvtec_AD/hazelnut;cont_0pct_loo_patch;0.0;loo_patch;5;5;5;0;196;110;40;70;1;5;95;0.8554;0.9265;0.8382;0.5429;0.6143;0.0057;;;;;;;;2.96
2026-02-17T19:18:09.518710;mvtec_AD/hazelnut;cont_0pct_mahalanobis_patch;0.0;mahalanobis_patch;5;5;5;0;196;110;40;70;1;5;95;0.8607;0.9316;0.8312;0.6571;0.6714;0.0111;;;;;;;;4.05
2026-02-17T19:18:14.128828;mvtec_AD/hazelnut;cont_0pct_ensemble_loo_mahal;0.0;ensemble_loo_mahal;5;5;5;0;196;110;40;70;1;5;95;0.8529;0.9259;0.8321;0.5571;0.6143;0.0032;;;;;;;;4.61
2026-02-17T19:18:16.922067;mvtec_AD/hazelnut;cont_20pct_none;0.2;none;5;5;5;1;0;110;40;70;1;5;95;0.8264;0.9126;0.8148;0.5143;0.6857;-0.0232;;;;;;;;2.78
2026-02-17T19:18:19.653322;mvtec_AD/hazelnut;cont_20pct_loo_patch;0.2;loo_patch;5;5;5;1;196;110;40;70;1;5;95;0.8425;0.9215;0.8154;0.5857;0.6143;-0.0071;0.6923;0.2500;0;0.0000;0.0000;;;2.56
2026-02-17T19:18:24.227469;mvtec_AD/hazelnut;cont_20pct_mahalanobis_patch;0.2;mahalanobis_patch;5;5;5;1;196;110;40;70;1;5;95;0.8357;0.9184;0.8116;0.5571;0.6429;-0.0139;0.4000;0.2500;0;0.0000;0.0000;;;4.57
2026-02-17T19:18:28.494815;mvtec_AD/hazelnut;cont_20pct_ensemble_loo_mahal;0.2;ensemble_loo_mahal;5;5;5;1;196;110;40;70;1;5;95;0.8368;0.9187;0.8143;0.5857;0.6571;-0.0129;0.4462;0.2500;0;0.0000;0.0000;;;4.26
2026-02-17T19:18:30.768554;mvtec_AD/hazelnut;cont_30pct_none;0.3;none;5;5;5;2;0;110;40;70;1;5;95;0.7396;0.8587;0.8047;0.3429;0.4000;-0.1100;;;;;;;;2.26
2026-02-17T19:18:33.691268;mvtec_AD/hazelnut;cont_30pct_loo_patch;0.3;loo_patch;5;5;5;2;196;110;40;70;1;5;95;0.7875;0.8877;0.8193;0.4286;0.4571;-0.0621;0.4351;0.6667;1;0.5000;0.5000;;;2.92
2026-02-17T19:18:38.212796;mvtec_AD/hazelnut;cont_30pct_mahalanobis_patch;0.3;mahalanobis_patch;5;5;5;2;196;110;40;70;1;5;95;0.7843;0.8844;0.8193;0.4000;0.4714;-0.0654;0.4058;0.6667;1;0.5000;0.5000;;;4.42
2026-02-17T19:18:42.929769;mvtec_AD/hazelnut;cont_30pct_ensemble_loo_mahal;0.3;ensemble_loo_mahal;5;5;5;2;196;110;40;70;1;5;95;0.7896;0.8878;0.8121;0.4286;0.4714;-0.0600;0.4545;0.6667;1;0.5000;0.5000;;;4.71
2026-02-17T19:18:45.350028;mvtec_AD/hazelnut;cont_0pct_none;0.0;none;5;5;5;0;0;110;40;70;2;5;95;0.8282;0.9093;0.8182;0.4571;0.5429;;;;;;;;;2.32
2026-02-17T19:18:48.152353;mvtec_AD/hazelnut;cont_0pct_loo_patch;0.0;loo_patch;5;5;5;0;196;110;40;70;2;5;95;0.8564;0.9253;0.8369;0.5143;0.6143;0.0282;;;;;;;;2.79
2026-02-17T19:18:52.835079;mvtec_AD/hazelnut;cont_0pct_mahalanobis_patch;0.0;mahalanobis_patch;5;5;5;0;196;110;40;70;2;5;95;0.8507;0.9202;0.8276;0.4857;0.5429;0.0225;;;;;;;;4.58
2026-02-17T19:18:56.372435;mvtec_AD/hazelnut;cont_0pct_ensemble_loo_mahal;0.0;ensemble_loo_mahal;5;5;5;0;196;110;40;70;2;5;95;0.8675;0.9314;0.8507;0.5286;0.6000;0.0393;;;;;;;;3.53
2026-02-17T19:18:59.080195;mvtec_AD/hazelnut;cont_20pct_none;0.2;none;5;5;5;1;0;110;40;70;2;5;95;0.7718;0.8890;0.7929;0.5429;0.6000;-0.0564;;;;;;;;2.70
2026-02-17T19:19:01.972576;mvtec_AD/hazelnut;cont_20pct_loo_patch;0.2;loo_patch;5;5;5;1;196;110;40;70;2;5;95;0.7925;0.8991;0.8193;0.5857;0.6000;-0.0357;0.3671;0.0000;0;0.0000;0.0000;;;2.88
2026-02-17T19:19:05.571351;mvtec_AD/hazelnut;cont_20pct_mahalanobis_patch;0.2;mahalanobis_patch;5;5;5;1;196;110;40;70;2;5;95;0.7864;0.8945;0.8077;0.5429;0.6000;-0.0418;0.2595;0.0000;0;0.0000;0.0000;;;3.59
2026-02-17T19:19:10.226202;mvtec_AD/hazelnut;cont_20pct_ensemble_loo_mahal;0.2;ensemble_loo_mahal;5;5;5;1;196;110;40;70;2;5;95;0.7832;0.8925;0.8144;0.5429;0.5714;-0.0450;0.2025;0.0000;0;0.0000;0.0000;;;4.65
2026-02-17T19:19:12.516764;mvtec_AD/hazelnut;cont_30pct_none;0.3;none;5;5;5;2;0;110;40;70;2;5;95;0.7782;0.8800;0.8077;0.3857;0.4286;-0.0500;;;;;;;;2.27
2026-02-17T19:19:15.588371;mvtec_AD/hazelnut;cont_30pct_loo_patch;0.3;loo_patch;5;5;5;2;196;110;40;70;2;5;95;0.8232;0.9080;0.8271;0.4286;0.5571;-0.0050;0.9000;0.5000;1;0.5000;0.5000;;;2.87
2026-02-17T19:19:20.402128;mvtec_AD/hazelnut;cont_30pct_mahalanobis_patch;0.3;mahalanobis_patch;5;5;5;2;196;110;40;70;2;5;95;0.8164;0.9013;0.8299;0.3714;0.4429;-0.0118;0.7643;0.5000;1;0.5000;0.5000;;;4.65
2026-02-17T19:19:24.784137;mvtec_AD/hazelnut;cont_30pct_ensemble_loo_mahal;0.3;ensemble_loo_mahal;5;5;5;2;196;110;40;70;2;5;95;0.8239;0.9076;0.8322;0.4286;0.5143;-0.0043;0.9143;0.5000;1;0.5000;0.5000;;;4.38
2026-02-17T19:19:27.559447;mvtec_AD/hazelnut;cont_0pct_none;0.0;none;5;5;5;0;0;110;40;70;3;5;95;0.8593;0.9265;0.8442;0.4857;0.5714;;;;;;;;;2.68
2026-02-17T19:19:30.619752;mvtec_AD/hazelnut;cont_0pct_loo_patch;0.0;loo_patch;5;5;5;0;196;110;40;70;3;5;95;0.8693;0.9310;0.8551;0.5286;0.5429;0.0100;;;;;;;;2.95
2026-02-17T19:19:34.032595;mvtec_AD/hazelnut;cont_0pct_mahalanobis_patch;0.0;mahalanobis_patch;5;5;5;0;196;110;40;70;3;5;95;0.8725;0.9334;0.8593;0.5143;0.5714;0.0132;;;;;;;;3.41
2026-02-17T19:19:38.499643;mvtec_AD/hazelnut;cont_0pct_ensemble_loo_mahal;0.0;ensemble_loo_mahal;5;5;5;0;196;110;40;70;3;5;95;0.8721;0.9340;0.8529;0.5429;0.5857;0.0129;;;;;;;;4.46
2026-02-17T19:19:40.384853;mvtec_AD/hazelnut;cont_20pct_none;0.2;none;5;5;5;1;0;110;40;70;3;5;95;0.8304;0.9125;0.8235;0.4571;0.5714;-0.0289;;;;;;;;1.87
2026-02-17T19:19:43.203756;mvtec_AD/hazelnut;cont_20pct_loo_patch;0.2;loo_patch;5;5;5;1;196;110;40;70;3;5;95;0.8571;0.9269;0.8333;0.5571;0.6286;-0.0021;0.9259;0.7500;0;0.0000;0.0000;;;2.81
2026-02-17T19:19:47.481695;mvtec_AD/hazelnut;cont_20pct_mahalanobis_patch;0.2;mahalanobis_patch;5;5;5;1;196;110;40;70;3;5;95;0.8461;0.9190;0.8289;0.5143;0.5429;-0.0132;0.5432;0.7500;0;0.0000;0.0000;;;4.27
2026-02-17T19:19:52.199156;mvtec_AD/hazelnut;cont_20pct_ensemble_loo_mahal;0.2;ensemble_loo_mahal;5;5;5;1;196;110;40;70;3;5;95;0.8479;0.9208;0.8344;0.5286;0.6000;-0.0114;0.6049;0.7500;0;0.0000;0.0000;;;4.71
2026-02-17T19:19:55.077130;mvtec_AD/hazelnut;cont_30pct_none;0.3;none;5;5;5;2;0;110;40;70;3;5;95;0.8114;0.9000;0.8235;0.4286;0.4714;-0.0479;;;;;;;;2.86
2026-02-17T19:19:57.868260;mvtec_AD/hazelnut;cont_30pct_loo_patch;0.3;loo_patch;5;5;5;2;196;110;40;70;3;5;95;0.8279;0.9107;0.8286;0.4714;0.5714;-0.0314;0.3433;0.6667;0;0.5000;0.5000;;;2.53
2026-02-17T19:20:02.408210;mvtec_AD/hazelnut;cont_30pct_mahalanobis_patch;0.3;mahalanobis_patch;5;5;5;2;196;110;40;70;3;5;95;0.8307;0.9125;0.8312;0.4714;0.5286;-0.0286;0.4030;0.6667;0;0.5000;0.5000;;;4.53
2026-02-17T19:20:06.570635;mvtec_AD/hazelnut;cont_30pct_ensemble_loo_mahal;0.3;ensemble_loo_mahal;5;5;5;2;196;110;40;70;3;5;95;0.8418;0.9180;0.8435;0.5000;0.5571;-0.0175;0.6343;0.6667;0;0.5000;0.5000;;;4.16
2026-02-17T19:20:08.908568;mvtec_AD/hazelnut;cont_0pct_none;0.0;none;5;5;5;0;0;110;40;70;4;5;95;0.8611;0.9227;0.8662;0.5143;0.5714;;;;;;;;;2.25
2026-02-17T19:20:11.945558;mvtec_AD/hazelnut;cont_0pct_loo_patch;0.0;loo_patch;5;5;5;0;196;110;40;70;4;5;95;0.8596;0.9244;0.8571;0.5286;0.5429;-0.0014;;;;;;;;3.03
2026-02-17T19:20:15.402793;mvtec_AD/hazelnut;cont_0pct_mahalanobis_patch;0.0;mahalanobis_patch;5;5;5;0;196;110;40;70;4;5;95;0.8707;0.9303;0.8608;0.5714;0.6000;0.0096;;;;;;;;3.45
2026-02-17T19:20:19.920064;mvtec_AD/hazelnut;cont_0pct_ensemble_loo_mahal;0.0;ensemble_loo_mahal;5;5;5;0;196;110;40;70;4;5;95;0.8679;0.9281;0.8591;0.5571;0.5571;0.0068;;;;;;;;4.51
2026-02-17T19:20:22.370605;mvtec_AD/hazelnut;cont_20pct_none;0.2;none;5;5;5;1;0;110;40;70;4;5;95;0.7379;0.8610;0.7875;0.4143;0.4857;-0.1232;;;;;;;;2.44
2026-02-17T19:20:25.421755;mvtec_AD/hazelnut;cont_20pct_loo_patch;0.2;loo_patch;5;5;5;1;196;110;40;70;4;5;95;0.7600;0.8758;0.7955;0.4714;0.5000;-0.1011;0.1797;1.0000;1;1.0000;1.0000;;;2.94
2026-02-17T19:20:30.100300;mvtec_AD/hazelnut;cont_20pct_mahalanobis_patch;0.2;mahalanobis_patch;5;5;5;1;196;110;40;70;4;5;95;0.7521;0.8718;0.7886;0.4429;0.5286;-0.1089;0.1159;1.0000;1;1.0000;1.0000;;;4.67
2026-02-17T19:20:34.462908;mvtec_AD/hazelnut;cont_20pct_ensemble_loo_mahal;0.2;ensemble_loo_mahal;5;5;5;1;196;110;40;70;4;5;95;0.7625;0.8780;0.8025;0.4857;0.5286;-0.0986;0.2000;1.0000;1;1.0000;1.0000;;;4.36
2026-02-17T19:20:37.250851;mvtec_AD/hazelnut;cont_30pct_none;0.3;none;5;5;5;2;0;110;40;70;4;5;95;0.6936;0.8345;0.7784;0.3429;0.3857;-0.1675;;;;;;;;2.77
2026-02-17T19:20:40.232499;mvtec_AD/hazelnut;cont_30pct_loo_patch;0.3;loo_patch;5;5;5;2;196;110;40;70;4;5;95;0.7196;0.8528;0.7784;0.4143;0.4571;-0.1414;0.1557;0.3333;0;0.0000;0.0000;;;2.88
2026-02-17T19:20:43.705300;mvtec_AD/hazelnut;cont_30pct_mahalanobis_patch;0.3;mahalanobis_patch;5;5;5;2;196;110;40;70;4;5;95;0.7143;0.8499;0.7784;0.4000;0.4286;-0.1468;0.1237;0.3333;0;0.0000;0.0000;;;3.47
2026-02-17T19:20:48.284143;mvtec_AD/hazelnut;cont_30pct_ensemble_loo_mahal;0.3;ensemble_loo_mahal;5;5;5;2;196;110;40;70;4;5;95;0.7218;0.8546;0.7831;0.4286;0.4429;-0.1393;0.1684;0.3333;0;0.0000;0.0000;;;4.57
2026-02-17T19:20:51.950554;mvtec_AD/leather;cont_0pct_none;0.0;none;5;5;5;0;0;124;32;92;0;5;95;0.9997;0.9999;0.9946;0.9891;1.0000;;;;;;;;;2.47
2026-02-17T19:20:54.727933;mvtec_AD/leather;cont_0pct_loo_patch;0.0;loo_patch;5;5;5;0;196;124;32;92;0;5;95;1.0000;1.0000;1.0000;1.0000;1.0000;0.0003;;;;;;;;2.77
2026-02-17T19:20:59.224623;mvtec_AD/leather;cont_0pct_mahalanobis_patch;0.0;mahalanobis_patch;5;5;5;0;196;124;32;92;0;5;95;1.0000;1.0000;1.0000;1.0000;1.0000;0.0003;;;;;;;;4.49
2026-02-17T19:21:04.371206;mvtec_AD/leather;cont_0pct_ensemble_loo_mahal;0.0;ensemble_loo_mahal;5;5;5;0;196;124;32;92;0;5;95;1.0000;1.0000;1.0000;1.0000;1.0000;0.0003;;;;;;;;5.14
2026-02-17T19:21:07.726693;mvtec_AD/leather;cont_20pct_none;0.2;none;5;5;5;1;0;124;32;92;0;5;95;0.9878;0.9967;0.9890;0.9783;0.9783;-0.0119;;;;;;;;3.34
2026-02-17T19:21:10.641328;mvtec_AD/leather;cont_20pct_loo_patch;0.2;loo_patch;5;5;5;1;196;124;32;92;0;5;95;0.9986;0.9995;0.9945;0.9891;0.9891;-0.0010;0.9143;1.0000;1;1.0000;1.0000;;;2.81
2026-02-17T19:21:15.652617;mvtec_AD/leather;cont_20pct_mahalanobis_patch;0.2;mahalanobis_patch;5;5;5;1;196;124;32;92;0;5;95;0.9990;0.9997;0.9945;0.9891;0.9891;-0.0007;0.9429;1.0000;1;1.0000;1.0000;;;5.00
2026-02-17T19:21:19.856032;mvtec_AD/leather;cont_20pct_ensemble_loo_mahal;0.2;ensemble_loo_mahal;5;5;5;1;196;124;32;92;0;5;95;0.9993;0.9998;0.9945;0.9891;1.0000;-0.0003;0.9714;1.0000;1;1.0000;1.0000;;;4.20
2026-02-17T19:21:22.995650;mvtec_AD/leather;cont_30pct_none;0.3;none;5;5;5;2;0;124;32;92;0;5;95;0.9769;0.9939;0.9834;0.9674;0.9674;-0.0228;;;;;;;;3.12
2026-02-17T19:21:26.302930;mvtec_AD/leather;cont_30pct_loo_patch;0.3;loo_patch;5;5;5;2;196;124;32;92;0;5;95;0.9986;0.9995;0.9945;0.9891;0.9891;-0.0010;0.9552;1.0000;1;1.0000;1.0000;;;3.30
2026-02-17T19:21:30.142915;mvtec_AD/leather;cont_30pct_mahalanobis_patch;0.3;mahalanobis_patch;5;5;5;2;196;124;32;92;0;5;95;0.9990;0.9997;0.9945;0.9891;0.9891;-0.0007;0.9701;1.0000;1;1.0000;1.0000;;;3.83
2026-02-17T19:21:34.904855;mvtec_AD/leather;cont_30pct_ensemble_loo_mahal;0.3;ensemble_loo_mahal;5;5;5;2;196;124;32;92;0;5;95;0.9986;0.9995;0.9945;0.9891;0.9891;-0.0010;0.9552;1.0000;1;1.0000;1.0000;;;4.76
2026-02-17T19:21:37.989637;mvtec_AD/leather;cont_0pct_none;0.0;none;5;5;5;0;0;124;32;92;1;5;95;0.9986;0.9995;0.9946;0.9891;1.0000;;;;;;;;;2.97
2026-02-17T19:21:41.135164;mvtec_AD/leather;cont_0pct_loo_patch;0.0;loo_patch;5;5;5;0;196;124;32;92;1;5;95;0.9993;0.9998;0.9946;0.9891;1.0000;0.0007;;;;;;;;3.14
2026-02-17T19:21:45.995430;mvtec_AD/leather;cont_0pct_mahalanobis_patch;0.0;mahalanobis_patch;5;5;5;0;196;124;32;92;1;5;95;0.9993;0.9998;0.9946;0.9891;1.0000;0.0007;;;;;;;;4.54
2026-02-17T19:21:50.891563;mvtec_AD/leather;cont_0pct_ensemble_loo_mahal;0.0;ensemble_loo_mahal;5;5;5;0;196;124;32;92;1;5;95;0.9993;0.9998;0.9946;0.9891;1.0000;0.0007;;;;;;;;4.89
2026-02-17T19:21:54.012828;mvtec_AD/leather;cont_20pct_none;0.2;none;5;5;5;1;0;124;32;92;1;5;95;0.9878;0.9967;0.9836;0.9783;0.9783;-0.0109;;;;;;;;3.10
2026-02-17T19:21:56.895963;mvtec_AD/leather;cont_20pct_loo_patch;0.2;loo_patch;5;5;5;1;196;124;32;92;1;5;95;0.9997;0.9999;0.9946;0.9891;1.0000;0.0010;1.0938;1.0000;1;1.0000;1.0000;;;2.88
2026-02-17T19:22:01.875164;mvtec_AD/leather;cont_20pct_mahalanobis_patch;0.2;mahalanobis_patch;5;5;5;1;196;124;32;92;1;5;95;0.9993;0.9998;0.9946;0.9891;1.0000;0.0007;1.0625;1.0000;1;1.0000;1.0000;;;4.97
2026-02-17T19:22:05.523423;mvtec_AD/leather;cont_20pct_ensemble_loo_mahal;0.2;ensemble_loo_mahal;5;5;5;1;196;124;32;92;1;5;95;0.9997;0.9999;0.9946;0.9891;1.0000;0.0010;1.0938;1.0000;1;1.0000;1.0000;;;3.64
2026-02-17T19:22:08.616428;mvtec_AD/leather;cont_30pct_none;0.3;none;5;5;5;2;0;124;32;92;1;5;95;0.9769;0.9939;0.9780;0.9674;0.9674;-0.0217;;;;;;;;3.07
2026-02-17T19:22:11.688569;mvtec_AD/leather;cont_30pct_loo_patch;0.3;loo_patch;5;5;5;2;196;124;32;92;1;5;95;0.9990;0.9997;0.9945;0.9891;0.9891;0.0003;1.0156;1.0000;1;1.0000;1.0000;;;2.81
2026-02-17T19:22:16.707248;mvtec_AD/leather;cont_30pct_mahalanobis_patch;0.3;mahalanobis_patch;5;5;5;2;196;124;32;92;1;5;95;0.9939;0.9982;0.9891;0.9891;0.9891;-0.0048;0.7813;1.0000;1;1.0000;1.0000;;;5.01
2026-02-17T19:22:21.293030;mvtec_AD/leather;cont_30pct_ensemble_loo_mahal;0.3;ensemble_loo_mahal;5;5;5;2;196;124;32;92;1;5;95;0.9993;0.9998;0.9946;0.9891;1.0000;0.0007;1.0313;1.0000;1;1.0000;1.0000;;;4.58
2026-02-17T19:22:24.593600;mvtec_AD/leather;cont_0pct_none;0.0;none;5;5;5;0;0;124;32;92;2;5;95;0.9986;0.9995;0.9892;0.9783;0.9783;;;;;;;;;3.17
2026-02-17T19:22:27.959990;mvtec_AD/leather;cont_0pct_loo_patch;0.0;loo_patch;5;5;5;0;196;124;32;92;2;5;95;0.9990;0.9997;0.9892;0.9783;1.0000;0.0003;;;;;;;;3.36
2026-02-17T19:22:32.474368;mvtec_AD/leather;cont_0pct_mahalanobis_patch;0.0;mahalanobis_patch;5;5;5;0;196;124;32;92;2;5;95;0.9986;0.9995;0.9892;0.9783;1.0000;0.0000;;;;;;;;4.37
2026-02-17T19:22:37.559618;mvtec_AD/leather;cont_0pct_ensemble_loo_mahal;0.0;ensemble_loo_mahal;5;5;5;0;196;124;32;92;2;5;95;0.9993;0.9998;0.9946;0.9783;1.0000;0.0007;;;;;;;;5.08
2026-02-17T19:22:39.964842;mvtec_AD/leather;cont_20pct_none;0.2;none;5;5;5;1;0;124;32;92;2;5;95;0.9864;0.9963;0.9834;0.9674;0.9674;-0.0122;;;;;;;;2.40
2026-02-17T19:22:42.897651;mvtec_AD/leather;cont_20pct_loo_patch;0.2;loo_patch;5;5;5;1;196;124;32;92;2;5;95;0.9976;0.9992;0.9890;0.9783;0.9783;-0.0010;0.9167;1.0000;1;1.0000;1.0000;;;2.93
2026-02-17T19:22:47.564479;mvtec_AD/leather;cont_20pct_mahalanobis_patch;0.2;mahalanobis_patch;5;5;5;1;196;124;32;92;2;5;95;0.9983;0.9994;0.9945;0.9891;0.9891;-0.0003;0.9722;1.0000;1;1.0000;1.0000;;;4.66
2026-02-17T19:22:52.692558;mvtec_AD/leather;cont_20pct_ensemble_loo_mahal;0.2;ensemble_loo_mahal;5;5;5;1;196;124;32;92;2;5;95;0.9983;0.9994;0.9945;0.9891;0.9891;-0.0003;0.9722;1.0000;1;1.0000;1.0000;;;5.12
2026-02-17T19:22:55.857921;mvtec_AD/leather;cont_30pct_none;0.3;none;5;5;5;2;0;124;32;92;2;5;95;0.9772;0.9940;0.9783;0.9565;0.9674;-0.0214;;;;;;;;3.15
2026-02-17T19:22:58.797007;mvtec_AD/leather;cont_30pct_loo_patch;0.3;loo_patch;5;5;5;2;196;124;32;92;2;5;95;0.9993;0.9998;0.9945;0.9891;0.9891;0.0007;1.0317;1.0000;1;1.0000;1.0000;;;2.82
2026-02-17T19:23:03.901715;mvtec_AD/leather;cont_30pct_mahalanobis_patch;0.3;mahalanobis_patch;5;5;5;2;196;124;32;92;2;5;95;1.0000;1.0000;1.0000;1.0000;1.0000;0.0014;1.0635;1.0000;1;1.0000;1.0000;;;4.99
2026-02-17T19:23:07.872856;mvtec_AD/leather;cont_30pct_ensemble_loo_mahal;0.3;ensemble_loo_mahal;5;5;5;2;196;124;32;92;2;5;95;0.9990;0.9997;0.9892;0.9783;0.9891;0.0003;1.0159;1.0000;1;1.0000;1.0000;;;3.97
2026-02-17T19:23:11.207714;mvtec_AD/leather;cont_0pct_none;0.0;none;5;5;5;0;0;124;32;92;3;5;95;1.0000;1.0000;1.0000;1.0000;1.0000;;;;;;;;;3.17
2026-02-17T19:23:14.444382;mvtec_AD/leather;cont_0pct_loo_patch;0.0;loo_patch;5;5;5;0;196;124;32;92;3;5;95;1.0000;1.0000;1.0000;1.0000;1.0000;0.0000;;;;;;;;3.23
2026-02-17T19:23:18.403109;mvtec_AD/leather;cont_0pct_mahalanobis_patch;0.0;mahalanobis_patch;5;5;5;0;196;124;32;92;3;5;95;1.0000;1.0000;1.0000;1.0000;1.0000;0.0000;;;;;;;;3.95
2026-02-17T19:23:23.004050;mvtec_AD/leather;cont_0pct_ensemble_loo_mahal;0.0;ensemble_loo_mahal;5;5;5;0;196;124;32;92;3;5;95;1.0000;1.0000;1.0000;1.0000;1.0000;0.0000;;;;;;;;4.60
2026-02-17T19:23:25.896612;mvtec_AD/leather;cont_20pct_none;0.2;none;5;5;5;1;0;124;32;92;3;5;95;0.9891;0.9972;0.9945;0.9891;0.9891;-0.0109;;;;;;;;2.88
2026-02-17T19:23:29.341082;mvtec_AD/leather;cont_20pct_loo_patch;0.2;loo_patch;5;5;5;1;196;124;32;92;3;5;95;1.0000;1.0000;1.0000;1.0000;1.0000;0.0000;1.0000;1.0000;1;1.0000;1.0000;;;3.24
2026-02-17T19:23:34.069329;mvtec_AD/leather;cont_20pct_mahalanobis_patch;0.2;mahalanobis_patch;5;5;5;1;196;124;32;92;3;5;95;1.0000;1.0000;1.0000;1.0000;1.0000;0.0000;1.0000;1.0000;1;1.0000;1.0000;;;4.72
2026-02-17T19:23:39.003099;mvtec_AD/leather;cont_20pct_ensemble_loo_mahal;0.2;ensemble_loo_mahal;5;5;5;1;196;124;32;92;3;5;95;1.0000;1.0000;1.0000;1.0000;1.0000;0.0000;1.0000;1.0000;1;1.0000;1.0000;;;4.93
2026-02-17T19:23:42.211407;mvtec_AD/leather;cont_30pct_none;0.3;none;5;5;5;2;0;124;32;92;3;5;95;0.9776;0.9941;0.9836;0.9565;0.9783;-0.0224;;;;;;;;3.19
2026-02-17T19:23:45.456525;mvtec_AD/leather;cont_30pct_loo_patch;0.3;loo_patch;5;5;5;2;196;124;32;92;3;5;95;0.9993;0.9998;0.9946;0.9783;1.0000;-0.0007;0.9697;1.0000;1;1.0000;1.0000;;;3.15
2026-02-17T19:23:50.666453;mvtec_AD/leather;cont_30pct_mahalanobis_patch;0.3;mahalanobis_patch;5;5;5;2;196;124;32;92;3;5;95;0.9997;0.9999;0.9946;0.9891;1.0000;-0.0003;0.9848;1.0000;1;1.0000;1.0000;;;5.20
2026-02-17T19:23:54.956955;mvtec_AD/leather;cont_30pct_ensemble_loo_mahal;0.3;ensemble_loo_mahal;5;5;5;2;196;124;32;92;3;5;95;1.0000;1.0000;1.0000;1.0000;1.0000;0.0000;1.0000;1.0000;1;1.0000;1.0000;;;4.29
2026-02-17T19:23:57.855603;mvtec_AD/leather;cont_0pct_none;0.0;none;5;5;5;0;0;124;32;92;4;5;95;0.9986;0.9995;0.9946;0.9783;1.0000;;;;;;;;;2.80
2026-02-17T19:24:01.093651;mvtec_AD/leather;cont_0pct_loo_patch;0.0;loo_patch;5;5;5;0;196;124;32;92;4;5;95;0.9993;0.9998;0.9946;0.9891;1.0000;0.0007;;;;;;;;3.23
2026-02-17T19:24:06.078341;mvtec_AD/leather;cont_0pct_mahalanobis_patch;0.0;mahalanobis_patch;5;5;5;0;196;124;32;92;4;5;95;0.9993;0.9998;0.9945;0.9891;0.9891;0.0007;;;;;;;;4.89
2026-02-17T19:24:11.198359;mvtec_AD/leather;cont_0pct_ensemble_loo_mahal;0.0;ensemble_loo_mahal;5;5;5;0;196;124;32;92;4;5;95;0.9993;0.9998;0.9945;0.9891;1.0000;0.0007;;;;;;;;5.12
2026-02-17T19:24:14.012833;mvtec_AD/leather;cont_20pct_none;0.2;none;5;5;5;1;0;124;32;92;4;5;95;0.9885;0.9970;0.9891;0.9674;0.9891;-0.0102;;;;;;;;2.80
2026-02-17T19:24:17.497844;mvtec_AD/leather;cont_20pct_loo_patch;0.2;loo_patch;5;5;5;1;196;124;32;92;4;5;95;0.9990;0.9997;0.9892;0.9891;1.0000;0.0003;1.0333;1.0000;1;1.0000;1.0000;;;3.35
2026-02-17T19:24:22.840535;mvtec_AD/leather;cont_20pct_mahalanobis_patch;0.2;mahalanobis_patch;5;5;5;1;196;124;32;92;4;5;95;0.9993;0.9998;0.9945;0.9891;1.0000;0.0007;1.0667;1.0000;1;1.0000;1.0000;;;5.02
2026-02-17T19:24:26.545081;mvtec_AD/leather;cont_20pct_ensemble_loo_mahal;0.2;ensemble_loo_mahal;5;5;5;1;196;124;32;92;4;5;95;0.9993;0.9998;0.9945;0.9891;0.9891;0.0007;1.0667;1.0000;1;1.0000;1.0000;;;3.70
2026-02-17T19:24:29.658498;mvtec_AD/leather;cont_30pct_none;0.3;none;5;5;5;2;0;124;32;92;4;5;95;0.9779;0.9942;0.9836;0.9674;0.9783;-0.0207;;;;;;;;3.10
2026-02-17T19:24:32.612378;mvtec_AD/leather;cont_30pct_loo_patch;0.3;loo_patch;5;5;5;2;196;124;32;92;4;5;95;0.9993;0.9998;0.9946;0.9783;1.0000;0.0007;1.0328;1.0000;1;1.0000;1.0000;;;2.95
2026-02-17T19:24:37.302931;mvtec_AD/leather;cont_30pct_mahalanobis_patch;0.3;mahalanobis_patch;5;5;5;2;196;124;32;92;4;5;95;0.9901;0.9973;0.9891;0.9783;0.9891;-0.0085;0.5902;1.0000;1;1.0000;1.0000;;;4.69
2026-02-17T19:24:42.307760;mvtec_AD/leather;cont_30pct_ensemble_loo_mahal;0.3;ensemble_loo_mahal;5;5;5;2;196;124;32;92;4;5;95;0.9969;0.9990;0.9838;0.9783;0.9783;-0.0017;0.9180;1.0000;1;1.0000;1.0000;;;5.00
2026-02-17T19:24:46.682463;mvtec_AD/metal_nut;cont_0pct_none;0.0;none;5;5;5;0;0;115;22;93;0;5;95;0.9267;0.9836;0.9247;0.8065;0.8172;;;;;;;;;2.99
2026-02-17T19:24:49.758326;mvtec_AD/metal_nut;cont_0pct_loo_patch;0.0;loo_patch;5;5;5;0;196;115;22;93;0;5;95;0.9086;0.9794;0.9167;0.7419;0.8065;-0.0181;;;;;;;;3.07
2026-02-17T19:24:54.615585;mvtec_AD/metal_nut;cont_0pct_mahalanobis_patch;0.0;mahalanobis_patch;5;5;5;0;196;115;22;93;0;5;95;0.9247;0.9832;0.9223;0.7957;0.8065;-0.0020;;;;;;;;4.55
2026-02-17T19:24:59.309844;mvtec_AD/metal_nut;cont_0pct_ensemble_loo_mahal;0.0;ensemble_loo_mahal;5;5;5;0;196;115;22;93;0;5;95;0.9159;0.9812;0.9175;0.7742;0.8065;-0.0108;;;;;;;;4.69
2026-02-17T19:25:01.890840;mvtec_AD/metal_nut;cont_20pct_none;0.2;none;5;5;5;1;0;115;22;93;0;5;95;0.8529;0.9658;0.8990;0.6022;0.6237;-0.0738;;;;;;;;2.57
2026-02-17T19:25:04.235264;mvtec_AD/metal_nut;cont_20pct_loo_patch;0.2;loo_patch;5;5;5;1;196;115;22;93;0;5;95;0.8343;0.9603;0.8945;0.5484;0.5699;-0.0924;-0.2517;0.0000;0;0.0000;0.0000;;;2.34
2026-02-17T19:25:08.838479;mvtec_AD/metal_nut;cont_20pct_mahalanobis_patch;0.2;mahalanobis_patch;5;5;5;1;196;115;22;93;0;5;95;0.8656;0.9688;0.8980;0.5806;0.6237;-0.0611;0.1722;0.0000;0;0.0000;0.0000;;;4.60
2026-02-17T19:25:13.245046;mvtec_AD/metal_nut;cont_20pct_ensemble_loo_mahal;0.2;ensemble_loo_mahal;5;5;5;1;196;115;22;93;0;5;95;0.8490;0.9646;0.8942;0.5699;0.5914;-0.0777;-0.0530;0.0000;0;0.0000;0.0000;;;4.40
2026-02-17T19:25:16.161538;mvtec_AD/metal_nut;cont_30pct_none;0.3;none;5;5;5;2;0;115;22;93;0;5;95;0.8025;0.9518;0.8942;0.4624;0.5699;-0.1241;;;;;;;;2.90
2026-02-17T19:25:18.884358;mvtec_AD/metal_nut;cont_30pct_loo_patch;0.3;loo_patch;5;5;5;2;196;115;22;93;0;5;95;0.8123;0.9548;0.8942;0.5161;0.5699;-0.1144;0.0787;0.3333;0;0.0000;0.0000;;;2.56
2026-02-17T19:25:23.589226;mvtec_AD/metal_nut;cont_30pct_mahalanobis_patch;0.3;mahalanobis_patch;5;5;5;2;196;115;22;93;0;5;95;0.8211;0.9568;0.8942;0.5054;0.5591;-0.1056;0.1496;0.3333;0;0.0000;0.0000;;;4.70
2026-02-17T19:25:28.191808;mvtec_AD/metal_nut;cont_30pct_ensemble_loo_mahal;0.3;ensemble_loo_mahal;5;5;5;2;196;115;22;93;0;5;95;0.8201;0.9567;0.8942;0.5269;0.5806;-0.1065;0.1417;0.3333;0;0.0000;0.0000;;;4.60
2026-02-17T19:25:30.946536;mvtec_AD/metal_nut;cont_0pct_none;0.0;none;5;5;5;0;0;115;22;93;1;5;95;0.8886;0.9745;0.9101;0.6452;0.7204;;;;;;;;;2.63
2026-02-17T19:25:34.100876;mvtec_AD/metal_nut;cont_0pct_loo_patch;0.0;loo_patch;5;5;5;0;196;115;22;93;1;5;95;0.8856;0.9739;0.9091;0.6559;0.7419;-0.0029;;;;;;;;3.02
2026-02-17T19:25:38.803241;mvtec_AD/metal_nut;cont_0pct_mahalanobis_patch;0.0;mahalanobis_patch;5;5;5;0;196;115;22;93;1;5;95;0.8871;0.9744;0.9040;0.6559;0.7312;-0.0015;;;;;;;;4.70
2026-02-17T19:25:42.281017;mvtec_AD/metal_nut;cont_0pct_ensemble_loo_mahal;0.0;ensemble_loo_mahal;5;5;5;0;196;115;22;93;1;5;95;0.8832;0.9732;0.9091;0.6667;0.7097;-0.0054;;;;;;;;3.47
2026-02-17T19:25:45.158898;mvtec_AD/metal_nut;cont_20pct_none;0.2;none;5;5;5;1;0;115;22;93;1;5;95;0.8025;0.9497;0.8942;0.4194;0.5269;-0.0860;;;;;;;;2.87
2026-02-17T19:25:48.279826;mvtec_AD/metal_nut;cont_20pct_loo_patch;0.2;loo_patch;5;5;5;1;196;115;22;93;1;5;95;0.8592;0.9667;0.8986;0.6129;0.6774;-0.0293;0.6591;1.0000;1;1.0000;1.0000;;;3.12
2026-02-17T19:25:52.354148;mvtec_AD/metal_nut;cont_20pct_mahalanobis_patch;0.2;mahalanobis_patch;5;5;5;1;196;115;22;93;1;5;95;0.8568;0.9661;0.8984;0.5376;0.6774;-0.0318;0.6307;1.0000;1;1.0000;1.0000;;;3.97
2026-02-17T19:25:57.437729;mvtec_AD/metal_nut;cont_20pct_ensemble_loo_mahal;0.2;ensemble_loo_mahal;5;5;5;1;196;115;22;93;1;5;95;0.8636;0.9682;0.8984;0.6022;0.6882;-0.0249;0.7102;1.0000;1;1.0000;1.0000;;;5.08
2026-02-17T19:25:59.914990;mvtec_AD/metal_nut;cont_30pct_none;0.3;none;5;5;5;2;0;115;22;93;1;5;95;0.7732;0.9424;0.8942;0.3656;0.4839;-0.1153;;;;;;;;2.47
2026-02-17T19:26:03.139607;mvtec_AD/metal_nut;cont_30pct_loo_patch;0.3;loo_patch;5;5;5;2;196;115;22;93;1;5;95;0.8377;0.9623;0.8942;0.5914;0.6344;-0.0508;0.5593;0.8333;1;0.5000;0.5000;;;3.13
2026-02-17T19:26:07.943385;mvtec_AD/metal_nut;cont_30pct_mahalanobis_patch;0.3;mahalanobis_patch;5;5;5;2;196;115;22;93;1;5;95;0.8314;0.9591;0.8942;0.4946;0.5591;-0.0572;0.5042;0.8333;1;0.5000;0.5000;;;4.80
2026-02-17T19:26:12.342822;mvtec_AD/metal_nut;cont_30pct_ensemble_loo_mahal;0.3;ensemble_loo_mahal;5;5;5;2;196;115;22;93;1;5;95;0.8485;0.9644;0.8942;0.5591;0.6667;-0.0401;0.6525;0.8333;1;0.5000;0.5000;;;4.39
2026-02-17T19:26:15.381944;mvtec_AD/metal_nut;cont_0pct_none;0.0;none;5;5;5;0;0;115;22;93;2;5;95;0.9145;0.9808;0.9206;0.7634;0.7849;;;;;;;;;2.90
2026-02-17T19:26:18.398248;mvtec_AD/metal_nut;cont_0pct_loo_patch;0.0;loo_patch;5;5;5;0;196;115;22;93;2;5;95;0.9101;0.9796;0.9167;0.7312;0.8065;-0.0044;;;;;;;;3.01
2026-02-17T19:26:22.646664;mvtec_AD/metal_nut;cont_0pct_mahalanobis_patch;0.0;mahalanobis_patch;5;5;5;0;196;115;22;93;2;5;95;0.9120;0.9803;0.9198;0.7527;0.8172;-0.0024;;;;;;;;4.15
2026-02-17T19:26:27.612723;mvtec_AD/metal_nut;cont_0pct_ensemble_loo_mahal;0.0;ensemble_loo_mahal;5;5;5;0;196;115;22;93;2;5;95;0.9110;0.9799;0.9198;0.7312;0.7849;-0.0034;;;;;;;;4.96
2026-02-17T19:26:30.519723;mvtec_AD/metal_nut;cont_20pct_none;0.2;none;5;5;5;1;0;115;22;93;2;5;95;0.9003;0.9781;0.9111;0.7527;0.7849;-0.0142;;;;;;;;2.89
2026-02-17T19:26:32.946699;mvtec_AD/metal_nut;cont_20pct_loo_patch;0.2;loo_patch;5;5;5;1;196;115;22;93;2;5;95;0.8998;0.9774;0.9081;0.7097;0.7849;-0.0147;-0.0345;0.7500;0;0.0000;0.0000;;;2.32
2026-02-17T19:26:37.385174;mvtec_AD/metal_nut;cont_20pct_mahalanobis_patch;0.2;mahalanobis_patch;5;5;5;1;196;115;22;93;2;5;95;0.8993;0.9774;0.9128;0.7634;0.8065;-0.0152;-0.0690;0.7500;0;0.0000;0.0000;;;4.43
2026-02-17T19:26:41.989609;mvtec_AD/metal_nut;cont_20pct_ensemble_loo_mahal;0.2;ensemble_loo_mahal;5;5;5;1;196;115;22;93;2;5;95;0.9037;0.9783;0.9140;0.7097;0.8065;-0.0108;0.2414;0.7500;0;0.0000;0.0000;;;4.59
2026-02-17T19:26:44.978884;mvtec_AD/metal_nut;cont_30pct_none;0.3;none;5;5;5;2;0;115;22;93;2;5;95;0.8881;0.9728;0.9319;0.5914;0.6237;-0.0264;;;;;;;;2.98
2026-02-17T19:26:48.092889;mvtec_AD/metal_nut;cont_30pct_loo_patch;0.3;loo_patch;5;5;5;2;196;115;22;93;2;5;95;0.9018;0.9762;0.9326;0.6452;0.6559;-0.0127;0.5185;0.8333;1;0.5000;0.5000;;;2.99
2026-02-17T19:26:52.385502;mvtec_AD/metal_nut;cont_30pct_mahalanobis_patch;0.3;mahalanobis_patch;5;5;5;2;196;115;22;93;2;5;95;0.9184;0.9805;0.9326;0.6667;0.6989;0.0039;1.1481;0.8333;1;0.5000;0.5000;;;4.29
2026-02-17T19:26:57.167317;mvtec_AD/metal_nut;cont_30pct_ensemble_loo_mahal;0.3;ensemble_loo_mahal;5;5;5;2;196;115;22;93;2;5;95;0.9096;0.9782;0.9381;0.6667;0.6774;-0.0049;0.8148;0.8333;1;0.5000;0.5000;;;4.78
2026-02-17T19:27:00.312838;mvtec_AD/metal_nut;cont_0pct_none;0.0;none;5;5;5;0;0;115;22;93;3;5;95;0.9179;0.9817;0.9231;0.7634;0.7742;;;;;;;;;3.00
2026-02-17T19:27:03.109319;mvtec_AD/metal_nut;cont_0pct_loo_patch;0.0;loo_patch;5;5;5;0;196;115;22;93;3;5;95;0.9130;0.9804;0.9247;0.7204;0.8065;-0.0049;;;;;;;;2.78
2026-02-17T19:27:08.614397;mvtec_AD/metal_nut;cont_0pct_mahalanobis_patch;0.0;mahalanobis_patch;5;5;5;0;196;115;22;93;3;5;95;0.9125;0.9803;0.9140;0.7204;0.8065;-0.0054;;;;;;;;5.50
2026-02-17T19:27:12.645391;mvtec_AD/metal_nut;cont_0pct_ensemble_loo_mahal;0.0;ensemble_loo_mahal;5;5;5;0;196;115;22;93;3;5;95;0.9101;0.9796;0.9180;0.7097;0.7957;-0.0078;;;;;;;;4.02
2026-02-17T19:27:15.219032;mvtec_AD/metal_nut;cont_20pct_none;0.2;none;5;5;5;1;0;115;22;93;3;5;95;0.8671;0.9703;0.8990;0.7419;0.7634;-0.0508;;;;;;;;2.56
2026-02-17T19:27:18.236578;mvtec_AD/metal_nut;cont_20pct_loo_patch;0.2;loo_patch;5;5;5;1;196;115;22;93;3;5;95;0.8695;0.9706;0.9055;0.7097;0.7849;-0.0484;0.0481;0.5000;0;0.0000;0.0000;;;3.00
2026-02-17T19:27:23.059767;mvtec_AD/metal_nut;cont_20pct_mahalanobis_patch;0.2;mahalanobis_patch;5;5;5;1;196;115;22;93;3;5;95;0.8675;0.9701;0.9029;0.7097;0.7634;-0.0503;0.0096;0.5000;0;0.0000;0.0000;;;4.82
2026-02-17T19:27:28.092079;mvtec_AD/metal_nut;cont_20pct_ensemble_loo_mahal;0.2;ensemble_loo_mahal;5;5;5;1;196;115;22;93;3;5;95;0.8690;0.9704;0.9055;0.6989;0.7742;-0.0489;0.0385;0.5000;0;0.0000;0.0000;;;5.02
2026-02-17T19:27:30.856676;mvtec_AD/metal_nut;cont_30pct_none;0.3;none;5;5;5;2;0;115;22;93;3;5;95;0.8656;0.9706;0.8942;0.7742;0.7849;-0.0523;;;;;;;;2.75
2026-02-17T19:27:33.839558;mvtec_AD/metal_nut;cont_30pct_loo_patch;0.3;loo_patch;5;5;5;2;196;115;22;93;3;5;95;0.8910;0.9758;0.9072;0.7742;0.7957;-0.0269;0.4860;0.8333;1;0.5000;0.5000;;;2.85
2026-02-17T19:27:38.603780;mvtec_AD/metal_nut;cont_30pct_mahalanobis_patch;0.3;mahalanobis_patch;5;5;5;2;196;115;22;93;3;5;95;0.8724;0.9719;0.9005;0.7742;0.7849;-0.0455;0.1308;0.8333;1;0.5000;0.5000;;;4.76
2026-02-17T19:27:42.929635;mvtec_AD/metal_nut;cont_30pct_ensemble_loo_mahal;0.3;ensemble_loo_mahal;5;5;5;2;196;115;22;93;3;5;95;0.8851;0.9748;0.9026;0.7849;0.7849;-0.0327;0.3738;0.8333;1;0.5000;0.5000;;;4.32
2026-02-17T19:27:45.676650;mvtec_AD/metal_nut;cont_0pct_none;0.0;none;5;5;5;0;0;115;22;93;4;5;95;0.9198;0.9815;0.9293;0.7849;0.7957;;;;;;;;;2.64
2026-02-17T19:27:48.842480;mvtec_AD/metal_nut;cont_0pct_loo_patch;0.0;loo_patch;5;5;5;0;196;115;22;93;4;5;95;0.9140;0.9804;0.9239;0.7419;0.7849;-0.0059;;;;;;;;3.16
2026-02-17T19:27:52.393106;mvtec_AD/metal_nut;cont_0pct_mahalanobis_patch;0.0;mahalanobis_patch;5;5;5;0;196;115;22;93;4;5;95;0.9208;0.9821;0.9239;0.7742;0.8172;0.0010;;;;;;;;3.54
2026-02-17T19:27:57.141971;mvtec_AD/metal_nut;cont_0pct_ensemble_loo_mahal;0.0;ensemble_loo_mahal;5;5;5;0;196;115;22;93;4;5;95;0.9194;0.9816;0.9239;0.7742;0.7957;-0.0005;;;;;;;;4.74
2026-02-17T19:27:59.685180;mvtec_AD/metal_nut;cont_20pct_none;0.2;none;5;5;5;1;0;115;22;93;4;5;95;0.9008;0.9773;0.9231;0.7419;0.7849;-0.0191;;;;;;;;2.53
2026-02-17T19:28:02.902288;mvtec_AD/metal_nut;cont_20pct_loo_patch;0.2;loo_patch;5;5;5;1;196;115;22;93;4;5;95;0.9008;0.9776;0.9175;0.7634;0.7849;-0.0191;0.0000;0.7500;0;0.0000;0.0000;;;3.09
2026-02-17T19:28:07.697683;mvtec_AD/metal_nut;cont_20pct_mahalanobis_patch;0.2;mahalanobis_patch;5;5;5;1;196;115;22;93;4;5;95;0.9062;0.9787;0.9231;0.7742;0.7849;-0.0137;0.2821;0.7500;0;0.0000;0.0000;;;4.79
2026-02-17T19:28:12.179230;mvtec_AD/metal_nut;cont_20pct_ensemble_loo_mahal;0.2;ensemble_loo_mahal;5;5;5;1;196;115;22;93;4;5;95;0.9013;0.9777;0.9184;0.7849;0.7849;-0.0186;0.0256;0.7500;0;0.0000;0.0000;;;4.48
2026-02-17T19:28:15.218893;mvtec_AD/metal_nut;cont_30pct_none;0.3;none;5;5;5;2;0;115;22;93;4;5;95;0.8240;0.9579;0.8942;0.5484;0.6022;-0.0958;;;;;;;;3.02
2026-02-17T19:28:18.328200;mvtec_AD/metal_nut;cont_30pct_loo_patch;0.3;loo_patch;5;5;5;2;196;115;22;93;4;5;95;0.8201;0.9569;0.9045;0.5699;0.5914;-0.0997;-0.0408;0.6667;1;0.5000;0.5000;;;2.99
2026-02-17T19:28:22.640240;mvtec_AD/metal_nut;cont_30pct_mahalanobis_patch;0.3;mahalanobis_patch;5;5;5;2;196;115;22;93;4;5;95;0.8436;0.9628;0.9045;0.5699;0.6129;-0.0762;0.2041;0.6667;1;0.5000;0.5000;;;4.31
2026-02-17T19:28:27.175280;mvtec_AD/metal_nut;cont_30pct_ensemble_loo_mahal;0.3;ensemble_loo_mahal;5;5;5;2;196;115;22;93;4;5;95;0.8358;0.9609;0.9055;0.5914;0.5914;-0.0841;0.1224;0.6667;1;0.5000;0.5000;;;4.53
2026-02-17T19:28:32.724900;mvtec_AD/pill;cont_0pct_none;0.0;none;5;5;5;0;0;167;26;141;0;5;95;0.9138;0.9836;0.9420;0.7021;0.7376;;;;;;;;;3.96
2026-02-17T19:28:36.251713;mvtec_AD/pill;cont_0pct_loo_patch;0.0;loo_patch;5;5;5;0;196;167;26;141;0;5;95;0.9089;0.9826;0.9399;0.7092;0.7376;-0.0049;;;;;;;;3.52
2026-02-17T19:28:41.653693;mvtec_AD/pill;cont_0pct_mahalanobis_patch;0.0;mahalanobis_patch;5;5;5;0;196;167;26;141;0;5;95;0.9157;0.9843;0.9362;0.7518;0.7518;0.0019;;;;;;;;5.40
2026-02-17T19:28:47.709284;mvtec_AD/pill;cont_0pct_ensemble_loo_mahal;0.0;ensemble_loo_mahal;5;5;5;0;196;167;26;141;0;5;95;0.9073;0.9822;0.9388;0.7092;0.7376;-0.0065;;;;;;;;6.05
2026-02-17T19:28:51.837637;mvtec_AD/pill;cont_20pct_none;0.2;none;5;5;5;1;0;167;26;141;0;5;95;0.9073;0.9822;0.9404;0.6525;0.6950;-0.0065;;;;;;;;4.11
2026-02-17T19:28:55.975081;mvtec_AD/pill;cont_20pct_loo_patch;0.2;loo_patch;5;5;5;1;196;167;26;141;0;5;95;0.9002;0.9803;0.9441;0.6170;0.6454;-0.0136;-1.0833;0.7500;0;0.0000;0.0000;;;4.13
2026-02-17T19:29:02.876400;mvtec_AD/pill;cont_20pct_mahalanobis_patch;0.2;mahalanobis_patch;5;5;5;1;196;167;26;141;0;5;95;0.8950;0.9793;0.9375;0.6383;0.6383;-0.0188;-1.8750;0.7500;0;0.0000;0.0000;;;6.44
2026-02-17T19:29:08.200065;mvtec_AD/pill;cont_20pct_ensemble_loo_mahal;0.2;ensemble_loo_mahal;5;5;5;1;196;167;26;141;0;5;95;0.8999;0.9803;0.9441;0.6241;0.6454;-0.0139;-1.1250;0.7500;0;0.0000;0.0000;;;5.31
2026-02-17T19:29:12.511075;mvtec_AD/pill;cont_30pct_none;0.3;none;5;5;5;2;0;167;26;141;0;5;95;0.8944;0.9795;0.9399;0.6525;0.6525;-0.0194;;;;;;;;4.30
2026-02-17T19:29:16.547762;mvtec_AD/pill;cont_30pct_loo_patch;0.3;loo_patch;5;5;5;2;196;167;26;141;0;5;95;0.8873;0.9771;0.9404;0.5532;0.5957;-0.0265;-0.3662;0.5000;0;0.5000;0.5000;;;3.93
2026-02-17T19:29:22.540208;mvtec_AD/pill;cont_30pct_mahalanobis_patch;0.3;mahalanobis_patch;5;5;5;2;196;167;26;141;0;5;95;0.8824;0.9773;0.9324;0.6596;0.6738;-0.0314;-0.6197;0.5000;0;0.5000;0.5000;;;5.99
2026-02-17T19:29:28.319059;mvtec_AD/pill;cont_30pct_ensemble_loo_mahal;0.3;ensemble_loo_mahal;5;5;5;2;196;167;26;141;0;5;95;0.8890;0.9782;0.9338;0.6383;0.6383;-0.0248;-0.2817;0.5000;0;0.5000;0.5000;;;5.77
2026-02-17T19:29:32.815531;mvtec_AD/pill;cont_0pct_none;0.0;none;5;5;5;0;0;167;26;141;1;5;95;0.8898;0.9791;0.9324;0.6454;0.7305;;;;;;;;;4.31
2026-02-17T19:29:36.927206;mvtec_AD/pill;cont_0pct_loo_patch;0.0;loo_patch;5;5;5;0;196;167;26;141;1;5;95;0.8923;0.9795;0.9392;0.6667;0.7092;0.0025;;;;;;;;4.11
2026-02-17T19:29:43.128036;mvtec_AD/pill;cont_0pct_mahalanobis_patch;0.0;mahalanobis_patch;5;5;5;0;196;167;26;141;1;5;95;0.8797;0.9774;0.9298;0.6667;0.6809;-0.0101;;;;;;;;6.10
2026-02-17T19:29:48.486939;mvtec_AD/pill;cont_0pct_ensemble_loo_mahal;0.0;ensemble_loo_mahal;5;5;5;0;196;167;26;141;1;5;95;0.8865;0.9786;0.9320;0.6879;0.6950;-0.0033;;;;;;;;5.35
2026-02-17T19:29:52.409072;mvtec_AD/pill;cont_20pct_none;0.2;none;5;5;5;1;0;167;26;141;1;5;95;0.8740;0.9758;0.9360;0.6454;0.6738;-0.0158;;;;;;;;3.91
2026-02-17T19:29:56.131622;mvtec_AD/pill;cont_20pct_loo_patch;0.2;loo_patch;5;5;5;1;196;167;26;141;1;5;95;0.8734;0.9757;0.9356;0.6525;0.6667;-0.0164;-0.0345;1.0000;1;1.0000;1.0000;;;3.72
2026-02-17T19:30:02.174416;mvtec_AD/pill;cont_20pct_mahalanobis_patch;0.2;mahalanobis_patch;5;5;5;1;196;167;26;141;1;5;95;0.8794;0.9768;0.9356;0.6879;0.6879;-0.0104;0.3448;1.0000;1;1.0000;1.0000;;;6.04
2026-02-17T19:30:08.057248;mvtec_AD/pill;cont_20pct_ensemble_loo_mahal;0.2;ensemble_loo_mahal;5;5;5;1;196;167;26;141;1;5;95;0.8732;0.9756;0.9360;0.6809;0.6950;-0.0166;-0.0517;1.0000;1;1.0000;1.0000;;;5.88
2026-02-17T19:30:12.143970;mvtec_AD/pill;cont_30pct_none;0.3;none;5;5;5;2;0;167;26;141;1;5;95;0.8732;0.9759;0.9257;0.6596;0.6667;-0.0166;;;;;;;;4.07
2026-02-17T19:30:16.178798;mvtec_AD/pill;cont_30pct_loo_patch;0.3;loo_patch;5;5;5;2;196;167;26;141;1;5;95;0.8857;0.9783;0.9310;0.6809;0.6950;-0.0041;0.7541;1.0000;1;1.0000;1.0000;;;4.03
2026-02-17T19:30:22.233353;mvtec_AD/pill;cont_30pct_mahalanobis_patch;0.3;mahalanobis_patch;5;5;5;2;196;167;26;141;1;5;95;0.8710;0.9755;0.9247;0.6383;0.6879;-0.0188;-0.1311;1.0000;1;1.0000;1.0000;;;6.05
2026-02-17T19:30:27.523161;mvtec_AD/pill;cont_30pct_ensemble_loo_mahal;0.3;ensemble_loo_mahal;5;5;5;2;196;167;26;141;1;5;95;0.8781;0.9766;0.9293;0.6383;0.6596;-0.0117;0.2951;1.0000;1;1.0000;1.0000;;;5.28
2026-02-17T19:30:31.672640;mvtec_AD/pill;cont_0pct_none;0.0;none;5;5;5;0;0;167;26;141;2;5;95;0.8775;0.9758;0.9298;0.5674;0.6170;;;;;;;;;4.00
2026-02-17T19:30:35.501440;mvtec_AD/pill;cont_0pct_loo_patch;0.0;loo_patch;5;5;5;0;196;167;26;141;2;5;95;0.8764;0.9753;0.9302;0.5745;0.5887;-0.0011;;;;;;;;3.82
2026-02-17T19:30:41.576279;mvtec_AD/pill;cont_0pct_mahalanobis_patch;0.0;mahalanobis_patch;5;5;5;0;196;167;26;141;2;5;95;0.8729;0.9745;0.9315;0.5461;0.5816;-0.0046;;;;;;;;6.07
2026-02-17T19:30:47.312522;mvtec_AD/pill;cont_0pct_ensemble_loo_mahal;0.0;ensemble_loo_mahal;5;5;5;0;196;167;26;141;2;5;95;0.8696;0.9740;0.9293;0.5674;0.5957;-0.0079;;;;;;;;5.73
2026-02-17T19:30:51.660529;mvtec_AD/pill;cont_20pct_none;0.2;none;5;5;5;1;0;167;26;141;2;5;95;0.8773;0.9759;0.9338;0.6028;0.6170;-0.0003;;;;;;;;4.33
2026-02-17T19:30:55.640935;mvtec_AD/pill;cont_20pct_loo_patch;0.2;loo_patch;5;5;5;1;196;167;26;141;2;5;95;0.8868;0.9777;0.9375;0.5887;0.6383;0.0093;35.0000;1.0000;1;1.0000;1.0000;;;3.80
2026-02-17T19:31:02.072132;mvtec_AD/pill;cont_20pct_mahalanobis_patch;0.2;mahalanobis_patch;5;5;5;1;196;167;26;141;2;5;95;0.8756;0.9755;0.9338;0.5816;0.6170;-0.0019;-6.0000;1.0000;1;1.0000;1.0000;;;6.43
2026-02-17T19:31:07.249501;mvtec_AD/pill;cont_20pct_ensemble_loo_mahal;0.2;ensemble_loo_mahal;5;5;5;1;196;167;26;141;2;5;95;0.8808;0.9765;0.9310;0.5957;0.6241;0.0033;13.0000;1.0000;1;1.0000;1.0000;;;5.17
2026-02-17T19:31:11.527027;mvtec_AD/pill;cont_30pct_none;0.3;none;5;5;5;2;0;167;26;141;2;5;95;0.8691;0.9741;0.9310;0.5674;0.6170;-0.0085;;;;;;;;4.27
2026-02-17T19:31:15.902942;mvtec_AD/pill;cont_30pct_loo_patch;0.3;loo_patch;5;5;5;2;196;167;26;141;2;5;95;0.8759;0.9750;0.9315;0.5603;0.5957;-0.0016;0.8065;1.0000;1;1.0000;1.0000;;;4.37
2026-02-17T19:31:21.185483;mvtec_AD/pill;cont_30pct_mahalanobis_patch;0.3;mahalanobis_patch;5;5;5;2;196;167;26;141;2;5;95;0.8797;0.9761;0.9329;0.5674;0.6099;0.0022;1.2581;1.0000;1;1.0000;1.0000;;;5.01
2026-02-17T19:31:26.559944;mvtec_AD/pill;cont_30pct_ensemble_loo_mahal;0.3;ensemble_loo_mahal;5;5;5;2;196;167;26;141;2;5;95;0.8781;0.9754;0.9329;0.5532;0.6099;0.0005;1.0645;1.0000;1;1.0000;1.0000;;;5.37
2026-02-17T19:31:30.823269;mvtec_AD/pill;cont_0pct_none;0.0;none;5;5;5;0;0;167;26;141;3;5;95;0.8909;0.9793;0.9306;0.6667;0.7163;;;;;;;;;4.06
2026-02-17T19:31:35.120814;mvtec_AD/pill;cont_0pct_loo_patch;0.0;loo_patch;5;5;5;0;196;167;26;141;3;5;95;0.8764;0.9760;0.9310;0.6170;0.6312;-0.0145;;;;;;;;4.19
2026-02-17T19:31:40.906288;mvtec_AD/pill;cont_0pct_mahalanobis_patch;0.0;mahalanobis_patch;5;5;5;0;196;167;26;141;3;5;95;0.8830;0.9772;0.9343;0.6170;0.6383;-0.0079;;;;;;;;5.78
2026-02-17T19:31:46.960510;mvtec_AD/pill;cont_0pct_ensemble_loo_mahal;0.0;ensemble_loo_mahal;5;5;5;0;196;167;26;141;3;5;95;0.8846;0.9774;0.9347;0.5957;0.6241;-0.0063;;;;;;;;6.05
2026-02-17T19:31:50.385615;mvtec_AD/pill;cont_20pct_none;0.2;none;5;5;5;1;0;167;26;141;3;5;95;0.8903;0.9793;0.9283;0.6809;0.7163;-0.0005;;;;;;;;3.41
2026-02-17T19:31:54.676069;mvtec_AD/pill;cont_20pct_loo_patch;0.2;loo_patch;5;5;5;1;196;167;26;141;3;5;95;0.8854;0.9780;0.9315;0.6667;0.6738;-0.0055;-9.0000;1.0000;1;1.0000;1.0000;;;4.29
2026-02-17T19:32:00.130689;mvtec_AD/pill;cont_20pct_mahalanobis_patch;0.2;mahalanobis_patch;5;5;5;1;196;167;26;141;3;5;95;0.8906;0.9787;0.9324;0.6170;0.6596;-0.0003;0.5000;1.0000;1;1.0000;1.0000;;;5.45
2026-02-17T19:32:06.256427;mvtec_AD/pill;cont_20pct_ensemble_loo_mahal;0.2;ensemble_loo_mahal;5;5;5;1;196;167;26;141;3;5;95;0.8792;0.9761;0.9315;0.5957;0.6312;-0.0117;-20.5000;1.0000;1;1.0000;1.0000;;;6.12
2026-02-17T19:32:10.082412;mvtec_AD/pill;cont_30pct_none;0.3;none;5;5;5;2;0;167;26;141;3;5;95;0.8759;0.9765;0.9293;0.6525;0.6879;-0.0150;;;;;;;;3.81
2026-02-17T19:32:14.439510;mvtec_AD/pill;cont_30pct_loo_patch;0.3;loo_patch;5;5;5;2;196;167;26;141;3;5;95;0.8797;0.9762;0.9347;0.5887;0.6383;-0.0112;0.2545;1.0000;1;1.0000;1.0000;;;4.25
2026-02-17T19:32:20.018456;mvtec_AD/pill;cont_30pct_mahalanobis_patch;0.3;mahalanobis_patch;5;5;5;2;196;167;26;141;3;5;95;0.8857;0.9776;0.9360;0.6099;0.6667;-0.0052;0.6545;1.0000;1;1.0000;1.0000;;;5.45
2026-02-17T19:32:26.337785;mvtec_AD/pill;cont_30pct_ensemble_loo_mahal;0.3;ensemble_loo_mahal;5;5;5;2;196;167;26;141;3;5;95;0.8808;0.9766;0.9333;0.6028;0.6596;-0.0101;0.3273;1.0000;1;1.0000;1.0000;;;6.31
2026-02-17T19:32:30.794545;mvtec_AD/pill;cont_0pct_none;0.0;none;5;5;5;0;0;167;26;141;4;5;95;0.9032;0.9808;0.9416;0.6312;0.6596;;;;;;;;;4.25
2026-02-17T19:32:34.358111;mvtec_AD/pill;cont_0pct_loo_patch;0.0;loo_patch;5;5;5;0;196;167;26;141;4;5;95;0.8996;0.9804;0.9420;0.6667;0.6879;-0.0035;;;;;;;;3.56
2026-02-17T19:32:39.936921;mvtec_AD/pill;cont_0pct_mahalanobis_patch;0.0;mahalanobis_patch;5;5;5;0;196;167;26;141;4;5;95;0.8890;0.9784;0.9428;0.6312;0.6525;-0.0142;;;;;;;;5.57
2026-02-17T19:32:45.929927;mvtec_AD/pill;cont_0pct_ensemble_loo_mahal;0.0;ensemble_loo_mahal;5;5;5;0;196;167;26;141;4;5;95;0.8936;0.9792;0.9428;0.6241;0.6738;-0.0095;;;;;;;;5.99
2026-02-17T19:32:49.701334;mvtec_AD/pill;cont_20pct_none;0.2;none;5;5;5;1;0;167;26;141;4;5;95;0.8931;0.9787;0.9444;0.5816;0.6383;-0.0101;;;;;;;;3.76
2026-02-17T19:32:54.072343;mvtec_AD/pill;cont_20pct_loo_patch;0.2;loo_patch;5;5;5;1;196;167;26;141;4;5;95;0.8969;0.9793;0.9424;0.5887;0.6596;-0.0063;0.3784;1.0000;1;1.0000;1.0000;;;4.27
2026-02-17T19:32:59.718067;mvtec_AD/pill;cont_20pct_mahalanobis_patch;0.2;mahalanobis_patch;5;5;5;1;196;167;26;141;4;5;95;0.8903;0.9785;0.9396;0.6383;0.6454;-0.0128;-0.2703;1.0000;1;1.0000;1.0000;;;5.64
2026-02-17T19:33:05.708786;mvtec_AD/pill;cont_20pct_ensemble_loo_mahal;0.2;ensemble_loo_mahal;5;5;5;1;196;167;26;141;4;5;95;0.8961;0.9795;0.9424;0.6028;0.6596;-0.0071;0.2973;1.0000;1;1.0000;1.0000;;;5.98
2026-02-17T19:33:09.874041;mvtec_AD/pill;cont_30pct_none;0.3;none;5;5;5;2;0;167;26;141;4;5;95;0.8715;0.9740;0.9420;0.5248;0.6099;-0.0316;;;;;;;;4.15
2026-02-17T19:33:13.132315;mvtec_AD/pill;cont_30pct_loo_patch;0.3;loo_patch;5;5;5;2;196;167;26;141;4;5;95;0.8890;0.9773;0.9492;0.5319;0.6099;-0.0142;0.5517;1.0000;1;1.0000;1.0000;;;3.16
2026-02-17T19:33:18.523320;mvtec_AD/pill;cont_30pct_mahalanobis_patch;0.3;mahalanobis_patch;5;5;5;2;196;167;26;141;4;5;95;0.8830;0.9767;0.9428;0.5603;0.5816;-0.0202;0.3621;1.0000;1;1.0000;1.0000;;;5.39
2026-02-17T19:33:24.485105;mvtec_AD/pill;cont_30pct_ensemble_loo_mahal;0.3;ensemble_loo_mahal;5;5;5;2;196;167;26;141;4;5;95;0.8808;0.9761;0.9428;0.5532;0.5957;-0.0224;0.2931;1.0000;1;1.0000;1.0000;;;5.96
2026-02-17T19:33:30.268390;mvtec_AD/screw;cont_0pct_none;0.0;none;5;5;5;0;0;160;41;119;0;5;95;0.5056;0.7294;0.8645;0.0000;0.0336;;;;;;;;;4.05
2026-02-17T19:33:34.416072;mvtec_AD/screw;cont_0pct_loo_patch;0.0;loo_patch;5;5;5;0;196;160;41;119;0;5;95;0.5284;0.7428;0.8582;0.0084;0.0504;0.0228;;;;;;;;4.14
2026-02-17T19:33:40.298920;mvtec_AD/screw;cont_0pct_mahalanobis_patch;0.0;mahalanobis_patch;5;5;5;0;196;160;41;119;0;5;95;0.5300;0.7461;0.8592;0.0084;0.0588;0.0244;;;;;;;;5.63
2026-02-17T19:33:46.296142;mvtec_AD/screw;cont_0pct_ensemble_loo_mahal;0.0;ensemble_loo_mahal;5;5;5;0;196;160;41;119;0;5;95;0.5308;0.7432;0.8592;0.0000;0.0336;0.0252;;;;;;;;5.99
2026-02-17T19:33:49.412755;mvtec_AD/screw;cont_20pct_none;0.2;none;5;5;5;1;0;160;41;119;0;5;95;0.5001;0.7346;0.8645;0.0168;0.0420;-0.0055;;;;;;;;3.10
2026-02-17T19:33:53.251167;mvtec_AD/screw;cont_20pct_loo_patch;0.2;loo_patch;5;5;5;1;196;160;41;119;0;5;95;0.5204;0.7416;0.8613;0.0168;0.0420;0.0148;3.6667;0.7500;0;0.0000;0.0000;;;3.83
2026-02-17T19:33:59.138919;mvtec_AD/screw;cont_20pct_mahalanobis_patch;0.2;mahalanobis_patch;5;5;5;1;196;160;41;119;0;5;95;0.5296;0.7424;0.8613;0.0084;0.0672;0.0240;5.3333;0.7500;0;0.0000;0.0000;;;5.88
2026-02-17T19:34:04.510534;mvtec_AD/screw;cont_20pct_ensemble_loo_mahal;0.2;ensemble_loo_mahal;5;5;5;1;196;160;41;119;0;5;95;0.5311;0.7463;0.8613;0.0168;0.0336;0.0254;5.5926;0.7500;0;0.0000;0.0000;;;5.37
2026-02-17T19:34:08.022830;mvtec_AD/screw;cont_30pct_none;0.3;none;5;5;5;2;0;160;41;119;0;5;95;0.5067;0.7344;0.8603;0.0000;0.0756;0.0010;;;;;;;;3.50
2026-02-17T19:34:12.774003;mvtec_AD/screw;cont_30pct_loo_patch;0.3;loo_patch;5;5;5;2;196;160;41;119;0;5;95;0.4862;0.7327;0.8645;0.0084;0.0588;-0.0195;20.0000;0.5000;0;0.5000;0.5000;;;4.08
2026-02-17T19:34:18.479942;mvtec_AD/screw;cont_30pct_mahalanobis_patch;0.3;mahalanobis_patch;5;5;5;2;196;160;41;119;0;5;95;0.4929;0.7419;0.8645;0.0084;0.0840;-0.0127;13.4000;0.5000;0;0.5000;0.5000;;;5.70
2026-02-17T19:34:24.075077;mvtec_AD/screw;cont_30pct_ensemble_loo_mahal;0.3;ensemble_loo_mahal;5;5;5;2;196;160;41;119;0;5;95;0.4929;0.7379;0.8645;0.0000;0.0924;-0.0127;13.4000;0.5000;0;0.5000;0.5000;;;5.59
2026-02-17T19:34:28.340187;mvtec_AD/screw;cont_0pct_none;0.0;none;5;5;5;0;0;160;41;119;1;5;95;0.6922;0.8407;0.8530;0.0336;0.1513;;;;;;;;;4.07
2026-02-17T19:34:31.936296;mvtec_AD/screw;cont_0pct_loo_patch;0.0;loo_patch;5;5;5;0;196;160;41;119;1;5;95;0.5735;0.8051;0.8530;0.0504;0.2017;-0.1187;;;;;;;;3.59
2026-02-17T19:34:37.907807;mvtec_AD/screw;cont_0pct_mahalanobis_patch;0.0;mahalanobis_patch;5;5;5;0;196;160;41;119;1;5;95;0.7381;0.8914;0.8530;0.1597;0.3109;0.0459;;;;;;;;5.97
2026-02-17T19:34:42.649009;mvtec_AD/screw;cont_0pct_ensemble_loo_mahal;0.0;ensemble_loo_mahal;5;5;5;0;196;160;41;119;1;5;95;0.6184;0.8281;0.8530;0.1092;0.1765;-0.0738;;;;;;;;4.74
2026-02-17T19:34:46.609610;mvtec_AD/screw;cont_20pct_none;0.2;none;5;5;5;1;0;160;41;119;1;5;95;0.5725;0.7853;0.8530;0.0420;0.0924;-0.1197;;;;;;;;3.95
2026-02-17T19:34:50.353789;mvtec_AD/screw;cont_20pct_loo_patch;0.2;loo_patch;5;5;5;1;196;160;41;119;1;5;95;0.5243;0.7717;0.8530;0.0252;0.1345;-0.1679;-0.4024;0.5000;0;0.0000;0.0000;;;3.64
2026-02-17T19:34:56.382220;mvtec_AD/screw;cont_20pct_mahalanobis_patch;0.2;mahalanobis_patch;5;5;5;1;196;160;41;119;1;5;95;0.6223;0.8214;0.8530;0.0504;0.1092;-0.0699;0.4161;0.5000;0;0.0000;0.0000;;;5.86
2026-02-17T19:35:01.704952;mvtec_AD/screw;cont_20pct_ensemble_loo_mahal;0.2;ensemble_loo_mahal;5;5;5;1;196;160;41;119;1;5;95;0.5454;0.7900;0.8530;0.0420;0.1513;-0.1468;-0.2260;0.5000;0;0.0000;0.0000;;;5.32
2026-02-17T19:35:05.751932;mvtec_AD/screw;cont_30pct_none;0.3;none;5;5;5;2;0;160;41;119;1;5;95;0.5790;0.7905;0.8530;0.0672;0.1008;-0.1131;;;;;;;;4.03
2026-02-17T19:35:11.070707;mvtec_AD/screw;cont_30pct_loo_patch;0.3;loo_patch;5;5;5;2;196;160;41;119;1;5;95;0.5294;0.7752;0.8530;0.0336;0.0756;-0.1627;-0.4384;0.0000;0;0.0000;0.0000;;;4.24
2026-02-17T19:35:15.701624;mvtec_AD/screw;cont_30pct_mahalanobis_patch;0.3;mahalanobis_patch;5;5;5;2;196;160;41;119;1;5;95;0.6247;0.8171;0.8530;0.0420;0.1092;-0.0674;0.4040;0.0000;0;0.0000;0.0000;;;4.54
2026-02-17T19:35:20.853765;mvtec_AD/screw;cont_30pct_ensemble_loo_mahal;0.3;ensemble_loo_mahal;5;5;5;2;196;160;41;119;1;5;95;0.5757;0.7989;0.8530;0.0252;0.0840;-0.1164;-0.0290;0.0000;0;0.0000;0.0000;;;5.15
2026-02-17T19:35:24.819901;mvtec_AD/screw;cont_0pct_none;0.0;none;5;5;5;0;0;160;41;119;2;5;95;0.5175;0.7713;0.8530;0.0168;0.0420;;;;;;;;;3.84
2026-02-17T19:35:28.509928;mvtec_AD/screw;cont_0pct_loo_patch;0.0;loo_patch;5;5;5;0;196;160;41;119;2;5;95;0.4923;0.7439;0.8530;0.0252;0.0504;-0.0252;;;;;;;;3.68
2026-02-17T19:35:34.512324;mvtec_AD/screw;cont_0pct_mahalanobis_patch;0.0;mahalanobis_patch;5;5;5;0;196;160;41;119;2;5;95;0.4999;0.7604;0.8530;0.0336;0.0672;-0.0176;;;;;;;;5.89
2026-02-17T19:35:39.923872;mvtec_AD/screw;cont_0pct_ensemble_loo_mahal;0.0;ensemble_loo_mahal;5;5;5;0;196;160;41;119;2;5;95;0.5015;0.7516;0.8530;0.0252;0.0420;-0.0160;;;;;;;;5.40
2026-02-17T19:35:43.967908;mvtec_AD/screw;cont_20pct_none;0.2;none;5;5;5;1;0;160;41;119;2;5;95;0.4925;0.7403;0.8530;0.0252;0.0756;-0.0250;;;;;;;;4.03
2026-02-17T19:35:48.216359;mvtec_AD/screw;cont_20pct_loo_patch;0.2;loo_patch;5;5;5;1;196;160;41;119;2;5;95;0.4972;0.7421;0.8530;0.0168;0.0420;-0.0203;0.1885;0.7500;0;0.0000;0.0000;;;4.09
2026-02-17T19:35:53.312046;mvtec_AD/screw;cont_20pct_mahalanobis_patch;0.2;mahalanobis_patch;5;5;5;1;196;160;41;119;2;5;95;0.5028;0.7404;0.8530;0.0168;0.0336;-0.0148;0.4098;0.7500;0;0.0000;0.0000;;;5.09
2026-02-17T19:35:58.723010;mvtec_AD/screw;cont_20pct_ensemble_loo_mahal;0.2;ensemble_loo_mahal;5;5;5;1;196;160;41;119;2;5;95;0.5009;0.7414;0.8561;0.0168;0.0336;-0.0166;0.3361;0.7500;0;0.0000;0.0000;;;5.41
2026-02-17T19:36:02.146814;mvtec_AD/screw;cont_30pct_none;0.3;none;5;5;5;2;0;160;41;119;2;5;95;0.4858;0.7475;0.8593;0.0252;0.1008;-0.0318;;;;;;;;3.41
2026-02-17T19:36:06.082909;mvtec_AD/screw;cont_30pct_loo_patch;0.3;loo_patch;5;5;5;2;196;160;41;119;2;5;95;0.5042;0.7494;0.8550;0.0168;0.0756;-0.0133;0.5806;0.6667;0;0.5000;0.5000;;;3.93
2026-02-17T19:36:12.275587;mvtec_AD/screw;cont_30pct_mahalanobis_patch;0.3;mahalanobis_patch;5;5;5;2;196;160;41;119;2;5;95;0.5099;0.7484;0.8582;0.0168;0.1008;-0.0076;0.7613;0.6667;0;0.5000;0.5000;;;6.19
2026-02-17T19:36:17.774113;mvtec_AD/screw;cont_30pct_ensemble_loo_mahal;0.3;ensemble_loo_mahal;5;5;5;2;196;160;41;119;2;5;95;0.5136;0.7561;0.8530;0.0168;0.1261;-0.0039;0.8774;0.6667;0;0.5000;0.5000;;;5.50
2026-02-17T19:36:21.804097;mvtec_AD/screw;cont_0pct_none;0.0;none;5;5;5;0;0;160;41;119;3;5;95;0.6016;0.7801;0.8530;0.0168;0.0168;;;;;;;;;3.89
2026-02-17T19:36:25.845491;mvtec_AD/screw;cont_0pct_loo_patch;0.0;loo_patch;5;5;5;0;196;160;41;119;3;5;95;0.5528;0.7837;0.8530;0.0588;0.0924;-0.0488;;;;;;;;4.04
2026-02-17T19:36:30.776072;mvtec_AD/screw;cont_0pct_mahalanobis_patch;0.0;mahalanobis_patch;5;5;5;0;196;160;41;119;3;5;95;0.5987;0.7929;0.8550;0.0336;0.0504;-0.0029;;;;;;;;4.80
2026-02-17T19:36:36.762012;mvtec_AD/screw;cont_0pct_ensemble_loo_mahal;0.0;ensemble_loo_mahal;5;5;5;0;196;160;41;119;3;5;95;0.5628;0.7960;0.8530;0.0840;0.1513;-0.0387;;;;;;;;5.98
2026-02-17T19:36:40.836257;mvtec_AD/screw;cont_20pct_none;0.2;none;5;5;5;1;0;160;41;119;3;5;95;0.5544;0.7577;0.8645;0.0168;0.0336;-0.0471;;;;;;;;4.06
2026-02-17T19:36:44.034274;mvtec_AD/screw;cont_20pct_loo_patch;0.2;loo_patch;5;5;5;1;196;160;41;119;3;5;95;0.5179;0.7558;0.8582;0.0168;0.0588;-0.0836;-0.7739;0.2500;0;0.0000;0.0000;;;3.19
2026-02-17T19:36:49.328016;mvtec_AD/screw;cont_20pct_mahalanobis_patch;0.2;mahalanobis_patch;5;5;5;1;196;160;41;119;3;5;95;0.5276;0.7567;0.8613;0.0336;0.0420;-0.0740;-0.5696;0.2500;0;0.0000;0.0000;;;5.29
2026-02-17T19:36:55.519067;mvtec_AD/screw;cont_20pct_ensemble_loo_mahal;0.2;ensemble_loo_mahal;5;5;5;1;196;160;41;119;3;5;95;0.5237;0.7648;0.8603;0.0420;0.0924;-0.0779;-0.6522;0.2500;0;0.0000;0.0000;;;6.18
2026-02-17T19:36:59.659780;mvtec_AD/screw;cont_30pct_none;0.3;none;5;5;5;2;0;160;41;119;3;5;95;0.5171;0.7466;0.8530;0.0168;0.0336;-0.0844;;;;;;;;4.12
2026-02-17T19:37:03.485138;mvtec_AD/screw;cont_30pct_loo_patch;0.3;loo_patch;5;5;5;2;196;160;41;119;3;5;95;0.5241;0.7518;0.8530;0.0252;0.0336;-0.0775;0.0825;0.1667;0;0.0000;0.0000;;;3.69
2026-02-17T19:37:09.341867;mvtec_AD/screw;cont_30pct_mahalanobis_patch;0.3;mahalanobis_patch;5;5;5;2;196;160;41;119;3;5;95;0.5372;0.7570;0.8551;0.0336;0.0420;-0.0644;0.2379;0.1667;0;0.0000;0.0000;;;5.85
2026-02-17T19:37:14.001386;mvtec_AD/screw;cont_30pct_ensemble_loo_mahal;0.3;ensemble_loo_mahal;5;5;5;2;196;160;41;119;3;5;95;0.5376;0.7616;0.8530;0.0252;0.0504;-0.0639;0.2427;0.1667;0;0.0000;0.0000;;;4.65
2026-02-17T19:37:18.209149;mvtec_AD/screw;cont_0pct_none;0.0;none;5;5;5;0;0;160;41;119;4;5;95;0.6274;0.8457;0.8561;0.2017;0.2521;;;;;;;;;4.05
2026-02-17T19:37:22.096662;mvtec_AD/screw;cont_0pct_loo_patch;0.0;loo_patch;5;5;5;0;196;160;41;119;4;5;95;0.5550;0.7611;0.8561;0.0084;0.0588;-0.0724;;;;;;;;3.88
2026-02-17T19:37:27.172601;mvtec_AD/screw;cont_0pct_mahalanobis_patch;0.0;mahalanobis_patch;5;5;5;0;196;160;41;119;4;5;95;0.6419;0.8427;0.8561;0.1008;0.2437;0.0146;;;;;;;;5.06
2026-02-17T19:37:32.467686;mvtec_AD/screw;cont_0pct_ensemble_loo_mahal;0.0;ensemble_loo_mahal;5;5;5;0;196;160;41;119;4;5;95;0.5956;0.8118;0.8561;0.0336;0.1681;-0.0318;;;;;;;;5.29
2026-02-17T19:37:36.204336;mvtec_AD/screw;cont_20pct_none;0.2;none;5;5;5;1;0;160;41;119;4;5;95;0.5889;0.8065;0.8603;0.0252;0.1765;-0.0385;;;;;;;;3.72
2026-02-17T19:37:40.268261;mvtec_AD/screw;cont_20pct_loo_patch;0.2;loo_patch;5;5;5;1;196;160;41;119;4;5;95;0.5460;0.7940;0.8603;0.0924;0.1429;-0.0814;-1.1117;0.2500;0;0.0000;0.0000;;;4.05
2026-02-17T19:37:45.967294;mvtec_AD/screw;cont_20pct_mahalanobis_patch;0.2;mahalanobis_patch;5;5;5;1;196;160;41;119;4;5;95;0.5835;0.8019;0.8582;0.0840;0.1345;-0.0439;-0.1383;0.2500;0;0.0000;0.0000;;;5.69
2026-02-17T19:37:51.616419;mvtec_AD/screw;cont_20pct_ensemble_loo_mahal;0.2;ensemble_loo_mahal;5;5;5;1;196;160;41;119;4;5;95;0.5569;0.8022;0.8551;0.1008;0.1261;-0.0705;-0.8298;0.2500;0;0.0000;0.0000;;;5.64
2026-02-17T19:37:54.603125;mvtec_AD/screw;cont_30pct_none;0.3;none;5;5;5;2;0;160;41;119;4;5;95;0.5790;0.8041;0.8550;0.0168;0.1765;-0.0484;;;;;;;;2.97
2026-02-17T19:37:58.657217;mvtec_AD/screw;cont_30pct_loo_patch;0.3;loo_patch;5;5;5;2;196;160;41;119;4;5;95;0.5491;0.8030;0.8561;0.1261;0.1597;-0.0783;-0.6186;0.5000;0;0.5000;0.5000;;;4.05
2026-02-17T19:38:03.331531;mvtec_AD/screw;cont_30pct_mahalanobis_patch;0.3;mahalanobis_patch;5;5;5;2;196;160;41;119;4;5;95;0.5735;0.8045;0.8582;0.0840;0.1261;-0.0539;-0.1144;0.5000;0;0.5000;0.5000;;;4.57
2026-02-17T19:38:08.496670;mvtec_AD/screw;cont_30pct_ensemble_loo_mahal;0.3;ensemble_loo_mahal;5;5;5;2;196;160;41;119;4;5;95;0.5368;0.7923;0.8551;0.0924;0.1176;-0.0906;-0.8729;0.5000;0;0.5000;0.5000;;;5.16
2026-02-17T19:38:12.736336;mvtec_AD/tile;cont_0pct_none;0.0;none;5;5;5;0;0;117;33;84;0;5;95;1.0000;1.0000;1.0000;1.0000;1.0000;;;;;;;;;2.93
2026-02-17T19:38:15.896376;mvtec_AD/tile;cont_0pct_loo_patch;0.0;loo_patch;5;5;5;0;196;117;33;84;0;5;95;1.0000;1.0000;1.0000;1.0000;1.0000;0.0000;;;;;;;;3.16
2026-02-17T19:38:20.616394;mvtec_AD/tile;cont_0pct_mahalanobis_patch;0.0;mahalanobis_patch;5;5;5;0;196;117;33;84;0;5;95;1.0000;1.0000;1.0000;1.0000;1.0000;0.0000;;;;;;;;4.57
2026-02-17T19:38:25.310276;mvtec_AD/tile;cont_0pct_ensemble_loo_mahal;0.0;ensemble_loo_mahal;5;5;5;0;196;117;33;84;0;5;95;1.0000;1.0000;1.0000;1.0000;1.0000;0.0000;;;;;;;;4.69
2026-02-17T19:38:28.042282;mvtec_AD/tile;cont_20pct_none;0.2;none;5;5;5;1;0;117;33;84;0;5;95;0.9881;0.9966;0.9940;0.9881;0.9881;-0.0119;;;;;;;;2.72
2026-02-17T19:38:30.225608;mvtec_AD/tile;cont_20pct_loo_patch;0.2;loo_patch;5;5;5;1;196;117;33;84;0;5;95;1.0000;1.0000;1.0000;1.0000;1.0000;0.0000;1.0000;1.0000;1;1.0000;1.0000;;;2.18
2026-02-17T19:38:35.089797;mvtec_AD/tile;cont_20pct_mahalanobis_patch;0.2;mahalanobis_patch;5;5;5;1;196;117;33;84;0;5;95;1.0000;1.0000;1.0000;1.0000;1.0000;0.0000;1.0000;1.0000;1;1.0000;1.0000;;;4.86
2026-02-17T19:38:40.550228;mvtec_AD/tile;cont_20pct_ensemble_loo_mahal;0.2;ensemble_loo_mahal;5;5;5;1;196;117;33;84;0;5;95;1.0000;1.0000;1.0000;1.0000;1.0000;0.0000;1.0000;1.0000;1;1.0000;1.0000;;;5.45
2026-02-17T19:38:43.550308;mvtec_AD/tile;cont_30pct_none;0.3;none;5;5;5;2;0;117;33;84;0;5;95;0.9762;0.9933;0.9880;0.9762;0.9762;-0.0238;;;;;;;;2.99
2026-02-17T19:38:46.364986;mvtec_AD/tile;cont_30pct_loo_patch;0.3;loo_patch;5;5;5;2;196;117;33;84;0;5;95;1.0000;1.0000;1.0000;1.0000;1.0000;0.0000;1.0000;1.0000;1;1.0000;1.0000;;;2.72
2026-02-17T19:38:51.179278;mvtec_AD/tile;cont_30pct_mahalanobis_patch;0.3;mahalanobis_patch;5;5;5;2;196;117;33;84;0;5;95;1.0000;1.0000;1.0000;1.0000;1.0000;0.0000;1.0000;1.0000;1;1.0000;1.0000;;;4.81
2026-02-17T19:38:55.433329;mvtec_AD/tile;cont_30pct_ensemble_loo_mahal;0.3;ensemble_loo_mahal;5;5;5;2;196;117;33;84;0;5;95;1.0000;1.0000;1.0000;1.0000;1.0000;0.0000;1.0000;1.0000;1;1.0000;1.0000;;;4.25
2026-02-17T19:38:58.506183;mvtec_AD/tile;cont_0pct_none;0.0;none;5;5;5;0;0;117;33;84;1;5;95;1.0000;1.0000;1.0000;1.0000;1.0000;;;;;;;;;2.93
2026-02-17T19:39:01.490514;mvtec_AD/tile;cont_0pct_loo_patch;0.0;loo_patch;5;5;5;0;196;117;33;84;1;5;95;1.0000;1.0000;1.0000;1.0000;1.0000;0.0000;;;;;;;;2.98
2026-02-17T19:39:06.167405;mvtec_AD/tile;cont_0pct_mahalanobis_patch;0.0;mahalanobis_patch;5;5;5;0;196;117;33;84;1;5;95;1.0000;1.0000;1.0000;1.0000;1.0000;0.0000;;;;;;;;4.47
2026-02-17T19:39:11.188510;mvtec_AD/tile;cont_0pct_ensemble_loo_mahal;0.0;ensemble_loo_mahal;5;5;5;0;196;117;33;84;1;5;95;1.0000;1.0000;1.0000;1.0000;1.0000;0.0000;;;;;;;;5.02
2026-02-17T19:39:14.162692;mvtec_AD/tile;cont_20pct_none;0.2;none;5;5;5;1;0;117;33;84;1;5;95;0.9881;0.9966;0.9940;0.9881;0.9881;-0.0119;;;;;;;;2.96
2026-02-17T19:39:16.613683;mvtec_AD/tile;cont_20pct_loo_patch;0.2;loo_patch;5;5;5;1;196;117;33;84;1;5;95;1.0000;1.0000;1.0000;1.0000;1.0000;0.0000;1.0000;1.0000;1;1.0000;1.0000;;;2.34
2026-02-17T19:39:21.623080;mvtec_AD/tile;cont_20pct_mahalanobis_patch;0.2;mahalanobis_patch;5;5;5;1;196;117;33;84;1;5;95;0.9942;0.9981;0.9940;0.9881;0.9881;-0.0058;0.5152;1.0000;1;1.0000;1.0000;;;5.01
2026-02-17T19:39:26.437172;mvtec_AD/tile;cont_20pct_ensemble_loo_mahal;0.2;ensemble_loo_mahal;5;5;5;1;196;117;33;84;1;5;95;1.0000;1.0000;1.0000;1.0000;1.0000;0.0000;1.0000;1.0000;1;1.0000;1.0000;;;4.81
2026-02-17T19:39:29.565236;mvtec_AD/tile;cont_30pct_none;0.3;none;5;5;5;2;0;117;33;84;1;5;95;0.9762;0.9933;0.9880;0.9762;0.9762;-0.0238;;;;;;;;3.11
2026-02-17T19:39:32.704845;mvtec_AD/tile;cont_30pct_loo_patch;0.3;loo_patch;5;5;5;2;196;117;33;84;1;5;95;1.0000;1.0000;1.0000;1.0000;1.0000;0.0000;1.0000;1.0000;1;1.0000;1.0000;;;3.02
2026-02-17T19:39:37.330173;mvtec_AD/tile;cont_30pct_mahalanobis_patch;0.3;mahalanobis_patch;5;5;5;2;196;117;33;84;1;5;95;0.9910;0.9973;0.9940;0.9881;0.9881;-0.0090;0.6212;1.0000;1;1.0000;1.0000;;;4.61
2026-02-17T19:39:42.096838;mvtec_AD/tile;cont_30pct_ensemble_loo_mahal;0.3;ensemble_loo_mahal;5;5;5;2;196;117;33;84;1;5;95;1.0000;1.0000;1.0000;1.0000;1.0000;0.0000;1.0000;1.0000;1;1.0000;1.0000;;;4.76
2026-02-17T19:39:44.299492;mvtec_AD/tile;cont_0pct_none;0.0;none;5;5;5;0;0;117;33;84;2;5;95;1.0000;1.0000;1.0000;1.0000;1.0000;;;;;;;;;2.07
2026-02-17T19:39:47.113939;mvtec_AD/tile;cont_0pct_loo_patch;0.0;loo_patch;5;5;5;0;196;117;33;84;2;5;95;1.0000;1.0000;1.0000;1.0000;1.0000;0.0000;;;;;;;;2.81
2026-02-17T19:39:51.927213;mvtec_AD/tile;cont_0pct_mahalanobis_patch;0.0;mahalanobis_patch;5;5;5;0;196;117;33;84;2;5;95;1.0000;1.0000;1.0000;1.0000;1.0000;0.0000;;;;;;;;4.81
2026-02-17T19:39:55.497738;mvtec_AD/tile;cont_0pct_ensemble_loo_mahal;0.0;ensemble_loo_mahal;5;5;5;0;196;117;33;84;2;5;95;1.0000;1.0000;1.0000;1.0000;1.0000;0.0000;;;;;;;;3.56
2026-02-17T19:39:58.628209;mvtec_AD/tile;cont_20pct_none;0.2;none;5;5;5;1;0;117;33;84;2;5;95;0.9881;0.9966;0.9940;0.9881;0.9881;-0.0119;;;;;;;;3.12
2026-02-17T19:40:01.360230;mvtec_AD/tile;cont_20pct_loo_patch;0.2;loo_patch;5;5;5;1;196;117;33;84;2;5;95;1.0000;1.0000;1.0000;1.0000;1.0000;0.0000;1.0000;1.0000;1;1.0000;1.0000;;;2.57
2026-02-17T19:40:06.138029;mvtec_AD/tile;cont_20pct_mahalanobis_patch;0.2;mahalanobis_patch;5;5;5;1;196;117;33;84;2;5;95;1.0000;1.0000;1.0000;1.0000;1.0000;0.0000;1.0000;1.0000;1;1.0000;1.0000;;;4.77
2026-02-17T19:40:10.836057;mvtec_AD/tile;cont_20pct_ensemble_loo_mahal;0.2;ensemble_loo_mahal;5;5;5;1;196;117;33;84;2;5;95;1.0000;1.0000;1.0000;1.0000;1.0000;0.0000;1.0000;1.0000;1;1.0000;1.0000;;;4.69
2026-02-17T19:40:13.650013;mvtec_AD/tile;cont_30pct_none;0.3;none;5;5;5;2;0;117;33;84;2;5;95;0.9762;0.9933;0.9880;0.9762;0.9762;-0.0238;;;;;;;;2.80
2026-02-17T19:40:16.790269;mvtec_AD/tile;cont_30pct_loo_patch;0.3;loo_patch;5;5;5;2;196;117;33;84;2;5;95;1.0000;1.0000;1.0000;1.0000;1.0000;0.0000;1.0000;1.0000;1;1.0000;1.0000;;;3.04
2026-02-17T19:40:21.856197;mvtec_AD/tile;cont_30pct_mahalanobis_patch;0.3;mahalanobis_patch;5;5;5;2;196;117;33;84;2;5;95;0.9899;0.9970;0.9940;0.9881;0.9881;-0.0101;0.5758;1.0000;1;1.0000;1.0000;;;5.06
2026-02-17T19:40:26.508059;mvtec_AD/tile;cont_30pct_ensemble_loo_mahal;0.3;ensemble_loo_mahal;5;5;5;2;196;117;33;84;2;5;95;1.0000;1.0000;1.0000;1.0000;1.0000;0.0000;1.0000;1.0000;1;1.0000;1.0000;;;4.65
2026-02-17T19:40:29.582184;mvtec_AD/tile;cont_0pct_none;0.0;none;5;5;5;0;0;117;33;84;3;5;95;1.0000;1.0000;1.0000;1.0000;1.0000;;;;;;;;;2.96
2026-02-17T19:40:31.618359;mvtec_AD/tile;cont_0pct_loo_patch;0.0;loo_patch;5;5;5;0;196;117;33;84;3;5;95;1.0000;1.0000;1.0000;1.0000;1.0000;0.0000;;;;;;;;2.03
2026-02-17T19:40:36.494333;mvtec_AD/tile;cont_0pct_mahalanobis_patch;0.0;mahalanobis_patch;5;5;5;0;196;117;33;84;3;5;95;1.0000;1.0000;1.0000;1.0000;1.0000;0.0000;;;;;;;;4.87
2026-02-17T19:40:41.220059;mvtec_AD/tile;cont_0pct_ensemble_loo_mahal;0.0;ensemble_loo_mahal;5;5;5;0;196;117;33;84;3;5;95;1.0000;1.0000;1.0000;1.0000;1.0000;0.0000;;;;;;;;4.72
2026-02-17T19:40:44.072429;mvtec_AD/tile;cont_20pct_none;0.2;none;5;5;5;1;0;117;33;84;3;5;95;0.9881;0.9966;0.9940;0.9881;0.9881;-0.0119;;;;;;;;2.83
2026-02-17T19:40:47.488441;mvtec_AD/tile;cont_20pct_loo_patch;0.2;loo_patch;5;5;5;1;196;117;33;84;3;5;95;1.0000;1.0000;1.0000;1.0000;1.0000;0.0000;1.0000;1.0000;1;1.0000;1.0000;;;3.08
2026-02-17T19:40:52.122322;mvtec_AD/tile;cont_20pct_mahalanobis_patch;0.2;mahalanobis_patch;5;5;5;1;196;117;33;84;3;5;95;1.0000;1.0000;1.0000;1.0000;1.0000;0.0000;1.0000;1.0000;1;1.0000;1.0000;;;4.63
2026-02-17T19:40:57.218775;mvtec_AD/tile;cont_20pct_ensemble_loo_mahal;0.2;ensemble_loo_mahal;5;5;5;1;196;117;33;84;3;5;95;1.0000;1.0000;1.0000;1.0000;1.0000;0.0000;1.0000;1.0000;1;1.0000;1.0000;;;5.09
2026-02-17T19:40:59.334293;mvtec_AD/tile;cont_30pct_none;0.3;none;5;5;5;2;0;117;33;84;3;5;95;0.9762;0.9933;0.9880;0.9762;0.9762;-0.0238;;;;;;;;2.10
2026-02-17T19:41:02.113273;mvtec_AD/tile;cont_30pct_loo_patch;0.3;loo_patch;5;5;5;2;196;117;33;84;3;5;95;1.0000;1.0000;1.0000;1.0000;1.0000;0.0000;1.0000;1.0000;1;1.0000;1.0000;;;2.76
2026-02-17T19:41:06.099307;mvtec_AD/tile;cont_30pct_mahalanobis_patch;0.3;mahalanobis_patch;5;5;5;2;196;117;33;84;3;5;95;0.9993;0.9997;0.9940;0.9881;1.0000;-0.0007;0.9697;1.0000;1;1.0000;1.0000;;;3.98
2026-02-17T19:41:11.222357;mvtec_AD/tile;cont_30pct_ensemble_loo_mahal;0.3;ensemble_loo_mahal;5;5;5;2;196;117;33;84;3;5;95;1.0000;1.0000;1.0000;1.0000;1.0000;0.0000;1.0000;1.0000;1;1.0000;1.0000;;;5.12
2026-02-17T19:41:13.822913;mvtec_AD/tile;cont_0pct_none;0.0;none;5;5;5;0;0;117;33;84;4;5;95;1.0000;1.0000;1.0000;1.0000;1.0000;;;;;;;;;2.51
2026-02-17T19:41:16.948964;mvtec_AD/tile;cont_0pct_loo_patch;0.0;loo_patch;5;5;5;0;196;117;33;84;4;5;95;1.0000;1.0000;1.0000;1.0000;1.0000;0.0000;;;;;;;;3.11
2026-02-17T19:41:22.233496;mvtec_AD/tile;cont_0pct_mahalanobis_patch;0.0;mahalanobis_patch;5;5;5;0;196;117;33;84;4;5;95;1.0000;1.0000;1.0000;1.0000;1.0000;0.0000;;;;;;;;5.08
2026-02-17T19:41:27.031797;mvtec_AD/tile;cont_0pct_ensemble_loo_mahal;0.0;ensemble_loo_mahal;5;5;5;0;196;117;33;84;4;5;95;1.0000;1.0000;1.0000;1.0000;1.0000;0.0000;;;;;;;;4.79
2026-02-17T19:41:29.915403;mvtec_AD/tile;cont_20pct_none;0.2;none;5;5;5;1;0;117;33;84;4;5;95;0.9881;0.9966;0.9940;0.9881;0.9881;-0.0119;;;;;;;;2.87
2026-02-17T19:41:33.210720;mvtec_AD/tile;cont_20pct_loo_patch;0.2;loo_patch;5;5;5;1;196;117;33;84;4;5;95;1.0000;1.0000;1.0000;1.0000;1.0000;0.0000;1.0000;1.0000;1;1.0000;1.0000;;;3.10
2026-02-17T19:41:37.365506;mvtec_AD/tile;cont_20pct_mahalanobis_patch;0.2;mahalanobis_patch;5;5;5;1;196;117;33;84;4;5;95;1.0000;1.0000;1.0000;1.0000;1.0000;0.0000;1.0000;1.0000;1;1.0000;1.0000;;;4.15
2026-02-17T19:41:42.160242;mvtec_AD/tile;cont_20pct_ensemble_loo_mahal;0.2;ensemble_loo_mahal;5;5;5;1;196;117;33;84;4;5;95;1.0000;1.0000;1.0000;1.0000;1.0000;0.0000;1.0000;1.0000;1;1.0000;1.0000;;;4.79
2026-02-17T19:41:44.484863;mvtec_AD/tile;cont_30pct_none;0.3;none;5;5;5;2;0;117;33;84;4;5;95;0.9762;0.9933;0.9880;0.9762;0.9762;-0.0238;;;;;;;;2.31
2026-02-17T19:41:46.940758;mvtec_AD/tile;cont_30pct_loo_patch;0.3;loo_patch;5;5;5;2;196;117;33;84;4;5;95;1.0000;1.0000;1.0000;1.0000;1.0000;0.0000;1.0000;1.0000;1;1.0000;1.0000;;;2.45
2026-02-17T19:41:51.230121;mvtec_AD/tile;cont_30pct_mahalanobis_patch;0.3;mahalanobis_patch;5;5;5;2;196;117;33;84;4;5;95;1.0000;1.0000;1.0000;1.0000;1.0000;0.0000;1.0000;1.0000;1;1.0000;1.0000;;;4.28
2026-02-17T19:41:55.980163;mvtec_AD/tile;cont_30pct_ensemble_loo_mahal;0.3;ensemble_loo_mahal;5;5;5;2;196;117;33;84;4;5;95;1.0000;1.0000;1.0000;1.0000;1.0000;0.0000;1.0000;1.0000;1;1.0000;1.0000;;;4.74
2026-02-17T19:41:57.507249;mvtec_AD/toothbrush;cont_0pct_none;0.0;none;5;5;5;0;0;42;12;30;0;5;95;0.9306;0.9728;0.9375;0.7667;0.7667;;;;;;;;;1.07
2026-02-17T19:41:58.830804;mvtec_AD/toothbrush;cont_0pct_loo_patch;0.0;loo_patch;5;5;5;0;196;42;12;30;0;5;95;0.8722;0.9436;0.9231;0.5000;0.5667;-0.0583;;;;;;;;1.32
2026-02-17T19:42:01.458123;mvtec_AD/toothbrush;cont_0pct_mahalanobis_patch;0.0;mahalanobis_patch;5;5;5;0;196;42;12;30;0;5;95;0.9306;0.9728;0.9231;0.7333;0.7333;-0.0000;;;;;;;;2.53
2026-02-17T19:42:04.532422;mvtec_AD/toothbrush;cont_0pct_ensemble_loo_mahal;0.0;ensemble_loo_mahal;5;5;5;0;196;42;12;30;0;5;95;0.9083;0.9627;0.9231;0.6333;0.6333;-0.0222;;;;;;;;3.07
2026-02-17T19:42:05.591387;mvtec_AD/toothbrush;cont_20pct_none;0.2;none;5;5;5;1;0;42;12;30;0;5;95;0.9083;0.9676;0.9206;0.7667;0.7667;-0.0222;;;;;;;;1.05
2026-02-17T19:42:06.912190;mvtec_AD/toothbrush;cont_20pct_loo_patch;0.2;loo_patch;5;5;5;1;196;42;12;30;0;5;95;0.8944;0.9560;0.9231;0.5667;0.6333;-0.0361;-0.6250;1.0000;1;1.0000;1.0000;;;1.20
2026-02-17T19:42:09.916247;mvtec_AD/toothbrush;cont_20pct_mahalanobis_patch;0.2;mahalanobis_patch;5;5;5;1;196;42;12;30;0;5;95;0.9028;0.9634;0.9153;0.6667;0.6667;-0.0278;-0.2500;1.0000;1;1.0000;1.0000;;;3.00
2026-02-17T19:42:12.048206;mvtec_AD/toothbrush;cont_20pct_ensemble_loo_mahal;0.2;ensemble_loo_mahal;5;5;5;1;196;42;12;30;0;5;95;0.9222;0.9685;0.9231;0.7000;0.7000;-0.0083;0.6250;1.0000;1;1.0000;1.0000;;;2.13
2026-02-17T19:42:12.853115;mvtec_AD/toothbrush;cont_30pct_none;0.3;none;5;5;5;2;0;42;12;30;0;5;95;0.8389;0.9411;0.8710;0.5333;0.6667;-0.0917;;;;;;;;0.79
2026-02-17T19:42:14.146123;mvtec_AD/toothbrush;cont_30pct_loo_patch;0.3;loo_patch;5;5;5;2;196;42;12;30;0;5;95;0.9194;0.9691;0.9206;0.6667;0.7333;-0.0111;0.8788;1.0000;1;1.0000;1.0000;;;1.29
2026-02-17T19:42:17.315854;mvtec_AD/toothbrush;cont_30pct_mahalanobis_patch;0.3;mahalanobis_patch;5;5;5;2;196;42;12;30;0;5;95;0.8833;0.9563;0.8923;0.6000;0.6667;-0.0472;0.4848;1.0000;1;1.0000;1.0000;;;3.06
2026-02-17T19:42:19.960822;mvtec_AD/toothbrush;cont_30pct_ensemble_loo_mahal;0.3;ensemble_loo_mahal;5;5;5;2;196;42;12;30;0;5;95;0.9278;0.9721;0.9206;0.6667;0.7333;-0.0028;0.9697;1.0000;1;1.0000;1.0000;;;2.64
2026-02-17T19:42:20.686491;mvtec_AD/toothbrush;cont_0pct_none;0.0;none;5;5;5;0;0;42;12;30;1;5;95;0.9417;0.9812;0.9310;0.8667;0.8667;;;;;;;;;0.69
2026-02-17T19:42:21.478553;mvtec_AD/toothbrush;cont_0pct_loo_patch;0.0;loo_patch;5;5;5;0;196;42;12;30;1;5;95;0.8556;0.9439;0.8852;0.6333;0.6333;-0.0861;;;;;;;;0.79
2026-02-17T19:42:24.442333;mvtec_AD/toothbrush;cont_0pct_mahalanobis_patch;0.0;mahalanobis_patch;5;5;5;0;196;42;12;30;1;5;95;0.9444;0.9807;0.9333;0.8333;0.8333;0.0028;;;;;;;;2.96
2026-02-17T19:42:27.182741;mvtec_AD/toothbrush;cont_0pct_ensemble_loo_mahal;0.0;ensemble_loo_mahal;5;5;5;0;196;42;12;30;1;5;95;0.8917;0.9590;0.9000;0.6667;0.6667;-0.0500;;;;;;;;2.74
2026-02-17T19:42:28.269247;mvtec_AD/toothbrush;cont_20pct_none;0.2;none;5;5;5;1;0;42;12;30;1;5;95;0.9139;0.9719;0.9180;0.7667;0.8000;-0.0278;;;;;;;;1.08
2026-02-17T19:42:29.664455;mvtec_AD/toothbrush;cont_20pct_loo_patch;0.2;loo_patch;5;5;5;1;196;42;12;30;1;5;95;0.8472;0.9404;0.8923;0.6000;0.6333;-0.0944;-2.4000;1.0000;1;1.0000;1.0000;;;1.29
2026-02-17T19:42:32.729451;mvtec_AD/toothbrush;cont_20pct_mahalanobis_patch;0.2;mahalanobis_patch;5;5;5;1;196;42;12;30;1;5;95;0.9361;0.9766;0.9206;0.7667;0.7667;-0.0056;0.8000;1.0000;1;1.0000;1.0000;;;3.05
2026-02-17T19:42:35.820078;mvtec_AD/toothbrush;cont_20pct_ensemble_loo_mahal;0.2;ensemble_loo_mahal;5;5;5;1;196;42;12;30;1;5;95;0.9083;0.9674;0.9032;0.7667;0.7667;-0.0333;-0.2000;1.0000;1;1.0000;1.0000;;;3.09
2026-02-17T19:42:36.617705;mvtec_AD/toothbrush;cont_30pct_none;0.3;none;5;5;5;2;0;42;12;30;1;5;95;0.8250;0.9333;0.8710;0.5000;0.5667;-0.1167;;;;;;;;0.78
2026-02-17T19:42:38.041876;mvtec_AD/toothbrush;cont_30pct_loo_patch;0.3;loo_patch;5;5;5;2;196;42;12;30;1;5;95;0.9194;0.9686;0.9153;0.6667;0.6667;-0.0222;0.8095;1.0000;1;1.0000;1.0000;;;1.29
2026-02-17T19:42:40.980736;mvtec_AD/toothbrush;cont_30pct_mahalanobis_patch;0.3;mahalanobis_patch;5;5;5;2;196;42;12;30;1;5;95;0.9083;0.9627;0.9153;0.6333;0.7000;-0.0333;0.7143;1.0000;1;1.0000;1.0000;;;2.93
2026-02-17T19:42:44.019011;mvtec_AD/toothbrush;cont_30pct_ensemble_loo_mahal;0.3;ensemble_loo_mahal;5;5;5;2;196;42;12;30;1;5;95;0.9222;0.9681;0.9333;0.6667;0.7000;-0.0194;0.8333;1.0000;1;1.0000;1.0000;;;3.03
2026-02-17T19:42:45.048419;mvtec_AD/toothbrush;cont_0pct_none;0.0;none;5;5;5;0;0;42;12;30;2;5;95;0.9167;0.9721;0.9091;0.8333;0.8333;;;;;;;;;0.98
2026-02-17T19:42:46.100057;mvtec_AD/toothbrush;cont_0pct_loo_patch;0.0;loo_patch;5;5;5;0;196;42;12;30;2;5;95;0.8583;0.9455;0.8923;0.6000;0.6333;-0.0583;;;;;;;;1.05
2026-02-17T19:42:48.505561;mvtec_AD/toothbrush;cont_0pct_mahalanobis_patch;0.0;mahalanobis_patch;5;5;5;0;196;42;12;30;2;5;95;0.9278;0.9745;0.9091;0.8333;0.8333;0.0111;;;;;;;;2.40
2026-02-17T19:42:51.392605;mvtec_AD/toothbrush;cont_0pct_ensemble_loo_mahal;0.0;ensemble_loo_mahal;5;5;5;0;196;42;12;30;2;5;95;0.9222;0.9734;0.9091;0.8333;0.8333;0.0056;;;;;;;;2.88
2026-02-17T19:42:52.180554;mvtec_AD/toothbrush;cont_20pct_none;0.2;none;5;5;5;1;0;42;12;30;2;5;95;0.9278;0.9762;0.9286;0.8667;0.8667;0.0111;;;;;;;;0.78
2026-02-17T19:42:52.966380;mvtec_AD/toothbrush;cont_20pct_loo_patch;0.2;loo_patch;5;5;5;1;196;42;12;30;2;5;95;0.8750;0.9514;0.9206;0.6333;0.6333;-0.0417;4.7500;0.0000;0;0.0000;0.0000;;;0.78
2026-02-17T19:42:55.940936;mvtec_AD/toothbrush;cont_20pct_mahalanobis_patch;0.2;mahalanobis_patch;5;5;5;1;196;42;12;30;2;5;95;0.9278;0.9756;0.9206;0.8333;0.8333;0.0111;-0.0000;0.0000;0;0.0000;0.0000;;;2.97
2026-02-17T19:42:58.820697;mvtec_AD/toothbrush;cont_20pct_ensemble_loo_mahal;0.2;ensemble_loo_mahal;5;5;5;1;196;42;12;30;2;5;95;0.9194;0.9723;0.9062;0.8000;0.8000;0.0028;0.7500;0.0000;0;0.0000;0.0000;;;2.87
2026-02-17T19:42:59.880548;mvtec_AD/toothbrush;cont_30pct_none;0.3;none;5;5;5;2;0;42;12;30;2;5;95;0.8833;0.9625;0.9091;0.8333;0.8333;-0.0333;;;;;;;;1.05
2026-02-17T19:43:01.972996;mvtec_AD/toothbrush;cont_30pct_loo_patch;0.3;loo_patch;5;5;5;2;196;42;12;30;2;5;95;0.9000;0.9648;0.8923;0.7667;0.7667;-0.0167;0.5000;0.6667;1;0.5000;0.5000;;;1.35
2026-02-17T19:43:04.870058;mvtec_AD/toothbrush;cont_30pct_mahalanobis_patch;0.3;mahalanobis_patch;5;5;5;2;196;42;12;30;2;5;95;0.9333;0.9781;0.9286;0.8667;0.8667;0.0167;1.5000;0.6667;1;0.5000;0.5000;;;2.89
2026-02-17T19:43:07.851756;mvtec_AD/toothbrush;cont_30pct_ensemble_loo_mahal;0.3;ensemble_loo_mahal;5;5;5;2;196;42;12;30;2;5;95;0.9139;0.9705;0.9000;0.8000;0.8000;-0.0028;0.9167;0.6667;1;0.5000;0.5000;;;2.98
2026-02-17T19:43:08.817652;mvtec_AD/toothbrush;cont_0pct_none;0.0;none;5;5;5;0;0;42;12;30;3;5;95;0.9556;0.9829;0.9508;0.8000;0.8000;;;;;;;;;0.91
2026-02-17T19:43:10.240973;mvtec_AD/toothbrush;cont_0pct_loo_patch;0.0;loo_patch;5;5;5;0;196;42;12;30;3;5;95;0.9194;0.9717;0.9123;0.8000;0.8333;-0.0361;;;;;;;;1.31
2026-02-17T19:43:13.594158;mvtec_AD/toothbrush;cont_0pct_mahalanobis_patch;0.0;mahalanobis_patch;5;5;5;0;196;42;12;30;3;5;95;0.9556;0.9829;0.9508;0.8000;0.8000;0.0000;;;;;;;;3.12
2026-02-17T19:43:16.675427;mvtec_AD/toothbrush;cont_0pct_ensemble_loo_mahal;0.0;ensemble_loo_mahal;5;5;5;0;196;42;12;30;3;5;95;0.9389;0.9783;0.9153;0.8000;0.8000;-0.0167;;;;;;;;3.08
2026-02-17T19:43:17.474219;mvtec_AD/toothbrush;cont_20pct_none;0.2;none;5;5;5;1;0;42;12;30;3;5;95;0.8889;0.9627;0.8929;0.7667;0.7667;-0.0667;;;;;;;;0.79
2026-02-17T19:43:18.349184;mvtec_AD/toothbrush;cont_20pct_loo_patch;0.2;loo_patch;5;5;5;1;196;42;12;30;3;5;95;0.8750;0.9562;0.8929;0.7000;0.8000;-0.0806;-0.2083;1.0000;1;1.0000;1.0000;;;0.87
2026-02-17T19:43:21.618958;mvtec_AD/toothbrush;cont_20pct_mahalanobis_patch;0.2;mahalanobis_patch;5;5;5;1;196;42;12;30;3;5;95;0.9083;0.9677;0.9123;0.7667;0.8000;-0.0472;0.2917;1.0000;1;1.0000;1.0000;;;3.26
2026-02-17T19:43:24.235682;mvtec_AD/toothbrush;cont_20pct_ensemble_loo_mahal;0.2;ensemble_loo_mahal;5;5;5;1;196;42;12;30;3;5;95;0.9056;0.9660;0.8824;0.7667;0.8000;-0.0500;0.2500;1.0000;1;1.0000;1.0000;;;2.61
2026-02-17T19:43:24.948024;mvtec_AD/toothbrush;cont_30pct_none;0.3;none;5;5;5;2;0;42;12;30;3;5;95;0.8778;0.9595;0.8814;0.7667;0.7667;-0.0778;;;;;;;;0.70
2026-02-17T19:43:26.108078;mvtec_AD/toothbrush;cont_30pct_loo_patch;0.3;loo_patch;5;5;5;2;196;42;12;30;3;5;95;0.9250;0.9710;0.9231;0.7667;0.7667;-0.0306;0.6071;1.0000;1;1.0000;1.0000;;;1.15
2026-02-17T19:43:29.104623;mvtec_AD/toothbrush;cont_30pct_mahalanobis_patch;0.3;mahalanobis_patch;5;5;5;2;196;42;12;30;3;5;95;0.8972;0.9649;0.8929;0.7333;0.7333;-0.0583;0.2500;1.0000;1;1.0000;1.0000;;;2.99
2026-02-17T19:43:31.885890;mvtec_AD/toothbrush;cont_30pct_ensemble_loo_mahal;0.3;ensemble_loo_mahal;5;5;5;2;196;42;12;30;3;5;95;0.9222;0.9701;0.9206;0.7667;0.7667;-0.0333;0.5714;1.0000;1;1.0000;1.0000;;;2.77
2026-02-17T19:43:33.047820;mvtec_AD/toothbrush;cont_0pct_none;0.0;none;5;5;5;0;0;42;12;30;4;5;95;0.9667;0.9863;0.9524;0.7667;0.8333;;;;;;;;;1.11
2026-02-17T19:43:34.558319;mvtec_AD/toothbrush;cont_0pct_loo_patch;0.0;loo_patch;5;5;5;0;196;42;12;30;4;5;95;0.9722;0.9886;0.9524;0.7667;0.8667;0.0056;;;;;;;;1.35
2026-02-17T19:43:37.443080;mvtec_AD/toothbrush;cont_0pct_mahalanobis_patch;0.0;mahalanobis_patch;5;5;5;0;196;42;12;30;4;5;95;0.9750;0.9898;0.9677;0.8000;0.8333;0.0083;;;;;;;;2.88
2026-02-17T19:43:40.112143;mvtec_AD/toothbrush;cont_0pct_ensemble_loo_mahal;0.0;ensemble_loo_mahal;5;5;5;0;196;42;12;30;4;5;95;0.9806;0.9919;0.9677;0.8000;0.9333;0.0139;;;;;;;;2.66
2026-02-17T19:43:41.208816;mvtec_AD/toothbrush;cont_20pct_none;0.2;none;5;5;5;1;0;42;12;30;4;5;95;0.8917;0.9593;0.9206;0.6667;0.7000;-0.0750;;;;;;;;1.08
2026-02-17T19:43:42.595640;mvtec_AD/toothbrush;cont_20pct_loo_patch;0.2;loo_patch;5;5;5;1;196;42;12;30;4;5;95;0.9139;0.9693;0.9062;0.7333;0.7333;-0.0528;0.2963;0.5000;0;0.0000;0.0000;;;1.24
2026-02-17T19:43:45.504085;mvtec_AD/toothbrush;cont_20pct_mahalanobis_patch;0.2;mahalanobis_patch;5;5;5;1;196;42;12;30;4;5;95;0.9083;0.9667;0.9062;0.6667;0.7333;-0.0583;0.2222;0.5000;0;0.0000;0.0000;;;2.90
2026-02-17T19:43:48.564149;mvtec_AD/toothbrush;cont_20pct_ensemble_loo_mahal;0.2;ensemble_loo_mahal;5;5;5;1;196;42;12;30;4;5;95;0.9167;0.9705;0.9206;0.7333;0.7333;-0.0500;0.3333;0.5000;0;0.0000;0.0000;;;3.05
2026-02-17T19:43:49.410901;mvtec_AD/toothbrush;cont_30pct_none;0.3;none;5;5;5;2;0;42;12;30;4;5;95;0.8944;0.9650;0.9032;0.7667;0.8000;-0.0722;;;;;;;;0.83
2026-02-17T19:43:50.222805;mvtec_AD/toothbrush;cont_30pct_loo_patch;0.3;loo_patch;5;5;5;2;196;42;12;30;4;5;95;0.8472;0.9412;0.8923;0.6000;0.6000;-0.1194;-0.6538;0.6667;0;0.5000;0.5000;;;0.81
2026-02-17T19:43:53.422863;mvtec_AD/toothbrush;cont_30pct_mahalanobis_patch;0.3;mahalanobis_patch;5;5;5;2;196;42;12;30;4;5;95;0.9194;0.9719;0.9206;0.7667;0.7667;-0.0472;0.3462;0.6667;0;0.5000;0.5000;;;3.19
2026-02-17T19:43:56.255283;mvtec_AD/toothbrush;cont_30pct_ensemble_loo_mahal;0.3;ensemble_loo_mahal;5;5;5;2;196;42;12;30;4;5;95;0.8833;0.9573;0.9062;0.7000;0.7000;-0.0833;-0.1538;0.6667;0;0.5000;0.5000;;;2.83
2026-02-17T19:43:58.975582;mvtec_AD/transistor;cont_0pct_none;0.0;none;5;5;5;0;0;100;60;40;0;5;95;0.8950;0.8842;0.8056;0.5250;0.6750;;;;;;;;;1.71
2026-02-17T19:44:01.367021;mvtec_AD/transistor;cont_0pct_loo_patch;0.0;loo_patch;5;5;5;0;196;100;60;40;0;5;95;0.8908;0.8848;0.7895;0.6250;0.6250;-0.0042;;;;;;;;2.39
2026-02-17T19:44:05.302095;mvtec_AD/transistor;cont_0pct_mahalanobis_patch;0.0;mahalanobis_patch;5;5;5;0;196;100;60;40;0;5;95;0.8892;0.8795;0.7857;0.5750;0.6250;-0.0058;;;;;;;;3.93
2026-02-17T19:44:09.687082;mvtec_AD/transistor;cont_0pct_ensemble_loo_mahal;0.0;ensemble_loo_mahal;5;5;5;0;196;100;60;40;0;5;95;0.8917;0.8834;0.7848;0.5750;0.6500;-0.0033;;;;;;;;4.38
2026-02-17T19:44:12.271411;mvtec_AD/transistor;cont_20pct_none;0.2;none;5;5;5;1;0;100;60;40;0;5;95;0.8604;0.8577;0.7442;0.5250;0.6000;-0.0346;;;;;;;;2.57
2026-02-17T19:44:15.164886;mvtec_AD/transistor;cont_20pct_loo_patch;0.2;loo_patch;5;5;5;1;196;100;60;40;0;5;95;0.8850;0.8805;0.7848;0.6000;0.6750;-0.0100;0.7108;1.0000;1;1.0000;1.0000;;;2.76
2026-02-17T19:44:19.359510;mvtec_AD/transistor;cont_20pct_mahalanobis_patch;0.2;mahalanobis_patch;5;5;5;1;196;100;60;40;0;5;95;0.8837;0.8721;0.7952;0.5500;0.6250;-0.0113;0.6747;1.0000;1;1.0000;1.0000;;;4.19
2026-02-17T19:44:24.056088;mvtec_AD/transistor;cont_20pct_ensemble_loo_mahal;0.2;ensemble_loo_mahal;5;5;5;1;196;100;60;40;0;5;95;0.8846;0.8775;0.7805;0.5500;0.6500;-0.0104;0.6988;1.0000;1;1.0000;1.0000;;;4.69
2026-02-17T19:44:26.258356;mvtec_AD/transistor;cont_30pct_none;0.3;none;5;5;5;2;0;100;60;40;0;5;95;0.8308;0.8447;0.7467;0.5250;0.6250;-0.0642;;;;;;;;2.19
2026-02-17T19:44:28.368230;mvtec_AD/transistor;cont_30pct_loo_patch;0.3;loo_patch;5;5;5;2;196;100;60;40;0;5;95;0.8521;0.8560;0.7692;0.5500;0.5750;-0.0429;0.3312;0.6667;1;0.5000;0.5000;;;2.02
2026-02-17T19:44:32.941467;mvtec_AD/transistor;cont_30pct_mahalanobis_patch;0.3;mahalanobis_patch;5;5;5;2;196;100;60;40;0;5;95;0.8517;0.8556;0.7561;0.5500;0.5750;-0.0433;0.3247;0.6667;1;0.5000;0.5000;;;4.57
2026-02-17T19:44:36.195457;mvtec_AD/transistor;cont_30pct_ensemble_loo_mahal;0.3;ensemble_loo_mahal;5;5;5;2;196;100;60;40;0;5;95;0.8458;0.8499;0.7561;0.5750;0.5750;-0.0492;0.2338;0.6667;1;0.5000;0.5000;;;3.25
2026-02-17T19:44:38.784703;mvtec_AD/transistor;cont_0pct_none;0.0;none;5;5;5;0;0;100;60;40;1;5;95;0.9208;0.9088;0.8125;0.5500;0.7000;;;;;;;;;2.53
2026-02-17T19:44:41.539818;mvtec_AD/transistor;cont_0pct_loo_patch;0.0;loo_patch;5;5;5;0;196;100;60;40;1;5;95;0.8983;0.8882;0.8000;0.5500;0.7000;-0.0225;;;;;;;;2.75
2026-02-17T19:44:45.906275;mvtec_AD/transistor;cont_0pct_mahalanobis_patch;0.0;mahalanobis_patch;5;5;5;0;196;100;60;40;1;5;95;0.9092;0.9005;0.8286;0.6250;0.7250;-0.0117;;;;;;;;4.24
2026-02-17T19:44:50.374560;mvtec_AD/transistor;cont_0pct_ensemble_loo_mahal;0.0;ensemble_loo_mahal;5;5;5;0;196;100;60;40;1;5;95;0.9029;0.8961;0.8169;0.6000;0.7250;-0.0179;;;;;;;;4.46
2026-02-17T19:44:52.646798;mvtec_AD/transistor;cont_20pct_none;0.2;none;5;5;5;1;0;100;60;40;1;5;95;0.8858;0.8814;0.8108;0.5000;0.6500;-0.0350;;;;;;;;2.26
2026-02-17T19:44:55.296619;mvtec_AD/transistor;cont_20pct_loo_patch;0.2;loo_patch;5;5;5;1;196;100;60;40;1;5;95;0.8904;0.8839;0.7778;0.6000;0.6500;-0.0304;0.1310;1.0000;1;1.0000;1.0000;;;2.51
2026-02-17T19:44:59.704003;mvtec_AD/transistor;cont_20pct_mahalanobis_patch;0.2;mahalanobis_patch;5;5;5;1;196;100;60;40;1;5;95;0.8812;0.8780;0.7816;0.5750;0.6500;-0.0396;-0.1310;1.0000;1;1.0000;1.0000;;;4.40
2026-02-17T19:45:03.581123;mvtec_AD/transistor;cont_20pct_ensemble_loo_mahal;0.2;ensemble_loo_mahal;5;5;5;1;196;100;60;40;1;5;95;0.8846;0.8720;0.7692;0.5750;0.6250;-0.0363;-0.0357;1.0000;1;1.0000;1.0000;;;3.87
2026-02-17T19:45:05.576443;mvtec_AD/transistor;cont_30pct_none;0.3;none;5;5;5;2;0;100;60;40;1;5;95;0.8425;0.8574;0.7778;0.6000;0.6500;-0.0783;;;;;;;;1.98
2026-02-17T19:45:08.232312;mvtec_AD/transistor;cont_30pct_loo_patch;0.3;loo_patch;5;5;5;2;196;100;60;40;1;5;95;0.8958;0.8977;0.8148;0.6250;0.7000;-0.0250;0.6809;1.0000;1;1.0000;1.0000;;;2.64
2026-02-17T19:45:11.580752;mvtec_AD/transistor;cont_30pct_mahalanobis_patch;0.3;mahalanobis_patch;5;5;5;2;196;100;60;40;1;5;95;0.8675;0.8706;0.7826;0.6250;0.6750;-0.0533;0.3191;1.0000;1;1.0000;1.0000;;;3.22
2026-02-17T19:45:15.846098;mvtec_AD/transistor;cont_30pct_ensemble_loo_mahal;0.3;ensemble_loo_mahal;5;5;5;2;196;100;60;40;1;5;95;0.8833;0.8804;0.7826;0.6000;0.6750;-0.0375;0.5213;1.0000;1;1.0000;1.0000;;;4.26
2026-02-17T19:45:17.968126;mvtec_AD/transistor;cont_0pct_none;0.0;none;5;5;5;0;0;100;60;40;2;5;95;0.9092;0.9071;0.8267;0.6250;0.7500;;;;;;;;;2.03
2026-02-17T19:45:20.817022;mvtec_AD/transistor;cont_0pct_loo_patch;0.0;loo_patch;5;5;5;0;196;100;60;40;2;5;95;0.8929;0.8865;0.7887;0.5000;0.7000;-0.0162;;;;;;;;2.68
2026-02-17T19:45:25.237964;mvtec_AD/transistor;cont_0pct_mahalanobis_patch;0.0;mahalanobis_patch;5;5;5;0;196;100;60;40;2;5;95;0.9079;0.9009;0.8219;0.5750;0.7250;-0.0012;;;;;;;;4.42
2026-02-17T19:45:29.274400;mvtec_AD/transistor;cont_0pct_ensemble_loo_mahal;0.0;ensemble_loo_mahal;5;5;5;0;196;100;60;40;2;5;95;0.8975;0.8882;0.8169;0.4750;0.7250;-0.0117;;;;;;;;4.03
2026-02-17T19:45:31.771205;mvtec_AD/transistor;cont_20pct_none;0.2;none;5;5;5;1;0;100;60;40;2;5;95;0.8854;0.8888;0.8000;0.5750;0.6750;-0.0238;;;;;;;;2.48
2026-02-17T19:45:34.503048;mvtec_AD/transistor;cont_20pct_loo_patch;0.2;loo_patch;5;5;5;1;196;100;60;40;2;5;95;0.9146;0.9115;0.8293;0.6250;0.6500;0.0054;1.2281;1.0000;1;1.0000;1.0000;;;2.56
2026-02-17T19:45:38.557556;mvtec_AD/transistor;cont_20pct_mahalanobis_patch;0.2;mahalanobis_patch;5;5;5;1;196;100;60;40;2;5;95;0.9183;0.9161;0.8333;0.6750;0.7500;0.0092;1.3860;1.0000;1;1.0000;1.0000;;;4.05
2026-02-17T19:45:43.157913;mvtec_AD/transistor;cont_20pct_ensemble_loo_mahal;0.2;ensemble_loo_mahal;5;5;5;1;196;100;60;40;2;5;95;0.9104;0.9100;0.8378;0.6250;0.7750;0.0013;1.0526;1.0000;1;1.0000;1.0000;;;4.60
2026-02-17T19:45:45.402118;mvtec_AD/transistor;cont_30pct_none;0.3;none;5;5;5;2;0;100;60;40;2;5;95;0.8450;0.8576;0.7632;0.5750;0.6250;-0.0642;;;;;;;;2.23
2026-02-17T19:45:47.239539;mvtec_AD/transistor;cont_30pct_loo_patch;0.3;loo_patch;5;5;5;2;196;100;60;40;2;5;95;0.8688;0.8759;0.7949;0.6000;0.6500;-0.0404;0.3701;1.0000;1;1.0000;1.0000;;;1.83
2026-02-17T19:45:51.562582;mvtec_AD/transistor;cont_30pct_mahalanobis_patch;0.3;mahalanobis_patch;5;5;5;2;196;100;60;40;2;5;95;0.8688;0.8811;0.8333;0.6000;0.7500;-0.0404;0.3701;1.0000;1;1.0000;1.0000;;;4.32
2026-02-17T19:45:55.811171;mvtec_AD/transistor;cont_30pct_ensemble_loo_mahal;0.3;ensemble_loo_mahal;5;5;5;2;196;100;60;40;2;5;95;0.8721;0.8797;0.7945;0.6000;0.7000;-0.0371;0.4221;1.0000;1;1.0000;1.0000;;;4.24
2026-02-17T19:45:58.426461;mvtec_AD/transistor;cont_0pct_none;0.0;none;5;5;5;0;0;100;60;40;3;5;95;0.8600;0.8609;0.7632;0.6000;0.6000;;;;;;;;;2.54
2026-02-17T19:46:01.397534;mvtec_AD/transistor;cont_0pct_loo_patch;0.0;loo_patch;5;5;5;0;196;100;60;40;3;5;95;0.8537;0.8582;0.7778;0.5500;0.5750;-0.0062;;;;;;;;2.84
2026-02-17T19:46:05.882517;mvtec_AD/transistor;cont_0pct_mahalanobis_patch;0.0;mahalanobis_patch;5;5;5;0;196;100;60;40;3;5;95;0.8317;0.8433;0.7397;0.5750;0.6000;-0.0283;;;;;;;;4.48
2026-02-17T19:46:10.138350;mvtec_AD/transistor;cont_0pct_ensemble_loo_mahal;0.0;ensemble_loo_mahal;5;5;5;0;196;100;60;40;3;5;95;0.8408;0.8513;0.7671;0.5250;0.6500;-0.0192;;;;;;;;4.25
2026-02-17T19:46:12.622076;mvtec_AD/transistor;cont_20pct_none;0.2;none;5;5;5;1;0;100;60;40;3;5;95;0.8446;0.8579;0.7761;0.6250;0.6500;-0.0154;;;;;;;;2.47
2026-02-17T19:46:14.481525;mvtec_AD/transistor;cont_20pct_loo_patch;0.2;loo_patch;5;5;5;1;196;100;60;40;3;5;95;0.8363;0.8493;0.7647;0.6000;0.6500;-0.0237;-0.5405;0.5000;0;0.0000;0.0000;;;1.84
2026-02-17T19:46:18.911926;mvtec_AD/transistor;cont_20pct_mahalanobis_patch;0.2;mahalanobis_patch;5;5;5;1;196;100;60;40;3;5;95;0.8237;0.8366;0.7407;0.5500;0.6000;-0.0362;-1.3514;0.5000;0;0.0000;0.0000;;;4.43
2026-02-17T19:46:22.797849;mvtec_AD/transistor;cont_20pct_ensemble_loo_mahal;0.2;ensemble_loo_mahal;5;5;5;1;196;100;60;40;3;5;95;0.8312;0.8450;0.7568;0.5750;0.6250;-0.0287;-0.8649;0.5000;0;0.0000;0.0000;;;3.88
2026-02-17T19:46:24.707281;mvtec_AD/transistor;cont_30pct_none;0.3;none;5;5;5;2;0;100;60;40;3;5;95;0.8367;0.8504;0.7467;0.6000;0.6250;-0.0233;;;;;;;;1.90
2026-02-17T19:46:27.416856;mvtec_AD/transistor;cont_30pct_loo_patch;0.3;loo_patch;5;5;5;2;196;100;60;40;3;5;95;0.8258;0.8411;0.7536;0.5750;0.6500;-0.0342;-0.4643;0.0000;0;0.0000;0.0000;;;2.70
2026-02-17T19:46:31.665049;mvtec_AD/transistor;cont_30pct_mahalanobis_patch;0.3;mahalanobis_patch;5;5;5;2;196;100;60;40;3;5;95;0.8171;0.8345;0.7532;0.5500;0.6000;-0.0429;-0.8393;0.0000;0;0.0000;0.0000;;;4.14
2026-02-17T19:46:36.011407;mvtec_AD/transistor;cont_30pct_ensemble_loo_mahal;0.3;ensemble_loo_mahal;5;5;5;2;196;100;60;40;3;5;95;0.8192;0.8362;0.7463;0.5750;0.6250;-0.0408;-0.7500;0.0000;0;0.0000;0.0000;;;4.34
2026-02-17T19:46:38.586075;mvtec_AD/transistor;cont_0pct_none;0.0;none;5;5;5;0;0;100;60;40;4;5;95;0.9071;0.8926;0.7901;0.6000;0.6000;;;;;;;;;2.51
2026-02-17T19:46:41.102988;mvtec_AD/transistor;cont_0pct_loo_patch;0.0;loo_patch;5;5;5;0;196;100;60;40;4;5;95;0.9062;0.8940;0.7835;0.6500;0.6500;-0.0008;;;;;;;;2.30
2026-02-17T19:46:45.522631;mvtec_AD/transistor;cont_0pct_mahalanobis_patch;0.0;mahalanobis_patch;5;5;5;0;196;100;60;40;4;5;95;0.9033;0.8915;0.7901;0.6250;0.6250;-0.0038;;;;;;;;4.41
2026-02-17T19:46:49.816596;mvtec_AD/transistor;cont_0pct_ensemble_loo_mahal;0.0;ensemble_loo_mahal;5;5;5;0;196;100;60;40;4;5;95;0.8950;0.8811;0.7792;0.6000;0.6000;-0.0121;;;;;;;;4.29
2026-02-17T19:46:51.500185;mvtec_AD/transistor;cont_20pct_none;0.2;none;5;5;5;1;0;100;60;40;4;5;95;0.8962;0.8962;0.7941;0.6750;0.7000;-0.0108;;;;;;;;1.67
2026-02-17T19:46:53.860826;mvtec_AD/transistor;cont_20pct_loo_patch;0.2;loo_patch;5;5;5;1;196;100;60;40;4;5;95;0.9083;0.8969;0.7941;0.6500;0.6750;0.0012;1.1154;1.0000;1;1.0000;1.0000;;;2.36
2026-02-17T19:46:58.153307;mvtec_AD/transistor;cont_20pct_mahalanobis_patch;0.2;mahalanobis_patch;5;5;5;1;196;100;60;40;4;5;95;0.9100;0.8968;0.8101;0.6000;0.6500;0.0029;1.2692;1.0000;1;1.0000;1.0000;;;4.28
2026-02-17T19:47:01.452476;mvtec_AD/transistor;cont_20pct_ensemble_loo_mahal;0.2;ensemble_loo_mahal;5;5;5;1;196;100;60;40;4;5;95;0.9008;0.8903;0.7848;0.6250;0.6750;-0.0062;0.4231;1.0000;1;1.0000;1.0000;;;3.29
2026-02-17T19:47:03.930274;mvtec_AD/transistor;cont_30pct_none;0.3;none;5;5;5;2;0;100;60;40;4;5;95;0.8700;0.8560;0.8000;0.4500;0.5000;-0.0371;;;;;;;;2.46
2026-02-17T19:47:06.706256;mvtec_AD/transistor;cont_30pct_loo_patch;0.3;loo_patch;5;5;5;2;196;100;60;40;4;5;95;0.8783;0.8566;0.7609;0.4000;0.6000;-0.0288;0.2247;0.8333;1;0.5000;0.5000;;;2.77
2026-02-17T19:47:11.416101;mvtec_AD/transistor;cont_30pct_mahalanobis_patch;0.3;mahalanobis_patch;5;5;5;2;196;100;60;40;4;5;95;0.8721;0.8672;0.8049;0.5250;0.5750;-0.0350;0.0562;0.8333;1;0.5000;0.5000;;;4.30
2026-02-17T19:47:15.663470;mvtec_AD/transistor;cont_30pct_ensemble_loo_mahal;0.3;ensemble_loo_mahal;5;5;5;2;196;100;60;40;4;5;95;0.8717;0.8563;0.7654;0.4250;0.5500;-0.0354;0.0449;0.8333;1;0.5000;0.5000;;;4.24
2026-02-17T19:47:18.336248;mvtec_AD/wood;cont_0pct_none;0.0;none;5;5;5;0;0;79;19;60;0;5;95;0.8605;0.9569;0.9023;0.6667;0.7000;;;;;;;;;1.57
2026-02-17T19:47:20.598231;mvtec_AD/wood;cont_0pct_loo_patch;0.0;loo_patch;5;5;5;0;196;79;19;60;0;5;95;0.8588;0.9569;0.9023;0.6667;0.7167;-0.0018;;;;;;;;2.26
2026-02-17T19:47:24.595129;mvtec_AD/wood;cont_0pct_mahalanobis_patch;0.0;mahalanobis_patch;5;5;5;0;196;79;19;60;0;5;95;0.8746;0.9615;0.9023;0.6667;0.7167;0.0140;;;;;;;;3.90
2026-02-17T19:47:27.900137;mvtec_AD/wood;cont_0pct_ensemble_loo_mahal;0.0;ensemble_loo_mahal;5;5;5;0;196;79;19;60;0;5;95;0.8640;0.9584;0.9023;0.6667;0.7167;0.0035;;;;;;;;3.30
2026-02-17T19:47:29.337289;mvtec_AD/wood;cont_20pct_none;0.2;none;5;5;5;1;0;79;19;60;0;5;95;0.8088;0.9396;0.8939;0.5167;0.6167;-0.0518;;;;;;;;1.43
2026-02-17T19:47:31.476348;mvtec_AD/wood;cont_20pct_loo_patch;0.2;loo_patch;5;5;5;1;196;79;19;60;0;5;95;0.8474;0.9533;0.9023;0.6167;0.7000;-0.0132;0.7458;0.7500;0;0.0000;0.0000;;;2.13
2026-02-17T19:47:34.840277;mvtec_AD/wood;cont_20pct_mahalanobis_patch;0.2;mahalanobis_patch;5;5;5;1;196;79;19;60;0;5;95;0.8316;0.9465;0.9023;0.5833;0.6500;-0.0289;0.4407;0.7500;0;0.0000;0.0000;;;3.19
2026-02-17T19:47:38.553786;mvtec_AD/wood;cont_20pct_ensemble_loo_mahal;0.2;ensemble_loo_mahal;5;5;5;1;196;79;19;60;0;5;95;0.8386;0.9494;0.9023;0.5833;0.6500;-0.0219;0.5763;0.7500;0;0.0000;0.0000;;;3.71
2026-02-17T19:47:40.325849;mvtec_AD/wood;cont_30pct_none;0.3;none;5;5;5;2;0;79;19;60;0;5;95;0.7658;0.9262;0.8657;0.5167;0.5833;-0.0947;;;;;;;;1.76
2026-02-17T19:47:42.436149;mvtec_AD/wood;cont_30pct_loo_patch;0.3;loo_patch;5;5;5;2;196;79;19;60;0;5;95;0.8158;0.9441;0.8872;0.6000;0.6500;-0.0447;0.5278;0.6667;0;0.5000;0.5000;;;2.01
2026-02-17T19:47:46.339247;mvtec_AD/wood;cont_30pct_mahalanobis_patch;0.3;mahalanobis_patch;5;5;5;2;196;79;19;60;0;5;95;0.8035;0.9377;0.8872;0.4667;0.6333;-0.0570;0.3981;0.6667;0;0.5000;0.5000;;;3.90
2026-02-17T19:47:50.186459;mvtec_AD/wood;cont_30pct_ensemble_loo_mahal;0.3;ensemble_loo_mahal;5;5;5;2;196;79;19;60;0;5;95;0.8088;0.9404;0.8872;0.5667;0.6500;-0.0518;0.4537;0.6667;0;0.5000;0.5000;;;3.84
2026-02-17T19:47:51.860866;mvtec_AD/wood;cont_0pct_none;0.0;none;5;5;5;0;0;79;19;60;1;5;95;0.8833;0.9633;0.8992;0.6167;0.7000;;;;;;;;;1.58
2026-02-17T19:47:54.068467;mvtec_AD/wood;cont_0pct_loo_patch;0.0;loo_patch;5;5;5;0;196;79;19;60;1;5;95;0.8868;0.9649;0.8955;0.6333;0.6833;0.0035;;;;;;;;2.20
2026-02-17T19:47:58.124672;mvtec_AD/wood;cont_0pct_mahalanobis_patch;0.0;mahalanobis_patch;5;5;5;0;196;79;19;60;1;5;95;0.8886;0.9651;0.8992;0.6167;0.6833;0.0053;;;;;;;;3.84
2026-02-17T19:48:01.497536;mvtec_AD/wood;cont_0pct_ensemble_loo_mahal;0.0;ensemble_loo_mahal;5;5;5;0;196;79;19;60;1;5;95;0.8860;0.9644;0.8960;0.6333;0.6833;0.0026;;;;;;;;3.37
2026-02-17T19:48:02.967471;mvtec_AD/wood;cont_20pct_none;0.2;none;5;5;5;1;0;79;19;60;1;5;95;0.8088;0.9373;0.8872;0.4333;0.6000;-0.0746;;;;;;;;1.46
2026-02-17T19:48:05.146677;mvtec_AD/wood;cont_20pct_loo_patch;0.2;loo_patch;5;5;5;1;196;79;19;60;1;5;95;0.8421;0.9497;0.8955;0.5500;0.6500;-0.0412;0.4471;1.0000;1;1.0000;1.0000;;;2.17
2026-02-17T19:48:08.462612;mvtec_AD/wood;cont_20pct_mahalanobis_patch;0.2;mahalanobis_patch;5;5;5;1;196;79;19;60;1;5;95;0.8395;0.9477;0.8955;0.5000;0.6500;-0.0439;0.4118;1.0000;1;1.0000;1.0000;;;3.31
2026-02-17T19:48:12.052430;mvtec_AD/wood;cont_20pct_ensemble_loo_mahal;0.2;ensemble_loo_mahal;5;5;5;1;196;79;19;60;1;5;95;0.8386;0.9476;0.9023;0.5333;0.6500;-0.0447;0.4000;1.0000;1;1.0000;1.0000;;;3.58
2026-02-17T19:48:14.008206;mvtec_AD/wood;cont_30pct_none;0.3;none;5;5;5;2;0;79;19;60;1;5;95;0.7886;0.9256;0.8855;0.3167;0.4667;-0.0947;;;;;;;;1.94
2026-02-17T19:48:16.032467;mvtec_AD/wood;cont_30pct_loo_patch;0.3;loo_patch;5;5;5;2;196;79;19;60;1;5;95;0.8281;0.9416;0.9023;0.4167;0.5833;-0.0553;0.4167;1.0000;1;1.0000;1.0000;;;1.91
2026-02-17T19:48:19.902806;mvtec_AD/wood;cont_30pct_mahalanobis_patch;0.3;mahalanobis_patch;5;5;5;2;196;79;19;60;1;5;95;0.8395;0.9447;0.9077;0.4333;0.5833;-0.0439;0.5370;1.0000;1;1.0000;1.0000;;;3.86
2026-02-17T19:48:23.671398;mvtec_AD/wood;cont_30pct_ensemble_loo_mahal;0.3;ensemble_loo_mahal;5;5;5;2;196;79;19;60;1;5;95;0.8351;0.9436;0.9023;0.4167;0.5833;-0.0482;0.4907;1.0000;1;1.0000;1.0000;;;3.76
2026-02-17T19:48:25.264998;mvtec_AD/wood;cont_0pct_none;0.0;none;5;5;5;0;0;79;19;60;2;5;95;0.9167;0.9728;0.9302;0.6667;0.7000;;;;;;;;;1.51
2026-02-17T19:48:27.610701;mvtec_AD/wood;cont_0pct_loo_patch;0.0;loo_patch;5;5;5;0;196;79;19;60;2;5;95;0.9026;0.9681;0.9302;0.6667;0.6833;-0.0140;;;;;;;;2.19
2026-02-17T19:48:31.673493;mvtec_AD/wood;cont_0pct_mahalanobis_patch;0.0;mahalanobis_patch;5;5;5;0;196;79;19;60;2;5;95;0.9219;0.9741;0.9449;0.6667;0.6833;0.0053;;;;;;;;4.06
2026-02-17T19:48:35.167497;mvtec_AD/wood;cont_0pct_ensemble_loo_mahal;0.0;ensemble_loo_mahal;5;5;5;0;196;79;19;60;2;5;95;0.9105;0.9708;0.9302;0.6667;0.6833;-0.0061;;;;;;;;3.49
2026-02-17T19:48:36.602852;mvtec_AD/wood;cont_20pct_none;0.2;none;5;5;5;1;0;79;19;60;2;5;95;0.8228;0.9392;0.9008;0.4667;0.5500;-0.0939;;;;;;;;1.43
2026-02-17T19:48:38.815398;mvtec_AD/wood;cont_20pct_loo_patch;0.2;loo_patch;5;5;5;1;196;79;19;60;2;5;95;0.8702;0.9580;0.9106;0.6333;0.6667;-0.0465;0.5047;1.0000;1;1.0000;1.0000;;;2.21
2026-02-17T19:48:42.919931;mvtec_AD/wood;cont_20pct_mahalanobis_patch;0.2;mahalanobis_patch;5;5;5;1;196;79;19;60;2;5;95;0.8544;0.9496;0.9147;0.5000;0.5833;-0.0623;0.3364;1.0000;1;1.0000;1.0000;;;3.96
2026-02-17T19:48:45.687307;mvtec_AD/wood;cont_20pct_ensemble_loo_mahal;0.2;ensemble_loo_mahal;5;5;5;1;196;79;19;60;2;5;95;0.8684;0.9568;0.9106;0.6167;0.6667;-0.0482;0.4860;1.0000;1;1.0000;1.0000;;;2.76
2026-02-17T19:48:47.551165;mvtec_AD/wood;cont_30pct_none;0.3;none;5;5;5;2;0;79;19;60;2;5;95;0.7807;0.9280;0.8682;0.4500;0.5333;-0.1360;;;;;;;;1.85
2026-02-17T19:48:49.764366;mvtec_AD/wood;cont_30pct_loo_patch;0.3;loo_patch;5;5;5;2;196;79;19;60;2;5;95;0.8404;0.9502;0.8976;0.6167;0.6333;-0.0763;0.4387;0.8333;1;0.5000;0.5000;;;2.21
2026-02-17T19:48:53.609628;mvtec_AD/wood;cont_30pct_mahalanobis_patch;0.3;mahalanobis_patch;5;5;5;2;196;79;19;60;2;5;95;0.8193;0.9409;0.8906;0.5000;0.5833;-0.0974;0.2839;0.8333;1;0.5000;0.5000;;;3.65
2026-02-17T19:48:57.600249;mvtec_AD/wood;cont_30pct_ensemble_loo_mahal;0.3;ensemble_loo_mahal;5;5;5;2;196;79;19;60;2;5;95;0.8368;0.9484;0.8976;0.6000;0.6333;-0.0798;0.4129;0.8333;1;0.5000;0.5000;;;3.99
2026-02-17T19:48:59.675295;mvtec_AD/wood;cont_0pct_none;0.0;none;5;5;5;0;0;79;19;60;3;5;95;0.8851;0.9636;0.9147;0.6500;0.6833;;;;;;;;;1.98
2026-02-17T19:49:01.710978;mvtec_AD/wood;cont_0pct_loo_patch;0.0;loo_patch;5;5;5;0;196;79;19;60;3;5;95;0.8816;0.9628;0.9134;0.6500;0.6667;-0.0035;;;;;;;;1.91
2026-02-17T19:49:05.682875;mvtec_AD/wood;cont_0pct_mahalanobis_patch;0.0;mahalanobis_patch;5;5;5;0;196;79;19;60;3;5;95;0.8912;0.9653;0.9147;0.6500;0.6667;0.0061;;;;;;;;3.86
2026-02-17T19:49:09.660329;mvtec_AD/wood;cont_0pct_ensemble_loo_mahal;0.0;ensemble_loo_mahal;5;5;5;0;196;79;19;60;3;5;95;0.8860;0.9640;0.9134;0.6500;0.6667;0.0009;;;;;;;;3.97
2026-02-17T19:49:11.529467;mvtec_AD/wood;cont_20pct_none;0.2;none;5;5;5;1;0;79;19;60;3;5;95;0.8333;0.9492;0.8872;0.6000;0.6167;-0.0518;;;;;;;;1.86
2026-02-17T19:49:13.021360;mvtec_AD/wood;cont_20pct_loo_patch;0.2;loo_patch;5;5;5;1;196;79;19;60;3;5;95;0.8553;0.9556;0.8955;0.6333;0.6667;-0.0298;0.4237;0.7500;0;0.0000;0.0000;;;1.49
2026-02-17T19:49:17.279538;mvtec_AD/wood;cont_20pct_mahalanobis_patch;0.2;mahalanobis_patch;5;5;5;1;196;79;19;60;3;5;95;0.8553;0.9558;0.8872;0.6167;0.6667;-0.0298;0.4237;0.7500;0;0.0000;0.0000;;;4.25
2026-02-17T19:49:20.797548;mvtec_AD/wood;cont_20pct_ensemble_loo_mahal;0.2;ensemble_loo_mahal;5;5;5;1;196;79;19;60;3;5;95;0.8579;0.9564;0.8889;0.6500;0.6667;-0.0272;0.4746;0.7500;0;0.0000;0.0000;;;3.51
2026-02-17T19:49:22.111456;mvtec_AD/wood;cont_30pct_none;0.3;none;5;5;5;2;0;79;19;60;3;5;95;0.7939;0.9333;0.8788;0.4833;0.5167;-0.0912;;;;;;;;1.30
2026-02-17T19:49:24.218909;mvtec_AD/wood;cont_30pct_loo_patch;0.3;loo_patch;5;5;5;2;196;79;19;60;3;5;95;0.8561;0.9560;0.8872;0.6167;0.6667;-0.0289;0.6827;1.0000;1;1.0000;1.0000;;;2.09
2026-02-17T19:49:27.831705;mvtec_AD/wood;cont_30pct_mahalanobis_patch;0.3;mahalanobis_patch;5;5;5;2;196;79;19;60;3;5;95;0.8570;0.9552;0.8960;0.5833;0.6500;-0.0281;0.6923;1.0000;1;1.0000;1.0000;;;3.61
2026-02-17T19:49:31.795744;mvtec_AD/wood;cont_30pct_ensemble_loo_mahal;0.3;ensemble_loo_mahal;5;5;5;2;196;79;19;60;3;5;95;0.8605;0.9568;0.8889;0.6000;0.6667;-0.0246;0.7308;1.0000;1;1.0000;1.0000;;;3.96
2026-02-17T19:49:33.398965;mvtec_AD/wood;cont_0pct_none;0.0;none;5;5;5;0;0;79;19;60;4;5;95;0.8939;0.9652;0.9302;0.6500;0.6667;;;;;;;;;1.51
2026-02-17T19:49:35.414789;mvtec_AD/wood;cont_0pct_loo_patch;0.0;loo_patch;5;5;5;0;196;79;19;60;4;5;95;0.8947;0.9656;0.9302;0.6500;0.6667;0.0009;;;;;;;;2.01
2026-02-17T19:49:39.301417;mvtec_AD/wood;cont_0pct_mahalanobis_patch;0.0;mahalanobis_patch;5;5;5;0;196;79;19;60;4;5;95;0.9009;0.9675;0.9231;0.6333;0.6667;0.0070;;;;;;;;3.88
2026-02-17T19:49:42.966963;mvtec_AD/wood;cont_0pct_ensemble_loo_mahal;0.0;ensemble_loo_mahal;5;5;5;0;196;79;19;60;4;5;95;0.8991;0.9671;0.9302;0.6500;0.6667;0.0053;;;;;;;;3.66
2026-02-17T19:49:45.053844;mvtec_AD/wood;cont_20pct_none;0.2;none;5;5;5;1;0;79;19;60;4;5;95;0.9009;0.9673;0.9219;0.5667;0.6333;0.0070;;;;;;;;2.07
2026-02-17T19:49:47.275650;mvtec_AD/wood;cont_20pct_loo_patch;0.2;loo_patch;5;5;5;1;196;79;19;60;4;5;95;0.9167;0.9726;0.9302;0.6667;0.6833;0.0228;-2.2500;1.0000;1;1.0000;1.0000;;;2.10
2026-02-17T19:49:51.271683;mvtec_AD/wood;cont_20pct_mahalanobis_patch;0.2;mahalanobis_patch;5;5;5;1;196;79;19;60;4;5;95;0.9325;0.9772;0.9365;0.6333;0.6833;0.0386;-4.5000;1.0000;1;1.0000;1.0000;;;3.99
2026-02-17T19:49:54.993288;mvtec_AD/wood;cont_20pct_ensemble_loo_mahal;0.2;ensemble_loo_mahal;5;5;5;1;196;79;19;60;4;5;95;0.9254;0.9750;0.9302;0.6333;0.6833;0.0316;-3.5000;1.0000;1;1.0000;1.0000;;;3.71
2026-02-17T19:49:56.307717;mvtec_AD/wood;cont_30pct_none;0.3;none;5;5;5;2;0;79;19;60;4;5;95;0.8333;0.9434;0.9134;0.4667;0.5167;-0.0605;;;;;;;;1.30
2026-02-17T19:49:58.186893;mvtec_AD/wood;cont_30pct_loo_patch;0.3;loo_patch;5;5;5;2;196;79;19;60;4;5;95;0.8772;0.9587;0.9302;0.5667;0.6167;-0.0167;0.7246;1.0000;1;1.0000;1.0000;;;1.87
2026-02-17T19:50:02.429950;mvtec_AD/wood;cont_30pct_mahalanobis_patch;0.3;mahalanobis_patch;5;5;5;2;196;79;19;60;4;5;95;0.8711;0.9563;0.9302;0.5667;0.6000;-0.0228;0.6232;1.0000;1;1.0000;1.0000;;;4.24
2026-02-17T19:50:05.414499;mvtec_AD/wood;cont_30pct_ensemble_loo_mahal;0.3;ensemble_loo_mahal;5;5;5;2;196;79;19;60;4;5;95;0.8816;0.9601;0.9302;0.5667;0.6167;-0.0123;0.7971;1.0000;1;1.0000;1.0000;;;2.98
2026-02-17T19:50:10.646705;mvtec_AD/zipper;cont_0pct_none;0.0;none;5;5;5;0;0;151;32;119;0;5;95;0.9919;0.9977;0.9835;0.8824;0.9580;;;;;;;;;3.87
2026-02-17T19:50:14.119770;mvtec_AD/zipper;cont_0pct_loo_patch;0.0;loo_patch;5;5;5;0;196;151;32;119;0;5;95;0.9916;0.9976;0.9835;0.8739;0.9748;-0.0003;;;;;;;;3.47
2026-02-17T19:50:20.038643;mvtec_AD/zipper;cont_0pct_mahalanobis_patch;0.0;mahalanobis_patch;5;5;5;0;196;151;32;119;0;5;95;0.9940;0.9983;0.9833;0.8992;0.9748;0.0021;;;;;;;;5.81
2026-02-17T19:50:25.546949;mvtec_AD/zipper;cont_0pct_ensemble_loo_mahal;0.0;ensemble_loo_mahal;5;5;5;0;196;151;32;119;0;5;95;0.9932;0.9981;0.9835;0.8824;0.9748;0.0013;;;;;;;;5.50
2026-02-17T19:50:29.092402;mvtec_AD/zipper;cont_20pct_none;0.2;none;5;5;5;1;0;151;32;119;0;5;95;0.9806;0.9950;0.9791;0.8403;0.9496;-0.0113;;;;;;;;3.53
2026-02-17T19:50:33.236609;mvtec_AD/zipper;cont_20pct_loo_patch;0.2;loo_patch;5;5;5;1;196;151;32;119;0;5;95;0.9890;0.9970;0.9787;0.8655;0.9664;-0.0029;0.7442;1.0000;1;1.0000;1.0000;;;4.01
2026-02-17T19:50:38.783633;mvtec_AD/zipper;cont_20pct_mahalanobis_patch;0.2;mahalanobis_patch;5;5;5;1;196;151;32;119;0;5;95;0.9903;0.9973;0.9831;0.8824;0.9748;-0.0016;0.8605;1.0000;1;1.0000;1.0000;;;5.54
2026-02-17T19:50:43.986524;mvtec_AD/zipper;cont_20pct_ensemble_loo_mahal;0.2;ensemble_loo_mahal;5;5;5;1;196;151;32;119;0;5;95;0.9898;0.9971;0.9831;0.8655;0.9748;-0.0021;0.8140;1.0000;1;1.0000;1.0000;;;5.20
2026-02-17T19:50:46.878847;mvtec_AD/zipper;cont_30pct_none;0.3;none;5;5;5;2;0;151;32;119;0;5;95;0.9698;0.9926;0.9667;0.8235;0.9328;-0.0221;;;;;;;;2.88
2026-02-17T19:50:50.758374;mvtec_AD/zipper;cont_30pct_loo_patch;0.3;loo_patch;5;5;5;2;196;151;32;119;0;5;95;0.9871;0.9964;0.9789;0.8403;0.9580;-0.0047;0.7857;1.0000;1;1.0000;1.0000;;;3.87
2026-02-17T19:50:55.522666;mvtec_AD/zipper;cont_30pct_mahalanobis_patch;0.3;mahalanobis_patch;5;5;5;2;196;151;32;119;0;5;95;0.9879;0.9967;0.9752;0.8655;0.9580;-0.0039;0.8214;1.0000;1;1.0000;1.0000;;;4.55
2026-02-17T19:51:01.135893;mvtec_AD/zipper;cont_30pct_ensemble_loo_mahal;0.3;ensemble_loo_mahal;5;5;5;2;196;151;32;119;0;5;95;0.9879;0.9967;0.9789;0.8571;0.9496;-0.0039;0.8214;1.0000;1;1.0000;1.0000;;;5.61
2026-02-17T19:51:04.693229;mvtec_AD/zipper;cont_0pct_none;0.0;none;5;5;5;0;0;151;32;119;1;5;95;0.9808;0.9943;0.9754;0.7479;0.8992;;;;;;;;;3.36
2026-02-17T19:51:09.519885;mvtec_AD/zipper;cont_0pct_loo_patch;0.0;loo_patch;5;5;5;0;196;151;32;119;1;5;95;0.9819;0.9948;0.9754;0.7479;0.9160;0.0011;;;;;;;;3.88
2026-02-17T19:51:15.010678;mvtec_AD/zipper;cont_0pct_mahalanobis_patch;0.0;mahalanobis_patch;5;5;5;0;196;151;32;119;1;5;95;0.9840;0.9953;0.9754;0.7563;0.9160;0.0032;;;;;;;;5.49
2026-02-17T19:51:20.205974;mvtec_AD/zipper;cont_0pct_ensemble_loo_mahal;0.0;ensemble_loo_mahal;5;5;5;0;196;151;32;119;1;5;95;0.9840;0.9953;0.9754;0.7647;0.9160;0.0032;;;;;;;;5.19
2026-02-17T19:51:23.954558;mvtec_AD/zipper;cont_20pct_none;0.2;none;5;5;5;1;0;151;32;119;1;5;95;0.9693;0.9916;0.9712;0.7563;0.8655;-0.0116;;;;;;;;3.74
2026-02-17T19:51:28.112433;mvtec_AD/zipper;cont_20pct_loo_patch;0.2;loo_patch;5;5;5;1;196;151;32;119;1;5;95;0.9803;0.9943;0.9754;0.7395;0.9076;-0.0005;0.9545;1.0000;1;1.0000;1.0000;;;3.87
2026-02-17T19:51:33.651253;mvtec_AD/zipper;cont_20pct_mahalanobis_patch;0.2;mahalanobis_patch;5;5;5;1;196;151;32;119;1;5;95;0.9811;0.9944;0.9754;0.7647;0.9076;0.0003;1.0227;1.0000;1;1.0000;1.0000;;;5.53
2026-02-17T19:51:38.651860;mvtec_AD/zipper;cont_20pct_ensemble_loo_mahal;0.2;ensemble_loo_mahal;5;5;5;1;196;151;32;119;1;5;95;0.9800;0.9941;0.9754;0.7395;0.9076;-0.0008;0.9318;1.0000;1;1.0000;1.0000;;;4.99
2026-02-17T19:51:42.497817;mvtec_AD/zipper;cont_30pct_none;0.3;none;5;5;5;2;0;151;32;119;1;5;95;0.9609;0.9899;0.9669;0.7479;0.8739;-0.0200;;;;;;;;3.83
2026-02-17T19:51:46.561731;mvtec_AD/zipper;cont_30pct_loo_patch;0.3;loo_patch;5;5;5;2;196;151;32;119;1;5;95;0.9703;0.9919;0.9712;0.7479;0.8992;-0.0105;0.4737;0.8333;1;0.5000;0.5000;;;3.96
2026-02-17T19:51:51.852585;mvtec_AD/zipper;cont_30pct_mahalanobis_patch;0.3;mahalanobis_patch;5;5;5;2;196;151;32;119;1;5;95;0.9690;0.9914;0.9752;0.7227;0.8824;-0.0118;0.4079;0.8333;1;0.5000;0.5000;;;5.11
2026-02-17T19:51:57.026894;mvtec_AD/zipper;cont_30pct_ensemble_loo_mahal;0.3;ensemble_loo_mahal;5;5;5;2;196;151;32;119;1;5;95;0.9706;0.9920;0.9752;0.7647;0.8908;-0.0102;0.4868;0.8333;1;0.5000;0.5000;;;5.17
2026-02-17T19:52:00.943049;mvtec_AD/zipper;cont_0pct_none;0.0;none;5;5;5;0;0;151;32;119;2;5;95;0.9821;0.9948;0.9712;0.7647;0.9244;;;;;;;;;3.74
2026-02-17T19:52:06.282381;mvtec_AD/zipper;cont_0pct_loo_patch;0.0;loo_patch;5;5;5;0;196;151;32;119;2;5;95;0.9829;0.9951;0.9752;0.7563;0.9244;0.0008;;;;;;;;3.93
2026-02-17T19:52:13.097735;mvtec_AD/zipper;cont_0pct_mahalanobis_patch;0.0;mahalanobis_patch;5;5;5;0;196;151;32;119;2;5;95;0.9829;0.9951;0.9752;0.7815;0.9328;0.0008;;;;;;;;5.22
2026-02-17T19:52:18.784261;mvtec_AD/zipper;cont_0pct_ensemble_loo_mahal;0.0;ensemble_loo_mahal;5;5;5;0;196;151;32;119;2;5;95;0.9821;0.9948;0.9752;0.7563;0.9160;0.0000;;;;;;;;5.68
2026-02-17T19:52:22.644162;mvtec_AD/zipper;cont_20pct_none;0.2;none;5;5;5;1;0;151;32;119;2;5;95;0.9735;0.9928;0.9752;0.7311;0.9160;-0.0087;;;;;;;;3.85
2026-02-17T19:52:26.459639;mvtec_AD/zipper;cont_20pct_loo_patch;0.2;loo_patch;5;5;5;1;196;151;32;119;2;5;95;0.9827;0.9949;0.9794;0.7479;0.9076;0.0005;1.0606;1.0000;1;1.0000;1.0000;;;3.68
2026-02-17T19:52:31.496276;mvtec_AD/zipper;cont_20pct_mahalanobis_patch;0.2;mahalanobis_patch;5;5;5;1;196;151;32;119;2;5;95;0.9819;0.9948;0.9794;0.7479;0.9076;-0.0003;0.9697;1.0000;1;1.0000;1.0000;;;5.03
2026-02-17T19:52:37.449630;mvtec_AD/zipper;cont_20pct_ensemble_loo_mahal;0.2;ensemble_loo_mahal;5;5;5;1;196;151;32;119;2;5;95;0.9835;0.9952;0.9794;0.7395;0.9160;0.0013;1.1515;1.0000;1;1.0000;1.0000;;;5.94
2026-02-17T19:52:40.817348;mvtec_AD/zipper;cont_30pct_none;0.3;none;5;5;5;2;0;151;32;119;2;5;95;0.9614;0.9898;0.9664;0.7059;0.8824;-0.0207;;;;;;;;3.36
2026-02-17T19:52:44.115173;mvtec_AD/zipper;cont_30pct_loo_patch;0.3;loo_patch;5;5;5;2;196;151;32;119;2;5;95;0.9772;0.9935;0.9667;0.7395;0.8908;-0.0050;0.7595;1.0000;1;1.0000;1.0000;;;3.29
2026-02-17T19:52:49.664470;mvtec_AD/zipper;cont_30pct_mahalanobis_patch;0.3;mahalanobis_patch;5;5;5;2;196;151;32;119;2;5;95;0.9730;0.9922;0.9630;0.7227;0.8908;-0.0092;0.5570;1.0000;1;1.0000;1.0000;;;5.54
2026-02-17T19:52:55.262720;mvtec_AD/zipper;cont_30pct_ensemble_loo_mahal;0.3;ensemble_loo_mahal;5;5;5;2;196;151;32;119;2;5;95;0.9772;0.9934;0.9672;0.7143;0.8908;-0.0050;0.7595;1.0000;1;1.0000;1.0000;;;5.59
2026-02-17T19:52:59.069216;mvtec_AD/zipper;cont_0pct_none;0.0;none;5;5;5;0;0;151;32;119;3;5;95;0.9937;0.9983;0.9835;0.9076;0.9664;;;;;;;;;3.63
2026-02-17T19:53:02.955556;mvtec_AD/zipper;cont_0pct_loo_patch;0.0;loo_patch;5;5;5;0;196;151;32;119;3;5;95;0.9908;0.9974;0.9794;0.8824;0.9580;-0.0029;;;;;;;;3.88
2026-02-17T19:53:08.178225;mvtec_AD/zipper;cont_0pct_mahalanobis_patch;0.0;mahalanobis_patch;5;5;5;0;196;151;32;119;3;5;95;0.9919;0.9978;0.9793;0.8908;0.9580;-0.0018;;;;;;;;5.09
2026-02-17T19:53:13.884868;mvtec_AD/zipper;cont_0pct_ensemble_loo_mahal;0.0;ensemble_loo_mahal;5;5;5;0;196;151;32;119;3;5;95;0.9919;0.9978;0.9794;0.8992;0.9580;-0.0018;;;;;;;;5.70
2026-02-17T19:53:17.780770;mvtec_AD/zipper;cont_20pct_none;0.2;none;5;5;5;1;0;151;32;119;3;5;95;0.9856;0.9966;0.9748;0.9076;0.9664;-0.0081;;;;;;;;3.88
2026-02-17T19:53:21.245294;mvtec_AD/zipper;cont_20pct_loo_patch;0.2;loo_patch;5;5;5;1;196;151;32;119;3;5;95;0.9890;0.9969;0.9754;0.8655;0.9412;-0.0047;0.4194;1.0000;1;1.0000;1.0000;;;3.46
2026-02-17T19:53:26.774690;mvtec_AD/zipper;cont_20pct_mahalanobis_patch;0.2;mahalanobis_patch;5;5;5;1;196;151;32;119;3;5;95;0.9908;0.9975;0.9754;0.8908;0.9580;-0.0029;0.6452;1.0000;1;1.0000;1.0000;;;5.52
2026-02-17T19:53:31.271683;mvtec_AD/zipper;cont_20pct_ensemble_loo_mahal;0.2;ensemble_loo_mahal;5;5;5;1;196;151;32;119;3;5;95;0.9908;0.9974;0.9794;0.8824;0.9496;-0.0029;0.6452;1.0000;1;1.0000;1.0000;;;4.49
2026-02-17T19:53:34.963396;mvtec_AD/zipper;cont_30pct_none;0.3;none;5;5;5;2;0;151;32;119;3;5;95;0.9748;0.9941;0.9705;0.8739;0.9328;-0.0189;;;;;;;;3.67
2026-02-17T19:53:38.939924;mvtec_AD/zipper;cont_30pct_loo_patch;0.3;loo_patch;5;5;5;2;196;151;32;119;3;5;95;0.9895;0.9971;0.9754;0.8571;0.9496;-0.0042;0.7778;1.0000;1;1.0000;1.0000;;;3.59
2026-02-17T19:53:44.355412;mvtec_AD/zipper;cont_30pct_mahalanobis_patch;0.3;mahalanobis_patch;5;5;5;2;196;151;32;119;3;5;95;0.9908;0.9975;0.9754;0.8824;0.9580;-0.0029;0.8472;1.0000;1;1.0000;1.0000;;;5.41
2026-02-17T19:53:50.149600;mvtec_AD/zipper;cont_30pct_ensemble_loo_mahal;0.3;ensemble_loo_mahal;5;5;5;2;196;151;32;119;3;5;95;0.9908;0.9975;0.9754;0.8824;0.9580;-0.0029;0.8472;1.0000;1;1.0000;1.0000;;;5.79
2026-02-17T19:53:54.193000;mvtec_AD/zipper;cont_0pct_none;0.0;none;5;5;5;0;0;151;32;119;4;5;95;0.9800;0.9943;0.9714;0.7815;0.8908;;;;;;;;;3.88
2026-02-17T19:53:57.742011;mvtec_AD/zipper;cont_0pct_loo_patch;0.0;loo_patch;5;5;5;0;196;151;32;119;4;5;95;0.9803;0.9942;0.9754;0.7647;0.9244;0.0003;;;;;;;;3.54
2026-02-17T19:54:03.955897;mvtec_AD/zipper;cont_0pct_mahalanobis_patch;0.0;mahalanobis_patch;5;5;5;0;196;151;32;119;4;5;95;0.9819;0.9948;0.9714;0.7815;0.9244;0.0018;;;;;;;;5.75
2026-02-17T19:54:09.475355;mvtec_AD/zipper;cont_0pct_ensemble_loo_mahal;0.0;ensemble_loo_mahal;5;5;5;0;196;151;32;119;4;5;95;0.9832;0.9952;0.9754;0.7815;0.9244;0.0032;;;;;;;;5.52
2026-02-17T19:54:12.349854;mvtec_AD/zipper;cont_20pct_none;0.2;none;5;5;5;1;0;151;32;119;4;5;95;0.9737;0.9930;0.9712;0.7815;0.9076;-0.0063;;;;;;;;2.86
2026-02-17T19:54:16.336962;mvtec_AD/zipper;cont_20pct_loo_patch;0.2;loo_patch;5;5;5;1;196;151;32;119;4;5;95;0.9827;0.9950;0.9794;0.7647;0.8992;0.0026;1.4167;1.0000;1;1.0000;1.0000;;;3.98
2026-02-17T19:54:21.194350;mvtec_AD/zipper;cont_20pct_mahalanobis_patch;0.2;mahalanobis_patch;5;5;5;1;196;151;32;119;4;5;95;0.9806;0.9943;0.9794;0.7647;0.8739;0.0005;1.0833;1.0000;1;1.0000;1.0000;;;4.68
2026-02-17T19:54:26.733380;mvtec_AD/zipper;cont_20pct_ensemble_loo_mahal;0.2;ensemble_loo_mahal;5;5;5;1;196;151;32;119;4;5;95;0.9816;0.9947;0.9794;0.7647;0.8992;0.0016;1.2500;1.0000;1;1.0000;1.0000;;;5.53
2026-02-17T19:54:30.018434;mvtec_AD/zipper;cont_30pct_none;0.3;none;5;5;5;2;0;151;32;119;4;5;95;0.9627;0.9904;0.9710;0.7311;0.8739;-0.0173;;;;;;;;3.27
2026-02-17T19:54:33.919798;mvtec_AD/zipper;cont_30pct_loo_patch;0.3;loo_patch;5;5;5;2;196;151;32;119;4;5;95;0.9803;0.9943;0.9794;0.7563;0.8739;0.0003;1.0152;1.0000;1;1.0000;1.0000;;;3.90
2026-02-17T19:54:39.734580;mvtec_AD/zipper;cont_30pct_mahalanobis_patch;0.3;mahalanobis_patch;5;5;5;2;196;151;32;119;4;5;95;0.9785;0.9938;0.9754;0.7479;0.8655;-0.0016;0.9091;1.0000;1;1.0000;1.0000;;;5.57
2026-02-17T19:54:45.086106;mvtec_AD/zipper;cont_30pct_ensemble_loo_mahal;0.3;ensemble_loo_mahal;5;5;5;2;196;151;32;119;4;5;95;0.9819;0.9948;0.9794;0.7815;0.8908;0.0018;1.1061;1.0000;1;1.0000;1.0000;;;5.35
2026-02-17T19:54:54.411955;VisA/candle;cont_0pct_none;0.0;none;5;5;5;0;0;200;100;100;0;5;95;0.9061;0.8851;0.8585;0.0700;0.6600;;;;;;;;;5.09
2026-02-17T19:54:59.279271;VisA/candle;cont_0pct_loo_patch;0.0;loo_patch;5;5;5;0;196;200;100;100;0;5;95;0.8999;0.8888;0.8426;0.0800;0.6600;-0.0062;;;;;;;;4.86
2026-02-17T19:55:05.955003;VisA/candle;cont_0pct_mahalanobis_patch;0.0;mahalanobis_patch;5;5;5;0;196;200;100;100;0;5;95;0.8980;0.8842;0.8406;0.0900;0.6600;-0.0081;;;;;;;;6.67
2026-02-17T19:55:12.741049;VisA/candle;cont_0pct_ensemble_loo_mahal;0.0;ensemble_loo_mahal;5;5;5;0;196;200;100;100;0;5;95;0.9038;0.8909;0.8447;0.0900;0.6300;-0.0023;;;;;;;;6.78
2026-02-17T19:55:17.315318;VisA/candle;cont_20pct_none;0.2;none;5;5;5;1;0;200;100;100;0;5;95;0.8809;0.8693;0.8148;0.0500;0.6300;-0.0252;;;;;;;;4.56
2026-02-17T19:55:22.280217;VisA/candle;cont_20pct_loo_patch;0.2;loo_patch;5;5;5;1;196;200;100;100;0;5;95;0.8683;0.8579;0.8358;0.0800;0.5400;-0.0378;-0.5000;0.5000;0;0.0000;0.0000;;;4.96
2026-02-17T19:55:29.566353;VisA/candle;cont_20pct_mahalanobis_patch;0.2;mahalanobis_patch;5;5;5;1;196;200;100;100;0;5;95;0.8937;0.8849;0.8406;0.1000;0.6400;-0.0124;0.5079;0.5000;0;0.0000;0.0000;;;7.01
2026-02-17T19:55:36.737528;VisA/candle;cont_20pct_ensemble_loo_mahal;0.2;ensemble_loo_mahal;5;5;5;1;196;200;100;100;0;5;95;0.8876;0.8817;0.8276;0.1400;0.6200;-0.0185;0.2659;0.5000;0;0.0000;0.0000;;;7.17
2026-02-17T19:55:41.409516;VisA/candle;cont_30pct_none;0.3;none;5;5;5;2;0;200;100;100;0;5;95;0.8362;0.8396;0.7732;0.0900;0.5100;-0.0699;;;;;;;;4.66
2026-02-17T19:55:46.746028;VisA/candle;cont_30pct_loo_patch;0.3;loo_patch;5;5;5;2;196;200;100;100;0;5;95;0.8497;0.8459;0.7839;0.0400;0.6300;-0.0564;0.1931;0.5000;1;0.5000;0.5000;;;5.12
2026-02-17T19:55:53.686503;VisA/candle;cont_30pct_mahalanobis_patch;0.3;mahalanobis_patch;5;5;5;2;196;200;100;100;0;5;95;0.8637;0.8566;0.8098;0.0900;0.5600;-0.0424;0.3934;0.5000;1;0.5000;0.5000;;;6.94
2026-02-17T19:56:00.191644;VisA/candle;cont_30pct_ensemble_loo_mahal;0.3;ensemble_loo_mahal;5;5;5;2;196;200;100;100;0;5;95;0.8625;0.8534;0.8195;0.0800;0.5000;-0.0436;0.3763;0.5000;1;0.5000;0.5000;;;6.50
2026-02-17T19:56:05.319779;VisA/candle;cont_0pct_none;0.0;none;5;5;5;0;0;200;100;100;1;5;95;0.8893;0.8648;0.8205;0.0400;0.6300;;;;;;;;;4.97
2026-02-17T19:56:11.025289;VisA/candle;cont_0pct_loo_patch;0.0;loo_patch;5;5;5;0;196;200;100;100;1;5;95;0.8704;0.8565;0.8122;0.0500;0.5300;-0.0189;;;;;;;;4.07
2026-02-17T19:56:17.379611;VisA/candle;cont_0pct_mahalanobis_patch;0.0;mahalanobis_patch;5;5;5;0;196;200;100;100;1;5;95;0.8822;0.8601;0.8177;0.0400;0.5400;-0.0071;;;;;;;;6.35
2026-02-17T19:56:24.072918;VisA/candle;cont_0pct_ensemble_loo_mahal;0.0;ensemble_loo_mahal;5;5;5;0;196;200;100;100;1;5;95;0.8839;0.8636;0.8252;0.0700;0.4900;-0.0054;;;;;;;;6.69
2026-02-17T19:56:29.105207;VisA/candle;cont_20pct_none;0.2;none;5;5;5;1;0;200;100;100;1;5;95;0.8623;0.8492;0.8122;0.0500;0.5000;-0.0270;;;;;;;;5.02
2026-02-17T19:56:33.795339;VisA/candle;cont_20pct_loo_patch;0.2;loo_patch;5;5;5;1;196;200;100;100;1;5;95;0.8656;0.8576;0.8021;0.0700;0.5300;-0.0237;0.1222;1.0000;1;1.0000;1.0000;;;4.68
2026-02-17T19:56:40.918602;VisA/candle;cont_20pct_mahalanobis_patch;0.2;mahalanobis_patch;5;5;5;1;196;200;100;100;1;5;95;0.8717;0.8530;0.8036;0.0500;0.5300;-0.0176;0.3481;1.0000;1;1.0000;1.0000;;;6.86
2026-02-17T19:56:47.568367;VisA/candle;cont_20pct_ensemble_loo_mahal;0.2;ensemble_loo_mahal;5;5;5;1;196;200;100;100;1;5;95;0.8773;0.8596;0.8177;0.0500;0.5200;-0.0120;0.5556;1.0000;1;1.0000;1.0000;;;6.64
2026-02-17T19:56:51.413395;VisA/candle;cont_30pct_none;0.3;none;5;5;5;2;0;200;100;100;1;5;95;0.8440;0.8349;0.7872;0.0600;0.5100;-0.0453;;;;;;;;3.83
2026-02-17T19:56:56.589187;VisA/candle;cont_30pct_loo_patch;0.3;loo_patch;5;5;5;2;196;200;100;100;1;5;95;0.8554;0.8394;0.8000;0.0400;0.4900;-0.0339;0.2517;1.0000;1;1.0000;1.0000;;;5.17
2026-02-17T19:57:02.279641;VisA/candle;cont_30pct_mahalanobis_patch;0.3;mahalanobis_patch;5;5;5;2;196;200;100;100;1;5;95;0.8700;0.8493;0.8263;0.0800;0.5000;-0.0193;0.5740;1.0000;1;1.0000;1.0000;;;5.69
2026-02-17T19:57:08.837893;VisA/candle;cont_30pct_ensemble_loo_mahal;0.3;ensemble_loo_mahal;5;5;5;2;196;200;100;100;1;5;95;0.8703;0.8486;0.8177;0.0300;0.5100;-0.0190;0.5806;1.0000;1;1.0000;1.0000;;;6.55
2026-02-17T19:57:14.053510;VisA/candle;cont_0pct_none;0.0;none;5;5;5;0;0;200;100;100;2;5;95;0.9104;0.8888;0.8626;0.1100;0.6200;;;;;;;;;5.05
2026-02-17T19:57:19.734750;VisA/candle;cont_0pct_loo_patch;0.0;loo_patch;5;5;5;0;196;200;100;100;2;5;95;0.9110;0.8955;0.8491;0.1000;0.5900;0.0006;;;;;;;;5.06
2026-02-17T19:57:26.338718;VisA/candle;cont_0pct_mahalanobis_patch;0.0;mahalanobis_patch;5;5;5;0;196;200;100;100;2;5;95;0.9053;0.8929;0.8421;0.1400;0.6400;-0.0051;;;;;;;;6.34
2026-02-17T19:57:33.068523;VisA/candle;cont_0pct_ensemble_loo_mahal;0.0;ensemble_loo_mahal;5;5;5;0;196;200;100;100;2;5;95;0.9013;0.8828;0.8469;0.0900;0.6000;-0.0091;;;;;;;;6.73
2026-02-17T19:57:38.071894;VisA/candle;cont_20pct_none;0.2;none;5;5;5;1;0;200;100;100;2;5;95;0.8836;0.8711;0.8247;0.0600;0.6300;-0.0268;;;;;;;;4.99
2026-02-17T19:57:42.329802;VisA/candle;cont_20pct_loo_patch;0.2;loo_patch;5;5;5;1;196;200;100;100;2;5;95;0.8909;0.8769;0.8473;0.0800;0.5000;-0.0195;0.2724;0.7500;0;0.0000;0.0000;;;4.14
2026-02-17T19:57:48.882207;VisA/candle;cont_20pct_mahalanobis_patch;0.2;mahalanobis_patch;5;5;5;1;196;200;100;100;2;5;95;0.8844;0.8702;0.8300;0.1200;0.5700;-0.0260;0.0299;0.7500;0;0.0000;0.0000;;;6.55
2026-02-17T19:57:55.052227;VisA/candle;cont_20pct_ensemble_loo_mahal;0.2;ensemble_loo_mahal;5;5;5;1;196;200;100;100;2;5;95;0.8930;0.8696;0.8387;0.0700;0.5600;-0.0174;0.3507;0.7500;0;0.0000;0.0000;;;6.16
2026-02-17T19:57:59.624007;VisA/candle;cont_30pct_none;0.3;none;5;5;5;2;0;200;100;100;2;5;95;0.8484;0.8406;0.7960;0.0400;0.4600;-0.0620;;;;;;;;4.56
2026-02-17T19:58:04.799602;VisA/candle;cont_30pct_loo_patch;0.3;loo_patch;5;5;5;2;196;200;100;100;2;5;95;0.8525;0.8455;0.7792;0.0800;0.5200;-0.0579;0.0661;0.5000;0;0.5000;0.5000;;;5.03
2026-02-17T19:58:11.704541;VisA/candle;cont_30pct_mahalanobis_patch;0.3;mahalanobis_patch;5;5;5;2;196;200;100;100;2;5;95;0.8641;0.8511;0.8182;0.0600;0.4900;-0.0463;0.2532;0.5000;0;0.5000;0.5000;;;6.90
2026-02-17T19:58:18.224305;VisA/candle;cont_30pct_ensemble_loo_mahal;0.3;ensemble_loo_mahal;5;5;5;2;196;200;100;100;2;5;95;0.8576;0.8465;0.7960;0.0600;0.4700;-0.0528;0.1484;0.5000;0;0.5000;0.5000;;;6.52
2026-02-17T19:58:23.428738;VisA/candle;cont_0pct_none;0.0;none;5;5;5;0;0;200;100;100;3;5;95;0.8908;0.8675;0.8333;0.0400;0.6100;;;;;;;;;5.05
2026-02-17T19:58:28.408558;VisA/candle;cont_0pct_loo_patch;0.0;loo_patch;5;5;5;0;196;200;100;100;3;5;95;0.8925;0.8721;0.8252;0.0600;0.4900;0.0017;;;;;;;;4.98
2026-02-17T19:58:34.103238;VisA/candle;cont_0pct_mahalanobis_patch;0.0;mahalanobis_patch;5;5;5;0;196;200;100;100;3;5;95;0.8959;0.8756;0.8374;0.0700;0.5500;0.0051;;;;;;;;5.50
2026-02-17T19:58:40.925461;VisA/candle;cont_0pct_ensemble_loo_mahal;0.0;ensemble_loo_mahal;5;5;5;0;196;200;100;100;3;5;95;0.8954;0.8736;0.8410;0.0700;0.5400;0.0046;;;;;;;;6.82
2026-02-17T19:58:45.136979;VisA/candle;cont_20pct_none;0.2;none;5;5;5;1;0;200;100;100;3;5;95;0.8406;0.8402;0.7849;0.0800;0.5000;-0.0502;;;;;;;;4.20
2026-02-17T19:58:49.734914;VisA/candle;cont_20pct_loo_patch;0.2;loo_patch;5;5;5;1;196;200;100;100;3;5;95;0.8549;0.8573;0.7879;0.1600;0.6000;-0.0359;0.2849;0.7500;0;0.0000;0.0000;;;4.59
2026-02-17T19:58:56.171049;VisA/candle;cont_20pct_mahalanobis_patch;0.2;mahalanobis_patch;5;5;5;1;196;200;100;100;3;5;95;0.8490;0.8451;0.7961;0.0700;0.5400;-0.0418;0.1673;0.7500;0;0.0000;0.0000;;;6.43
2026-02-17T19:59:02.995144;VisA/candle;cont_20pct_ensemble_loo_mahal;0.2;ensemble_loo_mahal;5;5;5;1;196;200;100;100;3;5;95;0.8556;0.8543;0.7937;0.0900;0.4900;-0.0352;0.2988;0.7500;0;0.0000;0.0000;;;6.82
2026-02-17T19:59:07.939559;VisA/candle;cont_30pct_none;0.3;none;5;5;5;2;0;200;100;100;3;5;95;0.8121;0.8240;0.7755;0.1300;0.4600;-0.0787;;;;;;;;4.93
2026-02-17T19:59:13.153119;VisA/candle;cont_30pct_loo_patch;0.3;loo_patch;5;5;5;2;196;200;100;100;3;5;95;0.8221;0.8381;0.7729;0.1000;0.5300;-0.0687;0.1271;0.3333;0;0.0000;0.0000;;;4.59
2026-02-17T19:59:19.838693;VisA/candle;cont_30pct_mahalanobis_patch;0.3;mahalanobis_patch;5;5;5;2;196;200;100;100;3;5;95;0.8282;0.8387;0.7692;0.1100;0.5100;-0.0626;0.2046;0.3333;0;0.0000;0.0000;;;6.68
2026-02-17T19:59:25.910888;VisA/candle;cont_30pct_ensemble_loo_mahal;0.3;ensemble_loo_mahal;5;5;5;2;196;200;100;100;3;5;95;0.8290;0.8423;0.7644;0.1100;0.5700;-0.0618;0.2147;0.3333;0;0.0000;0.0000;;;6.07
2026-02-17T19:59:30.930743;VisA/candle;cont_0pct_none;0.0;none;5;5;5;0;0;200;100;100;4;5;95;0.8853;0.8884;0.8272;0.1700;0.5900;;;;;;;;;4.90
2026-02-17T19:59:35.933750;VisA/candle;cont_0pct_loo_patch;0.0;loo_patch;5;5;5;0;196;200;100;100;4;5;95;0.8867;0.8765;0.8125;0.1100;0.5800;0.0014;;;;;;;;5.00
2026-02-17T19:59:42.559082;VisA/candle;cont_0pct_mahalanobis_patch;0.0;mahalanobis_patch;5;5;5;0;196;200;100;100;4;5;95;0.8924;0.8859;0.8241;0.1100;0.5800;0.0071;;;;;;;;5.45
2026-02-17T19:59:48.806350;VisA/candle;cont_0pct_ensemble_loo_mahal;0.0;ensemble_loo_mahal;5;5;5;0;196;200;100;100;4;5;95;0.8867;0.8792;0.8119;0.1000;0.6000;0.0014;;;;;;;;6.24
2026-02-17T19:59:53.838622;VisA/candle;cont_20pct_none;0.2;none;5;5;5;1;0;200;100;100;4;5;95;0.8757;0.8715;0.8229;0.0700;0.5900;-0.0096;;;;;;;;5.01
2026-02-17T19:59:58.919808;VisA/candle;cont_20pct_loo_patch;0.2;loo_patch;5;5;5;1;196;200;100;100;4;5;95;0.8982;0.8822;0.8241;0.1100;0.5500;0.0129;2.3438;1.0000;1;1.0000;1.0000;;;4.94
2026-02-17T20:00:05.404413;VisA/candle;cont_20pct_mahalanobis_patch;0.2;mahalanobis_patch;5;5;5;1;196;200;100;100;4;5;95;0.9076;0.8880;0.8517;0.1200;0.6800;0.0223;3.3229;1.0000;1;1.0000;1.0000;;;6.48
2026-02-17T20:00:12.099681;VisA/candle;cont_20pct_ensemble_loo_mahal;0.2;ensemble_loo_mahal;5;5;5;1;196;200;100;100;4;5;95;0.8979;0.8766;0.8458;0.1000;0.5500;0.0126;2.3125;1.0000;1;1.0000;1.0000;;;6.69
2026-02-17T20:00:17.168135;VisA/candle;cont_30pct_none;0.3;none;5;5;5;2;0;200;100;100;4;5;95;0.8869;0.8785;0.8451;0.1000;0.5700;0.0016;;;;;;;;5.05
2026-02-17T20:00:21.364178;VisA/candle;cont_30pct_loo_patch;0.3;loo_patch;5;5;5;2;196;200;100;100;4;5;95;0.8995;0.8815;0.8378;0.0800;0.5400;0.0142;-7.8750;0.8333;1;0.5000;0.5000;;;4.10
2026-02-17T20:00:28.016785;VisA/candle;cont_30pct_mahalanobis_patch;0.3;mahalanobis_patch;5;5;5;2;196;200;100;100;4;5;95;0.9100;0.8931;0.8585;0.0800;0.6100;0.0247;-14.4375;0.8333;1;0.5000;0.5000;;;6.65
2026-02-17T20:00:33.471970;VisA/candle;cont_30pct_ensemble_loo_mahal;0.3;ensemble_loo_mahal;5;5;5;2;196;200;100;100;4;5;95;0.9059;0.8856;0.8571;0.0900;0.5400;0.0206;-11.8750;0.8333;1;0.5000;0.5000;;;5.44
2026-02-17T20:00:39.485735;VisA/capsules;cont_0pct_none;0.0;none;5;5;5;0;0;160;60;100;0;5;95;0.8865;0.9118;0.8622;0.1400;0.6900;;;;;;;;;3.43
2026-02-17T20:00:43.702156;VisA/capsules;cont_0pct_loo_patch;0.0;loo_patch;5;5;5;0;196;160;60;100;0;5;95;0.8890;0.9170;0.8558;0.1800;0.6100;0.0025;;;;;;;;4.21
2026-02-17T20:00:49.878128;VisA/capsules;cont_0pct_mahalanobis_patch;0.0;mahalanobis_patch;5;5;5;0;196;160;60;100;0;5;95;0.8902;0.9169;0.8651;0.1600;0.6600;0.0037;;;;;;;;6.00
2026-02-17T20:00:55.319941;VisA/capsules;cont_0pct_ensemble_loo_mahal;0.0;ensemble_loo_mahal;5;5;5;0;196;160;60;100;0;5;95;0.8850;0.9131;0.8596;0.1700;0.5700;-0.0015;;;;;;;;5.44
2026-02-17T20:00:59.391292;VisA/capsules;cont_20pct_none;0.2;none;5;5;5;1;0;160;60;100;0;5;95;0.8672;0.9048;0.8507;0.1600;0.6600;-0.0193;;;;;;;;4.05
2026-02-17T20:01:03.665067;VisA/capsules;cont_20pct_loo_patch;0.2;loo_patch;5;5;5;1;196;160;60;100;0;5;95;0.8932;0.9169;0.8667;0.1700;0.6700;0.0067;1.3448;1.0000;1;1.0000;1.0000;;;4.16
2026-02-17T20:01:09.276698;VisA/capsules;cont_20pct_mahalanobis_patch;0.2;mahalanobis_patch;5;5;5;1;196;160;60;100;0;5;95;0.8818;0.9141;0.8522;0.1700;0.6900;-0.0047;0.7586;1.0000;1;1.0000;1.0000;;;5.61
2026-02-17T20:01:14.444823;VisA/capsules;cont_20pct_ensemble_loo_mahal;0.2;ensemble_loo_mahal;5;5;5;1;196;160;60;100;0;5;95;0.8932;0.9176;0.8558;0.1700;0.6900;0.0067;1.3448;1.0000;1;1.0000;1.0000;;;5.16
2026-02-17T20:01:18.360134;VisA/capsules;cont_30pct_none;0.3;none;5;5;5;2;0;160;60;100;0;5;95;0.8393;0.8792;0.8430;0.0900;0.5800;-0.0472;;;;;;;;3.90
2026-02-17T20:01:21.351092;VisA/capsules;cont_30pct_loo_patch;0.3;loo_patch;5;5;5;2;196;160;60;100;0;5;95;0.8752;0.8964;0.8627;0.0800;0.6100;-0.0113;0.7597;1.0000;1;1.0000;1.0000;;;2.96
2026-02-17T20:01:27.209536;VisA/capsules;cont_30pct_mahalanobis_patch;0.3;mahalanobis_patch;5;5;5;2;196;160;60;100;0;5;95;0.8610;0.8941;0.8505;0.1100;0.5700;-0.0255;0.4594;1.0000;1;1.0000;1.0000;;;5.85
2026-02-17T20:01:32.757035;VisA/capsules;cont_30pct_ensemble_loo_mahal;0.3;ensemble_loo_mahal;5;5;5;2;196;160;60;100;0;5;95;0.8729;0.9032;0.8545;0.1200;0.5600;-0.0136;0.7120;1.0000;1;1.0000;1.0000;;;5.54
2026-02-17T20:01:36.755627;VisA/capsules;cont_0pct_none;0.0;none;5;5;5;0;0;160;60;100;1;5;95;0.8740;0.8939;0.8491;0.0800;0.6000;;;;;;;;;3.84
2026-02-17T20:01:40.919706;VisA/capsules;cont_0pct_loo_patch;0.0;loo_patch;5;5;5;0;196;160;60;100;1;5;95;0.8658;0.8843;0.8649;0.1000;0.3800;-0.0082;;;;;;;;4.16
2026-02-17T20:01:46.961108;VisA/capsules;cont_0pct_mahalanobis_patch;0.0;mahalanobis_patch;5;5;5;0;196;160;60;100;1;5;95;0.8695;0.8902;0.8586;0.1100;0.5100;-0.0045;;;;;;;;5.79
2026-02-17T20:01:52.789230;VisA/capsules;cont_0pct_ensemble_loo_mahal;0.0;ensemble_loo_mahal;5;5;5;0;196;160;60;100;1;5;95;0.8655;0.8862;0.8519;0.0900;0.4400;-0.0085;;;;;;;;5.82
2026-02-17T20:01:56.737107;VisA/capsules;cont_20pct_none;0.2;none;5;5;5;1;0;160;60;100;1;5;95;0.8528;0.8914;0.8462;0.0900;0.5600;-0.0212;;;;;;;;3.93
2026-02-17T20:02:00.748798;VisA/capsules;cont_20pct_loo_patch;0.2;loo_patch;5;5;5;1;196;160;60;100;1;5;95;0.8342;0.8827;0.8406;0.1200;0.5200;-0.0398;-0.8819;0.0000;0;0.0000;0.0000;;;4.01
2026-02-17T20:02:06.748297;VisA/capsules;cont_20pct_mahalanobis_patch;0.2;mahalanobis_patch;5;5;5;1;196;160;60;100;1;5;95;0.8322;0.8821;0.8442;0.1300;0.4900;-0.0418;-0.9764;0.0000;0;0.0000;0.0000;;;5.99
2026-02-17T20:02:12.838201;VisA/capsules;cont_20pct_ensemble_loo_mahal;0.2;ensemble_loo_mahal;5;5;5;1;196;160;60;100;1;5;95;0.8440;0.8927;0.8557;0.1400;0.5400;-0.0300;-0.4173;0.0000;0;0.0000;0.0000;;;6.08
2026-02-17T20:02:15.802623;VisA/capsules;cont_30pct_none;0.3;none;5;5;5;2;0;160;60;100;1;5;95;0.7907;0.8526;0.8131;0.0700;0.4800;-0.0833;;;;;;;;2.95
2026-02-17T20:02:19.962716;VisA/capsules;cont_30pct_loo_patch;0.3;loo_patch;5;5;5;2;196;160;60;100;1;5;95;0.8037;0.8664;0.8223;0.1100;0.4700;-0.0703;0.1560;0.5000;1;0.5000;0.5000;;;4.15
2026-02-17T20:02:25.507501;VisA/capsules;cont_30pct_mahalanobis_patch;0.3;mahalanobis_patch;5;5;5;2;196;160;60;100;1;5;95;0.7950;0.8605;0.8093;0.1000;0.4400;-0.0790;0.0520;0.5000;1;0.5000;0.5000;;;5.36
2026-02-17T20:02:31.445054;VisA/capsules;cont_30pct_ensemble_loo_mahal;0.3;ensemble_loo_mahal;5;5;5;2;196;160;60;100;1;5;95;0.8060;0.8659;0.8272;0.1000;0.4700;-0.0680;0.1840;0.5000;1;0.5000;0.5000;;;5.93
2026-02-17T20:02:35.606359;VisA/capsules;cont_0pct_none;0.0;none;5;5;5;0;0;160;60;100;2;5;95;0.8327;0.8816;0.8318;0.1300;0.5300;;;;;;;;;4.00
2026-02-17T20:02:39.418989;VisA/capsules;cont_0pct_loo_patch;0.0;loo_patch;5;5;5;0;196;160;60;100;2;5;95;0.8288;0.8804;0.8406;0.1300;0.4500;-0.0038;;;;;;;;3.81
2026-02-17T20:02:45.685406;VisA/capsules;cont_0pct_mahalanobis_patch;0.0;mahalanobis_patch;5;5;5;0;196;160;60;100;2;5;95;0.8270;0.8789;0.8311;0.1100;0.4600;-0.0057;;;;;;;;6.17
2026-02-17T20:02:51.530481;VisA/capsules;cont_0pct_ensemble_loo_mahal;0.0;ensemble_loo_mahal;5;5;5;0;196;160;60;100;2;5;95;0.8295;0.8805;0.8293;0.1100;0.4800;-0.0032;;;;;;;;5.84
2026-02-17T20:02:54.957411;VisA/capsules;cont_20pct_none;0.2;none;5;5;5;1;0;160;60;100;2;5;95;0.7457;0.8299;0.7946;0.1000;0.3600;-0.0870;;;;;;;;3.41
2026-02-17T20:02:58.659897;VisA/capsules;cont_20pct_loo_patch;0.2;loo_patch;5;5;5;1;196;160;60;100;2;5;95;0.7744;0.8511;0.8035;0.1000;0.4300;-0.0583;0.3305;1.0000;1;1.0000;1.0000;;;3.70
2026-02-17T20:03:04.490954;VisA/capsules;cont_20pct_mahalanobis_patch;0.2;mahalanobis_patch;5;5;5;1;196;160;60;100;2;5;95;0.7627;0.8422;0.7964;0.1100;0.3800;-0.0700;0.1954;1.0000;1;1.0000;1.0000;;;5.83
2026-02-17T20:03:09.496867;VisA/capsules;cont_20pct_ensemble_loo_mahal;0.2;ensemble_loo_mahal;5;5;5;1;196;160;60;100;2;5;95;0.7720;0.8464;0.8018;0.1100;0.3900;-0.0607;0.3027;1.0000;1;1.0000;1.0000;;;5.00
2026-02-17T20:03:13.529108;VisA/capsules;cont_30pct_none;0.3;none;5;5;5;2;0;160;60;100;2;5;95;0.8075;0.8683;0.8224;0.0700;0.4600;-0.0252;;;;;;;;4.01
2026-02-17T20:03:17.613518;VisA/capsules;cont_30pct_loo_patch;0.3;loo_patch;5;5;5;2;196;160;60;100;2;5;95;0.8065;0.8721;0.8131;0.0900;0.4900;-0.0262;-0.0397;0.5000;1;0.5000;0.5000;;;3.76
2026-02-17T20:03:23.461350;VisA/capsules;cont_30pct_mahalanobis_patch;0.3;mahalanobis_patch;5;5;5;2;196;160;60;100;2;5;95;0.8225;0.8817;0.8283;0.1000;0.5000;-0.0102;0.5960;0.5000;1;0.5000;0.5000;;;5.84
2026-02-17T20:03:29.252416;VisA/capsules;cont_30pct_ensemble_loo_mahal;0.3;ensemble_loo_mahal;5;5;5;2;196;160;60;100;2;5;95;0.8228;0.8822;0.8279;0.1200;0.5000;-0.0098;0.6093;0.5000;1;0.5000;0.5000;;;5.79
2026-02-17T20:03:33.036115;VisA/capsules;cont_0pct_none;0.0;none;5;5;5;0;0;160;60;100;3;5;95;0.8920;0.9120;0.8768;0.0600;0.6500;;;;;;;;;3.65
2026-02-17T20:03:36.921776;VisA/capsules;cont_0pct_loo_patch;0.0;loo_patch;5;5;5;0;196;160;60;100;3;5;95;0.8997;0.9212;0.8768;0.1400;0.6900;0.0077;;;;;;;;3.88
2026-02-17T20:03:42.985559;VisA/capsules;cont_0pct_mahalanobis_patch;0.0;mahalanobis_patch;5;5;5;0;196;160;60;100;3;5;95;0.8985;0.9201;0.8785;0.1300;0.5900;0.0065;;;;;;;;5.87
2026-02-17T20:03:48.372137;VisA/capsules;cont_0pct_ensemble_loo_mahal;0.0;ensemble_loo_mahal;5;5;5;0;196;160;60;100;3;5;95;0.8948;0.9182;0.8788;0.1400;0.6400;0.0028;;;;;;;;5.38
2026-02-17T20:03:51.670705;VisA/capsules;cont_20pct_none;0.2;none;5;5;5;1;0;160;60;100;3;5;95;0.8740;0.8985;0.8571;0.0800;0.6800;-0.0180;;;;;;;;3.29
2026-02-17T20:03:55.798481;VisA/capsules;cont_20pct_loo_patch;0.2;loo_patch;5;5;5;1;196;160;60;100;3;5;95;0.8828;0.9130;0.8615;0.1500;0.6500;-0.0092;0.4907;1.0000;1;1.0000;1.0000;;;4.12
2026-02-17T20:04:00.527710;VisA/capsules;cont_20pct_mahalanobis_patch;0.2;mahalanobis_patch;5;5;5;1;196;160;60;100;3;5;95;0.8725;0.9105;0.8571;0.1300;0.6200;-0.0195;-0.0833;1.0000;1;1.0000;1.0000;;;4.63
2026-02-17T20:04:06.380299;VisA/capsules;cont_20pct_ensemble_loo_mahal;0.2;ensemble_loo_mahal;5;5;5;1;196;160;60;100;3;5;95;0.8878;0.9173;0.8601;0.1500;0.6600;-0.0042;0.7685;1.0000;1;1.0000;1.0000;;;5.85
2026-02-17T20:04:09.840630;VisA/capsules;cont_30pct_none;0.3;none;5;5;5;2;0;160;60;100;3;5;95;0.8222;0.8704;0.8293;0.1100;0.4900;-0.0698;;;;;;;;3.45
2026-02-17T20:04:14.403395;VisA/capsules;cont_30pct_loo_patch;0.3;loo_patch;5;5;5;2;196;160;60;100;3;5;95;0.8260;0.8785;0.8219;0.1100;0.5300;-0.0660;0.0549;1.0000;1;1.0000;1.0000;;;4.23
2026-02-17T20:04:20.257192;VisA/capsules;cont_30pct_mahalanobis_patch;0.3;mahalanobis_patch;5;5;5;2;196;160;60;100;3;5;95;0.8203;0.8837;0.8128;0.1300;0.5500;-0.0717;-0.0263;1.0000;1;1.0000;1.0000;;;5.85
2026-02-17T20:04:25.519006;VisA/capsules;cont_30pct_ensemble_loo_mahal;0.3;ensemble_loo_mahal;5;5;5;2;196;160;60;100;3;5;95;0.8177;0.8787;0.8116;0.1400;0.5200;-0.0743;-0.0644;1.0000;1;1.0000;1.0000;;;5.25
2026-02-17T20:04:29.588642;VisA/capsules;cont_0pct_none;0.0;none;5;5;5;0;0;160;60;100;4;5;95;0.8288;0.8836;0.8113;0.1100;0.5400;;;;;;;;;3.92
2026-02-17T20:04:33.727784;VisA/capsules;cont_0pct_loo_patch;0.0;loo_patch;5;5;5;0;196;160;60;100;4;5;95;0.8172;0.8811;0.8182;0.1500;0.4900;-0.0117;;;;;;;;4.13
2026-02-17T20:04:39.067039;VisA/capsules;cont_0pct_mahalanobis_patch;0.0;mahalanobis_patch;5;5;5;0;196;160;60;100;4;5;95;0.8225;0.8866;0.8182;0.1700;0.5000;-0.0063;;;;;;;;5.10
2026-02-17T20:04:45.220124;VisA/capsules;cont_0pct_ensemble_loo_mahal;0.0;ensemble_loo_mahal;5;5;5;0;196;160;60;100;4;5;95;0.8152;0.8811;0.8182;0.1600;0.4800;-0.0137;;;;;;;;6.15
2026-02-17T20:04:48.457593;VisA/capsules;cont_20pct_none;0.2;none;5;5;5;1;0;160;60;100;4;5;95;0.8275;0.8841;0.8182;0.1500;0.5000;-0.0013;;;;;;;;3.23
2026-02-17T20:04:52.256006;VisA/capsules;cont_20pct_loo_patch;0.2;loo_patch;5;5;5;1;196;160;60;100;4;5;95;0.8200;0.8849;0.8060;0.2200;0.5800;-0.0088;-5.6250;0.5000;0;0.0000;0.0000;;;3.79
2026-02-17T20:04:57.383961;VisA/capsules;cont_20pct_mahalanobis_patch;0.2;mahalanobis_patch;5;5;5;1;196;160;60;100;4;5;95;0.8285;0.8892;0.8252;0.1600;0.5000;-0.0003;0.7500;0.5000;0;0.0000;0.0000;;;5.12
2026-02-17T20:05:03.238377;VisA/capsules;cont_20pct_ensemble_loo_mahal;0.2;ensemble_loo_mahal;5;5;5;1;196;160;60;100;4;5;95;0.8257;0.8865;0.8141;0.1500;0.4900;-0.0032;-1.3750;0.5000;0;0.0000;0.0000;;;5.85
2026-02-17T20:05:07.370294;VisA/capsules;cont_30pct_none;0.3;none;5;5;5;2;0;160;60;100;4;5;95;0.7513;0.8404;0.7769;0.1300;0.4700;-0.0775;;;;;;;;4.12
2026-02-17T20:05:12.471959;VisA/capsules;cont_30pct_loo_patch;0.3;loo_patch;5;5;5;2;196;160;60;100;4;5;95;0.7585;0.8513;0.7727;0.1500;0.3900;-0.0703;0.0925;0.6667;0;0.5000;0.5000;;;4.02
2026-02-17T20:05:18.733622;VisA/capsules;cont_30pct_mahalanobis_patch;0.3;mahalanobis_patch;5;5;5;2;196;160;60;100;4;5;95;0.7767;0.8599;0.7892;0.1500;0.4500;-0.0522;0.3269;0.6667;0;0.5000;0.5000;;;6.17
2026-02-17T20:05:24.562716;VisA/capsules;cont_30pct_ensemble_loo_mahal;0.3;ensemble_loo_mahal;5;5;5;2;196;160;60;100;4;5;95;0.7633;0.8561;0.7839;0.1800;0.4200;-0.0655;0.1548;0.6667;0;0.5000;0.5000;;;5.82
2026-02-17T20:05:29.658710;VisA/cashew;cont_0pct_none;0.0;none;5;5;5;0;0;150;50;100;0;5;95;0.9184;0.9558;0.9038;0.4000;0.7100;;;;;;;;;3.10
2026-02-17T20:05:33.560731;VisA/cashew;cont_0pct_loo_patch;0.0;loo_patch;5;5;5;0;196;150;50;100;0;5;95;0.9046;0.9480;0.8991;0.3500;0.6600;-0.0138;;;;;;;;3.90
2026-02-17T20:05:39.396284;VisA/cashew;cont_0pct_mahalanobis_patch;0.0;mahalanobis_patch;5;5;5;0;196;150;50;100;0;5;95;0.8994;0.9451;0.8932;0.3700;0.6100;-0.0190;;;;;;;;5.73
2026-02-17T20:05:43.822027;VisA/cashew;cont_0pct_ensemble_loo_mahal;0.0;ensemble_loo_mahal;5;5;5;0;196;150;50;100;0;5;95;0.9008;0.9454;0.8900;0.3300;0.6300;-0.0176;;;;;;;;4.42
2026-02-17T20:05:47.614340;VisA/cashew;cont_20pct_none;0.2;none;5;5;5;1;0;150;50;100;0;5;95;0.8798;0.9377;0.8846;0.3800;0.5800;-0.0386;;;;;;;;3.78
2026-02-17T20:05:51.287668;VisA/cashew;cont_20pct_loo_patch;0.2;loo_patch;5;5;5;1;196;150;50;100;0;5;95;0.8910;0.9421;0.8857;0.3300;0.6200;-0.0274;0.2902;1.0000;1;1.0000;1.0000;;;3.59
2026-02-17T20:05:57.057713;VisA/cashew;cont_20pct_mahalanobis_patch;0.2;mahalanobis_patch;5;5;5;1;196;150;50;100;0;5;95;0.8868;0.9407;0.8824;0.3800;0.6000;-0.0316;0.1813;1.0000;1;1.0000;1.0000;;;5.76
2026-02-17T20:06:02.585351;VisA/cashew;cont_20pct_ensemble_loo_mahal;0.2;ensemble_loo_mahal;5;5;5;1;196;150;50;100;0;5;95;0.8858;0.9374;0.8932;0.2900;0.5900;-0.0326;0.1554;1.0000;1;1.0000;1.0000;;;5.52
2026-02-17T20:06:06.218358;VisA/cashew;cont_30pct_none;0.3;none;5;5;5;2;0;150;50;100;0;5;95;0.8452;0.9245;0.8557;0.3900;0.5100;-0.0732;;;;;;;;3.62
2026-02-17T20:06:09.893815;VisA/cashew;cont_30pct_loo_patch;0.3;loo_patch;5;5;5;2;196;150;50;100;0;5;95;0.8574;0.9298;0.8599;0.4100;0.5000;-0.0610;0.1667;1.0000;1;1.0000;1.0000;;;3.67
2026-02-17T20:06:15.811187;VisA/cashew;cont_30pct_mahalanobis_patch;0.3;mahalanobis_patch;5;5;5;2;196;150;50;100;0;5;95;0.8492;0.9248;0.8529;0.3900;0.4900;-0.0692;0.0546;1.0000;1;1.0000;1.0000;;;5.83
2026-02-17T20:06:21.173475;VisA/cashew;cont_30pct_ensemble_loo_mahal;0.3;ensemble_loo_mahal;5;5;5;2;196;150;50;100;0;5;95;0.8564;0.9276;0.8627;0.4100;0.4800;-0.0620;0.1530;1.0000;1;1.0000;1.0000;;;5.36
2026-02-17T20:06:24.375564;VisA/cashew;cont_0pct_none;0.0;none;5;5;5;0;0;150;50;100;1;5;95;0.8988;0.9342;0.9116;0.1800;0.5400;;;;;;;;;3.07
2026-02-17T20:06:28.309318;VisA/cashew;cont_0pct_loo_patch;0.0;loo_patch;5;5;5;0;196;150;50;100;1;5;95;0.8994;0.9383;0.8930;0.2400;0.6100;0.0006;;;;;;;;3.93
2026-02-17T20:06:34.079876;VisA/cashew;cont_0pct_mahalanobis_patch;0.0;mahalanobis_patch;5;5;5;0;196;150;50;100;1;5;95;0.8854;0.9335;0.8826;0.2700;0.6000;-0.0134;;;;;;;;5.65
2026-02-17T20:06:40.251544;VisA/cashew;cont_0pct_ensemble_loo_mahal;0.0;ensemble_loo_mahal;5;5;5;0;196;150;50;100;1;5;95;0.8960;0.9402;0.8879;0.2400;0.5800;-0.0028;;;;;;;;6.17
2026-02-17T20:06:43.984565;VisA/cashew;cont_20pct_none;0.2;none;5;5;5;1;0;150;50;100;1;5;95;0.8698;0.9203;0.8812;0.1500;0.5300;-0.0290;;;;;;;;3.72
2026-02-17T20:06:47.518548;VisA/cashew;cont_20pct_loo_patch;0.2;loo_patch;5;5;5;1;196;150;50;100;1;5;95;0.8764;0.9302;0.8750;0.2400;0.6300;-0.0224;0.2276;0.5000;0;0.0000;0.0000;;;3.33
2026-02-17T20:06:52.818371;VisA/cashew;cont_20pct_mahalanobis_patch;0.2;mahalanobis_patch;5;5;5;1;196;150;50;100;1;5;95;0.8716;0.9267;0.8750;0.2600;0.6000;-0.0272;0.0621;0.5000;0;0.0000;0.0000;;;5.30
2026-02-17T20:06:58.139625;VisA/cashew;cont_20pct_ensemble_loo_mahal;0.2;ensemble_loo_mahal;5;5;5;1;196;150;50;100;1;5;95;0.8750;0.9283;0.8812;0.2400;0.5800;-0.0238;0.1793;0.5000;0;0.0000;0.0000;;;5.32
2026-02-17T20:07:01.647599;VisA/cashew;cont_30pct_none;0.3;none;5;5;5;2;0;150;50;100;1;5;95;0.8460;0.9124;0.8785;0.1900;0.4700;-0.0528;;;;;;;;3.49
2026-02-17T20:07:05.715723;VisA/cashew;cont_30pct_loo_patch;0.3;loo_patch;5;5;5;2;196;150;50;100;1;5;95;0.8560;0.9197;0.8768;0.2400;0.5900;-0.0428;0.1894;0.6667;1;0.5000;0.5000;;;3.90
2026-02-17T20:07:11.347393;VisA/cashew;cont_30pct_mahalanobis_patch;0.3;mahalanobis_patch;5;5;5;2;196;150;50;100;1;5;95;0.8460;0.9176;0.8585;0.2700;0.6300;-0.0528;0.0000;0.6667;1;0.5000;0.5000;;;5.63
2026-02-17T20:07:16.269864;VisA/cashew;cont_30pct_ensemble_loo_mahal;0.3;ensemble_loo_mahal;5;5;5;2;196;150;50;100;1;5;95;0.8522;0.9178;0.8657;0.2100;0.5900;-0.0466;0.1174;0.6667;1;0.5000;0.5000;;;4.92
2026-02-17T20:07:19.752999;VisA/cashew;cont_0pct_none;0.0;none;5;5;5;0;0;150;50;100;2;5;95;0.9182;0.9507;0.9259;0.3300;0.6100;;;;;;;;;3.36
2026-02-17T20:07:23.553842;VisA/cashew;cont_0pct_loo_patch;0.0;loo_patch;5;5;5;0;196;150;50;100;2;5;95;0.9152;0.9502;0.9194;0.3400;0.6400;-0.0030;;;;;;;;3.79
2026-02-17T20:07:27.921282;VisA/cashew;cont_0pct_mahalanobis_patch;0.0;mahalanobis_patch;5;5;5;0;196;150;50;100;2;5;95;0.9082;0.9469;0.8995;0.3300;0.6500;-0.0100;;;;;;;;4.20
2026-02-17T20:07:33.373933;VisA/cashew;cont_0pct_ensemble_loo_mahal;0.0;ensemble_loo_mahal;5;5;5;0;196;150;50;100;2;5;95;0.9112;0.9459;0.9083;0.2700;0.5900;-0.0070;;;;;;;;5.45
2026-02-17T20:07:36.666649;VisA/cashew;cont_20pct_none;0.2;none;5;5;5;1;0;150;50;100;2;5;95;0.8868;0.9363;0.8932;0.3500;0.5000;-0.0314;;;;;;;;3.28
2026-02-17T20:07:41.075327;VisA/cashew;cont_20pct_loo_patch;0.2;loo_patch;5;5;5;1;196;150;50;100;2;5;95;0.8984;0.9404;0.8910;0.2900;0.5600;-0.0198;0.3694;1.0000;1;1.0000;1.0000;;;3.91
2026-02-17T20:07:46.685575;VisA/cashew;cont_20pct_mahalanobis_patch;0.2;mahalanobis_patch;5;5;5;1;196;150;50;100;2;5;95;0.8936;0.9392;0.8962;0.3200;0.5300;-0.0246;0.2166;1.0000;1;1.0000;1.0000;;;5.60
2026-02-17T20:07:52.155109;VisA/cashew;cont_20pct_ensemble_loo_mahal;0.2;ensemble_loo_mahal;5;5;5;1;196;150;50;100;2;5;95;0.9018;0.9425;0.8991;0.3100;0.5500;-0.0164;0.4777;1.0000;1;1.0000;1.0000;;;5.46
2026-02-17T20:07:55.941610;VisA/cashew;cont_30pct_none;0.3;none;5;5;5;2;0;150;50;100;2;5;95;0.8608;0.9175;0.8725;0.2100;0.3800;-0.0574;;;;;;;;3.77
2026-02-17T20:07:59.994899;VisA/cashew;cont_30pct_loo_patch;0.3;loo_patch;5;5;5;2;196;150;50;100;2;5;95;0.8666;0.9228;0.8756;0.2500;0.3900;-0.0516;0.1010;1.0000;1;1.0000;1.0000;;;3.85
2026-02-17T20:08:04.697844;VisA/cashew;cont_30pct_mahalanobis_patch;0.3;mahalanobis_patch;5;5;5;2;196;150;50;100;2;5;95;0.8670;0.9248;0.8667;0.2700;0.4400;-0.0512;0.1080;1.0000;1;1.0000;1.0000;;;4.69
2026-02-17T20:08:10.575987;VisA/cashew;cont_30pct_ensemble_loo_mahal;0.3;ensemble_loo_mahal;5;5;5;2;196;150;50;100;2;5;95;0.8662;0.9239;0.8725;0.2900;0.4200;-0.0520;0.0941;1.0000;1;1.0000;1.0000;;;5.87
2026-02-17T20:08:13.572867;VisA/cashew;cont_0pct_none;0.0;none;5;5;5;0;0;150;50;100;3;5;95;0.8964;0.9391;0.8932;0.2800;0.5700;;;;;;;;;2.85
2026-02-17T20:08:17.150486;VisA/cashew;cont_0pct_loo_patch;0.0;loo_patch;5;5;5;0;196;150;50;100;3;5;95;0.8864;0.9377;0.8824;0.3500;0.5800;-0.0100;;;;;;;;3.57
2026-02-17T20:08:22.273905;VisA/cashew;cont_0pct_mahalanobis_patch;0.0;mahalanobis_patch;5;5;5;0;196;150;50;100;3;5;95;0.8792;0.9339;0.8744;0.2900;0.6100;-0.0172;;;;;;;;5.12
2026-02-17T20:08:27.828053;VisA/cashew;cont_0pct_ensemble_loo_mahal;0.0;ensemble_loo_mahal;5;5;5;0;196;150;50;100;3;5;95;0.8820;0.9380;0.8750;0.3400;0.6100;-0.0144;;;;;;;;5.55
2026-02-17T20:08:31.451911;VisA/cashew;cont_20pct_none;0.2;none;5;5;5;1;0;150;50;100;3;5;95;0.8546;0.9194;0.8626;0.3100;0.4400;-0.0418;;;;;;;;3.61
2026-02-17T20:08:35.493161;VisA/cashew;cont_20pct_loo_patch;0.2;loo_patch;5;5;5;1;196;150;50;100;3;5;95;0.8490;0.9203;0.8571;0.2800;0.5100;-0.0474;-0.1340;1.0000;1;1.0000;1.0000;;;3.92
2026-02-17T20:08:41.333794;VisA/cashew;cont_20pct_mahalanobis_patch;0.2;mahalanobis_patch;5;5;5;1;196;150;50;100;3;5;95;0.8624;0.9256;0.8708;0.2800;0.5400;-0.0340;0.1866;1.0000;1;1.0000;1.0000;;;5.83
2026-02-17T20:08:47.128494;VisA/cashew;cont_20pct_ensemble_loo_mahal;0.2;ensemble_loo_mahal;5;5;5;1;196;150;50;100;3;5;95;0.8454;0.9182;0.8476;0.2900;0.5300;-0.0510;-0.2201;1.0000;1;1.0000;1.0000;;;5.79
2026-02-17T20:08:50.911492;VisA/cashew;cont_30pct_none;0.3;none;5;5;5;2;0;150;50;100;3;5;95;0.8044;0.8933;0.8426;0.2200;0.4600;-0.0920;;;;;;;;3.77
2026-02-17T20:08:53.868339;VisA/cashew;cont_30pct_loo_patch;0.3;loo_patch;5;5;5;2;196;150;50;100;3;5;95;0.8146;0.8981;0.8519;0.2400;0.5000;-0.0818;0.1109;1.0000;1;1.0000;1.0000;;;2.86
2026-02-17T20:08:59.519555;VisA/cashew;cont_30pct_mahalanobis_patch;0.3;mahalanobis_patch;5;5;5;2;196;150;50;100;3;5;95;0.8014;0.8933;0.8407;0.2200;0.4500;-0.0950;-0.0326;1.0000;1;1.0000;1.0000;;;5.64
2026-02-17T20:09:04.849713;VisA/cashew;cont_30pct_ensemble_loo_mahal;0.3;ensemble_loo_mahal;5;5;5;2;196;150;50;100;3;5;95;0.7976;0.8882;0.8482;0.2200;0.4800;-0.0988;-0.0739;1.0000;1;1.0000;1.0000;;;5.33
2026-02-17T20:09:08.304181;VisA/cashew;cont_0pct_none;0.0;none;5;5;5;0;0;150;50;100;4;5;95;0.9068;0.9446;0.9108;0.3000;0.5100;;;;;;;;;3.34
2026-02-17T20:09:12.145093;VisA/cashew;cont_0pct_loo_patch;0.0;loo_patch;5;5;5;0;196;150;50;100;4;5;95;0.9022;0.9423;0.9187;0.2900;0.5600;-0.0046;;;;;;;;3.84
2026-02-17T20:09:17.776812;VisA/cashew;cont_0pct_mahalanobis_patch;0.0;mahalanobis_patch;5;5;5;0;196;150;50;100;4;5;95;0.9022;0.9438;0.8952;0.3000;0.5300;-0.0046;;;;;;;;5.51
2026-02-17T20:09:23.412621;VisA/cashew;cont_0pct_ensemble_loo_mahal;0.0;ensemble_loo_mahal;5;5;5;0;196;150;50;100;4;5;95;0.9054;0.9465;0.9091;0.3200;0.5900;-0.0014;;;;;;;;5.63
2026-02-17T20:09:27.125386;VisA/cashew;cont_20pct_none;0.2;none;5;5;5;1;0;150;50;100;4;5;95;0.8858;0.9346;0.8995;0.3400;0.5300;-0.0210;;;;;;;;3.70
2026-02-17T20:09:30.666258;VisA/cashew;cont_20pct_loo_patch;0.2;loo_patch;5;5;5;1;196;150;50;100;4;5;95;0.9008;0.9445;0.8995;0.3700;0.5300;-0.0060;0.7143;1.0000;1;1.0000;1.0000;;;3.43
2026-02-17T20:09:36.201816;VisA/cashew;cont_20pct_mahalanobis_patch;0.2;mahalanobis_patch;5;5;5;1;196;150;50;100;4;5;95;0.8918;0.9408;0.8995;0.3800;0.5900;-0.0150;0.2857;1.0000;1;1.0000;1.0000;;;5.53
2026-02-17T20:09:41.887677;VisA/cashew;cont_20pct_ensemble_loo_mahal;0.2;ensemble_loo_mahal;5;5;5;1;196;150;50;100;4;5;95;0.9006;0.9458;0.9029;0.3900;0.6100;-0.0062;0.7048;1.0000;1;1.0000;1.0000;;;5.68
2026-02-17T20:09:44.632621;VisA/cashew;cont_30pct_none;0.3;none;5;5;5;2;0;150;50;100;4;5;95;0.8712;0.9283;0.8826;0.3100;0.5100;-0.0356;;;;;;;;2.73
2026-02-17T20:09:48.635154;VisA/cashew;cont_30pct_loo_patch;0.3;loo_patch;5;5;5;2;196;150;50;100;4;5;95;0.8758;0.9301;0.8815;0.2800;0.4800;-0.0310;0.1292;1.0000;1;1.0000;1.0000;;;4.00
2026-02-17T20:09:54.352108;VisA/cashew;cont_30pct_mahalanobis_patch;0.3;mahalanobis_patch;5;5;5;2;196;150;50;100;4;5;95;0.8824;0.9325;0.8857;0.2600;0.5600;-0.0244;0.3146;1.0000;1;1.0000;1.0000;;;5.71
2026-02-17T20:09:58.662329;VisA/cashew;cont_30pct_ensemble_loo_mahal;0.3;ensemble_loo_mahal;5;5;5;2;196;150;50;100;4;5;95;0.8798;0.9311;0.8837;0.3000;0.5000;-0.0270;0.2416;1.0000;1;1.0000;1.0000;;;4.31
2026-02-17T20:10:04.197794;VisA/chewinggum;cont_0pct_none;0.0;none;5;5;5;0;0;150;50;100;0;5;95;0.9574;0.9788;0.9360;0.5500;0.8700;;;;;;;;;3.53
2026-02-17T20:10:07.813354;VisA/chewinggum;cont_0pct_loo_patch;0.0;loo_patch;5;5;5;0;196;150;50;100;0;5;95;0.9524;0.9758;0.9171;0.6100;0.8000;-0.0050;;;;;;;;3.61
2026-02-17T20:10:13.983878;VisA/chewinggum;cont_0pct_mahalanobis_patch;0.0;mahalanobis_patch;5;5;5;0;196;150;50;100;0;5;95;0.9636;0.9813;0.9394;0.6100;0.8400;0.0062;;;;;;;;5.45
2026-02-17T20:10:19.419932;VisA/chewinggum;cont_0pct_ensemble_loo_mahal;0.0;ensemble_loo_mahal;5;5;5;0;196;150;50;100;0;5;95;0.9600;0.9792;0.9289;0.6100;0.8100;0.0026;;;;;;;;5.43
2026-02-17T20:10:23.200583;VisA/chewinggum;cont_20pct_none;0.2;none;5;5;5;1;0;150;50;100;0;5;95;0.9310;0.9680;0.8995;0.5400;0.7900;-0.0264;;;;;;;;3.77
2026-02-17T20:10:27.272524;VisA/chewinggum;cont_20pct_loo_patch;0.2;loo_patch;5;5;5;1;196;150;50;100;0;5;95;0.9440;0.9725;0.9126;0.5700;0.7700;-0.0134;0.4924;1.0000;1;1.0000;1.0000;;;3.95
2026-02-17T20:10:33.152979;VisA/chewinggum;cont_20pct_mahalanobis_patch;0.2;mahalanobis_patch;5;5;5;1;196;150;50;100;0;5;95;0.9468;0.9734;0.9151;0.5400;0.8200;-0.0106;0.5985;1.0000;1;1.0000;1.0000;;;5.87
2026-02-17T20:10:37.576665;VisA/chewinggum;cont_20pct_ensemble_loo_mahal;0.2;ensemble_loo_mahal;5;5;5;1;196;150;50;100;0;5;95;0.9496;0.9748;0.9238;0.5400;0.8500;-0.0078;0.7045;1.0000;1;1.0000;1.0000;;;4.42
2026-02-17T20:10:41.352546;VisA/chewinggum;cont_30pct_none;0.3;none;5;5;5;2;0;150;50;100;0;5;95;0.9128;0.9582;0.8889;0.5000;0.7400;-0.0446;;;;;;;;3.76
2026-02-17T20:10:44.525158;VisA/chewinggum;cont_30pct_loo_patch;0.3;loo_patch;5;5;5;2;196;150;50;100;0;5;95;0.9330;0.9654;0.9143;0.5000;0.6700;-0.0244;0.4529;1.0000;1;1.0000;1.0000;;;2.94
2026-02-17T20:10:50.119114;VisA/chewinggum;cont_30pct_mahalanobis_patch;0.3;mahalanobis_patch;5;5;5;2;196;150;50;100;0;5;95;0.9352;0.9679;0.9029;0.5200;0.7600;-0.0222;0.5022;1.0000;1;1.0000;1.0000;;;5.58
2026-02-17T20:10:55.631153;VisA/chewinggum;cont_30pct_ensemble_loo_mahal;0.3;ensemble_loo_mahal;5;5;5;2;196;150;50;100;0;5;95;0.9390;0.9686;0.9135;0.5100;0.7600;-0.0184;0.5874;1.0000;1;1.0000;1.0000;;;5.50
2026-02-17T20:10:59.514483;VisA/chewinggum;cont_0pct_none;0.0;none;5;5;5;0;0;150;50;100;1;5;95;0.9382;0.9690;0.9083;0.6000;0.7600;;;;;;;;;3.70
2026-02-17T20:11:03.685168;VisA/chewinggum;cont_0pct_loo_patch;0.0;loo_patch;5;5;5;0;196;150;50;100;1;5;95;0.9418;0.9709;0.9023;0.6000;0.7800;0.0036;;;;;;;;4.02
2026-02-17T20:11:09.298045;VisA/chewinggum;cont_0pct_mahalanobis_patch;0.0;mahalanobis_patch;5;5;5;0;196;150;50;100;1;5;95;0.9392;0.9697;0.9065;0.6100;0.7500;0.0010;;;;;;;;5.52
2026-02-17T20:11:14.705947;VisA/chewinggum;cont_0pct_ensemble_loo_mahal;0.0;ensemble_loo_mahal;5;5;5;0;196;150;50;100;1;5;95;0.9352;0.9680;0.9005;0.6000;0.7700;-0.0030;;;;;;;;5.40
2026-02-17T20:11:18.585495;VisA/chewinggum;cont_20pct_none;0.2;none;5;5;5;1;0;150;50;100;1;5;95;0.9230;0.9632;0.8991;0.5800;0.7600;-0.0152;;;;;;;;3.87
2026-02-17T20:11:22.333866;VisA/chewinggum;cont_20pct_loo_patch;0.2;loo_patch;5;5;5;1;196;150;50;100;1;5;95;0.9290;0.9654;0.9041;0.6100;0.7500;-0.0092;0.3947;1.0000;1;1.0000;1.0000;;;3.64
2026-02-17T20:11:27.252338;VisA/chewinggum;cont_20pct_mahalanobis_patch;0.2;mahalanobis_patch;5;5;5;1;196;150;50;100;1;5;95;0.9288;0.9656;0.8972;0.6000;0.7700;-0.0094;0.3816;1.0000;1;1.0000;1.0000;;;4.91
2026-02-17T20:11:32.149111;VisA/chewinggum;cont_20pct_ensemble_loo_mahal;0.2;ensemble_loo_mahal;5;5;5;1;196;150;50;100;1;5;95;0.9280;0.9650;0.8981;0.5900;0.7600;-0.0102;0.3289;1.0000;1;1.0000;1.0000;;;4.89
2026-02-17T20:11:35.931550;VisA/chewinggum;cont_30pct_none;0.3;none;5;5;5;2;0;150;50;100;1;5;95;0.9080;0.9558;0.8972;0.5100;0.7000;-0.0302;;;;;;;;3.77
2026-02-17T20:11:39.819532;VisA/chewinggum;cont_30pct_loo_patch;0.3;loo_patch;5;5;5;2;196;150;50;100;1;5;95;0.9246;0.9625;0.8919;0.5400;0.7300;-0.0136;0.5497;1.0000;1;1.0000;1.0000;;;3.88
2026-02-17T20:11:45.162580;VisA/chewinggum;cont_30pct_mahalanobis_patch;0.3;mahalanobis_patch;5;5;5;2;196;150;50;100;1;5;95;0.9196;0.9612;0.9023;0.5300;0.7300;-0.0186;0.3841;1.0000;1;1.0000;1.0000;;;5.34
2026-02-17T20:11:50.963985;VisA/chewinggum;cont_30pct_ensemble_loo_mahal;0.3;ensemble_loo_mahal;5;5;5;2;196;150;50;100;1;5;95;0.9198;0.9620;0.8972;0.5500;0.7500;-0.0184;0.3907;1.0000;1;1.0000;1.0000;;;5.80
2026-02-17T20:11:54.900946;VisA/chewinggum;cont_0pct_none;0.0;none;5;5;5;0;0;150;50;100;2;5;95;0.9586;0.9789;0.9353;0.5300;0.8600;;;;;;;;;3.79
2026-02-17T20:11:58.582916;VisA/chewinggum;cont_0pct_loo_patch;0.0;loo_patch;5;5;5;0;196;150;50;100;2;5;95;0.9552;0.9778;0.9254;0.5700;0.8600;-0.0034;;;;;;;;3.67
2026-02-17T20:12:04.694266;VisA/chewinggum;cont_0pct_mahalanobis_patch;0.0;mahalanobis_patch;5;5;5;0;196;150;50;100;2;5;95;0.9584;0.9795;0.9347;0.5600;0.8800;-0.0002;;;;;;;;6.11
2026-02-17T20:12:10.021565;VisA/chewinggum;cont_0pct_ensemble_loo_mahal;0.0;ensemble_loo_mahal;5;5;5;0;196;150;50;100;2;5;95;0.9568;0.9784;0.9307;0.5600;0.8700;-0.0018;;;;;;;;5.32
2026-02-17T20:12:13.035550;VisA/chewinggum;cont_20pct_none;0.2;none;5;5;5;1;0;150;50;100;2;5;95;0.9410;0.9716;0.9216;0.5200;0.7700;-0.0176;;;;;;;;3.00
2026-02-17T20:12:16.965721;VisA/chewinggum;cont_20pct_loo_patch;0.2;loo_patch;5;5;5;1;196;150;50;100;2;5;95;0.9480;0.9737;0.9314;0.5400;0.7300;-0.0106;0.3977;1.0000;1;1.0000;1.0000;;;3.93
2026-02-17T20:12:22.793768;VisA/chewinggum;cont_20pct_mahalanobis_patch;0.2;mahalanobis_patch;5;5;5;1;196;150;50;100;2;5;95;0.9522;0.9749;0.9300;0.5300;0.7500;-0.0064;0.6364;1.0000;1;1.0000;1.0000;;;5.69
2026-02-17T20:12:27.732060;VisA/chewinggum;cont_20pct_ensemble_loo_mahal;0.2;ensemble_loo_mahal;5;5;5;1;196;150;50;100;2;5;95;0.9524;0.9755;0.9268;0.5300;0.7400;-0.0062;0.6477;1.0000;1;1.0000;1.0000;;;4.93
2026-02-17T20:12:31.523422;VisA/chewinggum;cont_30pct_none;0.3;none;5;5;5;2;0;150;50;100;2;5;95;0.9340;0.9700;0.9175;0.5400;0.8600;-0.0246;;;;;;;;3.76
2026-02-17T20:12:34.971957;VisA/chewinggum;cont_30pct_loo_patch;0.3;loo_patch;5;5;5;2;196;150;50;100;2;5;95;0.9420;0.9725;0.9192;0.5900;0.8000;-0.0166;0.3252;0.8333;1;0.5000;0.5000;;;3.30
2026-02-17T20:12:40.433481;VisA/chewinggum;cont_30pct_mahalanobis_patch;0.3;mahalanobis_patch;5;5;5;2;196;150;50;100;2;5;95;0.9396;0.9711;0.9163;0.5400;0.7600;-0.0190;0.2276;0.8333;1;0.5000;0.5000;;;5.46
2026-02-17T20:12:45.980457;VisA/chewinggum;cont_30pct_ensemble_loo_mahal;0.3;ensemble_loo_mahal;5;5;5;2;196;150;50;100;2;5;95;0.9426;0.9725;0.9200;0.5500;0.8300;-0.0160;0.3496;0.8333;1;0.5000;0.5000;;;5.54
2026-02-17T20:12:49.591243;VisA/chewinggum;cont_0pct_none;0.0;none;5;5;5;0;0;150;50;100;3;5;95;0.9502;0.9748;0.9159;0.6200;0.7700;;;;;;;;;3.48
2026-02-17T20:12:53.497763;VisA/chewinggum;cont_0pct_loo_patch;0.0;loo_patch;5;5;5;0;196;150;50;100;3;5;95;0.9526;0.9752;0.9238;0.5500;0.7900;0.0024;;;;;;;;3.89
2026-02-17T20:12:59.536299;VisA/chewinggum;cont_0pct_mahalanobis_patch;0.0;mahalanobis_patch;5;5;5;0;196;150;50;100;3;5;95;0.9456;0.9730;0.9116;0.5600;0.8400;-0.0046;;;;;;;;5.80
2026-02-17T20:13:04.126782;VisA/chewinggum;cont_0pct_ensemble_loo_mahal;0.0;ensemble_loo_mahal;5;5;5;0;196;150;50;100;3;5;95;0.9558;0.9768;0.9282;0.5500;0.8200;0.0056;;;;;;;;4.58
2026-02-17T20:13:07.943225;VisA/chewinggum;cont_20pct_none;0.2;none;5;5;5;1;0;150;50;100;3;5;95;0.9374;0.9700;0.9000;0.5400;0.8300;-0.0128;;;;;;;;3.80
2026-02-17T20:13:12.270153;VisA/chewinggum;cont_20pct_loo_patch;0.2;loo_patch;5;5;5;1;196;150;50;100;3;5;95;0.9436;0.9724;0.9109;0.5600;0.8300;-0.0066;0.4844;1.0000;1;1.0000;1.0000;;;3.83
2026-02-17T20:13:16.866394;VisA/chewinggum;cont_20pct_mahalanobis_patch;0.2;mahalanobis_patch;5;5;5;1;196;150;50;100;3;5;95;0.9478;0.9747;0.9137;0.6100;0.8500;-0.0024;0.8125;1.0000;1;1.0000;1.0000;;;4.40
2026-02-17T20:13:22.436972;VisA/chewinggum;cont_20pct_ensemble_loo_mahal;0.2;ensemble_loo_mahal;5;5;5;1;196;150;50;100;3;5;95;0.9492;0.9750;0.9119;0.5900;0.8300;-0.0010;0.9219;1.0000;1;1.0000;1.0000;;;5.56
2026-02-17T20:13:25.697899;VisA/chewinggum;cont_30pct_none;0.3;none;5;5;5;2;0;150;50;100;3;5;95;0.9290;0.9683;0.9091;0.5500;0.8400;-0.0212;;;;;;;;3.25
2026-02-17T20:13:29.789182;VisA/chewinggum;cont_30pct_loo_patch;0.3;loo_patch;5;5;5;2;196;150;50;100;3;5;95;0.9372;0.9708;0.9175;0.5800;0.8000;-0.0130;0.3868;0.8333;1;0.5000;0.5000;;;3.96
2026-02-17T20:13:35.187975;VisA/chewinggum;cont_30pct_mahalanobis_patch;0.3;mahalanobis_patch;5;5;5;2;196;150;50;100;3;5;95;0.9428;0.9731;0.9167;0.5500;0.8000;-0.0074;0.6509;0.8333;1;0.5000;0.5000;;;5.39
2026-02-17T20:13:40.207077;VisA/chewinggum;cont_30pct_ensemble_loo_mahal;0.3;ensemble_loo_mahal;5;5;5;2;196;150;50;100;3;5;95;0.9410;0.9724;0.9239;0.5800;0.8000;-0.0092;0.5660;0.8333;1;0.5000;0.5000;;;5.01
2026-02-17T20:13:44.013101;VisA/chewinggum;cont_0pct_none;0.0;none;5;5;5;0;0;150;50;100;4;5;95;0.9518;0.9757;0.9100;0.5900;0.8400;;;;;;;;;3.64
2026-02-17T20:13:47.959695;VisA/chewinggum;cont_0pct_loo_patch;0.0;loo_patch;5;5;5;0;196;150;50;100;4;5;95;0.9516;0.9759;0.9124;0.6000;0.8400;-0.0002;;;;;;;;3.94
2026-02-17T20:13:53.344566;VisA/chewinggum;cont_0pct_mahalanobis_patch;0.0;mahalanobis_patch;5;5;5;0;196;150;50;100;4;5;95;0.9578;0.9790;0.9223;0.6200;0.8800;0.0060;;;;;;;;5.26
2026-02-17T20:13:58.444284;VisA/chewinggum;cont_0pct_ensemble_loo_mahal;0.0;ensemble_loo_mahal;5;5;5;0;196;150;50;100;4;5;95;0.9598;0.9795;0.9246;0.6100;0.8400;0.0080;;;;;;;;5.10
2026-02-17T20:14:02.109013;VisA/chewinggum;cont_20pct_none;0.2;none;5;5;5;1;0;150;50;100;4;5;95;0.9414;0.9718;0.9091;0.5600;0.8300;-0.0104;;;;;;;;3.63
2026-02-17T20:14:04.912134;VisA/chewinggum;cont_20pct_loo_patch;0.2;loo_patch;5;5;5;1;196;150;50;100;4;5;95;0.9328;0.9680;0.9072;0.5500;0.8200;-0.0190;-0.8269;1.0000;1;1.0000;1.0000;;;2.80
2026-02-17T20:14:10.590312;VisA/chewinggum;cont_20pct_mahalanobis_patch;0.2;mahalanobis_patch;5;5;5;1;196;150;50;100;4;5;95;0.9456;0.9728;0.9254;0.5200;0.8500;-0.0062;0.4038;1.0000;1;1.0000;1.0000;;;5.67
2026-02-17T20:14:15.998048;VisA/chewinggum;cont_20pct_ensemble_loo_mahal;0.2;ensemble_loo_mahal;5;5;5;1;196;150;50;100;4;5;95;0.9366;0.9695;0.9026;0.5400;0.8200;-0.0152;-0.4615;1.0000;1;1.0000;1.0000;;;5.40
2026-02-17T20:14:19.776431;VisA/chewinggum;cont_30pct_none;0.3;none;5;5;5;2;0;150;50;100;4;5;95;0.9246;0.9646;0.8995;0.5400;0.7600;-0.0272;;;;;;;;3.76
2026-02-17T20:14:23.614705;VisA/chewinggum;cont_30pct_loo_patch;0.3;loo_patch;5;5;5;2;196;150;50;100;4;5;95;0.9286;0.9662;0.8962;0.5500;0.7500;-0.0232;0.1471;1.0000;1;1.0000;1.0000;;;3.73
2026-02-17T20:14:28.726382;VisA/chewinggum;cont_30pct_mahalanobis_patch;0.3;mahalanobis_patch;5;5;5;2;196;150;50;100;4;5;95;0.9246;0.9654;0.9082;0.5600;0.7900;-0.0272;-0.0000;1.0000;1;1.0000;1.0000;;;5.11
2026-02-17T20:14:34.617869;VisA/chewinggum;cont_30pct_ensemble_loo_mahal;0.3;ensemble_loo_mahal;5;5;5;2;196;150;50;100;4;5;95;0.9256;0.9655;0.9016;0.5400;0.7800;-0.0262;0.0368;1.0000;1;1.0000;1.0000;;;5.89
2026-02-17T20:14:40.371028;VisA/fryum;cont_0pct_none;0.0;none;5;5;5;0;0;150;50;100;0;5;95;0.8314;0.9203;0.8319;0.4500;0.5800;;;;;;;;;3.41
2026-02-17T20:14:43.460547;VisA/fryum;cont_0pct_loo_patch;0.0;loo_patch;5;5;5;0;196;150;50;100;0;5;95;0.8166;0.9118;0.8305;0.4300;0.5200;-0.0148;;;;;;;;3.09
2026-02-17T20:14:49.019815;VisA/fryum;cont_0pct_mahalanobis_patch;0.0;mahalanobis_patch;5;5;5;0;196;150;50;100;0;5;95;0.8150;0.9126;0.8305;0.4700;0.5200;-0.0164;;;;;;;;5.55
2026-02-17T20:14:54.068025;VisA/fryum;cont_0pct_ensemble_loo_mahal;0.0;ensemble_loo_mahal;5;5;5;0;196;150;50;100;0;5;95;0.8050;0.9062;0.8305;0.4500;0.4900;-0.0264;;;;;;;;5.04
2026-02-17T20:14:57.811688;VisA/fryum;cont_20pct_none;0.2;none;5;5;5;1;0;150;50;100;0;5;95;0.8210;0.9154;0.8326;0.4500;0.5500;-0.0104;;;;;;;;3.73
2026-02-17T20:15:01.495453;VisA/fryum;cont_20pct_loo_patch;0.2;loo_patch;5;5;5;1;196;150;50;100;0;5;95;0.8304;0.9181;0.8458;0.4300;0.5600;-0.0010;0.9038;0.7500;0;0.0000;0.0000;;;3.57
2026-02-17T20:15:07.274874;VisA/fryum;cont_20pct_mahalanobis_patch;0.2;mahalanobis_patch;5;5;5;1;196;150;50;100;0;5;95;0.8418;0.9254;0.8376;0.4500;0.5900;0.0104;2.0000;0.7500;0;0.0000;0.0000;;;5.68
2026-02-17T20:15:12.979805;VisA/fryum;cont_20pct_ensemble_loo_mahal;0.2;ensemble_loo_mahal;5;5;5;1;196;150;50;100;0;5;95;0.8352;0.9213;0.8348;0.4500;0.5900;0.0038;1.3654;0.7500;0;0.0000;0.0000;;;5.70
2026-02-17T20:15:16.308937;VisA/fryum;cont_30pct_none;0.3;none;5;5;5;2;0;150;50;100;0;5;95;0.8262;0.9201;0.8293;0.4900;0.5800;-0.0052;;;;;;;;3.32
2026-02-17T20:15:20.513662;VisA/fryum;cont_30pct_loo_patch;0.3;loo_patch;5;5;5;2;196;150;50;100;0;5;95;0.8248;0.9185;0.8374;0.4600;0.5700;-0.0066;-0.2692;0.6667;0;0.5000;0.5000;;;3.99
2026-02-17T20:15:26.058313;VisA/fryum;cont_30pct_mahalanobis_patch;0.3;mahalanobis_patch;5;5;5;2;196;150;50;100;0;5;95;0.8446;0.9274;0.8462;0.5100;0.6000;0.0132;3.5385;0.6667;0;0.5000;0.5000;;;5.54
2026-02-17T20:15:30.669972;VisA/fryum;cont_30pct_ensemble_loo_mahal;0.3;ensemble_loo_mahal;5;5;5;2;196;150;50;100;0;5;95;0.8398;0.9244;0.8406;0.4700;0.5900;0.0084;2.6154;0.6667;0;0.5000;0.5000;;;4.61
2026-02-17T20:15:34.729338;VisA/fryum;cont_0pct_none;0.0;none;5;5;5;0;0;150;50;100;1;5;95;0.8450;0.9299;0.8295;0.5500;0.6300;;;;;;;;;3.88
2026-02-17T20:15:38.721898;VisA/fryum;cont_0pct_loo_patch;0.0;loo_patch;5;5;5;0;196;150;50;100;1;5;95;0.8460;0.9273;0.8390;0.4300;0.6100;0.0010;;;;;;;;3.99
2026-02-17T20:15:44.088243;VisA/fryum;cont_0pct_mahalanobis_patch;0.0;mahalanobis_patch;5;5;5;0;196;150;50;100;1;5;95;0.8494;0.9308;0.8333;0.5300;0.6100;0.0044;;;;;;;;4.59
2026-02-17T20:15:49.621756;VisA/fryum;cont_0pct_ensemble_loo_mahal;0.0;ensemble_loo_mahal;5;5;5;0;196;150;50;100;1;5;95;0.8376;0.9249;0.8354;0.4900;0.6000;-0.0074;;;;;;;;5.53
2026-02-17T20:15:52.798713;VisA/fryum;cont_20pct_none;0.2;none;5;5;5;1;0;150;50;100;1;5;95;0.8236;0.9209;0.8214;0.5500;0.5900;-0.0214;;;;;;;;3.17
2026-02-17T20:15:56.910835;VisA/fryum;cont_20pct_loo_patch;0.2;loo_patch;5;5;5;1;196;150;50;100;1;5;95;0.8412;0.9247;0.8280;0.3900;0.6100;-0.0038;0.8224;0.7500;0;0.0000;0.0000;;;4.02
2026-02-17T20:16:02.349590;VisA/fryum;cont_20pct_mahalanobis_patch;0.2;mahalanobis_patch;5;5;5;1;196;150;50;100;1;5;95;0.8350;0.9229;0.8319;0.4800;0.5900;-0.0100;0.5327;0.7500;0;0.0000;0.0000;;;5.43
2026-02-17T20:16:07.325387;VisA/fryum;cont_20pct_ensemble_loo_mahal;0.2;ensemble_loo_mahal;5;5;5;1;196;150;50;100;1;5;95;0.8306;0.9201;0.8312;0.4200;0.6100;-0.0144;0.3271;0.7500;0;0.0000;0.0000;;;4.97
2026-02-17T20:16:11.141831;VisA/fryum;cont_30pct_none;0.3;none;5;5;5;2;0;150;50;100;1;5;95;0.8046;0.9110;0.8174;0.4600;0.5600;-0.0404;;;;;;;;3.80
2026-02-17T20:16:15.267512;VisA/fryum;cont_30pct_loo_patch;0.3;loo_patch;5;5;5;2;196;150;50;100;1;5;95;0.8208;0.9160;0.8240;0.4300;0.5600;-0.0242;0.4010;0.3333;0;0.0000;0.0000;;;3.77
2026-02-17T20:16:20.813373;VisA/fryum;cont_30pct_mahalanobis_patch;0.3;mahalanobis_patch;5;5;5;2;196;150;50;100;1;5;95;0.8202;0.9163;0.8219;0.4400;0.5600;-0.0248;0.3861;0.3333;0;0.0000;0.0000;;;5.03
2026-02-17T20:16:26.326549;VisA/fryum;cont_30pct_ensemble_loo_mahal;0.3;ensemble_loo_mahal;5;5;5;2;196;150;50;100;1;5;95;0.8246;0.9179;0.8261;0.4100;0.5500;-0.0204;0.4950;0.3333;0;0.0000;0.0000;;;5.51
2026-02-17T20:16:30.183270;VisA/fryum;cont_0pct_none;0.0;none;5;5;5;0;0;150;50;100;2;5;95;0.8684;0.9383;0.8617;0.4800;0.6100;;;;;;;;;3.72
2026-02-17T20:16:33.777333;VisA/fryum;cont_0pct_loo_patch;0.0;loo_patch;5;5;5;0;196;150;50;100;2;5;95;0.8552;0.9315;0.8426;0.4100;0.6200;-0.0132;;;;;;;;3.49
2026-02-17T20:16:39.524304;VisA/fryum;cont_0pct_mahalanobis_patch;0.0;mahalanobis_patch;5;5;5;0;196;150;50;100;2;5;95;0.8716;0.9391;0.8673;0.4700;0.6100;0.0032;;;;;;;;5.74
2026-02-17T20:16:45.103553;VisA/fryum;cont_0pct_ensemble_loo_mahal;0.0;ensemble_loo_mahal;5;5;5;0;196;150;50;100;2;5;95;0.8546;0.9309;0.8404;0.4000;0.6000;-0.0138;;;;;;;;5.57
2026-02-17T20:16:48.843329;VisA/fryum;cont_20pct_none;0.2;none;5;5;5;1;0;150;50;100;2;5;95;0.8256;0.9199;0.8216;0.4500;0.5500;-0.0428;;;;;;;;3.73
2026-02-17T20:16:52.838568;VisA/fryum;cont_20pct_loo_patch;0.2;loo_patch;5;5;5;1;196;150;50;100;2;5;95;0.8402;0.9252;0.8421;0.4200;0.5800;-0.0282;0.3411;1.0000;1;1.0000;1.0000;;;3.87
2026-02-17T20:16:57.800570;VisA/fryum;cont_20pct_mahalanobis_patch;0.2;mahalanobis_patch;5;5;5;1;196;150;50;100;2;5;95;0.8488;0.9278;0.8387;0.4400;0.5700;-0.0196;0.5421;1.0000;1;1.0000;1.0000;;;4.96
2026-02-17T20:17:03.520286;VisA/fryum;cont_20pct_ensemble_loo_mahal;0.2;ensemble_loo_mahal;5;5;5;1;196;150;50;100;2;5;95;0.8404;0.9251;0.8360;0.4500;0.5600;-0.0280;0.3458;1.0000;1;1.0000;1.0000;;;5.71
2026-02-17T20:17:07.050514;VisA/fryum;cont_30pct_none;0.3;none;5;5;5;2;0;150;50;100;2;5;95;0.8174;0.9161;0.8201;0.4600;0.5500;-0.0510;;;;;;;;3.51
2026-02-17T20:17:10.909056;VisA/fryum;cont_30pct_loo_patch;0.3;loo_patch;5;5;5;2;196;150;50;100;2;5;95;0.8214;0.9157;0.8208;0.4100;0.5900;-0.0470;0.0784;0.5000;1;0.5000;0.5000;;;3.85
2026-02-17T20:17:15.396415;VisA/fryum;cont_30pct_mahalanobis_patch;0.3;mahalanobis_patch;5;5;5;2;196;150;50;100;2;5;95;0.8220;0.9158;0.8230;0.4100;0.5700;-0.0464;0.0902;0.5000;1;0.5000;0.5000;;;4.36
2026-02-17T20:17:20.752602;VisA/fryum;cont_30pct_ensemble_loo_mahal;0.3;ensemble_loo_mahal;5;5;5;2;196;150;50;100;2;5;95;0.8144;0.9120;0.8216;0.4100;0.5400;-0.0540;-0.0588;0.5000;1;0.5000;0.5000;;;5.35
2026-02-17T20:17:23.599911;VisA/fryum;cont_0pct_none;0.0;none;5;5;5;0;0;150;50;100;3;5;95;0.8710;0.9384;0.8586;0.4800;0.6100;;;;;;;;;2.74
2026-02-17T20:17:27.502339;VisA/fryum;cont_0pct_loo_patch;0.0;loo_patch;5;5;5;0;196;150;50;100;3;5;95;0.8654;0.9337;0.8531;0.4500;0.5600;-0.0056;;;;;;;;3.90
2026-02-17T20:17:33.005133;VisA/fryum;cont_0pct_mahalanobis_patch;0.0;mahalanobis_patch;5;5;5;0;196;150;50;100;3;5;95;0.8550;0.9315;0.8543;0.4600;0.6000;-0.0160;;;;;;;;5.16
2026-02-17T20:17:38.763131;VisA/fryum;cont_0pct_ensemble_loo_mahal;0.0;ensemble_loo_mahal;5;5;5;0;196;150;50;100;3;5;95;0.8606;0.9329;0.8544;0.4600;0.5400;-0.0104;;;;;;;;5.75
2026-02-17T20:17:42.622547;VisA/fryum;cont_20pct_none;0.2;none;5;5;5;1;0;150;50;100;3;5;95;0.8730;0.9397;0.8756;0.5000;0.6200;0.0020;;;;;;;;3.85
2026-02-17T20:17:46.464858;VisA/fryum;cont_20pct_loo_patch;0.2;loo_patch;5;5;5;1;196;150;50;100;3;5;95;0.8772;0.9401;0.8646;0.4100;0.6000;0.0062;-2.1000;0.7500;0;0.0000;0.0000;;;3.46
2026-02-17T20:17:52.104668;VisA/fryum;cont_20pct_mahalanobis_patch;0.2;mahalanobis_patch;5;5;5;1;196;150;50;100;3;5;95;0.8664;0.9360;0.8586;0.4600;0.6000;-0.0046;3.3000;0.7500;0;0.0000;0.0000;;;5.63
2026-02-17T20:17:57.701379;VisA/fryum;cont_20pct_ensemble_loo_mahal;0.2;ensemble_loo_mahal;5;5;5;1;196;150;50;100;3;5;95;0.8702;0.9362;0.8629;0.4300;0.5800;-0.0008;1.4000;0.7500;0;0.0000;0.0000;;;5.59
2026-02-17T20:18:00.736224;VisA/fryum;cont_30pct_none;0.3;none;5;5;5;2;0;150;50;100;3;5;95;0.8370;0.9205;0.8431;0.4000;0.5200;-0.0340;;;;;;;;3.02
2026-02-17T20:18:04.442957;VisA/fryum;cont_30pct_loo_patch;0.3;loo_patch;5;5;5;2;196;150;50;100;3;5;95;0.8386;0.9217;0.8416;0.3700;0.5800;-0.0324;0.0471;0.6667;0;0.5000;0.5000;;;3.70
2026-02-17T20:18:09.391534;VisA/fryum;cont_30pct_mahalanobis_patch;0.3;mahalanobis_patch;5;5;5;2;196;150;50;100;3;5;95;0.8384;0.9218;0.8488;0.4200;0.5200;-0.0326;0.0412;0.6667;0;0.5000;0.5000;;;4.94
2026-02-17T20:18:14.912634;VisA/fryum;cont_30pct_ensemble_loo_mahal;0.3;ensemble_loo_mahal;5;5;5;2;196;150;50;100;3;5;95;0.8450;0.9239;0.8488;0.3900;0.5200;-0.0260;0.2353;0.6667;0;0.5000;0.5000;;;5.52
2026-02-17T20:18:18.358261;VisA/fryum;cont_0pct_none;0.0;none;5;5;5;0;0;150;50;100;4;5;95;0.8570;0.9334;0.8469;0.4900;0.5700;;;;;;;;;3.32
2026-02-17T20:18:22.065758;VisA/fryum;cont_0pct_loo_patch;0.0;loo_patch;5;5;5;0;196;150;50;100;4;5;95;0.8570;0.9312;0.8447;0.4000;0.6200;0.0000;;;;;;;;3.70
2026-02-17T20:18:27.955179;VisA/fryum;cont_0pct_mahalanobis_patch;0.0;mahalanobis_patch;5;5;5;0;196;150;50;100;4;5;95;0.8566;0.9291;0.8558;0.4000;0.6000;-0.0004;;;;;;;;5.76
2026-02-17T20:18:33.243812;VisA/fryum;cont_0pct_ensemble_loo_mahal;0.0;ensemble_loo_mahal;5;5;5;0;196;150;50;100;4;5;95;0.8618;0.9326;0.8657;0.4200;0.6400;0.0048;;;;;;;;5.28
2026-02-17T20:18:37.028626;VisA/fryum;cont_20pct_none;0.2;none;5;5;5;1;0;150;50;100;4;5;95;0.8396;0.9249;0.8394;0.4800;0.5300;-0.0174;;;;;;;;3.77
2026-02-17T20:18:41.161300;VisA/fryum;cont_20pct_loo_patch;0.2;loo_patch;5;5;5;1;196;150;50;100;4;5;95;0.8374;0.9196;0.8431;0.4000;0.5400;-0.0196;-0.1264;1.0000;1;1.0000;1.0000;;;3.84
2026-02-17T20:18:46.867879;VisA/fryum;cont_20pct_mahalanobis_patch;0.2;mahalanobis_patch;5;5;5;1;196;150;50;100;4;5;95;0.8362;0.9223;0.8476;0.4300;0.5800;-0.0208;-0.1954;1.0000;1;1.0000;1.0000;;;5.69
2026-02-17T20:18:51.795263;VisA/fryum;cont_20pct_ensemble_loo_mahal;0.2;ensemble_loo_mahal;5;5;5;1;196;150;50;100;4;5;95;0.8354;0.9214;0.8416;0.4200;0.5700;-0.0216;-0.2414;1.0000;1;1.0000;1.0000;;;4.92
2026-02-17T20:18:55.600787;VisA/fryum;cont_30pct_none;0.3;none;5;5;5;2;0;150;50;100;4;5;95;0.7814;0.8983;0.8210;0.4500;0.5300;-0.0756;;;;;;;;3.79
2026-02-17T20:18:59.630235;VisA/fryum;cont_30pct_loo_patch;0.3;loo_patch;5;5;5;2;196;150;50;100;4;5;95;0.7882;0.8986;0.8250;0.4400;0.5200;-0.0688;0.0899;1.0000;1;1.0000;1.0000;;;3.91
2026-02-17T20:19:04.412656;VisA/fryum;cont_30pct_mahalanobis_patch;0.3;mahalanobis_patch;5;5;5;2;196;150;50;100;4;5;95;0.8006;0.9036;0.8225;0.4200;0.5300;-0.0564;0.2540;1.0000;1;1.0000;1.0000;;;4.62
2026-02-17T20:19:09.927945;VisA/fryum;cont_30pct_ensemble_loo_mahal;0.3;ensemble_loo_mahal;5;5;5;2;196;150;50;100;4;5;95;0.8008;0.9030;0.8276;0.4100;0.5100;-0.0562;0.2566;1.0000;1;1.0000;1.0000;;;5.51
2026-02-17T20:19:19.150263;VisA/macaroni1;cont_0pct_none;0.0;none;5;5;5;0;0;200;100;100;0;5;95;0.7399;0.7679;0.7126;0.2400;0.3300;;;;;;;;;4.99
2026-02-17T20:19:24.379434;VisA/macaroni1;cont_0pct_loo_patch;0.0;loo_patch;5;5;5;0;196;200;100;100;0;5;95;0.7485;0.7752;0.7200;0.2600;0.3500;0.0086;;;;;;;;5.22
2026-02-17T20:19:31.236977;VisA/macaroni1;cont_0pct_mahalanobis_patch;0.0;mahalanobis_patch;5;5;5;0;196;200;100;100;0;5;95;0.7406;0.7674;0.7154;0.2200;0.3100;0.0007;;;;;;;;6.66
2026-02-17T20:19:38.326060;VisA/macaroni1;cont_0pct_ensemble_loo_mahal;0.0;ensemble_loo_mahal;5;5;5;0;196;200;100;100;0;5;95;0.7357;0.7581;0.7194;0.2700;0.3300;-0.0042;;;;;;;;7.09
2026-02-17T20:19:42.442370;VisA/macaroni1;cont_20pct_none;0.2;none;5;5;5;1;0;200;100;100;0;5;95;0.7033;0.7405;0.6960;0.2100;0.3100;-0.0366;;;;;;;;4.10
2026-02-17T20:19:47.537753;VisA/macaroni1;cont_20pct_loo_patch;0.2;loo_patch;5;5;5;1;196;200;100;100;0;5;95;0.7380;0.7655;0.7099;0.1600;0.3300;-0.0019;0.9481;0.5000;0;0.0000;0.0000;;;5.09
2026-02-17T20:19:53.731549;VisA/macaroni1;cont_20pct_mahalanobis_patch;0.2;mahalanobis_patch;5;5;5;1;196;200;100;100;0;5;95;0.7278;0.7619;0.7050;0.2000;0.3500;-0.0121;0.6694;0.5000;0;0.0000;0.0000;;;5.99
2026-02-17T20:20:00.621116;VisA/macaroni1;cont_20pct_ensemble_loo_mahal;0.2;ensemble_loo_mahal;5;5;5;1;196;200;100;100;0;5;95;0.7288;0.7661;0.7015;0.2100;0.3800;-0.0111;0.6967;0.5000;0;0.0000;0.0000;;;6.89
2026-02-17T20:20:05.284307;VisA/macaroni1;cont_30pct_none;0.3;none;5;5;5;2;0;200;100;100;0;5;95;0.6677;0.7048;0.6963;0.1400;0.2500;-0.0722;;;;;;;;4.65
2026-02-17T20:20:10.397240;VisA/macaroni1;cont_30pct_loo_patch;0.3;loo_patch;5;5;5;2;196;200;100;100;0;5;95;0.7167;0.7459;0.7165;0.1300;0.3600;-0.0232;0.6787;0.6667;1;0.5000;0.5000;;;5.02
2026-02-17T20:20:16.962949;VisA/macaroni1;cont_30pct_mahalanobis_patch;0.3;mahalanobis_patch;5;5;5;2;196;200;100;100;0;5;95;0.6903;0.7225;0.6960;0.1200;0.2400;-0.0496;0.3130;0.6667;1;0.5000;0.5000;;;6.56
2026-02-17T20:20:23.637319;VisA/macaroni1;cont_30pct_ensemble_loo_mahal;0.3;ensemble_loo_mahal;5;5;5;2;196;200;100;100;0;5;95;0.6972;0.7379;0.6960;0.2000;0.3000;-0.0427;0.4086;0.6667;1;0.5000;0.5000;;;6.67
2026-02-17T20:20:28.754264;VisA/macaroni1;cont_0pct_none;0.0;none;5;5;5;0;0;200;100;100;1;5;95;0.6895;0.7179;0.7054;0.1400;0.2900;;;;;;;;;4.93
2026-02-17T20:20:33.299772;VisA/macaroni1;cont_0pct_loo_patch;0.0;loo_patch;5;5;5;0;196;200;100;100;1;5;95;0.7228;0.7435;0.7085;0.1500;0.3100;0.0333;;;;;;;;4.54
2026-02-17T20:20:40.053016;VisA/macaroni1;cont_0pct_mahalanobis_patch;0.0;mahalanobis_patch;5;5;5;0;196;200;100;100;1;5;95;0.7092;0.7388;0.7092;0.1700;0.3400;0.0197;;;;;;;;6.75
2026-02-17T20:20:45.574386;VisA/macaroni1;cont_0pct_ensemble_loo_mahal;0.0;ensemble_loo_mahal;5;5;5;0;196;200;100;100;1;5;95;0.7069;0.7341;0.7116;0.2100;0.3500;0.0174;;;;;;;;5.52
2026-02-17T20:20:50.680106;VisA/macaroni1;cont_20pct_none;0.2;none;5;5;5;1;0;200;100;100;1;5;95;0.6545;0.6850;0.6766;0.0800;0.2300;-0.0350;;;;;;;;5.10
2026-02-17T20:20:55.592615;VisA/macaroni1;cont_20pct_loo_patch;0.2;loo_patch;5;5;5;1;196;200;100;100;1;5;95;0.7059;0.7267;0.7054;0.0900;0.2800;0.0164;1.4686;0.7500;0;0.0000;0.0000;;;4.73
2026-02-17T20:21:02.280504;VisA/macaroni1;cont_20pct_mahalanobis_patch;0.2;mahalanobis_patch;5;5;5;1;196;200;100;100;1;5;95;0.6764;0.7183;0.6851;0.2000;0.3100;-0.0131;0.6257;0.7500;0;0.0000;0.0000;;;6.68
2026-02-17T20:21:08.812928;VisA/macaroni1;cont_20pct_ensemble_loo_mahal;0.2;ensemble_loo_mahal;5;5;5;1;196;200;100;100;1;5;95;0.6930;0.7217;0.6977;0.1300;0.3000;0.0035;1.1000;0.7500;0;0.0000;0.0000;;;6.53
2026-02-17T20:21:13.803613;VisA/macaroni1;cont_30pct_none;0.3;none;5;5;5;2;0;200;100;100;1;5;95;0.6193;0.6432;0.6713;0.0600;0.1600;-0.0702;;;;;;;;4.97
2026-02-17T20:21:18.966546;VisA/macaroni1;cont_30pct_loo_patch;0.3;loo_patch;5;5;5;2;196;200;100;100;1;5;95;0.6325;0.6778;0.6786;0.1200;0.2400;-0.0570;0.1873;0.6667;0;0.5000;0.5000;;;4.99
2026-02-17T20:21:25.029429;VisA/macaroni1;cont_30pct_mahalanobis_patch;0.3;mahalanobis_patch;5;5;5;2;196;200;100;100;1;5;95;0.6422;0.6831;0.6761;0.0800;0.2500;-0.0473;0.3262;0.6667;0;0.5000;0.5000;;;5.76
2026-02-17T20:21:31.308025;VisA/macaroni1;cont_30pct_ensemble_loo_mahal;0.3;ensemble_loo_mahal;5;5;5;2;196;200;100;100;1;5;95;0.6430;0.6830;0.6831;0.0800;0.2300;-0.0465;0.3376;0.6667;0;0.5000;0.5000;;;6.27
2026-02-17T20:21:35.775540;VisA/macaroni1;cont_0pct_none;0.0;none;5;5;5;0;0;200;100;100;2;5;95;0.7170;0.7389;0.7077;0.1500;0.2400;;;;;;;;;4.35
2026-02-17T20:21:40.621327;VisA/macaroni1;cont_0pct_loo_patch;0.0;loo_patch;5;5;5;0;196;200;100;100;2;5;95;0.7349;0.7584;0.7165;0.1200;0.3500;0.0179;;;;;;;;4.84
2026-02-17T20:21:47.746505;VisA/macaroni1;cont_0pct_mahalanobis_patch;0.0;mahalanobis_patch;5;5;5;0;196;200;100;100;2;5;95;0.7204;0.7410;0.7126;0.1200;0.3100;0.0034;;;;;;;;6.81
2026-02-17T20:21:54.474473;VisA/macaroni1;cont_0pct_ensemble_loo_mahal;0.0;ensemble_loo_mahal;5;5;5;0;196;200;100;100;2;5;95;0.7320;0.7500;0.7143;0.1500;0.3100;0.0150;;;;;;;;6.72
2026-02-17T20:21:59.044772;VisA/macaroni1;cont_20pct_none;0.2;none;5;5;5;1;0;200;100;100;2;5;95;0.7027;0.7222;0.7004;0.1000;0.2500;-0.0143;;;;;;;;4.56
2026-02-17T20:22:04.426872;VisA/macaroni1;cont_20pct_loo_patch;0.2;loo_patch;5;5;5;1;196;200;100;100;2;5;95;0.7039;0.7354;0.7023;0.1300;0.3000;-0.0131;0.0839;0.7500;0;0.0000;0.0000;;;5.15
2026-02-17T20:22:11.025584;VisA/macaroni1;cont_20pct_mahalanobis_patch;0.2;mahalanobis_patch;5;5;5;1;196;200;100;100;2;5;95;0.7049;0.7325;0.7104;0.1000;0.3000;-0.0121;0.1538;0.7500;0;0.0000;0.0000;;;6.59
2026-02-17T20:22:17.321054;VisA/macaroni1;cont_20pct_ensemble_loo_mahal;0.2;ensemble_loo_mahal;5;5;5;1;196;200;100;100;2;5;95;0.7021;0.7270;0.7120;0.1000;0.2900;-0.0149;-0.0420;0.7500;0;0.0000;0.0000;;;6.29
2026-02-17T20:22:22.294656;VisA/macaroni1;cont_30pct_none;0.3;none;5;5;5;2;0;200;100;100;2;5;95;0.6824;0.7035;0.6805;0.1000;0.2200;-0.0346;;;;;;;;4.96
2026-02-17T20:22:26.570714;VisA/macaroni1;cont_30pct_loo_patch;0.3;loo_patch;5;5;5;2;196;200;100;100;2;5;95;0.7010;0.7314;0.7023;0.2100;0.2900;-0.0160;0.5376;0.6667;0;0.5000;0.5000;;;3.93
2026-02-17T20:22:33.062884;VisA/macaroni1;cont_30pct_mahalanobis_patch;0.3;mahalanobis_patch;5;5;5;2;196;200;100;100;2;5;95;0.7008;0.7294;0.7068;0.1300;0.2900;-0.0162;0.5318;0.6667;0;0.5000;0.5000;;;6.49
2026-02-17T20:22:39.931320;VisA/macaroni1;cont_30pct_ensemble_loo_mahal;0.3;ensemble_loo_mahal;5;5;5;2;196;200;100;100;2;5;95;0.7091;0.7332;0.7077;0.1400;0.3000;-0.0079;0.7717;0.6667;0;0.5000;0.5000;;;6.86
2026-02-17T20:22:45.008638;VisA/macaroni1;cont_0pct_none;0.0;none;5;5;5;0;0;200;100;100;3;5;95;0.7812;0.7976;0.7417;0.1700;0.4100;;;;;;;;;4.93
2026-02-17T20:22:49.815040;VisA/macaroni1;cont_0pct_loo_patch;0.0;loo_patch;5;5;5;0;196;200;100;100;3;5;95;0.7666;0.7809;0.7404;0.1800;0.4000;-0.0146;;;;;;;;4.67
2026-02-17T20:22:56.578538;VisA/macaroni1;cont_0pct_mahalanobis_patch;0.0;mahalanobis_patch;5;5;5;0;196;200;100;100;3;5;95;0.7729;0.7912;0.7303;0.1500;0.3700;-0.0083;;;;;;;;6.76
2026-02-17T20:23:03.156688;VisA/macaroni1;cont_0pct_ensemble_loo_mahal;0.0;ensemble_loo_mahal;5;5;5;0;196;200;100;100;3;5;95;0.7641;0.7802;0.7257;0.1400;0.3600;-0.0171;;;;;;;;6.57
2026-02-17T20:23:07.480916;VisA/macaroni1;cont_20pct_none;0.2;none;5;5;5;1;0;200;100;100;3;5;95;0.7177;0.7460;0.7104;0.1900;0.3400;-0.0635;;;;;;;;4.31
2026-02-17T20:23:12.468705;VisA/macaroni1;cont_20pct_loo_patch;0.2;loo_patch;5;5;5;1;196;200;100;100;3;5;95;0.7217;0.7402;0.7059;0.1100;0.3100;-0.0595;0.0630;1.0000;1;1.0000;1.0000;;;4.98
2026-02-17T20:23:18.370377;VisA/macaroni1;cont_20pct_mahalanobis_patch;0.2;mahalanobis_patch;5;5;5;1;196;200;100;100;3;5;95;0.7336;0.7509;0.7160;0.1500;0.3100;-0.0476;0.2504;1.0000;1;1.0000;1.0000;;;5.78
2026-02-17T20:23:24.785493;VisA/macaroni1;cont_20pct_ensemble_loo_mahal;0.2;ensemble_loo_mahal;5;5;5;1;196;200;100;100;3;5;95;0.7240;0.7485;0.7072;0.1500;0.3200;-0.0572;0.0992;1.0000;1;1.0000;1.0000;;;6.41
2026-02-17T20:23:29.509346;VisA/macaroni1;cont_30pct_none;0.3;none;5;5;5;2;0;200;100;100;3;5;95;0.6661;0.6979;0.6838;0.1000;0.2700;-0.1151;;;;;;;;4.71
2026-02-17T20:23:34.072664;VisA/macaroni1;cont_30pct_loo_patch;0.3;loo_patch;5;5;5;2;196;200;100;100;3;5;95;0.7028;0.7285;0.7004;0.1500;0.2700;-0.0784;0.3189;0.6667;1;0.5000;0.5000;;;4.56
2026-02-17T20:23:40.401623;VisA/macaroni1;cont_30pct_mahalanobis_patch;0.3;mahalanobis_patch;5;5;5;2;196;200;100;100;3;5;95;0.6887;0.7108;0.7008;0.1500;0.2800;-0.0925;0.1964;0.6667;1;0.5000;0.5000;;;6.32
2026-02-17T20:23:47.645636;VisA/macaroni1;cont_30pct_ensemble_loo_mahal;0.3;ensemble_loo_mahal;5;5;5;2;196;200;100;100;3;5;95;0.7045;0.7197;0.7027;0.1800;0.2400;-0.0767;0.3336;0.6667;1;0.5000;0.5000;;;7.24
2026-02-17T20:23:52.235674;VisA/macaroni1;cont_0pct_none;0.0;none;5;5;5;0;0;200;100;100;4;5;95;0.7436;0.7559;0.7143;0.1100;0.3400;;;;;;;;;4.45
2026-02-17T20:23:56.715013;VisA/macaroni1;cont_0pct_loo_patch;0.0;loo_patch;5;5;5;0;196;200;100;100;4;5;95;0.7291;0.7502;0.7076;0.0900;0.3300;-0.0145;;;;;;;;4.48
2026-02-17T20:24:02.188105;VisA/macaroni1;cont_0pct_mahalanobis_patch;0.0;mahalanobis_patch;5;5;5;0;196;200;100;100;4;5;95;0.7507;0.7574;0.7185;0.1100;0.2700;0.0071;;;;;;;;5.46
2026-02-17T20:24:08.536059;VisA/macaroni1;cont_0pct_ensemble_loo_mahal;0.0;ensemble_loo_mahal;5;5;5;0;196;200;100;100;4;5;95;0.7476;0.7544;0.7336;0.1100;0.2900;0.0040;;;;;;;;6.34
2026-02-17T20:24:13.400973;VisA/macaroni1;cont_20pct_none;0.2;none;5;5;5;1;0;200;100;100;4;5;95;0.7134;0.7340;0.7033;0.1000;0.2700;-0.0302;;;;;;;;4.85
2026-02-17T20:24:18.486116;VisA/macaroni1;cont_20pct_loo_patch;0.2;loo_patch;5;5;5;1;196;200;100;100;4;5;95;0.7354;0.7531;0.7179;0.1000;0.3600;-0.0082;0.7285;1.0000;1;1.0000;1.0000;;;5.08
2026-02-17T20:24:25.485824;VisA/macaroni1;cont_20pct_mahalanobis_patch;0.2;mahalanobis_patch;5;5;5;1;196;200;100;100;4;5;95;0.6994;0.7290;0.7000;0.1500;0.3000;-0.0442;-0.4636;1.0000;1;1.0000;1.0000;;;6.86
2026-02-17T20:24:31.108361;VisA/macaroni1;cont_20pct_ensemble_loo_mahal;0.2;ensemble_loo_mahal;5;5;5;1;196;200;100;100;4;5;95;0.7166;0.7428;0.7019;0.1400;0.3400;-0.0270;0.1060;1.0000;1;1.0000;1.0000;;;5.61
2026-02-17T20:24:36.210128;VisA/macaroni1;cont_30pct_none;0.3;none;5;5;5;2;0;200;100;100;4;5;95;0.6467;0.6752;0.6809;0.0700;0.2200;-0.0969;;;;;;;;5.08
2026-02-17T20:24:39.989711;VisA/macaroni1;cont_30pct_loo_patch;0.3;loo_patch;5;5;5;2;196;200;100;100;4;5;95;0.7131;0.7284;0.7004;0.0900;0.3100;-0.0305;0.6852;1.0000;1;1.0000;1.0000;;;3.77
2026-02-17T20:24:46.469639;VisA/macaroni1;cont_30pct_mahalanobis_patch;0.3;mahalanobis_patch;5;5;5;2;196;200;100;100;4;5;95;0.6998;0.7215;0.7090;0.1400;0.3000;-0.0438;0.5480;1.0000;1;1.0000;1.0000;;;6.47
2026-02-17T20:24:53.254738;VisA/macaroni1;cont_30pct_ensemble_loo_mahal;0.3;ensemble_loo_mahal;5;5;5;2;196;200;100;100;4;5;95;0.6996;0.7247;0.6875;0.1100;0.3500;-0.0440;0.5459;1.0000;1;1.0000;1.0000;;;6.78
2026-02-17T20:25:01.840305;VisA/macaroni2;cont_0pct_none;0.0;none;5;5;5;0;0;200;100;100;0;5;95;0.5963;0.5490;0.6744;0.0000;0.0500;;;;;;;;;4.91
2026-02-17T20:25:06.642320;VisA/macaroni2;cont_0pct_loo_patch;0.0;loo_patch;5;5;5;0;196;200;100;100;0;5;95;0.6216;0.6151;0.6853;0.0700;0.1100;0.0253;;;;;;;;4.80
2026-02-17T20:25:13.222901;VisA/macaroni2;cont_0pct_mahalanobis_patch;0.0;mahalanobis_patch;5;5;5;0;196;200;100;100;0;5;95;0.6357;0.5966;0.6899;0.0300;0.0700;0.0394;;;;;;;;6.58
2026-02-17T20:25:18.979519;VisA/macaroni2;cont_0pct_ensemble_loo_mahal;0.0;ensemble_loo_mahal;5;5;5;0;196;200;100;100;0;5;95;0.6305;0.5936;0.7020;0.0100;0.1100;0.0342;;;;;;;;5.75
2026-02-17T20:25:23.879716;VisA/macaroni2;cont_20pct_none;0.2;none;5;5;5;1;0;200;100;100;0;5;95;0.5390;0.5105;0.6667;0.0100;0.0400;-0.0573;;;;;;;;4.88
2026-02-17T20:25:28.681981;VisA/macaroni2;cont_20pct_loo_patch;0.2;loo_patch;5;5;5;1;196;200;100;100;0;5;95;0.5710;0.5439;0.6795;0.0100;0.0300;-0.0253;0.5585;0.0000;0;0.0000;0.0000;;;4.70
2026-02-17T20:25:35.562676;VisA/macaroni2;cont_20pct_mahalanobis_patch;0.2;mahalanobis_patch;5;5;5;1;196;200;100;100;0;5;95;0.5608;0.5394;0.6735;0.0100;0.0600;-0.0355;0.3805;0.0000;0;0.0000;0.0000;;;6.88
2026-02-17T20:25:42.449161;VisA/macaroni2;cont_20pct_ensemble_loo_mahal;0.2;ensemble_loo_mahal;5;5;5;1;196;200;100;100;0;5;95;0.5600;0.5267;0.6712;0.0100;0.0200;-0.0363;0.3665;0.0000;0;0.0000;0.0000;;;6.88
2026-02-17T20:25:47.247631;VisA/macaroni2;cont_30pct_none;0.3;none;5;5;5;2;0;200;100;100;0;5;95;0.4933;0.5083;0.6667;0.0300;0.0700;-0.1030;;;;;;;;4.78
2026-02-17T20:25:51.376779;VisA/macaroni2;cont_30pct_loo_patch;0.3;loo_patch;5;5;5;2;196;200;100;100;0;5;95;0.5133;0.5074;0.6667;0.0200;0.0300;-0.0830;0.1942;0.1667;0;0.0000;0.0000;;;4.12
2026-02-17T20:25:57.843659;VisA/macaroni2;cont_30pct_mahalanobis_patch;0.3;mahalanobis_patch;5;5;5;2;196;200;100;100;0;5;95;0.4921;0.5107;0.6712;0.0300;0.0500;-0.1042;-0.0117;0.1667;0;0.0000;0.0000;;;6.46
2026-02-17T20:26:04.139071;VisA/macaroni2;cont_30pct_ensemble_loo_mahal;0.3;ensemble_loo_mahal;5;5;5;2;196;200;100;100;0;5;95;0.5183;0.5203;0.6689;0.0200;0.0500;-0.0780;0.2427;0.1667;0;0.0000;0.0000;;;6.29
2026-02-17T20:26:09.097204;VisA/macaroni2;cont_0pct_none;0.0;none;5;5;5;0;0;200;100;100;1;5;95;0.5341;0.5038;0.6875;0.0100;0.0100;;;;;;;;;4.81
2026-02-17T20:26:14.042762;VisA/macaroni2;cont_0pct_loo_patch;0.0;loo_patch;5;5;5;0;196;200;100;100;1;5;95;0.5477;0.5187;0.6877;0.0100;0.0300;0.0136;;;;;;;;4.94
2026-02-17T20:26:21.069154;VisA/macaroni2;cont_0pct_mahalanobis_patch;0.0;mahalanobis_patch;5;5;5;0;196;200;100;100;1;5;95;0.5494;0.5136;0.6863;0.0000;0.0200;0.0153;;;;;;;;6.84
2026-02-17T20:26:27.627567;VisA/macaroni2;cont_0pct_ensemble_loo_mahal;0.0;ensemble_loo_mahal;5;5;5;0;196;200;100;100;1;5;95;0.5528;0.5142;0.6857;0.0100;0.0200;0.0187;;;;;;;;6.55
2026-02-17T20:26:32.002521;VisA/macaroni2;cont_20pct_none;0.2;none;5;5;5;1;0;200;100;100;1;5;95;0.4962;0.4792;0.6736;0.0100;0.0100;-0.0379;;;;;;;;4.36
2026-02-17T20:26:36.270609;VisA/macaroni2;cont_20pct_loo_patch;0.2;loo_patch;5;5;5;1;196;200;100;100;1;5;95;0.5016;0.4754;0.6787;0.0100;0.0100;-0.0325;0.1425;0.2500;0;0.0000;0.0000;;;4.26
2026-02-17T20:26:42.753548;VisA/macaroni2;cont_20pct_mahalanobis_patch;0.2;mahalanobis_patch;5;5;5;1;196;200;100;100;1;5;95;0.5073;0.4830;0.6690;0.0100;0.0300;-0.0268;0.2929;0.2500;0;0.0000;0.0000;;;6.48
2026-02-17T20:26:49.540030;VisA/macaroni2;cont_20pct_ensemble_loo_mahal;0.2;ensemble_loo_mahal;5;5;5;1;196;200;100;100;1;5;95;0.5105;0.4853;0.6737;0.0100;0.0200;-0.0236;0.3773;0.2500;0;0.0000;0.0000;;;6.78
2026-02-17T20:26:54.266974;VisA/macaroni2;cont_30pct_none;0.3;none;5;5;5;2;0;200;100;100;1;5;95;0.4889;0.4648;0.6667;0.0000;0.0200;-0.0452;;;;;;;;4.71
2026-02-17T20:26:59.827111;VisA/macaroni2;cont_30pct_loo_patch;0.3;loo_patch;5;5;5;2;196;200;100;100;1;5;95;0.4754;0.4640;0.6667;0.0000;0.0200;-0.0587;-0.2987;0.5000;0;0.5000;0.5000;;;4.95
2026-02-17T20:27:05.989940;VisA/macaroni2;cont_30pct_mahalanobis_patch;0.3;mahalanobis_patch;5;5;5;2;196;200;100;100;1;5;95;0.4886;0.4762;0.6667;0.0000;0.0300;-0.0455;-0.0066;0.5000;0;0.5000;0.5000;;;5.68
2026-02-17T20:27:12.067061;VisA/macaroni2;cont_30pct_ensemble_loo_mahal;0.3;ensemble_loo_mahal;5;5;5;2;196;200;100;100;1;5;95;0.4844;0.4723;0.6667;0.0000;0.0500;-0.0497;-0.0996;0.5000;0;0.5000;0.5000;;;6.07
2026-02-17T20:27:16.840807;VisA/macaroni2;cont_0pct_none;0.0;none;5;5;5;0;0;200;100;100;2;5;95;0.4545;0.4593;0.6667;0.0100;0.0100;;;;;;;;;4.66
2026-02-17T20:27:21.292299;VisA/macaroni2;cont_0pct_loo_patch;0.0;loo_patch;5;5;5;0;196;200;100;100;2;5;95;0.5150;0.5109;0.6667;0.0100;0.0100;0.0605;;;;;;;;4.45
2026-02-17T20:27:28.334073;VisA/macaroni2;cont_0pct_mahalanobis_patch;0.0;mahalanobis_patch;5;5;5;0;196;200;100;100;2;5;95;0.5119;0.4937;0.6667;0.0100;0.0100;0.0574;;;;;;;;6.75
2026-02-17T20:27:35.188450;VisA/macaroni2;cont_0pct_ensemble_loo_mahal;0.0;ensemble_loo_mahal;5;5;5;0;196;200;100;100;2;5;95;0.5297;0.5069;0.6736;0.0100;0.0100;0.0752;;;;;;;;6.85
2026-02-17T20:27:40.091720;VisA/macaroni2;cont_20pct_none;0.2;none;5;5;5;1;0;200;100;100;2;5;95;0.4742;0.4845;0.6667;0.0100;0.0100;0.0197;;;;;;;;4.89
2026-02-17T20:27:43.997282;VisA/macaroni2;cont_20pct_loo_patch;0.2;loo_patch;5;5;5;1;196;200;100;100;2;5;95;0.5208;0.5280;0.6667;0.0100;0.0400;0.0663;-2.3655;0.7500;0;0.0000;0.0000;;;3.77
2026-02-17T20:27:51.075344;VisA/macaroni2;cont_20pct_mahalanobis_patch;0.2;mahalanobis_patch;5;5;5;1;196;200;100;100;2;5;95;0.5374;0.5200;0.6735;0.0100;0.0100;0.0829;-3.2081;0.7500;0;0.0000;0.0000;;;7.07
2026-02-17T20:27:56.584815;VisA/macaroni2;cont_20pct_ensemble_loo_mahal;0.2;ensemble_loo_mahal;5;5;5;1;196;200;100;100;2;5;95;0.5437;0.5440;0.6689;0.0100;0.0800;0.0892;-3.5279;0.7500;0;0.0000;0.0000;;;5.50
2026-02-17T20:28:01.186882;VisA/macaroni2;cont_30pct_none;0.3;none;5;5;5;2;0;200;100;100;2;5;95;0.4477;0.4619;0.6667;0.0100;0.0100;-0.0068;;;;;;;;4.58
2026-02-17T20:28:06.814297;VisA/macaroni2;cont_30pct_loo_patch;0.3;loo_patch;5;5;5;2;196;200;100;100;2;5;95;0.4836;0.4808;0.6667;0.0100;0.0100;0.0291;5.2794;0.3333;0;0.5000;0.5000;;;5.27
2026-02-17T20:28:15.068763;VisA/macaroni2;cont_30pct_mahalanobis_patch;0.3;mahalanobis_patch;5;5;5;2;196;200;100;100;2;5;95;0.4691;0.4710;0.6667;0.0100;0.0100;0.0146;3.1471;0.3333;0;0.5000;0.5000;;;6.41
2026-02-17T20:28:21.734837;VisA/macaroni2;cont_30pct_ensemble_loo_mahal;0.3;ensemble_loo_mahal;5;5;5;2;196;200;100;100;2;5;95;0.4673;0.4716;0.6667;0.0000;0.0100;0.0128;2.8824;0.3333;0;0.5000;0.5000;;;6.66
2026-02-17T20:28:26.013785;VisA/macaroni2;cont_0pct_none;0.0;none;5;5;5;0;0;200;100;100;3;5;95;0.5065;0.4866;0.6689;0.0000;0.0200;;;;;;;;;4.17
2026-02-17T20:28:31.105390;VisA/macaroni2;cont_0pct_loo_patch;0.0;loo_patch;5;5;5;0;196;200;100;100;3;5;95;0.4899;0.4796;0.6689;0.0100;0.0300;-0.0166;;;;;;;;5.09
2026-02-17T20:28:36.673919;VisA/macaroni2;cont_0pct_mahalanobis_patch;0.0;mahalanobis_patch;5;5;5;0;196;200;100;100;3;5;95;0.5107;0.4951;0.6689;0.0100;0.0600;0.0042;;;;;;;;5.56
2026-02-17T20:28:42.919676;VisA/macaroni2;cont_0pct_ensemble_loo_mahal;0.0;ensemble_loo_mahal;5;5;5;0;196;200;100;100;3;5;95;0.5211;0.4985;0.6689;0.0100;0.0400;0.0146;;;;;;;;6.24
2026-02-17T20:28:47.827538;VisA/macaroni2;cont_20pct_none;0.2;none;5;5;5;1;0;200;100;100;3;5;95;0.5583;0.5280;0.6859;0.0100;0.0500;0.0518;;;;;;;;4.90
2026-02-17T20:28:52.753418;VisA/macaroni2;cont_20pct_loo_patch;0.2;loo_patch;5;5;5;1;196;200;100;100;3;5;95;0.5575;0.5374;0.6838;0.0300;0.0600;0.0510;0.0154;0.7500;0;0.0000;0.0000;;;4.92
2026-02-17T20:28:59.597459;VisA/macaroni2;cont_20pct_mahalanobis_patch;0.2;mahalanobis_patch;5;5;5;1;196;200;100;100;3;5;95;0.5287;0.5157;0.6784;0.0300;0.0300;0.0222;0.5714;0.7500;0;0.0000;0.0000;;;6.75
2026-02-17T20:29:05.185124;VisA/macaroni2;cont_20pct_ensemble_loo_mahal;0.2;ensemble_loo_mahal;5;5;5;1;196;200;100;100;3;5;95;0.5471;0.5297;0.6761;0.0300;0.0400;0.0406;0.2162;0.7500;0;0.0000;0.0000;;;5.58
2026-02-17T20:29:09.954951;VisA/macaroni2;cont_30pct_none;0.3;none;5;5;5;2;0;200;100;100;3;5;95;0.5234;0.4993;0.6667;0.0100;0.0300;0.0169;;;;;;;;4.75
2026-02-17T20:29:13.992372;VisA/macaroni2;cont_30pct_loo_patch;0.3;loo_patch;5;5;5;2;196;200;100;100;3;5;95;0.5898;0.5579;0.6909;0.0200;0.0700;0.0833;-3.9290;0.6667;1;0.5000;0.5000;;;4.03
2026-02-17T20:29:20.254949;VisA/macaroni2;cont_30pct_mahalanobis_patch;0.3;mahalanobis_patch;5;5;5;2;196;200;100;100;3;5;95;0.5307;0.5027;0.6758;0.0100;0.0400;0.0242;-0.4320;0.6667;1;0.5000;0.5000;;;6.26
2026-02-17T20:29:26.998371;VisA/macaroni2;cont_30pct_ensemble_loo_mahal;0.3;ensemble_loo_mahal;5;5;5;2;196;200;100;100;3;5;95;0.5622;0.5485;0.6781;0.0300;0.0700;0.0557;-2.2959;0.6667;1;0.5000;0.5000;;;6.74
2026-02-17T20:29:31.809225;VisA/macaroni2;cont_0pct_none;0.0;none;5;5;5;0;0;200;100;100;4;5;95;0.4565;0.4721;0.6667;0.0200;0.0300;;;;;;;;;4.67
2026-02-17T20:29:36.926497;VisA/macaroni2;cont_0pct_loo_patch;0.0;loo_patch;5;5;5;0;196;200;100;100;4;5;95;0.5049;0.5043;0.6689;0.0300;0.0400;0.0484;;;;;;;;5.01
2026-02-17T20:29:43.308065;VisA/macaroni2;cont_0pct_mahalanobis_patch;0.0;mahalanobis_patch;5;5;5;0;196;200;100;100;4;5;95;0.5135;0.4929;0.6667;0.0100;0.0200;0.0570;;;;;;;;6.06
2026-02-17T20:29:49.197465;VisA/macaroni2;cont_0pct_ensemble_loo_mahal;0.0;ensemble_loo_mahal;5;5;5;0;196;200;100;100;4;5;95;0.5303;0.5098;0.6667;0.0200;0.0200;0.0738;;;;;;;;5.89
2026-02-17T20:29:54.043453;VisA/macaroni2;cont_20pct_none;0.2;none;5;5;5;1;0;200;100;100;4;5;95;0.4696;0.4717;0.6667;0.0200;0.0200;0.0131;;;;;;;;4.83
2026-02-17T20:29:58.824429;VisA/macaroni2;cont_20pct_loo_patch;0.2;loo_patch;5;5;5;1;196;200;100;100;4;5;95;0.5207;0.4933;0.6667;0.0000;0.0100;0.0642;-3.9008;0.2500;0;0.0000;0.0000;;;4.65
2026-02-17T20:30:05.666910;VisA/macaroni2;cont_20pct_mahalanobis_patch;0.2;mahalanobis_patch;5;5;5;1;196;200;100;100;4;5;95;0.4922;0.4788;0.6667;0.0000;0.0300;0.0357;-1.7252;0.2500;0;0.0000;0.0000;;;6.72
2026-02-17T20:30:12.347243;VisA/macaroni2;cont_20pct_ensemble_loo_mahal;0.2;ensemble_loo_mahal;5;5;5;1;196;200;100;100;4;5;95;0.5139;0.4955;0.6667;0.0000;0.0300;0.0574;-3.3817;0.2500;0;0.0000;0.0000;;;6.68
2026-02-17T20:30:17.180262;VisA/macaroni2;cont_30pct_none;0.3;none;5;5;5;2;0;200;100;100;4;5;95;0.5107;0.5118;0.6667;0.0100;0.0400;0.0542;;;;;;;;4.82
2026-02-17T20:30:21.535660;VisA/macaroni2;cont_30pct_loo_patch;0.3;loo_patch;5;5;5;2;196;200;100;100;4;5;95;0.5194;0.5105;0.6667;0.0100;0.0200;0.0629;-0.1605;1.0000;1;1.0000;1.0000;;;4.35
2026-02-17T20:30:28.149845;VisA/macaroni2;cont_30pct_mahalanobis_patch;0.3;mahalanobis_patch;5;5;5;2;196;200;100;100;4;5;95;0.4984;0.4888;0.6667;0.0100;0.0100;0.0419;0.2269;1.0000;1;1.0000;1.0000;;;6.61
2026-02-17T20:30:35.426578;VisA/macaroni2;cont_30pct_ensemble_loo_mahal;0.3;ensemble_loo_mahal;5;5;5;2;196;200;100;100;4;5;95;0.5208;0.4996;0.6667;0.0100;0.0300;0.0643;-0.1863;1.0000;1;1.0000;1.0000;;;7.27
2026-02-17T20:30:43.849093;VisA/pcb1;cont_0pct_none;0.0;none;5;5;5;0;0;200;100;100;0;5;95;0.9285;0.9285;0.8571;0.5200;0.6200;;;;;;;;;4.79
2026-02-17T20:30:48.441227;VisA/pcb1;cont_0pct_loo_patch;0.0;loo_patch;5;5;5;0;196;200;100;100;0;5;95;0.9366;0.9325;0.8611;0.3600;0.7200;0.0081;;;;;;;;4.59
2026-02-17T20:30:55.257742;VisA/pcb1;cont_0pct_mahalanobis_patch;0.0;mahalanobis_patch;5;5;5;0;196;200;100;100;0;5;95;0.9396;0.9398;0.8708;0.5300;0.7000;0.0111;;;;;;;;6.81
2026-02-17T20:31:01.083883;VisA/pcb1;cont_0pct_ensemble_loo_mahal;0.0;ensemble_loo_mahal;5;5;5;0;196;200;100;100;0;5;95;0.9314;0.9295;0.8598;0.4300;0.6000;0.0029;;;;;;;;5.82
2026-02-17T20:31:05.949617;VisA/pcb1;cont_20pct_none;0.2;none;5;5;5;1;0;200;100;100;0;5;95;0.8962;0.8939;0.8522;0.3300;0.5200;-0.0323;;;;;;;;4.85
2026-02-17T20:31:10.006212;VisA/pcb1;cont_20pct_loo_patch;0.2;loo_patch;5;5;5;1;196;200;100;100;0;5;95;0.9270;0.9229;0.8571;0.3800;0.6600;-0.0015;0.9536;1.0000;1;1.0000;1.0000;;;4.05
2026-02-17T20:31:16.499306;VisA/pcb1;cont_20pct_mahalanobis_patch;0.2;mahalanobis_patch;5;5;5;1;196;200;100;100;0;5;95;0.9342;0.9232;0.8815;0.2900;0.5900;0.0057;1.1765;1.0000;1;1.0000;1.0000;;;6.49
2026-02-17T20:31:23.053225;VisA/pcb1;cont_20pct_ensemble_loo_mahal;0.2;ensemble_loo_mahal;5;5;5;1;196;200;100;100;0;5;95;0.9350;0.9289;0.8638;0.3600;0.7200;0.0065;1.2012;1.0000;1;1.0000;1.0000;;;6.55
2026-02-17T20:31:27.744800;VisA/pcb1;cont_30pct_none;0.3;none;5;5;5;2;0;200;100;100;0;5;95;0.9029;0.9141;0.8333;0.4400;0.6300;-0.0256;;;;;;;;4.68
2026-02-17T20:31:33.017632;VisA/pcb1;cont_30pct_loo_patch;0.3;loo_patch;5;5;5;2;196;200;100;100;0;5;95;0.9262;0.9180;0.8684;0.3400;0.5100;-0.0023;0.9102;1.0000;1;1.0000;1.0000;;;5.13
2026-02-17T20:31:39.433986;VisA/pcb1;cont_30pct_mahalanobis_patch;0.3;mahalanobis_patch;5;5;5;2;196;200;100;100;0;5;95;0.9230;0.9254;0.8509;0.4400;0.6100;-0.0055;0.7852;1.0000;1;1.0000;1.0000;;;6.41
2026-02-17T20:31:46.006000;VisA/pcb1;cont_30pct_ensemble_loo_mahal;0.3;ensemble_loo_mahal;5;5;5;2;196;200;100;100;0;5;95;0.9287;0.9256;0.8673;0.4500;0.5400;0.0002;1.0078;1.0000;1;1.0000;1.0000;;;6.57
2026-02-17T20:31:50.465065;VisA/pcb1;cont_0pct_none;0.0;none;5;5;5;0;0;200;100;100;1;5;95;0.9323;0.9267;0.8571;0.4300;0.6700;;;;;;;;;4.28
2026-02-17T20:31:54.911314;VisA/pcb1;cont_0pct_loo_patch;0.0;loo_patch;5;5;5;0;196;200;100;100;1;5;95;0.9313;0.9233;0.8626;0.4500;0.7000;-0.0010;;;;;;;;4.44
2026-02-17T20:32:01.846706;VisA/pcb1;cont_0pct_mahalanobis_patch;0.0;mahalanobis_patch;5;5;5;0;196;200;100;100;1;5;95;0.9401;0.9373;0.8611;0.5500;0.7300;0.0078;;;;;;;;6.76
2026-02-17T20:32:08.273671;VisA/pcb1;cont_0pct_ensemble_loo_mahal;0.0;ensemble_loo_mahal;5;5;5;0;196;200;100;100;1;5;95;0.9330;0.9280;0.8571;0.4500;0.6500;0.0007;;;;;;;;6.42
2026-02-17T20:32:13.235086;VisA/pcb1;cont_20pct_none;0.2;none;5;5;5;1;0;200;100;100;1;5;95;0.8770;0.8610;0.8522;0.1700;0.3700;-0.0553;;;;;;;;4.95
2026-02-17T20:32:17.783578;VisA/pcb1;cont_20pct_loo_patch;0.2;loo_patch;5;5;5;1;196;200;100;100;1;5;95;0.9258;0.9209;0.8571;0.3700;0.6100;-0.0065;0.8825;1.0000;1;1.0000;1.0000;;;4.31
2026-02-17T20:32:24.427049;VisA/pcb1;cont_20pct_mahalanobis_patch;0.2;mahalanobis_patch;5;5;5;1;196;200;100;100;1;5;95;0.9256;0.9172;0.8626;0.3200;0.5700;-0.0067;0.8788;1.0000;1;1.0000;1.0000;;;6.64
2026-02-17T20:32:30.692638;VisA/pcb1;cont_20pct_ensemble_loo_mahal;0.2;ensemble_loo_mahal;5;5;5;1;196;200;100;100;1;5;95;0.9339;0.9320;0.8571;0.4700;0.6900;0.0016;1.0289;1.0000;1;1.0000;1.0000;;;6.26
2026-02-17T20:32:35.487506;VisA/pcb1;cont_30pct_none;0.3;none;5;5;5;2;0;200;100;100;1;5;95;0.9140;0.9196;0.8612;0.4500;0.5500;-0.0183;;;;;;;;4.78
2026-02-17T20:32:40.584549;VisA/pcb1;cont_30pct_loo_patch;0.3;loo_patch;5;5;5;2;196;200;100;100;1;5;95;0.9180;0.9124;0.8534;0.4300;0.5400;-0.0143;0.2186;1.0000;1;1.0000;1.0000;;;4.96
2026-02-17T20:32:47.258711;VisA/pcb1;cont_30pct_mahalanobis_patch;0.3;mahalanobis_patch;5;5;5;2;196;200;100;100;1;5;95;0.9346;0.9331;0.8750;0.3900;0.6200;0.0023;1.1257;1.0000;1;1.0000;1.0000;;;6.55
2026-02-17T20:32:53.804099;VisA/pcb1;cont_30pct_ensemble_loo_mahal;0.3;ensemble_loo_mahal;5;5;5;2;196;200;100;100;1;5;95;0.9354;0.9289;0.8774;0.3700;0.6300;0.0031;1.1694;1.0000;1;1.0000;1.0000;;;6.54
2026-02-17T20:32:58.582485;VisA/pcb1;cont_0pct_none;0.0;none;5;5;5;0;0;200;100;100;2;5;95;0.9256;0.9205;0.8584;0.3900;0.5600;;;;;;;;;4.65
2026-02-17T20:33:03.729682;VisA/pcb1;cont_0pct_loo_patch;0.0;loo_patch;5;5;5;0;196;200;100;100;2;5;95;0.9274;0.9223;0.8585;0.3200;0.5700;0.0018;;;;;;;;5.14
2026-02-17T20:33:10.087761;VisA/pcb1;cont_0pct_mahalanobis_patch;0.0;mahalanobis_patch;5;5;5;0;196;200;100;100;2;5;95;0.9384;0.9362;0.8720;0.4400;0.6900;0.0128;;;;;;;;6.23
2026-02-17T20:33:16.658060;VisA/pcb1;cont_0pct_ensemble_loo_mahal;0.0;ensemble_loo_mahal;5;5;5;0;196;200;100;100;2;5;95;0.9302;0.9248;0.8679;0.3500;0.6400;0.0046;;;;;;;;6.57
2026-02-17T20:33:21.543045;VisA/pcb1;cont_20pct_none;0.2;none;5;5;5;1;0;200;100;100;2;5;95;0.9164;0.9133;0.8599;0.3700;0.5400;-0.0092;;;;;;;;4.87
2026-02-17T20:33:26.339514;VisA/pcb1;cont_20pct_loo_patch;0.2;loo_patch;5;5;5;1;196;200;100;100;2;5;95;0.9240;0.9148;0.8624;0.2700;0.6000;-0.0016;0.8261;1.0000;1;1.0000;1.0000;;;4.68
2026-02-17T20:33:33.078214;VisA/pcb1;cont_20pct_mahalanobis_patch;0.2;mahalanobis_patch;5;5;5;1;196;200;100;100;2;5;95;0.9318;0.9272;0.8792;0.4500;0.6000;0.0062;1.6739;1.0000;1;1.0000;1.0000;;;6.73
2026-02-17T20:33:38.462427;VisA/pcb1;cont_20pct_ensemble_loo_mahal;0.2;ensemble_loo_mahal;5;5;5;1;196;200;100;100;2;5;95;0.9249;0.9176;0.8704;0.4500;0.5900;-0.0007;0.9239;1.0000;1;1.0000;1.0000;;;5.38
2026-02-17T20:33:43.456310;VisA/pcb1;cont_30pct_none;0.3;none;5;5;5;2;0;200;100;100;2;5;95;0.9027;0.9193;0.8416;0.4500;0.6600;-0.0229;;;;;;;;4.98
2026-02-17T20:33:47.466388;VisA/pcb1;cont_30pct_loo_patch;0.3;loo_patch;5;5;5;2;196;200;100;100;2;5;95;0.9277;0.9205;0.8744;0.4300;0.5800;0.0021;1.0917;1.0000;1;1.0000;1.0000;;;3.79
2026-02-17T20:33:53.610853;VisA/pcb1;cont_30pct_mahalanobis_patch;0.3;mahalanobis_patch;5;5;5;2;196;200;100;100;2;5;95;0.9216;0.9288;0.8641;0.4600;0.6700;-0.0040;0.8253;1.0000;1;1.0000;1.0000;;;6.12
2026-02-17T20:34:00.204667;VisA/pcb1;cont_30pct_ensemble_loo_mahal;0.3;ensemble_loo_mahal;5;5;5;2;196;200;100;100;2;5;95;0.9186;0.9173;0.8571;0.4200;0.5800;-0.0070;0.6943;1.0000;1;1.0000;1.0000;;;6.59
2026-02-17T20:34:04.915701;VisA/pcb1;cont_0pct_none;0.0;none;5;5;5;0;0;200;100;100;3;5;95;0.9283;0.9164;0.8725;0.3200;0.6600;;;;;;;;;4.57
2026-02-17T20:34:09.917739;VisA/pcb1;cont_0pct_loo_patch;0.0;loo_patch;5;5;5;0;196;200;100;100;3;5;95;0.9315;0.9230;0.8670;0.3800;0.6700;0.0032;;;;;;;;5.00
2026-02-17T20:34:16.648216;VisA/pcb1;cont_0pct_mahalanobis_patch;0.0;mahalanobis_patch;5;5;5;0;196;200;100;100;3;5;95;0.9441;0.9442;0.8601;0.5600;0.7400;0.0158;;;;;;;;6.65
2026-02-17T20:34:23.040111;VisA/pcb1;cont_0pct_ensemble_loo_mahal;0.0;ensemble_loo_mahal;5;5;5;0;196;200;100;100;3;5;95;0.9345;0.9264;0.8641;0.3600;0.6800;0.0062;;;;;;;;6.39
2026-02-17T20:34:27.289986;VisA/pcb1;cont_20pct_none;0.2;none;5;5;5;1;0;200;100;100;3;5;95;0.9298;0.9319;0.8602;0.3500;0.7400;0.0015;;;;;;;;4.24
2026-02-17T20:34:31.835966;VisA/pcb1;cont_20pct_loo_patch;0.2;loo_patch;5;5;5;1;196;200;100;100;3;5;95;0.9295;0.9232;0.8600;0.2800;0.6500;0.0012;0.2000;1.0000;1;1.0000;1.0000;;;4.54
2026-02-17T20:34:38.820284;VisA/pcb1;cont_20pct_mahalanobis_patch;0.2;mahalanobis_patch;5;5;5;1;196;200;100;100;3;5;95;0.9339;0.9322;0.8584;0.4800;0.6700;0.0056;-2.7333;1.0000;1;1.0000;1.0000;;;6.88
2026-02-17T20:34:45.117525;VisA/pcb1;cont_20pct_ensemble_loo_mahal;0.2;ensemble_loo_mahal;5;5;5;1;196;200;100;100;3;5;95;0.9485;0.9476;0.8846;0.4800;0.6800;0.0202;-12.4667;1.0000;1;1.0000;1.0000;;;6.29
2026-02-17T20:34:50.080912;VisA/pcb1;cont_30pct_none;0.3;none;5;5;5;2;0;200;100;100;3;5;95;0.9002;0.9029;0.8532;0.3900;0.5600;-0.0281;;;;;;;;4.95
2026-02-17T20:34:54.590490;VisA/pcb1;cont_30pct_loo_patch;0.3;loo_patch;5;5;5;2;196;200;100;100;3;5;95;0.9514;0.9458;0.8995;0.4700;0.7000;0.0231;1.8221;1.0000;1;1.0000;1.0000;;;4.21
2026-02-17T20:35:01.184427;VisA/pcb1;cont_30pct_mahalanobis_patch;0.3;mahalanobis_patch;5;5;5;2;196;200;100;100;3;5;95;0.9412;0.9406;0.8738;0.3100;0.7700;0.0129;1.4591;1.0000;1;1.0000;1.0000;;;6.59
2026-02-17T20:35:07.722793;VisA/pcb1;cont_30pct_ensemble_loo_mahal;0.3;ensemble_loo_mahal;5;5;5;2;196;200;100;100;3;5;95;0.9390;0.9367;0.8609;0.4200;0.7300;0.0107;1.3808;1.0000;1;1.0000;1.0000;;;6.53
2026-02-17T20:35:12.620963;VisA/pcb1;cont_0pct_none;0.0;none;5;5;5;0;0;200;100;100;4;5;95;0.9457;0.9424;0.8750;0.4800;0.7400;;;;;;;;;4.77
2026-02-17T20:35:17.540927;VisA/pcb1;cont_0pct_loo_patch;0.0;loo_patch;5;5;5;0;196;200;100;100;4;5;95;0.9246;0.9174;0.8621;0.3700;0.5400;-0.0211;;;;;;;;4.92
2026-02-17T20:35:24.341795;VisA/pcb1;cont_0pct_mahalanobis_patch;0.0;mahalanobis_patch;5;5;5;0;196;200;100;100;4;5;95;0.9366;0.9263;0.8744;0.2800;0.6800;-0.0091;;;;;;;;6.62
2026-02-17T20:35:30.677340;VisA/pcb1;cont_0pct_ensemble_loo_mahal;0.0;ensemble_loo_mahal;5;5;5;0;196;200;100;100;4;5;95;0.9252;0.9185;0.8584;0.4400;0.4900;-0.0205;;;;;;;;6.33
2026-02-17T20:35:34.941484;VisA/pcb1;cont_20pct_none;0.2;none;5;5;5;1;0;200;100;100;4;5;95;0.9243;0.9288;0.8571;0.4400;0.6900;-0.0214;;;;;;;;4.25
2026-02-17T20:35:40.036649;VisA/pcb1;cont_20pct_loo_patch;0.2;loo_patch;5;5;5;1;196;200;100;100;4;5;95;0.9410;0.9408;0.8649;0.5400;0.6100;-0.0047;0.7804;1.0000;1;1.0000;1.0000;;;5.09
2026-02-17T20:35:45.756541;VisA/pcb1;cont_20pct_mahalanobis_patch;0.2;mahalanobis_patch;5;5;5;1;196;200;100;100;4;5;95;0.9311;0.9254;0.8767;0.3800;0.6000;-0.0146;0.3178;1.0000;1;1.0000;1.0000;;;5.59
2026-02-17T20:35:51.992004;VisA/pcb1;cont_20pct_ensemble_loo_mahal;0.2;ensemble_loo_mahal;5;5;5;1;196;200;100;100;4;5;95;0.9352;0.9334;0.8664;0.5000;0.6100;-0.0105;0.5093;1.0000;1;1.0000;1.0000;;;6.23
2026-02-17T20:35:57.100788;VisA/pcb1;cont_30pct_none;0.3;none;5;5;5;2;0;200;100;100;4;5;95;0.5659;0.6235;0.6667;0.1700;0.1800;-0.3798;;;;;;;;5.09
2026-02-17T20:36:02.205412;VisA/pcb1;cont_30pct_loo_patch;0.3;loo_patch;5;5;5;2;196;200;100;100;4;5;95;0.5166;0.5980;0.6689;0.1800;0.1900;-0.4291;-0.1298;0.3333;0;0.0000;0.0000;;;4.30
2026-02-17T20:36:09.166735;VisA/pcb1;cont_30pct_mahalanobis_patch;0.3;mahalanobis_patch;5;5;5;2;196;200;100;100;4;5;95;0.6204;0.6822;0.6737;0.2100;0.2600;-0.3253;0.1435;0.3333;0;0.0000;0.0000;;;6.96
2026-02-17T20:36:15.042155;VisA/pcb1;cont_30pct_ensemble_loo_mahal;0.3;ensemble_loo_mahal;5;5;5;2;196;200;100;100;4;5;95;0.5206;0.6042;0.6667;0.1900;0.2000;-0.4251;-0.1193;0.3333;0;0.0000;0.0000;;;5.87
2026-02-17T20:36:22.764052;VisA/pcb2;cont_0pct_none;0.0;none;5;5;5;0;0;200;100;100;0;5;95;0.7081;0.7087;0.7117;0.1000;0.2100;;;;;;;;;3.90
2026-02-17T20:36:27.865284;VisA/pcb2;cont_0pct_loo_patch;0.0;loo_patch;5;5;5;0;196;200;100;100;0;5;95;0.6869;0.6968;0.6960;0.1100;0.1900;-0.0212;;;;;;;;5.10
2026-02-17T20:36:34.130500;VisA/pcb2;cont_0pct_mahalanobis_patch;0.0;mahalanobis_patch;5;5;5;0;196;200;100;100;0;5;95;0.6996;0.7034;0.7048;0.1100;0.2000;-0.0085;;;;;;;;6.17
2026-02-17T20:36:40.607627;VisA/pcb2;cont_0pct_ensemble_loo_mahal;0.0;ensemble_loo_mahal;5;5;5;0;196;200;100;100;0;5;95;0.6910;0.6979;0.6904;0.1200;0.2100;-0.0171;;;;;;;;6.47
2026-02-17T20:36:44.685536;VisA/pcb2;cont_20pct_none;0.2;none;5;5;5;1;0;200;100;100;0;5;95;0.6892;0.6809;0.7165;0.0900;0.1500;-0.0189;;;;;;;;4.07
2026-02-17T20:36:48.607570;VisA/pcb2;cont_20pct_loo_patch;0.2;loo_patch;5;5;5;1;196;200;100;100;0;5;95;0.6956;0.6887;0.7165;0.1100;0.1900;-0.0125;0.3386;1.0000;1;1.0000;1.0000;;;3.91
2026-02-17T20:36:54.679177;VisA/pcb2;cont_20pct_mahalanobis_patch;0.2;mahalanobis_patch;5;5;5;1;196;200;100;100;0;5;95;0.6843;0.6961;0.6934;0.1300;0.1600;-0.0238;-0.2593;1.0000;1;1.0000;1.0000;;;6.07
2026-02-17T20:37:00.425329;VisA/pcb2;cont_20pct_ensemble_loo_mahal;0.2;ensemble_loo_mahal;5;5;5;1;196;200;100;100;0;5;95;0.6859;0.6880;0.7004;0.1000;0.1400;-0.0222;-0.1746;1.0000;1;1.0000;1.0000;;;5.74
2026-02-17T20:37:04.359360;VisA/pcb2;cont_30pct_none;0.3;none;5;5;5;2;0;200;100;100;0;5;95;0.6382;0.6516;0.6721;0.0900;0.1200;-0.0699;;;;;;;;3.92
2026-02-17T20:37:08.802024;VisA/pcb2;cont_30pct_loo_patch;0.3;loo_patch;5;5;5;2;196;200;100;100;0;5;95;0.6407;0.6549;0.6831;0.1100;0.1300;-0.0674;0.0358;1.0000;1;1.0000;1.0000;;;4.44
2026-02-17T20:37:14.989922;VisA/pcb2;cont_30pct_mahalanobis_patch;0.3;mahalanobis_patch;5;5;5;2;196;200;100;100;0;5;95;0.6627;0.6846;0.6863;0.1700;0.1700;-0.0454;0.3505;1.0000;1;1.0000;1.0000;;;6.18
2026-02-17T20:37:20.462826;VisA/pcb2;cont_30pct_ensemble_loo_mahal;0.3;ensemble_loo_mahal;5;5;5;2;196;200;100;100;0;5;95;0.6559;0.6745;0.6883;0.1100;0.1700;-0.0522;0.2532;1.0000;1;1.0000;1.0000;;;5.47
2026-02-17T20:37:24.136011;VisA/pcb2;cont_0pct_none;0.0;none;5;5;5;0;0;200;100;100;1;5;95;0.6736;0.6965;0.6897;0.0900;0.2300;;;;;;;;;3.51
2026-02-17T20:37:28.172907;VisA/pcb2;cont_0pct_loo_patch;0.0;loo_patch;5;5;5;0;196;200;100;100;1;5;95;0.6612;0.6866;0.6972;0.1200;0.2000;-0.0124;;;;;;;;4.03
2026-02-17T20:37:34.347158;VisA/pcb2;cont_0pct_mahalanobis_patch;0.0;mahalanobis_patch;5;5;5;0;196;200;100;100;1;5;95;0.6707;0.6992;0.6978;0.2100;0.2200;-0.0029;;;;;;;;6.17
2026-02-17T20:37:40.063510;VisA/pcb2;cont_0pct_ensemble_loo_mahal;0.0;ensemble_loo_mahal;5;5;5;0;196;200;100;100;1;5;95;0.6753;0.7014;0.6985;0.1400;0.2800;0.0017;;;;;;;;5.71
2026-02-17T20:37:44.259669;VisA/pcb2;cont_20pct_none;0.2;none;5;5;5;1;0;200;100;100;1;5;95;0.6718;0.6867;0.6882;0.1000;0.1800;-0.0018;;;;;;;;4.18
2026-02-17T20:37:48.293797;VisA/pcb2;cont_20pct_loo_patch;0.2;loo_patch;5;5;5;1;196;200;100;100;1;5;95;0.6869;0.6996;0.7031;0.1300;0.1700;0.0133;8.3889;1.0000;1;1.0000;1.0000;;;4.03
2026-02-17T20:37:54.593932;VisA/pcb2;cont_20pct_mahalanobis_patch;0.2;mahalanobis_patch;5;5;5;1;196;200;100;100;1;5;95;0.6954;0.7127;0.7200;0.1100;0.2200;0.0218;13.1111;1.0000;1;1.0000;1.0000;;;6.30
2026-02-17T20:38:00.703739;VisA/pcb2;cont_20pct_ensemble_loo_mahal;0.2;ensemble_loo_mahal;5;5;5;1;196;200;100;100;1;5;95;0.6790;0.7050;0.7094;0.1100;0.2400;0.0054;4.0000;1.0000;1;1.0000;1.0000;;;6.10
2026-02-17T20:38:04.557016;VisA/pcb2;cont_30pct_none;0.3;none;5;5;5;2;0;200;100;100;1;5;95;0.6470;0.6831;0.6738;0.1200;0.2000;-0.0266;;;;;;;;3.84
2026-02-17T20:38:08.990447;VisA/pcb2;cont_30pct_loo_patch;0.3;loo_patch;5;5;5;2;196;200;100;100;1;5;95;0.6754;0.7058;0.6820;0.1400;0.2200;0.0018;1.0677;1.0000;1;1.0000;1.0000;;;4.43
2026-02-17T20:38:15.318039;VisA/pcb2;cont_30pct_mahalanobis_patch;0.3;mahalanobis_patch;5;5;5;2;196;200;100;100;1;5;95;0.6701;0.7171;0.6741;0.1300;0.3000;-0.0035;0.8684;1.0000;1;1.0000;1.0000;;;6.32
2026-02-17T20:38:20.687361;VisA/pcb2;cont_30pct_ensemble_loo_mahal;0.3;ensemble_loo_mahal;5;5;5;2;196;200;100;100;1;5;95;0.6635;0.7095;0.6762;0.1600;0.2600;-0.0101;0.6203;1.0000;1;1.0000;1.0000;;;5.36
2026-02-17T20:38:24.907969;VisA/pcb2;cont_0pct_none;0.0;none;5;5;5;0;0;200;100;100;2;5;95;0.6317;0.6769;0.6667;0.1600;0.2400;;;;;;;;;4.13
2026-02-17T20:38:29.628616;VisA/pcb2;cont_0pct_loo_patch;0.0;loo_patch;5;5;5;0;196;200;100;100;2;5;95;0.6562;0.6954;0.6761;0.1500;0.1900;0.0245;;;;;;;;4.72
2026-02-17T20:38:35.264393;VisA/pcb2;cont_0pct_mahalanobis_patch;0.0;mahalanobis_patch;5;5;5;0;196;200;100;100;2;5;95;0.6517;0.6860;0.6713;0.1400;0.1700;0.0200;;;;;;;;5.63
2026-02-17T20:38:40.894444;VisA/pcb2;cont_0pct_ensemble_loo_mahal;0.0;ensemble_loo_mahal;5;5;5;0;196;200;100;100;2;5;95;0.6458;0.6850;0.6713;0.1600;0.1800;0.0141;;;;;;;;5.62
2026-02-17T20:38:45.346826;VisA/pcb2;cont_20pct_none;0.2;none;5;5;5;1;0;200;100;100;2;5;95;0.6270;0.6659;0.6667;0.1300;0.1600;-0.0047;;;;;;;;4.44
2026-02-17T20:38:50.062362;VisA/pcb2;cont_20pct_loo_patch;0.2;loo_patch;5;5;5;1;196;200;100;100;2;5;95;0.6537;0.6836;0.6762;0.1100;0.1900;0.0220;5.6809;1.0000;1;1.0000;1.0000;;;4.61
2026-02-17T20:38:56.116005;VisA/pcb2;cont_20pct_mahalanobis_patch;0.2;mahalanobis_patch;5;5;5;1;196;200;100;100;2;5;95;0.6530;0.6778;0.6747;0.1200;0.1500;0.0213;5.5319;1.0000;1;1.0000;1.0000;;;6.05
2026-02-17T20:39:01.761817;VisA/pcb2;cont_20pct_ensemble_loo_mahal;0.2;ensemble_loo_mahal;5;5;5;1;196;200;100;100;2;5;95;0.6471;0.6761;0.6738;0.1300;0.1800;0.0154;4.2766;1.0000;1;1.0000;1.0000;;;5.64
2026-02-17T20:39:06.235485;VisA/pcb2;cont_30pct_none;0.3;none;5;5;5;2;0;200;100;100;2;5;95;0.6679;0.6887;0.6816;0.1100;0.1700;0.0362;;;;;;;;4.46
2026-02-17T20:39:10.695357;VisA/pcb2;cont_30pct_loo_patch;0.3;loo_patch;5;5;5;2;196;200;100;100;2;5;95;0.6863;0.6962;0.6875;0.1300;0.1400;0.0546;-0.5083;0.8333;1;0.5000;0.5000;;;4.45
2026-02-17T20:39:16.185957;VisA/pcb2;cont_30pct_mahalanobis_patch;0.3;mahalanobis_patch;5;5;5;2;196;200;100;100;2;5;95;0.6796;0.7013;0.6970;0.1400;0.1900;0.0479;-0.3232;0.8333;1;0.5000;0.5000;;;5.49
2026-02-17T20:39:21.946963;VisA/pcb2;cont_30pct_ensemble_loo_mahal;0.3;ensemble_loo_mahal;5;5;5;2;196;200;100;100;2;5;95;0.6751;0.6914;0.6820;0.1100;0.1800;0.0434;-0.1989;0.8333;1;0.5000;0.5000;;;5.76
2026-02-17T20:39:26.459815;VisA/pcb2;cont_0pct_none;0.0;none;5;5;5;0;0;200;100;100;3;5;95;0.7001;0.7144;0.7248;0.1000;0.2300;;;;;;;;;4.38
2026-02-17T20:39:31.140308;VisA/pcb2;cont_0pct_loo_patch;0.0;loo_patch;5;5;5;0;196;200;100;100;3;5;95;0.6917;0.7059;0.7043;0.1500;0.2000;-0.0084;;;;;;;;4.68
2026-02-17T20:39:38.341408;VisA/pcb2;cont_0pct_mahalanobis_patch;0.0;mahalanobis_patch;5;5;5;0;196;200;100;100;3;5;95;0.7033;0.7188;0.6979;0.1500;0.2100;0.0032;;;;;;;;7.20
2026-02-17T20:39:44.698174;VisA/pcb2;cont_0pct_ensemble_loo_mahal;0.0;ensemble_loo_mahal;5;5;5;0;196;200;100;100;3;5;95;0.6962;0.7179;0.6960;0.1900;0.2300;-0.0039;;;;;;;;6.35
2026-02-17T20:39:49.047824;VisA/pcb2;cont_20pct_none;0.2;none;5;5;5;1;0;200;100;100;3;5;95;0.6392;0.6574;0.6875;0.1300;0.1600;-0.0609;;;;;;;;4.34
2026-02-17T20:39:52.948500;VisA/pcb2;cont_20pct_loo_patch;0.2;loo_patch;5;5;5;1;196;200;100;100;3;5;95;0.6688;0.6923;0.6818;0.1500;0.2300;-0.0313;0.4860;0.7500;0;0.0000;0.0000;;;3.89
2026-02-17T20:39:58.700824;VisA/pcb2;cont_20pct_mahalanobis_patch;0.2;mahalanobis_patch;5;5;5;1;196;200;100;100;3;5;95;0.6779;0.6996;0.6881;0.1600;0.2100;-0.0222;0.6355;0.7500;0;0.0000;0.0000;;;5.75
2026-02-17T20:40:04.942018;VisA/pcb2;cont_20pct_ensemble_loo_mahal;0.2;ensemble_loo_mahal;5;5;5;1;196;200;100;100;3;5;95;0.6650;0.6969;0.6786;0.1700;0.2400;-0.0351;0.4236;0.7500;0;0.0000;0.0000;;;6.23
2026-02-17T20:40:09.666585;VisA/pcb2;cont_30pct_none;0.3;none;5;5;5;2;0;200;100;100;3;5;95;0.5450;0.6081;0.6667;0.1200;0.1900;-0.1551;;;;;;;;4.71
2026-02-17T20:40:13.588816;VisA/pcb2;cont_30pct_loo_patch;0.3;loo_patch;5;5;5;2;196;200;100;100;3;5;95;0.5932;0.6427;0.6772;0.1300;0.2300;-0.1069;0.3108;1.0000;1;1.0000;1.0000;;;3.90
2026-02-17T20:40:19.052885;VisA/pcb2;cont_30pct_mahalanobis_patch;0.3;mahalanobis_patch;5;5;5;2;196;200;100;100;3;5;95;0.5838;0.6378;0.6746;0.1200;0.2200;-0.1163;0.2502;1.0000;1;1.0000;1.0000;;;5.46
2026-02-17T20:40:25.072343;VisA/pcb2;cont_30pct_ensemble_loo_mahal;0.3;ensemble_loo_mahal;5;5;5;2;196;200;100;100;3;5;95;0.5808;0.6402;0.6689;0.1300;0.2000;-0.1193;0.2308;1.0000;1;1.0000;1.0000;;;6.01
2026-02-17T20:40:29.910673;VisA/pcb2;cont_0pct_none;0.0;none;5;5;5;0;0;200;100;100;4;5;95;0.6443;0.7195;0.6734;0.1900;0.3300;;;;;;;;;4.70
2026-02-17T20:40:34.089008;VisA/pcb2;cont_0pct_loo_patch;0.0;loo_patch;5;5;5;0;196;200;100;100;4;5;95;0.6501;0.7036;0.6712;0.1600;0.2400;0.0058;;;;;;;;4.17
2026-02-17T20:40:39.991707;VisA/pcb2;cont_0pct_mahalanobis_patch;0.0;mahalanobis_patch;5;5;5;0;196;200;100;100;4;5;95;0.6798;0.7229;0.6757;0.1700;0.2900;0.0355;;;;;;;;5.90
2026-02-17T20:40:46.503014;VisA/pcb2;cont_0pct_ensemble_loo_mahal;0.0;ensemble_loo_mahal;5;5;5;0;196;200;100;100;4;5;95;0.6514;0.7052;0.6780;0.1800;0.2200;0.0071;;;;;;;;6.51
2026-02-17T20:40:50.422619;VisA/pcb2;cont_20pct_none;0.2;none;5;5;5;1;0;200;100;100;4;5;95;0.7185;0.7435;0.7054;0.1500;0.3200;0.0742;;;;;;;;3.91
2026-02-17T20:40:54.236430;VisA/pcb2;cont_20pct_loo_patch;0.2;loo_patch;5;5;5;1;196;200;100;100;4;5;95;0.7023;0.7339;0.7049;0.1600;0.3000;0.0580;0.2183;0.5000;0;0.0000;0.0000;;;3.81
2026-02-17T20:41:00.593424;VisA/pcb2;cont_20pct_mahalanobis_patch;0.2;mahalanobis_patch;5;5;5;1;196;200;100;100;4;5;95;0.7308;0.7535;0.7035;0.1200;0.2700;0.0865;-0.1658;0.5000;0;0.0000;0.0000;;;6.35
2026-02-17T20:41:06.451793;VisA/pcb2;cont_20pct_ensemble_loo_mahal;0.2;ensemble_loo_mahal;5;5;5;1;196;200;100;100;4;5;95;0.7203;0.7463;0.6983;0.1100;0.3500;0.0760;-0.0243;0.5000;0;0.0000;0.0000;;;5.85
2026-02-17T20:41:11.007026;VisA/pcb2;cont_30pct_none;0.3;none;5;5;5;2;0;200;100;100;4;5;95;0.6608;0.6969;0.6696;0.1300;0.2600;0.0165;;;;;;;;4.54
2026-02-17T20:41:15.143385;VisA/pcb2;cont_30pct_loo_patch;0.3;loo_patch;5;5;5;2;196;200;100;100;4;5;95;0.6687;0.7105;0.6780;0.1600;0.3100;0.0244;-0.4788;0.8333;1;0.5000;0.5000;;;4.13
2026-02-17T20:41:21.857447;VisA/pcb2;cont_30pct_mahalanobis_patch;0.3;mahalanobis_patch;5;5;5;2;196;200;100;100;4;5;95;0.6758;0.7176;0.6690;0.1400;0.2200;0.0315;-0.9091;0.8333;1;0.5000;0.5000;;;6.71
2026-02-17T20:41:27.523471;VisA/pcb2;cont_30pct_ensemble_loo_mahal;0.3;ensemble_loo_mahal;5;5;5;2;196;200;100;100;4;5;95;0.6712;0.7163;0.6667;0.1400;0.3300;0.0269;-0.6303;0.8333;1;0.5000;0.5000;;;5.66
2026-02-17T20:41:35.079207;VisA/pcb3;cont_0pct_none;0.0;none;5;5;5;0;0;201;101;100;0;5;95;0.7650;0.7970;0.7241;0.2100;0.3700;;;;;;;;;4.61
2026-02-17T20:41:39.695550;VisA/pcb3;cont_0pct_loo_patch;0.0;loo_patch;5;5;5;0;196;201;101;100;0;5;95;0.7717;0.7981;0.7358;0.3200;0.3800;0.0067;;;;;;;;4.61
2026-02-17T20:41:45.712503;VisA/pcb3;cont_0pct_mahalanobis_patch;0.0;mahalanobis_patch;5;5;5;0;196;201;101;100;0;5;95;0.7387;0.7785;0.7069;0.2700;0.3700;-0.0262;;;;;;;;6.01
2026-02-17T20:41:51.653210;VisA/pcb3;cont_0pct_ensemble_loo_mahal;0.0;ensemble_loo_mahal;5;5;5;0;196;201;101;100;0;5;95;0.7714;0.7981;0.7373;0.2700;0.3800;0.0064;;;;;;;;5.93
2026-02-17T20:41:56.433903;VisA/pcb3;cont_20pct_none;0.2;none;5;5;5;1;0;201;101;100;0;5;95;0.7062;0.7522;0.6820;0.1700;0.3800;-0.0587;;;;;;;;4.77
2026-02-17T20:42:01.133504;VisA/pcb3;cont_20pct_loo_patch;0.2;loo_patch;5;5;5;1;196;201;101;100;0;5;95;0.7508;0.7790;0.7246;0.2600;0.3100;-0.0142;0.7589;1.0000;1;1.0000;1.0000;;;4.69
2026-02-17T20:42:06.579282;VisA/pcb3;cont_20pct_mahalanobis_patch;0.2;mahalanobis_patch;5;5;5;1;196;201;101;100;0;5;95;0.7264;0.7584;0.7217;0.2000;0.3400;-0.0385;0.3440;1.0000;1;1.0000;1.0000;;;5.44
2026-02-17T20:42:13.785731;VisA/pcb3;cont_20pct_ensemble_loo_mahal;0.2;ensemble_loo_mahal;5;5;5;1;196;201;101;100;0;5;95;0.7222;0.7466;0.6983;0.1800;0.3000;-0.0428;0.2715;1.0000;1;1.0000;1.0000;;;7.20
2026-02-17T20:42:18.272289;VisA/pcb3;cont_30pct_none;0.3;none;5;5;5;2;0;201;101;100;0;5;95;0.6965;0.7419;0.6764;0.2000;0.3000;-0.0684;;;;;;;;4.47
2026-02-17T20:42:23.097967;VisA/pcb3;cont_30pct_loo_patch;0.3;loo_patch;5;5;5;2;196;201;101;100;0;5;95;0.7074;0.7516;0.6798;0.2500;0.3100;-0.0575;0.1592;0.5000;1;0.5000;0.5000;;;4.82
2026-02-17T20:42:28.687650;VisA/pcb3;cont_30pct_mahalanobis_patch;0.3;mahalanobis_patch;5;5;5;2;196;201;101;100;0;5;95;0.6793;0.7326;0.6766;0.2300;0.3800;-0.0856;-0.2518;0.5000;1;0.5000;0.5000;;;5.58
2026-02-17T20:42:34.806160;VisA/pcb3;cont_30pct_ensemble_loo_mahal;0.3;ensemble_loo_mahal;5;5;5;2;196;201;101;100;0;5;95;0.6936;0.7417;0.6795;0.2100;0.3500;-0.0714;-0.0434;0.5000;1;0.5000;0.5000;;;6.11
2026-02-17T20:42:39.348391;VisA/pcb3;cont_0pct_none;0.0;none;5;5;5;0;0;201;101;100;1;5;95;0.8178;0.8273;0.7563;0.2500;0.3400;;;;;;;;;4.39
2026-02-17T20:42:43.474805;VisA/pcb3;cont_0pct_loo_patch;0.0;loo_patch;5;5;5;0;196;201;101;100;1;5;95;0.8295;0.8397;0.7944;0.3100;0.3800;0.0117;;;;;;;;4.03
2026-02-17T20:42:49.129001;VisA/pcb3;cont_0pct_mahalanobis_patch;0.0;mahalanobis_patch;5;5;5;0;196;201;101;100;1;5;95;0.8092;0.8250;0.7598;0.3100;0.3800;-0.0086;;;;;;;;5.65
2026-02-17T20:42:55.142095;VisA/pcb3;cont_0pct_ensemble_loo_mahal;0.0;ensemble_loo_mahal;5;5;5;0;196;201;101;100;1;5;95;0.8310;0.8516;0.7751;0.3400;0.4700;0.0132;;;;;;;;6.01
2026-02-17T20:42:59.941261;VisA/pcb3;cont_20pct_none;0.2;none;5;5;5;1;0;201;101;100;1;5;95;0.8157;0.8233;0.7783;0.2800;0.3800;-0.0021;;;;;;;;4.79
2026-02-17T20:43:06.420475;VisA/pcb3;cont_20pct_loo_patch;0.2;loo_patch;5;5;5;1;196;201;101;100;1;5;95;0.8327;0.8426;0.7803;0.2800;0.4500;0.0149;8.1429;1.0000;1;1.0000;1.0000;;;5.19
2026-02-17T20:43:12.220721;VisA/pcb3;cont_20pct_mahalanobis_patch;0.2;mahalanobis_patch;5;5;5;1;196;201;101;100;1;5;95;0.8273;0.8455;0.7700;0.3700;0.4400;0.0095;5.5714;1.0000;1;1.0000;1.0000;;;5.79
2026-02-17T20:43:17.935395;VisA/pcb3;cont_20pct_ensemble_loo_mahal;0.2;ensemble_loo_mahal;5;5;5;1;196;201;101;100;1;5;95;0.8308;0.8436;0.7814;0.3400;0.4400;0.0130;7.2381;1.0000;1;1.0000;1.0000;;;5.71
2026-02-17T20:43:22.597205;VisA/pcb3;cont_30pct_none;0.3;none;5;5;5;2;0;201;101;100;1;5;95;0.8019;0.8167;0.7611;0.2300;0.3800;-0.0159;;;;;;;;4.64
2026-02-17T20:43:28.004620;VisA/pcb3;cont_30pct_loo_patch;0.3;loo_patch;5;5;5;2;196;201;101;100;1;5;95;0.8251;0.8349;0.7921;0.2100;0.4000;0.0073;1.4611;0.5000;1;0.5000;0.5000;;;5.05
2026-02-17T20:43:34.203431;VisA/pcb3;cont_30pct_mahalanobis_patch;0.3;mahalanobis_patch;5;5;5;2;196;201;101;100;1;5;95;0.8108;0.8321;0.7615;0.3000;0.3600;-0.0070;0.5576;0.5000;1;0.5000;0.5000;;;6.19
2026-02-17T20:43:40.850742;VisA/pcb3;cont_30pct_ensemble_loo_mahal;0.3;ensemble_loo_mahal;5;5;5;2;196;201;101;100;1;5;95;0.8360;0.8440;0.7773;0.2200;0.4500;0.0182;2.1464;0.5000;1;0.5000;0.5000;;;6.64
2026-02-17T20:43:44.936586;VisA/pcb3;cont_0pct_none;0.0;none;5;5;5;0;0;201;101;100;2;5;95;0.8415;0.8569;0.7807;0.3600;0.4700;;;;;;;;;3.96
2026-02-17T20:43:49.297196;VisA/pcb3;cont_0pct_loo_patch;0.0;loo_patch;5;5;5;0;196;201;101;100;2;5;95;0.8264;0.8481;0.7830;0.4000;0.4500;-0.0150;;;;;;;;4.35
2026-02-17T20:43:55.812554;VisA/pcb3;cont_0pct_mahalanobis_patch;0.0;mahalanobis_patch;5;5;5;0;196;201;101;100;2;5;95;0.8315;0.8495;0.7767;0.3300;0.4400;-0.0100;;;;;;;;6.51
2026-02-17T20:44:02.725248;VisA/pcb3;cont_0pct_ensemble_loo_mahal;0.0;ensemble_loo_mahal;5;5;5;0;196;201;101;100;2;5;95;0.8336;0.8475;0.7892;0.3500;0.4300;-0.0079;;;;;;;;6.91
2026-02-17T20:44:07.259592;VisA/pcb3;cont_20pct_none;0.2;none;5;5;5;1;0;201;101;100;2;5;95;0.8511;0.8699;0.8235;0.3600;0.4800;0.0096;;;;;;;;4.52
2026-02-17T20:44:12.404432;VisA/pcb3;cont_20pct_loo_patch;0.2;loo_patch;5;5;5;1;196;201;101;100;2;5;95;0.8294;0.8488;0.7907;0.3600;0.4500;-0.0121;2.2577;0.5000;0;0.0000;0.0000;;;5.14
2026-02-17T20:44:18.456578;VisA/pcb3;cont_20pct_mahalanobis_patch;0.2;mahalanobis_patch;5;5;5;1;196;201;101;100;2;5;95;0.8429;0.8652;0.8037;0.3800;0.4500;0.0014;0.8557;0.5000;0;0.0000;0.0000;;;5.75
2026-02-17T20:44:24.690030;VisA/pcb3;cont_20pct_ensemble_loo_mahal;0.2;ensemble_loo_mahal;5;5;5;1;196;201;101;100;2;5;95;0.8317;0.8564;0.7773;0.3700;0.4900;-0.0098;2.0206;0.5000;0;0.0000;0.0000;;;6.23
2026-02-17T20:44:29.343019;VisA/pcb3;cont_30pct_none;0.3;none;5;5;5;2;0;201;101;100;2;5;95;0.8224;0.8466;0.7727;0.3300;0.4000;-0.0191;;;;;;;;4.64
2026-02-17T20:44:33.901421;VisA/pcb3;cont_30pct_loo_patch;0.3;loo_patch;5;5;5;2;196;201;101;100;2;5;95;0.8200;0.8384;0.7700;0.2300;0.4700;-0.0215;-0.1244;0.1667;0;0.0000;0.0000;;;4.55
2026-02-17T20:44:40.501551;VisA/pcb3;cont_30pct_mahalanobis_patch;0.3;mahalanobis_patch;5;5;5;2;196;201;101;100;2;5;95;0.8121;0.8380;0.7644;0.3500;0.4800;-0.0294;-0.5389;0.1667;0;0.0000;0.0000;;;6.59
2026-02-17T20:44:47.383253;VisA/pcb3;cont_30pct_ensemble_loo_mahal;0.3;ensemble_loo_mahal;5;5;5;2;196;201;101;100;2;5;95;0.8065;0.8249;0.7658;0.3100;0.3700;-0.0350;-0.8290;0.1667;0;0.0000;0.0000;;;6.87
2026-02-17T20:44:51.555997;VisA/pcb3;cont_0pct_none;0.0;none;5;5;5;0;0;201;101;100;3;5;95;0.8212;0.8405;0.7586;0.3000;0.4900;;;;;;;;;4.02
2026-02-17T20:44:56.379196;VisA/pcb3;cont_0pct_loo_patch;0.0;loo_patch;5;5;5;0;196;201;101;100;3;5;95;0.8238;0.8409;0.7600;0.2800;0.4100;0.0026;;;;;;;;4.82
2026-02-17T20:45:02.952875;VisA/pcb3;cont_0pct_mahalanobis_patch;0.0;mahalanobis_patch;5;5;5;0;196;201;101;100;3;5;95;0.8134;0.8345;0.7500;0.3000;0.4200;-0.0078;;;;;;;;6.57
2026-02-17T20:45:09.313538;VisA/pcb3;cont_0pct_ensemble_loo_mahal;0.0;ensemble_loo_mahal;5;5;5;0;196;201;101;100;3;5;95;0.8208;0.8444;0.7692;0.2900;0.4700;-0.0004;;;;;;;;6.36
2026-02-17T20:45:14.131384;VisA/pcb3;cont_20pct_none;0.2;none;5;5;5;1;0;201;101;100;3;5;95;0.8180;0.8408;0.7678;0.3400;0.4100;-0.0032;;;;;;;;4.80
2026-02-17T20:45:18.847810;VisA/pcb3;cont_20pct_loo_patch;0.2;loo_patch;5;5;5;1;196;201;101;100;3;5;95;0.8135;0.8322;0.7473;0.2800;0.3900;-0.0077;-1.4375;1.0000;1;1.0000;1.0000;;;4.61
2026-02-17T20:45:25.756593;VisA/pcb3;cont_20pct_mahalanobis_patch;0.2;mahalanobis_patch;5;5;5;1;196;201;101;100;3;5;95;0.7876;0.8101;0.7397;0.2600;0.3800;-0.0336;-9.5937;1.0000;1;1.0000;1.0000;;;6.90
2026-02-17T20:45:31.731946;VisA/pcb3;cont_20pct_ensemble_loo_mahal;0.2;ensemble_loo_mahal;5;5;5;1;196;201;101;100;3;5;95;0.8097;0.8354;0.7500;0.3200;0.4200;-0.0115;-2.6250;1.0000;1;1.0000;1.0000;;;5.97
2026-02-17T20:45:35.788752;VisA/pcb3;cont_30pct_none;0.3;none;5;5;5;2;0;201;101;100;3;5;95;0.7862;0.8094;0.7368;0.2200;0.3800;-0.0350;;;;;;;;4.05
2026-02-17T20:45:40.761681;VisA/pcb3;cont_30pct_loo_patch;0.3;loo_patch;5;5;5;2;196;201;101;100;3;5;95;0.7870;0.8111;0.7292;0.2100;0.4700;-0.0342;0.0227;1.0000;1;1.0000;1.0000;;;4.97
2026-02-17T20:45:47.342074;VisA/pcb3;cont_30pct_mahalanobis_patch;0.3;mahalanobis_patch;5;5;5;2;196;201;101;100;3;5;95;0.7811;0.8108;0.7191;0.2300;0.4200;-0.0401;-0.1473;1.0000;1;1.0000;1.0000;;;6.58
2026-02-17T20:45:54.043542;VisA/pcb3;cont_30pct_ensemble_loo_mahal;0.3;ensemble_loo_mahal;5;5;5;2;196;201;101;100;3;5;95;0.7952;0.8166;0.7385;0.2000;0.4400;-0.0259;0.2578;1.0000;1;1.0000;1.0000;;;6.69
2026-02-17T20:45:59.338605;VisA/pcb3;cont_0pct_none;0.0;none;5;5;5;0;0;201;101;100;4;5;95;0.8507;0.8599;0.8163;0.2300;0.5200;;;;;;;;;5.14
2026-02-17T20:46:03.322650;VisA/pcb3;cont_0pct_loo_patch;0.0;loo_patch;5;5;5;0;196;201;101;100;4;5;95;0.8469;0.8603;0.8000;0.2700;0.5200;-0.0038;;;;;;;;3.98
2026-02-17T20:46:08.884696;VisA/pcb3;cont_0pct_mahalanobis_patch;0.0;mahalanobis_patch;5;5;5;0;196;201;101;100;4;5;95;0.8509;0.8616;0.8100;0.2400;0.4900;0.0002;;;;;;;;5.56
2026-02-17T20:46:15.926287;VisA/pcb3;cont_0pct_ensemble_loo_mahal;0.0;ensemble_loo_mahal;5;5;5;0;196;201;101;100;4;5;95;0.8469;0.8538;0.8057;0.2700;0.4400;-0.0038;;;;;;;;7.03
2026-02-17T20:46:20.439213;VisA/pcb3;cont_20pct_none;0.2;none;5;5;5;1;0;201;101;100;4;5;95;0.8289;0.8537;0.7861;0.3100;0.5100;-0.0218;;;;;;;;4.50
2026-02-17T20:46:25.790736;VisA/pcb3;cont_20pct_loo_patch;0.2;loo_patch;5;5;5;1;196;201;101;100;4;5;95;0.8446;0.8547;0.8000;0.2900;0.4100;-0.0061;0.7182;1.0000;1;1.0000;1.0000;;;5.15
2026-02-17T20:46:32.512307;VisA/pcb3;cont_20pct_mahalanobis_patch;0.2;mahalanobis_patch;5;5;5;1;196;201;101;100;4;5;95;0.8211;0.8497;0.7810;0.3500;0.4600;-0.0296;-0.3591;1.0000;1;1.0000;1.0000;;;6.72
2026-02-17T20:46:38.287447;VisA/pcb3;cont_20pct_ensemble_loo_mahal;0.2;ensemble_loo_mahal;5;5;5;1;196;201;101;100;4;5;95;0.8409;0.8608;0.8057;0.2900;0.4700;-0.0098;0.5500;1.0000;1;1.0000;1.0000;;;5.76
2026-02-17T20:46:43.245716;VisA/pcb3;cont_30pct_none;0.3;none;5;5;5;2;0;201;101;100;4;5;95;0.7839;0.8183;0.7304;0.3000;0.4300;-0.0668;;;;;;;;4.94
2026-02-17T20:46:47.457028;VisA/pcb3;cont_30pct_loo_patch;0.3;loo_patch;5;5;5;2;196;201;101;100;4;5;95;0.8008;0.8207;0.7558;0.3000;0.3400;-0.0499;0.2533;1.0000;1;1.0000;1.0000;;;4.10
2026-02-17T20:46:53.810401;VisA/pcb3;cont_30pct_mahalanobis_patch;0.3;mahalanobis_patch;5;5;5;2;196;201;101;100;4;5;95;0.7754;0.8091;0.7310;0.3400;0.3900;-0.0752;-0.1259;1.0000;1;1.0000;1.0000;;;6.35
2026-02-17T20:47:00.843106;VisA/pcb3;cont_30pct_ensemble_loo_mahal;0.3;ensemble_loo_mahal;5;5;5;2;196;201;101;100;4;5;95;0.8029;0.8289;0.7380;0.3100;0.4000;-0.0478;0.2844;1.0000;1;1.0000;1.0000;;;7.03
2026-02-17T20:47:09.373803;VisA/pcb4;cont_0pct_none;0.0;none;5;5;5;0;0;201;101;100;0;5;95;0.9898;0.9894;0.9557;0.7800;0.9500;;;;;;;;;4.99
2026-02-17T20:47:13.368703;VisA/pcb4;cont_0pct_loo_patch;0.0;loo_patch;5;5;5;0;196;201;101;100;0;5;95;0.9818;0.9808;0.9388;0.6700;0.9200;-0.0080;;;;;;;;3.99
2026-02-17T20:47:20.008769;VisA/pcb4;cont_0pct_mahalanobis_patch;0.0;mahalanobis_patch;5;5;5;0;196;201;101;100;0;5;95;0.9850;0.9850;0.9378;0.7400;0.9000;-0.0048;;;;;;;;6.63
2026-02-17T20:47:26.015443;VisA/pcb4;cont_0pct_ensemble_loo_mahal;0.0;ensemble_loo_mahal;5;5;5;0;196;201;101;100;0;5;95;0.9853;0.9855;0.9400;0.7700;0.9300;-0.0045;;;;;;;;6.00
2026-02-17T20:47:30.968753;VisA/pcb4;cont_20pct_none;0.2;none;5;5;5;1;0;201;101;100;0;5;95;0.9723;0.9775;0.9202;0.7900;0.8700;-0.0175;;;;;;;;4.94
2026-02-17T20:47:36.038092;VisA/pcb4;cont_20pct_loo_patch;0.2;loo_patch;5;5;5;1;196;201;101;100;0;5;95;0.9866;0.9865;0.9469;0.7900;0.8900;-0.0032;0.8192;0.7500;0;0.0000;0.0000;;;4.97
2026-02-17T20:47:42.785643;VisA/pcb4;cont_20pct_mahalanobis_patch;0.2;mahalanobis_patch;5;5;5;1;196;201;101;100;0;5;95;0.9812;0.9813;0.9378;0.7800;0.8500;-0.0086;0.5085;0.7500;0;0.0000;0.0000;;;6.74
2026-02-17T20:47:48.645562;VisA/pcb4;cont_20pct_ensemble_loo_mahal;0.2;ensemble_loo_mahal;5;5;5;1;196;201;101;100;0;5;95;0.9830;0.9831;0.9300;0.7600;0.8600;-0.0068;0.6102;0.7500;0;0.0000;0.0000;;;5.85
2026-02-17T20:47:52.916538;VisA/pcb4;cont_30pct_none;0.3;none;5;5;5;2;0;201;101;100;0;5;95;0.9058;0.9170;0.8410;0.5600;0.6400;-0.0840;;;;;;;;4.26
2026-02-17T20:47:56.808561;VisA/pcb4;cont_30pct_loo_patch;0.3;loo_patch;5;5;5;2;196;201;101;100;0;5;95;0.9542;0.9527;0.9010;0.4900;0.7700;-0.0356;0.5755;0.3333;0;0.0000;0.0000;;;3.83
2026-02-17T20:48:03.209030;VisA/pcb4;cont_30pct_mahalanobis_patch;0.3;mahalanobis_patch;5;5;5;2;196;201;101;100;0;5;95;0.9467;0.9530;0.8867;0.6500;0.7700;-0.0431;0.4870;0.3333;0;0.0000;0.0000;;;6.39
2026-02-17T20:48:09.614053;VisA/pcb4;cont_30pct_ensemble_loo_mahal;0.3;ensemble_loo_mahal;5;5;5;2;196;201;101;100;0;5;95;0.9562;0.9601;0.8980;0.6100;0.8200;-0.0336;0.6002;0.3333;0;0.0000;0.0000;;;6.40
2026-02-17T20:48:14.677935;VisA/pcb4;cont_0pct_none;0.0;none;5;5;5;0;0;201;101;100;1;5;95;0.9751;0.9712;0.9302;0.7200;0.8300;;;;;;;;;4.92
2026-02-17T20:48:19.652958;VisA/pcb4;cont_0pct_loo_patch;0.0;loo_patch;5;5;5;0;196;201;101;100;1;5;95;0.9788;0.9771;0.9302;0.6300;0.9000;0.0037;;;;;;;;4.87
2026-02-17T20:48:25.891194;VisA/pcb4;cont_0pct_mahalanobis_patch;0.0;mahalanobis_patch;5;5;5;0;196;201;101;100;1;5;95;0.9682;0.9643;0.9245;0.5600;0.7900;-0.0069;;;;;;;;6.23
2026-02-17T20:48:32.858679;VisA/pcb4;cont_0pct_ensemble_loo_mahal;0.0;ensemble_loo_mahal;5;5;5;0;196;201;101;100;1;5;95;0.9739;0.9683;0.9429;0.6600;0.8100;-0.0013;;;;;;;;6.96
2026-02-17T20:48:37.415474;VisA/pcb4;cont_20pct_none;0.2;none;5;5;5;1;0;201;101;100;1;5;95;0.9212;0.9166;0.8812;0.3000;0.6400;-0.0540;;;;;;;;4.55
2026-02-17T20:48:42.601880;VisA/pcb4;cont_20pct_loo_patch;0.2;loo_patch;5;5;5;1;196;201;101;100;1;5;95;0.9415;0.9386;0.8889;0.4200;0.7800;-0.0337;0.3761;0.7500;0;0.0000;0.0000;;;5.05
2026-02-17T20:48:49.073504;VisA/pcb4;cont_20pct_mahalanobis_patch;0.2;mahalanobis_patch;5;5;5;1;196;201;101;100;1;5;95;0.9355;0.9365;0.8824;0.5600;0.6900;-0.0396;0.2661;0.7500;0;0.0000;0.0000;;;6.47
2026-02-17T20:48:54.837529;VisA/pcb4;cont_20pct_ensemble_loo_mahal;0.2;ensemble_loo_mahal;5;5;5;1;196;201;101;100;1;5;95;0.9442;0.9442;0.9038;0.4300;0.8000;-0.0310;0.4257;0.7500;0;0.0000;0.0000;;;5.76
2026-02-17T20:48:59.884153;VisA/pcb4;cont_30pct_none;0.3;none;5;5;5;2;0;201;101;100;1;5;95;0.8055;0.8014;0.7736;0.1300;0.3000;-0.1696;;;;;;;;5.03
2026-02-17T20:49:04.296297;VisA/pcb4;cont_30pct_loo_patch;0.3;loo_patch;5;5;5;2;196;201;101;100;1;5;95;0.8028;0.8039;0.7611;0.1800;0.4400;-0.1724;-0.0163;0.0000;0;0.0000;0.0000;;;4.40
2026-02-17T20:49:10.736982;VisA/pcb4;cont_30pct_mahalanobis_patch;0.3;mahalanobis_patch;5;5;5;2;196;201;101;100;1;5;95;0.8066;0.8149;0.7751;0.1600;0.3700;-0.1685;0.0064;0.0000;0;0.0000;0.0000;;;6.44
2026-02-17T20:49:17.464650;VisA/pcb4;cont_30pct_ensemble_loo_mahal;0.3;ensemble_loo_mahal;5;5;5;2;196;201;101;100;1;5;95;0.8106;0.8152;0.7854;0.2100;0.3800;-0.1646;0.0298;0.0000;0;0.0000;0.0000;;;6.72
2026-02-17T20:49:22.162277;VisA/pcb4;cont_0pct_none;0.0;none;5;5;5;0;0;201;101;100;2;5;95;0.9900;0.9897;0.9519;0.8000;0.9500;;;;;;;;;4.57
2026-02-17T20:49:27.111410;VisA/pcb4;cont_0pct_loo_patch;0.0;loo_patch;5;5;5;0;196;201;101;100;2;5;95;0.9868;0.9862;0.9612;0.7000;0.9200;-0.0032;;;;;;;;4.95
2026-02-17T20:49:33.103530;VisA/pcb4;cont_0pct_mahalanobis_patch;0.0;mahalanobis_patch;5;5;5;0;196;201;101;100;2;5;95;0.9839;0.9823;0.9463;0.7800;0.9000;-0.0061;;;;;;;;5.99
2026-02-17T20:49:38.980076;VisA/pcb4;cont_0pct_ensemble_loo_mahal;0.0;ensemble_loo_mahal;5;5;5;0;196;201;101;100;2;5;95;0.9854;0.9851;0.9515;0.7400;0.9200;-0.0046;;;;;;;;5.87
2026-02-17T20:49:43.831674;VisA/pcb4;cont_20pct_none;0.2;none;5;5;5;1;0;201;101;100;2;5;95;0.9749;0.9775;0.9500;0.6900;0.9500;-0.0151;;;;;;;;4.84
2026-02-17T20:49:48.513596;VisA/pcb4;cont_20pct_loo_patch;0.2;loo_patch;5;5;5;1;196;201;101;100;2;5;95;0.9813;0.9809;0.9505;0.7000;0.9200;-0.0087;0.4248;0.7500;0;0.0000;0.0000;;;4.67
2026-02-17T20:49:55.259562;VisA/pcb4;cont_20pct_mahalanobis_patch;0.2;mahalanobis_patch;5;5;5;1;196;201;101;100;2;5;95;0.9787;0.9783;0.9505;0.5600;0.8900;-0.0113;0.2549;0.7500;0;0.0000;0.0000;;;6.46
2026-02-17T20:50:02.010712;VisA/pcb4;cont_20pct_ensemble_loo_mahal;0.2;ensemble_loo_mahal;5;5;5;1;196;201;101;100;2;5;95;0.9767;0.9750;0.9417;0.5700;0.8800;-0.0133;0.1242;0.7500;0;0.0000;0.0000;;;6.75
2026-02-17T20:50:05.931819;VisA/pcb4;cont_30pct_none;0.3;none;5;5;5;2;0;201;101;100;2;5;95;0.9172;0.9226;0.8654;0.3900;0.6800;-0.0728;;;;;;;;3.91
2026-02-17T20:50:10.767977;VisA/pcb4;cont_30pct_loo_patch;0.3;loo_patch;5;5;5;2;196;201;101;100;2;5;95;0.9295;0.9243;0.8720;0.3700;0.6300;-0.0605;0.1687;1.0000;1;1.0000;1.0000;;;4.83
2026-02-17T20:50:18.226716;VisA/pcb4;cont_30pct_mahalanobis_patch;0.3;mahalanobis_patch;5;5;5;2;196;201;101;100;2;5;95;0.9438;0.9439;0.8812;0.5600;0.7300;-0.0462;0.3646;1.0000;1;1.0000;1.0000;;;7.45
2026-02-17T20:50:24.956105;VisA/pcb4;cont_30pct_ensemble_loo_mahal;0.3;ensemble_loo_mahal;5;5;5;2;196;201;101;100;2;5;95;0.9530;0.9513;0.9057;0.5800;0.7600;-0.0370;0.4912;1.0000;1;1.0000;1.0000;;;6.72
2026-02-17T20:50:29.503157;VisA/pcb4;cont_0pct_none;0.0;none;5;5;5;0;0;201;101;100;3;5;95;0.9877;0.9873;0.9458;0.7800;0.9200;;;;;;;;;4.42
2026-02-17T20:50:34.339053;VisA/pcb4;cont_0pct_loo_patch;0.0;loo_patch;5;5;5;0;196;201;101;100;3;5;95;0.9822;0.9789;0.9515;0.6100;0.9200;-0.0055;;;;;;;;4.83
2026-02-17T20:50:40.140160;VisA/pcb4;cont_0pct_mahalanobis_patch;0.0;mahalanobis_patch;5;5;5;0;196;201;101;100;3;5;95;0.9783;0.9769;0.9340;0.6700;0.8400;-0.0094;;;;;;;;5.79
2026-02-17T20:50:46.093149;VisA/pcb4;cont_0pct_ensemble_loo_mahal;0.0;ensemble_loo_mahal;5;5;5;0;196;201;101;100;3;5;95;0.9789;0.9747;0.9384;0.6800;0.8700;-0.0088;;;;;;;;5.95
2026-02-17T20:50:50.597131;VisA/pcb4;cont_20pct_none;0.2;none;5;5;5;1;0;201;101;100;3;5;95;0.9743;0.9775;0.9353;0.6100;0.9000;-0.0135;;;;;;;;4.49
2026-02-17T20:50:55.127299;VisA/pcb4;cont_20pct_loo_patch;0.2;loo_patch;5;5;5;1;196;201;101;100;3;5;95;0.9822;0.9801;0.9463;0.7600;0.8800;-0.0055;0.5882;1.0000;1;1.0000;1.0000;;;4.52
2026-02-17T20:51:01.991195;VisA/pcb4;cont_20pct_mahalanobis_patch;0.2;mahalanobis_patch;5;5;5;1;196;201;101;100;3;5;95;0.9770;0.9756;0.9246;0.6900;0.8500;-0.0107;0.2059;1.0000;1;1.0000;1.0000;;;6.61
2026-02-17T20:51:08.959956;VisA/pcb4;cont_20pct_ensemble_loo_mahal;0.2;ensemble_loo_mahal;5;5;5;1;196;201;101;100;3;5;95;0.9805;0.9788;0.9378;0.7400;0.8700;-0.0072;0.4632;1.0000;1;1.0000;1.0000;;;6.96
2026-02-17T20:51:13.140841;VisA/pcb4;cont_30pct_none;0.3;none;5;5;5;2;0;201;101;100;3;5;95;0.9395;0.9472;0.9045;0.4600;0.7700;-0.0482;;;;;;;;4.17
2026-02-17T20:51:17.864399;VisA/pcb4;cont_30pct_loo_patch;0.3;loo_patch;5;5;5;2;196;201;101;100;3;5;95;0.9348;0.9316;0.8889;0.3400;0.7600;-0.0530;-0.0986;0.5000;0;0.5000;0.5000;;;4.72
2026-02-17T20:51:23.612691;VisA/pcb4;cont_30pct_mahalanobis_patch;0.3;mahalanobis_patch;5;5;5;2;196;201;101;100;3;5;95;0.9427;0.9407;0.9048;0.3700;0.7400;-0.0450;0.0657;0.5000;0;0.5000;0.5000;;;5.74
2026-02-17T20:51:30.018568;VisA/pcb4;cont_30pct_ensemble_loo_mahal;0.3;ensemble_loo_mahal;5;5;5;2;196;201;101;100;3;5;95;0.9490;0.9451;0.9072;0.5300;0.8500;-0.0387;0.1971;0.5000;0;0.5000;0.5000;;;6.40
2026-02-17T20:51:35.193835;VisA/pcb4;cont_0pct_none;0.0;none;5;5;5;0;0;201;101;100;4;5;95;0.9839;0.9823;0.9569;0.6800;0.8800;;;;;;;;;5.03
2026-02-17T20:51:39.770134;VisA/pcb4;cont_0pct_loo_patch;0.0;loo_patch;5;5;5;0;196;201;101;100;4;5;95;0.9848;0.9834;0.9561;0.7600;0.8700;0.0009;;;;;;;;4.57
2026-02-17T20:51:46.914311;VisA/pcb4;cont_0pct_mahalanobis_patch;0.0;mahalanobis_patch;5;5;5;0;196;201;101;100;4;5;95;0.9831;0.9808;0.9453;0.7100;0.8800;-0.0008;;;;;;;;7.14
2026-02-17T20:51:52.567190;VisA/pcb4;cont_0pct_ensemble_loo_mahal;0.0;ensemble_loo_mahal;5;5;5;0;196;201;101;100;4;5;95;0.9846;0.9829;0.9469;0.7400;0.8600;0.0007;;;;;;;;5.64
2026-02-17T20:51:57.368828;VisA/pcb4;cont_20pct_none;0.2;none;5;5;5;1;0;201;101;100;4;5;95;0.9748;0.9779;0.9474;0.6600;0.8800;-0.0091;;;;;;;;4.79
2026-02-17T20:52:01.630943;VisA/pcb4;cont_20pct_loo_patch;0.2;loo_patch;5;5;5;1;196;201;101;100;4;5;95;0.9853;0.9843;0.9524;0.7900;0.8700;0.0015;1.1630;1.0000;1;1.0000;1.0000;;;4.26
2026-02-17T20:52:08.292918;VisA/pcb4;cont_20pct_mahalanobis_patch;0.2;mahalanobis_patch;5;5;5;1;196;201;101;100;4;5;95;0.9789;0.9770;0.9333;0.7100;0.8200;-0.0050;0.4565;1.0000;1;1.0000;1.0000;;;6.66
2026-02-17T20:52:14.559624;VisA/pcb4;cont_20pct_ensemble_loo_mahal;0.2;ensemble_loo_mahal;5;5;5;1;196;201;101;100;4;5;95;0.9833;0.9822;0.9469;0.7500;0.8400;-0.0006;0.9348;1.0000;1;1.0000;1.0000;;;6.26
2026-02-17T20:52:19.533741;VisA/pcb4;cont_30pct_none;0.3;none;5;5;5;2;0;201;101;100;4;5;95;0.9550;0.9667;0.9163;0.7800;0.8100;-0.0289;;;;;;;;4.96
2026-02-17T20:52:24.453203;VisA/pcb4;cont_30pct_loo_patch;0.3;loo_patch;5;5;5;2;196;201;101;100;4;5;95;0.9684;0.9692;0.9268;0.6800;0.8000;-0.0154;0.4658;0.6667;1;0.5000;0.5000;;;4.91
2026-02-17T20:52:32.094788;VisA/pcb4;cont_30pct_mahalanobis_patch;0.3;mahalanobis_patch;5;5;5;2;196;201;101;100;4;5;95;0.9600;0.9622;0.9055;0.5900;0.8600;-0.0239;0.1747;0.6667;1;0.5000;0.5000;;;7.64
2026-02-17T20:52:38.628919;VisA/pcb4;cont_30pct_ensemble_loo_mahal;0.3;ensemble_loo_mahal;5;5;5;2;196;201;101;100;4;5;95;0.9655;0.9654;0.9208;0.6700;0.8200;-0.0183;0.3664;0.6667;1;0.5000;0.5000;;;6.52
2026-02-17T20:52:44.366621;VisA/pipe_fryum;cont_0pct_none;0.0;none;5;5;5;0;0;150;50;100;0;5;95;0.7180;0.8599;0.8016;0.2500;0.4200;;;;;;;;;3.75
2026-02-17T20:52:48.302268;VisA/pipe_fryum;cont_0pct_loo_patch;0.0;loo_patch;5;5;5;0;196;150;50;100;0;5;95;0.6940;0.8460;0.8032;0.2100;0.3100;-0.0240;;;;;;;;3.93
2026-02-17T20:52:54.140979;VisA/pipe_fryum;cont_0pct_mahalanobis_patch;0.0;mahalanobis_patch;5;5;5;0;196;150;50;100;0;5;95;0.7170;0.8606;0.8050;0.2900;0.4100;-0.0010;;;;;;;;5.67
2026-02-17T20:52:59.249319;VisA/pipe_fryum;cont_0pct_ensemble_loo_mahal;0.0;ensemble_loo_mahal;5;5;5;0;196;150;50;100;0;5;95;0.7054;0.8538;0.8033;0.2600;0.3400;-0.0126;;;;;;;;5.09
2026-02-17T20:53:02.298055;VisA/pipe_fryum;cont_20pct_none;0.2;none;5;5;5;1;0;150;50;100;0;5;95;0.7010;0.8525;0.8000;0.2500;0.3900;-0.0170;;;;;;;;3.03
2026-02-17T20:53:05.855925;VisA/pipe_fryum;cont_20pct_loo_patch;0.2;loo_patch;5;5;5;1;196;150;50;100;0;5;95;0.6858;0.8404;0.8049;0.2400;0.3200;-0.0322;-0.8941;0.7500;0;0.0000;0.0000;;;3.55
2026-02-17T20:53:11.353213;VisA/pipe_fryum;cont_20pct_mahalanobis_patch;0.2;mahalanobis_patch;5;5;5;1;196;150;50;100;0;5;95;0.7056;0.8546;0.8033;0.2500;0.3700;-0.0124;0.2706;0.7500;0;0.0000;0.0000;;;5.49
2026-02-17T20:53:16.728721;VisA/pipe_fryum;cont_20pct_ensemble_loo_mahal;0.2;ensemble_loo_mahal;5;5;5;1;196;150;50;100;0;5;95;0.6990;0.8515;0.8049;0.2500;0.3200;-0.0190;-0.1176;0.7500;0;0.0000;0.0000;;;5.37
2026-02-17T20:53:20.508275;VisA/pipe_fryum;cont_30pct_none;0.3;none;5;5;5;2;0;150;50;100;0;5;95;0.6534;0.8250;0.8000;0.2000;0.2800;-0.0646;;;;;;;;3.76
2026-02-17T20:53:23.935805;VisA/pipe_fryum;cont_30pct_loo_patch;0.3;loo_patch;5;5;5;2;196;150;50;100;0;5;95;0.6306;0.8115;0.8000;0.1800;0.2400;-0.0874;-0.3529;0.6667;0;0.5000;0.5000;;;3.42
2026-02-17T20:53:29.681906;VisA/pipe_fryum;cont_30pct_mahalanobis_patch;0.3;mahalanobis_patch;5;5;5;2;196;150;50;100;0;5;95;0.6474;0.8230;0.8000;0.2400;0.3000;-0.0706;-0.0929;0.6667;0;0.5000;0.5000;;;5.56
2026-02-17T20:53:34.117846;VisA/pipe_fryum;cont_30pct_ensemble_loo_mahal;0.3;ensemble_loo_mahal;5;5;5;2;196;150;50;100;0;5;95;0.6408;0.8189;0.8000;0.2100;0.2700;-0.0772;-0.1950;0.6667;0;0.5000;0.5000;;;4.43
2026-02-17T20:53:38.091914;VisA/pipe_fryum;cont_0pct_none;0.0;none;5;5;5;0;0;150;50;100;1;5;95;0.7444;0.8755;0.8067;0.3200;0.4200;;;;;;;;;3.81
2026-02-17T20:53:41.667764;VisA/pipe_fryum;cont_0pct_loo_patch;0.0;loo_patch;5;5;5;0;196;150;50;100;1;5;95;0.7330;0.8650;0.8033;0.2300;0.4000;-0.0114;;;;;;;;3.57
2026-02-17T20:53:47.980803;VisA/pipe_fryum;cont_0pct_mahalanobis_patch;0.0;mahalanobis_patch;5;5;5;0;196;150;50;100;1;5;95;0.7516;0.8784;0.8101;0.2700;0.4500;0.0072;;;;;;;;6.30
2026-02-17T20:53:53.456068;VisA/pipe_fryum;cont_0pct_ensemble_loo_mahal;0.0;ensemble_loo_mahal;5;5;5;0;196;150;50;100;1;5;95;0.7440;0.8739;0.8050;0.2800;0.4400;-0.0004;;;;;;;;5.47
2026-02-17T20:53:57.326340;VisA/pipe_fryum;cont_20pct_none;0.2;none;5;5;5;1;0;150;50;100;1;5;95;0.7246;0.8695;0.8000;0.3400;0.3900;-0.0198;;;;;;;;3.86
2026-02-17T20:54:00.942866;VisA/pipe_fryum;cont_20pct_loo_patch;0.2;loo_patch;5;5;5;1;196;150;50;100;1;5;95;0.7140;0.8605;0.8000;0.2600;0.4300;-0.0304;-0.5354;0.0000;0;0.0000;0.0000;;;3.46
2026-02-17T20:54:06.812449;VisA/pipe_fryum;cont_20pct_mahalanobis_patch;0.2;mahalanobis_patch;5;5;5;1;196;150;50;100;1;5;95;0.7362;0.8716;0.8000;0.2700;0.4300;-0.0082;0.5859;0.0000;0;0.0000;0.0000;;;5.70
2026-02-17T20:54:11.148714;VisA/pipe_fryum;cont_20pct_ensemble_loo_mahal;0.2;ensemble_loo_mahal;5;5;5;1;196;150;50;100;1;5;95;0.7314;0.8713;0.8000;0.2800;0.4700;-0.0130;0.3434;0.0000;0;0.0000;0.0000;;;4.33
2026-02-17T20:54:14.863158;VisA/pipe_fryum;cont_30pct_none;0.3;none;5;5;5;2;0;150;50;100;1;5;95;0.7076;0.8545;0.8000;0.2300;0.4100;-0.0368;;;;;;;;3.70
2026-02-17T20:54:18.499705;VisA/pipe_fryum;cont_30pct_loo_patch;0.3;loo_patch;5;5;5;2;196;150;50;100;1;5;95;0.7170;0.8589;0.8000;0.2400;0.4200;-0.0274;0.2554;0.5000;1;0.5000;0.5000;;;3.50
2026-02-17T20:54:23.769362;VisA/pipe_fryum;cont_30pct_mahalanobis_patch;0.3;mahalanobis_patch;5;5;5;2;196;150;50;100;1;5;95;0.7116;0.8584;0.8000;0.2500;0.4300;-0.0328;0.1087;0.5000;1;0.5000;0.5000;;;5.26
2026-02-17T20:54:29.093141;VisA/pipe_fryum;cont_30pct_ensemble_loo_mahal;0.3;ensemble_loo_mahal;5;5;5;2;196;150;50;100;1;5;95;0.7126;0.8580;0.8000;0.2500;0.4200;-0.0318;0.1359;0.5000;1;0.5000;0.5000;;;5.32
2026-02-17T20:54:32.518778;VisA/pipe_fryum;cont_0pct_none;0.0;none;5;5;5;0;0;150;50;100;2;5;95;0.7514;0.8762;0.8163;0.2600;0.3900;;;;;;;;;3.31
2026-02-17T20:54:36.092714;VisA/pipe_fryum;cont_0pct_loo_patch;0.0;loo_patch;5;5;5;0;196;150;50;100;2;5;95;0.7496;0.8715;0.8170;0.2400;0.3200;-0.0018;;;;;;;;3.57
2026-02-17T20:54:42.233959;VisA/pipe_fryum;cont_0pct_mahalanobis_patch;0.0;mahalanobis_patch;5;5;5;0;196;150;50;100;2;5;95;0.7520;0.8737;0.8130;0.2100;0.3300;0.0006;;;;;;;;5.84
2026-02-17T20:54:47.124962;VisA/pipe_fryum;cont_0pct_ensemble_loo_mahal;0.0;ensemble_loo_mahal;5;5;5;0;196;150;50;100;2;5;95;0.7434;0.8680;0.8117;0.2200;0.3200;-0.0080;;;;;;;;4.89
2026-02-17T20:54:49.952729;VisA/pipe_fryum;cont_20pct_none;0.2;none;5;5;5;1;0;150;50;100;2;5;95;0.7134;0.8593;0.8117;0.2300;0.4000;-0.0380;;;;;;;;2.82
2026-02-17T20:54:53.691598;VisA/pipe_fryum;cont_20pct_loo_patch;0.2;loo_patch;5;5;5;1;196;150;50;100;2;5;95;0.7008;0.8514;0.8115;0.2200;0.3400;-0.0506;-0.3316;0.0000;0;0.0000;0.0000;;;3.74
2026-02-17T20:54:59.259084;VisA/pipe_fryum;cont_20pct_mahalanobis_patch;0.2;mahalanobis_patch;5;5;5;1;196;150;50;100;2;5;95;0.7072;0.8564;0.8148;0.2200;0.3400;-0.0442;-0.1632;0.0000;0;0.0000;0.0000;;;5.47
2026-02-17T20:55:04.658243;VisA/pipe_fryum;cont_20pct_ensemble_loo_mahal;0.2;ensemble_loo_mahal;5;5;5;1;196;150;50;100;2;5;95;0.7086;0.8577;0.8082;0.2300;0.3700;-0.0428;-0.1263;0.0000;0;0.0000;0.0000;;;5.40
2026-02-17T20:55:08.304890;VisA/pipe_fryum;cont_30pct_none;0.3;none;5;5;5;2;0;150;50;100;2;5;95;0.6894;0.8460;0.8017;0.2000;0.3500;-0.0620;;;;;;;;3.63
2026-02-17T20:55:11.438596;VisA/pipe_fryum;cont_30pct_loo_patch;0.3;loo_patch;5;5;5;2;196;150;50;100;2;5;95;0.7026;0.8535;0.8049;0.2400;0.3700;-0.0488;0.2129;0.5000;1;0.5000;0.5000;;;2.68
2026-02-17T20:55:16.064883;VisA/pipe_fryum;cont_30pct_mahalanobis_patch;0.3;mahalanobis_patch;5;5;5;2;196;150;50;100;2;5;95;0.7050;0.8540;0.8033;0.2200;0.3700;-0.0464;0.2516;0.5000;1;0.5000;0.5000;;;4.62
2026-02-17T20:55:21.189156;VisA/pipe_fryum;cont_30pct_ensemble_loo_mahal;0.3;ensemble_loo_mahal;5;5;5;2;196;150;50;100;2;5;95;0.6990;0.8523;0.8016;0.2300;0.3800;-0.0524;0.1548;0.5000;1;0.5000;0.5000;;;5.12
2026-02-17T20:55:25.118552;VisA/pipe_fryum;cont_0pct_none;0.0;none;5;5;5;0;0;150;50;100;3;5;95;0.6964;0.8537;0.8000;0.2900;0.3900;;;;;;;;;3.78
2026-02-17T20:55:28.740846;VisA/pipe_fryum;cont_0pct_loo_patch;0.0;loo_patch;5;5;5;0;196;150;50;100;3;5;95;0.6852;0.8424;0.8000;0.2300;0.3400;-0.0112;;;;;;;;3.62
2026-02-17T20:55:34.124580;VisA/pipe_fryum;cont_0pct_mahalanobis_patch;0.0;mahalanobis_patch;5;5;5;0;196;150;50;100;3;5;95;0.7202;0.8626;0.8000;0.2200;0.4000;0.0238;;;;;;;;5.38
2026-02-17T20:55:38.699326;VisA/pipe_fryum;cont_0pct_ensemble_loo_mahal;0.0;ensemble_loo_mahal;5;5;5;0;196;150;50;100;3;5;95;0.6978;0.8495;0.8000;0.2300;0.3600;0.0014;;;;;;;;4.57
2026-02-17T20:55:42.440548;VisA/pipe_fryum;cont_20pct_none;0.2;none;5;5;5;1;0;150;50;100;3;5;95;0.7000;0.8511;0.8000;0.2400;0.3900;0.0036;;;;;;;;3.73
2026-02-17T20:55:45.543042;VisA/pipe_fryum;cont_20pct_loo_patch;0.2;loo_patch;5;5;5;1;196;150;50;100;3;5;95;0.6932;0.8425;0.8000;0.2300;0.3100;-0.0032;1.8889;1.0000;1;1.0000;1.0000;;;3.00
2026-02-17T20:55:50.768854;VisA/pipe_fryum;cont_20pct_mahalanobis_patch;0.2;mahalanobis_patch;5;5;5;1;196;150;50;100;3;5;95;0.7244;0.8626;0.8000;0.2100;0.4000;0.0280;-6.7778;1.0000;1;1.0000;1.0000;;;5.22
2026-02-17T20:55:56.234499;VisA/pipe_fryum;cont_20pct_ensemble_loo_mahal;0.2;ensemble_loo_mahal;5;5;5;1;196;150;50;100;3;5;95;0.7078;0.8542;0.8050;0.2300;0.3600;0.0114;-2.1667;1.0000;1;1.0000;1.0000;;;5.46
2026-02-17T20:55:59.567349;VisA/pipe_fryum;cont_30pct_none;0.3;none;5;5;5;2;0;150;50;100;3;5;95;0.6522;0.8248;0.8000;0.1900;0.3400;-0.0442;;;;;;;;3.32
2026-02-17T20:56:03.409614;VisA/pipe_fryum;cont_30pct_loo_patch;0.3;loo_patch;5;5;5;2;196;150;50;100;3;5;95;0.6670;0.8324;0.8000;0.2100;0.3700;-0.0294;0.3348;1.0000;1;1.0000;1.0000;;;3.84
2026-02-17T20:56:08.107571;VisA/pipe_fryum;cont_30pct_mahalanobis_patch;0.3;mahalanobis_patch;5;5;5;2;196;150;50;100;3;5;95;0.6818;0.8391;0.8000;0.2000;0.3400;-0.0146;0.6697;1.0000;1;1.0000;1.0000;;;4.60
2026-02-17T20:56:13.541311;VisA/pipe_fryum;cont_30pct_ensemble_loo_mahal;0.3;ensemble_loo_mahal;5;5;5;2;196;150;50;100;3;5;95;0.6666;0.8333;0.8000;0.2000;0.3700;-0.0298;0.3258;1.0000;1;1.0000;1.0000;;;5.43
2026-02-17T20:56:16.988066;VisA/pipe_fryum;cont_0pct_none;0.0;none;5;5;5;0;0;150;50;100;4;5;95;0.7170;0.8668;0.8049;0.3700;0.4800;;;;;;;;;3.33
2026-02-17T20:56:20.545229;VisA/pipe_fryum;cont_0pct_loo_patch;0.0;loo_patch;5;5;5;0;196;150;50;100;4;5;95;0.7024;0.8589;0.8033;0.3500;0.4600;-0.0146;;;;;;;;3.55
2026-02-17T20:56:26.314020;VisA/pipe_fryum;cont_0pct_mahalanobis_patch;0.0;mahalanobis_patch;5;5;5;0;196;150;50;100;4;5;95;0.7196;0.8690;0.8033;0.3600;0.4800;0.0026;;;;;;;;5.43
2026-02-17T20:56:31.761440;VisA/pipe_fryum;cont_0pct_ensemble_loo_mahal;0.0;ensemble_loo_mahal;5;5;5;0;196;150;50;100;4;5;95;0.7120;0.8647;0.8033;0.3900;0.4700;-0.0050;;;;;;;;5.44
2026-02-17T20:56:34.887775;VisA/pipe_fryum;cont_20pct_none;0.2;none;5;5;5;1;0;150;50;100;4;5;95;0.7430;0.8791;0.8082;0.3900;0.4600;0.0260;;;;;;;;3.12
2026-02-17T20:56:38.243927;VisA/pipe_fryum;cont_20pct_loo_patch;0.2;loo_patch;5;5;5;1;196;150;50;100;4;5;95;0.7262;0.8704;0.8016;0.3400;0.4500;0.0092;0.6462;0.0000;0;0.0000;0.0000;;;3.35
2026-02-17T20:56:42.858470;VisA/pipe_fryum;cont_20pct_mahalanobis_patch;0.2;mahalanobis_patch;5;5;5;1;196;150;50;100;4;5;95;0.7454;0.8792;0.8099;0.3500;0.4700;0.0284;-0.0923;0.0000;0;0.0000;0.0000;;;4.60
2026-02-17T20:56:47.840853;VisA/pipe_fryum;cont_20pct_ensemble_loo_mahal;0.2;ensemble_loo_mahal;5;5;5;1;196;150;50;100;4;5;95;0.7334;0.8747;0.8049;0.3600;0.4600;0.0164;0.3692;0.0000;0;0.0000;0.0000;;;4.98
2026-02-17T20:56:51.569139;VisA/pipe_fryum;cont_30pct_none;0.3;none;5;5;5;2;0;150;50;100;4;5;95;0.7044;0.8547;0.8000;0.2300;0.4400;-0.0126;;;;;;;;3.71
2026-02-17T20:56:55.037556;VisA/pipe_fryum;cont_30pct_loo_patch;0.3;loo_patch;5;5;5;2;196;150;50;100;4;5;95;0.7044;0.8575;0.8000;0.2700;0.4400;-0.0126;0.0000;0.5000;1;0.5000;0.5000;;;3.46
2026-02-17T20:57:00.966999;VisA/pipe_fryum;cont_30pct_mahalanobis_patch;0.3;mahalanobis_patch;5;5;5;2;196;150;50;100;4;5;95;0.7212;0.8659;0.8000;0.3200;0.4300;0.0042;1.3333;0.5000;1;0.5000;0.5000;;;5.80
2026-02-17T20:57:05.352065;VisA/pipe_fryum;cont_30pct_ensemble_loo_mahal;0.3;ensemble_loo_mahal;5;5;5;2;196;150;50;100;4;5;95;0.7044;0.8580;0.8000;0.2600;0.4300;-0.0126;-0.0000;0.5000;1;0.5000;0.5000;;;4.38
2026-02-17T20:57:13.104298;mvtec_loco_AD/breakfast_box;cont_0pct_none;0.0;none;5;5;5;0;0;275;102;173;0;5;95;0.7386;0.8660;0.7728;0.4451;0.4566;;;;;;;;;5.80
2026-02-17T20:57:19.216007;mvtec_loco_AD/breakfast_box;cont_0pct_loo_patch;0.0;loo_patch;5;5;5;0;196;275;102;173;0;5;95;0.7311;0.8618;0.7757;0.4566;0.4682;-0.0075;;;;;;;;6.11
2026-02-17T20:57:27.318273;mvtec_loco_AD/breakfast_box;cont_0pct_mahalanobis_patch;0.0;mahalanobis_patch;5;5;5;0;196;275;102;173;0;5;95;0.7435;0.8675;0.7746;0.4104;0.4740;0.0049;;;;;;;;8.09
2026-02-17T20:57:35.136803;mvtec_loco_AD/breakfast_box;cont_0pct_ensemble_loo_mahal;0.0;ensemble_loo_mahal;5;5;5;0;196;275;102;173;0;5;95;0.7368;0.8644;0.7749;0.4566;0.4798;-0.0018;;;;;;;;7.81
2026-02-17T20:57:41.023064;mvtec_loco_AD/breakfast_box;cont_20pct_none;0.2;none;5;5;5;1;0;275;102;173;0;5;95;0.7340;0.8596;0.7723;0.3873;0.4451;-0.0045;;;;;;;;5.87
2026-02-17T20:57:47.550049;mvtec_loco_AD/breakfast_box;cont_20pct_loo_patch;0.2;loo_patch;5;5;5;1;196;275;102;173;0;5;95;0.7235;0.8557;0.7723;0.4162;0.4393;-0.0151;-2.3375;0.2500;0;0.0000;0.0000;;;6.52
2026-02-17T20:57:55.929034;mvtec_loco_AD/breakfast_box;cont_20pct_mahalanobis_patch;0.2;mahalanobis_patch;5;5;5;1;196;275;102;173;0;5;95;0.7272;0.8574;0.7778;0.4162;0.4855;-0.0114;-1.5125;0.2500;0;0.0000;0.0000;;;8.37
2026-02-17T20:58:03.493080;mvtec_loco_AD/breakfast_box;cont_20pct_ensemble_loo_mahal;0.2;ensemble_loo_mahal;5;5;5;1;196;275;102;173;0;5;95;0.7284;0.8566;0.7742;0.3931;0.4335;-0.0102;-1.2500;0.2500;0;0.0000;0.0000;;;7.56
2026-02-17T20:58:09.827691;mvtec_loco_AD/breakfast_box;cont_30pct_none;0.3;none;5;5;5;2;0;275;102;173;0;5;95;0.7097;0.8467;0.7723;0.3642;0.4566;-0.0288;;;;;;;;6.30
2026-02-17T20:58:15.823002;mvtec_loco_AD/breakfast_box;cont_30pct_loo_patch;0.3;loo_patch;5;5;5;2;196;275;102;173;0;5;95;0.6868;0.8353;0.7723;0.3526;0.4162;-0.0518;-0.7957;0.3333;0;0.5000;0.5000;;;5.99
2026-02-17T20:58:24.069966;mvtec_loco_AD/breakfast_box;cont_30pct_mahalanobis_patch;0.3;mahalanobis_patch;5;5;5;2;196;275;102;173;0;5;95;0.7095;0.8463;0.7723;0.3931;0.4220;-0.0291;-0.0079;0.3333;0;0.5000;0.5000;;;8.24
2026-02-17T20:58:32.069280;mvtec_loco_AD/breakfast_box;cont_30pct_ensemble_loo_mahal;0.3;ensemble_loo_mahal;5;5;5;2;196;275;102;173;0;5;95;0.7013;0.8432;0.7723;0.3931;0.4162;-0.0373;-0.2927;0.3333;0;0.5000;0.5000;;;8.00
2026-02-17T20:58:38.256809;mvtec_loco_AD/breakfast_box;cont_0pct_none;0.0;none;5;5;5;0;0;275;102;173;1;5;95;0.7406;0.8662;0.7765;0.4624;0.5029;;;;;;;;;6.00
2026-02-17T20:58:43.914886;mvtec_loco_AD/breakfast_box;cont_0pct_loo_patch;0.0;loo_patch;5;5;5;0;196;275;102;173;1;5;95;0.7268;0.8619;0.7765;0.4682;0.5145;-0.0138;;;;;;;;5.65
2026-02-17T20:58:52.145690;mvtec_loco_AD/breakfast_box;cont_0pct_mahalanobis_patch;0.0;mahalanobis_patch;5;5;5;0;196;275;102;173;1;5;95;0.7363;0.8659;0.7748;0.4509;0.5376;-0.0044;;;;;;;;8.22
2026-02-17T20:59:00.574077;mvtec_loco_AD/breakfast_box;cont_0pct_ensemble_loo_mahal;0.0;ensemble_loo_mahal;5;5;5;0;196;275;102;173;1;5;95;0.7293;0.8622;0.7758;0.4451;0.5029;-0.0113;;;;;;;;8.43
2026-02-17T20:59:06.443920;mvtec_loco_AD/breakfast_box;cont_20pct_none;0.2;none;5;5;5;1;0;275;102;173;1;5;95;0.7270;0.8593;0.7748;0.4509;0.4682;-0.0136;;;;;;;;5.86
2026-02-17T20:59:12.267568;mvtec_loco_AD/breakfast_box;cont_20pct_loo_patch;0.2;loo_patch;5;5;5;1;196;275;102;173;1;5;95;0.7326;0.8622;0.7775;0.4451;0.4971;-0.0080;0.4125;1.0000;1;1.0000;1.0000;;;5.82
2026-02-17T20:59:20.540691;mvtec_loco_AD/breakfast_box;cont_20pct_mahalanobis_patch;0.2;mahalanobis_patch;5;5;5;1;196;275;102;173;1;5;95;0.7166;0.8533;0.7775;0.4162;0.4855;-0.0240;-0.7625;1.0000;1;1.0000;1.0000;;;8.27
2026-02-17T20:59:29.201484;mvtec_loco_AD/breakfast_box;cont_20pct_ensemble_loo_mahal;0.2;ensemble_loo_mahal;5;5;5;1;196;275;102;173;1;5;95;0.7267;0.8579;0.7775;0.4277;0.4913;-0.0139;-0.0250;1.0000;1;1.0000;1.0000;;;8.66
2026-02-17T20:59:35.109068;mvtec_loco_AD/breakfast_box;cont_30pct_none;0.3;none;5;5;5;2;0;275;102;173;1;5;95;0.7030;0.8465;0.7723;0.3873;0.4335;-0.0376;;;;;;;;5.89
2026-02-17T20:59:40.837300;mvtec_loco_AD/breakfast_box;cont_30pct_loo_patch;0.3;loo_patch;5;5;5;2;196;275;102;173;1;5;95;0.7228;0.8570;0.7723;0.3988;0.4740;-0.0179;0.5249;1.0000;1;1.0000;1.0000;;;5.72
2026-02-17T20:59:49.174488;mvtec_loco_AD/breakfast_box;cont_30pct_mahalanobis_patch;0.3;mahalanobis_patch;5;5;5;2;196;275;102;173;1;5;95;0.7138;0.8517;0.7723;0.3757;0.4509;-0.0269;0.2851;1.0000;1;1.0000;1.0000;;;8.33
2026-02-17T20:59:57.219094;mvtec_loco_AD/breakfast_box;cont_30pct_ensemble_loo_mahal;0.3;ensemble_loo_mahal;5;5;5;2;196;275;102;173;1;5;95;0.7235;0.8575;0.7723;0.3931;0.4855;-0.0171;0.5445;1.0000;1;1.0000;1.0000;;;8.04
2026-02-17T21:00:03.471263;mvtec_loco_AD/breakfast_box;cont_0pct_none;0.0;none;5;5;5;0;0;275;102;173;2;5;95;0.7949;0.8963;0.7834;0.5434;0.5491;;;;;;;;;5.98
2026-02-17T21:00:09.424658;mvtec_loco_AD/breakfast_box;cont_0pct_loo_patch;0.0;loo_patch;5;5;5;0;196;275;102;173;2;5;95;0.7823;0.8875;0.7826;0.4855;0.5202;-0.0125;;;;;;;;5.95
2026-02-17T21:00:16.941630;mvtec_loco_AD/breakfast_box;cont_0pct_mahalanobis_patch;0.0;mahalanobis_patch;5;5;5;0;196;275;102;173;2;5;95;0.7852;0.8898;0.7879;0.5029;0.5318;-0.0096;;;;;;;;7.51
2026-02-17T21:00:25.146216;mvtec_loco_AD/breakfast_box;cont_0pct_ensemble_loo_mahal;0.0;ensemble_loo_mahal;5;5;5;0;196;275;102;173;2;5;95;0.7811;0.8875;0.7850;0.4913;0.5491;-0.0138;;;;;;;;8.20
2026-02-17T21:00:31.896188;mvtec_loco_AD/breakfast_box;cont_20pct_none;0.2;none;5;5;5;1;0;275;102;173;2;5;95;0.7531;0.8726;0.7742;0.4046;0.4913;-0.0417;;;;;;;;6.73
2026-02-17T21:00:37.833400;mvtec_loco_AD/breakfast_box;cont_20pct_loo_patch;0.2;loo_patch;5;5;5;1;196;275;102;173;2;5;95;0.7805;0.8874;0.7817;0.4740;0.5202;-0.0144;0.6549;1.0000;1;1.0000;1.0000;;;5.93
2026-02-17T21:00:45.308089;mvtec_loco_AD/breakfast_box;cont_20pct_mahalanobis_patch;0.2;mahalanobis_patch;5;5;5;1;196;275;102;173;2;5;95;0.7443;0.8674;0.7723;0.4162;0.5029;-0.0505;-0.2120;1.0000;1;1.0000;1.0000;;;7.47
2026-02-17T21:00:53.334192;mvtec_loco_AD/breakfast_box;cont_20pct_ensemble_loo_mahal;0.2;ensemble_loo_mahal;5;5;5;1;196;275;102;173;2;5;95;0.7558;0.8729;0.7723;0.4220;0.5029;-0.0391;0.0625;1.0000;1;1.0000;1.0000;;;8.02
2026-02-17T21:01:00.135496;mvtec_loco_AD/breakfast_box;cont_30pct_none;0.3;none;5;5;5;2;0;275;102;173;2;5;95;0.6836;0.8349;0.7723;0.3526;0.4104;-0.1113;;;;;;;;6.79
2026-02-17T21:01:06.048850;mvtec_loco_AD/breakfast_box;cont_30pct_loo_patch;0.3;loo_patch;5;5;5;2;196;275;102;173;2;5;95;0.7222;0.8539;0.7725;0.3988;0.4393;-0.0727;0.3473;1.0000;1;1.0000;1.0000;;;5.81
2026-02-17T21:01:13.549503;mvtec_loco_AD/breakfast_box;cont_30pct_mahalanobis_patch;0.3;mahalanobis_patch;5;5;5;2;196;275;102;173;2;5;95;0.6743;0.8290;0.7723;0.3468;0.3642;-0.1205;-0.0830;1.0000;1;1.0000;1.0000;;;7.49
2026-02-17T21:01:21.689713;mvtec_loco_AD/breakfast_box;cont_30pct_ensemble_loo_mahal;0.3;ensemble_loo_mahal;5;5;5;2;196;275;102;173;2;5;95;0.6921;0.8373;0.7723;0.3699;0.4046;-0.1027;0.0769;1.0000;1;1.0000;1.0000;;;8.14
2026-02-17T21:01:28.889072;mvtec_loco_AD/breakfast_box;cont_0pct_none;0.0;none;5;5;5;0;0;275;102;173;3;5;95;0.7578;0.8731;0.7791;0.4104;0.4393;;;;;;;;;6.98
2026-02-17T21:01:34.574504;mvtec_loco_AD/breakfast_box;cont_0pct_loo_patch;0.0;loo_patch;5;5;5;0;196;275;102;173;3;5;95;0.7423;0.8672;0.7740;0.4104;0.4798;-0.0155;;;;;;;;5.68
2026-02-17T21:01:42.080662;mvtec_loco_AD/breakfast_box;cont_0pct_mahalanobis_patch;0.0;mahalanobis_patch;5;5;5;0;196;275;102;173;3;5;95;0.7500;0.8709;0.7754;0.4104;0.4624;-0.0078;;;;;;;;7.50
2026-02-17T21:01:50.339770;mvtec_loco_AD/breakfast_box;cont_0pct_ensemble_loo_mahal;0.0;ensemble_loo_mahal;5;5;5;0;196;275;102;173;3;5;95;0.7512;0.8703;0.7793;0.4046;0.4566;-0.0066;;;;;;;;8.25
2026-02-17T21:01:56.621797;mvtec_loco_AD/breakfast_box;cont_20pct_none;0.2;none;5;5;5;1;0;275;102;173;3;5;95;0.7455;0.8666;0.7804;0.3873;0.4798;-0.0123;;;;;;;;6.27
2026-02-17T21:02:02.763409;mvtec_loco_AD/breakfast_box;cont_20pct_loo_patch;0.2;loo_patch;5;5;5;1;196;275;102;173;3;5;95;0.7350;0.8611;0.7780;0.4046;0.4509;-0.0228;-0.8525;1.0000;1;1.0000;1.0000;;;6.14
2026-02-17T21:02:10.442088;mvtec_loco_AD/breakfast_box;cont_20pct_mahalanobis_patch;0.2;mahalanobis_patch;5;5;5;1;196;275;102;173;3;5;95;0.7420;0.8654;0.7778;0.3988;0.4740;-0.0158;-0.2811;1.0000;1;1.0000;1.0000;;;7.67
2026-02-17T21:02:18.456448;mvtec_loco_AD/breakfast_box;cont_20pct_ensemble_loo_mahal;0.2;ensemble_loo_mahal;5;5;5;1;196;275;102;173;3;5;95;0.7351;0.8618;0.7770;0.3988;0.4682;-0.0227;-0.8479;1.0000;1;1.0000;1.0000;;;8.01
2026-02-17T21:02:24.719754;mvtec_loco_AD/breakfast_box;cont_30pct_none;0.3;none;5;5;5;2;0;275;102;173;3;5;95;0.7216;0.8570;0.7723;0.4104;0.4624;-0.0362;;;;;;;;6.25
2026-02-17T21:02:31.660867;mvtec_loco_AD/breakfast_box;cont_30pct_loo_patch;0.3;loo_patch;5;5;5;2;196;275;102;173;3;5;95;0.7198;0.8567;0.7723;0.4046;0.4509;-0.0380;-0.0485;1.0000;1;1.0000;1.0000;;;6.93
2026-02-17T21:02:38.990685;mvtec_loco_AD/breakfast_box;cont_30pct_mahalanobis_patch;0.3;mahalanobis_patch;5;5;5;2;196;275;102;173;3;5;95;0.7212;0.8569;0.7723;0.4046;0.4740;-0.0366;-0.0110;1.0000;1;1.0000;1.0000;;;7.32
2026-02-17T21:02:46.356405;mvtec_loco_AD/breakfast_box;cont_30pct_ensemble_loo_mahal;0.3;ensemble_loo_mahal;5;5;5;2;196;275;102;173;3;5;95;0.7157;0.8548;0.7723;0.4046;0.4798;-0.0420;-0.1612;1.0000;1;1.0000;1.0000;;;7.36
2026-02-17T21:02:53.216373;mvtec_loco_AD/breakfast_box;cont_0pct_none;0.0;none;5;5;5;0;0;275;102;173;4;5;95;0.7764;0.8832;0.7758;0.4335;0.4913;;;;;;;;;6.63
2026-02-17T21:03:00.052481;mvtec_loco_AD/breakfast_box;cont_0pct_loo_patch;0.0;loo_patch;5;5;5;0;196;275;102;173;4;5;95;0.7629;0.8771;0.7758;0.4566;0.4971;-0.0135;;;;;;;;6.83
2026-02-17T21:03:07.640913;mvtec_loco_AD/breakfast_box;cont_0pct_mahalanobis_patch;0.0;mahalanobis_patch;5;5;5;0;196;275;102;173;4;5;95;0.7709;0.8815;0.7744;0.4682;0.4798;-0.0056;;;;;;;;7.35
2026-02-17T21:03:15.444548;mvtec_loco_AD/breakfast_box;cont_0pct_ensemble_loo_mahal;0.0;ensemble_loo_mahal;5;5;5;0;196;275;102;173;4;5;95;0.7680;0.8798;0.7758;0.4682;0.4855;-0.0084;;;;;;;;7.80
2026-02-17T21:03:22.227114;mvtec_loco_AD/breakfast_box;cont_20pct_none;0.2;none;5;5;5;1;0;275;102;173;4;5;95;0.7685;0.8819;0.7739;0.4393;0.5145;-0.0079;;;;;;;;6.77
2026-02-17T21:03:28.562286;mvtec_loco_AD/breakfast_box;cont_20pct_loo_patch;0.2;loo_patch;5;5;5;1;196;275;102;173;4;5;95;0.7509;0.8723;0.7723;0.4451;0.5029;-0.0256;-2.2214;1.0000;1;1.0000;1.0000;;;6.33
2026-02-17T21:03:36.019579;mvtec_loco_AD/breakfast_box;cont_20pct_mahalanobis_patch;0.2;mahalanobis_patch;5;5;5;1;196;275;102;173;4;5;95;0.7696;0.8829;0.7728;0.4451;0.4971;-0.0068;0.1429;1.0000;1;1.0000;1.0000;;;7.45
2026-02-17T21:03:43.529466;mvtec_loco_AD/breakfast_box;cont_20pct_ensemble_loo_mahal;0.2;ensemble_loo_mahal;5;5;5;1;196;275;102;173;4;5;95;0.7581;0.8761;0.7746;0.4393;0.4971;-0.0183;-1.3071;1.0000;1;1.0000;1.0000;;;7.50
2026-02-17T21:03:49.747404;mvtec_loco_AD/breakfast_box;cont_30pct_none;0.3;none;5;5;5;2;0;275;102;173;4;5;95;0.7209;0.8587;0.7723;0.3931;0.4913;-0.0555;;;;;;;;6.20
2026-02-17T21:03:56.360529;mvtec_loco_AD/breakfast_box;cont_30pct_loo_patch;0.3;loo_patch;5;5;5;2;196;275;102;173;4;5;95;0.7296;0.8603;0.7742;0.3931;0.4682;-0.0468;0.1571;1.0000;1;1.0000;1.0000;;;6.61
2026-02-17T21:04:04.253472;mvtec_loco_AD/breakfast_box;cont_30pct_mahalanobis_patch;0.3;mahalanobis_patch;5;5;5;2;196;275;102;173;4;5;95;0.7236;0.8601;0.7723;0.4393;0.4798;-0.0528;0.0490;1.0000;1;1.0000;1.0000;;;7.60
2026-02-17T21:04:11.832417;mvtec_loco_AD/breakfast_box;cont_30pct_ensemble_loo_mahal;0.3;ensemble_loo_mahal;5;5;5;2;196;275;102;173;4;5;95;0.7180;0.8555;0.7723;0.3873;0.4798;-0.0584;-0.0520;1.0000;1;1.0000;1.0000;;;7.57
2026-02-17T21:04:21.663836;mvtec_loco_AD/juice_bottle;cont_0pct_none;0.0;none;5;5;5;0;0;330;94;236;0;5;95;0.8256;0.9325;0.8524;0.4873;0.5805;;;;;;;;;7.53
2026-02-17T21:04:29.449957;mvtec_loco_AD/juice_bottle;cont_0pct_loo_patch;0.0;loo_patch;5;5;5;0;196;330;94;236;0;5;95;0.8189;0.9320;0.8466;0.4915;0.5975;-0.0067;;;;;;;;7.78
2026-02-17T21:04:40.103188;mvtec_loco_AD/juice_bottle;cont_0pct_mahalanobis_patch;0.0;mahalanobis_patch;5;5;5;0;196;330;94;236;0;5;95;0.8309;0.9363;0.8488;0.5169;0.6314;0.0053;;;;;;;;9.73
2026-02-17T21:04:48.823892;mvtec_loco_AD/juice_bottle;cont_0pct_ensemble_loo_mahal;0.0;ensemble_loo_mahal;5;5;5;0;196;330;94;236;0;5;95;0.8156;0.9307;0.8435;0.5127;0.5847;-0.0100;;;;;;;;8.71
2026-02-17T21:04:55.856193;mvtec_loco_AD/juice_bottle;cont_20pct_none;0.2;none;5;5;5;1;0;330;94;236;0;5;95;0.8251;0.9311;0.8539;0.4873;0.5636;-0.0005;;;;;;;;7.02
2026-02-17T21:05:03.571018;mvtec_loco_AD/juice_bottle;cont_20pct_loo_patch;0.2;loo_patch;5;5;5;1;196;330;94;236;0;5;95;0.8127;0.9266;0.8478;0.4703;0.5169;-0.0129;-27.7000;0.5000;0;0.0000;0.0000;;;7.71
2026-02-17T21:05:13.738257;mvtec_loco_AD/juice_bottle;cont_20pct_mahalanobis_patch;0.2;mahalanobis_patch;5;5;5;1;196;330;94;236;0;5;95;0.8322;0.9344;0.8507;0.4703;0.5678;0.0066;15.7000;0.5000;0;0.0000;0.0000;;;10.07
2026-02-17T21:05:23.638029;mvtec_loco_AD/juice_bottle;cont_20pct_ensemble_loo_mahal;0.2;ensemble_loo_mahal;5;5;5;1;196;330;94;236;0;5;95;0.8232;0.9313;0.8456;0.4619;0.5720;-0.0024;-4.4000;0.5000;0;0.0000;0.0000;;;9.89
2026-02-17T21:05:31.613841;mvtec_loco_AD/juice_bottle;cont_30pct_none;0.3;none;5;5;5;2;0;330;94;236;0;5;95;0.8277;0.9340;0.8412;0.4364;0.5636;0.0021;;;;;;;;7.96
2026-02-17T21:05:39.004043;mvtec_loco_AD/juice_bottle;cont_30pct_loo_patch;0.3;loo_patch;5;5;5;2;196;330;94;236;0;5;95;0.8153;0.9283;0.8440;0.4576;0.5466;-0.0103;5.9783;0.3333;0;0.0000;0.0000;;;7.39
2026-02-17T21:05:47.625090;mvtec_loco_AD/juice_bottle;cont_30pct_mahalanobis_patch;0.3;mahalanobis_patch;5;5;5;2;196;330;94;236;0;5;95;0.8199;0.9290;0.8442;0.3898;0.5254;-0.0057;3.7391;0.3333;0;0.0000;0.0000;;;8.62
2026-02-17T21:05:57.292107;mvtec_loco_AD/juice_bottle;cont_30pct_ensemble_loo_mahal;0.3;ensemble_loo_mahal;5;5;5;2;196;330;94;236;0;5;95;0.8099;0.9255;0.8363;0.4110;0.5000;-0.0157;8.5870;0.3333;0;0.0000;0.0000;;;9.66
2026-02-17T21:06:05.575199;mvtec_loco_AD/juice_bottle;cont_0pct_none;0.0;none;5;5;5;0;0;330;94;236;1;5;95;0.7838;0.9084;0.8545;0.3432;0.4364;;;;;;;;;7.95
2026-02-17T21:06:13.629923;mvtec_loco_AD/juice_bottle;cont_0pct_loo_patch;0.0;loo_patch;5;5;5;0;196;330;94;236;1;5;95;0.7792;0.9064;0.8550;0.3559;0.4322;-0.0046;;;;;;;;8.05
2026-02-17T21:06:22.521519;mvtec_loco_AD/juice_bottle;cont_0pct_mahalanobis_patch;0.0;mahalanobis_patch;5;5;5;0;196;330;94;236;1;5;95;0.7908;0.9142;0.8608;0.3771;0.5042;0.0070;;;;;;;;8.89
2026-02-17T21:06:32.375317;mvtec_loco_AD/juice_bottle;cont_0pct_ensemble_loo_mahal;0.0;ensemble_loo_mahal;5;5;5;0;196;330;94;236;1;5;95;0.7804;0.9082;0.8520;0.3602;0.4576;-0.0034;;;;;;;;9.85
2026-02-17T21:06:39.727389;mvtec_loco_AD/juice_bottle;cont_20pct_none;0.2;none;5;5;5;1;0;330;94;236;1;5;95;0.7766;0.9064;0.8522;0.4153;0.4407;-0.0072;;;;;;;;7.34
2026-02-17T21:06:47.692287;mvtec_loco_AD/juice_bottle;cont_20pct_loo_patch;0.2;loo_patch;5;5;5;1;196;330;94;236;1;5;95;0.7806;0.9083;0.8508;0.3686;0.4703;-0.0032;0.5562;1.0000;1;1.0000;1.0000;;;7.96
2026-02-17T21:06:57.491284;mvtec_loco_AD/juice_bottle;cont_20pct_mahalanobis_patch;0.2;mahalanobis_patch;5;5;5;1;196;330;94;236;1;5;95;0.7820;0.9106;0.8508;0.4153;0.4703;-0.0018;0.7500;1.0000;1;1.0000;1.0000;;;9.62
2026-02-17T21:07:07.439520;mvtec_loco_AD/juice_bottle;cont_20pct_ensemble_loo_mahal;0.2;ensemble_loo_mahal;5;5;5;1;196;330;94;236;1;5;95;0.7845;0.9104;0.8519;0.3983;0.4746;0.0007;1.1000;1.0000;1;1.0000;1.0000;;;9.94
2026-02-17T21:07:14.291082;mvtec_loco_AD/juice_bottle;cont_30pct_none;0.3;none;5;5;5;2;0;330;94;236;1;5;95;0.7651;0.8982;0.8519;0.3475;0.4153;-0.0187;;;;;;;;6.83
2026-02-17T21:07:22.604310;mvtec_loco_AD/juice_bottle;cont_30pct_loo_patch;0.3;loo_patch;5;5;5;2;196;330;94;236;1;5;95;0.7828;0.9092;0.8533;0.4110;0.4873;-0.0010;0.9469;1.0000;1;1.0000;1.0000;;;8.31
2026-02-17T21:07:31.567181;mvtec_loco_AD/juice_bottle;cont_30pct_mahalanobis_patch;0.3;mahalanobis_patch;5;5;5;2;196;330;94;236;1;5;95;0.7589;0.8945;0.8506;0.3475;0.3602;-0.0249;-0.3357;1.0000;1;1.0000;1.0000;;;8.96
2026-02-17T21:07:41.233666;mvtec_loco_AD/juice_bottle;cont_30pct_ensemble_loo_mahal;0.3;ensemble_loo_mahal;5;5;5;2;196;330;94;236;1;5;95;0.7712;0.9014;0.8518;0.3729;0.4153;-0.0126;0.3237;1.0000;1;1.0000;1.0000;;;9.66
2026-02-17T21:07:49.855224;mvtec_loco_AD/juice_bottle;cont_0pct_none;0.0;none;5;5;5;0;0;330;94;236;2;5;95;0.8174;0.9237;0.8668;0.3856;0.4831;;;;;;;;;8.28
2026-02-17T21:07:57.765515;mvtec_loco_AD/juice_bottle;cont_0pct_loo_patch;0.0;loo_patch;5;5;5;0;196;330;94;236;2;5;95;0.7885;0.9099;0.8503;0.3559;0.4364;-0.0289;;;;;;;;7.91
2026-02-17T21:08:06.553051;mvtec_loco_AD/juice_bottle;cont_0pct_mahalanobis_patch;0.0;mahalanobis_patch;5;5;5;0;196;330;94;236;2;5;95;0.8045;0.9221;0.8436;0.3517;0.5508;-0.0130;;;;;;;;8.70
2026-02-17T21:08:15.602844;mvtec_loco_AD/juice_bottle;cont_0pct_ensemble_loo_mahal;0.0;ensemble_loo_mahal;5;5;5;0;196;330;94;236;2;5;95;0.7900;0.9126;0.8467;0.3475;0.4407;-0.0274;;;;;;;;9.04
2026-02-17T21:08:23.616312;mvtec_loco_AD/juice_bottle;cont_20pct_none;0.2;none;5;5;5;1;0;330;94;236;2;5;95;0.8315;0.9357;0.8523;0.5551;0.6144;0.0141;;;;;;;;8.00
2026-02-17T21:08:31.669030;mvtec_loco_AD/juice_bottle;cont_20pct_loo_patch;0.2;loo_patch;5;5;5;1;196;330;94;236;2;5;95;0.8144;0.9282;0.8443;0.5042;0.5551;-0.0030;1.2147;1.0000;1;1.0000;1.0000;;;8.05
2026-02-17T21:08:41.096552;mvtec_loco_AD/juice_bottle;cont_20pct_mahalanobis_patch;0.2;mahalanobis_patch;5;5;5;1;196;330;94;236;2;5;95;0.8076;0.9258;0.8486;0.5000;0.5805;-0.0098;1.6987;1.0000;1;1.0000;1.0000;;;9.42
2026-02-17T21:08:51.126224;mvtec_loco_AD/juice_bottle;cont_20pct_ensemble_loo_mahal;0.2;ensemble_loo_mahal;5;5;5;1;196;330;94;236;2;5;95;0.7974;0.9212;0.8473;0.4873;0.5508;-0.0200;2.4231;1.0000;1;1.0000;1.0000;;;10.02
2026-02-17T21:08:58.501512;mvtec_loco_AD/juice_bottle;cont_30pct_none;0.3;none;5;5;5;2;0;330;94;236;2;5;95;0.8368;0.9375;0.8511;0.5466;0.6356;0.0194;;;;;;;;7.36
2026-02-17T21:09:05.723947;mvtec_loco_AD/juice_bottle;cont_30pct_loo_patch;0.3;loo_patch;5;5;5;2;196;330;94;236;2;5;95;0.8175;0.9312;0.8396;0.5508;0.6102;0.0001;0.9953;0.8333;1;0.5000;0.5000;;;7.22
2026-02-17T21:09:15.158966;mvtec_loco_AD/juice_bottle;cont_30pct_mahalanobis_patch;0.3;mahalanobis_patch;5;5;5;2;196;330;94;236;2;5;95;0.7904;0.9191;0.8358;0.4788;0.5254;-0.0270;2.3930;0.8333;1;0.5000;0.5000;;;9.43
2026-02-17T21:09:25.406761;mvtec_loco_AD/juice_bottle;cont_30pct_ensemble_loo_mahal;0.3;ensemble_loo_mahal;5;5;5;2;196;330;94;236;2;5;95;0.8028;0.9236;0.8407;0.5000;0.5593;-0.0146;1.7535;0.8333;1;0.5000;0.5000;;;10.23
2026-02-17T21:09:33.733928;mvtec_loco_AD/juice_bottle;cont_0pct_none;0.0;none;5;5;5;0;0;330;94;236;3;5;95;0.8574;0.9465;0.8694;0.5254;0.6610;;;;;;;;;8.04
2026-02-17T21:09:41.856129;mvtec_loco_AD/juice_bottle;cont_0pct_loo_patch;0.0;loo_patch;5;5;5;0;196;330;94;236;3;5;95;0.8234;0.9300;0.8526;0.4110;0.5424;-0.0340;;;;;;;;8.12
2026-02-17T21:09:51.232754;mvtec_loco_AD/juice_bottle;cont_0pct_mahalanobis_patch;0.0;mahalanobis_patch;5;5;5;0;196;330;94;236;3;5;95;0.8177;0.9294;0.8477;0.4576;0.5381;-0.0397;;;;;;;;9.37
2026-02-17T21:10:00.239281;mvtec_loco_AD/juice_bottle;cont_0pct_ensemble_loo_mahal;0.0;ensemble_loo_mahal;5;5;5;0;196;330;94;236;3;5;95;0.8229;0.9287;0.8515;0.4322;0.4831;-0.0345;;;;;;;;9.00
2026-02-17T21:10:08.146331;mvtec_loco_AD/juice_bottle;cont_20pct_none;0.2;none;5;5;5;1;0;330;94;236;3;5;95;0.8641;0.9499;0.8635;0.5339;0.7034;0.0068;;;;;;;;7.90
2026-02-17T21:10:16.567567;mvtec_loco_AD/juice_bottle;cont_20pct_loo_patch;0.2;loo_patch;5;5;5;1;196;330;94;236;3;5;95;0.8320;0.9350;0.8480;0.4110;0.5636;-0.0254;4.7600;1.0000;1;1.0000;1.0000;;;8.41
2026-02-17T21:10:26.427922;mvtec_loco_AD/juice_bottle;cont_20pct_mahalanobis_patch;0.2;mahalanobis_patch;5;5;5;1;196;330;94;236;3;5;95;0.8431;0.9403;0.8599;0.5297;0.5678;-0.0142;3.1067;1.0000;1;1.0000;1.0000;;;9.86
2026-02-17T21:10:36.338387;mvtec_loco_AD/juice_bottle;cont_20pct_ensemble_loo_mahal;0.2;ensemble_loo_mahal;5;5;5;1;196;330;94;236;3;5;95;0.8468;0.9424;0.8527;0.4364;0.6356;-0.0106;2.5667;1.0000;1;1.0000;1.0000;;;9.91
2026-02-17T21:10:43.818818;mvtec_loco_AD/juice_bottle;cont_30pct_none;0.3;none;5;5;5;2;0;330;94;236;3;5;95;0.8405;0.9399;0.8511;0.5254;0.6314;-0.0169;;;;;;;;7.46
2026-02-17T21:10:51.299258;mvtec_loco_AD/juice_bottle;cont_30pct_loo_patch;0.3;loo_patch;5;5;5;2;196;330;94;236;3;5;95;0.8355;0.9378;0.8469;0.4831;0.6102;-0.0219;-0.2960;1.0000;1;1.0000;1.0000;;;7.47
2026-02-17T21:11:00.848357;mvtec_loco_AD/juice_bottle;cont_30pct_mahalanobis_patch;0.3;mahalanobis_patch;5;5;5;2;196;330;94;236;3;5;95;0.8351;0.9357;0.8516;0.4449;0.5339;-0.0223;-0.3173;1.0000;1;1.0000;1.0000;;;9.54
2026-02-17T21:11:10.969490;mvtec_loco_AD/juice_bottle;cont_30pct_ensemble_loo_mahal;0.3;ensemble_loo_mahal;5;5;5;2;196;330;94;236;3;5;95;0.8354;0.9372;0.8527;0.4534;0.6229;-0.0220;-0.2987;1.0000;1;1.0000;1.0000;;;10.11
2026-02-17T21:11:19.461946;mvtec_loco_AD/juice_bottle;cont_0pct_none;0.0;none;5;5;5;0;0;330;94;236;4;5;95;0.7613;0.8982;0.8561;0.2924;0.4110;;;;;;;;;8.19
2026-02-17T21:11:27.553376;mvtec_loco_AD/juice_bottle;cont_0pct_loo_patch;0.0;loo_patch;5;5;5;0;196;330;94;236;4;5;95;0.7468;0.8942;0.8488;0.2712;0.4237;-0.0146;;;;;;;;8.09
2026-02-17T21:11:36.255427;mvtec_loco_AD/juice_bottle;cont_0pct_mahalanobis_patch;0.0;mahalanobis_patch;5;5;5;0;196;330;94;236;4;5;95;0.7538;0.8962;0.8529;0.3390;0.4110;-0.0075;;;;;;;;8.70
2026-02-17T21:11:45.138007;mvtec_loco_AD/juice_bottle;cont_0pct_ensemble_loo_mahal;0.0;ensemble_loo_mahal;5;5;5;0;196;330;94;236;4;5;95;0.7471;0.8933;0.8446;0.3475;0.4068;-0.0142;;;;;;;;8.88
2026-02-17T21:11:53.089928;mvtec_loco_AD/juice_bottle;cont_20pct_none;0.2;none;5;5;5;1;0;330;94;236;4;5;95;0.7573;0.8966;0.8550;0.3305;0.4025;-0.0040;;;;;;;;7.94
2026-02-17T21:12:01.559856;mvtec_loco_AD/juice_bottle;cont_20pct_loo_patch;0.2;loo_patch;5;5;5;1;196;330;94;236;4;5;95;0.7418;0.8906;0.8529;0.2881;0.4068;-0.0195;-3.9205;1.0000;1;1.0000;1.0000;;;8.30
2026-02-17T21:12:11.412891;mvtec_loco_AD/juice_bottle;cont_20pct_mahalanobis_patch;0.2;mahalanobis_patch;5;5;5;1;196;330;94;236;4;5;95;0.7613;0.8980;0.8511;0.3475;0.3898;0.0000;1.0000;1.0000;1;1.0000;1.0000;;;9.84
2026-02-17T21:12:20.401212;mvtec_loco_AD/juice_bottle;cont_20pct_ensemble_loo_mahal;0.2;ensemble_loo_mahal;5;5;5;1;196;330;94;236;4;5;95;0.7410;0.8887;0.8582;0.3093;0.3686;-0.0203;-4.1250;1.0000;1;1.0000;1.0000;;;8.98
2026-02-17T21:12:28.208884;mvtec_loco_AD/juice_bottle;cont_30pct_none;0.3;none;5;5;5;2;0;330;94;236;4;5;95;0.7582;0.8966;0.8529;0.3220;0.4025;-0.0031;;;;;;;;7.79
2026-02-17T21:12:36.138066;mvtec_loco_AD/juice_bottle;cont_30pct_loo_patch;0.3;loo_patch;5;5;5;2;196;330;94;236;4;5;95;0.7530;0.8939;0.8514;0.2966;0.3898;-0.0083;-1.7206;1.0000;1;1.0000;1.0000;;;7.93
2026-02-17T21:12:45.778385;mvtec_loco_AD/juice_bottle;cont_30pct_mahalanobis_patch;0.3;mahalanobis_patch;5;5;5;2;196;330;94;236;4;5;95;0.7795;0.9077;0.8471;0.3220;0.4449;0.0182;6.9265;1.0000;1;1.0000;1.0000;;;9.63
2026-02-17T21:12:55.522729;mvtec_loco_AD/juice_bottle;cont_30pct_ensemble_loo_mahal;0.3;ensemble_loo_mahal;5;5;5;2;196;330;94;236;4;5;95;0.7628;0.8986;0.8498;0.3093;0.4068;0.0015;1.4779;1.0000;1;1.0000;1.0000;;;9.73
2026-02-17T21:13:05.492747;mvtec_loco_AD/pushpins;cont_0pct_none;0.0;none;5;5;5;0;0;310;138;172;0;5;95;0.5689;0.6353;0.7146;0.0523;0.0988;;;;;;;;;7.71
2026-02-17T21:13:12.612921;mvtec_loco_AD/pushpins;cont_0pct_loo_patch;0.0;loo_patch;5;5;5;0;196;310;138;172;0;5;95;0.5363;0.6154;0.7137;0.0523;0.0814;-0.0326;;;;;;;;7.11
2026-02-17T21:13:21.006300;mvtec_loco_AD/pushpins;cont_0pct_mahalanobis_patch;0.0;mahalanobis_patch;5;5;5;0;196;310;138;172;0;5;95;0.5236;0.6083;0.7137;0.0640;0.0814;-0.0453;;;;;;;;8.39
2026-02-17T21:13:30.590762;mvtec_loco_AD/pushpins;cont_0pct_ensemble_loo_mahal;0.0;ensemble_loo_mahal;5;5;5;0;196;310;138;172;0;5;95;0.5286;0.6090;0.7171;0.0523;0.0756;-0.0404;;;;;;;;9.58
2026-02-17T21:13:38.334812;mvtec_loco_AD/pushpins;cont_20pct_none;0.2;none;5;5;5;1;0;310;138;172;0;5;95;0.5299;0.5948;0.7137;0.0407;0.0640;-0.0391;;;;;;;;7.73
2026-02-17T21:13:45.837414;mvtec_loco_AD/pushpins;cont_20pct_loo_patch;0.2;loo_patch;5;5;5;1;196;310;138;172;0;5;95;0.4992;0.5753;0.7137;0.0407;0.0523;-0.0697;-0.7843;0.7500;0;0.0000;0.0000;;;7.50
2026-02-17T21:13:56.130428;mvtec_loco_AD/pushpins;cont_20pct_mahalanobis_patch;0.2;mahalanobis_patch;5;5;5;1;196;310;138;172;0;5;95;0.5033;0.5768;0.7140;0.0407;0.0523;-0.0656;-0.6796;0.7500;0;0.0000;0.0000;;;9.69
2026-02-17T21:14:04.570435;mvtec_loco_AD/pushpins;cont_20pct_ensemble_loo_mahal;0.2;ensemble_loo_mahal;5;5;5;1;196;310;138;172;0;5;95;0.4964;0.5723;0.7137;0.0407;0.0523;-0.0725;-0.8565;0.7500;0;0.0000;0.0000;;;8.43
2026-02-17T21:14:12.142129;mvtec_loco_AD/pushpins;cont_30pct_none;0.3;none;5;5;5;2;0;310;138;172;0;5;95;0.5402;0.6019;0.7137;0.0407;0.0814;-0.0287;;;;;;;;7.56
2026-02-17T21:14:19.262479;mvtec_loco_AD/pushpins;cont_30pct_loo_patch;0.3;loo_patch;5;5;5;2;196;310;138;172;0;5;95;0.5330;0.6022;0.7146;0.0465;0.0698;-0.0359;-0.2507;0.5000;0;0.5000;0.5000;;;7.12
2026-02-17T21:14:28.612495;mvtec_loco_AD/pushpins;cont_30pct_mahalanobis_patch;0.3;mahalanobis_patch;5;5;5;2;196;310;138;172;0;5;95;0.5276;0.5923;0.7158;0.0407;0.0988;-0.0413;-0.4370;0.5000;0;0.5000;0.5000;;;9.34
2026-02-17T21:14:37.895780;mvtec_loco_AD/pushpins;cont_30pct_ensemble_loo_mahal;0.3;ensemble_loo_mahal;5;5;5;2;196;310;138;172;0;5;95;0.5346;0.5999;0.7164;0.0465;0.0756;-0.0343;-0.1935;0.5000;0;0.5000;0.5000;;;9.28
2026-02-17T21:14:45.999564;mvtec_loco_AD/pushpins;cont_0pct_none;0.0;none;5;5;5;0;0;310;138;172;1;5;95;0.5782;0.6374;0.7305;0.0756;0.1163;;;;;;;;;7.84
2026-02-17T21:14:53.048437;mvtec_loco_AD/pushpins;cont_0pct_loo_patch;0.0;loo_patch;5;5;5;0;196;310;138;172;1;5;95;0.5704;0.6318;0.7190;0.0523;0.1163;-0.0078;;;;;;;;7.04
2026-02-17T21:15:01.704923;mvtec_loco_AD/pushpins;cont_0pct_mahalanobis_patch;0.0;mahalanobis_patch;5;5;5;0;196;310;138;172;1;5;95;0.5774;0.6416;0.7171;0.0756;0.1221;-0.0008;;;;;;;;8.65
2026-02-17T21:15:11.180509;mvtec_loco_AD/pushpins;cont_0pct_ensemble_loo_mahal;0.0;ensemble_loo_mahal;5;5;5;0;196;310;138;172;1;5;95;0.5843;0.6429;0.7179;0.0756;0.1047;0.0061;;;;;;;;9.47
2026-02-17T21:15:18.964077;mvtec_loco_AD/pushpins;cont_20pct_none;0.2;none;5;5;5;1;0;310;138;172;1;5;95;0.5803;0.6426;0.7137;0.0581;0.0930;0.0021;;;;;;;;7.77
2026-02-17T21:15:26.557843;mvtec_loco_AD/pushpins;cont_20pct_loo_patch;0.2;loo_patch;5;5;5;1;196;310;138;172;1;5;95;0.5641;0.6262;0.7170;0.0465;0.0814;-0.0141;7.6337;1.0000;1;1.0000;1.0000;;;7.58
2026-02-17T21:15:36.142530;mvtec_loco_AD/pushpins;cont_20pct_mahalanobis_patch;0.2;mahalanobis_patch;5;5;5;1;196;310;138;172;1;5;95;0.5511;0.6241;0.7167;0.0640;0.1163;-0.0272;13.7624;1.0000;1;1.0000;1.0000;;;9.58
2026-02-17T21:15:44.450565;mvtec_loco_AD/pushpins;cont_20pct_ensemble_loo_mahal;0.2;ensemble_loo_mahal;5;5;5;1;196;310;138;172;1;5;95;0.5641;0.6254;0.7155;0.0465;0.0930;-0.0141;7.6436;1.0000;1;1.0000;1.0000;;;8.30
2026-02-17T21:15:51.016418;mvtec_loco_AD/pushpins;cont_30pct_none;0.3;none;5;5;5;2;0;310;138;172;1;5;95;0.5738;0.6306;0.7169;0.0581;0.0814;-0.0044;;;;;;;;6.55
2026-02-17T21:15:58.639545;mvtec_loco_AD/pushpins;cont_30pct_loo_patch;0.3;loo_patch;5;5;5;2;196;310;138;172;1;5;95;0.5591;0.6207;0.7155;0.0407;0.0988;-0.0191;-3.3081;1.0000;1;1.0000;1.0000;;;7.62
2026-02-17T21:16:08.105987;mvtec_loco_AD/pushpins;cont_30pct_mahalanobis_patch;0.3;mahalanobis_patch;5;5;5;2;196;310;138;172;1;5;95;0.5656;0.6271;0.7140;0.0581;0.1047;-0.0126;-1.8389;1.0000;1;1.0000;1.0000;;;9.46
2026-02-17T21:16:17.369556;mvtec_loco_AD/pushpins;cont_30pct_ensemble_loo_mahal;0.3;ensemble_loo_mahal;5;5;5;2;196;310;138;172;1;5;95;0.5574;0.6135;0.7202;0.0523;0.0872;-0.0208;-3.6872;1.0000;1;1.0000;1.0000;;;9.26
2026-02-17T21:16:25.615863;mvtec_loco_AD/pushpins;cont_0pct_none;0.0;none;5;5;5;0;0;310;138;172;2;5;95;0.5459;0.5958;0.7200;0.0349;0.0756;;;;;;;;;8.01
2026-02-17T21:16:32.385188;mvtec_loco_AD/pushpins;cont_0pct_loo_patch;0.0;loo_patch;5;5;5;0;196;310;138;172;2;5;95;0.5420;0.5992;0.7249;0.0465;0.0872;-0.0039;;;;;;;;6.76
2026-02-17T21:16:41.572043;mvtec_loco_AD/pushpins;cont_0pct_mahalanobis_patch;0.0;mahalanobis_patch;5;5;5;0;196;310;138;172;2;5;95;0.5447;0.5978;0.7234;0.0523;0.0698;-0.0012;;;;;;;;9.18
2026-02-17T21:16:50.097410;mvtec_loco_AD/pushpins;cont_0pct_ensemble_loo_mahal;0.0;ensemble_loo_mahal;5;5;5;0;196;310;138;172;2;5;95;0.5265;0.5864;0.7234;0.0407;0.0756;-0.0194;;;;;;;;8.52
2026-02-17T21:16:57.540940;mvtec_loco_AD/pushpins;cont_20pct_none;0.2;none;5;5;5;1;0;310;138;172;2;5;95;0.5779;0.6331;0.7203;0.0523;0.0872;0.0320;;;;;;;;7.43
2026-02-17T21:17:05.297134;mvtec_loco_AD/pushpins;cont_20pct_loo_patch;0.2;loo_patch;5;5;5;1;196;310;138;172;2;5;95;0.5495;0.6207;0.7200;0.0581;0.0988;0.0036;0.8880;0.5000;0;0.0000;0.0000;;;7.67
2026-02-17T21:17:14.396832;mvtec_loco_AD/pushpins;cont_20pct_mahalanobis_patch;0.2;mahalanobis_patch;5;5;5;1;196;310;138;172;2;5;95;0.5581;0.6193;0.7203;0.0465;0.1047;0.0122;0.6192;0.5000;0;0.0000;0.0000;;;9.09
2026-02-17T21:17:22.842044;mvtec_loco_AD/pushpins;cont_20pct_ensemble_loo_mahal;0.2;ensemble_loo_mahal;5;5;5;1;196;310;138;172;2;5;95;0.5334;0.6065;0.7230;0.0465;0.1047;-0.0125;1.3913;0.5000;0;0.0000;0.0000;;;8.44
2026-02-17T21:17:30.555431;mvtec_loco_AD/pushpins;cont_30pct_none;0.3;none;5;5;5;2;0;310;138;172;2;5;95;0.5655;0.6320;0.7137;0.0640;0.1163;0.0196;;;;;;;;7.70
2026-02-17T21:17:37.263360;mvtec_loco_AD/pushpins;cont_30pct_loo_patch;0.3;loo_patch;5;5;5;2;196;310;138;172;2;5;95;0.5483;0.6214;0.7162;0.0756;0.1105;0.0024;0.8796;0.5000;0;0.5000;0.5000;;;6.60
2026-02-17T21:17:46.331244;mvtec_loco_AD/pushpins;cont_30pct_mahalanobis_patch;0.3;mahalanobis_patch;5;5;5;2;196;310;138;172;2;5;95;0.5403;0.6160;0.7174;0.0756;0.1279;-0.0056;1.2849;0.5000;0;0.5000;0.5000;;;9.06
2026-02-17T21:17:55.923471;mvtec_loco_AD/pushpins;cont_30pct_ensemble_loo_mahal;0.3;ensemble_loo_mahal;5;5;5;2;196;310;138;172;2;5;95;0.5372;0.6133;0.7137;0.0698;0.1163;-0.0087;1.4430;0.5000;0;0.5000;0.5000;;;9.58
2026-02-17T21:18:03.752511;mvtec_loco_AD/pushpins;cont_0pct_none;0.0;none;5;5;5;0;0;310;138;172;3;5;95;0.5198;0.5826;0.7152;0.0407;0.0698;;;;;;;;;7.62
2026-02-17T21:18:11.138271;mvtec_loco_AD/pushpins;cont_0pct_loo_patch;0.0;loo_patch;5;5;5;0;196;310;138;172;3;5;95;0.5075;0.5797;0.7167;0.0465;0.0698;-0.0123;;;;;;;;7.38
2026-02-17T21:18:19.673511;mvtec_loco_AD/pushpins;cont_0pct_mahalanobis_patch;0.0;mahalanobis_patch;5;5;5;0;196;310;138;172;3;5;95;0.4946;0.5719;0.7182;0.0407;0.0698;-0.0253;;;;;;;;8.53
2026-02-17T21:18:28.037477;mvtec_loco_AD/pushpins;cont_0pct_ensemble_loo_mahal;0.0;ensemble_loo_mahal;5;5;5;0;196;310;138;172;3;5;95;0.5104;0.5828;0.7182;0.0523;0.0698;-0.0094;;;;;;;;8.36
2026-02-17T21:18:35.346400;mvtec_loco_AD/pushpins;cont_20pct_none;0.2;none;5;5;5;1;0;310;138;172;3;5;95;0.5236;0.5899;0.7155;0.0465;0.0581;0.0037;;;;;;;;7.30
2026-02-17T21:18:43.313833;mvtec_loco_AD/pushpins;cont_20pct_loo_patch;0.2;loo_patch;5;5;5;1;196;310;138;172;3;5;95;0.5099;0.5765;0.7182;0.0407;0.0698;-0.0100;3.6629;0.7500;0;0.0000;0.0000;;;7.68
2026-02-17T21:18:52.523008;mvtec_loco_AD/pushpins;cont_20pct_mahalanobis_patch;0.2;mahalanobis_patch;5;5;5;1;196;310;138;172;3;5;95;0.5040;0.5718;0.7140;0.0407;0.0640;-0.0158;5.2135;0.7500;0;0.0000;0.0000;;;9.20
2026-02-17T21:19:00.950629;mvtec_loco_AD/pushpins;cont_20pct_ensemble_loo_mahal;0.2;ensemble_loo_mahal;5;5;5;1;196;310;138;172;3;5;95;0.5061;0.5759;0.7167;0.0407;0.0640;-0.0138;4.6742;0.7500;0;0.0000;0.0000;;;8.42
2026-02-17T21:19:08.400264;mvtec_loco_AD/pushpins;cont_30pct_none;0.3;none;5;5;5;2;0;310;138;172;3;5;95;0.5055;0.5623;0.7137;0.0291;0.0581;-0.0143;;;;;;;;7.44
2026-02-17T21:19:15.732462;mvtec_loco_AD/pushpins;cont_30pct_loo_patch;0.3;loo_patch;5;5;5;2;196;310;138;172;3;5;95;0.5037;0.5680;0.7155;0.0291;0.0581;-0.0162;-0.1294;1.0000;1;1.0000;1.0000;;;7.33
2026-02-17T21:19:24.985470;mvtec_loco_AD/pushpins;cont_30pct_mahalanobis_patch;0.3;mahalanobis_patch;5;5;5;2;196;310;138;172;3;5;95;0.4988;0.5598;0.7137;0.0291;0.0698;-0.0211;-0.4706;1.0000;1;1.0000;1.0000;;;9.24
2026-02-17T21:19:33.857011;mvtec_loco_AD/pushpins;cont_30pct_ensemble_loo_mahal;0.3;ensemble_loo_mahal;5;5;5;2;196;310;138;172;3;5;95;0.5020;0.5663;0.7155;0.0349;0.0698;-0.0179;-0.2471;1.0000;1;1.0000;1.0000;;;8.87
2026-02-17T21:19:41.801130;mvtec_loco_AD/pushpins;cont_0pct_none;0.0;none;5;5;5;0;0;310;138;172;4;5;95;0.5716;0.6317;0.7188;0.0523;0.1047;;;;;;;;;7.71
2026-02-17T21:19:48.580196;mvtec_loco_AD/pushpins;cont_0pct_loo_patch;0.0;loo_patch;5;5;5;0;196;310;138;172;4;5;95;0.5570;0.6257;0.7137;0.0581;0.1047;-0.0146;;;;;;;;6.77
2026-02-17T21:19:58.172083;mvtec_loco_AD/pushpins;cont_0pct_mahalanobis_patch;0.0;mahalanobis_patch;5;5;5;0;196;310;138;172;4;5;95;0.5780;0.6467;0.7210;0.0640;0.1047;0.0064;;;;;;;;9.59
2026-02-17T21:20:06.559291;mvtec_loco_AD/pushpins;cont_0pct_ensemble_loo_mahal;0.0;ensemble_loo_mahal;5;5;5;0;196;310;138;172;4;5;95;0.5692;0.6377;0.7164;0.0581;0.0930;-0.0024;;;;;;;;8.38
2026-02-17T21:20:14.062961;mvtec_loco_AD/pushpins;cont_20pct_none;0.2;none;5;5;5;1;0;310;138;172;4;5;95;0.5661;0.6280;0.7137;0.0523;0.0988;-0.0055;;;;;;;;7.49
2026-02-17T21:20:22.743392;mvtec_loco_AD/pushpins;cont_20pct_loo_patch;0.2;loo_patch;5;5;5;1;196;310;138;172;4;5;95;0.5441;0.6061;0.7152;0.0465;0.0756;-0.0275;-3.9847;0.7500;0;0.0000;0.0000;;;7.66
2026-02-17T21:20:32.214363;mvtec_loco_AD/pushpins;cont_20pct_mahalanobis_patch;0.2;mahalanobis_patch;5;5;5;1;196;310;138;172;4;5;95;0.5670;0.6268;0.7171;0.0465;0.0930;-0.0046;0.1679;0.7500;0;0.0000;0.0000;;;9.28
2026-02-17T21:20:40.834409;mvtec_loco_AD/pushpins;cont_20pct_ensemble_loo_mahal;0.2;ensemble_loo_mahal;5;5;5;1;196;310;138;172;4;5;95;0.5529;0.6126;0.7152;0.0523;0.0814;-0.0187;-2.3969;0.7500;0;0.0000;0.0000;;;8.61
2026-02-17T21:20:48.919326;mvtec_loco_AD/pushpins;cont_30pct_none;0.3;none;5;5;5;2;0;310;138;172;4;5;95;0.5793;0.6424;0.7137;0.0756;0.1047;0.0077;;;;;;;;8.07
2026-02-17T21:20:55.514843;mvtec_loco_AD/pushpins;cont_30pct_loo_patch;0.3;loo_patch;5;5;5;2;196;310;138;172;4;5;95;0.5648;0.6270;0.7137;0.0523;0.0814;-0.0068;1.8846;0.5000;1;0.5000;0.5000;;;6.59
2026-02-17T21:21:04.688704;mvtec_loco_AD/pushpins;cont_30pct_mahalanobis_patch;0.3;mahalanobis_patch;5;5;5;2;196;310;138;172;4;5;95;0.5587;0.6358;0.7137;0.0814;0.1337;-0.0129;2.6813;0.5000;1;0.5000;0.5000;;;9.17
2026-02-17T21:21:12.790261;mvtec_loco_AD/pushpins;cont_30pct_ensemble_loo_mahal;0.3;ensemble_loo_mahal;5;5;5;2;196;310;138;172;4;5;95;0.5483;0.6150;0.7155;0.0640;0.0814;-0.0233;4.0440;0.5000;1;0.5000;0.5000;;;8.10
2026-02-17T21:21:23.217046;mvtec_loco_AD/screw_bag;cont_0pct_none;0.0;none;5;5;5;0;0;341;122;219;0;5;95;0.5103;0.6857;0.7834;0.0594;0.1461;;;;;;;;;7.98
2026-02-17T21:21:31.964548;mvtec_loco_AD/screw_bag;cont_0pct_loo_patch;0.0;loo_patch;5;5;5;0;196;341;122;219;0;5;95;0.5035;0.6845;0.7828;0.0548;0.1370;-0.0068;;;;;;;;8.74
2026-02-17T21:21:41.526464;mvtec_loco_AD/screw_bag;cont_0pct_mahalanobis_patch;0.0;mahalanobis_patch;5;5;5;0;196;341;122;219;0;5;95;0.5117;0.6923;0.7821;0.0594;0.1279;0.0014;;;;;;;;9.39
2026-02-17T21:21:51.682061;mvtec_loco_AD/screw_bag;cont_0pct_ensemble_loo_mahal;0.0;ensemble_loo_mahal;5;5;5;0;196;341;122;219;0;5;95;0.5083;0.6881;0.7821;0.0594;0.1370;-0.0020;;;;;;;;10.15
2026-02-17T21:21:59.668712;mvtec_loco_AD/screw_bag;cont_20pct_none;0.2;none;5;5;5;1;0;341;122;219;0;5;95;0.5517;0.7106;0.7821;0.0548;0.1187;0.0414;;;;;;;;7.98
2026-02-17T21:22:07.712070;mvtec_loco_AD/screw_bag;cont_20pct_loo_patch;0.2;loo_patch;5;5;5;1;196;341;122;219;0;5;95;0.5591;0.7133;0.7821;0.0685;0.1050;0.0488;-0.1801;1.0000;1;1.0000;1.0000;;;8.04
2026-02-17T21:22:18.135167;mvtec_loco_AD/screw_bag;cont_20pct_mahalanobis_patch;0.2;mahalanobis_patch;5;5;5;1;196;341;122;219;0;5;95;0.5551;0.7207;0.7821;0.0685;0.1416;0.0448;-0.0837;1.0000;1;1.0000;1.0000;;;10.26
2026-02-17T21:22:28.268324;mvtec_loco_AD/screw_bag;cont_20pct_ensemble_loo_mahal;0.2;ensemble_loo_mahal;5;5;5;1;196;341;122;219;0;5;95;0.5671;0.7237;0.7821;0.0776;0.1279;0.0568;-0.3738;1.0000;1;1.0000;1.0000;;;10.12
2026-02-17T21:22:36.852831;mvtec_loco_AD/screw_bag;cont_30pct_none;0.3;none;5;5;5;2;0;341;122;219;0;5;95;0.4958;0.6733;0.7821;0.0411;0.1050;-0.0145;;;;;;;;8.57
2026-02-17T21:22:44.856320;mvtec_loco_AD/screw_bag;cont_30pct_loo_patch;0.3;loo_patch;5;5;5;2;196;341;122;219;0;5;95;0.4858;0.6742;0.7828;0.0411;0.1142;-0.0245;-0.6925;0.6667;1;0.5000;0.5000;;;7.91
2026-02-17T21:22:54.667586;mvtec_loco_AD/screw_bag;cont_30pct_mahalanobis_patch;0.3;mahalanobis_patch;5;5;5;2;196;341;122;219;0;5;95;0.4857;0.6735;0.7821;0.0411;0.0913;-0.0246;-0.6977;0.6667;1;0.5000;0.5000;;;9.81
2026-02-17T21:23:04.104839;mvtec_loco_AD/screw_bag;cont_30pct_ensemble_loo_mahal;0.3;ensemble_loo_mahal;5;5;5;2;196;341;122;219;0;5;95;0.4824;0.6742;0.7821;0.0457;0.0913;-0.0279;-0.9276;0.6667;1;0.5000;0.5000;;;9.43
2026-02-17T21:23:12.580260;mvtec_loco_AD/screw_bag;cont_0pct_none;0.0;none;5;5;5;0;0;341;122;219;1;5;95;0.4866;0.6623;0.7821;0.0457;0.0959;;;;;;;;;8.15
2026-02-17T21:23:21.480656;mvtec_loco_AD/screw_bag;cont_0pct_loo_patch;0.0;loo_patch;5;5;5;0;196;341;122;219;1;5;95;0.4986;0.6761;0.7821;0.0365;0.1005;0.0120;;;;;;;;8.68
2026-02-17T21:23:31.669200;mvtec_loco_AD/screw_bag;cont_0pct_mahalanobis_patch;0.0;mahalanobis_patch;5;5;5;0;196;341;122;219;1;5;95;0.4976;0.6747;0.7821;0.0548;0.0913;0.0110;;;;;;;;10.18
2026-02-17T21:23:42.242265;mvtec_loco_AD/screw_bag;cont_0pct_ensemble_loo_mahal;0.0;ensemble_loo_mahal;5;5;5;0;196;341;122;219;1;5;95;0.5008;0.6762;0.7821;0.0411;0.1187;0.0142;;;;;;;;10.57
2026-02-17T21:23:49.972597;mvtec_loco_AD/screw_bag;cont_20pct_none;0.2;none;5;5;5;1;0;341;122;219;1;5;95;0.4914;0.6674;0.7821;0.0457;0.0868;0.0048;;;;;;;;7.72
2026-02-17T21:23:58.647991;mvtec_loco_AD/screw_bag;cont_20pct_loo_patch;0.2;loo_patch;5;5;5;1;196;341;122;219;1;5;95;0.4986;0.6764;0.7821;0.0457;0.0959;0.0120;-1.4806;1.0000;1;1.0000;1.0000;;;8.67
2026-02-17T21:24:07.960550;mvtec_loco_AD/screw_bag;cont_20pct_mahalanobis_patch;0.2;mahalanobis_patch;5;5;5;1;196;341;122;219;1;5;95;0.4989;0.6747;0.7821;0.0411;0.0868;0.0123;-1.5426;1.0000;1;1.0000;1.0000;;;9.31
2026-02-17T21:24:17.811309;mvtec_loco_AD/screw_bag;cont_20pct_ensemble_loo_mahal;0.2;ensemble_loo_mahal;5;5;5;1;196;341;122;219;1;5;95;0.4910;0.6738;0.7821;0.0502;0.1096;0.0044;0.0853;1.0000;1;1.0000;1.0000;;;9.85
2026-02-17T21:24:26.275629;mvtec_loco_AD/screw_bag;cont_30pct_none;0.3;none;5;5;5;2;0;341;122;219;1;5;95;0.5009;0.6835;0.7821;0.0594;0.1279;0.0143;;;;;;;;8.45
2026-02-17T21:24:34.991248;mvtec_loco_AD/screw_bag;cont_30pct_loo_patch;0.3;loo_patch;5;5;5;2;196;341;122;219;1;5;95;0.4976;0.6793;0.7821;0.0502;0.1187;0.0110;0.2324;0.3333;0;0.5000;0.5000;;;8.57
2026-02-17T21:24:45.029900;mvtec_loco_AD/screw_bag;cont_30pct_mahalanobis_patch;0.3;mahalanobis_patch;5;5;5;2;196;341;122;219;1;5;95;0.5097;0.6862;0.7821;0.0731;0.1370;0.0231;-0.6110;0.3333;0;0.5000;0.5000;;;10.03
2026-02-17T21:24:54.655529;mvtec_loco_AD/screw_bag;cont_30pct_ensemble_loo_mahal;0.3;ensemble_loo_mahal;5;5;5;2;196;341;122;219;1;5;95;0.5041;0.6804;0.7821;0.0411;0.1187;0.0175;-0.2193;0.3333;0;0.5000;0.5000;;;9.62
2026-02-17T21:25:03.650794;mvtec_loco_AD/screw_bag;cont_0pct_none;0.0;none;5;5;5;0;0;341;122;219;2;5;95;0.5900;0.7417;0.7821;0.0731;0.1416;;;;;;;;;8.76
2026-02-17T21:25:11.421190;mvtec_loco_AD/screw_bag;cont_0pct_loo_patch;0.0;loo_patch;5;5;5;0;196;341;122;219;2;5;95;0.5928;0.7423;0.7877;0.0913;0.1553;0.0028;;;;;;;;7.76
2026-02-17T21:25:21.437340;mvtec_loco_AD/screw_bag;cont_0pct_mahalanobis_patch;0.0;mahalanobis_patch;5;5;5;0;196;341;122;219;2;5;95;0.5916;0.7406;0.7821;0.0776;0.1735;0.0016;;;;;;;;10.01
2026-02-17T21:25:31.398916;mvtec_loco_AD/screw_bag;cont_0pct_ensemble_loo_mahal;0.0;ensemble_loo_mahal;5;5;5;0;196;341;122;219;2;5;95;0.5851;0.7401;0.7828;0.0959;0.1826;-0.0049;;;;;;;;9.95
2026-02-17T21:25:40.053797;mvtec_loco_AD/screw_bag;cont_20pct_none;0.2;none;5;5;5;1;0;341;122;219;2;5;95;0.5385;0.7078;0.7821;0.0913;0.1416;-0.0515;;;;;;;;8.64
2026-02-17T21:25:48.138314;mvtec_loco_AD/screw_bag;cont_20pct_loo_patch;0.2;loo_patch;5;5;5;1;196;341;122;219;2;5;95;0.5432;0.7108;0.7821;0.0959;0.1507;-0.0468;0.0902;0.5000;0;0.0000;0.0000;;;8.08
2026-02-17T21:25:58.742256;mvtec_loco_AD/screw_bag;cont_20pct_mahalanobis_patch;0.2;mahalanobis_patch;5;5;5;1;196;341;122;219;2;5;95;0.5426;0.7081;0.7821;0.0913;0.1187;-0.0474;0.0785;0.5000;0;0.0000;0.0000;;;10.45
2026-02-17T21:26:07.682070;mvtec_loco_AD/screw_bag;cont_20pct_ensemble_loo_mahal;0.2;ensemble_loo_mahal;5;5;5;1;196;341;122;219;2;5;95;0.5390;0.7075;0.7821;0.0822;0.1370;-0.0510;0.0087;0.5000;0;0.0000;0.0000;;;8.93
2026-02-17T21:26:14.938792;mvtec_loco_AD/screw_bag;cont_30pct_none;0.3;none;5;5;5;2;0;341;122;219;2;5;95;0.5292;0.6998;0.7821;0.0913;0.1324;-0.0608;;;;;;;;7.24
2026-02-17T21:26:23.552820;mvtec_loco_AD/screw_bag;cont_30pct_loo_patch;0.3;loo_patch;5;5;5;2;196;341;122;219;2;5;95;0.5223;0.6921;0.7821;0.1005;0.1233;-0.0676;-0.1120;0.6667;0;0.5000;0.5000;;;8.61
2026-02-17T21:26:33.702486;mvtec_loco_AD/screw_bag;cont_30pct_mahalanobis_patch;0.3;mahalanobis_patch;5;5;5;2;196;341;122;219;2;5;95;0.5370;0.7029;0.7821;0.0822;0.1324;-0.0530;0.1286;0.6667;0;0.5000;0.5000;;;9.98
2026-02-17T21:26:43.468039;mvtec_loco_AD/screw_bag;cont_30pct_ensemble_loo_mahal;0.3;ensemble_loo_mahal;5;5;5;2;196;341;122;219;2;5;95;0.5288;0.6985;0.7821;0.0822;0.1324;-0.0612;-0.0065;0.6667;0;0.5000;0.5000;;;9.76
2026-02-17T21:26:52.399012;mvtec_loco_AD/screw_bag;cont_0pct_none;0.0;none;5;5;5;0;0;341;122;219;3;5;95;0.4858;0.6532;0.7821;0.0411;0.0868;;;;;;;;;8.64
2026-02-17T21:27:01.020136;mvtec_loco_AD/screw_bag;cont_0pct_loo_patch;0.0;loo_patch;5;5;5;0;196;341;122;219;3;5;95;0.4899;0.6649;0.7835;0.0502;0.0959;0.0041;;;;;;;;8.62
2026-02-17T21:27:10.210552;mvtec_loco_AD/screw_bag;cont_0pct_mahalanobis_patch;0.0;mahalanobis_patch;5;5;5;0;196;341;122;219;3;5;95;0.4989;0.6711;0.7835;0.0502;0.1187;0.0131;;;;;;;;9.18
2026-02-17T21:27:19.049800;mvtec_loco_AD/screw_bag;cont_0pct_ensemble_loo_mahal;0.0;ensemble_loo_mahal;5;5;5;0;196;341;122;219;3;5;95;0.4952;0.6663;0.7835;0.0502;0.1005;0.0094;;;;;;;;8.84
2026-02-17T21:27:27.323909;mvtec_loco_AD/screw_bag;cont_20pct_none;0.2;none;5;5;5;1;0;341;122;219;3;5;95;0.4864;0.6663;0.7821;0.0548;0.1050;0.0006;;;;;;;;8.26
2026-02-17T21:27:36.076494;mvtec_loco_AD/screw_bag;cont_20pct_loo_patch;0.2;loo_patch;5;5;5;1;196;341;122;219;3;5;95;0.4959;0.6735;0.7821;0.0731;0.1096;0.0101;-15.8750;0.5000;0;0.0000;0.0000;;;8.66
2026-02-17T21:27:45.772057;mvtec_loco_AD/screw_bag;cont_20pct_mahalanobis_patch;0.2;mahalanobis_patch;5;5;5;1;196;341;122;219;3;5;95;0.4929;0.6730;0.7821;0.0776;0.1142;0.0071;-10.8125;0.5000;0;0.0000;0.0000;;;9.69
2026-02-17T21:27:55.675555;mvtec_loco_AD/screw_bag;cont_20pct_ensemble_loo_mahal;0.2;ensemble_loo_mahal;5;5;5;1;196;341;122;219;3;5;95;0.4942;0.6779;0.7821;0.0913;0.1187;0.0085;-13.1250;0.5000;0;0.0000;0.0000;;;9.90
2026-02-17T21:28:04.298389;mvtec_loco_AD/screw_bag;cont_30pct_none;0.3;none;5;5;5;2;0;341;122;219;3;5;95;0.5011;0.6887;0.7821;0.0822;0.1553;0.0153;;;;;;;;8.61
2026-02-17T21:28:12.010575;mvtec_loco_AD/screw_bag;cont_30pct_loo_patch;0.3;loo_patch;5;5;5;2;196;341;122;219;3;5;95;0.4978;0.6903;0.7821;0.1050;0.1370;0.0120;0.2152;0.3333;0;0.0000;0.0000;;;7.71
2026-02-17T21:28:21.901822;mvtec_loco_AD/screw_bag;cont_30pct_mahalanobis_patch;0.3;mahalanobis_patch;5;5;5;2;196;341;122;219;3;5;95;0.5002;0.6909;0.7821;0.1050;0.1507;0.0144;0.0562;0.3333;0;0.0000;0.0000;;;9.89
2026-02-17T21:28:31.617875;mvtec_loco_AD/screw_bag;cont_30pct_ensemble_loo_mahal;0.3;ensemble_loo_mahal;5;5;5;2;196;341;122;219;3;5;95;0.4955;0.6893;0.7821;0.1096;0.1461;0.0097;0.3667;0.3333;0;0.0000;0.0000;;;9.71
2026-02-17T21:28:40.010042;mvtec_loco_AD/screw_bag;cont_0pct_none;0.0;none;5;5;5;0;0;341;122;219;4;5;95;0.5211;0.6840;0.7849;0.0594;0.1142;;;;;;;;;8.14
2026-02-17T21:28:48.632629;mvtec_loco_AD/screw_bag;cont_0pct_loo_patch;0.0;loo_patch;5;5;5;0;196;341;122;219;4;5;95;0.5184;0.6846;0.7849;0.0502;0.1005;-0.0027;;;;;;;;8.62
2026-02-17T21:28:59.888098;mvtec_loco_AD/screw_bag;cont_0pct_mahalanobis_patch;0.0;mahalanobis_patch;5;5;5;0;196;341;122;219;4;5;95;0.5386;0.6991;0.7849;0.0457;0.1096;0.0175;;;;;;;;9.90
2026-02-17T21:29:09.541841;mvtec_loco_AD/screw_bag;cont_0pct_ensemble_loo_mahal;0.0;ensemble_loo_mahal;5;5;5;0;196;341;122;219;4;5;95;0.5243;0.6890;0.7849;0.0594;0.1005;0.0032;;;;;;;;9.65
2026-02-17T21:29:17.231529;mvtec_loco_AD/screw_bag;cont_20pct_none;0.2;none;5;5;5;1;0;341;122;219;4;5;95;0.4882;0.6572;0.7821;0.0320;0.0959;-0.0329;;;;;;;;7.68
2026-02-17T21:29:25.571394;mvtec_loco_AD/screw_bag;cont_20pct_loo_patch;0.2;loo_patch;5;5;5;1;196;341;122;219;4;5;95;0.4854;0.6579;0.7828;0.0457;0.0822;-0.0357;-0.0853;0.7500;0;0.0000;0.0000;;;8.33
2026-02-17T21:29:36.497674;mvtec_loco_AD/screw_bag;cont_20pct_mahalanobis_patch;0.2;mahalanobis_patch;5;5;5;1;196;341;122;219;4;5;95;0.4987;0.6703;0.7821;0.0320;0.1050;-0.0223;0.3208;0.7500;0;0.0000;0.0000;;;10.92
2026-02-17T21:29:46.578377;mvtec_loco_AD/screw_bag;cont_20pct_ensemble_loo_mahal;0.2;ensemble_loo_mahal;5;5;5;1;196;341;122;219;4;5;95;0.4964;0.6681;0.7828;0.0457;0.0959;-0.0247;0.2491;0.7500;0;0.0000;0.0000;;;10.07
2026-02-17T21:29:55.121892;mvtec_loco_AD/screw_bag;cont_30pct_none;0.3;none;5;5;5;2;0;341;122;219;4;5;95;0.4915;0.6624;0.7821;0.0365;0.0822;-0.0296;;;;;;;;8.53
2026-02-17T21:30:03.358993;mvtec_loco_AD/screw_bag;cont_30pct_loo_patch;0.3;loo_patch;5;5;5;2;196;341;122;219;4;5;95;0.4960;0.6649;0.7821;0.0274;0.1050;-0.0251;0.1519;0.5000;0;0.5000;0.5000;;;7.93
2026-02-17T21:30:13.639993;mvtec_loco_AD/screw_bag;cont_30pct_mahalanobis_patch;0.3;mahalanobis_patch;5;5;5;2;196;341;122;219;4;5;95;0.4950;0.6696;0.7821;0.0457;0.1233;-0.0260;0.1190;0.5000;0;0.5000;0.5000;;;10.27
2026-02-17T21:30:22.879443;mvtec_loco_AD/screw_bag;cont_30pct_ensemble_loo_mahal;0.3;ensemble_loo_mahal;5;5;5;2;196;341;122;219;4;5;95;0.5012;0.6718;0.7821;0.0365;0.1279;-0.0199;0.3266;0.5000;0;0.5000;0.5000;;;9.23
2026-02-17T21:30:32.142912;mvtec_loco_AD/splicing_connectors;cont_0pct_none;0.0;none;5;5;5;0;0;312;119;193;0;5;95;0.6855;0.8064;0.7644;0.2642;0.3420;;;;;;;;;6.91
2026-02-17T21:30:39.294102;mvtec_loco_AD/splicing_connectors;cont_0pct_loo_patch;0.0;loo_patch;5;5;5;0;196;312;119;193;0;5;95;0.6187;0.7291;0.7644;0.1036;0.1347;-0.0667;;;;;;;;7.14
2026-02-17T21:30:49.091526;mvtec_loco_AD/splicing_connectors;cont_0pct_mahalanobis_patch;0.0;mahalanobis_patch;5;5;5;0;196;312;119;193;0;5;95;0.6936;0.8113;0.7663;0.2798;0.3005;0.0081;;;;;;;;9.57
2026-02-17T21:30:58.079523;mvtec_loco_AD/splicing_connectors;cont_0pct_ensemble_loo_mahal;0.0;ensemble_loo_mahal;5;5;5;0;196;312;119;193;0;5;95;0.6434;0.7614;0.7650;0.1710;0.2021;-0.0421;;;;;;;;8.98
2026-02-17T21:31:05.998279;mvtec_loco_AD/splicing_connectors;cont_20pct_none;0.2;none;5;5;5;1;0;312;119;193;0;5;95;0.6748;0.7997;0.7644;0.2746;0.3109;-0.0107;;;;;;;;7.91
2026-02-17T21:31:13.833523;mvtec_loco_AD/splicing_connectors;cont_20pct_loo_patch;0.2;loo_patch;5;5;5;1;196;312;119;193;0;5;95;0.6172;0.7307;0.7644;0.0984;0.1710;-0.0682;-5.3699;0.0000;0;0.0000;0.0000;;;7.83
2026-02-17T21:31:22.360556;mvtec_loco_AD/splicing_connectors;cont_20pct_mahalanobis_patch;0.2;mahalanobis_patch;5;5;5;1;196;312;119;193;0;5;95;0.6763;0.7989;0.7644;0.2539;0.3005;-0.0091;0.1463;0.0000;0;0.0000;0.0000;;;8.52
2026-02-17T21:31:30.900896;mvtec_loco_AD/splicing_connectors;cont_20pct_ensemble_loo_mahal;0.2;ensemble_loo_mahal;5;5;5;1;196;312;119;193;0;5;95;0.6394;0.7605;0.7644;0.1399;0.2124;-0.0461;-3.3049;0.0000;0;0.0000;0.0000;;;8.53
2026-02-17T21:31:38.818376;mvtec_loco_AD/splicing_connectors;cont_30pct_none;0.3;none;5;5;5;2;0;312;119;193;0;5;95;0.6388;0.7534;0.7651;0.1451;0.1865;-0.0466;;;;;;;;7.90
2026-02-17T21:31:46.008981;mvtec_loco_AD/splicing_connectors;cont_30pct_loo_patch;0.3;loo_patch;5;5;5;2;196;312;119;193;0;5;95;0.6164;0.7261;0.7644;0.1244;0.1451;-0.0691;-0.4818;0.5000;1;0.5000;0.5000;;;7.18
2026-02-17T21:31:55.579169;mvtec_loco_AD/splicing_connectors;cont_30pct_mahalanobis_patch;0.3;mahalanobis_patch;5;5;5;2;196;312;119;193;0;5;95;0.6326;0.7422;0.7644;0.0933;0.1347;-0.0529;-0.1335;0.5000;1;0.5000;0.5000;;;9.56
2026-02-17T21:32:04.743084;mvtec_loco_AD/splicing_connectors;cont_30pct_ensemble_loo_mahal;0.3;ensemble_loo_mahal;5;5;5;2;196;312;119;193;0;5;95;0.6247;0.7367;0.7644;0.0881;0.1658;-0.0608;-0.3035;0.5000;1;0.5000;0.5000;;;9.16
2026-02-17T21:32:12.960504;mvtec_loco_AD/splicing_connectors;cont_0pct_none;0.0;none;5;5;5;0;0;312;119;193;1;5;95;0.6636;0.7767;0.7859;0.1658;0.2228;;;;;;;;;7.94
2026-02-17T21:32:20.128677;mvtec_loco_AD/splicing_connectors;cont_0pct_loo_patch;0.0;loo_patch;5;5;5;0;196;312;119;193;1;5;95;0.6580;0.7706;0.7735;0.1969;0.2073;-0.0057;;;;;;;;7.16
2026-02-17T21:32:29.951311;mvtec_loco_AD/splicing_connectors;cont_0pct_mahalanobis_patch;0.0;mahalanobis_patch;5;5;5;0;196;312;119;193;1;5;95;0.6679;0.7794;0.7834;0.1606;0.2332;0.0043;;;;;;;;9.82
2026-02-17T21:32:38.283687;mvtec_loco_AD/splicing_connectors;cont_0pct_ensemble_loo_mahal;0.0;ensemble_loo_mahal;5;5;5;0;196;312;119;193;1;5;95;0.6510;0.7634;0.7753;0.1658;0.2073;-0.0127;;;;;;;;8.33
2026-02-17T21:32:46.327421;mvtec_loco_AD/splicing_connectors;cont_20pct_none;0.2;none;5;5;5;1;0;312;119;193;1;5;95;0.6765;0.8090;0.7689;0.2280;0.3679;0.0128;;;;;;;;8.02
2026-02-17T21:32:53.606386;mvtec_loco_AD/splicing_connectors;cont_20pct_loo_patch;0.2;loo_patch;5;5;5;1;196;312;119;193;1;5;95;0.6642;0.7880;0.7695;0.2021;0.2642;0.0006;0.9559;1.0000;1;1.0000;1.0000;;;7.27
2026-02-17T21:33:03.329620;mvtec_loco_AD/splicing_connectors;cont_20pct_mahalanobis_patch;0.2;mahalanobis_patch;5;5;5;1;196;312;119;193;1;5;95;0.6700;0.7993;0.7667;0.2383;0.2902;0.0063;0.5085;1.0000;1;1.0000;1.0000;;;9.61
2026-02-17T21:33:12.408188;mvtec_loco_AD/splicing_connectors;cont_20pct_ensemble_loo_mahal;0.2;ensemble_loo_mahal;5;5;5;1;196;312;119;193;1;5;95;0.6692;0.7966;0.7654;0.2539;0.2746;0.0056;0.5661;1.0000;1;1.0000;1.0000;;;9.07
2026-02-17T21:33:20.100751;mvtec_loco_AD/splicing_connectors;cont_30pct_none;0.3;none;5;5;5;2;0;312;119;193;1;5;95;0.6732;0.8077;0.7644;0.2228;0.3316;0.0096;;;;;;;;7.68
2026-02-17T21:33:27.061380;mvtec_loco_AD/splicing_connectors;cont_30pct_loo_patch;0.3;loo_patch;5;5;5;2;196;312;119;193;1;5;95;0.6656;0.8081;0.7644;0.2487;0.3472;0.0020;0.7955;1.0000;1;1.0000;1.0000;;;6.85
2026-02-17T21:33:36.516632;mvtec_loco_AD/splicing_connectors;cont_30pct_mahalanobis_patch;0.3;mahalanobis_patch;5;5;5;2;196;312;119;193;1;5;95;0.6652;0.8019;0.7644;0.2124;0.3109;0.0015;0.8409;1.0000;1;1.0000;1.0000;;;9.45
2026-02-17T21:33:44.507478;mvtec_loco_AD/splicing_connectors;cont_30pct_ensemble_loo_mahal;0.3;ensemble_loo_mahal;5;5;5;2;196;312;119;193;1;5;95;0.6607;0.7978;0.7644;0.2280;0.2746;-0.0029;1.3045;1.0000;1;1.0000;1.0000;;;7.98
2026-02-17T21:33:52.431189;mvtec_loco_AD/splicing_connectors;cont_0pct_none;0.0;none;5;5;5;0;0;312;119;193;2;5;95;0.7031;0.8199;0.7644;0.2176;0.3420;;;;;;;;;7.64
2026-02-17T21:33:59.746634;mvtec_loco_AD/splicing_connectors;cont_0pct_loo_patch;0.0;loo_patch;5;5;5;0;196;312;119;193;2;5;95;0.6368;0.7455;0.7644;0.1088;0.1347;-0.0663;;;;;;;;7.31
2026-02-17T21:34:10.387984;mvtec_loco_AD/splicing_connectors;cont_0pct_mahalanobis_patch;0.0;mahalanobis_patch;5;5;5;0;196;312;119;193;2;5;95;0.7038;0.8165;0.7689;0.1813;0.3109;0.0007;;;;;;;;9.86
2026-02-17T21:34:19.755339;mvtec_loco_AD/splicing_connectors;cont_0pct_ensemble_loo_mahal;0.0;ensemble_loo_mahal;5;5;5;0;196;312;119;193;2;5;95;0.6714;0.7923;0.7644;0.1762;0.2694;-0.0317;;;;;;;;9.36
2026-02-17T21:34:27.527700;mvtec_loco_AD/splicing_connectors;cont_20pct_none;0.2;none;5;5;5;1;0;312;119;193;2;5;95;0.6879;0.8120;0.7644;0.1762;0.3057;-0.0151;;;;;;;;7.76
2026-02-17T21:34:34.336400;mvtec_loco_AD/splicing_connectors;cont_20pct_loo_patch;0.2;loo_patch;5;5;5;1;196;312;119;193;2;5;95;0.6161;0.7326;0.7644;0.1036;0.1762;-0.0870;-4.7550;0.7500;0;0.0000;0.0000;;;6.58
2026-02-17T21:34:42.833159;mvtec_loco_AD/splicing_connectors;cont_20pct_mahalanobis_patch;0.2;mahalanobis_patch;5;5;5;1;196;312;119;193;2;5;95;0.6988;0.8164;0.7644;0.2124;0.3368;-0.0042;0.7205;0.7500;0;0.0000;0.0000;;;8.49
2026-02-17T21:34:52.104569;mvtec_loco_AD/splicing_connectors;cont_20pct_ensemble_loo_mahal;0.2;ensemble_loo_mahal;5;5;5;1;196;312;119;193;2;5;95;0.6756;0.7916;0.7644;0.1347;0.2694;-0.0275;-0.8184;0.7500;0;0.0000;0.0000;;;9.27
2026-02-17T21:34:59.543448;mvtec_loco_AD/splicing_connectors;cont_30pct_none;0.3;none;5;5;5;2;0;312;119;193;2;5;95;0.7288;0.8411;0.7715;0.3109;0.3627;0.0257;;;;;;;;7.43
2026-02-17T21:35:07.516261;mvtec_loco_AD/splicing_connectors;cont_30pct_loo_patch;0.3;loo_patch;5;5;5;2;196;312;119;193;2;5;95;0.7132;0.8315;0.7644;0.2902;0.3938;0.0101;0.6058;0.6667;0;0.5000;0.5000;;;7.97
2026-02-17T21:35:16.747167;mvtec_loco_AD/splicing_connectors;cont_30pct_mahalanobis_patch;0.3;mahalanobis_patch;5;5;5;2;196;312;119;193;2;5;95;0.7182;0.8253;0.7753;0.2591;0.3212;0.0152;0.4095;0.6667;0;0.5000;0.5000;;;8.98
2026-02-17T21:35:26.398477;mvtec_loco_AD/splicing_connectors;cont_30pct_ensemble_loo_mahal;0.3;ensemble_loo_mahal;5;5;5;2;196;312;119;193;2;5;95;0.7122;0.8240;0.7742;0.2487;0.3316;0.0091;0.6447;0.6667;0;0.5000;0.5000;;;9.65
2026-02-17T21:35:33.515048;mvtec_loco_AD/splicing_connectors;cont_0pct_none;0.0;none;5;5;5;0;0;312;119;193;3;5;95;0.6753;0.7890;0.7750;0.2073;0.2539;;;;;;;;;6.85
2026-02-17T21:35:41.342038;mvtec_loco_AD/splicing_connectors;cont_0pct_loo_patch;0.0;loo_patch;5;5;5;0;196;312;119;193;3;5;95;0.6683;0.7735;0.7752;0.1503;0.2383;-0.0070;;;;;;;;7.82
2026-02-17T21:35:50.480862;mvtec_loco_AD/splicing_connectors;cont_0pct_mahalanobis_patch;0.0;mahalanobis_patch;5;5;5;0;196;312;119;193;3;5;95;0.6673;0.7836;0.7738;0.2176;0.2591;-0.0080;;;;;;;;8.91
2026-02-17T21:35:59.723172;mvtec_loco_AD/splicing_connectors;cont_0pct_ensemble_loo_mahal;0.0;ensemble_loo_mahal;5;5;5;0;196;312;119;193;3;5;95;0.6577;0.7709;0.7743;0.1503;0.2435;-0.0175;;;;;;;;9.24
2026-02-17T21:36:07.426949;mvtec_loco_AD/splicing_connectors;cont_20pct_none;0.2;none;5;5;5;1;0;312;119;193;3;5;95;0.6634;0.7697;0.7708;0.1813;0.2124;-0.0119;;;;;;;;7.69
2026-02-17T21:36:16.821167;mvtec_loco_AD/splicing_connectors;cont_20pct_loo_patch;0.2;loo_patch;5;5;5;1;196;312;119;193;3;5;95;0.6498;0.7661;0.7708;0.1969;0.2228;-0.0254;-1.1392;0.2500;0;0.0000;0.0000;;;7.04
2026-02-17T21:36:26.216723;mvtec_loco_AD/splicing_connectors;cont_20pct_mahalanobis_patch;0.2;mahalanobis_patch;5;5;5;1;196;312;119;193;3;5;95;0.6570;0.7748;0.7718;0.2176;0.2383;-0.0183;-0.5385;0.2500;0;0.0000;0.0000;;;9.39
2026-02-17T21:36:34.797864;mvtec_loco_AD/splicing_connectors;cont_20pct_ensemble_loo_mahal;0.2;ensemble_loo_mahal;5;5;5;1;196;312;119;193;3;5;95;0.6576;0.7676;0.7699;0.1813;0.2021;-0.0176;-0.4835;0.2500;0;0.0000;0.0000;;;8.58
2026-02-17T21:36:42.699584;mvtec_loco_AD/splicing_connectors;cont_30pct_none;0.3;none;5;5;5;2;0;312;119;193;3;5;95;0.7049;0.8207;0.7686;0.2280;0.3420;0.0297;;;;;;;;7.88
2026-02-17T21:36:49.191412;mvtec_loco_AD/splicing_connectors;cont_30pct_loo_patch;0.3;loo_patch;5;5;5;2;196;312;119;193;3;5;95;0.6596;0.7729;0.7686;0.1710;0.2383;-0.0156;1.5272;0.8333;1;0.5000;0.5000;;;6.49
2026-02-17T21:36:58.749059;mvtec_loco_AD/splicing_connectors;cont_30pct_mahalanobis_patch;0.3;mahalanobis_patch;5;5;5;2;196;312;119;193;3;5;95;0.6945;0.8131;0.7722;0.2642;0.3005;0.0192;0.3524;0.8333;1;0.5000;0.5000;;;9.55
2026-02-17T21:37:08.058916;mvtec_loco_AD/splicing_connectors;cont_30pct_ensemble_loo_mahal;0.3;ensemble_loo_mahal;5;5;5;2;196;312;119;193;3;5;95;0.6780;0.7921;0.7739;0.1917;0.2539;0.0027;0.9090;0.8333;1;0.5000;0.5000;;;9.31
2026-02-17T21:37:16.144805;mvtec_loco_AD/splicing_connectors;cont_0pct_none;0.0;none;5;5;5;0;0;312;119;193;4;5;95;0.6781;0.7936;0.7655;0.2124;0.2902;;;;;;;;;7.82
2026-02-17T21:37:23.863490;mvtec_loco_AD/splicing_connectors;cont_0pct_loo_patch;0.0;loo_patch;5;5;5;0;196;312;119;193;4;5;95;0.6350;0.7387;0.7644;0.1036;0.1710;-0.0431;;;;;;;;7.71
2026-02-17T21:37:33.697846;mvtec_loco_AD/splicing_connectors;cont_0pct_mahalanobis_patch;0.0;mahalanobis_patch;5;5;5;0;196;312;119;193;4;5;95;0.6676;0.7911;0.7644;0.1917;0.2850;-0.0104;;;;;;;;9.73
2026-02-17T21:37:42.234358;mvtec_loco_AD/splicing_connectors;cont_0pct_ensemble_loo_mahal;0.0;ensemble_loo_mahal;5;5;5;0;196;312;119;193;4;5;95;0.6465;0.7498;0.7676;0.1140;0.1813;-0.0315;;;;;;;;8.53
2026-02-17T21:37:50.032164;mvtec_loco_AD/splicing_connectors;cont_20pct_none;0.2;none;5;5;5;1;0;312;119;193;4;5;95;0.6625;0.7766;0.7738;0.2124;0.2383;-0.0155;;;;;;;;7.78
2026-02-17T21:37:57.067765;mvtec_loco_AD/splicing_connectors;cont_20pct_loo_patch;0.2;loo_patch;5;5;5;1;196;312;119;193;4;5;95;0.6202;0.7249;0.7644;0.0984;0.1399;-0.0579;-2.7255;0.5000;0;0.0000;0.0000;;;6.75
2026-02-17T21:38:06.018119;mvtec_loco_AD/splicing_connectors;cont_20pct_mahalanobis_patch;0.2;mahalanobis_patch;5;5;5;1;196;312;119;193;4;5;95;0.6643;0.7805;0.7703;0.2021;0.2487;-0.0138;0.1148;0.5000;0;0.0000;0.0000;;;8.94
2026-02-17T21:38:15.265854;mvtec_loco_AD/splicing_connectors;cont_20pct_ensemble_loo_mahal;0.2;ensemble_loo_mahal;5;5;5;1;196;312;119;193;4;5;95;0.6366;0.7463;0.7682;0.1451;0.1606;-0.0415;-1.6667;0.5000;0;0.0000;0.0000;;;9.24
2026-02-17T21:38:22.869085;mvtec_loco_AD/splicing_connectors;cont_30pct_none;0.3;none;5;5;5;2;0;312;119;193;4;5;95;0.6744;0.7877;0.7699;0.1503;0.2332;-0.0037;;;;;;;;7.59
2026-02-17T21:38:30.353626;mvtec_loco_AD/splicing_connectors;cont_30pct_loo_patch;0.3;loo_patch;5;5;5;2;196;312;119;193;4;5;95;0.6125;0.7183;0.7696;0.0725;0.1347;-0.0655;-16.9167;0.8333;1;0.5000;0.5000;;;7.48
2026-02-17T21:38:39.903482;mvtec_loco_AD/splicing_connectors;cont_30pct_mahalanobis_patch;0.3;mahalanobis_patch;5;5;5;2;196;312;119;193;4;5;95;0.6548;0.7675;0.7675;0.1192;0.1865;-0.0233;-5.3690;0.8333;1;0.5000;0.5000;;;9.45
2026-02-17T21:38:48.193593;mvtec_loco_AD/splicing_connectors;cont_30pct_ensemble_loo_mahal;0.3;ensemble_loo_mahal;5;5;5;2;196;312;119;193;4;5;95;0.6164;0.7303;0.7644;0.1088;0.1554;-0.0616;-15.8452;0.8333;1;0.5000;0.5000;;;8.28
2026-02-17T21:38:51.489382;btad/01;cont_0pct_none;0.0;none;5;5;5;0;0;70;21;49;0;5;95;0.9786;0.9925;0.9792;0.9592;0.9592;;;;;;;;;1.82
2026-02-17T21:38:53.095810;btad/01;cont_0pct_loo_patch;0.0;loo_patch;5;5;5;0;196;70;21;49;0;5;95;0.9815;0.9935;0.9792;0.9592;0.9592;0.0029;;;;;;;;1.60
2026-02-17T21:38:57.298513;btad/01;cont_0pct_mahalanobis_patch;0.0;mahalanobis_patch;5;5;5;0;196;70;21;49;0;5;95;0.9767;0.9919;0.9792;0.9592;0.9592;-0.0019;;;;;;;;4.20
2026-02-17T21:39:01.155386;btad/01;cont_0pct_ensemble_loo_mahal;0.0;ensemble_loo_mahal;5;5;5;0;196;70;21;49;0;5;95;0.9825;0.9938;0.9792;0.9592;0.9592;0.0039;;;;;;;;3.85
2026-02-17T21:39:02.927281;btad/01;cont_20pct_none;0.2;none;5;5;5;1;0;70;21;49;0;5;95;0.9757;0.9913;0.9684;0.9388;0.9388;-0.0029;;;;;;;;1.76
2026-02-17T21:39:04.740458;btad/01;cont_20pct_loo_patch;0.2;loo_patch;5;5;5;1;196;70;21;49;0;5;95;0.9796;0.9929;0.9792;0.9592;0.9592;0.0010;1.3333;1.0000;1;1.0000;1.0000;;;1.61
2026-02-17T21:39:08.377277;btad/01;cont_20pct_mahalanobis_patch;0.2;mahalanobis_patch;5;5;5;1;196;70;21;49;0;5;95;0.9806;0.9931;0.9792;0.9592;0.9592;0.0019;1.6667;1.0000;1;1.0000;1.0000;;;3.63
2026-02-17T21:39:12.337820;btad/01;cont_20pct_ensemble_loo_mahal;0.2;ensemble_loo_mahal;5;5;5;1;196;70;21;49;0;5;95;0.9796;0.9929;0.9792;0.9592;0.9592;0.0010;1.3333;1.0000;1;1.0000;1.0000;;;3.96
2026-02-17T21:39:14.122520;btad/01;cont_30pct_none;0.3;none;5;5;5;2;0;70;21;49;0;5;95;0.9611;0.9868;0.9574;0.9184;0.9184;-0.0175;;;;;;;;1.77
2026-02-17T21:39:16.499756;btad/01;cont_30pct_loo_patch;0.3;loo_patch;5;5;5;2;196;70;21;49;0;5;95;0.9893;0.9960;0.9792;0.9592;0.9592;0.0107;1.6111;1.0000;1;1.0000;1.0000;;;2.07
2026-02-17T21:39:20.065512;btad/01;cont_30pct_mahalanobis_patch;0.3;mahalanobis_patch;5;5;5;2;196;70;21;49;0;5;95;0.9864;0.9949;0.9792;0.9592;0.9592;0.0078;1.4444;1.0000;1;1.0000;1.0000;;;3.56
2026-02-17T21:39:23.429582;btad/01;cont_30pct_ensemble_loo_mahal;0.3;ensemble_loo_mahal;5;5;5;2;196;70;21;49;0;5;95;0.9883;0.9956;0.9792;0.9592;0.9592;0.0097;1.5556;1.0000;1;1.0000;1.0000;;;3.36
2026-02-17T21:39:25.302654;btad/01;cont_0pct_none;0.0;none;5;5;5;0;0;70;21;49;1;5;95;0.9757;0.9916;0.9684;0.9388;0.9388;;;;;;;;;1.78
2026-02-17T21:39:27.513104;btad/01;cont_0pct_loo_patch;0.0;loo_patch;5;5;5;0;196;70;21;49;1;5;95;0.9786;0.9926;0.9684;0.9388;0.9388;0.0029;;;;;;;;2.03
2026-02-17T21:39:31.110751;btad/01;cont_0pct_mahalanobis_patch;0.0;mahalanobis_patch;5;5;5;0;196;70;21;49;1;5;95;0.9757;0.9916;0.9691;0.9388;0.9592;0.0000;;;;;;;;3.59
2026-02-17T21:39:35.064346;btad/01;cont_0pct_ensemble_loo_mahal;0.0;ensemble_loo_mahal;5;5;5;0;196;70;21;49;1;5;95;0.9757;0.9916;0.9691;0.9388;0.9592;0.0000;;;;;;;;3.95
2026-02-17T21:39:36.884563;btad/01;cont_20pct_none;0.2;none;5;5;5;1;0;70;21;49;1;5;95;0.9504;0.9834;0.9474;0.8980;0.9184;-0.0253;;;;;;;;1.81
2026-02-17T21:39:38.840908;btad/01;cont_20pct_loo_patch;0.2;loo_patch;5;5;5;1;196;70;21;49;1;5;95;0.9718;0.9900;0.9583;0.9184;0.9388;-0.0039;0.8462;1.0000;1;1.0000;1.0000;;;1.95
2026-02-17T21:39:41.983529;btad/01;cont_20pct_mahalanobis_patch;0.2;mahalanobis_patch;5;5;5;1;196;70;21;49;1;5;95;0.9728;0.9904;0.9583;0.9184;0.9388;-0.0029;0.8846;1.0000;1;1.0000;1.0000;;;2.96
2026-02-17T21:39:45.783145;btad/01;cont_20pct_ensemble_loo_mahal;0.2;ensemble_loo_mahal;5;5;5;1;196;70;21;49;1;5;95;0.9718;0.9900;0.9583;0.9184;0.9388;-0.0039;0.8462;1.0000;1;1.0000;1.0000;;;3.79
2026-02-17T21:39:47.578438;btad/01;cont_30pct_none;0.3;none;5;5;5;2;0;70;21;49;1;5;95;0.9397;0.9792;0.9348;0.8776;0.8776;-0.0360;;;;;;;;1.78
2026-02-17T21:39:49.587689;btad/01;cont_30pct_loo_patch;0.3;loo_patch;5;5;5;2;196;70;21;49;1;5;95;0.9699;0.9892;0.9574;0.9184;0.9184;-0.0058;0.8378;1.0000;1;1.0000;1.0000;;;1.91
2026-02-17T21:39:53.052135;btad/01;cont_30pct_mahalanobis_patch;0.3;mahalanobis_patch;5;5;5;2;196;70;21;49;1;5;95;0.9708;0.9895;0.9574;0.9184;0.9184;-0.0049;0.8649;1.0000;1;1.0000;1.0000;;;3.34
2026-02-17T21:39:56.851834;btad/01;cont_30pct_ensemble_loo_mahal;0.3;ensemble_loo_mahal;5;5;5;2;196;70;21;49;1;5;95;0.9699;0.9892;0.9574;0.9184;0.9184;-0.0058;0.8378;1.0000;1;1.0000;1.0000;;;3.79
2026-02-17T21:39:58.640220;btad/01;cont_0pct_none;0.0;none;5;5;5;0;0;70;21;49;2;5;95;0.9747;0.9907;0.9684;0.9388;0.9388;;;;;;;;;1.70
2026-02-17T21:40:00.621345;btad/01;cont_0pct_loo_patch;0.0;loo_patch;5;5;5;0;196;70;21;49;2;5;95;0.9718;0.9894;0.9485;0.8980;0.9184;-0.0029;;;;;;;;1.86
2026-02-17T21:40:04.004156;btad/01;cont_0pct_mahalanobis_patch;0.0;mahalanobis_patch;5;5;5;0;196;70;21;49;2;5;95;0.9776;0.9916;0.9684;0.9388;0.9388;0.0029;;;;;;;;3.38
2026-02-17T21:40:07.870305;btad/01;cont_0pct_ensemble_loo_mahal;0.0;ensemble_loo_mahal;5;5;5;0;196;70;21;49;2;5;95;0.9738;0.9901;0.9583;0.9184;0.9388;-0.0010;;;;;;;;3.86
2026-02-17T21:40:09.676335;btad/01;cont_20pct_none;0.2;none;5;5;5;1;0;70;21;49;2;5;95;0.9534;0.9841;0.9574;0.9184;0.9184;-0.0214;;;;;;;;1.79
2026-02-17T21:40:11.974087;btad/01;cont_20pct_loo_patch;0.2;loo_patch;5;5;5;1;196;70;21;49;2;5;95;0.9738;0.9903;0.9583;0.9184;0.9388;-0.0010;0.9545;1.0000;1;1.0000;1.0000;;;2.04
2026-02-17T21:40:15.722871;btad/01;cont_20pct_mahalanobis_patch;0.2;mahalanobis_patch;5;5;5;1;196;70;21;49;2;5;95;0.9738;0.9903;0.9583;0.9184;0.9388;-0.0010;0.9545;1.0000;1;1.0000;1.0000;;;3.74
2026-02-17T21:40:19.015046;btad/01;cont_20pct_ensemble_loo_mahal;0.2;ensemble_loo_mahal;5;5;5;1;196;70;21;49;2;5;95;0.9738;0.9903;0.9583;0.9184;0.9388;-0.0010;0.9545;1.0000;1;1.0000;1.0000;;;3.28
2026-02-17T21:40:20.860939;btad/01;cont_30pct_none;0.3;none;5;5;5;2;0;70;21;49;2;5;95;0.9427;0.9815;0.9574;0.9184;0.9184;-0.0321;;;;;;;;1.83
2026-02-17T21:40:24.447987;btad/01;cont_30pct_loo_patch;0.3;loo_patch;5;5;5;2;196;70;21;49;2;5;95;0.9621;0.9875;0.9684;0.9388;0.9388;-0.0126;0.6061;1.0000;1;1.0000;1.0000;;;1.89
2026-02-17T21:40:28.157298;btad/01;cont_30pct_mahalanobis_patch;0.3;mahalanobis_patch;5;5;5;2;196;70;21;49;2;5;95;0.9660;0.9887;0.9684;0.9388;0.9388;-0.0087;0.7273;1.0000;1;1.0000;1.0000;;;3.70
2026-02-17T21:40:31.903975;btad/01;cont_30pct_ensemble_loo_mahal;0.3;ensemble_loo_mahal;5;5;5;2;196;70;21;49;2;5;95;0.9631;0.9878;0.9684;0.9388;0.9388;-0.0117;0.6364;1.0000;1;1.0000;1.0000;;;3.74
2026-02-17T21:40:33.777243;btad/01;cont_0pct_none;0.0;none;5;5;5;0;0;70;21;49;3;5;95;0.9864;0.9947;0.9684;0.9388;0.9388;;;;;;;;;1.77
2026-02-17T21:40:35.407947;btad/01;cont_0pct_loo_patch;0.0;loo_patch;5;5;5;0;196;70;21;49;3;5;95;0.9815;0.9932;0.9691;0.9388;0.9592;-0.0049;;;;;;;;1.49
2026-02-17T21:40:39.249791;btad/01;cont_0pct_mahalanobis_patch;0.0;mahalanobis_patch;5;5;5;0;196;70;21;49;3;5;95;0.9825;0.9936;0.9691;0.9388;0.9592;-0.0039;;;;;;;;3.84
2026-02-17T21:40:42.847503;btad/01;cont_0pct_ensemble_loo_mahal;0.0;ensemble_loo_mahal;5;5;5;0;196;70;21;49;3;5;95;0.9825;0.9936;0.9691;0.9388;0.9592;-0.0039;;;;;;;;3.59
2026-02-17T21:40:44.605827;btad/01;cont_20pct_none;0.2;none;5;5;5;1;0;70;21;49;3;5;95;0.9602;0.9867;0.9583;0.9184;0.9388;-0.0262;;;;;;;;1.75
2026-02-17T21:40:46.831541;btad/01;cont_20pct_loo_patch;0.2;loo_patch;5;5;5;1;196;70;21;49;3;5;95;0.9806;0.9930;0.9691;0.9388;0.9592;-0.0058;0.7778;1.0000;1;1.0000;1.0000;;;2.01
2026-02-17T21:40:50.314579;btad/01;cont_20pct_mahalanobis_patch;0.2;mahalanobis_patch;5;5;5;1;196;70;21;49;3;5;95;0.9767;0.9918;0.9691;0.9388;0.9592;-0.0097;0.6296;1.0000;1;1.0000;1.0000;;;3.48
2026-02-17T21:40:53.544311;btad/01;cont_20pct_ensemble_loo_mahal;0.2;ensemble_loo_mahal;5;5;5;1;196;70;21;49;3;5;95;0.9796;0.9927;0.9691;0.9388;0.9592;-0.0068;0.7407;1.0000;1;1.0000;1.0000;;;3.22
2026-02-17T21:40:55.391264;btad/01;cont_30pct_none;0.3;none;5;5;5;2;0;70;21;49;3;5;95;0.9407;0.9805;0.9474;0.8980;0.9184;-0.0457;;;;;;;;1.83
2026-02-17T21:40:57.578826;btad/01;cont_30pct_loo_patch;0.3;loo_patch;5;5;5;2;196;70;21;49;3;5;95;0.9670;0.9875;0.9485;0.8571;0.9184;-0.0194;0.5745;1.0000;1;1.0000;1.0000;;;1.98
2026-02-17T21:41:00.771074;btad/01;cont_30pct_mahalanobis_patch;0.3;mahalanobis_patch;5;5;5;2;196;70;21;49;3;5;95;0.9776;0.9915;0.9583;0.9184;0.9388;-0.0087;0.8085;1.0000;1;1.0000;1.0000;;;3.19
2026-02-17T21:41:04.826412;btad/01;cont_30pct_ensemble_loo_mahal;0.3;ensemble_loo_mahal;5;5;5;2;196;70;21;49;3;5;95;0.9728;0.9896;0.9583;0.8980;0.9388;-0.0136;0.7021;1.0000;1;1.0000;1.0000;;;4.04
2026-02-17T21:41:06.660834;btad/01;cont_0pct_none;0.0;none;5;5;5;0;0;70;21;49;4;5;95;0.9815;0.9933;0.9792;0.9592;0.9592;;;;;;;;;1.74
2026-02-17T21:41:08.742358;btad/01;cont_0pct_loo_patch;0.0;loo_patch;5;5;5;0;196;70;21;49;4;5;95;0.9796;0.9928;0.9792;0.9592;0.9592;-0.0019;;;;;;;;1.96
2026-02-17T21:41:12.709984;btad/01;cont_0pct_mahalanobis_patch;0.0;mahalanobis_patch;5;5;5;0;196;70;21;49;4;5;95;0.9776;0.9922;0.9792;0.9592;0.9592;-0.0039;;;;;;;;3.96
2026-02-17T21:41:16.598390;btad/01;cont_0pct_ensemble_loo_mahal;0.0;ensemble_loo_mahal;5;5;5;0;196;70;21;49;4;5;95;0.9757;0.9916;0.9792;0.9592;0.9592;-0.0058;;;;;;;;3.89
2026-02-17T21:41:17.994548;btad/01;cont_20pct_none;0.2;none;5;5;5;1;0;70;21;49;4;5;95;0.9621;0.9875;0.9684;0.9388;0.9388;-0.0194;;;;;;;;1.39
2026-02-17T21:41:20.091264;btad/01;cont_20pct_loo_patch;0.2;loo_patch;5;5;5;1;196;70;21;49;4;5;95;0.9806;0.9931;0.9792;0.9592;0.9592;-0.0010;0.9500;1.0000;1;1.0000;1.0000;;;1.95
2026-02-17T21:41:23.676935;btad/01;cont_20pct_mahalanobis_patch;0.2;mahalanobis_patch;5;5;5;1;196;70;21;49;4;5;95;0.9806;0.9930;0.9691;0.9388;0.9592;-0.0010;0.9500;1.0000;1;1.0000;1.0000;;;3.58
2026-02-17T21:41:27.251167;btad/01;cont_20pct_ensemble_loo_mahal;0.2;ensemble_loo_mahal;5;5;5;1;196;70;21;49;4;5;95;0.9806;0.9930;0.9691;0.9388;0.9592;-0.0010;0.9500;1.0000;1;1.0000;1.0000;;;3.57
2026-02-17T21:41:29.059163;btad/01;cont_30pct_none;0.3;none;5;5;5;2;0;70;21;49;4;5;95;0.9329;0.9781;0.9462;0.8980;0.8980;-0.0486;;;;;;;;1.80
2026-02-17T21:41:33.512829;btad/01;cont_30pct_loo_patch;0.3;loo_patch;5;5;5;2;196;70;21;49;4;5;95;0.9786;0.9923;0.9684;0.9388;0.9388;-0.0029;0.9400;1.0000;1;1.0000;1.0000;;;2.01
2026-02-17T21:41:36.115151;btad/01;cont_30pct_mahalanobis_patch;0.3;mahalanobis_patch;5;5;5;2;196;70;21;49;4;5;95;0.9796;0.9926;0.9684;0.9388;0.9388;-0.0019;0.9600;1.0000;1;1.0000;1.0000;;;2.60
2026-02-17T21:41:39.757537;btad/01;cont_30pct_ensemble_loo_mahal;0.3;ensemble_loo_mahal;5;5;5;2;196;70;21;49;4;5;95;0.9806;0.9929;0.9684;0.9388;0.9388;-0.0010;0.9800;1.0000;1;1.0000;1.0000;;;3.64
2026-02-17T21:41:47.801236;btad/02;cont_0pct_none;0.0;none;5;5;5;0;0;229;30;199;0;5;95;0.8953;0.9832;0.9443;0.5829;0.6884;;;;;;;;;5.73
2026-02-17T21:41:52.231981;btad/02;cont_0pct_loo_patch;0.0;loo_patch;5;5;5;0;196;229;30;199;0;5;95;0.9015;0.9844;0.9400;0.6181;0.7035;0.0062;;;;;;;;4.43
2026-02-17T21:41:59.610680;btad/02;cont_0pct_mahalanobis_patch;0.0;mahalanobis_patch;5;5;5;0;196;229;30;199;0;5;95;0.8975;0.9837;0.9432;0.6181;0.7286;0.0022;;;;;;;;7.37
2026-02-17T21:42:07.263883;btad/02;cont_0pct_ensemble_loo_mahal;0.0;ensemble_loo_mahal;5;5;5;0;196;229;30;199;0;5;95;0.9007;0.9842;0.9403;0.6231;0.7286;0.0054;;;;;;;;7.65
2026-02-17T21:42:12.173357;btad/02;cont_20pct_none;0.2;none;5;5;5;1;0;229;30;199;0;5;95;0.8972;0.9835;0.9446;0.6231;0.7136;0.0018;;;;;;;;4.90
2026-02-17T21:42:17.542993;btad/02;cont_20pct_loo_patch;0.2;loo_patch;5;5;5;1;196;229;30;199;0;5;95;0.9022;0.9843;0.9471;0.6281;0.7186;0.0069;-2.7273;1.0000;1;1.0000;1.0000;;;5.36
2026-02-17T21:42:24.606567;btad/02;cont_20pct_mahalanobis_patch;0.2;mahalanobis_patch;5;5;5;1;196;229;30;199;0;5;95;0.9012;0.9842;0.9471;0.6382;0.7236;0.0059;-2.1818;1.0000;1;1.0000;1.0000;;;7.05
2026-02-17T21:42:32.363122;btad/02;cont_20pct_ensemble_loo_mahal;0.2;ensemble_loo_mahal;5;5;5;1;196;229;30;199;0;5;95;0.9022;0.9843;0.9471;0.6281;0.7186;0.0069;-2.7273;1.0000;1;1.0000;1.0000;;;7.75
2026-02-17T21:42:37.677166;btad/02;cont_30pct_none;0.3;none;5;5;5;2;0;229;30;199;0;5;95;0.8714;0.9797;0.9369;0.6080;0.7186;-0.0240;;;;;;;;5.30
2026-02-17T21:42:42.903640;btad/02;cont_30pct_loo_patch;0.3;loo_patch;5;5;5;2;196;229;30;199;0;5;95;0.8777;0.9807;0.9420;0.6131;0.7286;-0.0176;0.2657;0.8333;1;0.5000;0.5000;;;5.22
2026-02-17T21:42:49.314996;btad/02;cont_30pct_mahalanobis_patch;0.3;mahalanobis_patch;5;5;5;2;196;229;30;199;0;5;95;0.8737;0.9800;0.9420;0.5980;0.7035;-0.0216;0.0979;0.8333;1;0.5000;0.5000;;;6.41
2026-02-17T21:42:56.403848;btad/02;cont_30pct_ensemble_loo_mahal;0.3;ensemble_loo_mahal;5;5;5;2;196;229;30;199;0;5;95;0.8771;0.9805;0.9420;0.6131;0.7286;-0.0183;0.2378;0.8333;1;0.5000;0.5000;;;7.08
2026-02-17T21:43:02.340751;btad/02;cont_0pct_none;0.0;none;5;5;5;0;0;229;30;199;1;5;95;0.9025;0.9837;0.9444;0.5025;0.6482;;;;;;;;;5.61
2026-02-17T21:43:09.153758;btad/02;cont_0pct_loo_patch;0.0;loo_patch;5;5;5;0;196;229;30;199;1;5;95;0.9022;0.9836;0.9446;0.5025;0.6382;-0.0003;;;;;;;;6.03
2026-02-17T21:43:16.792040;btad/02;cont_0pct_mahalanobis_patch;0.0;mahalanobis_patch;5;5;5;0;196;229;30;199;1;5;95;0.9007;0.9834;0.9440;0.5075;0.6382;-0.0018;;;;;;;;7.63
2026-02-17T21:43:24.670189;btad/02;cont_0pct_ensemble_loo_mahal;0.0;ensemble_loo_mahal;5;5;5;0;196;229;30;199;1;5;95;0.9032;0.9837;0.9471;0.5025;0.6281;0.0007;;;;;;;;7.87
2026-02-17T21:43:29.311022;btad/02;cont_20pct_none;0.2;none;5;5;5;1;0;229;30;199;1;5;95;0.9047;0.9841;0.9455;0.5025;0.6533;0.0022;;;;;;;;4.63
2026-02-17T21:43:35.086567;btad/02;cont_20pct_loo_patch;0.2;loo_patch;5;5;5;1;196;229;30;199;1;5;95;0.9101;0.9849;0.9481;0.5075;0.6533;0.0075;-2.4615;1.0000;1;1.0000;1.0000;;;5.77
2026-02-17T21:43:42.066044;btad/02;cont_20pct_mahalanobis_patch;0.2;mahalanobis_patch;5;5;5;1;196;229;30;199;1;5;95;0.9085;0.9846;0.9507;0.5126;0.6633;0.0060;-1.7692;1.0000;1;1.0000;1.0000;;;6.96
2026-02-17T21:43:49.403068;btad/02;cont_20pct_ensemble_loo_mahal;0.2;ensemble_loo_mahal;5;5;5;1;196;229;30;199;1;5;95;0.9080;0.9846;0.9476;0.5075;0.6583;0.0055;-1.5385;1.0000;1;1.0000;1.0000;;;7.32
2026-02-17T21:43:55.147972;btad/02;cont_30pct_none;0.3;none;5;5;5;2;0;229;30;199;1;5;95;0.9027;0.9843;0.9453;0.5126;0.6985;0.0002;;;;;;;;5.73
2026-02-17T21:44:01.769762;btad/02;cont_30pct_loo_patch;0.3;loo_patch;5;5;5;2;196;229;30;199;1;5;95;0.9042;0.9845;0.9444;0.5327;0.7035;0.0017;-9.0000;0.8333;1;0.5000;0.5000;;;5.36
2026-02-17T21:44:09.294884;btad/02;cont_30pct_mahalanobis_patch;0.3;mahalanobis_patch;5;5;5;2;196;229;30;199;1;5;95;0.9049;0.9846;0.9497;0.5226;0.6935;0.0023;-13.0000;0.8333;1;0.5000;0.5000;;;7.52
2026-02-17T21:44:15.774259;btad/02;cont_30pct_ensemble_loo_mahal;0.3;ensemble_loo_mahal;5;5;5;2;196;229;30;199;1;5;95;0.9025;0.9842;0.9471;0.5176;0.6985;0.0000;1.0000;0.8333;1;0.5000;0.5000;;;6.47
2026-02-17T21:44:21.878545;btad/02;cont_0pct_none;0.0;none;5;5;5;0;0;229;30;199;2;5;95;0.8915;0.9822;0.9454;0.5427;0.6884;;;;;;;;;5.86
2026-02-17T21:44:27.880563;btad/02;cont_0pct_loo_patch;0.0;loo_patch;5;5;5;0;196;229;30;199;2;5;95;0.8899;0.9821;0.9409;0.5427;0.6734;-0.0015;;;;;;;;6.00
2026-02-17T21:44:35.354067;btad/02;cont_0pct_mahalanobis_patch;0.0;mahalanobis_patch;5;5;5;0;196;229;30;199;2;5;95;0.8874;0.9818;0.9431;0.5477;0.6784;-0.0040;;;;;;;;7.19
2026-02-17T21:44:42.511454;btad/02;cont_0pct_ensemble_loo_mahal;0.0;ensemble_loo_mahal;5;5;5;0;196;229;30;199;2;5;95;0.8948;0.9829;0.9431;0.5477;0.6734;0.0034;;;;;;;;7.15
2026-02-17T21:44:48.199325;btad/02;cont_20pct_none;0.2;none;5;5;5;1;0;229;30;199;2;5;95;0.8889;0.9820;0.9429;0.5377;0.6834;-0.0025;;;;;;;;5.68
2026-02-17T21:44:54.005324;btad/02;cont_20pct_loo_patch;0.2;loo_patch;5;5;5;1;196;229;30;199;2;5;95;0.8940;0.9828;0.9454;0.5427;0.6884;0.0025;2.0000;1.0000;1;1.0000;1.0000;;;5.61
2026-02-17T21:45:01.434947;btad/02;cont_20pct_mahalanobis_patch;0.2;mahalanobis_patch;5;5;5;1;196;229;30;199;2;5;95;0.8936;0.9826;0.9435;0.5628;0.6784;0.0022;1.8667;1.0000;1;1.0000;1.0000;;;7.42
2026-02-17T21:45:08.800322;btad/02;cont_20pct_ensemble_loo_mahal;0.2;ensemble_loo_mahal;5;5;5;1;196;229;30;199;2;5;95;0.8943;0.9828;0.9454;0.5528;0.6884;0.0028;2.1333;1.0000;1;1.0000;1.0000;;;7.36
2026-02-17T21:45:13.802072;btad/02;cont_30pct_none;0.3;none;5;5;5;2;0;229;30;199;2;5;95;0.8762;0.9801;0.9356;0.5075;0.6985;-0.0152;;;;;;;;4.99
2026-02-17T21:45:19.696738;btad/02;cont_30pct_loo_patch;0.3;loo_patch;5;5;5;2;196;229;30;199;2;5;95;0.8812;0.9809;0.9381;0.5126;0.7035;-0.0102;0.3297;1.0000;1;1.0000;1.0000;;;5.88
2026-02-17T21:45:26.484881;btad/02;cont_30pct_mahalanobis_patch;0.3;mahalanobis_patch;5;5;5;2;196;229;30;199;2;5;95;0.8841;0.9812;0.9429;0.5226;0.7085;-0.0074;0.5165;1.0000;1;1.0000;1.0000;;;6.47
2026-02-17T21:45:33.501506;btad/02;cont_30pct_ensemble_loo_mahal;0.3;ensemble_loo_mahal;5;5;5;2;196;229;30;199;2;5;95;0.8859;0.9816;0.9406;0.5126;0.7085;-0.0055;0.6374;1.0000;1;1.0000;1.0000;;;7.01
2026-02-17T21:45:39.447013;btad/02;cont_0pct_none;0.0;none;5;5;5;0;0;229;30;199;3;5;95;0.9181;0.9865;0.9517;0.5176;0.6884;;;;;;;;;5.67
2026-02-17T21:45:45.377127;btad/02;cont_0pct_loo_patch;0.0;loo_patch;5;5;5;0;196;229;30;199;3;5;95;0.9179;0.9865;0.9489;0.5226;0.7136;-0.0002;;;;;;;;5.93
2026-02-17T21:45:53.783298;btad/02;cont_0pct_mahalanobis_patch;0.0;mahalanobis_patch;5;5;5;0;196;229;30;199;3;5;95;0.9183;0.9867;0.9471;0.5477;0.7487;0.0002;;;;;;;;7.42
2026-02-17T21:46:01.013308;btad/02;cont_0pct_ensemble_loo_mahal;0.0;ensemble_loo_mahal;5;5;5;0;196;229;30;199;3;5;95;0.9219;0.9872;0.9492;0.5327;0.7236;0.0039;;;;;;;;7.23
2026-02-17T21:46:05.712688;btad/02;cont_20pct_none;0.2;none;5;5;5;1;0;229;30;199;3;5;95;0.9159;0.9861;0.9487;0.5126;0.6985;-0.0022;;;;;;;;4.69
2026-02-17T21:46:11.123358;btad/02;cont_20pct_loo_patch;0.2;loo_patch;5;5;5;1;196;229;30;199;3;5;95;0.9209;0.9869;0.9512;0.5176;0.7035;0.0028;2.3077;1.0000;1;1.0000;1.0000;;;5.41
2026-02-17T21:46:18.634949;btad/02;cont_20pct_mahalanobis_patch;0.2;mahalanobis_patch;5;5;5;1;196;229;30;199;3;5;95;0.9203;0.9868;0.9510;0.5176;0.6985;0.0022;2.0000;1.0000;1;1.0000;1.0000;;;7.51
2026-02-17T21:46:26.134343;btad/02;cont_20pct_ensemble_loo_mahal;0.2;ensemble_loo_mahal;5;5;5;1;196;229;30;199;3;5;95;0.9209;0.9869;0.9512;0.5176;0.7035;0.0028;2.3077;1.0000;1;1.0000;1.0000;;;7.49
2026-02-17T21:46:31.933577;btad/02;cont_30pct_none;0.3;none;5;5;5;2;0;229;30;199;3;5;95;0.9082;0.9851;0.9455;0.5025;0.7035;-0.0099;;;;;;;;5.79
2026-02-17T21:46:37.441305;btad/02;cont_30pct_loo_patch;0.3;loo_patch;5;5;5;2;196;229;30;199;3;5;95;0.9139;0.9859;0.9481;0.5075;0.7085;-0.0042;0.5763;1.0000;1;1.0000;1.0000;;;5.34
2026-02-17T21:46:44.727500;btad/02;cont_30pct_mahalanobis_patch;0.3;mahalanobis_patch;5;5;5;2;196;229;30;199;3;5;95;0.9146;0.9861;0.9469;0.5075;0.7085;-0.0035;0.6441;1.0000;1;1.0000;1.0000;;;7.28
2026-02-17T21:46:51.700704;btad/02;cont_30pct_ensemble_loo_mahal;0.3;ensemble_loo_mahal;5;5;5;2;196;229;30;199;3;5;95;0.9139;0.9859;0.9481;0.5075;0.7085;-0.0042;0.5763;1.0000;1;1.0000;1.0000;;;6.96
2026-02-17T21:46:57.259597;btad/02;cont_0pct_none;0.0;none;5;5;5;0;0;229;30;199;4;5;95;0.8935;0.9824;0.9446;0.4874;0.6432;;;;;;;;;5.35
2026-02-17T21:47:02.156225;btad/02;cont_0pct_loo_patch;0.0;loo_patch;5;5;5;0;196;229;30;199;4;5;95;0.8931;0.9828;0.9366;0.4975;0.7136;-0.0003;;;;;;;;4.89
2026-02-17T21:47:09.546186;btad/02;cont_0pct_mahalanobis_patch;0.0;mahalanobis_patch;5;5;5;0;196;229;30;199;4;5;95;0.8988;0.9837;0.9403;0.4925;0.7186;0.0054;;;;;;;;7.38
2026-02-17T21:47:16.927247;btad/02;cont_0pct_ensemble_loo_mahal;0.0;ensemble_loo_mahal;5;5;5;0;196;229;30;199;4;5;95;0.8955;0.9832;0.9362;0.4975;0.7085;0.0020;;;;;;;;7.38
2026-02-17T21:47:22.658382;btad/02;cont_20pct_none;0.2;none;5;5;5;1;0;229;30;199;4;5;95;0.8883;0.9817;0.9423;0.4824;0.6734;-0.0052;;;;;;;;5.72
2026-02-17T21:47:27.958987;btad/02;cont_20pct_loo_patch;0.2;loo_patch;5;5;5;1;196;229;30;199;4;5;95;0.8945;0.9826;0.9426;0.4874;0.6633;0.0010;1.1935;1.0000;1;1.0000;1.0000;;;5.29
2026-02-17T21:47:35.762180;btad/02;cont_20pct_mahalanobis_patch;0.2;mahalanobis_patch;5;5;5;1;196;229;30;199;4;5;95;0.9010;0.9838;0.9440;0.4874;0.7035;0.0075;2.4516;1.0000;1;1.0000;1.0000;;;7.62
2026-02-17T21:47:42.319355;btad/02;cont_20pct_ensemble_loo_mahal;0.2;ensemble_loo_mahal;5;5;5;1;196;229;30;199;4;5;95;0.8975;0.9832;0.9417;0.4874;0.6884;0.0040;1.7742;1.0000;1;1.0000;1.0000;;;6.55
2026-02-17T21:47:48.062089;btad/02;cont_30pct_none;0.3;none;5;5;5;2;0;229;30;199;4;5;95;0.8687;0.9784;0.9333;0.4774;0.5879;-0.0248;;;;;;;;5.72
2026-02-17T21:47:53.815595;btad/02;cont_30pct_loo_patch;0.3;loo_patch;5;5;5;2;196;229;30;199;4;5;95;0.8744;0.9793;0.9383;0.4874;0.5930;-0.0191;0.2297;1.0000;1;1.0000;1.0000;;;5.57
2026-02-17T21:48:01.152299;btad/02;cont_30pct_mahalanobis_patch;0.3;mahalanobis_patch;5;5;5;2;196;229;30;199;4;5;95;0.8794;0.9803;0.9310;0.4874;0.5930;-0.0141;0.4324;1.0000;1;1.0000;1.0000;;;7.33
2026-02-17T21:48:08.396148;btad/02;cont_30pct_ensemble_loo_mahal;0.3;ensemble_loo_mahal;5;5;5;2;196;229;30;199;4;5;95;0.8781;0.9800;0.9360;0.4874;0.5930;-0.0154;0.3784;1.0000;1;1.0000;1.0000;;;7.24
2026-02-17T21:48:24.532227;btad/03;cont_0pct_none;0.0;none;5;5;5;0;0;431;400;31;0;5;95;1.0000;1.0000;1.0000;1.0000;1.0000;;;;;;;;;10.41
2026-02-17T21:48:34.261687;btad/03;cont_0pct_loo_patch;0.0;loo_patch;5;5;5;0;196;431;400;31;0;5;95;1.0000;1.0000;1.0000;1.0000;1.0000;0.0000;;;;;;;;9.73
2026-02-17T21:48:46.415000;btad/03;cont_0pct_mahalanobis_patch;0.0;mahalanobis_patch;5;5;5;0;196;431;400;31;0;5;95;1.0000;1.0000;1.0000;1.0000;1.0000;0.0000;;;;;;;;12.15
2026-02-17T21:48:57.863696;btad/03;cont_0pct_ensemble_loo_mahal;0.0;ensemble_loo_mahal;5;5;5;0;196;431;400;31;0;5;95;1.0000;1.0000;1.0000;1.0000;1.0000;0.0000;;;;;;;;11.44
2026-02-17T21:49:07.722170;btad/03;cont_20pct_none;0.2;none;5;5;5;1;0;431;400;31;0;5;95;0.9676;0.9679;0.9677;0.9677;0.9677;-0.0324;;;;;;;;9.85
2026-02-17T21:49:18.015206;btad/03;cont_20pct_loo_patch;0.2;loo_patch;5;5;5;1;196;431;400;31;0;5;95;0.9999;0.9990;0.9841;1.0000;1.0000;-0.0001;0.9975;1.0000;1;1.0000;1.0000;;;10.29
2026-02-17T21:49:30.693386;btad/03;cont_20pct_mahalanobis_patch;0.2;mahalanobis_patch;5;5;5;1;196;431;400;31;0;5;95;0.9999;0.9990;0.9841;1.0000;1.0000;-0.0001;0.9975;1.0000;1;1.0000;1.0000;;;11.57
2026-02-17T21:49:41.860764;btad/03;cont_20pct_ensemble_loo_mahal;0.2;ensemble_loo_mahal;5;5;5;1;196;431;400;31;0;5;95;0.9999;0.9990;0.9841;1.0000;1.0000;-0.0001;0.9975;1.0000;1;1.0000;1.0000;;;11.16
2026-02-17T21:49:52.330488;btad/03;cont_30pct_none;0.3;none;5;5;5;2;0;431;400;31;0;5;95;0.9344;0.9290;0.9310;0.9032;0.9355;-0.0656;;;;;;;;10.46
2026-02-17T21:50:03.084166;btad/03;cont_30pct_loo_patch;0.3;loo_patch;5;5;5;2;196;431;400;31;0;5;95;0.9997;0.9960;0.9688;1.0000;1.0000;-0.0003;0.9951;1.0000;1;1.0000;1.0000;;;10.64
2026-02-17T21:50:15.262340;btad/03;cont_30pct_mahalanobis_patch;0.3;mahalanobis_patch;5;5;5;2;196;431;400;31;0;5;95;0.9997;0.9960;0.9688;1.0000;1.0000;-0.0003;0.9951;1.0000;1;1.0000;1.0000;;;12.17
2026-02-17T21:50:26.829334;btad/03;cont_30pct_ensemble_loo_mahal;0.3;ensemble_loo_mahal;5;5;5;2;196;431;400;31;0;5;95;0.9997;0.9960;0.9688;1.0000;1.0000;-0.0003;0.9951;1.0000;1;1.0000;1.0000;;;11.56
2026-02-17T21:50:36.578019;btad/03;cont_0pct_none;0.0;none;5;5;5;0;0;431;400;31;1;5;95;1.0000;1.0000;1.0000;1.0000;1.0000;;;;;;;;;9.68
2026-02-17T21:50:46.959367;btad/03;cont_0pct_loo_patch;0.0;loo_patch;5;5;5;0;196;431;400;31;1;5;95;1.0000;1.0000;1.0000;1.0000;1.0000;0.0000;;;;;;;;10.38
2026-02-17T21:50:59.517195;btad/03;cont_0pct_mahalanobis_patch;0.0;mahalanobis_patch;5;5;5;0;196;431;400;31;1;5;95;1.0000;1.0000;1.0000;1.0000;1.0000;0.0000;;;;;;;;12.35
2026-02-17T21:51:11.084800;btad/03;cont_0pct_ensemble_loo_mahal;0.0;ensemble_loo_mahal;5;5;5;0;196;431;400;31;1;5;95;1.0000;1.0000;1.0000;1.0000;1.0000;0.0000;;;;;;;;11.56
2026-02-17T21:51:21.088627;btad/03;cont_20pct_none;0.2;none;5;5;5;1;0;431;400;31;1;5;95;0.9642;0.9473;0.9355;0.9355;0.9355;-0.0358;;;;;;;;9.99
2026-02-17T21:51:30.300468;btad/03;cont_20pct_loo_patch;0.2;loo_patch;5;5;5;1;196;431;400;31;1;5;95;0.9992;0.9921;0.9836;0.9677;1.0000;-0.0008;0.9775;1.0000;1;1.0000;1.0000;;;9.21
2026-02-17T21:51:42.295728;btad/03;cont_20pct_mahalanobis_patch;0.2;mahalanobis_patch;5;5;5;1;196;431;400;31;1;5;95;0.9981;0.9825;0.9667;0.9355;1.0000;-0.0019;0.9459;1.0000;1;1.0000;1.0000;;;11.99
2026-02-17T21:51:54.005681;btad/03;cont_20pct_ensemble_loo_mahal;0.2;ensemble_loo_mahal;5;5;5;1;196;431;400;31;1;5;95;0.9996;0.9955;0.9836;0.9677;1.0000;-0.0004;0.9887;1.0000;1;1.0000;1.0000;;;11.70
2026-02-17T21:52:04.512525;btad/03;cont_30pct_none;0.3;none;5;5;5;2;0;431;400;31;1;5;95;0.9207;0.8768;0.8621;0.8065;0.9032;-0.0793;;;;;;;;10.49
2026-02-17T21:52:14.387016;btad/03;cont_30pct_loo_patch;0.3;loo_patch;5;5;5;2;196;431;400;31;1;5;95;0.9844;0.9440;0.9153;0.9032;0.9355;-0.0156;0.8037;1.0000;1;1.0000;1.0000;;;9.66
2026-02-17T21:52:25.491351;btad/03;cont_30pct_mahalanobis_patch;0.3;mahalanobis_patch;5;5;5;2;196;431;400;31;1;5;95;0.9590;0.9229;0.8772;0.8710;0.9355;-0.0410;0.4832;1.0000;1;1.0000;1.0000;;;11.10
2026-02-17T21:52:37.455453;btad/03;cont_30pct_ensemble_loo_mahal;0.3;ensemble_loo_mahal;5;5;5;2;196;431;400;31;1;5;95;0.9742;0.9285;0.8929;0.8710;0.9355;-0.0258;0.6745;1.0000;1;1.0000;1.0000;;;11.96
2026-02-17T21:52:47.680345;btad/03;cont_0pct_none;0.0;none;5;5;5;0;0;431;400;31;2;5;95;0.9998;0.9980;0.9836;1.0000;1.0000;;;;;;;;;10.16
2026-02-17T21:52:58.403372;btad/03;cont_0pct_loo_patch;0.0;loo_patch;5;5;5;0;196;431;400;31;2;5;95;0.9997;0.9963;0.9836;1.0000;1.0000;-0.0002;;;;;;;;10.72
2026-02-17T21:53:09.764759;btad/03;cont_0pct_mahalanobis_patch;0.0;mahalanobis_patch;5;5;5;0;196;431;400;31;2;5;95;0.9995;0.9948;0.9836;0.9677;1.0000;-0.0003;;;;;;;;11.36
2026-02-17T21:53:20.929902;btad/03;cont_0pct_ensemble_loo_mahal;0.0;ensemble_loo_mahal;5;5;5;0;196;431;400;31;2;5;95;0.9995;0.9948;0.9836;0.9677;1.0000;-0.0003;;;;;;;;11.16
2026-02-17T21:53:31.088537;btad/03;cont_20pct_none;0.2;none;5;5;5;1;0;431;400;31;2;5;95;0.9674;0.9659;0.9524;0.9677;0.9677;-0.0324;;;;;;;;10.15
2026-02-17T21:53:41.478939;btad/03;cont_20pct_loo_patch;0.2;loo_patch;5;5;5;1;196;431;400;31;2;5;95;0.9996;0.9955;0.9836;0.9677;1.0000;-0.0002;0.9925;1.0000;1;1.0000;1.0000;;;10.38
2026-02-17T21:53:53.832884;btad/03;cont_20pct_mahalanobis_patch;0.2;mahalanobis_patch;5;5;5;1;196;431;400;31;2;5;95;0.9946;0.9717;0.9508;0.9355;0.9677;-0.0052;0.8383;1.0000;1;1.0000;1.0000;;;12.35
2026-02-17T21:54:04.636419;btad/03;cont_20pct_ensemble_loo_mahal;0.2;ensemble_loo_mahal;5;5;5;1;196;431;400;31;2;5;95;0.9990;0.9891;0.9508;0.9355;1.0000;-0.0008;0.9751;1.0000;1;1.0000;1.0000;;;10.80
2026-02-17T21:54:15.074223;btad/03;cont_30pct_none;0.3;none;5;5;5;2;0;431;400;31;2;5;95;0.9332;0.9212;0.9153;0.9032;0.9032;-0.0666;;;;;;;;10.42
2026-02-17T21:54:25.399919;btad/03;cont_30pct_loo_patch;0.3;loo_patch;5;5;5;2;196;431;400;31;2;5;95;0.9763;0.9671;0.9667;0.9677;0.9677;-0.0235;0.6465;1.0000;1;1.0000;1.0000;;;10.32
2026-02-17T21:54:38.016473;btad/03;cont_30pct_mahalanobis_patch;0.3;mahalanobis_patch;5;5;5;2;196;431;400;31;2;5;95;0.9724;0.9618;0.9667;0.9355;0.9677;-0.0274;0.5884;1.0000;1;1.0000;1.0000;;;12.28
2026-02-17T21:54:49.652655;btad/03;cont_30pct_ensemble_loo_mahal;0.3;ensemble_loo_mahal;5;5;5;2;196;431;400;31;2;5;95;0.9716;0.9588;0.9667;0.9355;0.9677;-0.0282;0.5763;1.0000;1;1.0000;1.0000;;;11.63
2026-02-17T21:55:00.442065;btad/03;cont_0pct_none;0.0;none;5;5;5;0;0;431;400;31;3;5;95;0.9999;0.9990;0.9841;1.0000;1.0000;;;;;;;;;10.73
2026-02-17T21:55:10.066538;btad/03;cont_0pct_loo_patch;0.0;loo_patch;5;5;5;0;196;431;400;31;3;5;95;0.9998;0.9980;0.9836;1.0000;1.0000;-0.0001;;;;;;;;9.62
2026-02-17T21:55:22.533942;btad/03;cont_0pct_mahalanobis_patch;0.0;mahalanobis_patch;5;5;5;0;196;431;400;31;3;5;95;0.9999;0.9990;0.9841;1.0000;1.0000;0.0000;;;;;;;;12.46
2026-02-17T21:55:34.591770;btad/03;cont_0pct_ensemble_loo_mahal;0.0;ensemble_loo_mahal;5;5;5;0;196;431;400;31;3;5;95;0.9998;0.9980;0.9836;1.0000;1.0000;-0.0001;;;;;;;;12.05
2026-02-17T21:55:44.594722;btad/03;cont_20pct_none;0.2;none;5;5;5;1;0;431;400;31;3;5;95;0.9676;0.9680;0.9667;0.9677;0.9677;-0.0323;;;;;;;;9.99
2026-02-17T21:55:54.777455;btad/03;cont_20pct_loo_patch;0.2;loo_patch;5;5;5;1;196;431;400;31;3;5;95;0.9998;0.9980;0.9836;1.0000;1.0000;-0.0001;0.9975;1.0000;1;1.0000;1.0000;;;10.18
2026-02-17T21:56:05.988275;btad/03;cont_20pct_mahalanobis_patch;0.2;mahalanobis_patch;5;5;5;1;196;431;400;31;3;5;95;0.9998;0.9980;0.9836;1.0000;1.0000;-0.0001;0.9975;1.0000;1;1.0000;1.0000;;;11.20
2026-02-17T21:56:18.033562;btad/03;cont_20pct_ensemble_loo_mahal;0.2;ensemble_loo_mahal;5;5;5;1;196;431;400;31;3;5;95;0.9998;0.9980;0.9836;1.0000;1.0000;-0.0001;0.9975;1.0000;1;1.0000;1.0000;;;12.03
2026-02-17T21:56:28.365219;btad/03;cont_30pct_none;0.3;none;5;5;5;2;0;431;400;31;3;5;95;0.9337;0.9218;0.9180;0.9032;0.9355;-0.0662;;;;;;;;10.32
2026-02-17T21:56:38.942081;btad/03;cont_30pct_loo_patch;0.3;loo_patch;5;5;5;2;196;431;400;31;3;5;95;0.9990;0.9876;0.9508;0.9677;1.0000;-0.0010;0.9854;1.0000;1;1.0000;1.0000;;;10.56
2026-02-17T21:56:50.065222;btad/03;cont_30pct_mahalanobis_patch;0.3;mahalanobis_patch;5;5;5;2;196;431;400;31;3;5;95;0.9965;0.9730;0.9508;0.9355;0.9677;-0.0034;0.9488;1.0000;1;1.0000;1.0000;;;11.12
2026-02-17T21:57:01.720489;btad/03;cont_30pct_ensemble_loo_mahal;0.3;ensemble_loo_mahal;5;5;5;2;196;431;400;31;3;5;95;0.9986;0.9841;0.9508;0.9355;1.0000;-0.0013;0.9805;1.0000;1;1.0000;1.0000;;;11.65
2026-02-17T21:57:12.721697;btad/03;cont_0pct_none;0.0;none;5;5;5;0;0;431;400;31;4;5;95;1.0000;1.0000;1.0000;1.0000;1.0000;;;;;;;;;10.95
2026-02-17T21:57:22.767797;btad/03;cont_0pct_loo_patch;0.0;loo_patch;5;5;5;0;196;431;400;31;4;5;95;1.0000;1.0000;1.0000;1.0000;1.0000;0.0000;;;;;;;;10.04
2026-02-17T21:57:34.400950;btad/03;cont_0pct_mahalanobis_patch;0.0;mahalanobis_patch;5;5;5;0;196;431;400;31;4;5;95;1.0000;1.0000;1.0000;1.0000;1.0000;0.0000;;;;;;;;11.52
2026-02-17T21:57:45.675773;btad/03;cont_0pct_ensemble_loo_mahal;0.0;ensemble_loo_mahal;5;5;5;0;196;431;400;31;4;5;95;1.0000;1.0000;1.0000;1.0000;1.0000;0.0000;;;;;;;;11.27
2026-02-17T21:57:56.000151;btad/03;cont_20pct_none;0.2;none;5;5;5;1;0;431;400;31;4;5;95;0.9652;0.9526;0.9508;0.9355;0.9355;-0.0348;;;;;;;;10.32
2026-02-17T21:58:07.053844;btad/03;cont_20pct_loo_patch;0.2;loo_patch;5;5;5;1;196;431;400;31;4;5;95;0.9996;0.9955;0.9836;0.9677;1.0000;-0.0004;0.9884;1.0000;1;1.0000;1.0000;;;11.05
2026-02-17T21:58:19.156072;btad/03;cont_20pct_mahalanobis_patch;0.2;mahalanobis_patch;5;5;5;1;196;431;400;31;4;5;95;0.9990;0.9910;0.9836;0.9677;1.0000;-0.0010;0.9722;1.0000;1;1.0000;1.0000;;;12.10
2026-02-17T21:58:30.435014;btad/03;cont_20pct_ensemble_loo_mahal;0.2;ensemble_loo_mahal;5;5;5;1;196;431;400;31;4;5;95;0.9996;0.9955;0.9836;0.9677;1.0000;-0.0004;0.9884;1.0000;1;1.0000;1.0000;;;11.27
2026-02-17T21:58:39.936703;btad/03;cont_30pct_none;0.3;none;5;5;5;2;0;431;400;31;4;5;95;0.9299;0.9019;0.8852;0.8710;0.9032;-0.0701;;;;;;;;9.48
2026-02-17T21:58:49.598840;btad/03;cont_30pct_loo_patch;0.3;loo_patch;5;5;5;2;196;431;400;31;4;5;95;0.9977;0.9847;0.9836;0.9677;0.9677;-0.0023;0.9678;1.0000;1;1.0000;1.0000;;;9.66
2026-02-17T21:59:01.729615;btad/03;cont_30pct_mahalanobis_patch;0.3;mahalanobis_patch;5;5;5;2;196;431;400;31;4;5;95;0.9963;0.9721;0.9333;0.9355;0.9677;-0.0037;0.9471;1.0000;1;1.0000;1.0000;;;12.12
2026-02-17T21:59:13.654244;btad/03;cont_30pct_ensemble_loo_mahal;0.3;ensemble_loo_mahal;5;5;5;2;196;431;400;31;4;5;95;0.9967;0.9739;0.9333;0.9677;0.9677;-0.0033;0.9528;1.0000;1;1.0000;1.0000;;;11.92
