timestamp;dataset;config;contamination_rate;purification_method;train_limit;n_train_original;n_train_after_purification;n_contaminated;n_patches_removed;n_test;n_normal_test;n_anomaly_test;seed;knn_k;percentile_threshold;img_auroc;img_aupr;img_f1max;tpr_fpr1;tpr_fpr5;auroc_delta_vs_clean;recovery_rate;contaminant_detection_auroc;adaptive_did_purify;adaptive_skewness;inference_time_s
2026-02-17T09:27:16.888473;mvtec_AD/bottle;cont_0pct_none;0.0;none;10;10;10;0;0;52;20;32;0;5;95;0.971875;0.9848506780761085;0.9354838709677419;0.875;0.90625;;;;;;1.538306474685669
2026-02-17T09:27:18.994271;mvtec_AD/bottle;cont_0pct_loo_patch;0.0;loo_patch;10;10;10;0;392;52;20;32;0;5;95;0.9734375;0.9854604341736695;0.9354838709677419;0.90625;0.90625;;;;;;2.1047494411468506
2026-02-17T09:27:20.522152;mvtec_AD/bottle;cont_0pct_random_patch;0.0;random_patch;10;10;10;0;392;52;20;32;0;5;95;0.971875;0.9848506780761085;0.9354838709677419;0.90625;0.90625;;;;;;1.5258831977844238
2026-02-17T09:27:30.437841;mvtec_AD/bottle;cont_0pct_mahalanobis_patch;0.0;mahalanobis_patch;10;10;10;0;392;52;20;32;0;5;95;0.9765625;0.9872770504762416;0.9538461538461539;0.875;0.875;;;;;;9.914690971374512
2026-02-17T09:27:30.458704;mvtec_AD/bottle;cont_0pct_oracle_patch;0.0;oracle_patch;10;10;10;0;0;52;20;32;0;5;95;0.971875;0.9848506780761085;0.9354838709677419;0.875;0.90625;;;;;;0.01926565170288086
2026-02-17T09:28:09.660809;mvtec_AD/bottle;cont_0pct_ensemble_loo_mahal;0.0;ensemble_loo_mahal;10;10;10;0;392;52;20;32;0;5;95;0.98125;0.9899029356060607;0.9538461538461539;0.90625;0.90625;;;;;;39.14859652519226
2026-02-17T09:28:20.749209;mvtec_AD/bottle;cont_0pct_cosine_loo;0.0;cosine_loo;10;10;10;0;392;52;20;32;0;5;95;0.9734375;0.9865885416666667;0.9538461538461539;0.90625;0.90625;;;;;;11.087395906448364
2026-02-17T09:28:28.825737;mvtec_AD/bottle;cont_20pct_none;0.2;none;10;10;10;2;0;52;20;32;0;5;95;0.9718749999999999;0.9857251281194297;0.9393939393939394;0.875;0.90625;-1.1102230246251565e-16;;;;;8.06543231010437
2026-02-17T09:28:38.225934;mvtec_AD/bottle;cont_20pct_loo_patch;0.2;loo_patch;10;10;10;2;392;52;20;32;0;5;95;0.9750000000000001;0.9865740236643439;0.9375;0.875;0.90625;0.0031250000000000444;;1.0;;;9.398043632507324
2026-02-17T09:28:45.687550;mvtec_AD/bottle;cont_20pct_random_patch;0.2;random_patch;10;10;10;2;392;52;20;32;0;5;95;0.9828124999999999;0.9903553115325077;0.9508196721311475;0.90625;0.90625;0.010937499999999822;;1.0;;;7.4590489864349365
2026-02-17T09:29:24.751200;mvtec_AD/bottle;cont_20pct_mahalanobis_patch;0.2;mahalanobis_patch;10;10;10;2;392;52;20;32;0;5;95;0.9765625;0.988158749559549;0.9538461538461539;0.90625;0.90625;0.004687499999999956;;1.0;;;39.06125330924988
2026-02-17T09:29:31.267037;mvtec_AD/bottle;cont_20pct_oracle_patch;0.2;oracle_patch;10;10;8;2;1568;52;20;32;0;5;95;0.9703125;0.9852200776143791;0.9393939393939394;0.875;0.90625;-0.0015625000000000222;;;;;6.515836715698242
2026-02-17T09:30:04.622373;mvtec_AD/bottle;cont_20pct_ensemble_loo_mahal;0.2;ensemble_loo_mahal;10;10;10;2;392;52;20;32;0;5;95;0.9796875;0.9890395220588235;0.9508196721311475;0.90625;0.90625;0.0078125;;1.0;;;33.35483169555664
2026-02-17T09:30:15.048478;mvtec_AD/bottle;cont_20pct_cosine_loo;0.2;cosine_loo;10;10;10;2;392;52;20;32;0;5;95;0.96875;0.984964576863354;0.9508196721311475;0.90625;0.90625;-0.0031250000000000444;;1.0;;;10.424085855484009
2026-02-17T09:30:31.499273;mvtec_AD/cable;cont_0pct_none;0.0;none;10;10;10;0;0;104;58;46;0;5;95;0.931784107946027;0.9363762847085719;0.8571428571428571;0.6956521739130435;0.7608695652173914;;;;;;15.761024951934814
2026-02-17T09:30:47.749297;mvtec_AD/cable;cont_0pct_loo_patch;0.0;loo_patch;10;10;10;0;392;104;58;46;0;5;95;0.9246626686656672;0.9304403540254893;0.8478260869565218;0.6739130434782609;0.7608695652173914;;;;;;16.24902582168579
2026-02-17T09:31:02.277413;mvtec_AD/cable;cont_0pct_random_patch;0.0;random_patch;10;10;10;0;392;104;58;46;0;5;95;0.9295352323838082;0.9341535978467084;0.8571428571428571;0.6956521739130435;0.7608695652173914;;;;;;14.528116703033447
2026-02-17T09:31:48.833375;mvtec_AD/cable;cont_0pct_mahalanobis_patch;0.0;mahalanobis_patch;10;10;10;0;392;104;58;46;0;5;95;0.9347826086956522;0.9406639219234788;0.8636363636363636;0.6956521739130435;0.8043478260869565;;;;;;46.554458141326904
2026-02-17T09:31:48.849375;mvtec_AD/cable;cont_0pct_oracle_patch;0.0;oracle_patch;10;10;10;0;0;104;58;46;0;5;95;0.931784107946027;0.9363762847085719;0.8571428571428571;0.6956521739130435;0.7608695652173914;;;;;;0.014999628067016602
2026-02-17T09:32:32.069417;mvtec_AD/cable;cont_0pct_ensemble_loo_mahal;0.0;ensemble_loo_mahal;10;10;10;0;392;104;58;46;0;5;95;0.924287856071964;0.9305367582047458;0.8571428571428571;0.6521739130434783;0.7391304347826086;;;;;;43.21804189682007
2026-02-17T09:32:50.697456;mvtec_AD/cable;cont_0pct_cosine_loo;0.0;cosine_loo;10;10;10;0;392;104;58;46;0;5;95;0.9257871064467766;0.9338126472378101;0.8674698795180723;0.6521739130434783;0.782608695652174;;;;;;18.6250422000885
2026-02-17T09:33:06.566322;mvtec_AD/cable;cont_20pct_none;0.2;none;10;10;10;2;0;104;58;46;0;5;95;0.9257871064467766;0.9320002174473935;0.8604651162790697;0.6521739130434783;0.782608695652174;-0.0059970014992503096;0.0;;;;15.858855962753296
2026-02-17T09:33:23.423565;mvtec_AD/cable;cont_20pct_loo_patch;0.2;loo_patch;10;10;10;2;392;104;58;46;0;5;95;0.8766866566716642;0.8780039090792858;0.8089887640449438;0.5217391304347826;0.5652173913043478;-0.05509745127436272;-8.187500000000083;0.875;;;16.854366302490234
2026-02-17T09:33:37.499321;mvtec_AD/cable;cont_20pct_random_patch;0.2;random_patch;10;10;10;2;392;104;58;46;0;5;95;0.9246626686656672;0.930590999463179;0.8541666666666666;0.6739130434782609;0.782608695652174;-0.007121439280359798;-0.18750000000000927;0.875;;;14.07475757598877
2026-02-17T09:34:20.094401;mvtec_AD/cable;cont_20pct_mahalanobis_patch;0.2;mahalanobis_patch;10;10;10;2;392;104;58;46;0;5;95;0.9227886056971514;0.9278839513132537;0.8433734939759038;0.6521739130434783;0.7608695652173914;-0.008995502248875575;-0.5000000000000185;0.875;;;42.59249210357666
2026-02-17T09:34:33.652291;mvtec_AD/cable;cont_20pct_oracle_patch;0.2;oracle_patch;10;10;8;2;1568;104;58;46;0;5;95;0.9235382308845578;0.9312284528300261;0.8636363636363636;0.6739130434782609;0.782608695652174;-0.008245877061469176;-0.375;;;;13.556889772415161
2026-02-17T09:35:02.415782;mvtec_AD/cable;cont_20pct_ensemble_loo_mahal;0.2;ensemble_loo_mahal;10;10;10;2;392;104;58;46;0;5;95;0.9036731634182907;0.9100742540244123;0.825;0.5869565217391305;0.717391304347826;-0.028110944527736215;-3.687500000000065;0.875;;;28.762492895126343
2026-02-17T09:35:06.162622;mvtec_AD/cable;cont_20pct_cosine_loo;0.2;cosine_loo;10;10;10;2;392;104;58;46;0;5;95;0.881559220389805;0.8818693386248228;0.8131868131868132;0.5;0.5652173913043478;-0.0502248875562219;-7.375000000000092;0.875;;;3.744832754135132
2026-02-17T10:14:54.608029;mvtec_AD/bottle;cont_10pct_none;0.1;none;10;10;10;1;0;52;20;32;0;5;95;0.9734375;0.9862536693456452;0.9393939393939394;0.875;0.90625;;;;;;1.418107271194458
2026-02-17T10:14:56.491821;mvtec_AD/bottle;cont_10pct_loo_patch;0.1;loo_patch;10;10;10;1;392;52;20;32;0;5;95;0.9796875;0.9887927636089401;0.9508196721311475;0.90625;0.90625;;;1.0;;;1.8817908763885498
2026-02-17T10:14:57.926295;mvtec_AD/bottle;cont_10pct_random_patch;0.1;random_patch;10;10;10;1;392;52;20;32;0;5;95;0.9765625;0.9873880992945958;0.9393939393939394;0.90625;0.90625;;;1.0;;;1.4334735870361328
2026-02-17T10:15:00.767054;mvtec_AD/bottle;cont_10pct_mahalanobis_patch;0.1;mahalanobis_patch;10;10;10;1;392;52;20;32;0;5;95;0.9796875;0.9890395220588235;0.9508196721311475;0.90625;0.90625;;;1.0;;;2.8397583961486816
2026-02-17T10:15:02.041368;mvtec_AD/bottle;cont_10pct_oracle_patch;0.1;oracle_patch;10;10;9;1;784;52;20;32;0;5;95;0.9765625;0.9873880992945958;0.9393939393939394;0.875;0.90625;;;;;;1.2733149528503418
2026-02-17T10:15:04.686101;mvtec_AD/bottle;cont_10pct_ensemble_loo_mahal;0.1;ensemble_loo_mahal;10;10;10;1;392;52;20;32;0;5;95;0.98125;0.9896805476998491;0.9508196721311475;0.90625;0.90625;;;1.0;;;2.642733097076416
2026-02-17T10:15:06.631155;mvtec_AD/bottle;cont_10pct_cosine_loo;0.1;cosine_loo;10;10;10;1;392;52;20;32;0;5;95;0.9781249999999999;0.9882254464285715;0.9508196721311475;0.90625;0.90625;;;1.0;;;1.9430091381072998
2026-02-17T10:15:08.113114;mvtec_AD/bottle;cont_30pct_none;0.3;none;10;10;10;3;0;52;20;32;0;5;95;0.9718749999999999;0.9857251281194297;0.9393939393939394;0.875;0.90625;;;;;;1.4525480270385742
2026-02-17T10:15:10.025416;mvtec_AD/bottle;cont_30pct_loo_patch;0.3;loo_patch;10;10;10;3;392;52;20;32;0;5;95;0.9718749999999999;0.9857251281194297;0.9393939393939394;0.875;0.90625;;;1.0;;;1.9103021621704102
2026-02-17T10:15:11.448584;mvtec_AD/bottle;cont_30pct_random_patch;0.3;random_patch;10;10;10;3;392;52;20;32;0;5;95;0.975;0.9872953360123119;0.9508196721311475;0.90625;0.90625;;;1.0;;;1.4211688041687012
2026-02-17T10:15:14.319465;mvtec_AD/bottle;cont_30pct_mahalanobis_patch;0.3;mahalanobis_patch;10;10;10;3;392;52;20;32;0;5;95;0.9734375000000001;0.9867667947860963;0.9508196721311475;0.90625;0.90625;;;1.0;;;2.8698813915252686
2026-02-17T10:15:15.359197;mvtec_AD/bottle;cont_30pct_oracle_patch;0.3;oracle_patch;10;10;7;3;2352;52;20;32;0;5;95;0.9703125;0.9852200776143791;0.9393939393939394;0.875;0.90625;;;;;;1.0397312641143799
2026-02-17T10:15:18.607474;mvtec_AD/bottle;cont_30pct_ensemble_loo_mahal;0.3;ensemble_loo_mahal;10;10;10;3;392;52;20;32;0;5;95;0.9734375000000001;0.9867667947860963;0.9508196721311475;0.90625;0.90625;;;1.0;;;3.246276617050171
2026-02-17T10:15:20.595419;mvtec_AD/bottle;cont_30pct_cosine_loo;0.3;cosine_loo;10;10;10;3;392;52;20;32;0;5;95;0.9703125;0.9847506657538383;0.9393939393939394;0.875;0.875;;;1.0;;;1.9859445095062256
2026-02-17T10:15:23.593109;mvtec_AD/bottle;cont_0pct_none;0.0;none;20;20;20;0;0;52;20;32;0;5;95;0.9703125000000001;0.983773091869212;0.9354838709677419;0.84375;0.90625;;;;;;2.895160436630249
2026-02-17T10:15:28.423645;mvtec_AD/bottle;cont_0pct_loo_patch;0.0;loo_patch;20;20;20;0;784;52;20;32;0;5;95;0.971875;0.9849451327451801;0.9393939393939394;0.875;0.875;;;;;;4.829535961151123
2026-02-17T10:15:31.182028;mvtec_AD/bottle;cont_0pct_random_patch;0.0;random_patch;20;20;20;0;784;52;20;32;0;5;95;0.9781250000000001;0.988251512841833;0.9538461538461539;0.90625;0.90625;;;;;;2.7573821544647217
2026-02-17T10:15:36.251467;mvtec_AD/bottle;cont_0pct_mahalanobis_patch;0.0;mahalanobis_patch;20;20;20;0;784;52;20;32;0;5;95;0.9734375;0.9865885416666667;0.9538461538461539;0.875;0.90625;;;;;;5.068439722061157
2026-02-17T10:15:36.270979;mvtec_AD/bottle;cont_0pct_oracle_patch;0.0;oracle_patch;20;20;20;0;0;52;20;32;0;5;95;0.9703125000000001;0.983773091869212;0.9354838709677419;0.84375;0.90625;;;;;;0.019512176513671875
2026-02-17T10:15:41.255074;mvtec_AD/bottle;cont_0pct_ensemble_loo_mahal;0.0;ensemble_loo_mahal;20;20;20;0;784;52;20;32;0;5;95;0.98125;0.9889472962122874;0.9393939393939394;0.84375;0.90625;;;;;;4.983093023300171
2026-02-17T10:15:46.591657;mvtec_AD/bottle;cont_0pct_cosine_loo;0.0;cosine_loo;20;20;20;0;784;52;20;32;0;5;95;0.9734375;0.9865885416666667;0.9538461538461539;0.875;0.90625;;;;;;5.336583375930786
2026-02-17T10:15:49.623305;mvtec_AD/bottle;cont_10pct_none;0.1;none;20;20;20;2;0;52;20;32;0;5;95;0.9750000000000001;0.9865003152036869;0.9393939393939394;0.90625;0.90625;0.004687499999999956;-0.0;;;;3.0144762992858887
2026-02-17T10:15:54.630324;mvtec_AD/bottle;cont_10pct_loo_patch;0.1;loo_patch;20;20;20;2;784;52;20;32;0;5;95;0.9828124999999999;0.9903553115325077;0.9508196721311475;0.90625;0.90625;0.012499999999999734;-1.666666666666635;1.0;;;5.0050201416015625
2026-02-17T10:15:57.503079;mvtec_AD/bottle;cont_10pct_random_patch;0.1;random_patch;20;20;20;2;784;52;20;32;0;5;95;0.9750000000000001;0.9865003152036869;0.9393939393939394;0.90625;0.90625;0.004687499999999956;-0.0;1.0;;;2.8717544078826904
2026-02-17T10:16:02.418034;mvtec_AD/bottle;cont_10pct_mahalanobis_patch;0.1;mahalanobis_patch;20;20;20;2;784;52;20;32;0;5;95;0.9828125;0.9905439612470863;0.9538461538461539;0.90625;0.90625;0.012499999999999845;-1.6666666666666587;1.0;;;4.912952661514282
2026-02-17T10:16:05.071357;mvtec_AD/bottle;cont_10pct_oracle_patch;0.1;oracle_patch;20;20;18;2;1568;52;20;32;0;5;95;0.971875;0.9848506780761085;0.9354838709677419;0.90625;0.90625;0.0015624999999999112;0.6666666666666825;;;;2.6523239612579346
2026-02-17T10:16:09.951662;mvtec_AD/bottle;cont_10pct_ensemble_loo_mahal;0.1;ensemble_loo_mahal;20;20;20;2;784;52;20;32;0;5;95;0.9828124999999999;0.9903553115325077;0.9508196721311475;0.90625;0.90625;0.012499999999999734;-1.666666666666635;1.0;;;4.878305196762085
2026-02-17T10:16:15.252120;mvtec_AD/bottle;cont_10pct_cosine_loo;0.1;cosine_loo;20;20;20;2;784;52;20;32;0;5;95;0.9828125;0.9905439612470863;0.9538461538461539;0.90625;0.90625;0.012499999999999845;-1.6666666666666587;1.0;;;5.3004584312438965
2026-02-17T10:16:18.289442;mvtec_AD/bottle;cont_20pct_none;0.2;none;20;20;20;4;0;52;20;32;0;5;95;0.9750000000000001;0.9865003152036869;0.9393939393939394;0.90625;0.90625;0.004687499999999956;-0.0;;;;3.0140581130981445
2026-02-17T10:16:23.296250;mvtec_AD/bottle;cont_20pct_loo_patch;0.2;loo_patch;20;20;20;4;784;52;20;32;0;5;95;0.98125;0.9896805476998491;0.9508196721311475;0.90625;0.90625;0.010937499999999822;-1.3333333333333175;1.0;;;5.004807233810425
2026-02-17T10:16:26.154345;mvtec_AD/bottle;cont_20pct_random_patch;0.2;random_patch;20;20;20;4;784;52;20;32;0;5;95;0.9750000000000001;0.9865003152036869;0.9393939393939394;0.90625;0.90625;0.004687499999999956;-0.0;1.0;;;2.857060194015503
2026-02-17T10:16:31.251034;mvtec_AD/bottle;cont_20pct_mahalanobis_patch;0.2;mahalanobis_patch;20;20;20;4;784;52;20;32;0;5;95;0.9796875;0.9888612689393939;0.9538461538461539;0.90625;0.90625;0.009374999999999911;-1.0;1.0;;;5.094613552093506
2026-02-17T10:16:33.723464;mvtec_AD/bottle;cont_20pct_oracle_patch;0.2;oracle_patch;20;20;16;4;3136;52;20;32;0;5;95;0.971875;0.9848506780761085;0.9354838709677419;0.90625;0.90625;0.0015624999999999112;0.6666666666666825;;;;2.4714303016662598
2026-02-17T10:16:38.649085;mvtec_AD/bottle;cont_20pct_ensemble_loo_mahal;0.2;ensemble_loo_mahal;20;20;20;4;784;52;20;32;0;5;95;0.9796875;0.9890395220588235;0.9508196721311475;0.90625;0.90625;0.009374999999999911;-1.0;1.0;;;4.924621820449829
2026-02-17T10:16:43.776128;mvtec_AD/bottle;cont_20pct_cosine_loo;0.2;cosine_loo;20;20;20;4;784;52;20;32;0;5;95;0.9796875;0.9890395220588235;0.9508196721311475;0.90625;0.90625;0.009374999999999911;-1.0;1.0;;;5.1250319480896
2026-02-17T10:16:46.855375;mvtec_AD/bottle;cont_30pct_none;0.3;none;20;20;20;6;0;52;20;32;0;5;95;0.9734375;0.9859195951107715;0.9393939393939394;0.90625;0.90625;0.0031249999999998224;-0.0;;;;3.054241180419922
2026-02-17T10:16:51.865560;mvtec_AD/bottle;cont_30pct_loo_patch;0.3;loo_patch;20;20;20;6;784;52;20;32;0;5;95;0.9781249999999999;0.9881517379679144;0.9508196721311475;0.90625;0.90625;0.007812499999999778;-1.500000000000071;1.0;;;5.008192539215088
2026-02-17T10:16:54.786814;mvtec_AD/bottle;cont_30pct_random_patch;0.3;random_patch;20;20;20;6;784;52;20;32;0;5;95;0.978125;0.987561294826286;0.9393939393939394;0.90625;0.90625;0.007812499999999889;-1.5000000000001066;1.0;;;2.9212539196014404
2026-02-17T10:16:59.774368;mvtec_AD/bottle;cont_30pct_mahalanobis_patch;0.3;mahalanobis_patch;20;20;20;6;784;52;20;32;0;5;95;0.9734375;0.9854604341736695;0.9354838709677419;0.90625;0.90625;0.0031249999999998224;-0.0;1.0;;;4.985553979873657
2026-02-17T10:17:01.912393;mvtec_AD/bottle;cont_30pct_oracle_patch;0.3;oracle_patch;20;20;14;6;4704;52;20;32;0;5;95;0.98125;0.9895022945804195;0.9538461538461539;0.875;0.90625;0.010937499999999822;-2.500000000000142;;;;2.1370246410369873
2026-02-17T10:17:06.796598;mvtec_AD/bottle;cont_30pct_ensemble_loo_mahal;0.3;ensemble_loo_mahal;20;20;20;6;784;52;20;32;0;5;95;0.9765625;0.9875419818703535;0.9508196721311475;0.90625;0.90625;0.006249999999999867;-1.000000000000071;1.0;;;4.884204387664795
2026-02-17T10:17:12.074412;mvtec_AD/bottle;cont_30pct_cosine_loo;0.3;cosine_loo;20;20;20;6;784;52;20;32;0;5;95;0.975;0.9869612617774383;0.9508196721311475;0.90625;0.90625;0.004687499999999845;-0.5000000000000355;1.0;;;5.27554988861084
2026-02-17T10:17:13.768464;mvtec_AD/bottle;cont_0pct_none;0.0;none;10;10;10;0;0;52;20;32;1;5;95;0.9781249999999999;0.9873482745680354;0.9393939393939394;0.84375;0.90625;;;;;;1.5905370712280273
2026-02-17T10:17:15.741023;mvtec_AD/bottle;cont_0pct_loo_patch;0.0;loo_patch;10;10;10;0;392;52;20;32;1;5;95;0.984375;0.9906645843515803;0.9538461538461539;0.875;0.875;;;;;;1.9715592861175537
2026-02-17T10:17:17.282211;mvtec_AD/bottle;cont_0pct_random_patch;0.0;random_patch;10;10;10;0;392;52;20;32;1;5;95;0.9781249999999999;0.9873482745680354;0.9393939393939394;0.84375;0.90625;;;;;;1.5401873588562012
2026-02-17T10:17:20.153050;mvtec_AD/bottle;cont_0pct_mahalanobis_patch;0.0;mahalanobis_patch;10;10;10;0;392;52;20;32;1;5;95;0.9828125;0.9899138336008295;0.9538461538461539;0.875;0.875;;;;;;2.869838237762451
2026-02-17T10:17:20.164370;mvtec_AD/bottle;cont_0pct_oracle_patch;0.0;oracle_patch;10;10;10;0;0;52;20;32;1;5;95;0.9781249999999999;0.9873482745680354;0.9393939393939394;0.84375;0.90625;;;;;;0.011320352554321289
2026-02-17T10:17:23.050717;mvtec_AD/bottle;cont_0pct_ensemble_loo_mahal;0.0;ensemble_loo_mahal;10;10;10;0;392;52;20;32;1;5;95;0.984375;0.9906645843515803;0.9538461538461539;0.875;0.875;;;;;;2.8863468170166016
2026-02-17T10:17:25.154553;mvtec_AD/bottle;cont_0pct_cosine_loo;0.0;cosine_loo;10;10;10;0;392;52;20;32;1;5;95;0.984375;0.9906645843515803;0.9538461538461539;0.875;0.875;;;;;;2.102835178375244
2026-02-17T10:17:26.746436;mvtec_AD/bottle;cont_10pct_none;0.1;none;10;10;10;1;0;52;20;32;1;5;95;0.98125;0.9889472962122874;0.9393939393939394;0.84375;0.90625;0.0031250000000000444;-0.0;;;;1.5818145275115967
2026-02-17T10:17:28.744409;mvtec_AD/bottle;cont_10pct_loo_patch;0.1;loo_patch;10;10;10;1;392;52;20;32;1;5;95;0.984375;0.9906645843515803;0.9538461538461539;0.875;0.875;0.006250000000000089;-1.0;1.0;;;1.9969727993011475
2026-02-17T10:17:30.258171;mvtec_AD/bottle;cont_10pct_random_patch;0.1;random_patch;10;10;10;1;392;52;20;32;1;5;95;0.9796875;0.9880595121213782;0.9393939393939394;0.84375;0.90625;0.0015625000000001332;0.4999999999999645;1.0;;;1.5115845203399658
2026-02-17T10:17:33.041697;mvtec_AD/bottle;cont_10pct_mahalanobis_patch;0.1;mahalanobis_patch;10;10;10;1;392;52;20;32;1;5;95;0.984375;0.9906645843515803;0.9538461538461539;0.875;0.875;0.006250000000000089;-1.0;1.0;;;2.782482862472534
2026-02-17T10:17:34.444413;mvtec_AD/bottle;cont_10pct_oracle_patch;0.1;oracle_patch;10;10;9;1;784;52;20;32;1;5;95;0.9796874999999999;0.9882360586589445;0.9393939393939394;0.84375;0.90625;0.0015625000000000222;0.5;;;;1.402195930480957
2026-02-17T10:17:37.319912;mvtec_AD/bottle;cont_10pct_ensemble_loo_mahal;0.1;ensemble_loo_mahal;10;10;10;1;392;52;20;32;1;5;95;0.984375;0.9906645843515803;0.9538461538461539;0.875;0.875;0.006250000000000089;-1.0;1.0;;;2.87250018119812
2026-02-17T10:17:39.412756;mvtec_AD/bottle;cont_10pct_cosine_loo;0.1;cosine_loo;10;10;10;1;392;52;20;32;1;5;95;0.984375;0.9906645843515803;0.9538461538461539;0.875;0.875;0.006250000000000089;-1.0;1.0;;;2.0907723903656006
2026-02-17T10:17:41.011231;mvtec_AD/bottle;cont_20pct_none;0.2;none;10;10;10;2;0;52;20;32;1;5;95;0.9796875;0.988424708373523;0.9538461538461539;0.84375;0.90625;0.0015625000000001332;-0.0;;;;1.5863430500030518
2026-02-17T10:17:43.015538;mvtec_AD/bottle;cont_20pct_loo_patch;0.2;loo_patch;10;10;10;2;392;52;20;32;1;5;95;0.978125;0.9878868065738025;0.9538461538461539;0.875;0.875;1.1102230246251565e-16;0.999999999999929;1.0;;;2.0023064613342285
2026-02-17T10:17:44.523303;mvtec_AD/bottle;cont_20pct_random_patch;0.2;random_patch;10;10;10;2;392;52;20;32;1;5;95;0.9734375000000001;0.9854227289967903;0.9393939393939394;0.875;0.90625;-0.004687499999999845;3.9999999999996447;1.0;;;1.5067648887634277
2026-02-17T10:17:47.407585;mvtec_AD/bottle;cont_20pct_mahalanobis_patch;0.2;mahalanobis_patch;10;10;10;2;392;52;20;32;1;5;95;0.98125;0.9890504200535926;0.9393939393939394;0.875;0.875;0.0031250000000000444;-0.9999999999998579;1.0;;;2.88328218460083
2026-02-17T10:17:48.767094;mvtec_AD/bottle;cont_20pct_oracle_patch;0.2;oracle_patch;10;10;8;2;1568;52;20;32;1;5;95;0.9828125;0.9898107097595243;0.9538461538461539;0.84375;0.90625;0.004687500000000067;-1.9999999999997868;;;;1.3585057258605957
2026-02-17T10:17:51.514046;mvtec_AD/bottle;cont_20pct_ensemble_loo_mahal;0.2;ensemble_loo_mahal;10;10;10;2;392;52;20;32;1;5;95;0.9828125;0.9899138336008295;0.9538461538461539;0.875;0.875;0.004687500000000067;-1.9999999999997868;1.0;;;2.744950532913208
2026-02-17T10:17:53.586301;mvtec_AD/bottle;cont_20pct_cosine_loo;0.2;cosine_loo;10;10;10;2;392;52;20;32;1;5;95;0.9796875;0.9885278322148281;0.9538461538461539;0.875;0.875;0.0015625000000001332;-0.0;1.0;;;2.0712578296661377
2026-02-17T10:17:55.151740;mvtec_AD/bottle;cont_30pct_none;0.3;none;10;10;10;3;0;52;20;32;1;5;95;0.9812500000000001;0.9887235845974467;0.9411764705882353;0.875;0.875;0.0031250000000001554;-0.0;;;;1.553440809249878
2026-02-17T10:17:57.125730;mvtec_AD/bottle;cont_30pct_loo_patch;0.3;loo_patch;10;10;10;3;392;52;20;32;1;5;95;0.9828125000000001;0.9898011708043433;0.9411764705882353;0.875;0.875;0.004687500000000178;-0.49999999999998224;1.0;;;1.9718124866485596
2026-02-17T10:17:58.663257;mvtec_AD/bottle;cont_30pct_random_patch;0.3;random_patch;10;10;10;3;392;52;20;32;1;5;95;0.9796875;0.9878358005065376;0.9411764705882353;0.875;0.875;0.0015625000000001332;0.49999999999998224;1.0;;;1.5350244045257568
2026-02-17T10:18:01.533016;mvtec_AD/bottle;cont_30pct_mahalanobis_patch;0.3;mahalanobis_patch;10;10;10;3;392;52;20;32;1;5;95;0.98125;0.9890504200535926;0.9393939393939394;0.875;0.875;0.0031250000000000444;3.552713678800324e-14;1.0;;;2.868760347366333
2026-02-17T10:18:02.644206;mvtec_AD/bottle;cont_30pct_oracle_patch;0.3;oracle_patch;10;10;7;3;2352;52;20;32;1;5;95;0.98125;0.9889472962122874;0.9393939393939394;0.84375;0.90625;0.0031250000000000444;3.552713678800324e-14;;;;1.110189437866211
2026-02-17T10:18:05.399791;mvtec_AD/bottle;cont_30pct_ensemble_loo_mahal;0.3;ensemble_loo_mahal;10;10;10;3;392;52;20;32;1;5;95;0.9828125000000001;0.9898011708043433;0.9411764705882353;0.875;0.875;0.004687500000000178;-0.49999999999998224;1.0;;;2.7535858154296875
2026-02-17T10:18:07.456335;mvtec_AD/bottle;cont_30pct_cosine_loo;0.3;cosine_loo;10;10;10;3;392;52;20;32;1;5;95;0.9796875;0.9878358005065376;0.9411764705882353;0.875;0.875;0.0015625000000001332;0.49999999999998224;1.0;;;2.055544376373291
2026-02-17T10:18:10.677059;mvtec_AD/bottle;cont_0pct_none;0.0;none;20;20;20;0;0;52;20;32;1;5;95;0.9874999999999999;0.9930811624575552;0.96875;0.90625;0.96875;;;;;;3.1033942699432373
2026-02-17T10:18:15.677905;mvtec_AD/bottle;cont_0pct_loo_patch;0.0;loo_patch;20;20;20;0;784;52;20;32;1;5;95;0.984375;0.9912187250797448;0.9538461538461539;0.90625;0.90625;;;;;;4.9997477531433105
2026-02-17T10:18:18.636353;mvtec_AD/bottle;cont_0pct_random_patch;0.0;random_patch;20;20;20;0;784;52;20;32;1;5;95;0.9874999999999999;0.9930811624575552;0.96875;0.90625;0.96875;;;;;;2.9584481716156006
2026-02-17T10:18:23.612114;mvtec_AD/bottle;cont_0pct_mahalanobis_patch;0.0;mahalanobis_patch;20;20;20;0;784;52;20;32;1;5;95;0.9906250000000001;0.9946338383838385;0.967741935483871;0.9375;0.9375;;;;;;4.974761724472046
2026-02-17T10:18:23.633031;mvtec_AD/bottle;cont_0pct_oracle_patch;0.0;oracle_patch;20;20;20;0;0;52;20;32;1;5;95;0.9874999999999999;0.9930811624575552;0.96875;0.90625;0.96875;;;;;;0.019904136657714844
2026-02-17T10:18:28.684075;mvtec_AD/bottle;cont_0pct_ensemble_loo_mahal;0.0;ensemble_loo_mahal;20;20;20;0;784;52;20;32;1;5;95;0.9875;0.9926807133838385;0.9538461538461539;0.90625;0.90625;;;;;;5.050042629241943
2026-02-17T10:18:34.016743;mvtec_AD/bottle;cont_0pct_cosine_loo;0.0;cosine_loo;20;20;20;0;784;52;20;32;1;5;95;0.9828125;0.9905439612470863;0.9538461538461539;0.90625;0.90625;;;;;;5.331668138504028
2026-02-17T10:18:37.124900;mvtec_AD/bottle;cont_10pct_none;0.1;none;20;20;20;2;0;52;20;32;1;5;95;0.9874999999999999;0.9930811624575552;0.96875;0.90625;0.96875;0.0;;;;;3.0874593257904053
2026-02-17T10:18:42.331465;mvtec_AD/bottle;cont_10pct_loo_patch;0.1;loo_patch;20;20;20;2;784;52;20;32;1;5;95;0.984375;0.9912187250797448;0.9538461538461539;0.90625;0.90625;-0.0031249999999999334;;1.0;;;5.205564260482788
2026-02-17T10:18:45.324468;mvtec_AD/bottle;cont_10pct_random_patch;0.1;random_patch;20;20;20;2;784;52;20;32;1;5;95;0.9874999999999999;0.9930811624575552;0.96875;0.9375;0.96875;0.0;;1.0;;;2.991002321243286
2026-02-17T10:18:50.284966;mvtec_AD/bottle;cont_10pct_mahalanobis_patch;0.1;mahalanobis_patch;20;20;20;2;784;52;20;32;1;5;95;0.9875;0.9926807133838385;0.9538461538461539;0.90625;0.90625;1.1102230246251565e-16;;1.0;;;4.958495616912842
2026-02-17T10:18:53.088878;mvtec_AD/bottle;cont_10pct_oracle_patch;0.1;oracle_patch;20;20;18;2;1568;52;20;32;1;5;95;0.9874999999999999;0.9930811624575552;0.96875;0.90625;0.96875;0.0;;;;;2.802910566329956
2026-02-17T10:18:58.090996;mvtec_AD/bottle;cont_10pct_ensemble_loo_mahal;0.1;ensemble_loo_mahal;20;20;20;2;784;52;20;32;1;5;95;0.9875;0.9926807133838385;0.9538461538461539;0.90625;0.90625;1.1102230246251565e-16;;1.0;;;5.001075029373169
2026-02-17T10:19:03.504124;mvtec_AD/bottle;cont_10pct_cosine_loo;0.1;cosine_loo;20;20;20;2;784;52;20;32;1;5;95;0.9828125;0.9905439612470863;0.9538461538461539;0.90625;0.90625;-0.004687499999999956;;1.0;;;5.410762548446655
2026-02-17T10:19:06.670108;mvtec_AD/bottle;cont_20pct_none;0.2;none;20;20;20;4;0;52;20;32;1;5;95;0.9890625000000001;0.9935014840949821;0.96875;0.875;0.96875;0.0015625000000001332;-0.0;;;;3.1389026641845703
2026-02-17T10:19:11.821208;mvtec_AD/bottle;cont_20pct_loo_patch;0.2;loo_patch;20;20;20;4;784;52;20;32;1;5;95;0.9859375000000001;0.9916390467171717;0.9538461538461539;0.875;0.90625;-0.0015624999999998002;1.9999999999997868;1.0;;;5.1500983238220215
2026-02-17T10:19:14.859039;mvtec_AD/bottle;cont_20pct_random_patch;0.2;random_patch;20;20;20;4;784;52;20;32;1;5;95;0.9875;0.9927507333442314;0.96875;0.875;0.96875;1.1102230246251565e-16;0.999999999999929;1.0;;;3.035831928253174
2026-02-17T10:19:19.781878;mvtec_AD/bottle;cont_20pct_mahalanobis_patch;0.2;mahalanobis_patch;20;20;20;4;784;52;20;32;1;5;95;0.9859375000000001;0.9916390467171717;0.9538461538461539;0.875;0.90625;-0.0015624999999998002;1.9999999999997868;1.0;;;4.921838283538818
2026-02-17T10:19:22.339979;mvtec_AD/bottle;cont_20pct_oracle_patch;0.2;oracle_patch;20;20;16;4;3136;52;20;32;1;5;95;0.9906250000000001;0.9945431507616488;0.96875;0.90625;0.96875;0.0031250000000001554;-0.999999999999929;;;;2.5571014881134033
2026-02-17T10:19:27.308147;mvtec_AD/bottle;cont_20pct_ensemble_loo_mahal;0.2;ensemble_loo_mahal;20;20;20;4;784;52;20;32;1;5;95;0.9859375;0.9915065209941462;0.9538461538461539;0.875;0.90625;-0.0015624999999999112;1.999999999999858;1.0;;;4.966157913208008
2026-02-17T10:19:32.615686;mvtec_AD/bottle;cont_20pct_cosine_loo;0.2;cosine_loo;20;20;20;4;784;52;20;32;1;5;95;0.9875;0.9925841072010426;0.9538461538461539;0.875;0.90625;1.1102230246251565e-16;0.999999999999929;1.0;;;5.305485248565674
2026-02-17T10:19:35.825941;mvtec_AD/bottle;cont_30pct_none;0.3;none;20;20;20;6;0;52;20;32;1;5;95;0.9828125000000001;0.9895869981446839;0.9538461538461539;0.875;0.875;-0.004687499999999845;0.0;;;;3.1817078590393066
2026-02-17T10:19:40.915990;mvtec_AD/bottle;cont_30pct_loo_patch;0.3;loo_patch;20;20;20;6;784;52;20;32;1;5;95;0.984375;0.9906645843515803;0.9538461538461539;0.875;0.875;-0.0031249999999999334;0.33333333333332543;1.0;;;5.089048147201538
2026-02-17T10:19:43.954830;mvtec_AD/bottle;cont_30pct_random_patch;0.3;random_patch;20;20;20;6;784;52;20;32;1;5;95;0.9828125;0.9899138336008295;0.9538461538461539;0.875;0.875;-0.004687499999999956;-2.3684757858670793e-14;1.0;;;3.037841320037842
2026-02-17T10:19:49.251933;mvtec_AD/bottle;cont_30pct_mahalanobis_patch;0.3;mahalanobis_patch;20;20;20;6;784;52;20;32;1;5;95;0.9828125000000001;0.9895869981446839;0.9538461538461539;0.84375;0.875;-0.004687499999999845;0.0;1.0;;;5.295104265213013
2026-02-17T10:19:51.469583;mvtec_AD/bottle;cont_30pct_oracle_patch;0.3;oracle_patch;20;20;14;6;4704;52;20;32;1;5;95;0.984375;0.9908882959664209;0.9538461538461539;0.875;0.90625;-0.0031249999999999334;0.33333333333332543;;;;2.216649293899536
2026-02-17T10:19:56.751622;mvtec_AD/bottle;cont_30pct_ensemble_loo_mahal;0.3;ensemble_loo_mahal;20;20;20;6;784;52;20;32;1;5;95;0.984375;0.9906645843515803;0.9538461538461539;0.875;0.875;-0.0031249999999999334;0.33333333333332543;1.0;;;5.280041217803955
2026-02-17T10:20:02.244166;mvtec_AD/bottle;cont_30pct_cosine_loo;0.3;cosine_loo;20;20;20;6;784;52;20;32;1;5;95;0.984375;0.9906645843515803;0.9538461538461539;0.875;0.875;-0.0031249999999999334;0.33333333333332543;1.0;;;5.4905126094818115
2026-02-17T10:20:03.873027;mvtec_AD/bottle;cont_0pct_none;0.0;none;10;10;10;0;0;52;20;32;2;5;95;0.9859375;0.9912209850727884;0.9696969696969697;0.84375;0.875;;;;;;1.5352540016174316
2026-02-17T10:20:05.871387;mvtec_AD/bottle;cont_0pct_loo_patch;0.0;loo_patch;10;10;10;0;392;52;20;32;2;5;95;0.9859375;0.9912209850727884;0.9696969696969697;0.84375;0.875;;;;;;1.9973602294921875
2026-02-17T10:20:07.388556;mvtec_AD/bottle;cont_0pct_random_patch;0.0;random_patch;10;10;10;0;392;52;20;32;2;5;95;0.9859375;0.9912209850727884;0.9696969696969697;0.84375;0.875;;;;;;1.5161724090576172
2026-02-17T10:20:10.237462;mvtec_AD/bottle;cont_0pct_mahalanobis_patch;0.0;mahalanobis_patch;10;10;10;0;392;52;20;32;2;5;95;0.9859375;0.9912209850727884;0.9696969696969697;0.84375;0.875;;;;;;2.848905324935913
2026-02-17T10:20:10.250312;mvtec_AD/bottle;cont_0pct_oracle_patch;0.0;oracle_patch;10;10;10;0;0;52;20;32;2;5;95;0.9859375;0.9912209850727884;0.9696969696969697;0.84375;0.875;;;;;;0.01184988021850586
2026-02-17T10:20:13.020389;mvtec_AD/bottle;cont_0pct_ensemble_loo_mahal;0.0;ensemble_loo_mahal;10;10;10;0;392;52;20;32;2;5;95;0.9875;0.9921954474383798;0.9696969696969697;0.84375;0.875;;;;;;2.7700767517089844
2026-02-17T10:20:15.141024;mvtec_AD/bottle;cont_0pct_cosine_loo;0.0;cosine_loo;10;10;10;0;392;52;20;32;2;5;95;0.984375;0.9905948215979941;0.955223880597015;0.875;0.875;;;;;;2.1201117038726807
2026-02-17T10:20:16.818832;mvtec_AD/bottle;cont_10pct_none;0.1;none;10;10;10;1;0;52;20;32;2;5;95;0.9859375;0.9910793760098083;0.9696969696969697;0.8125;0.875;0.0;;;;;1.6668081283569336
2026-02-17T10:20:18.883082;mvtec_AD/bottle;cont_10pct_loo_patch;0.1;loo_patch;10;10;10;1;392;52;20;32;2;5;95;0.9875;0.9921954474383798;0.9696969696969697;0.84375;0.90625;0.0015625000000000222;;1.0;;;2.0622522830963135
2026-02-17T10:20:20.411064;mvtec_AD/bottle;cont_10pct_random_patch;0.1;random_patch;10;10;10;1;392;52;20;32;2;5;95;0.984375;0.9901049136442169;0.9696969696969697;0.8125;0.875;-0.0015625000000000222;;1.0;;;1.525895357131958
2026-02-17T10:20:23.472665;mvtec_AD/bottle;cont_10pct_mahalanobis_patch;0.1;mahalanobis_patch;10;10;10;1;392;52;20;32;2;5;95;0.9859375;0.9912209850727884;0.9696969696969697;0.84375;0.875;0.0;;1.0;;;3.0595996379852295
2026-02-17T10:20:24.943011;mvtec_AD/bottle;cont_10pct_oracle_patch;0.1;oracle_patch;10;10;9;1;784;52;20;32;2;5;95;0.9859375;0.9912209850727884;0.9696969696969697;0.84375;0.875;0.0;;;;;1.4693446159362793
2026-02-17T10:20:27.850499;mvtec_AD/bottle;cont_10pct_ensemble_loo_mahal;0.1;ensemble_loo_mahal;10;10;10;1;392;52;20;32;2;5;95;0.984375;0.9902152379463516;0.9696969696969697;0.84375;0.84375;-0.0015625000000000222;;1.0;;;2.9052727222442627
2026-02-17T10:20:30.008108;mvtec_AD/bottle;cont_10pct_cosine_loo;0.1;cosine_loo;10;10;10;1;392;52;20;32;2;5;95;0.9828125000000001;0.9890991665177802;0.9696969696969697;0.8125;0.84375;-0.0031249999999999334;;1.0;;;2.155510187149048
2026-02-17T10:20:31.579554;mvtec_AD/bottle;cont_20pct_none;0.2;none;10;10;10;2;0;52;20;32;2;5;95;0.984375;0.9901049136442169;0.9696969696969697;0.8125;0.875;-0.0015625000000000222;0.0;;;;1.5532190799713135
2026-02-17T10:20:33.674978;mvtec_AD/bottle;cont_20pct_loo_patch;0.2;loo_patch;10;10;10;2;392;52;20;32;2;5;95;0.984375;0.9901049136442169;0.9696969696969697;0.8125;0.875;-0.0015625000000000222;0.0;1.0;;;2.09322190284729
2026-02-17T10:20:35.281278;mvtec_AD/bottle;cont_20pct_random_patch;0.2;random_patch;10;10;10;2;392;52;20;32;2;5;95;0.984375;0.9901049136442169;0.9696969696969697;0.8125;0.875;-0.0015625000000000222;0.0;1.0;;;1.6042325496673584
2026-02-17T10:20:38.139757;mvtec_AD/bottle;cont_20pct_mahalanobis_patch;0.2;mahalanobis_patch;10;10;10;2;392;52;20;32;2;5;95;0.9859375;0.9912209850727884;0.9696969696969697;0.84375;0.875;0.0;1.0;1.0;;;2.856367588043213
2026-02-17T10:20:39.401616;mvtec_AD/bottle;cont_20pct_oracle_patch;0.2;oracle_patch;10;10;8;2;1568;52;20;32;2;5;95;0.984375;0.9901049136442169;0.9696969696969697;0.84375;0.875;-0.0015625000000000222;0.0;;;;1.2607829570770264
2026-02-17T10:20:42.238530;mvtec_AD/bottle;cont_20pct_ensemble_loo_mahal;0.2;ensemble_loo_mahal;10;10;10;2;392;52;20;32;2;5;95;0.9859375;0.9912209850727884;0.9696969696969697;0.84375;0.875;0.0;1.0;1.0;;;2.8349130153656006
2026-02-17T10:20:44.340058;mvtec_AD/bottle;cont_20pct_cosine_loo;0.2;cosine_loo;10;10;10;2;392;52;20;32;2;5;95;0.984375;0.9901049136442169;0.9696969696969697;0.8125;0.875;-0.0015625000000000222;0.0;1.0;;;2.0995237827301025
2026-02-17T10:20:45.926881;mvtec_AD/bottle;cont_30pct_none;0.3;none;10;10;10;3;0;52;20;32;2;5;95;0.9890625000000001;0.9929418133876187;0.9696969696969697;0.8125;0.90625;0.0031250000000000444;-0.0;;;;1.573472023010254
2026-02-17T10:20:47.974863;mvtec_AD/bottle;cont_30pct_loo_patch;0.3;loo_patch;10;10;10;3;392;52;20;32;2;5;95;0.9859375;0.9912209850727884;0.9696969696969697;0.84375;0.875;0.0;1.0;1.0;;;2.0455684661865234
2026-02-17T10:20:49.482671;mvtec_AD/bottle;cont_30pct_random_patch;0.3;random_patch;10;10;10;3;392;52;20;32;2;5;95;0.9890625000000001;0.9929418133876187;0.9696969696969697;0.8125;0.90625;0.0031250000000000444;-0.0;1.0;;;1.5067381858825684
2026-02-17T10:20:52.369577;mvtec_AD/bottle;cont_30pct_mahalanobis_patch;0.3;mahalanobis_patch;10;10;10;3;392;52;20;32;2;5;95;0.9859375;0.9912209850727884;0.9696969696969697;0.84375;0.84375;0.0;1.0;1.0;;;2.884904146194458
2026-02-17T10:20:53.537014;mvtec_AD/bottle;cont_30pct_oracle_patch;0.3;oracle_patch;10;10;7;3;2352;52;20;32;2;5;95;0.9875;0.9920244364936792;0.9696969696969697;0.8125;0.9375;0.0015625000000000222;0.5;;;;1.1674368381500244
2026-02-17T10:20:56.435568;mvtec_AD/bottle;cont_30pct_ensemble_loo_mahal;0.3;ensemble_loo_mahal;10;10;10;3;392;52;20;32;2;5;95;0.9859375;0.9912209850727884;0.9696969696969697;0.84375;0.875;0.0;1.0;1.0;;;2.8967697620391846
2026-02-17T10:20:58.617663;mvtec_AD/bottle;cont_30pct_cosine_loo;0.3;cosine_loo;10;10;10;3;392;52;20;32;2;5;95;0.9859375;0.9910793760098083;0.9696969696969697;0.8125;0.875;0.0;1.0;1.0;;;2.180088520050049
2026-02-17T10:21:01.859011;mvtec_AD/bottle;cont_0pct_none;0.0;none;20;20;20;0;0;52;20;32;2;5;95;0.9875;0.9922985712796849;0.9696969696969697;0.875;0.875;;;;;;3.149822473526001
2026-02-17T10:21:07.041856;mvtec_AD/bottle;cont_0pct_loo_patch;0.0;loo_patch;20;20;20;0;784;52;20;32;2;5;95;0.9875;0.9922985712796849;0.9696969696969697;0.875;0.875;;;;;;5.18184494972229
2026-02-17T10:21:10.169961;mvtec_AD/bottle;cont_0pct_random_patch;0.0;random_patch;20;20;20;0;784;52;20;32;2;5;95;0.9875;0.9922985712796849;0.9696969696969697;0.875;0.875;;;;;;3.1281049251556396
2026-02-17T10:21:15.277105;mvtec_AD/bottle;cont_0pct_mahalanobis_patch;0.0;mahalanobis_patch;20;20;20;0;784;52;20;32;2;5;95;0.9875;0.9922985712796849;0.9696969696969697;0.875;0.875;;;;;;5.106144189834595
2026-02-17T10:21:15.296622;mvtec_AD/bottle;cont_0pct_oracle_patch;0.0;oracle_patch;20;20;20;0;0;52;20;32;2;5;95;0.9875;0.9922985712796849;0.9696969696969697;0.875;0.875;;;;;;0.01951766014099121
2026-02-17T10:21:20.430043;mvtec_AD/bottle;cont_0pct_ensemble_loo_mahal;0.0;ensemble_loo_mahal;20;20;20;0;784;52;20;32;2;5;95;0.9875;0.9922985712796849;0.9696969696969697;0.875;0.875;;;;;;5.131999969482422
2026-02-17T10:21:25.890011;mvtec_AD/bottle;cont_0pct_cosine_loo;0.0;cosine_loo;20;20;20;0;784;52;20;32;2;5;95;0.9875;0.9922985712796849;0.9696969696969697;0.875;0.875;;;;;;5.458967685699463
2026-02-17T10:21:29.032917;mvtec_AD/bottle;cont_10pct_none;0.1;none;20;20;20;2;0;52;20;32;2;5;95;0.9875;0.9922985712796849;0.9696969696969697;0.875;0.875;0.0;;;;;3.1259021759033203
2026-02-17T10:21:34.164685;mvtec_AD/bottle;cont_10pct_loo_patch;0.1;loo_patch;20;20;20;2;784;52;20;32;2;5;95;0.9875;0.9922985712796849;0.9696969696969697;0.875;0.875;0.0;;1.0;;;5.130768537521362
2026-02-17T10:21:37.125307;mvtec_AD/bottle;cont_10pct_random_patch;0.1;random_patch;20;20;20;2;784;52;20;32;2;5;95;0.9875;0.9922985712796849;0.9696969696969697;0.875;0.875;0.0;;1.0;;;2.958623170852661
2026-02-17T10:21:41.999271;mvtec_AD/bottle;cont_10pct_mahalanobis_patch;0.1;mahalanobis_patch;20;20;20;2;784;52;20;32;2;5;95;0.9875;0.9922985712796849;0.9696969696969697;0.875;0.875;0.0;;1.0;;;4.871959686279297
2026-02-17T10:21:44.877118;mvtec_AD/bottle;cont_10pct_oracle_patch;0.1;oracle_patch;20;20;18;2;1568;52;20;32;2;5;95;0.9875;0.9922985712796849;0.9696969696969697;0.875;0.875;0.0;;;;;2.8765602111816406
2026-02-17T10:21:50.175694;mvtec_AD/bottle;cont_10pct_ensemble_loo_mahal;0.1;ensemble_loo_mahal;20;20;20;2;784;52;20;32;2;5;95;0.9859375;0.9912209850727884;0.9696969696969697;0.84375;0.875;-0.0015625000000000222;;1.0;;;5.297576665878296
2026-02-17T10:21:55.476188;mvtec_AD/bottle;cont_10pct_cosine_loo;0.1;cosine_loo;20;20;20;2;784;52;20;32;2;5;95;0.9859374999999999;0.9914582351452311;0.955223880597015;0.875;0.875;-0.0015625000000001332;;1.0;;;5.298452615737915
2026-02-17T10:21:58.519360;mvtec_AD/bottle;cont_20pct_none;0.2;none;20;20;20;4;0;52;20;32;2;5;95;0.9875;0.9922985712796849;0.9696969696969697;0.875;0.875;0.0;;;;;3.02069091796875
2026-02-17T10:22:03.492167;mvtec_AD/bottle;cont_20pct_loo_patch;0.2;loo_patch;20;20;20;4;784;52;20;32;2;5;95;0.9875;0.9922985712796849;0.9696969696969697;0.875;0.875;0.0;;1.0;;;4.971806287765503
2026-02-17T10:22:06.515479;mvtec_AD/bottle;cont_20pct_random_patch;0.2;random_patch;20;20;20;4;784;52;20;32;2;5;95;0.9875;0.9922985712796849;0.9696969696969697;0.875;0.875;0.0;;1.0;;;3.020810842514038
2026-02-17T10:22:11.771563;mvtec_AD/bottle;cont_20pct_mahalanobis_patch;0.2;mahalanobis_patch;20;20;20;4;784;52;20;32;2;5;95;0.984375;0.9902152379463516;0.9696969696969697;0.84375;0.84375;-0.0031250000000000444;;1.0;;;5.254044771194458
2026-02-17T10:22:14.439731;mvtec_AD/bottle;cont_20pct_oracle_patch;0.2;oracle_patch;20;20;16;4;3136;52;20;32;2;5;95;0.9875;0.9922985712796849;0.9696969696969697;0.875;0.875;0.0;;;;;2.667647123336792
2026-02-17T10:22:19.517253;mvtec_AD/bottle;cont_20pct_ensemble_loo_mahal;0.2;ensemble_loo_mahal;20;20;20;4;784;52;20;32;2;5;95;0.9859375;0.9912209850727884;0.9696969696969697;0.84375;0.875;-0.0015625000000000222;;1.0;;;5.07651162147522
2026-02-17T10:22:24.884561;mvtec_AD/bottle;cont_20pct_cosine_loo;0.2;cosine_loo;20;20;20;4;784;52;20;32;2;5;95;0.9875;0.9922985712796849;0.9696969696969697;0.875;0.875;0.0;;1.0;;;5.365133047103882
2026-02-17T10:22:28.011949;mvtec_AD/bottle;cont_30pct_none;0.3;none;20;20;20;6;0;52;20;32;2;5;95;0.9875;0.9922985712796849;0.9696969696969697;0.875;0.875;0.0;;;;;3.0900990962982178
2026-02-17T10:22:33.246572;mvtec_AD/bottle;cont_30pct_loo_patch;0.3;loo_patch;20;20;20;6;784;52;20;32;2;5;95;0.984375;0.9902152379463516;0.9696969696969697;0.84375;0.84375;-0.0031250000000000444;;1.0;;;5.23262357711792
2026-02-17T10:22:36.166730;mvtec_AD/bottle;cont_30pct_random_patch;0.3;random_patch;20;20;20;6;784;52;20;32;2;5;95;0.9875;0.9922985712796849;0.9696969696969697;0.875;0.875;0.0;;1.0;;;2.918062925338745
2026-02-17T10:22:41.113073;mvtec_AD/bottle;cont_30pct_mahalanobis_patch;0.3;mahalanobis_patch;20;20;20;6;784;52;20;32;2;5;95;0.9875;0.9922985712796849;0.9696969696969697;0.875;0.875;0.0;;1.0;;;4.945338726043701
2026-02-17T10:22:43.317629;mvtec_AD/bottle;cont_30pct_oracle_patch;0.3;oracle_patch;20;20;14;6;4704;52;20;32;2;5;95;0.9859375;0.9912209850727884;0.9696969696969697;0.875;0.875;-0.0015625000000000222;;;;;2.204556465148926
2026-02-17T10:22:48.682998;mvtec_AD/bottle;cont_30pct_ensemble_loo_mahal;0.3;ensemble_loo_mahal;20;20;20;6;784;52;20;32;2;5;95;0.984375;0.9902152379463516;0.9696969696969697;0.84375;0.84375;-0.0031250000000000444;;1.0;;;5.363368034362793
2026-02-17T10:22:53.857987;mvtec_AD/bottle;cont_30pct_cosine_loo;0.3;cosine_loo;20;20;20;6;784;52;20;32;2;5;95;0.9875;0.9922985712796849;0.9696969696969697;0.875;0.875;0.0;;1.0;;;5.172990798950195
2026-02-17T10:22:55.512690;mvtec_AD/bottle;cont_0pct_none;0.0;none;10;10;10;0;0;52;20;32;3;5;95;0.9734375000000001;0.9881326563507415;0.967741935483871;0.9375;0.9375;;;;;;1.5604841709136963
2026-02-17T10:22:57.505337;mvtec_AD/bottle;cont_0pct_loo_patch;0.0;loo_patch;10;10;10;0;392;52;20;32;3;5;95;0.9734375000000001;0.9881326563507415;0.967741935483871;0.9375;0.9375;;;;;;1.9916493892669678
2026-02-17T10:22:58.989485;mvtec_AD/bottle;cont_0pct_random_patch;0.0;random_patch;10;10;10;0;392;52;20;32;3;5;95;0.971875;0.9876893939393939;0.967741935483871;0.9375;0.9375;;;;;;1.4831478595733643
2026-02-17T10:23:01.800769;mvtec_AD/bottle;cont_0pct_mahalanobis_patch;0.0;mahalanobis_patch;10;10;10;0;392;52;20;32;3;5;95;0.9734375;0.9870285516454871;0.9538461538461539;0.875;0.9375;;;;;;2.8102850914001465
2026-02-17T10:23:01.813184;mvtec_AD/bottle;cont_0pct_oracle_patch;0.0;oracle_patch;10;10;10;0;0;52;20;32;3;5;95;0.9734375000000001;0.9881326563507415;0.967741935483871;0.9375;0.9375;;;;;;0.011411428451538086
2026-02-17T10:23:04.622702;mvtec_AD/bottle;cont_0pct_ensemble_loo_mahal;0.0;ensemble_loo_mahal;10;10;10;0;392;52;20;32;3;5;95;0.9734375000000001;0.9881326563507415;0.967741935483871;0.9375;0.9375;;;;;;2.809518814086914
2026-02-17T10:23:06.659125;mvtec_AD/bottle;cont_0pct_cosine_loo;0.0;cosine_loo;10;10;10;0;392;52;20;32;3;5;95;0.9734375000000001;0.9881326563507415;0.967741935483871;0.9375;0.9375;;;;;;2.0364222526550293
2026-02-17T10:23:08.273844;mvtec_AD/bottle;cont_10pct_none;0.1;none;10;10;10;1;0;52;20;32;3;5;95;0.9734375000000001;0.9881326563507415;0.967741935483871;0.9375;0.9375;0.0;;;;;1.605720043182373
2026-02-17T10:23:10.335748;mvtec_AD/bottle;cont_10pct_loo_patch;0.1;loo_patch;10;10;10;1;392;52;20;32;3;5;95;0.9703125;0.9866813294232649;0.9538461538461539;0.90625;0.9375;-0.0031250000000000444;;1.0;;;2.059903144836426
2026-02-17T10:23:11.815329;mvtec_AD/bottle;cont_10pct_random_patch;0.1;random_patch;10;10;10;1;392;52;20;32;3;5;95;0.971875;0.9876893939393939;0.967741935483871;0.9375;0.9375;-0.0015625000000000222;;1.0;;;1.4775769710540771
2026-02-17T10:23:14.742313;mvtec_AD/bottle;cont_10pct_mahalanobis_patch;0.1;mahalanobis_patch;10;10;10;1;392;52;20;32;3;5;95;0.9734375;0.9870285516454871;0.9538461538461539;0.875;0.9375;-1.1102230246251565e-16;;1.0;;;2.924983024597168
2026-02-17T10:23:16.158457;mvtec_AD/bottle;cont_10pct_oracle_patch;0.1;oracle_patch;10;10;9;1;784;52;20;32;3;5;95;0.9734375000000001;0.9881326563507415;0.967741935483871;0.9375;0.9375;0.0;;;;;1.4146382808685303
2026-02-17T10:23:18.995800;mvtec_AD/bottle;cont_10pct_ensemble_loo_mahal;0.1;ensemble_loo_mahal;10;10;10;1;392;52;20;32;3;5;95;0.9718749999999999;0.9865454598580474;0.9538461538461539;0.9375;0.9375;-0.0015625000000001332;;1.0;;;2.83594012260437
2026-02-17T10:23:21.123809;mvtec_AD/bottle;cont_10pct_cosine_loo;0.1;cosine_loo;10;10;10;1;392;52;20;32;3;5;95;0.971875;0.9871245918346124;0.9538461538461539;0.9375;0.9375;-0.0015625000000000222;;1.0;;;2.126479148864746
2026-02-17T10:23:22.747297;mvtec_AD/bottle;cont_20pct_none;0.2;none;10;10;10;2;0;52;20;32;3;5;95;0.971875;0.9876893939393939;0.967741935483871;0.9375;0.9375;-0.0015625000000000222;0.0;;;;1.6123178005218506
2026-02-17T10:23:24.750529;mvtec_AD/bottle;cont_20pct_loo_patch;0.2;loo_patch;10;10;10;2;392;52;20;32;3;5;95;0.96875;0.9856396627565982;0.9538461538461539;0.90625;0.9375;-0.004687500000000067;-2.0;1.0;;;2.001229763031006
2026-02-17T10:23:26.288291;mvtec_AD/bottle;cont_20pct_random_patch;0.2;random_patch;10;10;10;2;392;52;20;32;3;5;95;0.9703125;0.9872642238713667;0.967741935483871;0.9375;0.9375;-0.0031250000000000444;-1.0;1.0;;;1.5357635021209717
2026-02-17T10:23:29.174134;mvtec_AD/bottle;cont_20pct_mahalanobis_patch;0.2;mahalanobis_patch;10;10;10;2;392;52;20;32;3;5;95;0.9703125;0.9854678736511511;0.9538461538461539;0.84375;0.9375;-0.0031250000000000444;-1.0;1.0;;;2.8848440647125244
2026-02-17T10:23:30.419899;mvtec_AD/bottle;cont_20pct_oracle_patch;0.2;oracle_patch;10;10;8;2;1568;52;20;32;3;5;95;0.971875;0.9876893939393939;0.967741935483871;0.9375;0.9375;-0.0015625000000000222;0.0;;;;1.2447640895843506
2026-02-17T10:23:33.233941;mvtec_AD/bottle;cont_20pct_ensemble_loo_mahal;0.2;ensemble_loo_mahal;10;10;10;2;392;52;20;32;3;5;95;0.971875;0.9871245918346124;0.9538461538461539;0.90625;0.9375;-0.0015625000000000222;0.0;1.0;;;2.813041925430298
2026-02-17T10:23:35.332867;mvtec_AD/bottle;cont_20pct_cosine_loo;0.2;cosine_loo;10;10;10;2;392;52;20;32;3;5;95;0.9671875;0.985214492688571;0.9538461538461539;0.90625;0.9375;-0.006250000000000089;-3.0;1.0;;;2.097926139831543
2026-02-17T10:23:36.894475;mvtec_AD/bottle;cont_30pct_none;0.3;none;10;10;10;3;0;52;20;32;3;5;95;0.9765625;0.9890782828282829;0.967741935483871;0.9375;0.9375;0.0031249999999999334;-0.0;;;;1.5483729839324951
2026-02-17T10:23:38.942416;mvtec_AD/bottle;cont_30pct_loo_patch;0.3;loo_patch;10;10;10;3;392;52;20;32;3;5;95;0.9765625;0.9890782828282829;0.967741935483871;0.9375;0.9375;0.0031249999999999334;-0.0;1.0;;;2.0469412803649902
2026-02-17T10:23:40.448479;mvtec_AD/bottle;cont_30pct_random_patch;0.3;random_patch;10;10;10;3;392;52;20;32;3;5;95;0.9734375000000001;0.9881326563507415;0.967741935483871;0.9375;0.9375;0.0;1.0;1.0;;;1.5050628185272217
2026-02-17T10:23:43.322970;mvtec_AD/bottle;cont_30pct_mahalanobis_patch;0.3;mahalanobis_patch;10;10;10;3;392;52;20;32;3;5;95;0.975;0.9880702183121538;0.9538461538461539;0.90625;0.9375;0.0015624999999999112;0.5000000000000178;1.0;;;2.8734912872314453
2026-02-17T10:23:44.494804;mvtec_AD/bottle;cont_30pct_oracle_patch;0.3;oracle_patch;10;10;7;3;2352;52;20;32;3;5;95;0.975;0.9885951910408433;0.967741935483871;0.9375;0.9375;0.0015624999999999112;0.5000000000000178;;;;1.1718339920043945
2026-02-17T10:23:47.354844;mvtec_AD/bottle;cont_30pct_ensemble_loo_mahal;0.3;ensemble_loo_mahal;10;10;10;3;392;52;20;32;3;5;95;0.9765625;0.9890782828282829;0.967741935483871;0.9375;0.9375;0.0031249999999999334;-0.0;1.0;;;2.8590400218963623
2026-02-17T10:23:49.450206;mvtec_AD/bottle;cont_30pct_cosine_loo;0.3;cosine_loo;10;10;10;3;392;52;20;32;3;5;95;0.9765625;0.9890782828282829;0.967741935483871;0.9375;0.9375;0.0031249999999999334;-0.0;1.0;;;2.0943284034729004
2026-02-17T10:23:52.598622;mvtec_AD/bottle;cont_0pct_none;0.0;none;20;20;20;0;0;52;20;32;3;5;95;0.984375;0.9918560606060607;0.967741935483871;0.9375;0.9375;;;;;;3.045945882797241
2026-02-17T10:23:57.654840;mvtec_AD/bottle;cont_0pct_loo_patch;0.0;loo_patch;20;20;20;0;784;52;20;32;3;5;95;0.98125;0.9906655844155844;0.967741935483871;0.9375;0.9375;;;;;;5.055127859115601
2026-02-17T10:24:00.614651;mvtec_AD/bottle;cont_0pct_random_patch;0.0;random_patch;20;20;20;0;784;52;20;32;3;5;95;0.9828125;0.9908479960899316;0.9538461538461539;0.90625;0.9375;;;;;;2.9588119983673096
2026-02-17T10:24:05.632907;mvtec_AD/bottle;cont_0pct_mahalanobis_patch;0.0;mahalanobis_patch;20;20;20;0;784;52;20;32;3;5;95;0.9765625;0.9885752688172044;0.9538461538461539;0.90625;0.9375;;;;;;5.018256187438965
2026-02-17T10:24:05.653157;mvtec_AD/bottle;cont_0pct_oracle_patch;0.0;oracle_patch;20;20;20;0;0;52;20;32;3;5;95;0.984375;0.9918560606060607;0.967741935483871;0.9375;0.9375;;;;;;0.01924896240234375
2026-02-17T10:24:10.774747;mvtec_AD/bottle;cont_0pct_ensemble_loo_mahal;0.0;ensemble_loo_mahal;20;20;20;0;784;52;20;32;3;5;95;0.975;0.9875336021505376;0.9538461538461539;0.90625;0.9375;;;;;;5.1205894947052
2026-02-17T10:24:16.030843;mvtec_AD/bottle;cont_0pct_cosine_loo;0.0;cosine_loo;20;20;20;0;784;52;20;32;3;5;95;0.98125;0.9906655844155844;0.967741935483871;0.9375;0.9375;;;;;;5.255097150802612
2026-02-17T10:24:19.159300;mvtec_AD/bottle;cont_10pct_none;0.1;none;20;20;20;2;0;52;20;32;3;5;95;0.9796875;0.9892931795084996;0.9538461538461539;0.90625;0.90625;-0.004687499999999956;0.0;;;;3.112457752227783
2026-02-17T10:24:24.328596;mvtec_AD/bottle;cont_10pct_loo_patch;0.1;loo_patch;20;20;20;2;784;52;20;32;3;5;95;0.9812500000000001;0.9902382399923706;0.9538461538461539;0.90625;0.9375;-0.0031249999999999334;0.33333333333334125;1.0;;;5.167283535003662
2026-02-17T10:24:27.426576;mvtec_AD/bottle;cont_10pct_random_patch;0.1;random_patch;20;20;20;2;784;52;20;32;3;5;95;0.9796875;0.9892931795084996;0.9538461538461539;0.90625;0.90625;-0.004687499999999956;0.0;1.0;;;3.095982551574707
2026-02-17T10:24:32.423848;mvtec_AD/bottle;cont_10pct_mahalanobis_patch;0.1;mahalanobis_patch;20;20;20;2;784;52;20;32;3;5;95;0.9796875;0.9891965733257039;0.9538461538461539;0.9375;0.9375;-0.004687499999999956;0.0;1.0;;;4.995273113250732
2026-02-17T10:24:35.249317;mvtec_AD/bottle;cont_10pct_oracle_patch;0.1;oracle_patch;20;20;18;2;1568;52;20;32;3;5;95;0.9796875;0.9892931795084996;0.9538461538461539;0.90625;0.90625;-0.004687499999999956;0.0;;;;2.8244688510894775
2026-02-17T10:24:40.346796;mvtec_AD/bottle;cont_10pct_ensemble_loo_mahal;0.1;ensemble_loo_mahal;20;20;20;2;784;52;20;32;3;5;95;0.9812500000000001;0.9902382399923706;0.9538461538461539;0.90625;0.9375;-0.0031249999999999334;0.33333333333334125;1.0;;;5.09548020362854
2026-02-17T10:24:45.767186;mvtec_AD/bottle;cont_10pct_cosine_loo;0.1;cosine_loo;20;20;20;2;784;52;20;32;3;5;95;0.9828125000000001;0.9912463045084996;0.967741935483871;0.9375;0.9375;-0.0015624999999999112;0.6666666666666825;1.0;;;5.4183900356292725
2026-02-17T10:24:48.849019;mvtec_AD/bottle;cont_20pct_none;0.2;none;20;20;20;4;0;52;20;32;3;5;95;0.9859375;0.9924970862470863;0.967741935483871;0.9375;0.9375;0.0015625000000000222;-0.0;;;;3.0598316192626953
2026-02-17T10:24:53.897171;mvtec_AD/bottle;cont_20pct_loo_patch;0.2;loo_patch;20;20;20;4;784;52;20;32;3;5;95;0.984375;0.9914890217309572;0.9538461538461539;0.9375;0.9375;0.0;1.0;1.0;;;5.047152757644653
2026-02-17T10:24:56.816135;mvtec_AD/bottle;cont_20pct_random_patch;0.2;random_patch;20;20;20;4;784;52;20;32;3;5;95;0.984375;0.9918560606060607;0.967741935483871;0.9375;0.9375;0.0;1.0;1.0;;;2.9169631004333496
2026-02-17T10:25:01.875854;mvtec_AD/bottle;cont_20pct_mahalanobis_patch;0.2;mahalanobis_patch;20;20;20;4;784;52;20;32;3;5;95;0.9828125000000001;0.9912463045084996;0.967741935483871;0.9375;0.9375;-0.0015624999999999112;1.999999999999929;1.0;;;5.057711362838745
2026-02-17T10:25:04.415571;mvtec_AD/bottle;cont_20pct_oracle_patch;0.2;oracle_patch;20;20;16;4;3136;52;20;32;3;5;95;0.9828125;0.9908479960899316;0.9538461538461539;0.90625;0.9375;-0.0015625000000000222;2.0;;;;2.538717269897461
2026-02-17T10:25:09.627226;mvtec_AD/bottle;cont_20pct_ensemble_loo_mahal;0.2;ensemble_loo_mahal;20;20;20;4;784;52;20;32;3;5;95;0.9859375;0.9924970862470863;0.967741935483871;0.9375;0.9375;0.0015625000000000222;-0.0;1.0;;;5.2096545696258545
2026-02-17T10:25:15.019146;mvtec_AD/bottle;cont_20pct_cosine_loo;0.2;cosine_loo;20;20;20;4;784;52;20;32;3;5;95;0.9859375;0.9924970862470863;0.967741935483871;0.9375;0.9375;0.0015625000000000222;-0.0;1.0;;;5.389913558959961
2026-02-17T10:25:18.213722;mvtec_AD/bottle;cont_30pct_none;0.3;none;20;20;20;6;0;52;20;32;3;5;95;0.9828125;0.9908479960899316;0.9538461538461539;0.90625;0.9375;-0.0015625000000000222;0.0;;;;3.1670773029327393
2026-02-17T10:25:23.323136;mvtec_AD/bottle;cont_30pct_loo_patch;0.3;loo_patch;20;20;20;6;784;52;20;32;3;5;95;0.9828125;0.9908479960899316;0.9538461538461539;0.90625;0.9375;-0.0015625000000000222;0.0;1.0;;;5.108414173126221
2026-02-17T10:25:26.306281;mvtec_AD/bottle;cont_30pct_random_patch;0.3;random_patch;20;20;20;6;784;52;20;32;3;5;95;0.9828125;0.9908479960899316;0.9538461538461539;0.90625;0.9375;-0.0015625000000000222;0.0;1.0;;;2.9811439514160156
2026-02-17T10:25:31.269990;mvtec_AD/bottle;cont_30pct_mahalanobis_patch;0.3;mahalanobis_patch;20;20;20;6;784;52;20;32;3;5;95;0.984375;0.9918560606060607;0.967741935483871;0.9375;0.9375;0.0;1.0;1.0;;;4.96271014213562
2026-02-17T10:25:33.453058;mvtec_AD/bottle;cont_30pct_oracle_patch;0.3;oracle_patch;20;20;14;6;4704;52;20;32;3;5;95;0.98125;0.9899029356060607;0.9538461538461539;0.90625;0.90625;-0.0031250000000000444;-1.0;;;;2.182067394256592
2026-02-17T10:25:38.396706;mvtec_AD/bottle;cont_30pct_ensemble_loo_mahal;0.3;ensemble_loo_mahal;20;20;20;6;784;52;20;32;3;5;95;0.98125;0.9899029356060607;0.9538461538461539;0.90625;0.90625;-0.0031250000000000444;-1.0;1.0;;;4.941647291183472
2026-02-17T10:25:43.864142;mvtec_AD/bottle;cont_30pct_cosine_loo;0.3;cosine_loo;20;20;20;6;784;52;20;32;3;5;95;0.9828125;0.9908479960899316;0.9538461538461539;0.90625;0.9375;-0.0015625000000000222;0.0;1.0;;;5.466436147689819
2026-02-17T10:25:45.503986;mvtec_AD/bottle;cont_0pct_none;0.0;none;10;10;10;0;0;52;20;32;4;5;95;0.9781249999999999;0.9878178903140203;0.9508196721311475;0.90625;0.90625;;;;;;1.549635648727417
2026-02-17T10:25:47.503917;mvtec_AD/bottle;cont_0pct_loo_patch;0.0;loo_patch;10;10;10;0;392;52;20;32;4;5;95;0.9703124999999999;0.9839412549989407;0.9375;0.84375;0.875;;;;;;1.998931884765625
2026-02-17T10:25:49.001370;mvtec_AD/bottle;cont_0pct_random_patch;0.0;random_patch;10;10;10;0;392;52;20;32;4;5;95;0.9796875;0.9885291278673631;0.9508196721311475;0.90625;0.90625;;;;;;1.4964065551757812
2026-02-17T10:25:51.853492;mvtec_AD/bottle;cont_0pct_mahalanobis_patch;0.0;mahalanobis_patch;10;10;10;0;392;52;20;32;4;5;95;0.9796875;0.987972833846696;0.9393939393939394;0.84375;0.875;;;;;;2.852121591567993
2026-02-17T10:25:51.865996;mvtec_AD/bottle;cont_0pct_oracle_patch;0.0;oracle_patch;10;10;10;0;0;52;20;32;4;5;95;0.9781249999999999;0.9878178903140203;0.9508196721311475;0.90625;0.90625;;;;;;0.010991096496582031
2026-02-17T10:25:54.654336;mvtec_AD/bottle;cont_0pct_ensemble_loo_mahal;0.0;ensemble_loo_mahal;10;10;10;0;392;52;20;32;4;5;95;0.975;0.985470761032123;0.9393939393939394;0.84375;0.875;;;;;;2.787818193435669
2026-02-17T10:25:56.732521;mvtec_AD/bottle;cont_0pct_cosine_loo;0.0;cosine_loo;10;10;10;0;392;52;20;32;4;5;95;0.9671875000000001;0.9816825580750491;0.9253731343283582;0.8125;0.875;;;;;;2.077183961868286
2026-02-17T10:25:58.307799;mvtec_AD/bottle;cont_10pct_none;0.1;none;10;10;10;1;0;52;20;32;4;5;95;0.9703124999999999;0.9836139987604238;0.9354838709677419;0.84375;0.90625;-0.0078125;0.0;;;;1.5652780532836914
2026-02-17T10:26:00.341919;mvtec_AD/bottle;cont_10pct_loo_patch;0.1;loo_patch;10;10;10;1;392;52;20;32;4;5;95;0.96875;0.98262844387451;0.9253731343283582;0.84375;0.84375;-0.009374999999999911;-0.19999999999998863;1.0;;;2.032118797302246
2026-02-17T10:26:01.818544;mvtec_AD/bottle;cont_10pct_random_patch;0.1;random_patch;10;10;10;1;392;52;20;32;4;5;95;0.96875;0.9828867089706339;0.9354838709677419;0.84375;0.90625;-0.009374999999999911;-0.19999999999998863;1.0;;;1.4756247997283936
2026-02-17T10:26:04.694476;mvtec_AD/bottle;cont_10pct_mahalanobis_patch;0.1;mahalanobis_patch;10;10;10;1;392;52;20;32;4;5;95;0.9781249999999999;0.9874502460079315;0.9538461538461539;0.875;0.875;0.0;1.0;1.0;;;2.8749327659606934
2026-02-17T10:26:06.237418;mvtec_AD/bottle;cont_10pct_oracle_patch;0.1;oracle_patch;10;10;9;1;784;52;20;32;4;5;95;0.9749999999999999;0.9856986374404572;0.9354838709677419;0.875;0.90625;-0.0031250000000000444;0.5999999999999943;;;;1.5429425239562988
2026-02-17T10:26:09.100484;mvtec_AD/bottle;cont_10pct_ensemble_loo_mahal;0.1;ensemble_loo_mahal;10;10;10;1;392;52;20;32;4;5;95;0.9734375;0.9847670097040057;0.9375;0.84375;0.84375;-0.004687499999999956;0.4000000000000057;1.0;;;2.8610644340515137
2026-02-17T10:26:11.203374;mvtec_AD/bottle;cont_10pct_cosine_loo;0.1;cosine_loo;10;10;10;1;392;52;20;32;4;5;95;0.9671875000000001;0.9817928823771838;0.9253731343283582;0.84375;0.84375;-0.010937499999999822;-0.39999999999997726;1.0;;;2.1008899211883545
2026-02-17T10:26:12.841008;mvtec_AD/bottle;cont_20pct_none;0.2;none;10;10;10;2;0;52;20;32;4;5;95;0.9734375;0.9852184094640992;0.9354838709677419;0.875;0.90625;-0.004687499999999956;0.0;;;;1.6266331672668457
2026-02-17T10:26:14.908675;mvtec_AD/bottle;cont_20pct_loo_patch;0.2;loo_patch;10;10;10;2;392;52;20;32;4;5;95;0.9703125;0.9830436641157704;0.9253731343283582;0.84375;0.84375;-0.007812499999999889;-0.6666666666666587;1.0;;;2.065666913986206
2026-02-17T10:26:16.424176;mvtec_AD/bottle;cont_20pct_random_patch;0.2;random_patch;10;10;10;2;392;52;20;32;4;5;95;0.9749999999999999;0.9856986374404572;0.9354838709677419;0.875;0.90625;-0.0031250000000000444;0.33333333333331755;1.0;;;1.513500690460205
2026-02-17T10:26:19.292306;mvtec_AD/bottle;cont_20pct_mahalanobis_patch;0.2;mahalanobis_patch;10;10;10;2;392;52;20;32;4;5;95;0.9718749999999999;0.983718427948429;0.9253731343283582;0.84375;0.84375;-0.006249999999999978;-0.33333333333334125;1.0;;;2.866105079650879
2026-02-17T10:26:20.580599;mvtec_AD/bottle;cont_20pct_oracle_patch;0.2;oracle_patch;10;10;8;2;1568;52;20;32;4;5;95;0.9781249999999999;0.9874219830286924;0.9375;0.875;0.90625;0.0;1.0;;;;1.2882931232452393
2026-02-17T10:26:23.394571;mvtec_AD/bottle;cont_20pct_ensemble_loo_mahal;0.2;ensemble_loo_mahal;10;10;10;2;392;52;20;32;4;5;95;0.9703125;0.983238199972071;0.9253731343283582;0.84375;0.84375;-0.007812499999999889;-0.6666666666666587;1.0;;;2.8129725456237793
2026-02-17T10:26:25.455806;mvtec_AD/bottle;cont_20pct_cosine_loo;0.2;cosine_loo;10;10;10;2;392;52;20;32;4;5;95;0.96875;0.9827986295036206;0.9253731343283582;0.84375;0.875;-0.009374999999999911;-1.0;1.0;;;2.0592291355133057
2026-02-17T10:26:27.037140;mvtec_AD/bottle;cont_30pct_none;0.3;none;10;10;10;3;0;52;20;32;4;5;95;0.9703124999999999;0.9843914228891447;0.9393939393939394;0.875;0.875;-0.0078125;0.0;;;;1.5669581890106201
2026-02-17T10:26:29.036674;mvtec_AD/bottle;cont_30pct_loo_patch;0.3;loo_patch;10;10;10;3;392;52;20;32;4;5;95;0.9640625;0.980750641086928;0.9253731343283582;0.84375;0.875;-0.014062499999999867;-0.799999999999983;1.0;;;1.9980063438415527
2026-02-17T10:26:30.561914;mvtec_AD/bottle;cont_30pct_random_patch;0.3;random_patch;10;10;10;3;392;52;20;32;4;5;95;0.9703125;0.9836341910009467;0.9253731343283582;0.875;0.875;-0.007812499999999889;1.4210854715202004e-14;1.0;;;1.523240327835083
2026-02-17T10:26:33.414647;mvtec_AD/bottle;cont_30pct_mahalanobis_patch;0.3;mahalanobis_patch;10;10;10;3;392;52;20;32;4;5;95;0.9671875;0.9822179094107053;0.9253731343283582;0.84375;0.875;-0.010937499999999933;-0.3999999999999915;1.0;;;2.8507347106933594
2026-02-17T10:26:34.529460;mvtec_AD/bottle;cont_30pct_oracle_patch;0.3;oracle_patch;10;10;7;3;2352;52;20;32;4;5;95;0.9796875;0.9880595121213782;0.9393939393939394;0.875;0.90625;0.0015625000000001332;1.200000000000017;;;;1.1148123741149902
2026-02-17T10:26:37.330476;mvtec_AD/bottle;cont_30pct_ensemble_loo_mahal;0.3;ensemble_loo_mahal;10;10;10;3;392;52;20;32;4;5;95;0.9671875000000001;0.9818850710358786;0.9253731343283582;0.875;0.875;-0.010937499999999822;-0.39999999999997726;1.0;;;2.7989723682403564
2026-02-17T10:26:39.350375;mvtec_AD/bottle;cont_30pct_cosine_loo;0.3;cosine_loo;10;10;10;3;392;52;20;32;4;5;95;0.9640625;0.980750641086928;0.9253731343283582;0.84375;0.875;-0.014062499999999867;-0.799999999999983;1.0;;;2.018372058868408
2026-02-17T10:26:42.498264;mvtec_AD/bottle;cont_0pct_none;0.0;none;20;20;20;0;0;52;20;32;4;5;95;0.978125;0.9884016577060932;0.9523809523809523;0.90625;0.9375;;;;;;3.0405566692352295
2026-02-17T10:26:47.596804;mvtec_AD/bottle;cont_0pct_loo_patch;0.0;loo_patch;20;20;20;0;784;52;20;32;4;5;95;0.9703125;0.9841034223026134;0.9375;0.875;0.875;;;;;;5.098540306091309
2026-02-17T10:26:50.460439;mvtec_AD/bottle;cont_0pct_random_patch;0.0;random_patch;20;20;20;0;784;52;20;32;4;5;95;0.9765625;0.9874565972222222;0.9508196721311475;0.90625;0.90625;;;;;;2.8626275062561035
2026-02-17T10:26:55.514692;mvtec_AD/bottle;cont_0pct_mahalanobis_patch;0.0;mahalanobis_patch;20;20;20;0;784;52;20;32;4;5;95;0.9703124999999999;0.9835876064545026;0.9375;0.875;0.875;;;;;;5.053250074386597
2026-02-17T10:26:55.536202;mvtec_AD/bottle;cont_0pct_oracle_patch;0.0;oracle_patch;20;20;20;0;0;52;20;32;4;5;95;0.978125;0.9884016577060932;0.9523809523809523;0.90625;0.9375;;;;;;0.02051067352294922
2026-02-17T10:27:00.470453;mvtec_AD/bottle;cont_0pct_ensemble_loo_mahal;0.0;ensemble_loo_mahal;20;20;20;0;784;52;20;32;4;5;95;0.9749999999999999;0.9860289678738585;0.9375;0.875;0.875;;;;;;4.934251546859741
2026-02-17T10:27:05.791279;mvtec_AD/bottle;cont_0pct_cosine_loo;0.0;cosine_loo;20;20;20;0;784;52;20;32;4;5;95;0.978125;0.9874674952169912;0.9375;0.875;0.875;;;;;;5.319824695587158
2026-02-17T10:27:08.856989;mvtec_AD/bottle;cont_10pct_none;0.1;none;20;20;20;2;0;52;20;32;4;5;95;0.9796874999999999;0.9886757805131108;0.9523809523809523;0.875;0.9375;0.0015624999999999112;-0.0;;;;3.0488834381103516
2026-02-17T10:27:13.845203;mvtec_AD/bottle;cont_10pct_loo_patch;0.1;loo_patch;20;20;20;2;784;52;20;32;4;5;95;0.9750000000000001;0.9860814938309898;0.9375;0.875;0.875;-0.0031249999999999334;3.000000000000071;1.0;;;4.9862120151519775
2026-02-17T10:27:16.786510;mvtec_AD/bottle;cont_10pct_random_patch;0.1;random_patch;20;20;20;2;784;52;20;32;4;5;95;0.98125;0.9897174471797774;0.9523809523809523;0.90625;0.9375;0.0031249999999999334;-1.000000000000071;1.0;;;2.940305233001709
2026-02-17T10:27:21.876451;mvtec_AD/bottle;cont_10pct_mahalanobis_patch;0.1;mahalanobis_patch;20;20;20;2;784;52;20;32;4;5;95;0.971875;0.9842766178343034;0.9375;0.84375;0.875;-0.006249999999999978;5.000000000000213;1.0;;;5.0879435539245605
2026-02-17T10:27:24.653439;mvtec_AD/bottle;cont_10pct_oracle_patch;0.1;oracle_patch;20;20;18;2;1568;52;20;32;4;5;95;0.9796875;0.9890426833471189;0.9523809523809523;0.90625;0.9375;0.0015625000000000222;-7.105427357601406e-14;;;;2.7769875526428223
2026-02-17T10:27:29.666619;mvtec_AD/bottle;cont_10pct_ensemble_loo_mahal;0.1;ensemble_loo_mahal;20;20;20;2;784;52;20;32;4;5;95;0.971875;0.9846651926613992;0.9375;0.875;0.875;-0.006249999999999978;5.000000000000213;1.0;;;5.0111799240112305
2026-02-17T10:27:34.999747;mvtec_AD/bottle;cont_10pct_cosine_loo;0.1;cosine_loo;20;20;20;2;784;52;20;32;4;5;95;0.9796875;0.9882363444233404;0.9375;0.875;0.875;0.0015625000000000222;-7.105427357601406e-14;1.0;;;5.331122875213623
2026-02-17T10:27:38.103092;mvtec_AD/bottle;cont_20pct_none;0.2;none;20;20;20;4;0;52;20;32;4;5;95;0.9640625;0.9809593909012735;0.9333333333333333;0.875;0.875;-0.014062499999999978;0.0;;;;3.080360174179077
2026-02-17T10:27:43.241101;mvtec_AD/bottle;cont_20pct_loo_patch;0.2;loo_patch;20;20;20;4;784;52;20;32;4;5;95;0.9671875;0.9823008214321383;0.9333333333333333;0.875;0.875;-0.010937500000000044;0.22222222222221782;1.0;;;5.137007713317871
2026-02-17T10:27:46.253720;mvtec_AD/bottle;cont_20pct_random_patch;0.2;random_patch;20;20;20;4;784;52;20;32;4;5;95;0.9703125000000001;0.9841901005772957;0.9354838709677419;0.875;0.875;-0.007812499999999889;0.44444444444445147;1.0;;;3.0101137161254883
2026-02-17T10:27:51.407356;mvtec_AD/bottle;cont_20pct_mahalanobis_patch;0.2;mahalanobis_patch;20;20;20;4;784;52;20;32;4;5;95;0.96875;0.9834144109228126;0.9375;0.875;0.875;-0.009375000000000022;0.3333333333333307;1.0;;;5.1526360511779785
2026-02-17T10:27:53.913334;mvtec_AD/bottle;cont_20pct_oracle_patch;0.2;oracle_patch;20;20;16;4;3136;52;20;32;4;5;95;0.978125;0.9885607508148815;0.9523809523809523;0.90625;0.9375;0.0;1.0;;;;2.504977226257324
2026-02-17T10:27:58.812343;mvtec_AD/bottle;cont_20pct_ensemble_loo_mahal;0.2;ensemble_loo_mahal;20;20;20;4;784;52;20;32;4;5;95;0.96875;0.9834144109228126;0.9375;0.875;0.875;-0.009375000000000022;0.3333333333333307;1.0;;;4.8970067501068115
2026-02-17T10:28:04.201135;mvtec_AD/bottle;cont_20pct_cosine_loo;0.2;cosine_loo;20;20;20;4;784;52;20;32;4;5;95;0.965625;0.9816471439692502;0.9333333333333333;0.875;0.875;-0.012500000000000067;0.11111111111110497;1.0;;;5.387791156768799
2026-02-17T10:28:07.339827;mvtec_AD/bottle;cont_30pct_none;0.3;none;20;20;20;6;0;52;20;32;4;5;95;0.9671875000000001;0.9823020797439623;0.9333333333333333;0.875;0.875;-0.010937499999999933;0.0;;;;3.1142616271972656
2026-02-17T10:28:12.416963;mvtec_AD/bottle;cont_30pct_loo_patch;0.3;loo_patch;20;20;20;6;784;52;20;32;4;5;95;0.96875;0.9832156382117043;0.9333333333333333;0.875;0.875;-0.009375000000000022;0.1428571428571356;1.0;;;5.07613468170166
2026-02-17T10:28:15.370064;mvtec_AD/bottle;cont_30pct_random_patch;0.3;random_patch;20;20;20;6;784;52;20;32;4;5;95;0.971875;0.9847117772078433;0.9333333333333333;0.875;0.875;-0.006249999999999978;0.4285714285714271;1.0;;;2.950592041015625
2026-02-17T10:28:20.322099;mvtec_AD/bottle;cont_30pct_mahalanobis_patch;0.3;mahalanobis_patch;20;20;20;6;784;52;20;32;4;5;95;0.9703124999999999;0.9841310571149281;0.9333333333333333;0.875;0.875;-0.007812500000000111;0.2857142857142712;1.0;;;4.950024127960205
2026-02-17T10:28:22.552718;mvtec_AD/bottle;cont_30pct_oracle_patch;0.3;oracle_patch;20;20;14;6;4704;52;20;32;4;5;95;0.9765625;0.9877919016085323;0.9523809523809523;0.90625;0.9375;-0.0015625000000000222;0.8571428571428542;;;;2.230618953704834
2026-02-17T10:28:27.555950;mvtec_AD/bottle;cont_30pct_ensemble_loo_mahal;0.3;ensemble_loo_mahal;20;20;20;6;784;52;20;32;4;5;95;0.971875;0.9847117772078433;0.9333333333333333;0.875;0.875;-0.006249999999999978;0.4285714285714271;1.0;;;5.001230955123901
2026-02-17T10:28:33.054163;mvtec_AD/bottle;cont_30pct_cosine_loo;0.3;cosine_loo;20;20;20;6;784;52;20;32;4;5;95;0.96875;0.9832156382117043;0.9333333333333333;0.875;0.875;-0.009375000000000022;0.1428571428571356;1.0;;;5.496212959289551
2026-02-17T10:28:36.772292;mvtec_AD/cable;cont_10pct_none;0.1;none;10;10;10;1;0;104;58;46;0;5;95;0.9280359820089955;0.9346114977574385;0.8604651162790697;0.6739130434782609;0.8043478260869565;;;;;;3.0879065990448
2026-02-17T10:28:40.228726;mvtec_AD/cable;cont_10pct_loo_patch;0.1;loo_patch;10;10;10;1;392;104;58;46;0;5;95;0.9231634182908546;0.9303408593444427;0.8636363636363636;0.6521739130434783;0.8043478260869565;;;0.6666666666666667;;;3.455434560775757
2026-02-17T10:28:43.274797;mvtec_AD/cable;cont_10pct_random_patch;0.1;random_patch;10;10;10;1;392;104;58;46;0;5;95;0.9280359820089955;0.934370815784869;0.8735632183908046;0.6739130434782609;0.8043478260869565;;;0.6666666666666667;;;3.0440337657928467
2026-02-17T10:28:47.657958;mvtec_AD/cable;cont_10pct_mahalanobis_patch;0.1;mahalanobis_patch;10;10;10;1;392;104;58;46;0;5;95;0.9265367316341828;0.931343187417193;0.8636363636363636;0.6304347826086957;0.782608695652174;;;0.6666666666666667;;;4.381103515625
2026-02-17T10:28:50.476919;mvtec_AD/cable;cont_10pct_oracle_patch;0.1;oracle_patch;10;10;9;1;784;104;58;46;0;5;95;0.9231634182908546;0.9300237777000075;0.8666666666666666;0.6956521739130435;0.717391304347826;;;;;;2.8184478282928467
2026-02-17T10:28:54.740466;mvtec_AD/cable;cont_10pct_ensemble_loo_mahal;0.1;ensemble_loo_mahal;10;10;10;1;392;104;58;46;0;5;95;0.9254122938530734;0.931069487725874;0.8604651162790697;0.6304347826086957;0.782608695652174;;;0.6666666666666667;;;4.262028217315674
2026-02-17T10:28:58.355884;mvtec_AD/cable;cont_10pct_cosine_loo;0.1;cosine_loo;10;10;10;1;392;104;58;46;0;5;95;0.9190404797601199;0.9283354539352574;0.8636363636363636;0.6739130434782609;0.7608695652173914;;;0.6666666666666667;;;3.614417552947998
2026-02-17T10:29:01.525137;mvtec_AD/cable;cont_30pct_none;0.3;none;10;10;10;3;0;104;58;46;0;5;95;0.9239130434782608;0.9312841529625118;0.8602150537634409;0.6521739130434783;0.7608695652173914;;;;;;3.1452438831329346
2026-02-17T10:29:04.970197;mvtec_AD/cable;cont_30pct_loo_patch;0.3;loo_patch;10;10;10;3;392;104;58;46;0;5;95;0.8958020989505248;0.8984780135992216;0.8163265306122449;0.5652173913043478;0.6739130434782609;;;0.9047619047619048;;;3.4430603981018066
2026-02-17T10:29:07.873217;mvtec_AD/cable;cont_30pct_random_patch;0.3;random_patch;10;10;10;3;392;104;58;46;0;5;95;0.9257871064467766;0.9352191067335514;0.8695652173913043;0.717391304347826;0.782608695652174;;;0.9047619047619048;;;2.900986433029175
2026-02-17T10:29:12.214243;mvtec_AD/cable;cont_30pct_mahalanobis_patch;0.3;mahalanobis_patch;10;10;10;3;392;104;58;46;0;5;95;0.9257871064467766;0.9325992836508478;0.8695652173913043;0.6739130434782609;0.782608695652174;;;0.9047619047619048;;;4.3389952182769775
2026-02-17T10:29:14.396713;mvtec_AD/cable;cont_30pct_oracle_patch;0.3;oracle_patch;10;10;7;3;2352;104;58;46;0;5;95;0.9332833583208395;0.9380844685870937;0.8764044943820224;0.6739130434782609;0.8043478260869565;;;;;;2.1814701557159424
2026-02-17T10:29:18.664132;mvtec_AD/cable;cont_30pct_ensemble_loo_mahal;0.3;ensemble_loo_mahal;10;10;10;3;392;104;58;46;0;5;95;0.9070464767616192;0.9105360956100291;0.8333333333333333;0.5869565217391305;0.6956521739130435;;;0.9047619047619048;;;4.265415668487549
2026-02-17T10:29:22.180828;mvtec_AD/cable;cont_30pct_cosine_loo;0.3;cosine_loo;10;10;10;3;392;104;58;46;0;5;95;0.8778110944527736;0.8797330431143559;0.7865168539325844;0.5217391304347826;0.5434782608695652;;;0.9047619047619048;;;3.5146963596343994
2026-02-17T10:29:28.424834;mvtec_AD/cable;cont_0pct_none;0.0;none;20;20;20;0;0;104;58;46;0;5;95;0.9220389805097451;0.9253664127421553;0.8541666666666666;0.6521739130434783;0.717391304347826;;;;;;6.100707769393921
2026-02-17T10:29:36.356638;mvtec_AD/cable;cont_0pct_loo_patch;0.0;loo_patch;20;20;20;0;784;104;58;46;0;5;95;0.919415292353823;0.9260025678755988;0.8541666666666666;0.6521739130434783;0.7391304347826086;;;;;;7.930803537368774
2026-02-17T10:29:42.141959;mvtec_AD/cable;cont_0pct_random_patch;0.0;random_patch;20;20;20;0;784;104;58;46;0;5;95;0.9209145427286356;0.9266389776599738;0.8541666666666666;0.6521739130434783;0.7391304347826086;;;;;;5.784321308135986
2026-02-17T10:29:50.422693;mvtec_AD/cable;cont_0pct_mahalanobis_patch;0.0;mahalanobis_patch;20;20;20;0;784;104;58;46;0;5;95;0.9299100449775113;0.9330519516433577;0.8631578947368421;0.6304347826086957;0.7608695652173914;;;;;;8.279734134674072
2026-02-17T10:29:50.442686;mvtec_AD/cable;cont_0pct_oracle_patch;0.0;oracle_patch;20;20;20;0;0;104;58;46;0;5;95;0.9220389805097451;0.9253664127421553;0.8541666666666666;0.6521739130434783;0.717391304347826;;;;;;0.01999354362487793
2026-02-17T10:29:58.430688;mvtec_AD/cable;cont_0pct_ensemble_loo_mahal;0.0;ensemble_loo_mahal;20;20;20;0;784;104;58;46;0;5;95;0.9250374812593704;0.9290355096461504;0.8541666666666666;0.6304347826086957;0.717391304347826;;;;;;7.987000465393066
2026-02-17T10:30:06.489744;mvtec_AD/cable;cont_0pct_cosine_loo;0.0;cosine_loo;20;20;20;0;784;104;58;46;0;5;95;0.9194152923538231;0.9265877151487998;0.8478260869565218;0.6521739130434783;0.7608695652173914;;;;;;8.058055639266968
2026-02-17T10:30:12.759553;mvtec_AD/cable;cont_10pct_none;0.1;none;20;20;20;2;0;104;58;46;0;5;95;0.9351574212893553;0.9351970645528143;0.8571428571428571;0.6304347826086957;0.7391304347826086;0.013118440779610219;-0.0;;;;6.252812385559082
2026-02-17T10:30:20.699863;mvtec_AD/cable;cont_10pct_loo_patch;0.1;loo_patch;20;20;20;2;784;104;58;46;0;5;95;0.9336581709145427;0.9363984423841465;0.8602150537634409;0.6739130434782609;0.7608695652173914;0.011619190404797641;0.11428571428571284;1.0;;;7.938312768936157
2026-02-17T10:30:26.608896;mvtec_AD/cable;cont_10pct_random_patch;0.1;random_patch;20;20;20;2;784;104;58;46;0;5;95;0.9355322338830585;0.9363870162123797;0.8602150537634409;0.6304347826086957;0.7608695652173914;0.013493253373313419;-0.02857142857143244;1.0;;;5.9090330600738525
2026-02-17T10:30:34.558527;mvtec_AD/cable;cont_10pct_mahalanobis_patch;0.1;mahalanobis_patch;20;20;20;2;784;104;58;46;0;5;95;0.9422788605697151;0.9403928556969012;0.865979381443299;0.6304347826086957;0.7391304347826086;0.020239880059970017;-0.5428571428571402;1.0;;;7.947416067123413
2026-02-17T10:30:40.067268;mvtec_AD/cable;cont_10pct_oracle_patch;0.1;oracle_patch;20;20;18;2;1568;104;58;46;0;5;95;0.931784107946027;0.9329721153345165;0.8541666666666666;0.6956521739130435;0.6956521739130435;0.009745127436281864;0.2571428571428581;;;;5.507735729217529
2026-02-17T10:30:48.058529;mvtec_AD/cable;cont_10pct_ensemble_loo_mahal;0.1;ensemble_loo_mahal;20;20;20;2;784;104;58;46;0;5;95;0.936656671664168;0.9390432186116886;0.865979381443299;0.6739130434782609;0.7391304347826086;0.014617691154422907;-0.1142857142857213;1.0;;;7.990223407745361
2026-02-17T10:30:56.143746;mvtec_AD/cable;cont_10pct_cosine_loo;0.1;cosine_loo;20;20;20;2;784;104;58;46;0;5;95;0.9374062968515742;0.9398451094237006;0.865979381443299;0.6739130434782609;0.7608695652173914;0.015367316341829085;-0.17142857142856927;1.0;;;8.08292841911316
2026-02-17T10:31:02.269401;mvtec_AD/cable;cont_20pct_none;0.2;none;20;20;20;4;0;104;58;46;0;5;95;0.9182908545727136;0.9223719473252366;0.8541666666666666;0.6304347826086957;0.6956521739130435;-0.0037481259370314435;0.0;;;;6.104126691818237
2026-02-17T10:31:10.406430;mvtec_AD/cable;cont_20pct_loo_patch;0.2;loo_patch;20;20;20;4;784;104;58;46;0;5;95;0.916791604197901;0.9247278473408127;0.851063829787234;0.6521739130434783;0.7608695652173914;-0.005247376311844132;-0.4000000000000296;0.875;;;8.13499116897583
2026-02-17T10:31:16.229929;mvtec_AD/cable;cont_20pct_random_patch;0.2;random_patch;20;20;20;4;784;104;58;46;0;5;95;0.9190404797601199;0.9244038759313937;0.8541666666666666;0.6086956521739131;0.7608695652173914;-0.0029985007496251548;0.2;0.875;;;5.821458578109741
2026-02-17T10:31:24.330468;mvtec_AD/cable;cont_20pct_mahalanobis_patch;0.2;mahalanobis_patch;20;20;20;4;784;104;58;46;0;5;95;0.9186656671664167;0.9257853602946916;0.8571428571428571;0.6086956521739131;0.7608695652173914;-0.0033733133433283546;0.09999999999998518;0.875;;;8.098538637161255
2026-02-17T10:31:29.254489;mvtec_AD/cable;cont_20pct_oracle_patch;0.2;oracle_patch;20;20;16;4;3136;104;58;46;0;5;95;0.9209145427286357;0.9250337369412873;0.836734693877551;0.6521739130434783;0.6956521739130435;-0.0011244377811093775;0.7000000000000148;;;;4.923022270202637
2026-02-17T10:31:37.166818;mvtec_AD/cable;cont_20pct_ensemble_loo_mahal;0.2;ensemble_loo_mahal;20;20;20;4;784;104;58;46;0;5;95;0.916791604197901;0.9257202839049262;0.8478260869565218;0.6521739130434783;0.7608695652173914;-0.005247376311844132;-0.4000000000000296;0.875;;;7.911329507827759
2026-02-17T10:31:45.344235;mvtec_AD/cable;cont_20pct_cosine_loo;0.2;cosine_loo;20;20;20;4;784;104;58;46;0;5;95;0.916791604197901;0.9264814994928756;0.851063829787234;0.6521739130434783;0.7608695652173914;-0.005247376311844132;-0.4000000000000296;0.875;;;8.175243854522705
2026-02-17T10:31:51.542953;mvtec_AD/cable;cont_30pct_none;0.3;none;20;20;20;6;0;104;58;46;0;5;95;0.931784107946027;0.9330122789377429;0.8723404255319149;0.6086956521739131;0.7391304347826086;0.009745127436281864;-0.0;;;;6.172510385513306
2026-02-17T10:31:59.423990;mvtec_AD/cable;cont_30pct_loo_patch;0.3;loo_patch;20;20;20;6;784;104;58;46;0;5;95;0.9284107946026986;0.9351311225685155;0.8705882352941177;0.6521739130434783;0.8043478260869565;0.006371814092953509;0.3461538461538479;0.9166666666666666;;;7.879033327102661
2026-02-17T10:32:05.278007;mvtec_AD/cable;cont_30pct_random_patch;0.3;random_patch;20;20;20;6;784;104;58;46;0;5;95;0.9306596701649176;0.9332640292424597;0.8723404255319149;0.6086956521739131;0.8043478260869565;0.008620689655172487;0.11538461538460837;0.9166666666666666;;;5.852014064788818
2026-02-17T10:32:13.297534;mvtec_AD/cable;cont_30pct_mahalanobis_patch;0.3;mahalanobis_patch;20;20;20;6;784;104;58;46;0;5;95;0.9291604197901049;0.9342137584597221;0.8791208791208792;0.6304347826086957;0.8043478260869565;0.007121439280359798;0.2692307692307719;0.9166666666666666;;;8.01752781867981
2026-02-17T10:32:17.540043;mvtec_AD/cable;cont_30pct_oracle_patch;0.3;oracle_patch;20;20;14;6;4704;104;58;46;0;5;95;0.9239130434782609;0.9279690064075783;0.8571428571428571;0.6304347826086957;0.7608695652173914;0.0018740629685157772;0.8076923076923042;;;;4.24150824546814
2026-02-17T10:32:25.569834;mvtec_AD/cable;cont_30pct_ensemble_loo_mahal;0.3;ensemble_loo_mahal;20;20;20;6;784;104;58;46;0;5;95;0.9272863568215892;0.9341280565966064;0.8636363636363636;0.6521739130434783;0.782608695652174;0.005247376311844132;0.4615384615384563;0.9166666666666666;;;8.028791666030884
2026-02-17T10:32:33.753754;mvtec_AD/cable;cont_30pct_cosine_loo;0.3;cosine_loo;20;20;20;6;784;104;58;46;0;5;95;0.9306596701649176;0.9369520305015611;0.8764044943820224;0.6521739130434783;0.8260869565217391;0.008620689655172487;0.11538461538460837;0.9166666666666666;;;8.181921482086182
2026-02-17T10:32:37.009281;mvtec_AD/cable;cont_0pct_none;0.0;none;10;10;10;0;0;104;58;46;1;5;95;0.9610194902548725;0.9603846471717443;0.9148936170212766;0.6086956521739131;0.8478260869565217;;;;;;3.1144237518310547
2026-02-17T10:32:40.414093;mvtec_AD/cable;cont_0pct_loo_patch;0.0;loo_patch;10;10;10;0;392;104;58;46;1;5;95;0.9553973013493253;0.958047937256605;0.9032258064516129;0.6304347826086957;0.8478260869565217;;;;;;3.4038116931915283
2026-02-17T10:32:43.433846;mvtec_AD/cable;cont_0pct_random_patch;0.0;random_patch;10;10;10;0;392;104;58;46;1;5;95;0.9606446776611695;0.9603778409328443;0.924731182795699;0.6086956521739131;0.8478260869565217;;;;;;3.018754243850708
2026-02-17T10:32:48.045801;mvtec_AD/cable;cont_0pct_mahalanobis_patch;0.0;mahalanobis_patch;10;10;10;0;392;104;58;46;1;5;95;0.9565217391304348;0.9576042827304638;0.9032258064516129;0.6304347826086957;0.8260869565217391;;;;;;4.610954523086548
2026-02-17T10:32:48.057806;mvtec_AD/cable;cont_0pct_oracle_patch;0.0;oracle_patch;10;10;10;0;0;104;58;46;1;5;95;0.9610194902548725;0.9603846471717443;0.9148936170212766;0.6086956521739131;0.8478260869565217;;;;;;0.011005163192749023
2026-02-17T10:32:52.261631;mvtec_AD/cable;cont_0pct_ensemble_loo_mahal;0.0;ensemble_loo_mahal;10;10;10;0;392;104;58;46;1;5;95;0.9580209895052474;0.9595216306682394;0.9166666666666666;0.6304347826086957;0.8478260869565217;;;;;;4.202825307846069
2026-02-17T10:32:55.730794;mvtec_AD/cable;cont_0pct_cosine_loo;0.0;cosine_loo;10;10;10;0;392;104;58;46;1;5;95;0.9583958020989505;0.9607286186725791;0.9230769230769231;0.6304347826086957;0.9130434782608695;;;;;;3.468163251876831
2026-02-17T10:32:58.814718;mvtec_AD/cable;cont_10pct_none;0.1;none;10;10;10;1;0;104;58;46;1;5;95;0.9565217391304348;0.9574749942446217;0.8958333333333334;0.6739130434782609;0.8260869565217391;-0.004497751124437732;0.0;;;;3.0749244689941406
2026-02-17T10:33:02.385489;mvtec_AD/cable;cont_10pct_loo_patch;0.1;loo_patch;10;10;10;1;392;104;58;46;1;5;95;0.9565217391304348;0.958307425404604;0.9052631578947369;0.6739130434782609;0.8260869565217391;-0.004497751124437732;0.0;0.6666666666666667;;;3.5687689781188965
2026-02-17T10:33:05.356013;mvtec_AD/cable;cont_10pct_random_patch;0.1;random_patch;10;10;10;1;392;104;58;46;1;5;95;0.9591454272863569;0.9603492834667213;0.9072164948453608;0.6739130434782609;0.8260869565217391;-0.0018740629685156662;0.5833333333333457;0.6666666666666667;;;2.9685254096984863
2026-02-17T10:33:09.622791;mvtec_AD/cable;cont_10pct_mahalanobis_patch;0.1;mahalanobis_patch;10;10;10;1;392;104;58;46;1;5;95;0.9565217391304349;0.9585677257234254;0.8958333333333334;0.6956521739130435;0.8260869565217391;-0.004497751124437621;2.4683958580832916e-14;0.6666666666666667;;;4.264777421951294
2026-02-17T10:33:12.420886;mvtec_AD/cable;cont_10pct_oracle_patch;0.1;oracle_patch;10;10;9;1;784;104;58;46;1;5;95;0.9557721139430284;0.9569399539047282;0.9010989010989011;0.6739130434782609;0.8260869565217391;-0.005247376311844132;-0.16666666666669136;;;;2.7970950603485107
2026-02-17T10:33:16.730240;mvtec_AD/cable;cont_10pct_ensemble_loo_mahal;0.1;ensemble_loo_mahal;10;10;10;1;392;104;58;46;1;5;95;0.9557721139430285;0.9577006359687139;0.8958333333333334;0.6739130434782609;0.8260869565217391;-0.005247376311844021;-0.16666666666666666;0.6666666666666667;;;4.307355165481567
2026-02-17T10:33:20.232952;mvtec_AD/cable;cont_10pct_cosine_loo;0.1;cosine_loo;10;10;10;1;392;104;58;46;1;5;95;0.9576461769115443;0.9599442754964065;0.9052631578947369;0.6739130434782609;0.8260869565217391;-0.0033733133433282436;0.2500000000000123;0.6666666666666667;;;3.5007119178771973
2026-02-17T10:33:23.378909;mvtec_AD/cable;cont_20pct_none;0.2;none;10;10;10;2;0;104;58;46;1;5;95;0.9565217391304348;0.957042731860576;0.8979591836734695;0.6956521739130435;0.8043478260869565;-0.004497751124437732;0.0;;;;3.133957624435425
2026-02-17T10:33:26.890749;mvtec_AD/cable;cont_20pct_loo_patch;0.2;loo_patch;10;10;10;2;392;104;58;46;1;5;95;0.9538980509745127;0.955021144169362;0.888888888888889;0.6521739130434783;0.8260869565217391;-0.007121439280359798;-0.5833333333333457;0.5625;;;3.5093345642089844
2026-02-17T10:33:29.834172;mvtec_AD/cable;cont_20pct_random_patch;0.2;random_patch;10;10;10;2;392;104;58;46;1;5;95;0.9583958020989505;0.9595968681557538;0.9052631578947369;0.6956521739130435;0.8260869565217391;-0.002623688155922066;0.4166666666666543;0.5625;;;2.9414191246032715
2026-02-17T10:33:34.089825;mvtec_AD/cable;cont_20pct_mahalanobis_patch;0.2;mahalanobis_patch;10;10;10;2;392;104;58;46;1;5;95;0.9523988005997001;0.9549830281961479;0.8958333333333334;0.6521739130434783;0.8260869565217391;-0.008620689655172487;-0.9166666666667037;0.5625;;;4.2536540031433105
2026-02-17T10:33:36.637106;mvtec_AD/cable;cont_20pct_oracle_patch;0.2;oracle_patch;10;10;8;2;1568;104;58;46;1;5;95;0.962143928035982;0.9630247380607979;0.9148936170212766;0.6956521739130435;0.8260869565217391;0.0011244377811094886;1.2500000000000124;;;;2.5462799072265625
2026-02-17T10:33:40.992273;mvtec_AD/cable;cont_20pct_ensemble_loo_mahal;0.2;ensemble_loo_mahal;10;10;10;2;392;104;58;46;1;5;95;0.9557721139430286;0.9570907706682436;0.8979591836734695;0.6521739130434783;0.8043478260869565;-0.00524737631184391;-0.16666666666664198;0.5625;;;4.353650093078613
2026-02-17T10:33:44.516177;mvtec_AD/cable;cont_20pct_cosine_loo;0.2;cosine_loo;10;10;10;2;392;104;58;46;1;5;95;0.9535232383808095;0.9548350412587044;0.8837209302325583;0.6739130434782609;0.8260869565217391;-0.007496251874062998;-0.6666666666666914;0.5625;;;3.5217955112457275
2026-02-17T10:33:47.564334;mvtec_AD/cable;cont_30pct_none;0.3;none;10;10;10;3;0;104;58;46;1;5;95;0.9471514242878561;0.9466461767462578;0.8865979381443299;0.6304347826086957;0.717391304347826;-0.013868065967016396;0.0;;;;3.0341575145721436
2026-02-17T10:33:51.065500;mvtec_AD/cable;cont_30pct_loo_patch;0.3;loo_patch;10;10;10;3;392;104;58;46;1;5;95;0.9404047976011994;0.9413212133540858;0.865979381443299;0.6521739130434783;0.782608695652174;-0.020614692653673106;-0.48648648648649256;0.5238095238095237;;;3.500166416168213
2026-02-17T10:33:54.012735;mvtec_AD/cable;cont_30pct_random_patch;0.3;random_patch;10;10;10;3;392;104;58;46;1;5;95;0.944527736131934;0.9428184440768199;0.8749999999999999;0.6304347826086957;0.717391304347826;-0.016491754122938573;-0.18918918918920044;0.5238095238095237;;;2.945235013961792
2026-02-17T10:33:58.175738;mvtec_AD/cable;cont_30pct_mahalanobis_patch;0.3;mahalanobis_patch;10;10;10;3;392;104;58;46;1;5;95;0.9404047976011994;0.942387751174746;0.8764044943820224;0.6521739130434783;0.717391304347826;-0.020614692653673106;-0.48648648648649256;0.5238095238095237;;;4.161004066467285
2026-02-17T10:34:00.443120;mvtec_AD/cable;cont_30pct_oracle_patch;0.3;oracle_patch;10;10;7;3;2352;104;58;46;1;5;95;0.9396551724137931;0.9379926844809646;0.8775510204081632;0.6304347826086957;0.717391304347826;-0.021364317841079394;-0.5405405405405463;;;;2.2663767337799072
2026-02-17T10:34:04.732215;mvtec_AD/cable;cont_30pct_ensemble_loo_mahal;0.3;ensemble_loo_mahal;10;10;10;3;392;104;58;46;1;5;95;0.9452773613193404;0.9472364695766584;0.8764044943820224;0.6521739130434783;0.782608695652174;-0.015742128935532174;-0.13513513513513858;0.5238095238095237;;;4.28709602355957
2026-02-17T10:34:08.387036;mvtec_AD/cable;cont_30pct_cosine_loo;0.3;cosine_loo;10;10;10;3;392;104;58;46;1;5;95;0.9370314842578711;0.9373024751982645;0.8666666666666666;0.6521739130434783;0.6739130434782609;-0.02398800599700146;-0.7297297297297388;0.5238095238095237;;;3.6528213024139404
2026-02-17T10:34:14.772037;mvtec_AD/cable;cont_0pct_none;0.0;none;20;20;20;0;0;104;58;46;1;5;95;0.9673913043478262;0.9685001671182634;0.924731182795699;0.717391304347826;0.8478260869565217;;;;;;6.24108099937439
2026-02-17T10:34:22.623394;mvtec_AD/cable;cont_0pct_loo_patch;0.0;loo_patch;20;20;20;0;784;104;58;46;1;5;95;0.9658920539730135;0.9689241448945003;0.9230769230769231;0.782608695652174;0.8913043478260869;;;;;;7.850354194641113
2026-02-17T10:34:28.645526;mvtec_AD/cable;cont_0pct_random_patch;0.0;random_patch;20;20;20;0;784;104;58;46;1;5;95;0.9647676161919041;0.9658967408995758;0.9166666666666666;0.717391304347826;0.8478260869565217;;;;;;6.020695209503174
2026-02-17T10:34:36.979157;mvtec_AD/cable;cont_0pct_mahalanobis_patch;0.0;mahalanobis_patch;20;20;20;0;784;104;58;46;1;5;95;0.9640179910044978;0.9674692330891539;0.9263157894736843;0.7391304347826086;0.8913043478260869;;;;;;8.333631038665771
2026-02-17T10:34:36.999157;mvtec_AD/cable;cont_0pct_oracle_patch;0.0;oracle_patch;20;20;20;0;0;104;58;46;1;5;95;0.9673913043478262;0.9685001671182634;0.924731182795699;0.717391304347826;0.8478260869565217;;;;;;0.020000219345092773
2026-02-17T10:34:44.970389;mvtec_AD/cable;cont_0pct_ensemble_loo_mahal;0.0;ensemble_loo_mahal;20;20;20;0;784;104;58;46;1;5;95;0.9651424287856073;0.9671473955089986;0.9166666666666666;0.7391304347826086;0.8913043478260869;;;;;;7.971231698989868
2026-02-17T10:34:53.256996;mvtec_AD/cable;cont_0pct_cosine_loo;0.0;cosine_loo;20;20;20;0;784;104;58;46;1;5;95;0.9640179910044978;0.9661454063854187;0.9263157894736843;0.7608695652173914;0.8913043478260869;;;;;;8.285597324371338
2026-02-17T10:34:59.618479;mvtec_AD/cable;cont_10pct_none;0.1;none;20;20;20;2;0;104;58;46;1;5;95;0.9681409295352325;0.9708137089948892;0.9462365591397849;0.7391304347826086;0.9565217391304348;0.0007496251874062887;-0.0;;;;6.3447349071502686
2026-02-17T10:35:07.822922;mvtec_AD/cable;cont_10pct_loo_patch;0.1;loo_patch;20;20;20;2;784;104;58;46;1;5;95;0.9666416791604197;0.971086141684351;0.9263157894736843;0.7608695652173914;0.8913043478260869;-0.0007496251874065107;2.000000000000296;0.5555555555555556;;;8.203442335128784
2026-02-17T10:35:13.670404;mvtec_AD/cable;cont_10pct_random_patch;0.1;random_patch;20;20;20;2;784;104;58;46;1;5;95;0.9662668665667167;0.9690377399016912;0.9361702127659574;0.7391304347826086;0.8478260869565217;-0.0011244377811094886;2.500000000000074;0.5555555555555556;;;5.845438003540039
2026-02-17T10:35:21.768888;mvtec_AD/cable;cont_10pct_mahalanobis_patch;0.1;mahalanobis_patch;20;20;20;2;784;104;58;46;1;5;95;0.9640179910044977;0.9676985354357379;0.9278350515463919;0.7391304347826086;0.8913043478260869;-0.0033733133433284657;5.500000000000222;0.5555555555555556;;;8.096962690353394
2026-02-17T10:35:27.644181;mvtec_AD/cable;cont_10pct_oracle_patch;0.1;oracle_patch;20;20;18;2;1568;104;58;46;1;5;95;0.9662668665667167;0.967292767689129;0.9347826086956522;0.717391304347826;0.8913043478260869;-0.0011244377811094886;2.500000000000074;;;;5.874293088912964
2026-02-17T10:35:35.655266;mvtec_AD/cable;cont_10pct_ensemble_loo_mahal;0.1;ensemble_loo_mahal;20;20;20;2;784;104;58;46;1;5;95;0.9658920539730135;0.9702834232310216;0.9278350515463919;0.7608695652173914;0.8695652173913043;-0.0014992503748126884;3.0000000000001483;0.5555555555555556;;;8.009023189544678
2026-02-17T10:35:44.042689;mvtec_AD/cable;cont_10pct_cosine_loo;0.1;cosine_loo;20;20;20;2;784;104;58;46;1;5;95;0.9658920539730134;0.9699441496394946;0.9230769230769231;0.7608695652173914;0.8913043478260869;-0.0014992503748127994;3.000000000000296;0.5555555555555556;;;8.38541054725647
2026-02-17T10:35:50.364908;mvtec_AD/cable;cont_20pct_none;0.2;none;20;20;20;4;0;104;58;46;1;5;95;0.967016491754123;0.9685785786208507;0.9230769230769231;0.7391304347826086;0.9130434782608695;-0.00037481259370319986;0.0;;;;6.296785593032837
2026-02-17T10:35:58.615563;mvtec_AD/cable;cont_20pct_loo_patch;0.2;loo_patch;20;20;20;4;784;104;58;46;1;5;95;0.9681409295352325;0.971135892868399;0.9263157894736843;0.782608695652174;0.8913043478260869;0.0007496251874062887;2.999999999999704;0.734375;;;8.248638391494751
2026-02-17T10:36:04.746749;mvtec_AD/cable;cont_20pct_random_patch;0.2;random_patch;20;20;20;4;784;104;58;46;1;5;95;0.9651424287856073;0.9673644674159902;0.9166666666666666;0.7391304347826086;0.8913043478260869;-0.002248875562218866;-4.999999999999112;0.734375;;;6.1291868686676025
2026-02-17T10:36:13.026696;mvtec_AD/cable;cont_20pct_mahalanobis_patch;0.2;mahalanobis_patch;20;20;20;4;784;104;58;46;1;5;95;0.964392803598201;0.9672918959530208;0.9230769230769231;0.7391304347826086;0.8913043478260869;-0.0029985007496251548;-6.999999999998815;0.734375;;;8.277943849563599
2026-02-17T10:36:18.244800;mvtec_AD/cable;cont_20pct_oracle_patch;0.2;oracle_patch;20;20;16;4;3136;104;58;46;1;5;95;0.9647676161919041;0.9654554748007624;0.9263157894736843;0.7391304347826086;0.8478260869565217;-0.002623688155922066;-5.999999999999112;;;;5.217106103897095
2026-02-17T10:36:26.488701;mvtec_AD/cable;cont_20pct_ensemble_loo_mahal;0.2;ensemble_loo_mahal;20;20;20;4;784;104;58;46;1;5;95;0.9688905547226389;0.9720581848621195;0.9361702127659574;0.7391304347826086;0.8913043478260869;0.0014992503748126884;4.999999999999704;0.734375;;;8.241903305053711
2026-02-17T10:36:34.738929;mvtec_AD/cable;cont_20pct_cosine_loo;0.2;cosine_loo;20;20;20;4;784;104;58;46;1;5;95;0.967016491754123;0.9695396292391387;0.9183673469387755;0.782608695652174;0.8913043478260869;-0.00037481259370319986;0.0;0.734375;;;8.249228477478027
2026-02-17T10:36:40.942749;mvtec_AD/cable;cont_30pct_none;0.3;none;20;20;20;6;0;104;58;46;1;5;95;0.9726386806596701;0.9744954253400611;0.9347826086956522;0.782608695652174;0.9347826086956522;0.00524737631184391;-0.0;;;;6.179819345474243
2026-02-17T10:36:49.149530;mvtec_AD/cable;cont_30pct_loo_patch;0.3;loo_patch;20;20;20;6;784;104;58;46;1;5;95;0.9718890554722639;0.9733588631207528;0.9347826086956522;0.782608695652174;0.9347826086956522;0.004497751124437732;0.14285714285712472;0.8333333333333334;;;8.205780982971191
2026-02-17T10:36:55.126223;mvtec_AD/cable;cont_30pct_random_patch;0.3;random_patch;20;20;20;6;784;104;58;46;1;5;95;0.9737631184407796;0.9757069755099139;0.9347826086956522;0.782608695652174;0.9347826086956522;0.006371814092953398;-0.2142857142857294;0.8333333333333334;;;5.974693775177002
2026-02-17T10:37:03.551699;mvtec_AD/cable;cont_30pct_mahalanobis_patch;0.3;mahalanobis_patch;20;20;20;6;784;104;58;46;1;5;95;0.9707646176911544;0.9730626129727646;0.9347826086956522;0.782608695652174;0.9130434782608695;0.0033733133433282436;0.3571428571428541;0.8333333333333334;;;8.42347002029419
2026-02-17T10:37:07.876468;mvtec_AD/cable;cont_30pct_oracle_patch;0.3;oracle_patch;20;20;14;6;4704;104;58;46;1;5;95;0.9703898050974512;0.9715025407109561;0.9166666666666666;0.7608695652173914;0.8478260869565217;0.0029985007496250438;0.42857142857143765;;;;4.3237693309783936
2026-02-17T10:37:15.968473;mvtec_AD/cable;cont_30pct_ensemble_loo_mahal;0.3;ensemble_loo_mahal;20;20;20;6;784;104;58;46;1;5;95;0.9707646176911543;0.972262558387402;0.9347826086956522;0.782608695652174;0.9130434782608695;0.0033733133433281326;0.3571428571428753;0.8333333333333334;;;8.091003179550171
2026-02-17T10:37:24.234383;mvtec_AD/cable;cont_30pct_cosine_loo;0.3;cosine_loo;20;20;20;6;784;104;58;46;1;5;95;0.9718890554722638;0.9738399663181776;0.9347826086956522;0.782608695652174;0.9347826086956522;0.004497751124437621;0.14285714285714587;0.8333333333333334;;;8.26391053199768
2026-02-17T10:37:27.428268;mvtec_AD/cable;cont_0pct_none;0.0;none;10;10;10;0;0;104;58;46;2;5;95;0.8759370314842578;0.8662097605996251;0.7872340425531915;0.4782608695652174;0.4782608695652174;;;;;;3.0528008937835693
2026-02-17T10:37:30.985655;mvtec_AD/cable;cont_0pct_loo_patch;0.0;loo_patch;10;10;10;0;392;104;58;46;2;5;95;0.8680659670164917;0.8586407352750082;0.7692307692307693;0.45652173913043476;0.4782608695652174;;;;;;3.5563876628875732
2026-02-17T10:37:34.009053;mvtec_AD/cable;cont_0pct_random_patch;0.0;random_patch;10;10;10;0;392;104;58;46;2;5;95;0.8770614692653673;0.8668254622715079;0.7789473684210526;0.4782608695652174;0.5;;;;;;3.02339768409729
2026-02-17T10:37:38.493714;mvtec_AD/cable;cont_0pct_mahalanobis_patch;0.0;mahalanobis_patch;10;10;10;0;392;104;58;46;2;5;95;0.8658170914542729;0.8540176490580011;0.7647058823529412;0.4782608695652174;0.5;;;;;;4.484660863876343
2026-02-17T10:37:38.504770;mvtec_AD/cable;cont_0pct_oracle_patch;0.0;oracle_patch;10;10;10;0;0;104;58;46;2;5;95;0.8759370314842578;0.8662097605996251;0.7872340425531915;0.4782608695652174;0.4782608695652174;;;;;;0.01005697250366211
2026-02-17T10:37:42.845977;mvtec_AD/cable;cont_0pct_ensemble_loo_mahal;0.0;ensemble_loo_mahal;10;10;10;0;392;104;58;46;2;5;95;0.8646926536731634;0.8546629289962664;0.7647058823529412;0.4782608695652174;0.5;;;;;;4.340206146240234
2026-02-17T10:37:46.445910;mvtec_AD/cable;cont_0pct_cosine_loo;0.0;cosine_loo;10;10;10;0;392;104;58;46;2;5;95;0.8624437781109445;0.8564655307717205;0.7524752475247525;0.4782608695652174;0.4782608695652174;;;;;;3.598932981491089
2026-02-17T10:37:49.547798;mvtec_AD/cable;cont_10pct_none;0.1;none;10;10;10;1;0;104;58;46;2;5;95;0.8860569715142429;0.8740347028430147;0.7999999999999999;0.4782608695652174;0.5217391304347826;0.010119940029985064;-0.0;;;;3.092808961868286
2026-02-17T10:37:53.030704;mvtec_AD/cable;cont_10pct_loo_patch;0.1;loo_patch;10;10;10;1;392;104;58;46;2;5;95;0.8834332833583208;0.8736319270614691;0.7865168539325844;0.45652173913043476;0.5217391304347826;0.007496251874062998;0.25925925925926047;1.0;;;3.481379270553589
2026-02-17T10:37:56.008638;mvtec_AD/cable;cont_10pct_random_patch;0.1;random_patch;10;10;10;1;392;104;58;46;2;5;95;0.8856821589205397;0.8733012723396867;0.792079207920792;0.45652173913043476;0.5;0.009745127436281864;0.03703703703704191;1.0;;;2.9758877754211426
2026-02-17T10:38:00.585489;mvtec_AD/cable;cont_10pct_mahalanobis_patch;0.1;mahalanobis_patch;10;10;10;1;392;104;58;46;2;5;95;0.8834332833583208;0.8708501912449678;0.7999999999999999;0.4782608695652174;0.4782608695652174;0.007496251874062998;0.25925925925926047;1.0;;;4.57484769821167
2026-02-17T10:38:03.348263;mvtec_AD/cable;cont_10pct_oracle_patch;0.1;oracle_patch;10;10;9;1;784;104;58;46;2;5;95;0.881559220389805;0.8719235467577385;0.7789473684210526;0.4782608695652174;0.5;0.005622188905547221;0.4444444444444481;;;;2.7617738246917725
2026-02-17T10:38:07.644719;mvtec_AD/cable;cont_10pct_ensemble_loo_mahal;0.1;ensemble_loo_mahal;10;10;10;1;392;104;58;46;2;5;95;0.8849325337331334;0.8740956182010544;0.7878787878787878;0.4782608695652174;0.5434782608695652;0.008995502248875575;0.11111111111111477;1.0;;;4.295456647872925
2026-02-17T10:38:11.187635;mvtec_AD/cable;cont_10pct_cosine_loo;0.1;cosine_loo;10;10;10;1;392;104;58;46;2;5;95;0.8946776611694153;0.8890146324512035;0.7878787878787878;0.45652173913043476;0.5869565217391305;0.01874062968515744;-0.8518518518518433;1.0;;;3.541916847229004
2026-02-17T10:38:14.264756;mvtec_AD/cable;cont_20pct_none;0.2;none;10;10;10;2;0;104;58;46;2;5;95;0.9235382308845578;0.9143132941780842;0.845360824742268;0.5652173913043478;0.5652173913043478;0.04760119940029994;-0.0;;;;3.0649588108062744
2026-02-17T10:38:17.789322;mvtec_AD/cable;cont_20pct_loo_patch;0.2;loo_patch;10;10;10;2;392;104;58;46;2;5;95;0.9295352323838081;0.9233522577078876;0.8571428571428572;0.5;0.6956521739130435;0.05359820089955025;-0.12598425196850233;1.0;;;3.5225653648376465
2026-02-17T10:38:20.802448;mvtec_AD/cable;cont_20pct_random_patch;0.2;random_patch;10;10;10;2;392;104;58;46;2;5;95;0.9231634182908546;0.9162352570964911;0.8541666666666666;0.5434782608695652;0.5869565217391305;0.04722638680659674;0.007874015748032561;1.0;;;3.0111188888549805
2026-02-17T10:38:25.063085;mvtec_AD/cable;cont_20pct_mahalanobis_patch;0.2;mahalanobis_patch;10;10;10;2;392;104;58;46;2;5;95;0.9261619190404797;0.9195358517290658;0.8571428571428572;0.5652173913043478;0.6521739130434783;0.0502248875562219;-0.0551181102362186;1.0;;;4.258212089538574
2026-02-17T10:38:27.502149;mvtec_AD/cable;cont_20pct_oracle_patch;0.2;oracle_patch;10;10;8;2;1568;104;58;46;2;5;95;0.8901799100449775;0.87776517771094;0.7835051546391751;0.4782608695652174;0.5;0.014242878560719707;0.7007874015748023;;;;2.4380531311035156
2026-02-17T10:38:31.823903;mvtec_AD/cable;cont_20pct_ensemble_loo_mahal;0.2;ensemble_loo_mahal;10;10;10;2;392;104;58;46;2;5;95;0.9284107946026986;0.9216013643211023;0.8571428571428572;0.5652173913043478;0.6304347826086957;0.052473763118440764;-0.10236220472440696;1.0;;;4.319709777832031
2026-02-17T10:38:35.377461;mvtec_AD/cable;cont_20pct_cosine_loo;0.2;cosine_loo;10;10;10;2;392;104;58;46;2;5;95;0.9340329835082459;0.9296784880559106;0.865979381443299;0.5434782608695652;0.7391304347826086;0.058095952023988096;-0.2204724409448814;1.0;;;3.551551580429077
2026-02-17T10:38:38.479670;mvtec_AD/cable;cont_30pct_none;0.3;none;10;10;10;3;0;104;58;46;2;5;95;0.9239130434782609;0.9124336204125585;0.8411214953271028;0.5434782608695652;0.6521739130434783;0.04797601199400303;-0.0;;;;3.0892083644866943
2026-02-17T10:38:41.935328;mvtec_AD/cable;cont_30pct_loo_patch;0.3;loo_patch;10;10;10;3;392;104;58;46;2;5;95;0.931784107946027;0.927710598495616;0.8372093023255814;0.5434782608695652;0.7391304347826086;0.05584707646176912;-0.16406249999999925;0.8571428571428571;;;3.453657388687134
2026-02-17T10:38:44.846900;mvtec_AD/cable;cont_30pct_random_patch;0.3;random_patch;10;10;10;3;392;104;58;46;2;5;95;0.9197901049475262;0.9068192867096945;0.8301886792452831;0.5217391304347826;0.5652173913043478;0.04385307346326839;0.08593750000000017;0.8571428571428571;;;2.908561944961548
2026-02-17T10:38:49.106215;mvtec_AD/cable;cont_30pct_mahalanobis_patch;0.3;mahalanobis_patch;10;10;10;3;392;104;58;46;2;5;95;0.9321589205397302;0.9226029085595974;0.8431372549019608;0.5217391304347826;0.6956521739130435;0.05622188905547232;-0.17187500000000033;0.8571428571428571;;;4.258310317993164
2026-02-17T10:38:51.273528;mvtec_AD/cable;cont_30pct_oracle_patch;0.3;oracle_patch;10;10;7;3;2352;104;58;46;2;5;95;0.8924287856071964;0.8816080065616715;0.795698924731183;0.4782608695652174;0.5217391304347826;0.016491754122938573;0.6562499999999993;;;;2.1673130989074707
2026-02-17T10:38:55.592255;mvtec_AD/cable;cont_30pct_ensemble_loo_mahal;0.3;ensemble_loo_mahal;10;10;10;3;392;104;58;46;2;5;95;0.9306596701649175;0.9262879500263596;0.8409090909090908;0.5434782608695652;0.6739130434782609;0.05472263868065963;-0.14062499999999836;0.8571428571428571;;;4.3177268505096436
2026-02-17T10:38:59.141471;mvtec_AD/cable;cont_30pct_cosine_loo;0.3;cosine_loo;10;10;10;3;392;104;58;46;2;5;95;0.9411544227886057;0.9365223357689796;0.8484848484848485;0.5869565217391305;0.7608695652173914;0.0652173913043479;-0.35937500000000044;0.8571428571428571;;;3.547215223312378
2026-02-17T10:39:05.625233;mvtec_AD/cable;cont_0pct_none;0.0;none;20;20;20;0;0;104;58;46;2;5;95;0.9456521739130435;0.93784896070562;0.8571428571428571;0.5434782608695652;0.7608695652173914;;;;;;6.332131624221802
2026-02-17T10:39:13.830657;mvtec_AD/cable;cont_0pct_loo_patch;0.0;loo_patch;20;20;20;0;784;104;58;46;2;5;95;0.9389055472263869;0.9307575824265686;0.8514851485148516;0.5652173913043478;0.7391304347826086;;;;;;8.20442509651184
2026-02-17T10:39:20.260235;mvtec_AD/cable;cont_0pct_random_patch;0.0;random_patch;20;20;20;0;784;104;58;46;2;5;95;0.9422788605697151;0.9347023297065362;0.8478260869565218;0.5652173913043478;0.7608695652173914;;;;;;6.428576469421387
2026-02-17T10:39:28.971757;mvtec_AD/cable;cont_0pct_mahalanobis_patch;0.0;mahalanobis_patch;20;20;20;0;784;104;58;46;2;5;95;0.944527736131934;0.9374564135204462;0.8695652173913043;0.5;0.8043478260869565;;;;;;8.710521459579468
2026-02-17T10:39:28.991756;mvtec_AD/cable;cont_0pct_oracle_patch;0.0;oracle_patch;20;20;20;0;0;104;58;46;2;5;95;0.9456521739130435;0.93784896070562;0.8571428571428571;0.5434782608695652;0.7608695652173914;;;;;;0.018998384475708008
2026-02-17T10:39:37.290560;mvtec_AD/cable;cont_0pct_ensemble_loo_mahal;0.0;ensemble_loo_mahal;20;20;20;0;784;104;58;46;2;5;95;0.9415292353823089;0.9352025988566834;0.8571428571428571;0.5652173913043478;0.7608695652173914;;;;;;8.29880404472351
2026-02-17T10:39:46.286081;mvtec_AD/cable;cont_0pct_cosine_loo;0.0;cosine_loo;20;20;20;0;784;104;58;46;2;5;95;0.9381559220389806;0.9301585687000851;0.8599999999999999;0.5217391304347826;0.7391304347826086;;;;;;8.995002746582031
2026-02-17T10:40:07.653839;mvtec_AD/cable;cont_10pct_none;0.1;none;20;20;20;2;0;104;58;46;2;5;95;0.9359070464767616;0.928131953430382;0.8543689320388349;0.5869565217391305;0.717391304347826;-0.009745127436281864;0.0;;;;21.34375834465027
2026-02-17T10:40:16.297188;mvtec_AD/cable;cont_10pct_loo_patch;0.1;loo_patch;20;20;20;2;784;104;58;46;2;5;95;0.9269115442278861;0.9203357974736542;0.8316831683168316;0.5652173913043478;0.6739130434782609;-0.01874062968515733;-0.9230769230769126;0.5555555555555556;;;8.641311883926392
2026-02-17T10:40:22.402858;mvtec_AD/cable;cont_10pct_random_patch;0.1;random_patch;20;20;20;2;784;104;58;46;2;5;95;0.9306596701649176;0.9235150093317066;0.8301886792452831;0.5869565217391305;0.717391304347826;-0.014992503748125885;-0.5384615384615323;0.5555555555555556;;;6.103666067123413
2026-02-17T10:40:31.333377;mvtec_AD/cable;cont_10pct_mahalanobis_patch;0.1;mahalanobis_patch;20;20;20;2;784;104;58;46;2;5;95;0.9310344827586207;0.9245112493556096;0.8421052631578948;0.5217391304347826;0.717391304347826;-0.014617691154422796;-0.5;0.5555555555555556;;;8.928518056869507
2026-02-17T10:40:36.950152;mvtec_AD/cable;cont_10pct_oracle_patch;0.1;oracle_patch;20;20;18;2;1568;104;58;46;2;5;95;0.9396551724137931;0.9328454405403339;0.8431372549019608;0.5217391304347826;0.7608695652173914;-0.0059970014992503096;0.38461538461539163;;;;5.6167755126953125
2026-02-17T10:40:45.073282;mvtec_AD/cable;cont_10pct_ensemble_loo_mahal;0.1;ensemble_loo_mahal;20;20;20;2;784;104;58;46;2;5;95;0.9276611694152923;0.9212692583341824;0.8484848484848485;0.5434782608695652;0.6956521739130435;-0.01799100449775115;-0.8461538461538479;0.5555555555555556;;;8.12113094329834
2026-02-17T10:40:53.434576;mvtec_AD/cable;cont_10pct_cosine_loo;0.1;cosine_loo;20;20;20;2;784;104;58;46;2;5;95;0.9235382308845577;0.9171411745005916;0.8282828282828283;0.5217391304347826;0.6739130434782609;-0.022113943028485794;-1.2692307692307718;0.5555555555555556;;;8.358984470367432
2026-02-17T10:40:59.745985;mvtec_AD/cable;cont_20pct_none;0.2;none;20;20;20;4;0;104;58;46;2;5;95;0.9362818590704647;0.9250253899718479;0.8653846153846154;0.5217391304347826;0.6739130434782609;-0.009370314842578775;0.0;;;;6.288057088851929
2026-02-17T10:41:07.873014;mvtec_AD/cable;cont_20pct_loo_patch;0.2;loo_patch;20;20;20;4;784;104;58;46;2;5;95;0.9389055472263867;0.9318278797569636;0.8444444444444444;0.5652173913043478;0.7391304347826086;-0.006746626686656709;0.28000000000000097;0.734375;;;8.125454664230347
2026-02-17T10:41:13.901922;mvtec_AD/cable;cont_20pct_random_patch;0.2;random_patch;20;20;20;4;784;104;58;46;2;5;95;0.9329085457271364;0.9225986179664885;0.8461538461538461;0.5434782608695652;0.6739130434782609;-0.012743628185907019;-0.35999999999998766;0.734375;;;6.027390003204346
2026-02-17T10:41:22.011004;mvtec_AD/cable;cont_20pct_mahalanobis_patch;0.2;mahalanobis_patch;20;20;20;4;784;104;58;46;2;5;95;0.9415292353823088;0.9328566788209232;0.8505747126436782;0.5217391304347826;0.7391304347826086;-0.004122938530734643;0.5600000000000019;0.734375;;;8.10708236694336
2026-02-17T10:41:27.109384;mvtec_AD/cable;cont_20pct_oracle_patch;0.2;oracle_patch;20;20;16;4;3136;104;58;46;2;5;95;0.9434032983508246;0.935735462759608;0.8505747126436782;0.5652173913043478;0.717391304347826;-0.002248875562218866;0.7600000000000042;;;;5.0973801612854
2026-02-17T10:41:35.212763;mvtec_AD/cable;cont_20pct_ensemble_loo_mahal;0.2;ensemble_loo_mahal;20;20;20;4;784;104;58;46;2;5;95;0.9400299850074962;0.9314522186472346;0.8444444444444444;0.5652173913043478;0.717391304347826;-0.005622188905547221;0.40000000000000474;0.734375;;;8.101378679275513
2026-02-17T10:41:44.013357;mvtec_AD/cable;cont_20pct_cosine_loo;0.2;cosine_loo;20;20;20;4;784;104;58;46;2;5;95;0.9389055472263867;0.9317962782427004;0.84;0.5869565217391305;0.7608695652173914;-0.006746626686656709;0.28000000000000097;0.734375;;;8.79859471321106
2026-02-17T10:41:50.886690;mvtec_AD/cable;cont_30pct_none;0.3;none;20;20;20;6;0;104;58;46;2;5;95;0.9479010494752624;0.9371967696368664;0.8823529411764706;0.5217391304347826;0.6956521739130435;0.002248875562218977;-0.0;;;;6.840982675552368
2026-02-17T10:41:59.013399;mvtec_AD/cable;cont_30pct_loo_patch;0.3;loo_patch;20;20;20;6;784;104;58;46;2;5;95;0.9437781109445278;0.9330145879325729;0.8627450980392156;0.5869565217391305;0.6739130434782609;-0.0018740629685156662;1.8333333333332675;0.7857142857142858;;;8.124711275100708
2026-02-17T10:42:05.113771;mvtec_AD/cable;cont_30pct_random_patch;0.3;random_patch;20;20;20;6;784;104;58;46;2;5;95;0.9430284857571214;0.932683061351294;0.8653846153846154;0.5217391304347826;0.6956521739130435;-0.002623688155922066;2.1666666666666337;0.7857142857142858;;;6.097876071929932
2026-02-17T10:42:13.230378;mvtec_AD/cable;cont_30pct_mahalanobis_patch;0.3;mahalanobis_patch;20;20;20;6;784;104;58;46;2;5;95;0.9475262368815592;0.9381470064579608;0.8737864077669902;0.5434782608695652;0.717391304347826;0.0018740629685157772;0.16666666666668312;0.7857142857142858;;;8.114571571350098
2026-02-17T10:42:17.594575;mvtec_AD/cable;cont_30pct_oracle_patch;0.3;oracle_patch;20;20;14;6;4704;104;58;46;2;5;95;0.9422788605697152;0.9332331403246494;0.8543689320388349;0.5869565217391305;0.6956521739130435;-0.0033733133433282436;2.4999999999999014;;;;4.3631978034973145
2026-02-17T10:42:25.852332;mvtec_AD/cable;cont_30pct_ensemble_loo_mahal;0.3;ensemble_loo_mahal;20;20;20;6;784;104;58;46;2;5;95;0.9482758620689655;0.9380460642770477;0.8737864077669902;0.5869565217391305;0.6739130434782609;0.002623688155922066;-0.16666666666663377;0.7857142857142858;;;8.254748582839966
2026-02-17T10:42:34.181343;mvtec_AD/cable;cont_30pct_cosine_loo;0.3;cosine_loo;20;20;20;6;784;104;58;46;2;5;95;0.949400299850075;0.938798828693501;0.8723404255319149;0.5869565217391305;0.6739130434782609;0.0037481259370315545;-0.6666666666666338;0.7857142857142858;;;8.328011751174927
2026-02-17T10:42:37.653949;mvtec_AD/cable;cont_0pct_none;0.0;none;10;10;10;0;0;104;58;46;3;5;95;0.9194152923538231;0.934161083674785;0.8686868686868686;0.6521739130434783;0.7608695652173914;;;;;;3.3084170818328857
2026-02-17T10:42:41.407610;mvtec_AD/cable;cont_0pct_loo_patch;0.0;loo_patch;10;10;10;0;392;104;58;46;3;5;95;0.9164167916041978;0.9286299957517359;0.8470588235294118;0.6521739130434783;0.782608695652174;;;;;;3.7536604404449463
2026-02-17T10:42:44.599896;mvtec_AD/cable;cont_0pct_random_patch;0.0;random_patch;10;10;10;0;392;104;58;46;3;5;95;0.9186656671664168;0.9338869556866353;0.8775510204081632;0.6304347826086957;0.782608695652174;;;;;;3.192286252975464
2026-02-17T10:42:49.033879;mvtec_AD/cable;cont_0pct_mahalanobis_patch;0.0;mahalanobis_patch;10;10;10;0;392;104;58;46;3;5;95;0.9156671664167917;0.9306285884876229;0.8604651162790697;0.6956521739130435;0.8043478260869565;;;;;;4.432982921600342
2026-02-17T10:42:49.045878;mvtec_AD/cable;cont_0pct_oracle_patch;0.0;oracle_patch;10;10;10;0;0;104;58;46;3;5;95;0.9194152923538231;0.934161083674785;0.8686868686868686;0.6521739130434783;0.7608695652173914;;;;;;0.010999441146850586
2026-02-17T10:42:53.403932;mvtec_AD/cable;cont_0pct_ensemble_loo_mahal;0.0;ensemble_loo_mahal;10;10;10;0;392;104;58;46;3;5;95;0.9134182908545727;0.9281684473916816;0.845360824742268;0.6521739130434783;0.7608695652173914;;;;;;4.3580543994903564
2026-02-17T10:42:57.061092;mvtec_AD/cable;cont_0pct_cosine_loo;0.0;cosine_loo;10;10;10;0;392;104;58;46;3;5;95;0.9137931034482758;0.9277539208637519;0.8571428571428571;0.6739130434782609;0.782608695652174;;;;;;3.6561617851257324
2026-02-17T10:43:00.264855;mvtec_AD/cable;cont_10pct_none;0.1;none;10;10;10;1;0;104;58;46;3;5;95;0.9261619190404797;0.9358185947916856;0.8842105263157894;0.6304347826086957;0.782608695652174;0.006746626686656598;-0.0;;;;3.194763660430908
2026-02-17T10:43:03.965964;mvtec_AD/cable;cont_10pct_loo_patch;0.1;loo_patch;10;10;10;1;392;104;58;46;3;5;95;0.9149175412293854;0.9242330243276228;0.8599999999999999;0.6304347826086957;0.7391304347826086;-0.004497751124437732;1.6666666666666667;1.0;;;3.7001090049743652
2026-02-17T10:43:07.038135;mvtec_AD/cable;cont_10pct_random_patch;0.1;random_patch;10;10;10;1;392;104;58;46;3;5;95;0.9246626686656674;0.935187813228019;0.8865979381443299;0.6304347826086957;0.7391304347826086;0.005247376311844243;0.22222222222218932;1.0;;;3.069870948791504
2026-02-17T10:43:11.412408;mvtec_AD/cable;cont_10pct_mahalanobis_patch;0.1;mahalanobis_patch;10;10;10;1;392;104;58;46;3;5;95;0.91904047976012;0.9320484393229613;0.8602150537634409;0.6521739130434783;0.7608695652173914;-0.00037481259370308884;1.0555555555555474;1.0;;;4.371697664260864
2026-02-17T10:43:14.277144;mvtec_AD/cable;cont_10pct_oracle_patch;0.1;oracle_patch;10;10;9;1;784;104;58;46;3;5;95;0.923913043478261;0.9374160728998651;0.8865979381443299;0.6739130434782609;0.7608695652173914;0.004497751124437843;0.3333333333333169;;;;2.864736557006836
2026-02-17T10:43:18.568544;mvtec_AD/cable;cont_10pct_ensemble_loo_mahal;0.1;ensemble_loo_mahal;10;10;10;1;392;104;58;46;3;5;95;0.9197901049475263;0.9290164183971119;0.851063829787234;0.6304347826086957;0.7391304347826086;0.00037481259370319986;0.9444444444444362;1.0;;;4.289385080337524
2026-02-17T10:43:22.294376;mvtec_AD/cable;cont_10pct_cosine_loo;0.1;cosine_loo;10;10;10;1;392;104;58;46;3;5;95;0.914167916041979;0.9259638040266274;0.853932584269663;0.6086956521739131;0.7391304347826086;-0.005247376311844132;1.7777777777777943;1.0;;;3.723832368850708
2026-02-17T10:43:25.568864;mvtec_AD/cable;cont_20pct_none;0.2;none;10;10;10;2;0;104;58;46;3;5;95;0.9404047976011994;0.9407339164843982;0.8842105263157894;0.6521739130434783;0.717391304347826;0.020989505247376306;-0.0;;;;3.2624897956848145
2026-02-17T10:43:29.306005;mvtec_AD/cable;cont_20pct_loo_patch;0.2;loo_patch;10;10;10;2;392;104;58;46;3;5;95;0.924662668665667;0.9263423399923739;0.8484848484848485;0.6086956521739131;0.717391304347826;0.00524737631184391;0.7500000000000079;0.5;;;3.7351391315460205
2026-02-17T10:43:32.515232;mvtec_AD/cable;cont_20pct_random_patch;0.2;random_patch;10;10;10;2;392;104;58;46;3;5;95;0.9377811094452774;0.9385436351364542;0.8936170212765957;0.6304347826086957;0.717391304347826;0.01836581709145424;0.12500000000000133;0.5;;;3.2072272300720215
2026-02-17T10:43:36.925107;mvtec_AD/cable;cont_20pct_mahalanobis_patch;0.2;mahalanobis_patch;10;10;10;2;392;104;58;46;3;5;95;0.9332833583208395;0.9349650981346517;0.8695652173913043;0.6521739130434783;0.717391304347826;0.013868065967016396;0.33928571428571863;0.5;;;4.408877849578857
2026-02-17T10:43:39.619475;mvtec_AD/cable;cont_20pct_oracle_patch;0.2;oracle_patch;10;10;8;2;1568;104;58;46;3;5;95;0.9272863568215893;0.9343106966814436;0.8695652173913043;0.6739130434782609;0.6956521739130435;0.007871064467766198;0.624999999999996;;;;2.692368984222412
2026-02-17T10:43:44.144484;mvtec_AD/cable;cont_20pct_ensemble_loo_mahal;0.2;ensemble_loo_mahal;10;10;10;2;392;104;58;46;3;5;95;0.9310344827586207;0.9335034694085146;0.8571428571428572;0.6521739130434783;0.717391304347826;0.01161919040479753;0.4464285714285746;0.5;;;4.522998094558716
2026-02-17T10:43:47.963881;mvtec_AD/cable;cont_20pct_cosine_loo;0.2;cosine_loo;10;10;10;2;392;104;58;46;3;5;95;0.9284107946026987;0.9261259481758519;0.851063829787234;0.6086956521739131;0.6956521739130435;0.008995502248875575;0.5714285714285706;0.5;;;3.817390203475952
2026-02-17T10:43:51.401677;mvtec_AD/cable;cont_30pct_none;0.3;none;10;10;10;3;0;104;58;46;3;5;95;0.9321589205397302;0.9313314249268636;0.8409090909090908;0.6304347826086957;0.6956521739130435;0.012743628185907019;-0.0;;;;3.4226512908935547
2026-02-17T10:43:55.150671;mvtec_AD/cable;cont_30pct_loo_patch;0.3;loo_patch;10;10;10;3;392;104;58;46;3;5;95;0.9284107946026986;0.9285600743064513;0.851063829787234;0.6304347826086957;0.7391304347826086;0.008995502248875464;0.2941176470588297;0.6190476190476191;;;3.7479944229125977
2026-02-17T10:43:58.228965;mvtec_AD/cable;cont_30pct_random_patch;0.3;random_patch;10;10;10;3;392;104;58;46;3;5;95;0.9329085457271364;0.933570145697867;0.8666666666666666;0.6304347826086957;0.717391304347826;0.013493253373313308;-0.05882352941176419;0.6190476190476191;;;3.076294183731079
2026-02-17T10:44:02.711779;mvtec_AD/cable;cont_30pct_mahalanobis_patch;0.3;mahalanobis_patch;10;10;10;3;392;104;58;46;3;5;95;0.9325337331334332;0.9319666061514211;0.8484848484848485;0.6304347826086957;0.7608695652173914;0.013118440779610108;-0.02941176470587774;0.6190476190476191;;;4.480773448944092
2026-02-17T10:44:05.069961;mvtec_AD/cable;cont_30pct_oracle_patch;0.3;oracle_patch;10;10;7;3;2352;104;58;46;3;5;95;0.9190404797601199;0.9309298021782751;0.853932584269663;0.6739130434782609;0.7608695652173914;-0.00037481259370319986;1.0294117647058865;;;;2.357091188430786
2026-02-17T10:44:09.473806;mvtec_AD/cable;cont_30pct_ensemble_loo_mahal;0.3;ensemble_loo_mahal;10;10;10;3;392;104;58;46;3;5;95;0.9314092953523239;0.931844546659335;0.8631578947368421;0.6521739130434783;0.7391304347826086;0.01199400299850073;0.05882352941176419;0.6190476190476191;;;4.401764392852783
2026-02-17T10:44:13.269751;mvtec_AD/cable;cont_30pct_cosine_loo;0.3;cosine_loo;10;10;10;3;392;104;58;46;3;5;95;0.9321589205397302;0.9295917877701905;0.851063829787234;0.6304347826086957;0.7391304347826086;0.012743628185907019;-0.0;0.6190476190476191;;;3.7938966751098633
2026-02-17T10:44:20.035516;mvtec_AD/cable;cont_0pct_none;0.0;none;20;20;20;0;0;104;58;46;3;5;95;0.9565217391304348;0.9552757921371389;0.8936170212765957;0.6739130434782609;0.8260869565217391;;;;;;6.581890106201172
2026-02-17T10:44:28.809620;mvtec_AD/cable;cont_0pct_loo_patch;0.0;loo_patch;20;20;20;0;784;104;58;46;3;5;95;0.957271364317841;0.9547027362915734;0.9032258064516129;0.6521739130434783;0.8260869565217391;;;;;;8.77410340309143
2026-02-17T10:44:35.257858;mvtec_AD/cable;cont_0pct_random_patch;0.0;random_patch;20;20;20;0;784;104;58;46;3;5;95;0.9557721139430284;0.9544141854697235;0.888888888888889;0.6739130434782609;0.8043478260869565;;;;;;6.448237895965576
2026-02-17T10:44:43.782029;mvtec_AD/cable;cont_0pct_mahalanobis_patch;0.0;mahalanobis_patch;20;20;20;0;784;104;58;46;3;5;95;0.9523988005997001;0.9513431650909948;0.8936170212765957;0.6739130434782609;0.8043478260869565;;;;;;8.523163080215454
2026-02-17T10:44:43.804603;mvtec_AD/cable;cont_0pct_oracle_patch;0.0;oracle_patch;20;20;20;0;0;104;58;46;3;5;95;0.9565217391304348;0.9552757921371389;0.8936170212765957;0.6739130434782609;0.8260869565217391;;;;;;0.021141767501831055
2026-02-17T10:44:52.528293;mvtec_AD/cable;cont_0pct_ensemble_loo_mahal;0.0;ensemble_loo_mahal;20;20;20;0;784;104;58;46;3;5;95;0.9516491754122939;0.9518042206460341;0.9032258064516129;0.6739130434782609;0.8043478260869565;;;;;;8.72268009185791
2026-02-17T10:45:01.080938;mvtec_AD/cable;cont_0pct_cosine_loo;0.0;cosine_loo;20;20;20;0;784;104;58;46;3;5;95;0.9516491754122938;0.9489443606903902;0.8764044943820224;0.7391304347826086;0.7608695652173914;;;;;;8.551634073257446
2026-02-17T10:45:07.518493;mvtec_AD/cable;cont_10pct_none;0.1;none;20;20;20;2;0;104;58;46;3;5;95;0.9636431784107946;0.9583259271652018;0.898876404494382;0.6086956521739131;0.8695652173913043;0.007121439280359798;-0.0;;;;6.420557498931885
2026-02-17T10:45:15.902237;mvtec_AD/cable;cont_10pct_loo_patch;0.1;loo_patch;20;20;20;2;784;104;58;46;3;5;95;0.9580209895052475;0.9542520590959123;0.888888888888889;0.6086956521739131;0.8260869565217391;0.0014992503748126884;0.7894736842105123;0.7222222222222222;;;8.381508111953735
2026-02-17T10:45:22.786528;mvtec_AD/cable;cont_10pct_random_patch;0.1;random_patch;20;20;20;2;784;104;58;46;3;5;95;0.9617691154422789;0.9574103416543616;0.898876404494382;0.6086956521739131;0.8695652173913043;0.005247376311844132;0.26315789473683227;0.7222222222222222;;;6.8820013999938965
2026-02-17T10:45:32.293700;mvtec_AD/cable;cont_10pct_mahalanobis_patch;0.1;mahalanobis_patch;20;20;20;2;784;104;58;46;3;5;95;0.95952023988006;0.9558112157531375;0.9010989010989011;0.6304347826086957;0.8260869565217391;0.0029985007496251548;0.5789473684210559;0.7222222222222222;;;9.50573444366455
2026-02-17T10:45:41.243725;mvtec_AD/cable;cont_10pct_oracle_patch;0.1;oracle_patch;20;20;18;2;1568;104;58;46;3;5;95;0.9602698650674664;0.9563597361693216;0.8913043478260869;0.6739130434782609;0.8260869565217391;0.0037481259370315545;0.47368421052630433;;;;8.948538303375244
2026-02-17T10:46:58.946373;mvtec_AD/cable;cont_10pct_ensemble_loo_mahal;0.1;ensemble_loo_mahal;20;20;20;2;784;104;58;46;3;5;95;0.9553973013493253;0.9524734518411282;0.9010989010989011;0.5652173913043478;0.8260869565217391;-0.0011244377811094886;1.1578947368421117;0.7222222222222222;;;77.70064759254456
2026-02-17T10:47:07.201484;mvtec_AD/cable;cont_10pct_cosine_loo;0.1;cosine_loo;20;20;20;2;784;104;58;46;3;5;95;0.9535232383808095;0.9495936125815656;0.8842105263157894;0.6304347826086957;0.8043478260869565;-0.002998500749625266;1.4210526315789598;0.7222222222222222;;;8.254111766815186
2026-02-17T10:47:13.098948;mvtec_AD/cable;cont_20pct_none;0.2;none;20;20;20;4;0;104;58;46;3;5;95;0.952023988005997;0.9464497006722246;0.888888888888889;0.5434782608695652;0.8260869565217391;-0.004497751124437843;0.0;;;;5.876462936401367
2026-02-17T10:47:20.834668;mvtec_AD/cable;cont_20pct_loo_patch;0.2;loo_patch;20;20;20;4;784;104;58;46;3;5;95;0.9452773613193404;0.9433332302156812;0.8764044943820224;0.5652173913043478;0.8260869565217391;-0.011244377811094441;-1.499999999999963;0.625;;;7.735201120376587
2026-02-17T10:47:26.610371;mvtec_AD/cable;cont_20pct_random_patch;0.2;random_patch;20;20;20;4;784;104;58;46;3;5;95;0.9516491754122938;0.9476869897686993;0.8936170212765957;0.5652173913043478;0.8260869565217391;-0.004872563718141043;-0.08333333333334361;0.625;;;5.773701190948486
2026-02-17T10:47:34.725139;mvtec_AD/cable;cont_20pct_mahalanobis_patch;0.2;mahalanobis_patch;20;20;20;4;784;104;58;46;3;5;95;0.946776611694153;0.9425522182070458;0.8837209302325583;0.5434782608695652;0.8260869565217391;-0.009745127436281864;-1.1666666666666379;0.625;;;8.113767862319946
2026-02-17T10:47:39.516391;mvtec_AD/cable;cont_20pct_oracle_patch;0.2;oracle_patch;20;20;16;4;3136;104;58;46;3;5;95;0.9535232383808095;0.9488212224852086;0.8791208791208792;0.5434782608695652;0.8260869565217391;-0.002998500749625266;0.3333333333333251;;;;4.7903642654418945
2026-02-17T10:47:47.620977;mvtec_AD/cable;cont_20pct_ensemble_loo_mahal;0.2;ensemble_loo_mahal;20;20;20;4;784;104;58;46;3;5;95;0.947151424287856;0.9451718181310533;0.888888888888889;0.5434782608695652;0.8260869565217391;-0.009370314842578775;-1.0833333333333188;0.625;;;8.103586435317993
2026-02-17T10:47:55.896214;mvtec_AD/cable;cont_20pct_cosine_loo;0.2;cosine_loo;20;20;20;4;784;104;58;46;3;5;95;0.9464017991004499;0.9441412136647344;0.8764044943820224;0.5434782608695652;0.8260869565217391;-0.010119940029984953;-1.2499999999999567;0.625;;;8.274237155914307
2026-02-17T10:48:02.068203;mvtec_AD/cable;cont_30pct_none;0.3;none;20;20;20;6;0;104;58;46;3;5;95;0.93928035982009;0.937225594314474;0.8837209302325583;0.5217391304347826;0.8260869565217391;-0.017241379310344862;0.0;;;;6.13598895072937
2026-02-17T10:48:09.879382;mvtec_AD/cable;cont_30pct_loo_patch;0.3;loo_patch;20;20;20;6;784;104;58;46;3;5;95;0.9314092953523239;0.9300546982793162;0.8636363636363636;0.5652173913043478;0.782608695652174;-0.02511244377811095;-0.45652173913043215;0.5833333333333334;;;7.807854890823364
2026-02-17T10:48:15.679351;mvtec_AD/cable;cont_30pct_random_patch;0.3;random_patch;20;20;20;6;784;104;58;46;3;5;95;0.936656671664168;0.934702883987536;0.8764044943820224;0.5217391304347826;0.8260869565217391;-0.019865067466266817;-0.15217391304347308;0.5833333333333334;;;5.797969818115234
2026-02-17T10:48:23.793206;mvtec_AD/cable;cont_30pct_mahalanobis_patch;0.3;mahalanobis_patch;20;20;20;6;784;104;58;46;3;5;95;0.9332833583208395;0.9322602759371591;0.8735632183908046;0.5217391304347826;0.782608695652174;-0.023238380809595283;-0.3478260869565237;0.5833333333333334;;;8.111855745315552
2026-02-17T10:48:28.058046;mvtec_AD/cable;cont_30pct_oracle_patch;0.3;oracle_patch;20;20;14;6;4704;104;58;46;3;5;95;0.9520239880059971;0.9475104350159675;0.8791208791208792;0.6086956521739131;0.8260869565217391;-0.004497751124437732;0.7391304347826121;;;;4.263839483261108
2026-02-17T10:48:35.980793;mvtec_AD/cable;cont_30pct_ensemble_loo_mahal;0.3;ensemble_loo_mahal;20;20;20;6;784;104;58;46;3;5;95;0.9280359820089956;0.9277617807285817;0.8636363636363636;0.5217391304347826;0.782608695652174;-0.028485757121439192;-0.6521739130434698;0.5833333333333334;;;7.9207446575164795
2026-02-17T10:48:44.176923;mvtec_AD/cable;cont_30pct_cosine_loo;0.3;cosine_loo;20;20;20;6;784;104;58;46;3;5;95;0.9329085457271364;0.9337452722913522;0.8636363636363636;0.5869565217391305;0.8043478260869565;-0.02361319340329837;-0.3695652173913028;0.5833333333333334;;;8.194130420684814
2026-02-17T10:48:47.389669;mvtec_AD/cable;cont_0pct_none;0.0;none;10;10;10;0;0;104;58;46;4;5;95;0.9302848575712144;0.9363516200198921;0.8666666666666666;0.6304347826086957;0.782608695652174;;;;;;3.0594305992126465
2026-02-17T10:48:50.797768;mvtec_AD/cable;cont_0pct_loo_patch;0.0;loo_patch;10;10;10;0;392;104;58;46;4;5;95;0.9167916041979012;0.9245738130312413;0.8433734939759038;0.5869565217391305;0.7608695652173914;;;;;;3.4068570137023926
2026-02-17T10:48:53.866459;mvtec_AD/cable;cont_0pct_random_patch;0.0;random_patch;10;10;10;0;392;104;58;46;4;5;95;0.9299100449775112;0.9353056168246072;0.8604651162790697;0.6304347826086957;0.782608695652174;;;;;;3.0676815509796143
2026-02-17T10:48:58.317066;mvtec_AD/cable;cont_0pct_mahalanobis_patch;0.0;mahalanobis_patch;10;10;10;0;392;104;58;46;4;5;95;0.9250374812593704;0.9346156680021153;0.8636363636363636;0.6956521739130435;0.782608695652174;;;;;;4.449606418609619
2026-02-17T10:48:58.329858;mvtec_AD/cable;cont_0pct_oracle_patch;0.0;oracle_patch;10;10;10;0;0;104;58;46;4;5;95;0.9302848575712144;0.9363516200198921;0.8666666666666666;0.6304347826086957;0.782608695652174;;;;;;0.011470794677734375
2026-02-17T10:49:02.876650;mvtec_AD/cable;cont_0pct_ensemble_loo_mahal;0.0;ensemble_loo_mahal;10;10;10;0;392;104;58;46;4;5;95;0.9186656671664167;0.9275063365312626;0.853932584269663;0.6304347826086957;0.782608695652174;;;;;;4.545791864395142
2026-02-17T10:49:06.418556;mvtec_AD/cable;cont_0pct_cosine_loo;0.0;cosine_loo;10;10;10;0;392;104;58;46;4;5;95;0.91904047976012;0.9272930073528278;0.8571428571428571;0.6086956521739131;0.782608695652174;;;;;;3.540905714035034
2026-02-17T10:49:09.488719;mvtec_AD/cable;cont_10pct_none;0.1;none;10;10;10;1;0;104;58;46;4;5;95;0.9239130434782609;0.9311346073435722;0.8764044943820224;0.6304347826086957;0.782608695652174;-0.006371814092953509;0.0;;;;3.061710834503174
2026-02-17T10:49:12.971729;mvtec_AD/cable;cont_10pct_loo_patch;0.1;loo_patch;10;10;10;1;392;104;58;46;4;5;95;0.921664167916042;0.9307946473323823;0.8602150537634409;0.5869565217391305;0.7608695652173914;-0.008620689655172376;-0.35294117647058515;0.4444444444444444;;;3.4820096492767334
2026-02-17T10:49:15.939070;mvtec_AD/cable;cont_10pct_random_patch;0.1;random_patch;10;10;10;1;392;104;58;46;4;5;95;0.926911544227886;0.9336624061882159;0.8764044943820224;0.6304347826086957;0.782608695652174;-0.0033733133433283546;0.47058823529411353;0.4444444444444444;;;2.965989351272583
2026-02-17T10:49:20.232671;mvtec_AD/cable;cont_10pct_mahalanobis_patch;0.1;mahalanobis_patch;10;10;10;1;392;104;58;46;4;5;95;0.9216641679160419;0.9334651306886939;0.8764044943820224;0.717391304347826;0.7608695652173914;-0.008620689655172487;-0.3529411764706026;0.4444444444444444;;;4.291601181030273
2026-02-17T10:49:23.027246;mvtec_AD/cable;cont_10pct_oracle_patch;0.1;oracle_patch;10;10;9;1;784;104;58;46;4;5;95;0.9404047976011994;0.9437179145162259;0.8695652173913043;0.6739130434782609;0.8043478260869565;0.010119940029985064;2.588235294117659;;;;2.793574333190918
2026-02-17T10:49:27.448136;mvtec_AD/cable;cont_10pct_ensemble_loo_mahal;0.1;ensemble_loo_mahal;10;10;10;1;392;104;58;46;4;5;95;0.9160419790104949;0.9268638469564945;0.8636363636363636;0.6521739130434783;0.782608695652174;-0.014242878560719485;-1.2352941176470393;0.4444444444444444;;;4.418891191482544
2026-02-17T10:49:30.927535;mvtec_AD/cable;cont_10pct_cosine_loo;0.1;cosine_loo;10;10;10;1;392;104;58;46;4;5;95;0.9254122938530736;0.9349656150626044;0.8695652173913043;0.6304347826086957;0.782608695652174;-0.004872563718140821;0.2352941176470742;0.4444444444444444;;;3.4773507118225098
2026-02-17T10:49:34.021875;mvtec_AD/cable;cont_20pct_none;0.2;none;10;10;10;2;0;104;58;46;4;5;95;0.9261619190404797;0.9312172739401398;0.8666666666666666;0.6304347826086957;0.8043478260869565;-0.004122938530734643;0.0;;;;3.0812020301818848
2026-02-17T10:49:37.599027;mvtec_AD/cable;cont_20pct_loo_patch;0.2;loo_patch;10;10;10;2;392;104;58;46;4;5;95;0.9302848575712144;0.9371850834307296;0.8695652173913043;0.6739130434782609;0.7608695652173914;0.0;1.0;0.875;;;3.575150966644287
2026-02-17T10:49:40.622900;mvtec_AD/cable;cont_20pct_random_patch;0.2;random_patch;10;10;10;2;392;104;58;46;4;5;95;0.9302848575712144;0.9344397824651071;0.8666666666666666;0.6304347826086957;0.782608695652174;0.0;1.0;0.875;;;3.0217907428741455
2026-02-17T10:49:44.888944;mvtec_AD/cable;cont_20pct_mahalanobis_patch;0.2;mahalanobis_patch;10;10;10;2;392;104;58;46;4;5;95;0.9182908545727138;0.9279990914888472;0.8571428571428571;0.6956521739130435;0.782608695652174;-0.011994002998500619;-1.9090909090908699;0.875;;;4.2645227909088135
2026-02-17T10:49:47.437190;mvtec_AD/cable;cont_20pct_oracle_patch;0.2;oracle_patch;10;10;8;2;1568;104;58;46;4;5;95;0.9486506746626686;0.9510057059569057;0.8936170212765957;0.6956521739130435;0.8043478260869565;0.01836581709145424;5.454545454545435;;;;2.5472466945648193
2026-02-17T10:49:51.859893;mvtec_AD/cable;cont_20pct_ensemble_loo_mahal;0.2;ensemble_loo_mahal;10;10;10;2;392;104;58;46;4;5;95;0.926536731634183;0.9348410343514965;0.8571428571428571;0.717391304347826;0.782608695652174;-0.0037481259370313325;0.09090909090913007;0.875;;;4.420702219009399
2026-02-17T10:49:55.552969;mvtec_AD/cable;cont_20pct_cosine_loo;0.2;cosine_loo;10;10;10;2;392;104;58;46;4;5;95;0.9310344827586207;0.9398164442788443;0.8666666666666666;0.7391304347826086;0.7608695652173914;0.0007496251874062887;1.1818181818181794;0.875;;;3.6920762062072754
2026-02-17T10:49:58.783055;mvtec_AD/cable;cont_30pct_none;0.3;none;10;10;10;3;0;104;58;46;4;5;95;0.9242878560719641;0.9253023888974188;0.8636363636363636;0.5869565217391305;0.7608695652173914;-0.0059970014992503096;0.0;;;;3.2126083374023438
2026-02-17T10:50:02.412576;mvtec_AD/cable;cont_30pct_loo_patch;0.3;loo_patch;10;10;10;3;392;104;58;46;4;5;95;0.9246626686656672;0.928673912928493;0.8505747126436782;0.6086956521739131;0.7608695652173914;-0.005622188905547221;0.062499999999990744;0.7142857142857143;;;3.6275200843811035
2026-02-17T10:50:05.467756;mvtec_AD/cable;cont_30pct_random_patch;0.3;random_patch;10;10;10;3;392;104;58;46;4;5;95;0.9321589205397302;0.9356700976514849;0.8764044943820224;0.6304347826086957;0.7608695652173914;0.0018740629685157772;1.3125000000000093;0.7142857142857143;;;3.0541794300079346
2026-02-17T10:50:09.920072;mvtec_AD/cable;cont_30pct_mahalanobis_patch;0.3;mahalanobis_patch;10;10;10;3;392;104;58;46;4;5;95;0.914167916041979;0.9210693132376969;0.8636363636363636;0.5652173913043478;0.7608695652173914;-0.016116941529235373;-1.6875000000000278;0.7142857142857143;;;4.4513161182403564
2026-02-17T10:50:12.276768;mvtec_AD/cable;cont_30pct_oracle_patch;0.3;oracle_patch;10;10;7;3;2352;104;58;46;4;5;95;0.9404047976011993;0.9451925062423713;0.878048780487805;0.782608695652174;0.782608695652174;0.010119940029984953;2.6875000000000093;;;;2.3556928634643555
2026-02-17T10:50:16.783682;mvtec_AD/cable;cont_30pct_ensemble_loo_mahal;0.3;ensemble_loo_mahal;10;10;10;3;392;104;58;46;4;5;95;0.9194152923538231;0.9272930254159275;0.853932584269663;0.6521739130434783;0.7608695652173914;-0.010869565217391242;-0.8125000000000092;0.7142857142857143;;;4.505913496017456
2026-02-17T10:50:20.552790;mvtec_AD/cable;cont_30pct_cosine_loo;0.3;cosine_loo;10;10;10;3;392;104;58;46;4;5;95;0.9269115442278861;0.9308542537546163;0.8571428571428571;0.6304347826086957;0.7608695652173914;-0.0033733133433282436;0.43750000000000927;0.7142857142857143;;;3.767108201980591
2026-02-17T10:50:27.279723;mvtec_AD/cable;cont_0pct_none;0.0;none;20;20;20;0;0;104;58;46;4;5;95;0.9482758620689655;0.9526618680043428;0.8775510204081632;0.7391304347826086;0.8260869565217391;;;;;;6.543627977371216
2026-02-17T10:50:35.555709;mvtec_AD/cable;cont_0pct_loo_patch;0.0;loo_patch;20;20;20;0;784;104;58;46;4;5;95;0.9385307346326837;0.9412732377693889;0.8636363636363636;0.6956521739130435;0.782608695652174;;;;;;8.274943828582764
2026-02-17T10:50:41.613186;mvtec_AD/cable;cont_0pct_random_patch;0.0;random_patch;20;20;20;0;784;104;58;46;4;5;95;0.9464017991004499;0.9512427168531785;0.8865979381443299;0.7391304347826086;0.8043478260869565;;;;;;6.056475639343262
2026-02-17T10:50:50.196910;mvtec_AD/cable;cont_0pct_mahalanobis_patch;0.0;mahalanobis_patch;20;20;20;0;784;104;58;46;4;5;95;0.9381559220389806;0.9432246984391881;0.8735632183908046;0.717391304347826;0.8260869565217391;;;;;;8.540398597717285
2026-02-17T10:50:50.216911;mvtec_AD/cable;cont_0pct_oracle_patch;0.0;oracle_patch;20;20;20;0;0;104;58;46;4;5;95;0.9482758620689655;0.9526618680043428;0.8775510204081632;0.7391304347826086;0.8260869565217391;;;;;;0.019001483917236328
2026-02-17T10:50:58.786111;mvtec_AD/cable;cont_0pct_ensemble_loo_mahal;0.0;ensemble_loo_mahal;20;20;20;0;784;104;58;46;4;5;95;0.9396551724137931;0.9438796867184496;0.8735632183908046;0.717391304347826;0.8260869565217391;;;;;;8.495481014251709
2026-02-17T10:51:07.758224;mvtec_AD/cable;cont_0pct_cosine_loo;0.0;cosine_loo;20;20;20;0;784;104;58;46;4;5;95;0.9411544227886057;0.9453654843488903;0.8735632183908046;0.717391304347826;0.8260869565217391;;;;;;8.971112966537476
2026-02-17T10:51:14.469395;mvtec_AD/cable;cont_10pct_none;0.1;none;20;20;20;2;0;104;58;46;4;5;95;0.9332833583208396;0.938293240574047;0.8674698795180723;0.6739130434782609;0.782608695652174;-0.014992503748125885;0.0;;;;6.687828063964844
2026-02-17T10:51:22.882941;mvtec_AD/cable;cont_10pct_loo_patch;0.1;loo_patch;20;20;20;2;784;104;58;46;4;5;95;0.9257871064467766;0.9321072940663352;0.8571428571428571;0.6086956521739131;0.782608695652174;-0.022488755622188883;-0.5000000000000037;0.75;;;8.411516189575195
2026-02-17T10:51:29.097145;mvtec_AD/cable;cont_10pct_random_patch;0.1;random_patch;20;20;20;2;784;104;58;46;4;5;95;0.9389055472263869;0.9421036500575923;0.8674698795180723;0.6956521739130435;0.782608695652174;-0.009370314842578664;0.37500000000000094;0.75;;;6.212681293487549
2026-02-17T10:51:37.354516;mvtec_AD/cable;cont_10pct_mahalanobis_patch;0.1;mahalanobis_patch;20;20;20;2;784;104;58;46;4;5;95;0.9317841079460271;0.9386481065768428;0.8735632183908046;0.6956521739130435;0.8260869565217391;-0.016491754122938462;-0.09999999999999926;0.75;;;8.255371332168579
2026-02-17T10:51:42.997910;mvtec_AD/cable;cont_10pct_oracle_patch;0.1;oracle_patch;20;20;18;2;1568;104;58;46;4;5;95;0.9400299850074962;0.9446363877356487;0.8764044943820224;0.6739130434782609;0.8043478260869565;-0.008245877061469287;0.4499999999999967;;;;5.642391920089722
2026-02-17T10:51:51.246502;mvtec_AD/cable;cont_10pct_ensemble_loo_mahal;0.1;ensemble_loo_mahal;20;20;20;2;784;104;58;46;4;5;95;0.9314092953523239;0.9370007241510616;0.8674698795180723;0.717391304347826;0.782608695652174;-0.016866566716641662;-0.12500000000000278;0.75;;;8.245590925216675
2026-02-17T10:51:59.553619;mvtec_AD/cable;cont_10pct_cosine_loo;0.1;cosine_loo;20;20;20;2;784;104;58;46;4;5;95;0.9329085457271366;0.9388883244118318;0.8764044943820224;0.6956521739130435;0.8043478260869565;-0.015367316341828974;-0.024999999999996112;0.75;;;8.306116580963135
2026-02-17T10:52:05.781129;mvtec_AD/cable;cont_20pct_none;0.2;none;20;20;20;4;0;104;58;46;4;5;95;0.9362818590704647;0.9398736493052432;0.8674698795180723;0.6956521739130435;0.782608695652174;-0.011994002998500841;0.0;;;;6.205505132675171
2026-02-17T10:52:13.835695;mvtec_AD/cable;cont_20pct_loo_patch;0.2;loo_patch;20;20;20;4;784;104;58;46;4;5;95;0.9284107946026986;0.9349953575977195;0.8705882352941177;0.6956521739130435;0.8043478260869565;-0.019865067466266928;-0.6562499999999925;0.625;;;8.052565097808838
2026-02-17T10:52:19.752255;mvtec_AD/cable;cont_20pct_random_patch;0.2;random_patch;20;20;20;4;784;104;58;46;4;5;95;0.9377811094452774;0.9405154884648494;0.8674698795180723;0.6739130434782609;0.782608695652174;-0.010494752623688153;0.12500000000000694;0.625;;;5.914560556411743
2026-02-17T10:52:29.141818;mvtec_AD/cable;cont_20pct_mahalanobis_patch;0.2;mahalanobis_patch;20;20;20;4;784;104;58;46;4;5;95;0.9336581709145427;0.9396303497997427;0.8735632183908046;0.717391304347826;0.8260869565217391;-0.014617691154422796;-0.2187499999999913;0.625;;;9.387563467025757
2026-02-17T10:52:34.186926;mvtec_AD/cable;cont_20pct_oracle_patch;0.2;oracle_patch;20;20;16;4;3136;104;58;46;4;5;95;0.941904047976012;0.9452194681800724;0.8764044943820224;0.6956521739130435;0.8260869565217391;-0.006371814092953509;0.4687500000000052;;;;5.044109582901001
2026-02-17T10:52:42.640190;mvtec_AD/cable;cont_20pct_ensemble_loo_mahal;0.2;ensemble_loo_mahal;20;20;20;4;784;104;58;46;4;5;95;0.9276611694152923;0.934677992179315;0.8674698795180723;0.7391304347826086;0.782608695652174;-0.020614692653673217;-0.7187499999999913;0.625;;;8.451263427734375
2026-02-17T10:52:50.933168;mvtec_AD/cable;cont_20pct_cosine_loo;0.2;cosine_loo;20;20;20;4;784;104;58;46;4;5;95;0.9340329835082459;0.9395016804092612;0.8705882352941177;0.717391304347826;0.8043478260869565;-0.014242878560719596;-0.18749999999998726;0.625;;;8.290977478027344
2026-02-17T10:52:57.382484;mvtec_AD/cable;cont_30pct_none;0.3;none;20;20;20;6;0;104;58;46;4;5;95;0.9490254872563718;0.9532875358184227;0.8865979381443299;0.7391304347826086;0.8043478260869565;0.0007496251874062887;-0.0;;;;6.423314571380615
2026-02-17T10:53:05.650369;mvtec_AD/cable;cont_30pct_loo_patch;0.3;loo_patch;20;20;20;6;784;104;58;46;4;5;95;0.9456521739130436;0.950971637384982;0.8775510204081632;0.7391304347826086;0.8043478260869565;-0.002623688155921955;4.499999999999926;0.5833333333333333;;;8.26688551902771
2026-02-17T10:53:11.747494;mvtec_AD/cable;cont_30pct_random_patch;0.3;random_patch;20;20;20;6;784;104;58;46;4;5;95;0.9475262368815592;0.9525613302037399;0.8809523809523809;0.717391304347826;0.8043478260869565;-0.0007496251874062887;2.0;0.5833333333333333;;;6.095225811004639
2026-02-17T10:53:20.446053;mvtec_AD/cable;cont_30pct_mahalanobis_patch;0.3;mahalanobis_patch;20;20;20;6;784;104;58;46;4;5;95;0.9479010494752624;0.9522653423950551;0.8965517241379309;0.7608695652173914;0.8478260869565217;-0.00037481259370308884;1.4999999999999258;0.5833333333333333;;;8.696035623550415
2026-02-17T10:53:24.962369;mvtec_AD/cable;cont_30pct_oracle_patch;0.3;oracle_patch;20;20;14;6;4704;104;58;46;4;5;95;0.9441529235382309;0.9506675535052818;0.8965517241379309;0.7391304347826086;0.8478260869565217;-0.004122938530734643;6.500000000000074;;;;4.51531457901001
2026-02-17T10:53:33.212107;mvtec_AD/cable;cont_30pct_ensemble_loo_mahal;0.3;ensemble_loo_mahal;20;20;20;6;784;104;58;46;4;5;95;0.9501499250374813;0.9529008734828947;0.8865979381443299;0.7608695652173914;0.8478260869565217;0.0018740629685157772;-1.5000000000000742;0.5833333333333333;;;8.24669599533081
2026-02-17T10:53:41.625613;mvtec_AD/cable;cont_30pct_cosine_loo;0.3;cosine_loo;20;20;20;6;784;104;58;46;4;5;95;0.9456521739130436;0.9515370394319663;0.8842105263157894;0.7608695652173914;0.8260869565217391;-0.002623688155921955;4.499999999999926;0.5833333333333333;;;8.412505626678467
2026-02-17T10:53:45.762545;mvtec_AD/screw;cont_0pct_none;0.0;none;10;10;10;0;0;101;41;60;0;5;95;0.5341463414634147;0.5821603934925921;0.780821917808219;0.0;0.0;;;;;;3.0539236068725586
2026-02-17T10:53:49.208660;mvtec_AD/screw;cont_0pct_loo_patch;0.0;loo_patch;10;10;10;0;392;101;41;60;0;5;95;0.5621951219512196;0.6031976363573623;0.7643312101910829;0.0;0.0;;;;;;3.4451146125793457
2026-02-17T10:53:52.168299;mvtec_AD/screw;cont_0pct_random_patch;0.0;random_patch;10;10;10;0;392;101;41;60;0;5;95;0.5292682926829269;0.580815366118824;0.7692307692307692;0.0;0.0;;;;;;2.958641290664673
2026-02-17T10:53:56.671101;mvtec_AD/screw;cont_0pct_mahalanobis_patch;0.0;mahalanobis_patch;10;10;10;0;392;101;41;60;0;5;95;0.5626016260162601;0.6001783851777522;0.7741935483870968;0.0;0.016666666666666666;;;;;;4.501800775527954
2026-02-17T10:53:56.683101;mvtec_AD/screw;cont_0pct_oracle_patch;0.0;oracle_patch;10;10;10;0;0;101;41;60;0;5;95;0.5341463414634147;0.5821603934925921;0.780821917808219;0.0;0.0;;;;;;0.011000871658325195
2026-02-17T10:54:01.097232;mvtec_AD/screw;cont_0pct_ensemble_loo_mahal;0.0;ensemble_loo_mahal;10;10;10;0;392;101;41;60;0;5;95;0.567479674796748;0.6147546689409207;0.7662337662337662;0.016666666666666666;0.016666666666666666;;;;;;4.413131475448608
2026-02-17T10:54:04.659449;mvtec_AD/screw;cont_0pct_cosine_loo;0.0;cosine_loo;10;10;10;0;392;101;41;60;0;5;95;0.5650406504065041;0.6053409991710761;0.7643312101910829;0.0;0.0;;;;;;3.56121563911438
2026-02-17T10:54:07.714910;mvtec_AD/screw;cont_10pct_none;0.1;none;10;10;10;1;0;101;41;60;0;5;95;0.5264227642276422;0.5778006827584871;0.780821917808219;0.0;0.0;-0.007723577235772439;0.0;;;;3.0454604625701904
2026-02-17T10:54:11.162282;mvtec_AD/screw;cont_10pct_loo_patch;0.1;loo_patch;10;10;10;1;392;101;41;60;0;5;95;0.5288617886178861;0.5829318355302464;0.7682119205298011;0.0;0.016666666666666666;-0.005284552845528534;0.3157894736842075;0.5555555555555556;;;3.445338249206543
2026-02-17T10:54:14.047790;mvtec_AD/screw;cont_10pct_random_patch;0.1;random_patch;10;10;10;1;392;101;41;60;0;5;95;0.5227642276422765;0.5781675536933686;0.778523489932886;0.0;0.016666666666666666;-0.011382113821138184;-0.4736842105262969;0.5555555555555556;;;2.883991241455078
2026-02-17T10:54:18.279802;mvtec_AD/screw;cont_10pct_mahalanobis_patch;0.1;mahalanobis_patch;10;10;10;1;392;101;41;60;0;5;95;0.5463414634146342;0.6033950602843071;0.7894736842105263;0.016666666666666666;0.03333333333333333;0.012195121951219523;2.5789473684210376;0.5555555555555556;;;4.232012510299683
2026-02-17T10:54:21.023426;mvtec_AD/screw;cont_10pct_oracle_patch;0.1;oracle_patch;10;10;9;1;784;101;41;60;0;5;95;0.5329268292682927;0.5816060918069055;0.7692307692307692;0.0;0.0;-0.0012195121951219523;0.8421052631578962;;;;2.742201089859009
2026-02-17T10:54:25.358660;mvtec_AD/screw;cont_10pct_ensemble_loo_mahal;0.1;ensemble_loo_mahal;10;10;10;1;392;101;41;60;0;5;95;0.538211382113821;0.5996517605077528;0.7733333333333334;0.016666666666666666;0.016666666666666666;0.00406504065040636;1.52631578947366;0.5555555555555556;;;4.334169626235962
2026-02-17T10:54:28.945816;mvtec_AD/screw;cont_10pct_cosine_loo;0.1;cosine_loo;10;10;10;1;392;101;41;60;0;5;95;0.5284552845528455;0.5845113763686791;0.7837837837837838;0.0;0.016666666666666666;-0.005691056910569148;0.26315789473684437;0.5555555555555556;;;3.585129737854004
2026-02-17T10:54:32.050521;mvtec_AD/screw;cont_20pct_none;0.2;none;10;10;10;2;0;101;41;60;0;5;95;0.5483739837398374;0.5890784437165476;0.780821917808219;0.0;0.0;0.014227642276422703;-0.0;;;;3.0906424522399902
2026-02-17T10:54:35.567223;mvtec_AD/screw;cont_20pct_loo_patch;0.2;loo_patch;10;10;10;2;392;101;41;60;0;5;95;0.5508130081300813;0.5982496081059401;0.763157894736842;0.016666666666666666;0.016666666666666666;0.016666666666666607;-0.17142857142857232;0.625;;;3.514691114425659
2026-02-17T10:54:38.515124;mvtec_AD/screw;cont_20pct_random_patch;0.2;random_patch;10;10;10;2;392;101;41;60;0;5;95;0.5471544715447154;0.5897352229895579;0.7692307692307692;0.0;0.0;0.01300813008130075;0.08571428571428616;0.625;;;2.946902275085449
2026-02-17T10:54:42.733637;mvtec_AD/screw;cont_20pct_mahalanobis_patch;0.2;mahalanobis_patch;10;10;10;2;392;101;41;60;0;5;95;0.5723577235772357;0.6184001206589526;0.7741935483870968;0.016666666666666666;0.016666666666666666;0.038211382113821024;-1.6857142857142893;0.625;;;4.217512607574463
2026-02-17T10:54:45.207102;mvtec_AD/screw;cont_20pct_oracle_patch;0.2;oracle_patch;10;10;8;2;1568;101;41;60;0;5;95;0.5463414634146342;0.5886492547266449;0.763157894736842;0.0;0.0;0.012195121951219523;0.1428571428571384;;;;2.4734654426574707
2026-02-17T10:54:49.517148;mvtec_AD/screw;cont_20pct_ensemble_loo_mahal;0.2;ensemble_loo_mahal;10;10;10;2;392;101;41;60;0;5;95;0.5682926829268292;0.6152701444525962;0.7662337662337662;0.016666666666666666;0.016666666666666666;0.03414634146341455;-1.4000000000000046;0.625;;;4.310045957565308
2026-02-17T10:54:53.090169;mvtec_AD/screw;cont_20pct_cosine_loo;0.2;cosine_loo;10;10;10;2;392;101;41;60;0;5;95;0.5609756097560976;0.609668387186015;0.7682119205298011;0.016666666666666666;0.016666666666666666;0.02682926829268295;-0.8857142857142956;0.625;;;3.5706329345703125
2026-02-17T10:54:56.203554;mvtec_AD/screw;cont_30pct_none;0.3;none;10;10;10;3;0;101;41;60;0;5;95;0.5540650406504065;0.598059781902583;0.7763157894736841;0.0;0.0;0.01991869918699185;-0.0;;;;3.1004245281219482
2026-02-17T10:54:59.782701;mvtec_AD/screw;cont_30pct_loo_patch;0.3;loo_patch;10;10;10;3;392;101;41;60;0;5;95;0.5642276422764227;0.6118618527641693;0.7733333333333334;0.016666666666666666;0.016666666666666666;0.030081300813008083;-0.5102040816326522;0.7142857142857143;;;3.577148199081421
2026-02-17T10:55:02.821256;mvtec_AD/screw;cont_30pct_random_patch;0.3;random_patch;10;10;10;3;392;101;41;60;0;5;95;0.5548780487804877;0.5989565254343885;0.7682119205298011;0.0;0.0;0.020731707317073078;-0.040816326530608606;0.7142857142857143;;;3.037554979324341
2026-02-17T10:55:07.157393;mvtec_AD/screw;cont_30pct_mahalanobis_patch;0.3;mahalanobis_patch;10;10;10;3;392;101;41;60;0;5;95;0.5711382113821137;0.6168558604504564;0.7894736842105263;0.016666666666666666;0.016666666666666666;0.03699186991869907;-0.8571428571428532;0.7142857142857143;;;4.333812952041626
2026-02-17T10:55:09.339606;mvtec_AD/screw;cont_30pct_oracle_patch;0.3;oracle_patch;10;10;7;3;2352;101;41;60;0;5;95;0.5495934959349593;0.5887167530334202;0.7659574468085106;0.0;0.0;0.015447154471544655;0.22448979591836962;;;;2.182213068008423
2026-02-17T10:55:13.620209;mvtec_AD/screw;cont_30pct_ensemble_loo_mahal;0.3;ensemble_loo_mahal;10;10;10;3;392;101;41;60;0;5;95;0.5626016260162602;0.6131452977910085;0.7894736842105263;0.016666666666666666;0.016666666666666666;0.028455284552845517;-0.4285714285714294;0.7142857142857143;;;4.279602289199829
2026-02-17T10:55:17.071954;mvtec_AD/screw;cont_30pct_cosine_loo;0.3;cosine_loo;10;10;10;3;392;101;41;60;0;5;95;0.558130081300813;0.61231389453457;0.778523489932886;0.016666666666666666;0.016666666666666666;0.02398373983739832;-0.20408163265305976;0.7142857142857143;;;3.4507455825805664
2026-02-17T10:55:23.060110;mvtec_AD/screw;cont_0pct_none;0.0;none;20;20;20;0;0;101;41;60;0;5;95;0.5495934959349593;0.5965520642319462;0.8055555555555556;0.0;0.0;;;;;;5.800951719284058
2026-02-17T10:55:31.014919;mvtec_AD/screw;cont_0pct_loo_patch;0.0;loo_patch;20;20;20;0;784;101;41;60;0;5;95;0.5536585365853659;0.6117080522395442;0.7919463087248322;0.016666666666666666;0.016666666666666666;;;;;;7.954808473587036
2026-02-17T10:55:36.849834;mvtec_AD/screw;cont_0pct_random_patch;0.0;random_patch;20;20;20;0;784;101;41;60;0;5;95;0.5467479674796748;0.5928376534804288;0.802721088435374;0.0;0.0;;;;;;5.8339149951934814
2026-02-17T10:55:44.972235;mvtec_AD/screw;cont_0pct_mahalanobis_patch;0.0;mahalanobis_patch;20;20;20;0;784;101;41;60;0;5;95;0.5650406504065041;0.618418830768581;0.8000000000000002;0.016666666666666666;0.016666666666666666;;;;;;8.121400833129883
2026-02-17T10:55:44.995236;mvtec_AD/screw;cont_0pct_oracle_patch;0.0;oracle_patch;20;20;20;0;0;101;41;60;0;5;95;0.5495934959349593;0.5965520642319462;0.8055555555555556;0.0;0.0;;;;;;0.022002220153808594
2026-02-17T10:55:52.603330;mvtec_AD/screw;cont_0pct_ensemble_loo_mahal;0.0;ensemble_loo_mahal;20;20;20;0;784;101;41;60;0;5;95;0.5686991869918698;0.6132006964250862;0.7894736842105263;0.0;0.03333333333333333;;;;;;7.604092836380005
2026-02-17T10:56:00.678545;mvtec_AD/screw;cont_0pct_cosine_loo;0.0;cosine_loo;20;20;20;0;784;101;41;60;0;5;95;0.5565040650406504;0.616180728925617;0.8000000000000002;0.016666666666666666;0.05;;;;;;8.074215412139893
2026-02-17T10:56:06.755481;mvtec_AD/screw;cont_10pct_none;0.1;none;20;20;20;2;0;101;41;60;0;5;95;0.5308943089430894;0.5861621662435689;0.7919463087248322;0.0;0.0;-0.0186991869918699;0.0;;;;6.055934429168701
2026-02-17T10:56:14.562096;mvtec_AD/screw;cont_10pct_loo_patch;0.1;loo_patch;20;20;20;2;784;101;41;60;0;5;95;0.5467479674796748;0.6054019643527702;0.8;0.016666666666666666;0.016666666666666666;-0.0028455284552845184;0.8478260869565234;0.5;;;7.707098722457886
2026-02-17T10:56:20.209108;mvtec_AD/screw;cont_10pct_random_patch;0.1;random_patch;20;20;20;2;784;101;41;60;0;5;95;0.53130081300813;0.5854072571245128;0.7837837837837838;0.0;0.0;-0.018292682926829285;0.021739130434780672;0.5;;;5.6460113525390625
2026-02-17T10:56:27.940111;mvtec_AD/screw;cont_10pct_mahalanobis_patch;0.1;mahalanobis_patch;20;20;20;2;784;101;41;60;0;5;95;0.5508130081300813;0.6029794927916023;0.7891156462585033;0.016666666666666666;0.016666666666666666;0.0012195121951219523;1.065217391304348;0.5;;;7.7300028800964355
2026-02-17T10:56:33.406139;mvtec_AD/screw;cont_10pct_oracle_patch;0.1;oracle_patch;20;20;18;2;1568;101;41;60;0;5;95;0.5357723577235772;0.5900977659045151;0.802721088435374;0.0;0.0;-0.013821138211382089;0.2608695652173918;;;;5.4648683071136475
2026-02-17T10:56:41.088890;mvtec_AD/screw;cont_10pct_ensemble_loo_mahal;0.1;ensemble_loo_mahal;20;20;20;2;784;101;41;60;0;5;95;0.551219512195122;0.6095152014548457;0.7891156462585033;0.016666666666666666;0.016666666666666666;0.001626016260162677;1.0869565217391346;0.5;;;7.680755376815796
2026-02-17T10:56:49.107939;mvtec_AD/screw;cont_10pct_cosine_loo;0.1;cosine_loo;20;20;20;2;784;101;41;60;0;5;95;0.5357723577235773;0.5915955815441966;0.7837837837837838;0.0;0.0;-0.013821138211381978;0.26086956521739774;0.5;;;8.01704740524292
2026-02-17T10:56:55.126025;mvtec_AD/screw;cont_20pct_none;0.2;none;20;20;20;4;0;101;41;60;0;5;95;0.5121951219512195;0.5797674568270776;0.763157894736842;0.0;0.0;-0.0373983739837398;0.0;;;;5.994314193725586
2026-02-17T10:57:02.981213;mvtec_AD/screw;cont_20pct_loo_patch;0.2;loo_patch;20;20;20;4;784;101;41;60;0;5;95;0.5264227642276423;0.6016795344099455;0.761904761904762;0.016666666666666666;0.016666666666666666;-0.023170731707316983;0.3804347826086974;0.4375;;;7.852151155471802
2026-02-17T10:57:08.681571;mvtec_AD/screw;cont_20pct_random_patch;0.2;random_patch;20;20;20;4;784;101;41;60;0;5;95;0.5162601626016261;0.5796333875960005;0.7692307692307693;0.0;0.0;-0.033333333333333215;0.10869565217391523;0.4375;;;5.698356866836548
2026-02-17T10:57:16.366859;mvtec_AD/screw;cont_20pct_mahalanobis_patch;0.2;mahalanobis_patch;20;20;20;4;784;101;41;60;0;5;95;0.5280487804878049;0.6051562954248239;0.7567567567567568;0.016666666666666666;0.03333333333333333;-0.021544715447154417;0.4239130434782617;0.4375;;;7.685288190841675
2026-02-17T10:57:21.092920;mvtec_AD/screw;cont_20pct_oracle_patch;0.2;oracle_patch;20;20;16;4;3136;101;41;60;0;5;95;0.5207317073170732;0.5827704207773365;0.7837837837837838;0.0;0.0;-0.02886178861788613;0.22826086956521785;;;;4.725059986114502
2026-02-17T10:57:28.647206;mvtec_AD/screw;cont_20pct_ensemble_loo_mahal;0.2;ensemble_loo_mahal;20;20;20;4;784;101;41;60;0;5;95;0.5252032520325203;0.6019917863299878;0.7612903225806452;0.016666666666666666;0.03333333333333333;-0.024390243902439046;0.34782608695652045;0.4375;;;7.552285432815552
2026-02-17T10:57:36.735873;mvtec_AD/screw;cont_20pct_cosine_loo;0.2;cosine_loo;20;20;20;4;784;101;41;60;0;5;95;0.5178861788617886;0.5958291209103371;0.759493670886076;0.016666666666666666;0.016666666666666666;-0.03170731707317076;0.15217391304347658;0.4375;;;8.086666822433472
2026-02-17T10:57:42.975131;mvtec_AD/screw;cont_30pct_none;0.3;none;20;20;20;6;0;101;41;60;0;5;95;0.5280487804878049;0.5870742509802677;0.7712418300653595;0.0;0.0;-0.021544715447154417;0.0;;;;6.214202404022217
2026-02-17T10:57:51.059210;mvtec_AD/screw;cont_30pct_loo_patch;0.3;loo_patch;20;20;20;6;784;101;41;60;0;5;95;0.5292682926829269;0.6035181169634636;0.7814569536423841;0.016666666666666666;0.03333333333333333;-0.020325203252032464;0.056603773584905856;0.47619047619047616;;;8.082080364227295
2026-02-17T10:57:56.743063;mvtec_AD/screw;cont_30pct_random_patch;0.3;random_patch;20;20;20;6;784;101;41;60;0;5;95;0.5239837398373983;0.5866447714736355;0.7741935483870968;0.0;0.0;-0.025609756097561;-0.18867924528302296;0.47619047619047616;;;5.681852102279663
2026-02-17T10:58:04.580820;mvtec_AD/screw;cont_30pct_mahalanobis_patch;0.3;mahalanobis_patch;20;20;20;6;784;101;41;60;0;5;95;0.5353658536585366;0.604367124123108;0.7712418300653595;0.016666666666666666;0.016666666666666666;-0.014227642276422703;0.3396226415094351;0.47619047619047616;;;7.835756540298462
2026-02-17T10:58:08.859146;mvtec_AD/screw;cont_30pct_oracle_patch;0.3;oracle_patch;20;20;14;6;4704;101;41;60;0;5;95;0.5353658536585366;0.5970414659659412;0.7814569536423841;0.0;0.0;-0.014227642276422703;0.3396226415094351;;;;4.277325630187988
2026-02-17T10:58:16.612178;mvtec_AD/screw;cont_30pct_ensemble_loo_mahal;0.3;ensemble_loo_mahal;20;20;20;6;784;101;41;60;0;5;95;0.5337398373983739;0.6040092390424843;0.7712418300653595;0.016666666666666666;0.016666666666666666;-0.01585365853658538;0.2641509433962239;0.47619047619047616;;;7.751032590866089
2026-02-17T10:58:24.819956;mvtec_AD/screw;cont_30pct_cosine_loo;0.3;cosine_loo;20;20;20;6;784;101;41;60;0;5;95;0.5386178861788617;0.594642914962126;0.7712418300653595;0.016666666666666666;0.016666666666666666;-0.01097560975609757;0.4905660377358473;0.47619047619047616;;;8.20677638053894
2026-02-17T10:58:27.972614;mvtec_AD/screw;cont_0pct_none;0.0;none;10;10;10;0;0;101;41;60;1;5;95;0.774390243902439;0.845217737181538;0.780821917808219;0.2;0.4666666666666667;;;;;;2.951306104660034
2026-02-17T10:58:31.384120;mvtec_AD/screw;cont_0pct_loo_patch;0.0;loo_patch;10;10;10;0;392;101;41;60;1;5;95;0.7044715447154472;0.7957615251014519;0.7724137931034482;0.2;0.3333333333333333;;;;;;3.410989761352539
2026-02-17T10:58:34.308390;mvtec_AD/screw;cont_0pct_random_patch;0.0;random_patch;10;10;10;0;392;101;41;60;1;5;95;0.7703252032520325;0.8402466725632144;0.780821917808219;0.18333333333333332;0.4;;;;;;2.923272132873535
2026-02-17T10:58:38.847327;mvtec_AD/screw;cont_0pct_mahalanobis_patch;0.0;mahalanobis_patch;10;10;10;0;392;101;41;60;1;5;95;0.7780487804878049;0.859601279612702;0.7692307692307692;0.2833333333333333;0.5333333333333333;;;;;;4.538419485092163
2026-02-17T10:58:38.858328;mvtec_AD/screw;cont_0pct_oracle_patch;0.0;oracle_patch;10;10;10;0;0;101;41;60;1;5;95;0.774390243902439;0.845217737181538;0.780821917808219;0.2;0.4666666666666667;;;;;;0.010000467300415039
2026-02-17T10:58:42.940342;mvtec_AD/screw;cont_0pct_ensemble_loo_mahal;0.0;ensemble_loo_mahal;10;10;10;0;392;101;41;60;1;5;95;0.7483739837398374;0.8409805070785253;0.778523489932886;0.31666666666666665;0.4166666666666667;;;;;;4.073014497756958
2026-02-17T10:58:46.426288;mvtec_AD/screw;cont_0pct_cosine_loo;0.0;cosine_loo;10;10;10;0;392;101;41;60;1;5;95;0.732520325203252;0.8211198044232594;0.7883211678832117;0.2833333333333333;0.35;;;;;;3.4849460124969482
2026-02-17T10:58:49.500017;mvtec_AD/screw;cont_10pct_none;0.1;none;10;10;10;1;0;101;41;60;1;5;95;0.7134146341463414;0.8068004458833068;0.7891156462585033;0.23333333333333334;0.3333333333333333;-0.060975609756097615;0.0;;;;3.064730644226074
2026-02-17T10:58:53.137190;mvtec_AD/screw;cont_10pct_loo_patch;0.1;loo_patch;10;10;10;1;392;101;41;60;1;5;95;0.6166666666666667;0.6396658922942066;0.7662337662337662;0.0;0.0;-0.15772357723577235;-1.5866666666666642;0.33333333333333337;;;3.634176254272461
2026-02-17T10:58:56.217657;mvtec_AD/screw;cont_10pct_random_patch;0.1;random_patch;10;10;10;1;392;101;41;60;1;5;95;0.7077235772357724;0.8062783429275332;0.7891156462585033;0.23333333333333334;0.3;-0.06666666666666665;-0.09333333333333212;0.33333333333333337;;;3.079468011856079
2026-02-17T10:59:00.553066;mvtec_AD/screw;cont_10pct_mahalanobis_patch;0.1;mahalanobis_patch;10;10;10;1;392;101;41;60;1;5;95;0.6707317073170731;0.7026745311557253;0.7612903225806452;0.016666666666666666;0.03333333333333333;-0.10365853658536595;-0.7;0.33333333333333337;;;4.333411455154419
2026-02-17T10:59:03.375354;mvtec_AD/screw;cont_10pct_oracle_patch;0.1;oracle_patch;10;10;9;1;784;101;41;60;1;5;95;0.7264227642276423;0.819562875875662;0.7702702702702702;0.21666666666666667;0.38333333333333336;-0.047967479674796754;0.21333333333333393;;;;2.8222873210906982
2026-02-17T10:59:07.824655;mvtec_AD/screw;cont_10pct_ensemble_loo_mahal;0.1;ensemble_loo_mahal;10;10;10;1;392;101;41;60;1;5;95;0.6146341463414634;0.6420338166201266;0.7662337662337662;0.0;0.016666666666666666;-0.15975609756097564;-1.619999999999998;0.33333333333333337;;;4.447302579879761
2026-02-17T10:59:11.431163;mvtec_AD/screw;cont_10pct_cosine_loo;0.1;cosine_loo;10;10;10;1;392;101;41;60;1;5;95;0.6296747967479676;0.6458517284968203;0.7682119205298011;0.0;0.0;-0.1447154471544715;-1.3733333333333304;0.33333333333333337;;;3.6045074462890625
2026-02-17T10:59:14.640583;mvtec_AD/screw;cont_20pct_none;0.2;none;10;10;10;2;0;101;41;60;1;5;95;0.6495934959349593;0.7120460141961945;0.7972972972972971;0.016666666666666666;0.16666666666666666;-0.12479674796747975;0.0;;;;3.1930179595947266
2026-02-17T10:59:18.141425;mvtec_AD/screw;cont_20pct_loo_patch;0.2;loo_patch;10;10;10;2;392;101;41;60;1;5;95;0.5528455284552846;0.6040776899488838;0.7945205479452055;0.016666666666666666;0.03333333333333333;-0.22154471544715448;-0.7752442996742661;0.625;;;3.4988481998443604
2026-02-17T10:59:21.101028;mvtec_AD/screw;cont_20pct_random_patch;0.2;random_patch;10;10;10;2;392;101;41;60;1;5;95;0.6451219512195122;0.7069332608358062;0.7972972972972971;0.03333333333333333;0.15;-0.12926829268292683;-0.03583061889250756;0.625;;;2.958601713180542
2026-02-17T10:59:25.337005;mvtec_AD/screw;cont_20pct_mahalanobis_patch;0.2;mahalanobis_patch;10;10;10;2;392;101;41;60;1;5;95;0.6085365853658536;0.6579159804599185;0.7638888888888888;0.016666666666666666;0.05;-0.1658536585365854;-0.3289902280130288;0.625;;;4.233977317810059
2026-02-17T10:59:27.872611;mvtec_AD/screw;cont_20pct_oracle_patch;0.2;oracle_patch;10;10;8;2;1568;101;41;60;1;5;95;0.6934959349593496;0.777686252835344;0.7651006711409395;0.08333333333333333;0.2833333333333333;-0.08089430894308947;0.3517915309446255;;;;2.5346055030822754
2026-02-17T10:59:32.201609;mvtec_AD/screw;cont_20pct_ensemble_loo_mahal;0.2;ensemble_loo_mahal;10;10;10;2;392;101;41;60;1;5;95;0.5715447154471545;0.6234304711633675;0.7866666666666666;0.016666666666666666;0.03333333333333333;-0.20284552845528458;-0.6254071661237778;0.625;;;4.326999664306641
2026-02-17T10:59:35.689171;mvtec_AD/screw;cont_20pct_cosine_loo;0.2;cosine_loo;10;10;10;2;392;101;41;60;1;5;95;0.5577235772357723;0.5981777398153086;0.802721088435374;0.0;0.016666666666666666;-0.21666666666666679;-0.7361563517915308;0.625;;;3.4870574474334717
2026-02-17T10:59:38.697017;mvtec_AD/screw;cont_30pct_none;0.3;none;10;10;10;3;0;101;41;60;1;5;95;0.6126016260162601;0.6391106820408197;0.7891156462585033;0.016666666666666666;0.03333333333333333;-0.16178861788617893;0.0;;;;2.9941463470458984
2026-02-17T10:59:42.196905;mvtec_AD/screw;cont_30pct_loo_patch;0.3;loo_patch;10;10;10;3;392;101;41;60;1;5;95;0.5593495934959349;0.6068803188262352;0.7916666666666667;0.0;0.03333333333333333;-0.2150406504065041;-0.3291457286432158;0.7619047619047619;;;3.497889518737793
2026-02-17T10:59:45.108948;mvtec_AD/screw;cont_30pct_random_patch;0.3;random_patch;10;10;10;3;392;101;41;60;1;5;95;0.6170731707317072;0.6409031822681048;0.7972972972972971;0.016666666666666666;0.03333333333333333;-0.15731707317073185;0.027638190954773423;0.7619047619047619;;;2.910041570663452
2026-02-17T10:59:49.283388;mvtec_AD/screw;cont_30pct_mahalanobis_patch;0.3;mahalanobis_patch;10;10;10;3;392;101;41;60;1;5;95;0.6117886178861789;0.6544191814408749;0.7662337662337662;0.03333333333333333;0.03333333333333333;-0.16260162601626016;-0.005025125628140248;0.7619047619047619;;;4.173428535461426
2026-02-17T10:59:51.452784;mvtec_AD/screw;cont_30pct_oracle_patch;0.3;oracle_patch;10;10;7;3;2352;101;41;60;1;5;95;0.5861788617886179;0.6132710428970979;0.7702702702702702;0.0;0.016666666666666666;-0.18821138211382116;-0.1633165829145725;;;;2.168395757675171
2026-02-17T10:59:55.596865;mvtec_AD/screw;cont_30pct_ensemble_loo_mahal;0.3;ensemble_loo_mahal;10;10;10;3;392;101;41;60;1;5;95;0.5739837398373984;0.619217246496301;0.7814569536423841;0.016666666666666666;0.03333333333333333;-0.20040650406504068;-0.23869346733668306;0.7619047619047619;;;4.142079830169678
2026-02-17T10:59:59.094656;mvtec_AD/screw;cont_30pct_cosine_loo;0.3;cosine_loo;10;10;10;3;392;101;41;60;1;5;95;0.5605691056910569;0.6066993773558002;0.7814569536423841;0.0;0.03333333333333333;-0.21382113821138216;-0.3216080402010047;0.7619047619047619;;;3.4957926273345947
2026-02-17T11:00:05.218304;mvtec_AD/screw;cont_0pct_none;0.0;none;20;20;20;0;0;101;41;60;1;5;95;0.7691056910569105;0.8120927924240936;0.8153846153846154;0.16666666666666666;0.26666666666666666;;;;;;5.965073108673096
2026-02-17T11:00:13.070153;mvtec_AD/screw;cont_0pct_loo_patch;0.0;loo_patch;20;20;20;0;784;101;41;60;1;5;95;0.6930894308943089;0.7911087839083694;0.7814569536423841;0.21666666666666667;0.3333333333333333;;;;;;7.850849151611328
2026-02-17T11:00:18.724710;mvtec_AD/screw;cont_0pct_random_patch;0.0;random_patch;20;20;20;0;784;101;41;60;1;5;95;0.7707317073170732;0.8139388174522043;0.8253968253968254;0.16666666666666666;0.2833333333333333;;;;;;5.653555870056152
2026-02-17T11:00:26.349588;mvtec_AD/screw;cont_0pct_mahalanobis_patch;0.0;mahalanobis_patch;20;20;20;0;784;101;41;60;1;5;95;0.7678861788617887;0.8374061608942721;0.7933884297520661;0.23333333333333334;0.26666666666666666;;;;;;7.624878406524658
2026-02-17T11:00:26.370589;mvtec_AD/screw;cont_0pct_oracle_patch;0.0;oracle_patch;20;20;20;0;0;101;41;60;1;5;95;0.7691056910569105;0.8120927924240936;0.8153846153846154;0.16666666666666666;0.26666666666666666;;;;;;0.021000146865844727
2026-02-17T11:00:34.329143;mvtec_AD/screw;cont_0pct_ensemble_loo_mahal;0.0;ensemble_loo_mahal;20;20;20;0;784;101;41;60;1;5;95;0.7288617886178862;0.8115234038265203;0.7972972972972971;0.2;0.31666666666666665;;;;;;7.957553386688232
2026-02-17T11:00:42.467375;mvtec_AD/screw;cont_0pct_cosine_loo;0.0;cosine_loo;20;20;20;0;784;101;41;60;1;5;95;0.7264227642276423;0.8058682911670668;0.7919463087248322;0.15;0.4;;;;;;8.137230634689331
2026-02-17T11:00:48.508989;mvtec_AD/screw;cont_10pct_none;0.1;none;20;20;20;2;0;101;41;60;1;5;95;0.7284552845528455;0.777302298017407;0.7945205479452055;0.1;0.11666666666666667;-0.04065040650406504;0.0;;;;6.02319598197937
2026-02-17T11:00:56.396258;mvtec_AD/screw;cont_10pct_loo_patch;0.1;loo_patch;20;20;20;2;784;101;41;60;1;5;95;0.6890243902439024;0.7932694006947351;0.7919463087248322;0.26666666666666666;0.35;-0.08008130081300813;-0.97;0.38888888888888884;;;7.886044263839722
2026-02-17T11:01:02.168239;mvtec_AD/screw;cont_10pct_random_patch;0.1;random_patch;20;20;20;2;784;101;41;60;1;5;95;0.7300813008130081;0.7765134909741166;0.8000000000000002;0.08333333333333333;0.13333333333333333;-0.03902439024390236;0.04000000000000186;0.38888888888888884;;;5.769973516464233
2026-02-17T11:01:10.111604;mvtec_AD/screw;cont_10pct_mahalanobis_patch;0.1;mahalanobis_patch;20;20;20;2;784;101;41;60;1;5;95;0.716260162601626;0.8103525030684303;0.7916666666666667;0.3;0.35;-0.05284552845528456;-0.30000000000000027;0.38888888888888884;;;7.9411420822143555
2026-02-17T11:01:15.593903;mvtec_AD/screw;cont_10pct_oracle_patch;0.1;oracle_patch;20;20;18;2;1568;101;41;60;1;5;95;0.7430894308943089;0.79281684367079;0.7943262411347518;0.1;0.16666666666666666;-0.026016260162601612;0.3600000000000003;;;;5.481289625167847
2026-02-17T11:01:23.789002;mvtec_AD/screw;cont_10pct_ensemble_loo_mahal;0.1;ensemble_loo_mahal;20;20;20;2;784;101;41;60;1;5;95;0.6995934959349593;0.7946589476962923;0.7945205479452055;0.23333333333333334;0.36666666666666664;-0.06951219512195117;-0.7099999999999989;0.38888888888888884;;;8.193049192428589
2026-02-17T11:01:32.644076;mvtec_AD/screw;cont_10pct_cosine_loo;0.1;cosine_loo;20;20;20;2;784;101;41;60;1;5;95;0.7004065040650406;0.7949313013769407;0.8000000000000002;0.25;0.31666666666666665;-0.06869918699186994;-0.6900000000000006;0.38888888888888884;;;8.853480815887451
2026-02-17T11:01:39.291570;mvtec_AD/screw;cont_20pct_none;0.2;none;20;20;20;4;0;101;41;60;1;5;95;0.6939024390243902;0.7409920674651921;0.78125;0.08333333333333333;0.1;-0.07520325203252032;0.0;;;;6.621112585067749
2026-02-17T11:01:48.454800;mvtec_AD/screw;cont_20pct_loo_patch;0.2;loo_patch;20;20;20;4;784;101;41;60;1;5;95;0.665040650406504;0.7732400489949295;0.759493670886076;0.18333333333333332;0.23333333333333334;-0.10406504065040656;-0.38378378378378464;0.25;;;9.161235809326172
2026-02-17T11:01:54.335038;mvtec_AD/screw;cont_20pct_random_patch;0.2;random_patch;20;20;20;4;784;101;41;60;1;5;95;0.6939024390243903;0.7397343111416758;0.7704918032786884;0.08333333333333333;0.08333333333333333;-0.07520325203252021;1.4762965624745326e-15;0.25;;;5.879238128662109
2026-02-17T11:02:02.418755;mvtec_AD/screw;cont_20pct_mahalanobis_patch;0.2;mahalanobis_patch;20;20;20;4;784;101;41;60;1;5;95;0.6621951219512195;0.7398978449585601;0.7792207792207793;0.08333333333333333;0.1;-0.10691056910569097;-0.42162162162162053;0.25;;;8.081716060638428
2026-02-17T11:02:08.079039;mvtec_AD/screw;cont_20pct_oracle_patch;0.2;oracle_patch;20;20;16;4;3136;101;41;60;1;5;95;0.7321138211382113;0.7581095916813597;0.8;0.08333333333333333;0.08333333333333333;-0.03699186991869918;0.5081081081081081;;;;5.6602842807769775
2026-02-17T11:02:16.604135;mvtec_AD/screw;cont_20pct_ensemble_loo_mahal;0.2;ensemble_loo_mahal;20;20;20;4;784;101;41;60;1;5;95;0.6650406504065041;0.7502064843656798;0.7643312101910829;0.11666666666666667;0.11666666666666667;-0.10406504065040645;-0.3837837837837832;0.25;;;8.52410078048706
2026-02-17T11:02:25.735824;mvtec_AD/screw;cont_20pct_cosine_loo;0.2;cosine_loo;20;20;20;4;784;101;41;60;1;5;95;0.6703252032520326;0.7526889448612358;0.7564102564102564;0.11666666666666667;0.16666666666666666;-0.09878048780487791;-0.31351351351351187;0.25;;;9.12968897819519
2026-02-17T11:02:32.432451;mvtec_AD/screw;cont_30pct_none;0.3;none;20;20;20;6;0;101;41;60;1;5;95;0.6951219512195121;0.7551758513732426;0.7786259541984734;0.1;0.11666666666666667;-0.07398373983739837;0.0;;;;6.668417453765869
2026-02-17T11:02:40.714984;mvtec_AD/screw;cont_30pct_loo_patch;0.3;loo_patch;20;20;20;6;784;101;41;60;1;5;95;0.6528455284552845;0.7741853005340368;0.7536231884057971;0.23333333333333334;0.23333333333333334;-0.11626016260162597;-0.571428571428571;0.4642857142857143;;;8.28052020072937
2026-02-17T11:02:46.738489;mvtec_AD/screw;cont_30pct_random_patch;0.3;random_patch;20;20;20;6;784;101;41;60;1;5;95;0.6995934959349595;0.7543553111088462;0.7761194029850748;0.1;0.11666666666666667;-0.06951219512195106;0.0604395604395625;0.4642857142857143;;;6.02250599861145
2026-02-17T11:02:54.744797;mvtec_AD/screw;cont_30pct_mahalanobis_patch;0.3;mahalanobis_patch;20;20;20;6;784;101;41;60;1;5;95;0.7004065040650406;0.8000585780513568;0.780821917808219;0.26666666666666666;0.2833333333333333;-0.06869918699186994;0.071428571428571;0.4642857142857143;;;8.004307746887207
2026-02-17T11:02:59.105480;mvtec_AD/screw;cont_30pct_oracle_patch;0.3;oracle_patch;20;20;14;6;4704;101;41;60;1;5;95;0.7089430894308943;0.7697857189973311;0.7883211678832117;0.11666666666666667;0.18333333333333332;-0.060162601626016166;0.186813186813188;;;;4.359682083129883
2026-02-17T11:03:07.054861;mvtec_AD/screw;cont_30pct_ensemble_loo_mahal;0.3;ensemble_loo_mahal;20;20;20;6;784;101;41;60;1;5;95;0.6804878048780488;0.7959689149935966;0.7643312101910829;0.25;0.36666666666666664;-0.08861788617886168;-0.1978021978021965;0.4642857142857143;;;7.947382211685181
2026-02-17T11:03:15.374885;mvtec_AD/screw;cont_30pct_cosine_loo;0.3;cosine_loo;20;20;20;6;784;101;41;60;1;5;95;0.6752032520325204;0.778338030909188;0.7692307692307692;0.25;0.25;-0.0939024390243901;-0.2692307692307675;0.4642857142857143;;;8.318021774291992
2026-02-17T11:03:18.666523;mvtec_AD/screw;cont_0pct_none;0.0;none;10;10;10;0;0;101;41;60;2;5;95;0.5841463414634146;0.7174390480420324;0.7843137254901961;0.13333333333333333;0.23333333333333334;;;;;;3.0996506214141846
2026-02-17T11:03:22.298214;mvtec_AD/screw;cont_0pct_loo_patch;0.0;loo_patch;10;10;10;0;392;101;41;60;2;5;95;0.5752032520325203;0.6878929212727111;0.7843137254901961;0.06666666666666667;0.2;;;;;;3.6316912174224854
2026-02-17T11:03:25.303042;mvtec_AD/screw;cont_0pct_random_patch;0.0;random_patch;10;10;10;0;392;101;41;60;2;5;95;0.5784552845528455;0.7089903023101475;0.7843137254901961;0.11666666666666667;0.21666666666666667;;;;;;3.003829002380371
2026-02-17T11:03:29.606871;mvtec_AD/screw;cont_0pct_mahalanobis_patch;0.0;mahalanobis_patch;10;10;10;0;392;101;41;60;2;5;95;0.5792682926829269;0.7195715894927978;0.7741935483870968;0.2;0.2;;;;;;4.303828954696655
2026-02-17T11:03:29.618871;mvtec_AD/screw;cont_0pct_oracle_patch;0.0;oracle_patch;10;10;10;0;0;101;41;60;2;5;95;0.5841463414634146;0.7174390480420324;0.7843137254901961;0.13333333333333333;0.23333333333333334;;;;;;0.010999679565429688
2026-02-17T11:03:33.963939;mvtec_AD/screw;cont_0pct_ensemble_loo_mahal;0.0;ensemble_loo_mahal;10;10;10;0;392;101;41;60;2;5;95;0.5711382113821138;0.6881513199278307;0.7792207792207793;0.11666666666666667;0.16666666666666666;;;;;;4.34406852722168
2026-02-17T11:03:37.532470;mvtec_AD/screw;cont_0pct_cosine_loo;0.0;cosine_loo;10;10;10;0;392;101;41;60;2;5;95;0.556910569105691;0.6536623128776596;0.7792207792207793;0.03333333333333333;0.15;;;;;;3.5675342082977295
2026-02-17T11:03:40.563365;mvtec_AD/screw;cont_10pct_none;0.1;none;10;10;10;1;0;101;41;60;2;5;95;0.5447154471544715;0.6318606033514514;0.7894736842105263;0.0;0.13333333333333333;-0.03943089430894309;0.0;;;;3.0208897590637207
2026-02-17T11:03:44.031936;mvtec_AD/screw;cont_10pct_loo_patch;0.1;loo_patch;10;10;10;1;392;101;41;60;2;5;95;0.5813008130081301;0.6974932644069641;0.7843137254901961;0.1;0.21666666666666667;-0.0028455284552845184;0.9278350515463927;0.2222222222222222;;;3.4665701389312744
2026-02-17T11:03:47.032372;mvtec_AD/screw;cont_10pct_random_patch;0.1;random_patch;10;10;10;1;392;101;41;60;2;5;95;0.5447154471544715;0.6347935763875467;0.7894736842105263;0.0;0.15;-0.03943089430894309;0.0;0.2222222222222222;;;2.998436689376831
2026-02-17T11:03:51.299414;mvtec_AD/screw;cont_10pct_mahalanobis_patch;0.1;mahalanobis_patch;10;10;10;1;392;101;41;60;2;5;95;0.5682926829268292;0.6754397726930347;0.7843137254901961;0.05;0.15;-0.01585365853658538;0.5979381443298966;0.2222222222222222;;;4.265038251876831
2026-02-17T11:03:54.145472;mvtec_AD/screw;cont_10pct_oracle_patch;0.1;oracle_patch;10;10;9;1;784;101;41;60;2;5;95;0.5483739837398374;0.6361998166067505;0.7843137254901961;0.0;0.15;-0.03577235772357723;0.09278350515463926;;;;2.845059394836426
2026-02-17T11:03:58.460036;mvtec_AD/screw;cont_10pct_ensemble_loo_mahal;0.1;ensemble_loo_mahal;10;10;10;1;392;101;41;60;2;5;95;0.5699186991869919;0.6871376777508004;0.7843137254901961;0.11666666666666667;0.16666666666666666;-0.014227642276422703;0.6391752577319603;0.2222222222222222;;;4.313949823379517
2026-02-17T11:04:02.238965;mvtec_AD/screw;cont_10pct_cosine_loo;0.1;cosine_loo;10;10;10;1;392;101;41;60;2;5;95;0.5585365853658537;0.6492802754201144;0.7843137254901961;0.016666666666666666;0.13333333333333333;-0.025609756097560887;0.35051546391752797;0.2222222222222222;;;3.776852607727051
2026-02-17T11:04:05.525438;mvtec_AD/screw;cont_20pct_none;0.2;none;10;10;10;2;0;101;41;60;2;5;95;0.5654471544715447;0.660590318633798;0.7763157894736841;0.03333333333333333;0.15;-0.0186991869918699;0.0;;;;3.2717056274414062
2026-02-17T11:04:09.140695;mvtec_AD/screw;cont_20pct_loo_patch;0.2;loo_patch;10;10;10;2;392;101;41;60;2;5;95;0.5630081300813008;0.6816420191852443;0.7741935483870968;0.08333333333333333;0.15;-0.021138211382113803;-0.1304347826086959;0.875;;;3.6132490634918213
2026-02-17T11:04:12.195490;mvtec_AD/screw;cont_20pct_random_patch;0.2;random_patch;10;10;10;2;392;101;41;60;2;5;95;0.5621951219512196;0.6453477943743294;0.7843137254901961;0.0;0.15;-0.02195121951219503;-0.17391304347825726;0.875;;;3.0527946949005127
2026-02-17T11:04:16.383739;mvtec_AD/screw;cont_20pct_mahalanobis_patch;0.2;mahalanobis_patch;10;10;10;2;392;101;41;60;2;5;95;0.5699186991869919;0.6711237982914076;0.7792207792207793;0.05;0.15;-0.014227642276422703;0.23913043478261115;0.875;;;4.186245679855347
2026-02-17T11:04:18.919339;mvtec_AD/screw;cont_20pct_oracle_patch;0.2;oracle_patch;10;10;8;2;1568;101;41;60;2;5;95;0.5426829268292683;0.63332247409092;0.7843137254901961;0.0;0.15;-0.04146341463414627;-1.2173913043478246;;;;2.53559947013855
2026-02-17T11:04:23.203324;mvtec_AD/screw;cont_20pct_ensemble_loo_mahal;0.2;ensemble_loo_mahal;10;10;10;2;392;101;41;60;2;5;95;0.5593495934959349;0.6751656792778774;0.7792207792207793;0.06666666666666667;0.15;-0.02479674796747966;-0.3260869565217398;0.875;;;4.283985137939453
2026-02-17T11:04:26.788602;mvtec_AD/screw;cont_20pct_cosine_loo;0.2;cosine_loo;10;10;10;2;392;101;41;60;2;5;95;0.5508130081300814;0.6677768165768082;0.7792207792207793;0.1;0.11666666666666667;-0.033333333333333215;-0.7826086956521695;0.875;;;3.5832536220550537
2026-02-17T11:04:29.897429;mvtec_AD/screw;cont_30pct_none;0.3;none;10;10;10;3;0;101;41;60;2;5;95;0.5711382113821137;0.6681700304460055;0.7692307692307693;0.06666666666666667;0.08333333333333333;-0.013008130081300862;0.0;;;;3.0950753688812256
2026-02-17T11:04:33.311489;mvtec_AD/screw;cont_30pct_loo_patch;0.3;loo_patch;10;10;10;3;392;101;41;60;2;5;95;0.5422764227642276;0.640287161682851;0.7792207792207793;0.016666666666666666;0.16666666666666666;-0.04186991869918699;-2.218749999999988;0.7619047619047619;;;3.413060426712036
2026-02-17T11:04:36.277388;mvtec_AD/screw;cont_30pct_random_patch;0.3;random_patch;10;10;10;3;392;101;41;60;2;5;95;0.5699186991869919;0.6727264896881798;0.7692307692307693;0.08333333333333333;0.11666666666666667;-0.014227642276422703;-0.0937499999999912;0.7619047619047619;;;2.963895320892334
2026-02-17T11:04:40.718460;mvtec_AD/screw;cont_30pct_mahalanobis_patch;0.3;mahalanobis_patch;10;10;10;3;392;101;41;60;2;5;95;0.5739837398373984;0.6778469766029153;0.7741935483870968;0.03333333333333333;0.15;-0.010162601626016232;0.21875000000000508;0.7619047619047619;;;4.438975095748901
2026-02-17T11:04:42.945946;mvtec_AD/screw;cont_30pct_oracle_patch;0.3;oracle_patch;10;10;7;3;2352;101;41;60;2;5;95;0.5402439024390244;0.6338039664875021;0.7792207792207793;0.0;0.15;-0.04390243902439017;-2.374999999999982;;;;2.2264328002929688
2026-02-17T11:04:47.109644;mvtec_AD/screw;cont_30pct_ensemble_loo_mahal;0.3;ensemble_loo_mahal;10;10;10;3;392;101;41;60;2;5;95;0.5617886178861788;0.6599739915886788;0.7741935483870968;0.03333333333333333;0.11666666666666667;-0.022357723577235755;-0.7187499999999922;0.7619047619047619;;;4.161611557006836
2026-02-17T11:04:50.661760;mvtec_AD/screw;cont_30pct_cosine_loo;0.3;cosine_loo;10;10;10;3;392;101;41;60;2;5;95;0.5565040650406503;0.6600989060711611;0.7763157894736841;0.03333333333333333;0.15;-0.02764227642276429;-1.124999999999997;0.7619047619047619;;;3.5506222248077393
2026-02-17T11:04:57.058306;mvtec_AD/screw;cont_0pct_none;0.0;none;20;20;20;0;0;101;41;60;2;5;95;0.5760162601626017;0.6552746997978953;0.7681159420289855;0.06666666666666667;0.1;;;;;;6.215107679367065
2026-02-17T11:05:05.294254;mvtec_AD/screw;cont_0pct_loo_patch;0.0;loo_patch;20;20;20;0;784;101;41;60;2;5;95;0.5715447154471545;0.6279852920319761;0.767123287671233;0.016666666666666666;0.05;;;;;;8.234950065612793
2026-02-17T11:05:11.413553;mvtec_AD/screw;cont_0pct_random_patch;0.0;random_patch;20;20;20;0;784;101;41;60;2;5;95;0.589430894308943;0.6640650008898693;0.7681159420289855;0.03333333333333333;0.08333333333333333;;;;;;6.119299411773682
2026-02-17T11:05:19.996907;mvtec_AD/screw;cont_0pct_mahalanobis_patch;0.0;mahalanobis_patch;20;20;20;0;784;101;41;60;2;5;95;0.5947154471544716;0.6530234643128525;0.7692307692307692;0.0;0.08333333333333333;;;;;;8.583353042602539
2026-02-17T11:05:20.017903;mvtec_AD/screw;cont_0pct_oracle_patch;0.0;oracle_patch;20;20;20;0;0;101;41;60;2;5;95;0.5760162601626017;0.6552746997978953;0.7681159420289855;0.06666666666666667;0.1;;;;;;0.019997119903564453
2026-02-17T11:05:28.043967;mvtec_AD/screw;cont_0pct_ensemble_loo_mahal;0.0;ensemble_loo_mahal;20;20;20;0;784;101;41;60;2;5;95;0.5792682926829269;0.6405987345085784;0.7702702702702702;0.0;0.1;;;;;;8.025062322616577
2026-02-17T11:05:36.370807;mvtec_AD/screw;cont_0pct_cosine_loo;0.0;cosine_loo;20;20;20;0;784;101;41;60;2;5;95;0.5735772357723576;0.6259206307934669;0.7547169811320755;0.0;0.016666666666666666;;;;;;8.325838804244995
2026-02-17T11:05:42.531863;mvtec_AD/screw;cont_10pct_none;0.1;none;20;20;20;2;0;101;41;60;2;5;95;0.5796747967479674;0.6252711961995588;0.7763157894736841;0.03333333333333333;0.03333333333333333;0.003658536585365746;-0.0;;;;6.1440558433532715
2026-02-17T11:05:50.641622;mvtec_AD/screw;cont_10pct_loo_patch;0.1;loo_patch;20;20;20;2;784;101;41;60;2;5;95;0.5813008130081301;0.6263309989714836;0.767123287671233;0.0;0.05;0.005284552845528423;-0.44444444444447817;0.5277777777777778;;;8.10731840133667
2026-02-17T11:05:56.388804;mvtec_AD/screw;cont_10pct_random_patch;0.1;random_patch;20;20;20;2;784;101;41;60;2;5;95;0.582520325203252;0.6238898613611551;0.7741935483870968;0.03333333333333333;0.03333333333333333;0.006504065040650375;-0.7777777777778216;0.5277777777777778;;;5.745183229446411
2026-02-17T11:06:04.603791;mvtec_AD/screw;cont_10pct_mahalanobis_patch;0.1;mahalanobis_patch;20;20;20;2;784;101;41;60;2;5;95;0.6016260162601627;0.645931511035176;0.7733333333333334;0.0;0.05;0.025609756097561;-6.000000000000212;0.5277777777777778;;;8.213940858840942
2026-02-17T11:06:10.167558;mvtec_AD/screw;cont_10pct_oracle_patch;0.1;oracle_patch;20;20;18;2;1568;101;41;60;2;5;95;0.6020325203252033;0.6673150155479692;0.8;0.06666666666666667;0.1;0.026016260162601612;-6.111111111111317;;;;5.562728404998779
2026-02-17T11:06:18.206808;mvtec_AD/screw;cont_10pct_ensemble_loo_mahal;0.1;ensemble_loo_mahal;20;20;20;2;784;101;41;60;2;5;95;0.5930894308943089;0.638282929589693;0.7692307692307693;0.0;0.06666666666666667;0.01707317073170722;-3.666666666666778;0.5277777777777778;;;8.037242650985718
2026-02-17T11:06:26.464458;mvtec_AD/screw;cont_10pct_cosine_loo;0.1;cosine_loo;20;20;20;2;784;101;41;60;2;5;95;0.5886178861788618;0.6426470948021602;0.767123287671233;0.05;0.05;0.012601626016260137;-2.444444444444539;0.5277777777777778;;;8.256649732589722
2026-02-17T11:06:32.923580;mvtec_AD/screw;cont_20pct_none;0.2;none;20;20;20;4;0;101;41;60;2;5;95;0.5719512195121951;0.6693132167871274;0.7532467532467533;0.06666666666666667;0.1;-0.004065040650406582;0.0;;;;6.431106328964233
2026-02-17T11:06:41.784623;mvtec_AD/screw;cont_20pct_loo_patch;0.2;loo_patch;20;20;20;4;784;101;41;60;2;5;95;0.5630081300813008;0.6884187665794147;0.759493670886076;0.11666666666666667;0.15;-0.013008130081300862;-2.199999999999951;0.390625;;;8.859041690826416
2026-02-17T11:06:48.021230;mvtec_AD/screw;cont_20pct_random_patch;0.2;random_patch;20;20;20;4;784;101;41;60;2;5;95;0.5686991869918698;0.6727746887845382;0.7499999999999999;0.08333333333333333;0.1;-0.007317073170731825;-0.7999999999999945;0.390625;;;6.234606981277466
2026-02-17T11:06:55.825003;mvtec_AD/screw;cont_20pct_mahalanobis_patch;0.2;mahalanobis_patch;20;20;20;4;784;101;41;60;2;5;95;0.6024390243902439;0.6917028706531426;0.7643312101910829;0.03333333333333333;0.16666666666666666;0.026422764227642226;7.499999999999863;0.390625;;;7.801773548126221
2026-02-17T11:07:00.725805;mvtec_AD/screw;cont_20pct_oracle_patch;0.2;oracle_patch;20;20;16;4;3136;101;41;60;2;5;95;0.5959349593495935;0.6981808224130771;0.7866666666666666;0.13333333333333333;0.15;0.01991869918699185;5.899999999999902;;;;4.8998026847839355
2026-02-17T11:07:08.412984;mvtec_AD/screw;cont_20pct_ensemble_loo_mahal;0.2;ensemble_loo_mahal;20;20;20;4;784;101;41;60;2;5;95;0.566260162601626;0.7020049983503588;0.7499999999999999;0.2;0.2;-0.009756097560975618;-1.3999999999999564;0.390625;;;7.685002565383911
2026-02-17T11:07:16.666148;mvtec_AD/screw;cont_20pct_cosine_loo;0.2;cosine_loo;20;20;20;4;784;101;41;60;2;5;95;0.5703252032520325;0.7052092769911363;0.759493670886076;0.18333333333333332;0.2;-0.005691056910569148;-0.3999999999999836;0.390625;;;8.252163648605347
2026-02-17T11:07:22.835681;mvtec_AD/screw;cont_30pct_none;0.3;none;20;20;20;6;0;101;41;60;2;5;95;0.5361788617886178;0.6615348558994504;0.7499999999999999;0.05;0.11666666666666667;-0.03983739837398381;0.0;;;;6.143531084060669
2026-02-17T11:07:30.993486;mvtec_AD/screw;cont_30pct_loo_patch;0.3;loo_patch;20;20;20;6;784;101;41;60;2;5;95;0.5414634146341463;0.6530505085008151;0.759493670886076;0.03333333333333333;0.1;-0.03455284552845539;0.13265306122448875;0.4285714285714286;;;8.155807733535767
2026-02-17T11:07:36.808384;mvtec_AD/screw;cont_30pct_random_patch;0.3;random_patch;20;20;20;6;784;101;41;60;2;5;95;0.5341463414634147;0.6646355395415723;0.7499999999999999;0.06666666666666667;0.11666666666666667;-0.04186991869918699;-0.0510204081632634;0.4285714285714286;;;5.813898801803589
2026-02-17T11:07:45.029113;mvtec_AD/screw;cont_30pct_mahalanobis_patch;0.3;mahalanobis_patch;20;20;20;6;784;101;41;60;2;5;95;0.563821138211382;0.6995184431078697;0.7643312101910829;0.15;0.15;-0.012195121951219634;0.6938775510204057;0.4285714285714286;;;8.219727754592896
2026-02-17T11:07:49.436242;mvtec_AD/screw;cont_30pct_oracle_patch;0.3;oracle_patch;20;20;14;6;4704;101;41;60;2;5;95;0.5772357723577236;0.710559143917861;0.7712418300653595;0.18333333333333332;0.2;0.0012195121951219523;1.030612244897959;;;;4.406129837036133
2026-02-17T11:07:57.299184;mvtec_AD/screw;cont_30pct_ensemble_loo_mahal;0.3;ensemble_loo_mahal;20;20;20;6;784;101;41;60;2;5;95;0.5593495934959349;0.68922457676097;0.7643312101910829;0.11666666666666667;0.18333333333333332;-0.01666666666666672;0.5816326530612239;0.4285714285714286;;;7.860941171646118
2026-02-17T11:08:05.404035;mvtec_AD/screw;cont_30pct_cosine_loo;0.3;cosine_loo;20;20;20;6;784;101;41;60;2;5;95;0.5540650406504065;0.695851011740174;0.7547169811320755;0.15;0.15;-0.02195121951219514;0.4489795918367352;0.4285714285714286;;;8.103848218917847
2026-02-17T11:08:08.620899;mvtec_AD/screw;cont_0pct_none;0.0;none;10;10;10;0;0;101;41;60;3;5;95;0.6495934959349594;0.7269265813815248;0.7499999999999999;0.1;0.15;;;;;;3.0222582817077637
2026-02-17T11:08:12.036245;mvtec_AD/screw;cont_0pct_loo_patch;0.0;loo_patch;10;10;10;0;392;101;41;60;3;5;95;0.5321138211382114;0.6211962075929763;0.7552447552447552;0.03333333333333333;0.03333333333333333;;;;;;3.4143452644348145
2026-02-17T11:08:15.041100;mvtec_AD/screw;cont_0pct_random_patch;0.0;random_patch;10;10;10;0;392;101;41;60;3;5;95;0.65;0.7227913760507171;0.7538461538461538;0.1;0.15;;;;;;3.0038554668426514
2026-02-17T11:08:19.264559;mvtec_AD/screw;cont_0pct_mahalanobis_patch;0.0;mahalanobis_patch;10;10;10;0;392;101;41;60;3;5;95;0.5788617886178862;0.661573419665509;0.7567567567567568;0.05;0.06666666666666667;;;;;;4.223459243774414
2026-02-17T11:08:19.276898;mvtec_AD/screw;cont_0pct_oracle_patch;0.0;oracle_patch;10;10;10;0;0;101;41;60;3;5;95;0.6495934959349594;0.7269265813815248;0.7499999999999999;0.1;0.15;;;;;;0.011809349060058594
2026-02-17T11:08:23.583588;mvtec_AD/screw;cont_0pct_ensemble_loo_mahal;0.0;ensemble_loo_mahal;10;10;10;0;392;101;41;60;3;5;95;0.5699186991869919;0.6509603664750266;0.761904761904762;0.03333333333333333;0.05;;;;;;4.306179761886597
2026-02-17T11:08:27.023898;mvtec_AD/screw;cont_0pct_cosine_loo;0.0;cosine_loo;10;10;10;0;392;101;41;60;3;5;95;0.5760162601626015;0.6618008125660495;0.7453416149068323;0.06666666666666667;0.06666666666666667;;;;;;3.44031023979187
2026-02-17T11:08:30.095656;mvtec_AD/screw;cont_10pct_none;0.1;none;10;10;10;1;0;101;41;60;3;5;95;0.6349593495934959;0.7187831262525389;0.7453416149068323;0.08333333333333333;0.15;-0.014634146341463539;0.0;;;;3.0627567768096924
2026-02-17T11:08:33.770604;mvtec_AD/screw;cont_10pct_loo_patch;0.1;loo_patch;10;10;10;1;392;101;41;60;3;5;95;0.5276422764227643;0.6135035008973597;0.7453416149068323;0.03333333333333333;0.03333333333333333;-0.12195121951219512;-7.333333333333263;0.33333333333333337;;;3.6729493141174316
2026-02-17T11:08:36.824358;mvtec_AD/screw;cont_10pct_random_patch;0.1;random_patch;10;10;10;1;392;101;41;60;3;5;95;0.6313008130081301;0.7125756733749945;0.7466666666666667;0.06666666666666667;0.15;-0.018292682926829285;-0.2499999999999905;0.33333333333333337;;;3.051750659942627
2026-02-17T11:08:41.198058;mvtec_AD/screw;cont_10pct_mahalanobis_patch;0.1;mahalanobis_patch;10;10;10;1;392;101;41;60;3;5;95;0.5813008130081301;0.667973140241499;0.7499999999999999;0.05;0.08333333333333333;-0.06829268292682933;-3.6666666666666314;0.33333333333333337;;;4.371698379516602
2026-02-17T11:08:44.004056;mvtec_AD/screw;cont_10pct_oracle_patch;0.1;oracle_patch;10;10;9;1;784;101;41;60;3;5;95;0.6890243902439024;0.7563007275250647;0.7540983606557377;0.1;0.15;0.039430894308942976;3.694444444444414;;;;2.8049941062927246
2026-02-17T11:08:48.389466;mvtec_AD/screw;cont_10pct_ensemble_loo_mahal;0.1;ensemble_loo_mahal;10;10;10;1;392;101;41;60;3;5;95;0.5589430894308943;0.6344785355963508;0.7453416149068323;0.03333333333333333;0.03333333333333333;-0.09065040650406508;-5.194444444444395;0.33333333333333337;;;4.383410692214966
2026-02-17T11:08:51.909019;mvtec_AD/screw;cont_10pct_cosine_loo;0.1;cosine_loo;10;10;10;1;392;101;41;60;3;5;95;0.5626016260162602;0.6486300282453459;0.7453416149068323;0.03333333333333333;0.05;-0.08699186991869923;-4.944444444444397;0.33333333333333337;;;3.5175533294677734
2026-02-17T11:08:55.572381;mvtec_AD/screw;cont_20pct_none;0.2;none;10;10;10;2;0;101;41;60;3;5;95;0.6345528455284551;0.71755925350417;0.7453416149068323;0.06666666666666667;0.15;-0.015040650406504263;0.0;;;;3.6518518924713135
2026-02-17T11:08:59.242558;mvtec_AD/screw;cont_20pct_loo_patch;0.2;loo_patch;10;10;10;2;392;101;41;60;3;5;95;0.532520325203252;0.605289766014405;0.7499999999999999;0.016666666666666666;0.03333333333333333;-0.11707317073170742;-6.783783783783688;0.25;;;3.669064521789551
2026-02-17T11:09:02.333027;mvtec_AD/screw;cont_20pct_random_patch;0.2;random_patch;10;10;10;2;392;101;41;60;3;5;95;0.6308943089430894;0.7170123663820999;0.7499999999999999;0.06666666666666667;0.15;-0.01869918699187001;-0.24324324324323288;0.25;;;3.088456869125366
2026-02-17T11:09:06.750509;mvtec_AD/screw;cont_20pct_mahalanobis_patch;0.2;mahalanobis_patch;10;10;10;2;392;101;41;60;3;5;95;0.5752032520325203;0.6633945247436528;0.7453416149068323;0.016666666666666666;0.06666666666666667;-0.07439024390243909;-3.945945945945885;0.25;;;4.415484428405762
2026-02-17T11:09:09.450393;mvtec_AD/screw;cont_20pct_oracle_patch;0.2;oracle_patch;10;10;8;2;1568;101;41;60;3;5;95;0.6678861788617886;0.7565082273355513;0.7500000000000001;0.08333333333333333;0.23333333333333334;0.018292682926829174;2.216216216216194;;;;2.698881149291992
2026-02-17T11:09:13.940726;mvtec_AD/screw;cont_20pct_ensemble_loo_mahal;0.2;ensemble_loo_mahal;10;10;10;2;392;101;41;60;3;5;95;0.5390243902439025;0.6217757172215798;0.7499999999999999;0.016666666666666666;0.03333333333333333;-0.11056910569105693;-6.351351351351256;0.25;;;4.4883341789245605
2026-02-17T11:09:17.995806;mvtec_AD/screw;cont_20pct_cosine_loo;0.2;cosine_loo;10;10;10;2;392;101;41;60;3;5;95;0.5556910569105692;0.6314561122292155;0.7453416149068323;0.03333333333333333;0.03333333333333333;-0.09390243902439022;-5.2432432432431595;0.25;;;4.053083181381226
2026-02-17T11:09:21.222315;mvtec_AD/screw;cont_30pct_none;0.3;none;10;10;10;3;0;101;41;60;3;5;95;0.6357723577235772;0.728928170181342;0.7532467532467533;0.15;0.15;-0.0138211382113822;0.0;;;;3.212463855743408
2026-02-17T11:09:24.837959;mvtec_AD/screw;cont_30pct_loo_patch;0.3;loo_patch;10;10;10;3;392;101;41;60;3;5;95;0.5536585365853659;0.6049292350276267;0.7499999999999999;0.03333333333333333;0.03333333333333333;-0.09593495934959351;-5.941176470588193;0.42857142857142855;;;3.6134965419769287
2026-02-17T11:09:27.970630;mvtec_AD/screw;cont_30pct_random_patch;0.3;random_patch;10;10;10;3;392;101;41;60;3;5;95;0.633739837398374;0.7257232288273626;0.7564102564102564;0.13333333333333333;0.15;-0.01585365853658538;-0.14705882352940564;0.42857142857142855;;;3.130657434463501
2026-02-17T11:09:32.464765;mvtec_AD/screw;cont_30pct_mahalanobis_patch;0.3;mahalanobis_patch;10;10;10;3;392;101;41;60;3;5;95;0.5947154471544716;0.6747842517107879;0.7532467532467533;0.06666666666666667;0.06666666666666667;-0.054878048780487854;-2.9705882352940964;0.42857142857142855;;;4.492136001586914
2026-02-17T11:09:34.740850;mvtec_AD/screw;cont_30pct_oracle_patch;0.3;oracle_patch;10;10;7;3;2352;101;41;60;3;5;95;0.6495934959349593;0.7401913243475639;0.7538461538461538;0.13333333333333333;0.18333333333333332;-1.1102230246251565e-16;0.999999999999992;;;;2.276085615158081
2026-02-17T11:09:39.245138;mvtec_AD/screw;cont_30pct_ensemble_loo_mahal;0.3;ensemble_loo_mahal;10;10;10;3;392;101;41;60;3;5;95;0.5678861788617886;0.6276166734569599;0.751592356687898;0.03333333333333333;0.03333333333333333;-0.0817073170731708;-4.911764705882321;0.42857142857142855;;;4.503286600112915
2026-02-17T11:09:42.890235;mvtec_AD/screw;cont_30pct_cosine_loo;0.3;cosine_loo;10;10;10;3;392;101;41;60;3;5;95;0.5617886178861788;0.6248200343733239;0.7483870967741936;0.03333333333333333;0.03333333333333333;-0.08780487804878057;-5.352941176470554;0.42857142857142855;;;3.643096446990967
2026-02-17T11:09:49.279898;mvtec_AD/screw;cont_0pct_none;0.0;none;20;20;20;0;0;101;41;60;3;5;95;0.751219512195122;0.8375370107030052;0.7883211678832117;0.35;0.4166666666666667;;;;;;6.215484380722046
2026-02-17T11:09:57.509783;mvtec_AD/screw;cont_0pct_loo_patch;0.0;loo_patch;20;20;20;0;784;101;41;60;3;5;95;0.7166666666666667;0.7998455633032894;0.7692307692307693;0.18333333333333332;0.2;;;;;;8.22888469696045
2026-02-17T11:10:03.428281;mvtec_AD/screw;cont_0pct_random_patch;0.0;random_patch;20;20;20;0;784;101;41;60;3;5;95;0.7463414634146341;0.8371816940580196;0.7826086956521738;0.38333333333333336;0.4;;;;;;5.917498588562012
2026-02-17T11:10:11.248726;mvtec_AD/screw;cont_0pct_mahalanobis_patch;0.0;mahalanobis_patch;20;20;20;0;784;101;41;60;3;5;95;0.7577235772357723;0.8373547767864477;0.7741935483870968;0.23333333333333334;0.2833333333333333;;;;;;7.819921493530273
2026-02-17T11:10:11.267726;mvtec_AD/screw;cont_0pct_oracle_patch;0.0;oracle_patch;20;20;20;0;0;101;41;60;3;5;95;0.751219512195122;0.8375370107030052;0.7883211678832117;0.35;0.4166666666666667;;;;;;0.018999576568603516
2026-02-17T11:10:19.195538;mvtec_AD/screw;cont_0pct_ensemble_loo_mahal;0.0;ensemble_loo_mahal;20;20;20;0;784;101;41;60;3;5;95;0.7341463414634146;0.8154470872391152;0.7692307692307693;0.15;0.36666666666666664;;;;;;7.926809549331665
2026-02-17T11:10:27.620949;mvtec_AD/screw;cont_0pct_cosine_loo;0.0;cosine_loo;20;20;20;0;784;101;41;60;3;5;95;0.7288617886178863;0.8013903221780504;0.7714285714285714;0.13333333333333333;0.21666666666666667;;;;;;8.424411535263062
2026-02-17T11:10:33.822007;mvtec_AD/screw;cont_10pct_none;0.1;none;20;20;20;2;0;101;41;60;3;5;95;0.7260162601626017;0.8107358752559944;0.7819548872180451;0.3;0.35;-0.025203252032520274;0.0;;;;6.185061454772949
2026-02-17T11:10:41.924570;mvtec_AD/screw;cont_10pct_loo_patch;0.1;loo_patch;20;20;20;2;784;101;41;60;3;5;95;0.7386178861788618;0.8101028183148352;0.7712418300653595;0.13333333333333333;0.21666666666666667;-0.012601626016260137;0.5;0.7777777777777778;;;8.100555181503296
2026-02-17T11:10:47.742072;mvtec_AD/screw;cont_10pct_random_patch;0.1;random_patch;20;20;20;2;784;101;41;60;3;5;95;0.7260162601626017;0.8117580652003368;0.7819548872180451;0.3;0.35;-0.025203252032520274;0.0;0.7777777777777778;;;5.815432071685791
2026-02-17T11:10:55.794667;mvtec_AD/screw;cont_10pct_mahalanobis_patch;0.1;mahalanobis_patch;20;20;20;2;784;101;41;60;3;5;95;0.7357723577235772;0.8092541454718926;0.7692307692307692;0.18333333333333332;0.18333333333333332;-0.015447154471544766;0.3870967741935451;0.7777777777777778;;;8.050543785095215
2026-02-17T11:11:01.306852;mvtec_AD/screw;cont_10pct_oracle_patch;0.1;oracle_patch;20;20;18;2;1568;101;41;60;3;5;95;0.7069105691056911;0.7573844209362938;0.7913669064748202;0.05;0.08333333333333333;-0.0443089430894309;-0.7580645161290359;;;;5.511184930801392
2026-02-17T11:11:09.143522;mvtec_AD/screw;cont_10pct_ensemble_loo_mahal;0.1;ensemble_loo_mahal;20;20;20;2;784;101;41;60;3;5;95;0.7463414634146341;0.8095103125885398;0.7751937984496124;0.13333333333333333;0.21666666666666667;-0.004878048780487809;0.8064516129032252;0.7777777777777778;;;7.835670232772827
2026-02-17T11:11:17.792822;mvtec_AD/screw;cont_10pct_cosine_loo;0.1;cosine_loo;20;20;20;2;784;101;41;60;3;5;95;0.7313008130081301;0.7939717117609938;0.7763157894736841;0.11666666666666667;0.23333333333333334;-0.01991869918699185;0.20967741935483786;0.7777777777777778;;;8.647300004959106
2026-02-17T11:11:24.249230;mvtec_AD/screw;cont_20pct_none;0.2;none;20;20;20;4;0;101;41;60;3;5;95;0.7272357723577236;0.8028537191761137;0.7794117647058824;0.13333333333333333;0.31666666666666665;-0.02398373983739832;0.0;;;;6.4323601722717285
2026-02-17T11:11:32.540305;mvtec_AD/screw;cont_20pct_loo_patch;0.2;loo_patch;20;20;20;4;784;101;41;60;3;5;95;0.7528455284552846;0.8099120880655967;0.7899159663865546;0.13333333333333333;0.2;0.001626016260162677;1.067796610169495;0.59375;;;8.289075136184692
2026-02-17T11:11:38.435354;mvtec_AD/screw;cont_20pct_random_patch;0.2;random_patch;20;20;20;4;784;101;41;60;3;5;95;0.7260162601626017;0.8023811633147714;0.7794117647058824;0.15;0.31666666666666665;-0.025203252032520274;-0.0508474576271188;0.59375;;;5.892632484436035
2026-02-17T11:11:46.247296;mvtec_AD/screw;cont_20pct_mahalanobis_patch;0.2;mahalanobis_patch;20;20;20;4;784;101;41;60;3;5;95;0.7150406504065041;0.8024906228975931;0.7567567567567568;0.16666666666666666;0.31666666666666665;-0.036178861788617844;-0.508474576271188;0.59375;;;7.8119423389434814
2026-02-17T11:11:51.187092;mvtec_AD/screw;cont_20pct_oracle_patch;0.2;oracle_patch;20;20;16;4;3136;101;41;60;3;5;95;0.6890243902439025;0.7635575218737772;0.7702702702702702;0.13333333333333333;0.15;-0.062195121951219456;-1.5932203389830542;;;;4.938795804977417
2026-02-17T11:11:59.232461;mvtec_AD/screw;cont_20pct_ensemble_loo_mahal;0.2;ensemble_loo_mahal;20;20;20;4;784;101;41;60;3;5;95;0.7398373983739838;0.8089254005544225;0.7651006711409395;0.1;0.21666666666666667;-0.011382113821138184;0.5254237288135594;0.59375;;;8.044368267059326
2026-02-17T11:12:07.497924;mvtec_AD/screw;cont_20pct_cosine_loo;0.2;cosine_loo;20;20;20;4;784;101;41;60;3;5;95;0.7447154471544715;0.7968358060951254;0.7758620689655172;0.08333333333333333;0.16666666666666666;-0.006504065040650486;0.72881355932203;0.59375;;;8.263452291488647
2026-02-17T11:12:13.637440;mvtec_AD/screw;cont_30pct_none;0.3;none;20;20;20;6;0;101;41;60;3;5;95;0.7040650406504066;0.7663387528249496;0.7692307692307693;0.06666666666666667;0.13333333333333333;-0.047154471544715304;0.0;;;;6.108379602432251
2026-02-17T11:12:22.104700;mvtec_AD/screw;cont_30pct_loo_patch;0.3;loo_patch;20;20;20;6;784;101;41;60;3;5;95;0.6727642276422764;0.7437299038876463;0.7651006711409395;0.11666666666666667;0.11666666666666667;-0.07845528455284556;-0.6637931034482816;0.5952380952380952;;;8.465260028839111
2026-02-17T11:12:28.248291;mvtec_AD/screw;cont_30pct_random_patch;0.3;random_patch;20;20;20;6;784;101;41;60;3;5;95;0.6918699186991869;0.7579812632931585;0.763157894736842;0.1;0.1;-0.05934959349593505;-0.25862068965517815;0.5952380952380952;;;6.141423463821411
2026-02-17T11:12:36.016512;mvtec_AD/screw;cont_30pct_mahalanobis_patch;0.3;mahalanobis_patch;20;20;20;6;784;101;41;60;3;5;95;0.6825203252032519;0.7578752240453038;0.7612903225806452;0.15;0.18333333333333332;-0.06869918699187005;-0.45689655172414523;0.5952380952380952;;;7.767176628112793
2026-02-17T11:12:40.294264;mvtec_AD/screw;cont_30pct_oracle_patch;0.3;oracle_patch;20;20;14;6;4704;101;41;60;3;5;95;0.6040650406504064;0.653577824610799;0.7643312101910829;0.016666666666666666;0.05;-0.1471544715447155;-2.1206896551724244;;;;4.277232646942139
2026-02-17T11:12:48.186134;mvtec_AD/screw;cont_30pct_ensemble_loo_mahal;0.3;ensemble_loo_mahal;20;20;20;6;784;101;41;60;3;5;95;0.6873983739837397;0.7505251100435456;0.7666666666666667;0.06666666666666667;0.2;-0.06382113821138224;-0.35344827586207583;0.5952380952380952;;;7.890868902206421
2026-02-17T11:12:56.717489;mvtec_AD/screw;cont_30pct_cosine_loo;0.3;cosine_loo;20;20;20;6;784;101;41;60;3;5;95;0.6776422764227643;0.7327305450916215;0.7692307692307693;0.05;0.16666666666666666;-0.07357723577235764;-0.5603448275862098;0.5952380952380952;;;8.530356645584106
2026-02-17T11:12:59.984902;mvtec_AD/screw;cont_0pct_none;0.0;none;10;10;10;0;0;101;41;60;4;5;95;0.6170731707317073;0.6776865476609826;0.7643312101910829;0.0;0.11666666666666667;;;;;;3.079537868499756
2026-02-17T11:13:03.545167;mvtec_AD/screw;cont_0pct_loo_patch;0.0;loo_patch;10;10;10;0;392;101;41;60;4;5;95;0.5398373983739837;0.6011787193733605;0.7643312101910829;0.016666666666666666;0.016666666666666666;;;;;;3.559267282485962
2026-02-17T11:13:06.478575;mvtec_AD/screw;cont_0pct_random_patch;0.0;random_patch;10;10;10;0;392;101;41;60;4;5;95;0.624390243902439;0.6853417520726939;0.7643312101910829;0.0;0.1;;;;;;2.932396411895752
2026-02-17T11:13:10.744252;mvtec_AD/screw;cont_0pct_mahalanobis_patch;0.0;mahalanobis_patch;10;10;10;0;392;101;41;60;4;5;95;0.6138211382113822;0.6887202661097617;0.7643312101910829;0.016666666666666666;0.05;;;;;;4.264677286148071
2026-02-17T11:13:10.755985;mvtec_AD/screw;cont_0pct_oracle_patch;0.0;oracle_patch;10;10;10;0;0;101;41;60;4;5;95;0.6170731707317073;0.6776865476609826;0.7643312101910829;0.0;0.11666666666666667;;;;;;0.010696649551391602
2026-02-17T11:13:14.898060;mvtec_AD/screw;cont_0pct_ensemble_loo_mahal;0.0;ensemble_loo_mahal;10;10;10;0;392;101;41;60;4;5;95;0.5532520325203252;0.6186131027993232;0.7643312101910829;0.016666666666666666;0.016666666666666666;;;;;;4.134254217147827
2026-02-17T11:13:18.361265;mvtec_AD/screw;cont_0pct_cosine_loo;0.0;cosine_loo;10;10;10;0;392;101;41;60;4;5;95;0.5560975609756098;0.60813858243321;0.7643312101910829;0.0;0.016666666666666666;;;;;;3.4619555473327637
2026-02-17T11:13:21.483070;mvtec_AD/screw;cont_10pct_none;0.1;none;10;10;10;1;0;101;41;60;4;5;95;0.6308943089430894;0.6971787171460413;0.7564102564102564;0.0;0.18333333333333332;0.013821138211382089;-0.0;;;;3.1128056049346924
2026-02-17T11:13:24.896123;mvtec_AD/screw;cont_10pct_loo_patch;0.1;loo_patch;10;10;10;1;392;101;41;60;4;5;95;0.5434959349593496;0.6033479228007358;0.759493670886076;0.0;0.03333333333333333;-0.07357723577235775;6.323529411764717;0.11111111111111116;;;3.4110329151153564
2026-02-17T11:13:27.835906;mvtec_AD/screw;cont_10pct_random_patch;0.1;random_patch;10;10;10;1;392;101;41;60;4;5;95;0.6284552845528455;0.6881205841689615;0.7612903225806452;0.0;0.06666666666666667;0.011382113821138184;0.1764705882352946;0.11111111111111116;;;2.937782049179077
2026-02-17T11:13:32.266189;mvtec_AD/screw;cont_10pct_mahalanobis_patch;0.1;mahalanobis_patch;10;10;10;1;392;101;41;60;4;5;95;0.6373983739837398;0.712588701640312;0.763157894736842;0.016666666666666666;0.03333333333333333;0.020325203252032464;-0.47058823529411625;0.11111111111111116;;;4.427777051925659
2026-02-17T11:13:35.019241;mvtec_AD/screw;cont_10pct_oracle_patch;0.1;oracle_patch;10;10;9;1;784;101;41;60;4;5;95;0.625609756097561;0.6847661179354552;0.7643312101910829;0.0;0.15;0.008536585365853666;0.38235294117646895;;;;2.7520453929901123
2026-02-17T11:13:39.325561;mvtec_AD/screw;cont_10pct_ensemble_loo_mahal;0.1;ensemble_loo_mahal;10;10;10;1;392;101;41;60;4;5;95;0.5524390243902438;0.6092125137689043;0.7564102564102564;0.0;0.03333333333333333;-0.06463414634146347;5.676470588235307;0.11111111111111116;;;4.304322242736816
2026-02-17T11:13:42.819076;mvtec_AD/screw;cont_10pct_cosine_loo;0.1;cosine_loo;10;10;10;1;392;101;41;60;4;5;95;0.5491869918699187;0.6085642428389348;0.7564102564102564;0.0;0.016666666666666666;-0.0678861788617886;5.91176470588236;0.11111111111111116;;;3.491518497467041
2026-02-17T11:13:45.888462;mvtec_AD/screw;cont_20pct_none;0.2;none;10;10;10;2;0;101;41;60;4;5;95;0.6040650406504066;0.668464040661695;0.7564102564102564;0.0;0.15;-0.01300813008130075;0.0;;;;3.053579807281494
2026-02-17T11:13:49.409479;mvtec_AD/screw;cont_20pct_loo_patch;0.2;loo_patch;10;10;10;2;392;101;41;60;4;5;95;0.574390243902439;0.6097723082517243;0.7500000000000001;0.0;0.016666666666666666;-0.04268292682926833;-2.2812500000000187;0.1875;;;3.5194878578186035
2026-02-17T11:13:52.411840;mvtec_AD/screw;cont_20pct_random_patch;0.2;random_patch;10;10;10;2;392;101;41;60;4;5;95;0.605691056910569;0.6684925756304382;0.7534246575342466;0.0;0.13333333333333333;-0.011382113821138296;0.12499999999998933;0.1875;;;3.0010406970977783
2026-02-17T11:13:56.576221;mvtec_AD/screw;cont_20pct_mahalanobis_patch;0.2;mahalanobis_patch;10;10;10;2;392;101;41;60;4;5;95;0.6276422764227643;0.681158390244312;0.7751937984496124;0.016666666666666666;0.03333333333333333;0.010569105691056957;1.8125000000000075;0.1875;;;4.162013292312622
2026-02-17T11:13:59.121562;mvtec_AD/screw;cont_20pct_oracle_patch;0.2;oracle_patch;10;10;8;2;1568;101;41;60;4;5;95;0.6345528455284553;0.6927596336349143;0.7547169811320755;0.0;0.16666666666666666;0.017479674796747946;2.343750000000005;;;;2.5453407764434814
2026-02-17T11:14:03.351050;mvtec_AD/screw;cont_20pct_ensemble_loo_mahal;0.2;ensemble_loo_mahal;10;10;10;2;392;101;41;60;4;5;95;0.5715447154471545;0.6088825724887187;0.751592356687898;0.0;0.03333333333333333;-0.04552845528455285;-2.500000000000017;0.1875;;;4.227970123291016
2026-02-17T11:14:06.838807;mvtec_AD/screw;cont_20pct_cosine_loo;0.2;cosine_loo;10;10;10;2;392;101;41;60;4;5;95;0.5613821138211383;0.6043544854055387;0.7534246575342466;0.0;0.016666666666666666;-0.05569105691056897;-3.28125000000001;0.1875;;;3.4854018688201904
2026-02-17T11:14:09.963230;mvtec_AD/screw;cont_30pct_none;0.3;none;10;10;10;3;0;101;41;60;4;5;95;0.6028455284552845;0.6777450690854858;0.7532467532467533;0.0;0.21666666666666667;-0.014227642276422814;0.0;;;;3.112412214279175
2026-02-17T11:14:13.440455;mvtec_AD/screw;cont_30pct_loo_patch;0.3;loo_patch;10;10;10;3;392;101;41;60;4;5;95;0.5341463414634147;0.597390535851698;0.751592356687898;0.0;0.03333333333333333;-0.08292682926829265;-4.828571428571405;0.4285714285714286;;;3.475214719772339
2026-02-17T11:14:16.538767;mvtec_AD/screw;cont_30pct_random_patch;0.3;random_patch;10;10;10;3;392;101;41;60;4;5;95;0.6020325203252033;0.6771021435898456;0.751592356687898;0.0;0.2;-0.015040650406504041;-0.05714285714285179;0.4285714285714286;;;3.0963118076324463
2026-02-17T11:14:20.822901;mvtec_AD/screw;cont_30pct_mahalanobis_patch;0.3;mahalanobis_patch;10;10;10;3;392;101;41;60;4;5;95;0.6174796747967479;0.7017861234330034;0.7499999999999999;0.016666666666666666;0.11666666666666667;0.00040650406504061376;1.0285714285714258;0.4285714285714286;;;4.282134294509888
2026-02-17T11:14:23.138735;mvtec_AD/screw;cont_30pct_oracle_patch;0.3;oracle_patch;10;10;7;3;2352;101;41;60;4;5;95;0.5865853658536586;0.6594662512681356;0.7547169811320755;0.0;0.15;-0.030487804878048697;-1.1428571428571295;;;;2.3148324489593506
2026-02-17T11:14:27.522561;mvtec_AD/screw;cont_30pct_ensemble_loo_mahal;0.3;ensemble_loo_mahal;10;10;10;3;392;101;41;60;4;5;95;0.5552845528455285;0.6172478369290503;0.7516778523489933;0.016666666666666666;0.03333333333333333;-0.06178861788617884;-3.3428571428571265;0.4285714285714286;;;4.381824016571045
2026-02-17T11:14:31.167052;mvtec_AD/screw;cont_30pct_cosine_loo;0.3;cosine_loo;10;10;10;3;392;101;41;60;4;5;95;0.5361788617886178;0.5955665504809968;0.7499999999999999;0.0;0.016666666666666666;-0.08089430894308947;-4.685714285714268;0.4285714285714286;;;3.6424663066864014
2026-02-17T11:14:37.770675;mvtec_AD/screw;cont_0pct_none;0.0;none;20;20;20;0;0;101;41;60;4;5;95;0.667479674796748;0.7534729789226139;0.7692307692307693;0.1;0.25;;;;;;6.424592733383179
2026-02-17T11:14:46.127592;mvtec_AD/screw;cont_0pct_loo_patch;0.0;loo_patch;20;20;20;0;784;101;41;60;4;5;95;0.6126016260162601;0.6943589680347978;0.7643312101910829;0.06666666666666667;0.08333333333333333;;;;;;8.355917930603027
2026-02-17T11:14:52.390637;mvtec_AD/screw;cont_0pct_random_patch;0.0;random_patch;20;20;20;0;784;101;41;60;4;5;95;0.6654471544715448;0.7478519267671407;0.7643312101910829;0.1;0.2;;;;;;6.262032985687256
2026-02-17T11:15:00.955652;mvtec_AD/screw;cont_0pct_mahalanobis_patch;0.0;mahalanobis_patch;20;20;20;0;784;101;41;60;4;5;95;0.6540650406504065;0.7401523484010878;0.7682119205298011;0.13333333333333333;0.13333333333333333;;;;;;8.563848972320557
2026-02-17T11:15:00.978778;mvtec_AD/screw;cont_0pct_oracle_patch;0.0;oracle_patch;20;20;20;0;0;101;41;60;4;5;95;0.667479674796748;0.7534729789226139;0.7692307692307693;0.1;0.25;;;;;;0.023126602172851562
2026-02-17T11:15:09.453713;mvtec_AD/screw;cont_0pct_ensemble_loo_mahal;0.0;ensemble_loo_mahal;20;20;20;0;784;101;41;60;4;5;95;0.6439024390243903;0.7329254935487316;0.7643312101910829;0.13333333333333333;0.2;;;;;;8.470935344696045
2026-02-17T11:15:18.114212;mvtec_AD/screw;cont_0pct_cosine_loo;0.0;cosine_loo;20;20;20;0;784;101;41;60;4;5;95;0.6422764227642277;0.7287280775986211;0.7692307692307693;0.08333333333333333;0.18333333333333332;;;;;;8.65908932685852
2026-02-17T11:15:24.693500;mvtec_AD/screw;cont_10pct_none;0.1;none;20;20;20;2;0;101;41;60;4;5;95;0.6565040650406504;0.7571709919631339;0.7662337662337662;0.1;0.3333333333333333;-0.01097560975609757;0.0;;;;6.558799982070923
2026-02-17T11:15:33.294870;mvtec_AD/screw;cont_10pct_loo_patch;0.1;loo_patch;20;20;20;2;784;101;41;60;4;5;95;0.6223577235772357;0.7591121594030731;0.7643312101910829;0.25;0.2833333333333333;-0.045121951219512235;-3.111111111111111;0.3333333333333333;;;8.599370002746582
2026-02-17T11:15:39.348211;mvtec_AD/screw;cont_10pct_random_patch;0.1;random_patch;20;20;20;2;784;101;41;60;4;5;95;0.6609756097560976;0.7614240317503377;0.7643312101910829;0.1;0.31666666666666665;-0.006504065040650375;0.40740740740741077;0.3333333333333333;;;6.051280498504639
2026-02-17T11:15:47.405219;mvtec_AD/screw;cont_10pct_mahalanobis_patch;0.1;mahalanobis_patch;20;20;20;2;784;101;41;60;4;5;95;0.6735772357723577;0.7855473325148853;0.7643312101910829;0.21666666666666667;0.25;0.0060975609756097615;1.5555555555555556;0.3333333333333333;;;8.055478811264038
2026-02-17T11:15:52.971122;mvtec_AD/screw;cont_10pct_oracle_patch;0.1;oracle_patch;20;20;18;2;1568;101;41;60;4;5;95;0.6719512195121952;0.7647548361327451;0.7692307692307693;0.13333333333333333;0.31666666666666665;0.0044715447154471955;1.4074074074074108;;;;5.5648088455200195
2026-02-17T11:16:01.149199;mvtec_AD/screw;cont_10pct_ensemble_loo_mahal;0.1;ensemble_loo_mahal;20;20;20;2;784;101;41;60;4;5;95;0.6479674796747967;0.7827008490943631;0.7643312101910829;0.26666666666666666;0.31666666666666665;-0.019512195121951237;-0.7777777777777778;0.3333333333333333;;;8.175597906112671
2026-02-17T11:16:09.650757;mvtec_AD/screw;cont_10pct_cosine_loo;0.1;cosine_loo;20;20;20;2;784;101;41;60;4;5;95;0.6536585365853659;0.7652271775160925;0.7692307692307693;0.2;0.21666666666666667;-0.013821138211382089;-0.2592592592592559;0.3333333333333333;;;8.499099254608154
2026-02-17T11:16:15.954075;mvtec_AD/screw;cont_20pct_none;0.2;none;20;20;20;4;0;101;41;60;4;5;95;0.6792682926829268;0.7773595341122513;0.7612903225806452;0.1;0.35;0.011788617886178798;-0.0;;;;6.27790641784668
2026-02-17T11:16:24.072693;mvtec_AD/screw;cont_20pct_loo_patch;0.2;loo_patch;20;20;20;4;784;101;41;60;4;5;95;0.65;0.7763356262653484;0.7662337662337662;0.25;0.2833333333333333;-0.017479674796747946;2.4827586206896615;0.3125;;;8.116328239440918
2026-02-17T11:16:30.090669;mvtec_AD/screw;cont_20pct_random_patch;0.2;random_patch;20;20;20;4;784;101;41;60;4;5;95;0.6898373983739837;0.7853185854168047;0.7662337662337662;0.1;0.31666666666666665;0.022357723577235755;-0.8965517241379398;0.3125;;;6.016543865203857
2026-02-17T11:16:38.334846;mvtec_AD/screw;cont_20pct_mahalanobis_patch;0.2;mahalanobis_patch;20;20;20;4;784;101;41;60;4;5;95;0.6857723577235773;0.7982998400255116;0.7662337662337662;0.25;0.2833333333333333;0.018292682926829285;-0.5517241379310442;0.3125;;;8.24317717552185
2026-02-17T11:16:43.478723;mvtec_AD/screw;cont_20pct_oracle_patch;0.2;oracle_patch;20;20;16;4;3136;101;41;60;4;5;95;0.6626016260162602;0.7603093856502413;0.7692307692307693;0.1;0.21666666666666667;-0.004878048780487809;1.4137931034482785;;;;5.142876386642456
2026-02-17T11:16:51.676117;mvtec_AD/screw;cont_20pct_ensemble_loo_mahal;0.2;ensemble_loo_mahal;20;20;20;4;784;101;41;60;4;5;95;0.6589430894308943;0.7925191487961106;0.7662337662337662;0.2833333333333333;0.38333333333333336;-0.008536585365853666;1.7241379310344873;0.3125;;;8.195395231246948
2026-02-17T11:17:00.142089;mvtec_AD/screw;cont_20pct_cosine_loo;0.2;cosine_loo;20;20;20;4;784;101;41;60;4;5;95;0.683739837398374;0.7995207783362254;0.7662337662337662;0.2;0.2833333333333333;0.016260162601625994;-0.37931034482759174;0.3125;;;8.463806390762329
2026-02-17T11:17:06.443493;mvtec_AD/screw;cont_30pct_none;0.3;none;20;20;20;6;0;101;41;60;4;5;95;0.6520325203252032;0.7532977270169593;0.7567567567567568;0.1;0.2833333333333333;-0.015447154471544766;0.0;;;;6.269892930984497
2026-02-17T11:17:15.340960;mvtec_AD/screw;cont_30pct_loo_patch;0.3;loo_patch;20;20;20;6;784;101;41;60;4;5;95;0.6191056910569105;0.7512639762595316;0.759493670886076;0.23333333333333334;0.23333333333333334;-0.04837398373983748;-2.131578947368416;0.40476190476190477;;;8.896464347839355
2026-02-17T11:17:22.361415;mvtec_AD/screw;cont_30pct_random_patch;0.3;random_patch;20;20;20;6;784;101;41;60;4;5;95;0.6638211382113821;0.7654188890447268;0.7643312101910829;0.1;0.2833333333333333;-0.003658536585365857;0.7631578947368427;0.40476190476190477;;;7.017843246459961
2026-02-17T11:17:31.536100;mvtec_AD/screw;cont_30pct_mahalanobis_patch;0.3;mahalanobis_patch;20;20;20;6;784;101;41;60;4;5;95;0.6532520325203253;0.7670783482234605;0.7581699346405228;0.18333333333333332;0.2833333333333333;-0.014227642276422703;0.07894736842105964;0.40476190476190477;;;9.172674417495728
2026-02-17T11:17:36.063602;mvtec_AD/screw;cont_30pct_oracle_patch;0.3;oracle_patch;20;20;14;6;4704;101;41;60;4;5;95;0.6491869918699186;0.7020921794035484;0.7581699346405228;0.0;0.1;-0.018292682926829396;-0.18421052631579382;;;;4.52650260925293
2026-02-17T11:17:44.054476;mvtec_AD/screw;cont_30pct_ensemble_loo_mahal;0.3;ensemble_loo_mahal;20;20;20;6;784;101;41;60;4;5;95;0.6373983739837398;0.7737276121811912;0.7643312101910829;0.26666666666666666;0.38333333333333336;-0.030081300813008194;-0.9473684210526293;0.40476190476190477;;;7.989838123321533
2026-02-17T11:17:52.764796;mvtec_AD/screw;cont_30pct_cosine_loo;0.3;cosine_loo;20;20;20;6;784;101;41;60;4;5;95;0.647560975609756;0.7687033820213393;0.7564102564102564;0.23333333333333334;0.26666666666666666;-0.01991869918699196;-0.289473684210528;0.40476190476190477;;;8.708240747451782
2026-02-17T11:18:00.239506;VisA/pcb1;cont_0pct_none;0.0;none;10;10;10;0;0;150;100;50;0;5;95;0.919;0.8552033673021281;0.7826086956521738;0.42;0.62;;;;;;4.732217311859131
2026-02-17T11:18:05.534411;VisA/pcb1;cont_0pct_loo_patch;0.0;loo_patch;10;10;10;0;392;150;100;50;0;5;95;0.9258;0.866584817222914;0.7758620689655172;0.46;0.66;;;;;;5.293904542922974
2026-02-17T11:18:10.076308;VisA/pcb1;cont_0pct_random_patch;0.0;random_patch;10;10;10;0;392;150;100;50;0;5;95;0.9188;0.8570276101747325;0.7894736842105263;0.5;0.58;;;;;;4.5408806800842285
2026-02-17T11:18:15.815240;VisA/pcb1;cont_0pct_mahalanobis_patch;0.0;mahalanobis_patch;10;10;10;0;392;150;100;50;0;5;95;0.9278;0.8743117991762597;0.7872340425531915;0.36;0.68;;;;;;5.738932132720947
2026-02-17T11:18:15.829404;VisA/pcb1;cont_0pct_oracle_patch;0.0;oracle_patch;10;10;10;0;0;150;100;50;0;5;95;0.919;0.8552033673021281;0.7826086956521738;0.42;0.62;;;;;;0.014164447784423828
2026-02-17T11:18:21.761614;VisA/pcb1;cont_0pct_ensemble_loo_mahal;0.0;ensemble_loo_mahal;10;10;10;0;392;150;100;50;0;5;95;0.9245999999999999;0.8620262571435683;0.793103448275862;0.4;0.62;;;;;;5.93120813369751
2026-02-17T11:18:26.910350;VisA/pcb1;cont_0pct_cosine_loo;0.0;cosine_loo;10;10;10;0;392;150;100;50;0;5;95;0.9245999999999999;0.8637788304849365;0.7731092436974789;0.48;0.64;;;;;;5.147497892379761
2026-02-17T11:18:31.656509;VisA/pcb1;cont_10pct_none;0.1;none;10;10;10;1;0;150;100;50;0;5;95;0.907;0.8260242742356729;0.7706422018348624;0.36;0.48;-0.01200000000000001;0.0;;;;4.735844850540161
2026-02-17T11:18:36.720452;VisA/pcb1;cont_10pct_loo_patch;0.1;loo_patch;10;10;10;1;392;150;100;50;0;5;95;0.9248;0.860421164499957;0.7857142857142856;0.34;0.66;0.005799999999999916;1.4833333333333258;1.0;;;5.06189227104187
2026-02-17T11:18:41.194329;VisA/pcb1;cont_10pct_random_patch;0.1;random_patch;10;10;10;1;392;150;100;50;0;5;95;0.9026;0.8153109037756663;0.7678571428571428;0.28;0.46;-0.01640000000000008;-0.3666666666666722;1.0;;;4.4718263149261475
2026-02-17T11:18:47.140920;VisA/pcb1;cont_10pct_mahalanobis_patch;0.1;mahalanobis_patch;10;10;10;1;392;150;100;50;0;5;95;0.9363999999999999;0.8852751298402765;0.8041237113402062;0.48;0.72;0.01739999999999986;2.449999999999987;1.0;;;5.945085048675537
2026-02-17T11:18:51.390727;VisA/pcb1;cont_10pct_oracle_patch;0.1;oracle_patch;10;10;9;1;784;150;100;50;0;5;95;0.9168;0.8498528531929535;0.7787610619469026;0.4;0.6;-0.0022000000000000908;0.8166666666666592;;;;4.2487952709198
2026-02-17T11:18:57.181998;VisA/pcb1;cont_10pct_ensemble_loo_mahal;0.1;ensemble_loo_mahal;10;10;10;1;392;150;100;50;0;5;95;0.921;0.8552470400806942;0.7894736842105263;0.3;0.62;0.0020000000000000018;1.1666666666666667;1.0;;;5.789270639419556
2026-02-17T11:19:02.284408;VisA/pcb1;cont_10pct_cosine_loo;0.1;cosine_loo;10;10;10;1;392;150;100;50;0;5;95;0.9179999999999999;0.848391098817467;0.7894736842105263;0.3;0.62;-0.001000000000000112;0.9166666666666574;1.0;;;5.100409984588623
2026-02-17T11:19:06.973309;VisA/pcb1;cont_20pct_none;0.2;none;10;10;10;2;0;150;100;50;0;5;95;0.9278;0.8661837671454711;0.7843137254901961;0.4;0.58;0.008799999999999919;-0.0;;;;4.671660661697388
2026-02-17T11:19:12.083726;VisA/pcb1;cont_20pct_loo_patch;0.2;loo_patch;10;10;10;2;392;150;100;50;0;5;95;0.9339999999999999;0.8668409175543226;0.8363636363636363;0.4;0.52;0.014999999999999902;-0.7045454545454591;1.0;;;5.108418703079224
2026-02-17T11:19:16.603986;VisA/pcb1;cont_20pct_random_patch;0.2;random_patch;10;10;10;2;392;150;100;50;0;5;95;0.9271999999999999;0.8615603212913607;0.8000000000000002;0.4;0.52;0.008199999999999874;0.06818181818182392;1.0;;;4.517961263656616
2026-02-17T11:19:22.581748;VisA/pcb1;cont_20pct_mahalanobis_patch;0.2;mahalanobis_patch;10;10;10;2;392;150;100;50;0;5;95;0.9476;0.906775384178174;0.8256880733944953;0.5;0.66;0.02859999999999996;-2.2500000000000253;1.0;;;5.975739479064941
2026-02-17T11:19:26.439148;VisA/pcb1;cont_20pct_oracle_patch;0.2;oracle_patch;10;10;8;2;1568;150;100;50;0;5;95;0.9189999999999999;0.8505763071136787;0.7758620689655172;0.38;0.6;-1.1102230246251565e-16;1.0000000000000127;;;;3.85640025138855
2026-02-17T11:19:32.164262;VisA/pcb1;cont_20pct_ensemble_loo_mahal;0.2;ensemble_loo_mahal;10;10;10;2;392;150;100;50;0;5;95;0.946;0.9028105857966366;0.8256880733944953;0.52;0.72;0.026999999999999913;-2.0681818181818366;1.0;;;5.724113464355469
2026-02-17T11:19:37.374329;VisA/pcb1;cont_20pct_cosine_loo;0.2;cosine_loo;10;10;10;2;392;150;100;50;0;5;95;0.9428;0.8858928797149705;0.8363636363636363;0.28;0.72;0.023799999999999932;-1.7045454545454717;1.0;;;5.209064960479736
2026-02-17T11:19:42.108484;VisA/pcb1;cont_30pct_none;0.3;none;10;10;10;3;0;150;100;50;0;5;95;0.9288;0.8610864943425948;0.7959183673469388;0.4;0.52;0.00979999999999992;-0.0;;;;4.721292018890381
2026-02-17T11:19:47.545124;VisA/pcb1;cont_30pct_loo_patch;0.3;loo_patch;10;10;10;3;392;150;100;50;0;5;95;0.9261999999999999;0.8669327662709277;0.796116504854369;0.42;0.54;0.007199999999999873;0.26530612244898655;1.0;;;5.433501720428467
2026-02-17T11:19:52.455032;VisA/pcb1;cont_30pct_random_patch;0.3;random_patch;10;10;10;3;392;150;100;50;0;5;95;0.9285999999999999;0.8607675874446713;0.7962962962962963;0.4;0.54;0.009599999999999831;0.02040816326531537;1.0;;;4.908907175064087
2026-02-17T11:19:58.417186;VisA/pcb1;cont_30pct_mahalanobis_patch;0.3;mahalanobis_patch;10;10;10;3;392;150;100;50;0;5;95;0.9372;0.8825934834984801;0.7962962962962963;0.4;0.64;0.018199999999999994;-0.8571428571428718;1.0;;;5.960152864456177
2026-02-17T11:20:01.792308;VisA/pcb1;cont_30pct_oracle_patch;0.3;oracle_patch;10;10;7;3;2352;150;100;50;0;5;95;0.9116;0.8403321817062526;0.7575757575757575;0.36;0.62;-0.007400000000000073;1.7551020408163402;;;;3.375122308731079
2026-02-17T11:20:08.578454;VisA/pcb1;cont_30pct_ensemble_loo_mahal;0.3;ensemble_loo_mahal;10;10;10;3;392;150;100;50;0;5;95;0.9336;0.8857733909945302;0.7894736842105263;0.46;0.7;0.014599999999999946;-0.48979591836735364;1.0;;;6.785143852233887
2026-02-17T11:20:14.236350;VisA/pcb1;cont_30pct_cosine_loo;0.3;cosine_loo;10;10;10;3;392;150;100;50;0;5;95;0.9294;0.8853663019993856;0.7835051546391754;0.56;0.66;0.010399999999999965;-0.06122448979592345;1.0;;;5.655898332595825
2026-02-17T11:20:24.966034;VisA/pcb1;cont_0pct_none;0.0;none;20;20;20;0;0;150;100;50;0;5;95;0.9508;0.9157255329252812;0.816326530612245;0.62;0.7;;;;;;10.445199966430664
2026-02-17T11:20:36.751887;VisA/pcb1;cont_0pct_loo_patch;0.0;loo_patch;20;20;20;0;784;150;100;50;0;5;95;0.9276;0.867382406249605;0.7962962962962963;0.48;0.62;;;;;;11.7848539352417
2026-02-17T11:20:45.853981;VisA/pcb1;cont_0pct_random_patch;0.0;random_patch;20;20;20;0;784;150;100;50;0;5;95;0.9515999999999999;0.9187139565582882;0.8181818181818182;0.62;0.68;;;;;;9.101094484329224
2026-02-17T11:20:57.221560;VisA/pcb1;cont_0pct_mahalanobis_patch;0.0;mahalanobis_patch;20;20;20;0;784;150;100;50;0;5;95;0.9161999999999999;0.837970934600148;0.780952380952381;0.36;0.58;;;;;;11.366579532623291
2026-02-17T11:20:57.245079;VisA/pcb1;cont_0pct_oracle_patch;0.0;oracle_patch;20;20;20;0;0;150;100;50;0;5;95;0.9508;0.9157255329252812;0.816326530612245;0.62;0.7;;;;;;0.02251148223876953
2026-02-17T11:21:08.433820;VisA/pcb1;cont_0pct_ensemble_loo_mahal;0.0;ensemble_loo_mahal;20;20;20;0;784;150;100;50;0;5;95;0.9198;0.8512038178111325;0.7796610169491526;0.44;0.58;;;;;;11.188740968704224
2026-02-17T11:21:19.937843;VisA/pcb1;cont_0pct_cosine_loo;0.0;cosine_loo;20;20;20;0;784;150;100;50;0;5;95;0.9283999999999999;0.8678724690045218;0.8;0.52;0.62;;;;;;11.50302529335022
2026-02-17T11:21:29.579937;VisA/pcb1;cont_10pct_none;0.1;none;20;20;20;2;0;150;100;50;0;5;95;0.9336;0.8808004231227275;0.796116504854369;0.44;0.58;-0.017199999999999993;0.0;;;;9.620253562927246
2026-02-17T11:21:40.849732;VisA/pcb1;cont_10pct_loo_patch;0.1;loo_patch;20;20;20;2;784;150;100;50;0;5;95;0.9271999999999999;0.858150707089812;0.7857142857142856;0.28;0.64;-0.023600000000000065;-0.37209302325581833;1.0;;;11.267680406570435
2026-02-17T11:21:50.024611;VisA/pcb1;cont_10pct_random_patch;0.1;random_patch;20;20;20;2;784;150;100;50;0;5;95;0.9325999999999999;0.8787223700544338;0.7835051546391754;0.44;0.64;-0.018200000000000105;-0.05813953488372746;1.0;;;9.173870086669922
2026-02-17T11:22:01.335009;VisA/pcb1;cont_10pct_mahalanobis_patch;0.1;mahalanobis_patch;20;20;20;2;784;150;100;50;0;5;95;0.9607999999999999;0.9332303517059645;0.8468468468468469;0.58;0.8;0.009999999999999898;1.5813953488372037;1.0;;;11.307394981384277
2026-02-17T11:22:10.496691;VisA/pcb1;cont_10pct_oracle_patch;0.1;oracle_patch;20;20;18;2;1568;150;100;50;0;5;95;0.9503999999999999;0.9148648054590659;0.82;0.6;0.7;-0.00040000000000006697;0.9767441860465077;;;;9.161681890487671
2026-02-17T11:22:22.761159;VisA/pcb1;cont_10pct_ensemble_loo_mahal;0.1;ensemble_loo_mahal;20;20;20;2;784;150;100;50;0;5;95;0.9338;0.8718700535217512;0.8076923076923077;0.36;0.6;-0.017000000000000015;0.01162790697674291;1.0;;;12.262410163879395
2026-02-17T11:22:35.461618;VisA/pcb1;cont_10pct_cosine_loo;0.1;cosine_loo;20;20;20;2;784;150;100;50;0;5;95;0.9291999999999999;0.8567732744424402;0.822429906542056;0.3;0.6;-0.021600000000000064;-0.2558139534883763;1.0;;;12.69893503189087
2026-02-17T11:22:45.374730;VisA/pcb1;cont_20pct_none;0.2;none;20;20;20;4;0;150;100;50;0;5;95;0.9203999999999999;0.8608804156804826;0.7741935483870968;0.46;0.56;-0.030400000000000094;0.0;;;;9.885196685791016
2026-02-17T11:22:57.176213;VisA/pcb1;cont_20pct_loo_patch;0.2;loo_patch;20;20;20;4;784;150;100;50;0;5;95;0.9354;0.870167772574081;0.8108108108108109;0.28;0.6;-0.01539999999999997;0.49342105263158154;0.953125;;;11.799482822418213
2026-02-17T11:23:15.226825;VisA/pcb1;cont_20pct_random_patch;0.2;random_patch;20;20;20;4;784;150;100;50;0;5;95;0.9234;0.8682433489548325;0.7768595041322315;0.48;0.58;-0.02739999999999998;0.09868421052631922;0.953125;;;18.048611402511597
2026-02-17T11:25:17.741196;VisA/pcb1;cont_20pct_mahalanobis_patch;0.2;mahalanobis_patch;20;20;20;4;784;150;100;50;0;5;95;0.9403999999999999;0.8920113901076197;0.8073394495412843;0.54;0.7;-0.010400000000000076;0.6578947368421039;0.953125;;;122.49736714363098
2026-02-17T11:25:24.986240;VisA/pcb1;cont_20pct_oracle_patch;0.2;oracle_patch;20;20;16;4;3136;150;100;50;0;5;95;0.9523999999999999;0.9203518906676947;0.8235294117647058;0.62;0.72;0.0015999999999999348;1.0526315789473661;;;;7.244043827056885
2026-02-17T11:25:35.409938;VisA/pcb1;cont_20pct_ensemble_loo_mahal;0.2;ensemble_loo_mahal;20;20;20;4;784;150;100;50;0;5;95;0.943;0.8942575147362505;0.8037383177570094;0.36;0.7;-0.007800000000000029;0.7434210526315788;0.953125;;;10.421696186065674
2026-02-17T11:25:46.587419;VisA/pcb1;cont_20pct_cosine_loo;0.2;cosine_loo;20;20;20;4;784;150;100;50;0;5;95;0.9376;0.8737758107239831;0.8363636363636363;0.36;0.62;-0.01319999999999999;0.5657894736842122;0.953125;;;11.176481485366821
2026-02-17T11:25:56.909208;VisA/pcb1;cont_30pct_none;0.3;none;20;20;20;6;0;150;100;50;0;5;95;0.9174;0.8497105283975024;0.784;0.42;0.52;-0.033399999999999985;0.0;;;;10.288781881332397
2026-02-17T11:26:29.098052;VisA/pcb1;cont_30pct_loo_patch;0.3;loo_patch;20;20;20;6;784;150;100;50;0;5;95;0.9129999999999999;0.8429430925321666;0.7751937984496124;0.4;0.56;-0.037800000000000056;-0.13173652694610996;0.9761904761904763;;;32.18684411048889
2026-02-17T11:26:39.050094;VisA/pcb1;cont_30pct_random_patch;0.3;random_patch;20;20;20;6;784;150;100;50;0;5;95;0.9138;0.8477967420983432;0.7777777777777777;0.46;0.54;-0.03700000000000003;-0.10778443113772603;0.9761904761904763;;;9.951030731201172
2026-02-17T11:26:51.246334;VisA/pcb1;cont_30pct_mahalanobis_patch;0.3;mahalanobis_patch;20;20;20;6;784;150;100;50;0;5;95;0.9404;0.8768571986182583;0.8363636363636363;0.36;0.56;-0.010399999999999965;0.6886227544910188;0.9761904761904763;;;12.195238828659058
2026-02-17T11:27:06.150610;VisA/pcb1;cont_30pct_oracle_patch;0.3;oracle_patch;20;20;14;6;4704;150;100;50;0;5;95;0.9493999999999999;0.9159276677277483;0.8118811881188118;0.64;0.68;-0.0014000000000000679;0.9580838323353273;;;;14.9032723903656
2026-02-17T11:27:36.403968;VisA/pcb1;cont_30pct_ensemble_loo_mahal;0.3;ensemble_loo_mahal;20;20;20;6;784;150;100;50;0;5;95;0.9162;0.8405319299421515;0.784;0.32;0.56;-0.034599999999999964;-0.03592814371257423;0.9761904761904763;;;30.250350952148438
2026-02-17T11:27:50.658543;VisA/pcb1;cont_30pct_cosine_loo;0.3;cosine_loo;20;20;20;6;784;150;100;50;0;5;95;0.908;0.8194637218273778;0.7967479674796748;0.32;0.44;-0.04279999999999995;-0.28143712574850205;0.9761904761904763;;;14.252575874328613
2026-02-17T11:27:56.211888;VisA/pcb1;cont_0pct_none;0.0;none;10;10;10;0;0;150;100;50;1;5;95;0.9511999999999999;0.9098411595667535;0.8461538461538461;0.58;0.66;;;;;;5.328043222427368
2026-02-17T11:28:01.395222;VisA/pcb1;cont_0pct_loo_patch;0.0;loo_patch;10;10;10;0;392;150;100;50;1;5;95;0.9141999999999999;0.8305910881123713;0.7692307692307693;0.4;0.56;;;;;;5.183333873748779
2026-02-17T11:28:06.430952;VisA/pcb1;cont_0pct_random_patch;0.0;random_patch;10;10;10;0;392;150;100;50;1;5;95;0.9521999999999999;0.915315194054769;0.8380952380952381;0.58;0.66;;;;;;5.0347301959991455
2026-02-17T11:28:13.884599;VisA/pcb1;cont_0pct_mahalanobis_patch;0.0;mahalanobis_patch;10;10;10;0;392;150;100;50;1;5;95;0.9493999999999999;0.8942933647424376;0.8653846153846153;0.46;0.54;;;;;;7.4526448249816895
2026-02-17T11:28:13.896598;VisA/pcb1;cont_0pct_oracle_patch;0.0;oracle_patch;10;10;10;0;0;150;100;50;1;5;95;0.9511999999999999;0.9098411595667535;0.8461538461538461;0.58;0.66;;;;;;0.011001348495483398
2026-02-17T11:28:20.640643;VisA/pcb1;cont_0pct_ensemble_loo_mahal;0.0;ensemble_loo_mahal;10;10;10;0;392;150;100;50;1;5;95;0.942;0.8783266908030558;0.8440366972477064;0.26;0.56;;;;;;6.7430431842803955
2026-02-17T11:28:26.269551;VisA/pcb1;cont_0pct_cosine_loo;0.0;cosine_loo;10;10;10;0;392;150;100;50;1;5;95;0.9116;0.814126570916897;0.7863247863247863;0.22;0.48;;;;;;5.6289074420928955
2026-02-17T11:28:31.276075;VisA/pcb1;cont_10pct_none;0.1;none;10;10;10;1;0;150;100;50;1;5;95;0.9585999999999999;0.9197238918719628;0.8653846153846153;0.46;0.82;0.007399999999999962;-0.0;;;;4.9944376945495605
2026-02-17T11:28:36.266921;VisA/pcb1;cont_10pct_loo_patch;0.1;loo_patch;10;10;10;1;392;150;100;50;1;5;95;0.938;0.8904578520591807;0.7962962962962963;0.48;0.6;-0.01319999999999999;2.7837837837837913;1.0;;;4.9888410568237305
2026-02-17T11:28:40.859539;VisA/pcb1;cont_10pct_random_patch;0.1;random_patch;10;10;10;1;392;150;100;50;1;5;95;0.9556;0.916431372131219;0.8737864077669903;0.48;0.68;0.0044000000000000705;0.4054054054053928;1.0;;;4.590619802474976
2026-02-17T11:28:46.974043;VisA/pcb1;cont_10pct_mahalanobis_patch;0.1;mahalanobis_patch;10;10;10;1;392;150;100;50;1;5;95;0.9574;0.9185245708413612;0.8490566037735849;0.5;0.78;0.006200000000000094;0.16216216216214513;1.0;;;6.1115028858184814
2026-02-17T11:28:51.330520;VisA/pcb1;cont_10pct_oracle_patch;0.1;oracle_patch;10;10;9;1;784;150;100;50;1;5;95;0.9548000000000001;0.9134363144020403;0.8461538461538461;0.5;0.68;0.0036000000000001586;0.5135135135134896;;;;4.356477499008179
2026-02-17T11:28:57.282772;VisA/pcb1;cont_10pct_ensemble_loo_mahal;0.1;ensemble_loo_mahal;10;10;10;1;392;150;100;50;1;5;95;0.9538;0.9205088468191884;0.8333333333333333;0.64;0.7;0.0026000000000000467;0.6486486486486406;1.0;;;5.950251817703247
2026-02-17T11:29:02.437214;VisA/pcb1;cont_10pct_cosine_loo;0.1;cosine_loo;10;10;10;1;392;150;100;50;1;5;95;0.9376;0.8951247071305708;0.7954545454545453;0.54;0.7;-0.013599999999999945;2.83783783783784;1.0;;;5.153441429138184
2026-02-17T11:29:15.697061;VisA/pcb1;cont_20pct_none;0.2;none;10;10;10;2;0;150;100;50;1;5;95;0.9586;0.9165318943811331;0.88;0.44;0.84;0.007400000000000073;-0.0;;;;13.247523307800293
2026-02-17T11:29:41.578058;VisA/pcb1;cont_20pct_loo_patch;0.2;loo_patch;10;10;10;2;392;150;100;50;1;5;95;0.9461999999999999;0.9062102713980738;0.8260869565217391;0.48;0.76;-0.0050000000000000044;1.6756756756756697;1.0;;;25.877955675125122
2026-02-17T11:30:04.267038;VisA/pcb1;cont_20pct_random_patch;0.2;random_patch;10;10;10;2;392;150;100;50;1;5;95;0.9593999999999999;0.9145364853286511;0.8679245283018867;0.42;0.84;0.008199999999999985;-0.10810810810809514;1.0;;;22.680076599121094
2026-02-17T11:30:49.909433;VisA/pcb1;cont_20pct_mahalanobis_patch;0.2;mahalanobis_patch;10;10;10;2;392;150;100;50;1;5;95;0.9612;0.9281650706530762;0.8490566037735849;0.58;0.7;0.01000000000000012;-0.3513513513513542;1.0;;;45.638254165649414
2026-02-17T11:30:54.607169;VisA/pcb1;cont_20pct_oracle_patch;0.2;oracle_patch;10;10;8;2;1568;150;100;50;1;5;95;0.9471999999999999;0.9059724262551437;0.8288288288288288;0.6;0.68;-0.0040000000000000036;1.5405405405405357;;;;4.694454908370972
2026-02-17T11:31:00.240859;VisA/pcb1;cont_20pct_ensemble_loo_mahal;0.2;ensemble_loo_mahal;10;10;10;2;392;150;100;50;1;5;95;0.952;0.9169978709778561;0.8256880733944953;0.62;0.7;0.0008000000000000229;0.8918918918918899;1.0;;;5.63144588470459
2026-02-17T11:31:04.962046;VisA/pcb1;cont_20pct_cosine_loo;0.2;cosine_loo;10;10;10;2;392;150;100;50;1;5;95;0.9443999999999999;0.9034639703113936;0.8118811881188118;0.6;0.72;-0.006800000000000028;1.9189189189189138;1.0;;;4.720188856124878
2026-02-17T11:31:09.374061;VisA/pcb1;cont_30pct_none;0.3;none;10;10;10;3;0;150;100;50;1;5;95;0.9571999999999999;0.9158026830815498;0.8631578947368421;0.54;0.82;0.006000000000000005;-0.0;;;;4.3970067501068115
2026-02-17T11:31:13.900026;VisA/pcb1;cont_30pct_loo_patch;0.3;loo_patch;10;10;10;3;392;150;100;50;1;5;95;0.9635999999999999;0.9277272237933596;0.8686868686868686;0.42;0.82;0.012399999999999967;-1.0666666666666593;1.0;;;4.525965213775635
2026-02-17T11:31:18.138821;VisA/pcb1;cont_30pct_random_patch;0.3;random_patch;10;10;10;3;392;150;100;50;1;5;95;0.961;0.9196510384397931;0.8653846153846153;0.54;0.82;0.009800000000000031;-0.6333333333333371;1.0;;;4.236285924911499
2026-02-17T11:31:23.676888;VisA/pcb1;cont_30pct_mahalanobis_patch;0.3;mahalanobis_patch;10;10;10;3;392;150;100;50;1;5;95;0.966;0.9410508102699711;0.8653846153846153;0.66;0.8;0.014800000000000035;-1.4666666666666703;1.0;;;5.536066770553589
2026-02-17T11:31:26.865528;VisA/pcb1;cont_30pct_oracle_patch;0.3;oracle_patch;10;10;7;3;2352;150;100;50;1;5;95;0.9453999999999999;0.8999089485527941;0.8181818181818182;0.5;0.7;-0.005800000000000027;1.9666666666666703;;;;3.1886401176452637
2026-02-17T11:31:32.404282;VisA/pcb1;cont_30pct_ensemble_loo_mahal;0.3;ensemble_loo_mahal;10;10;10;3;392;150;100;50;1;5;95;0.9604;0.914238550865683;0.8541666666666666;0.38;0.82;0.009200000000000097;-0.5333333333333481;1.0;;;5.5367536544799805
2026-02-17T11:31:37.057813;VisA/pcb1;cont_30pct_cosine_loo;0.3;cosine_loo;10;10;10;3;392;150;100;50;1;5;95;0.9586;0.9158219736690705;0.8514851485148515;0.36;0.72;0.007400000000000073;-0.23333333333334444;1.0;;;4.651531934738159
2026-02-17T11:31:46.168217;VisA/pcb1;cont_0pct_none;0.0;none;20;20;20;0;0;150;100;50;1;5;95;0.9654;0.9336450459876351;0.8514851485148515;0.56;0.8;;;;;;8.89940333366394
2026-02-17T11:31:56.923465;VisA/pcb1;cont_0pct_loo_patch;0.0;loo_patch;20;20;20;0;784;150;100;50;1;5;95;0.9476;0.9080254652936823;0.8333333333333334;0.54;0.68;;;;;;10.755248785018921
2026-02-17T11:32:05.180480;VisA/pcb1;cont_0pct_random_patch;0.0;random_patch;20;20;20;0;784;150;100;50;1;5;95;0.9680000000000001;0.9396040675045813;0.8598130841121495;0.6;0.8;;;;;;8.256016731262207
2026-02-17T11:32:15.435670;VisA/pcb1;cont_0pct_mahalanobis_patch;0.0;mahalanobis_patch;20;20;20;0;784;150;100;50;1;5;95;0.9558;0.9100698653935415;0.8952380952380952;0.46;0.58;;;;;;10.253777265548706
2026-02-17T11:32:15.456299;VisA/pcb1;cont_0pct_oracle_patch;0.0;oracle_patch;20;20;20;0;0;150;100;50;1;5;95;0.9654;0.9336450459876351;0.8514851485148515;0.56;0.8;;;;;;0.01962900161743164
2026-02-17T11:32:26.735521;VisA/pcb1;cont_0pct_ensemble_loo_mahal;0.0;ensemble_loo_mahal;20;20;20;0;784;150;100;50;1;5;95;0.9531999999999999;0.9085890303769655;0.8484848484848485;0.38;0.76;;;;;;11.279222011566162
2026-02-17T11:32:37.208786;VisA/pcb1;cont_0pct_cosine_loo;0.0;cosine_loo;20;20;20;0;784;150;100;50;1;5;95;0.946;0.9042312449743328;0.8235294117647058;0.52;0.72;;;;;;10.473264932632446
2026-02-17T11:32:46.041966;VisA/pcb1;cont_10pct_none;0.1;none;20;20;20;2;0;150;100;50;1;5;95;0.9476;0.9005204114233465;0.8245614035087719;0.54;0.6;-0.017800000000000038;0.0;;;;8.815960168838501
2026-02-17T11:33:07.548929;VisA/pcb1;cont_10pct_loo_patch;0.1;loo_patch;20;20;20;2;784;150;100;50;1;5;95;0.9336;0.8706891291643258;0.7967479674796748;0.42;0.64;-0.03180000000000005;-0.7865168539325833;1.0;;;21.504974603652954
2026-02-17T11:33:32.137990;VisA/pcb1;cont_10pct_random_patch;0.1;random_patch;20;20;20;2;784;150;100;50;1;5;95;0.9505999999999999;0.9063287520354502;0.8411214953271027;0.54;0.6;-0.014800000000000146;0.16853932584269019;1.0;;;24.58390474319458
2026-02-17T11:33:42.950158;VisA/pcb1;cont_10pct_mahalanobis_patch;0.1;mahalanobis_patch;20;20;20;2;784;150;100;50;1;5;95;0.9496;0.9039341779023217;0.8297872340425532;0.4;0.78;-0.015800000000000036;0.11235955056179761;1.0;;;10.810141324996948
2026-02-17T11:33:58.026774;VisA/pcb1;cont_10pct_oracle_patch;0.1;oracle_patch;20;20;18;2;1568;150;100;50;1;5;95;0.9662000000000001;0.9351214585212881;0.8521739130434782;0.56;0.8;0.0008000000000000229;1.0449438202247203;;;;15.076099157333374
2026-02-17T11:34:08.627685;VisA/pcb1;cont_10pct_ensemble_loo_mahal;0.1;ensemble_loo_mahal;20;20;20;2;784;150;100;50;1;5;95;0.9456;0.8958352571730552;0.8173913043478259;0.54;0.68;-0.01980000000000004;-0.11235955056179761;1.0;;;10.598869323730469
2026-02-17T11:34:19.291245;VisA/pcb1;cont_10pct_cosine_loo;0.1;cosine_loo;20;20;20;2;784;150;100;50;1;5;95;0.9538;0.909243879144876;0.8275862068965517;0.56;0.76;-0.011600000000000055;0.34831460674157133;1.0;;;10.662039518356323
2026-02-17T11:34:28.193444;VisA/pcb1;cont_20pct_none;0.2;none;20;20;20;4;0;150;100;50;1;5;95;0.9411999999999999;0.9040093649972397;0.796116504854369;0.6;0.68;-0.02420000000000011;0.0;;;;8.876199007034302
2026-02-17T11:34:38.717730;VisA/pcb1;cont_20pct_loo_patch;0.2;loo_patch;20;20;20;4;784;150;100;50;1;5;95;0.9434;0.893466456026629;0.8173913043478259;0.48;0.54;-0.02200000000000002;0.09090909090909424;0.9375;;;10.522286176681519
2026-02-17T11:34:47.041876;VisA/pcb1;cont_20pct_random_patch;0.2;random_patch;20;20;20;4;784;150;100;50;1;5;95;0.9421999999999999;0.9051258197323835;0.8076923076923077;0.56;0.68;-0.02320000000000011;0.041322314049586625;0.9375;;;8.323145151138306
2026-02-17T11:34:57.242556;VisA/pcb1;cont_20pct_mahalanobis_patch;0.2;mahalanobis_patch;20;20;20;4;784;150;100;50;1;5;95;0.9476;0.9079781687010635;0.8297872340425532;0.56;0.78;-0.017800000000000038;0.26446280991735716;0.9375;;;10.198514699935913
2026-02-17T11:35:04.403375;VisA/pcb1;cont_20pct_oracle_patch;0.2;oracle_patch;20;20;16;4;3136;150;100;50;1;5;95;0.9586;0.927238819636327;0.8347826086956522;0.62;0.72;-0.006800000000000028;0.7190082644628101;;;;7.159820556640625
2026-02-17T11:35:14.744082;VisA/pcb1;cont_20pct_ensemble_loo_mahal;0.2;ensemble_loo_mahal;20;20;20;4;784;150;100;50;1;5;95;0.9343999999999999;0.8804986758220397;0.8067226890756302;0.52;0.64;-0.03100000000000014;-0.28099173553719;0.9375;;;10.338706493377686
2026-02-17T11:35:25.644508;VisA/pcb1;cont_20pct_cosine_loo;0.2;cosine_loo;20;20;20;4;784;150;100;50;1;5;95;0.944;0.8967423625006576;0.8288288288288288;0.5;0.66;-0.021400000000000086;0.11570247933884346;0.9375;;;10.898427248001099
2026-02-17T11:35:34.586579;VisA/pcb1;cont_30pct_none;0.3;none;20;20;20;6;0;150;100;50;1;5;95;0.9149999999999999;0.8763797251196564;0.7766990291262137;0.52;0.68;-0.05040000000000011;0.0;;;;8.916666030883789
2026-02-17T11:35:45.316714;VisA/pcb1;cont_30pct_loo_patch;0.3;loo_patch;20;20;20;6;784;150;100;50;1;5;95;0.9261999999999999;0.8649358899719793;0.780952380952381;0.44;0.54;-0.039200000000000124;0.2222222222222215;0.8095238095238095;;;10.72813606262207
2026-02-17T11:35:53.811111;VisA/pcb1;cont_30pct_random_patch;0.3;random_patch;20;20;20;6;784;150;100;50;1;5;95;0.9152;0.8728111182952358;0.7692307692307692;0.52;0.64;-0.05020000000000002;0.003968253968255725;0.8095238095238095;;;8.493398427963257
2026-02-17T11:36:04.528858;VisA/pcb1;cont_30pct_mahalanobis_patch;0.3;mahalanobis_patch;20;20;20;6;784;150;100;50;1;5;95;0.9339999999999999;0.8886528627567803;0.796116504854369;0.48;0.7;-0.031400000000000095;0.3769841269841265;0.8095238095238095;;;10.715742826461792
2026-02-17T11:36:11.120790;VisA/pcb1;cont_30pct_oracle_patch;0.3;oracle_patch;20;20;14;6;4704;150;100;50;1;5;95;0.9527999999999999;0.9137550423072462;0.8431372549019608;0.54;0.7;-0.012600000000000167;0.7499999999999972;;;;6.590932369232178
2026-02-17T11:36:22.030933;VisA/pcb1;cont_30pct_ensemble_loo_mahal;0.3;ensemble_loo_mahal;20;20;20;6;784;150;100;50;1;5;95;0.9472;0.9106394854672962;0.830188679245283;0.56;0.74;-0.018199999999999994;0.6388888888888898;0.8095238095238095;;;10.908138751983643
2026-02-17T11:36:32.739572;VisA/pcb1;cont_30pct_cosine_loo;0.3;cosine_loo;20;20;20;6;784;150;100;50;1;5;95;0.9216;0.8671361460972391;0.7719298245614036;0.48;0.56;-0.04380000000000006;0.13095238095238165;0.8095238095238095;;;10.706640243530273
2026-02-17T11:36:37.403511;VisA/pcb1;cont_0pct_none;0.0;none;10;10;10;0;0;150;100;50;2;5;95;0.9219999999999999;0.8425876131596632;0.7959183673469388;0.26;0.54;;;;;;4.4332215785980225
2026-02-17T11:36:42.266770;VisA/pcb1;cont_0pct_loo_patch;0.0;loo_patch;10;10;10;0;392;150;100;50;2;5;95;0.9258;0.8566378118764517;0.7894736842105263;0.36;0.54;;;;;;4.862258672714233
2026-02-17T11:36:46.542543;VisA/pcb1;cont_0pct_random_patch;0.0;random_patch;10;10;10;0;392;150;100;50;2;5;95;0.9244;0.8474315389176788;0.803921568627451;0.28;0.54;;;;;;4.275773763656616
2026-02-17T11:36:52.351578;VisA/pcb1;cont_0pct_mahalanobis_patch;0.0;mahalanobis_patch;10;10;10;0;392;150;100;50;2;5;95;0.9251999999999999;0.8562954151597757;0.7933884297520661;0.34;0.56;;;;;;5.809034109115601
2026-02-17T11:36:52.363272;VisA/pcb1;cont_0pct_oracle_patch;0.0;oracle_patch;10;10;10;0;0;150;100;50;2;5;95;0.9219999999999999;0.8425876131596632;0.7959183673469388;0.26;0.54;;;;;;0.011188030242919922
2026-02-17T11:36:57.885339;VisA/pcb1;cont_0pct_ensemble_loo_mahal;0.0;ensemble_loo_mahal;10;10;10;0;392;150;100;50;2;5;95;0.9203999999999999;0.8353162273592126;0.8148148148148148;0.3;0.48;;;;;;5.52106785774231
2026-02-17T11:37:02.797982;VisA/pcb1;cont_0pct_cosine_loo;0.0;cosine_loo;10;10;10;0;392;150;100;50;2;5;95;0.9268;0.8539794241553068;0.8000000000000002;0.38;0.52;;;;;;4.911642074584961
2026-02-17T11:37:07.164759;VisA/pcb1;cont_10pct_none;0.1;none;10;10;10;1;0;150;100;50;2;5;95;0.9194;0.8394000323113585;0.8;0.4;0.52;-0.0025999999999999357;0.0;;;;4.3577797412872314
2026-02-17T11:37:11.945310;VisA/pcb1;cont_10pct_loo_patch;0.1;loo_patch;10;10;10;1;392;150;100;50;2;5;95;0.9269999999999999;0.8595850454574967;0.8;0.36;0.66;0.0050000000000000044;2.923076923076972;1.0;;;4.778547763824463
2026-02-17T11:37:16.238631;VisA/pcb1;cont_10pct_random_patch;0.1;random_patch;10;10;10;1;392;150;100;50;2;5;95;0.9121999999999999;0.8202782993050305;0.793103448275862;0.22;0.5;-0.009800000000000031;-2.7692307692308744;1.0;;;4.292320966720581
2026-02-17T11:37:21.746578;VisA/pcb1;cont_10pct_mahalanobis_patch;0.1;mahalanobis_patch;10;10;10;1;392;150;100;50;2;5;95;0.9061999999999999;0.7987544339482162;0.7933884297520661;0.24;0.3;-0.015800000000000036;-5.076923076923241;1.0;;;5.505949258804321
2026-02-17T11:37:25.743907;VisA/pcb1;cont_10pct_oracle_patch;0.1;oracle_patch;10;10;9;1;784;150;100;50;2;5;95;0.9256;0.8524806925097416;0.7889908256880733;0.32;0.64;0.0036000000000000476;2.384615384615437;;;;3.996328592300415
2026-02-17T11:37:31.257157;VisA/pcb1;cont_10pct_ensemble_loo_mahal;0.1;ensemble_loo_mahal;10;10;10;1;392;150;100;50;2;5;95;0.9199999999999999;0.8414281253654486;0.7899159663865546;0.3;0.48;-0.0020000000000000018;0.23076923076921105;1.0;;;5.511095762252808
2026-02-17T11:37:35.980997;VisA/pcb1;cont_10pct_cosine_loo;0.1;cosine_loo;10;10;10;1;392;150;100;50;2;5;95;0.9259999999999999;0.8511583791503896;0.7833333333333332;0.28;0.7;0.0040000000000000036;2.538461538461578;1.0;;;4.722327709197998
2026-02-17T11:37:40.315793;VisA/pcb1;cont_20pct_none;0.2;none;10;10;10;2;0;150;100;50;2;5;95;0.9087999999999999;0.8198326014703727;0.793103448275862;0.34;0.42;-0.01319999999999999;0.0;;;;4.322759628295898
2026-02-17T11:37:45.062913;VisA/pcb1;cont_20pct_loo_patch;0.2;loo_patch;10;10;10;2;392;150;100;50;2;5;95;0.9181999999999999;0.8255436677637589;0.8135593220338982;0.22;0.52;-0.0038000000000000256;0.7121212121212099;1.0;;;4.7451171875
2026-02-17T11:37:49.479905;VisA/pcb1;cont_20pct_random_patch;0.2;random_patch;10;10;10;2;392;150;100;50;2;5;95;0.9086;0.8218502349528474;0.7758620689655172;0.3;0.48;-0.013399999999999967;-0.015151515151513495;1.0;;;4.414935350418091
2026-02-17T11:37:55.001419;VisA/pcb1;cont_20pct_mahalanobis_patch;0.2;mahalanobis_patch;10;10;10;2;392;150;100;50;2;5;95;0.9363999999999999;0.8671688256149306;0.8108108108108109;0.48;0.64;0.014399999999999968;2.0909090909090895;1.0;;;5.519506931304932
2026-02-17T11:37:58.470836;VisA/pcb1;cont_20pct_oracle_patch;0.2;oracle_patch;10;10;8;2;1568;150;100;50;2;5;95;0.9208;0.8413417394482607;0.7850467289719626;0.3;0.6;-0.0011999999999999789;0.9090909090909106;;;;3.4684126377105713
2026-02-17T11:38:03.913946;VisA/pcb1;cont_20pct_ensemble_loo_mahal;0.2;ensemble_loo_mahal;10;10;10;2;392;150;100;50;2;5;95;0.9119999999999999;0.8098710799446481;0.810344827586207;0.2;0.48;-0.010000000000000009;0.24242424242424115;1.0;;;5.441108226776123
2026-02-17T11:38:08.679010;VisA/pcb1;cont_20pct_cosine_loo;0.2;cosine_loo;10;10;10;2;392;150;100;50;2;5;95;0.9261999999999999;0.8351948190219908;0.8099173553719008;0.26;0.56;0.0041999999999999815;1.318181818181817;1.0;;;4.764063596725464
2026-02-17T11:38:13.169663;VisA/pcb1;cont_30pct_none;0.3;none;10;10;10;3;0;150;100;50;2;5;95;0.9004;0.8043628702408048;0.7818181818181817;0.28;0.4;-0.021599999999999953;0.0;;;;4.47765326499939
2026-02-17T11:38:19.645155;VisA/pcb1;cont_30pct_loo_patch;0.3;loo_patch;10;10;10;3;392;150;100;50;2;5;95;0.9319999999999999;0.8786013525090105;0.7857142857142856;0.46;0.62;0.010000000000000009;1.4629629629629644;1.0;;;6.473495960235596
2026-02-17T11:38:25.252825;VisA/pcb1;cont_30pct_random_patch;0.3;random_patch;10;10;10;3;392;150;100;50;2;5;95;0.9067999999999999;0.8140087017497828;0.7787610619469026;0.28;0.44;-0.015199999999999991;0.29629629629629517;1.0;;;5.606640338897705
2026-02-17T11:38:32.513258;VisA/pcb1;cont_30pct_mahalanobis_patch;0.3;mahalanobis_patch;10;10;10;3;392;150;100;50;2;5;95;0.9408;0.889452231896889;0.8099173553719008;0.52;0.72;0.01880000000000004;1.870370370370374;1.0;;;7.258420944213867
2026-02-17T11:38:35.931336;VisA/pcb1;cont_30pct_oracle_patch;0.3;oracle_patch;10;10;7;3;2352;150;100;50;2;5;95;0.9261999999999999;0.8503715684284737;0.803921568627451;0.28;0.6;0.0041999999999999815;1.194444444444444;;;;3.4180781841278076
2026-02-17T11:38:42.272915;VisA/pcb1;cont_30pct_ensemble_loo_mahal;0.3;ensemble_loo_mahal;10;10;10;3;392;150;100;50;2;5;95;0.9333999999999999;0.8723305340003304;0.8000000000000002;0.4;0.7;0.011399999999999966;1.5277777777777775;1.0;;;6.339580774307251
2026-02-17T11:38:47.874683;VisA/pcb1;cont_30pct_cosine_loo;0.3;cosine_loo;10;10;10;3;392;150;100;50;2;5;95;0.9394;0.8939019189817072;0.8000000000000002;0.58;0.64;0.017400000000000082;1.8055555555555611;1.0;;;5.5997679233551025
2026-02-17T11:38:58.768049;VisA/pcb1;cont_0pct_none;0.0;none;20;20;20;0;0;150;100;50;2;5;95;0.952;0.9152210328876287;0.8148148148148148;0.6;0.72;;;;;;10.662858724594116
2026-02-17T11:39:11.397039;VisA/pcb1;cont_0pct_loo_patch;0.0;loo_patch;20;20;20;0;784;150;100;50;2;5;95;0.9505999999999999;0.9107225759178766;0.8282828282828283;0.58;0.66;;;;;;12.627990007400513
2026-02-17T11:39:21.307865;VisA/pcb1;cont_0pct_random_patch;0.0;random_patch;20;20;20;0;784;150;100;50;2;5;95;0.9512;0.9142068610659422;0.8210526315789474;0.58;0.68;;;;;;9.909826040267944
2026-02-17T11:39:33.242333;VisA/pcb1;cont_0pct_mahalanobis_patch;0.0;mahalanobis_patch;20;20;20;0;784;150;100;50;2;5;95;0.95;0.912007911827527;0.8181818181818182;0.68;0.72;;;;;;11.933468341827393
2026-02-17T11:39:33.268076;VisA/pcb1;cont_0pct_oracle_patch;0.0;oracle_patch;20;20;20;0;0;150;100;50;2;5;95;0.952;0.9152210328876287;0.8148148148148148;0.6;0.72;;;;;;0.025236845016479492
2026-02-17T11:39:45.135896;VisA/pcb1;cont_0pct_ensemble_loo_mahal;0.0;ensemble_loo_mahal;20;20;20;0;784;150;100;50;2;5;95;0.942;0.8978758689061807;0.8;0.5;0.68;;;;;;11.866819858551025
2026-02-17T11:39:57.180470;VisA/pcb1;cont_0pct_cosine_loo;0.0;cosine_loo;20;20;20;0;784;150;100;50;2;5;95;0.9493999999999999;0.9111025926750816;0.8363636363636363;0.58;0.68;;;;;;12.043573379516602
2026-02-17T11:40:06.967712;VisA/pcb1;cont_10pct_none;0.1;none;20;20;20;2;0;150;100;50;2;5;95;0.9371999999999999;0.8807346907110558;0.8141592920353983;0.4;0.68;-0.014800000000000035;0.0;;;;9.769762992858887
2026-02-17T11:40:18.121961;VisA/pcb1;cont_10pct_loo_patch;0.1;loo_patch;20;20;20;2;784;150;100;50;2;5;95;0.949;0.9111725406857181;0.8247422680412372;0.62;0.68;-0.0030000000000000027;0.7972972972972976;0.9166666666666667;;;11.152005672454834
2026-02-17T11:40:26.853225;VisA/pcb1;cont_10pct_random_patch;0.1;random_patch;20;20;20;2;784;150;100;50;2;5;95;0.9372;0.8848867758113119;0.8;0.48;0.64;-0.014799999999999924;7.501506923142932e-15;0.9166666666666667;;;8.729252338409424
2026-02-17T11:40:37.527039;VisA/pcb1;cont_10pct_mahalanobis_patch;0.1;mahalanobis_patch;20;20;20;2;784;150;100;50;2;5;95;0.9431999999999999;0.9009219086195825;0.82;0.56;0.6;-0.00880000000000003;0.4054054054054048;0.9166666666666667;;;10.670811891555786
2026-02-17T11:40:46.034773;VisA/pcb1;cont_10pct_oracle_patch;0.1;oracle_patch;20;20;18;2;1568;150;100;50;2;5;95;0.9534;0.9179178060485917;0.8148148148148148;0.6;0.74;0.0014000000000000679;1.094594594594599;;;;8.507734775543213
2026-02-17T11:40:56.809476;VisA/pcb1;cont_10pct_ensemble_loo_mahal;0.1;ensemble_loo_mahal;20;20;20;2;784;150;100;50;2;5;95;0.9412;0.892048465912856;0.8076923076923077;0.56;0.66;-0.01079999999999992;0.2702702702702774;0.9166666666666667;;;10.772703647613525
2026-02-17T11:41:08.141689;VisA/pcb1;cont_10pct_cosine_loo;0.1;cosine_loo;20;20;20;2;784;150;100;50;2;5;95;0.9476;0.9018285999379902;0.8210526315789474;0.56;0.74;-0.0043999999999999595;0.7027027027027062;0.9166666666666667;;;11.330212831497192
2026-02-17T11:41:17.224858;VisA/pcb1;cont_20pct_none;0.2;none;20;20;20;4;0;150;100;50;2;5;95;0.9206000000000001;0.8478255248991365;0.8035714285714286;0.32;0.62;-0.03139999999999987;0.0;;;;9.055663347244263
2026-02-17T11:41:27.837420;VisA/pcb1;cont_20pct_loo_patch;0.2;loo_patch;20;20;20;4;784;150;100;50;2;5;95;0.9326;0.8743944904345954;0.793103448275862;0.44;0.66;-0.019399999999999973;0.38216560509553976;0.921875;;;10.611562967300415
2026-02-17T11:41:36.179970;VisA/pcb1;cont_20pct_random_patch;0.2;random_patch;20;20;20;4;784;150;100;50;2;5;95;0.9261999999999999;0.8631109649792029;0.7962962962962963;0.38;0.62;-0.025800000000000045;0.1783439490445812;0.921875;;;8.340167045593262
2026-02-17T11:41:46.432976;VisA/pcb1;cont_20pct_mahalanobis_patch;0.2;mahalanobis_patch;20;20;20;4;784;150;100;50;2;5;95;0.9365999999999999;0.8813047892328701;0.8035714285714286;0.38;0.7;-0.01540000000000008;0.509554140127384;0.921875;;;10.250997304916382
2026-02-17T11:41:53.342187;VisA/pcb1;cont_20pct_oracle_patch;0.2;oracle_patch;20;20;16;4;3136;150;100;50;2;5;95;0.9501999999999999;0.9126572485552991;0.819047619047619;0.6;0.66;-0.0018000000000000238;0.9426751592356678;;;;6.908212184906006
2026-02-17T11:42:03.942725;VisA/pcb1;cont_20pct_ensemble_loo_mahal;0.2;ensemble_loo_mahal;20;20;20;4;784;150;100;50;2;5;95;0.9369999999999999;0.8867301232571874;0.7927927927927928;0.54;0.66;-0.015000000000000013;0.5222929936305709;0.921875;;;10.598345756530762
2026-02-17T11:42:14.505930;VisA/pcb1;cont_20pct_cosine_loo;0.2;cosine_loo;20;20;20;4;784;150;100;50;2;5;95;0.9304;0.8722178915708311;0.7959183673469388;0.46;0.62;-0.021599999999999953;0.3121019108280242;0.921875;;;10.562200546264648
2026-02-17T11:42:23.087522;VisA/pcb1;cont_30pct_none;0.3;none;20;20;20;6;0;150;100;50;2;5;95;0.9097999999999999;0.8603116864243143;0.7747747747747747;0.46;0.64;-0.042200000000000015;0.0;;;;8.548675060272217
2026-02-17T11:42:33.611733;VisA/pcb1;cont_30pct_loo_patch;0.3;loo_patch;20;20;20;6;784;150;100;50;2;5;95;0.9186;0.8664712682691317;0.7927927927927928;0.48;0.62;-0.033399999999999985;0.20853080568720442;0.8214285714285714;;;10.522206783294678
2026-02-17T11:42:42.323303;VisA/pcb1;cont_30pct_random_patch;0.3;random_patch;20;20;20;6;784;150;100;50;2;5;95;0.9158;0.8560208883986697;0.7692307692307693;0.34;0.68;-0.03620000000000001;0.14218009478672994;0.8214285714285714;;;8.709566354751587
2026-02-17T11:42:53.447616;VisA/pcb1;cont_30pct_mahalanobis_patch;0.3;mahalanobis_patch;20;20;20;6;784;150;100;50;2;5;95;0.9244;0.8550734896371809;0.8214285714285714;0.36;0.6;-0.027599999999999958;0.3459715639810439;0.8214285714285714;;;11.122132301330566
2026-02-17T11:43:00.183106;VisA/pcb1;cont_30pct_oracle_patch;0.3;oracle_patch;20;20;14;6;4704;150;100;50;2;5;95;0.9528;0.9138912899572873;0.8210526315789474;0.64;0.7;0.0008000000000000229;1.0189573459715646;;;;6.734257936477661
2026-02-17T11:43:11.547379;VisA/pcb1;cont_30pct_ensemble_loo_mahal;0.3;ensemble_loo_mahal;20;20;20;6;784;150;100;50;2;5;95;0.9244;0.8695403015047013;0.8141592920353983;0.42;0.64;-0.027599999999999958;0.3459715639810439;0.8214285714285714;;;11.362746715545654
2026-02-17T11:43:23.411766;VisA/pcb1;cont_30pct_cosine_loo;0.3;cosine_loo;20;20;20;6;784;150;100;50;2;5;95;0.907;0.8395983812391461;0.7964601769911505;0.32;0.62;-0.04499999999999993;-0.06635071090047186;0.8214285714285714;;;11.863386631011963
2026-02-17T11:43:28.198332;VisA/pcb1;cont_0pct_none;0.0;none;10;10;10;0;0;150;100;50;3;5;95;0.9588;0.9279106510909784;0.8599999999999999;0.52;0.82;;;;;;4.559438705444336
2026-02-17T11:43:33.390966;VisA/pcb1;cont_0pct_loo_patch;0.0;loo_patch;10;10;10;0;392;150;100;50;3;5;95;0.9458;0.8973282265615996;0.8155339805825242;0.58;0.7;;;;;;5.191624402999878
2026-02-17T11:43:37.675903;VisA/pcb1;cont_0pct_random_patch;0.0;random_patch;10;10;10;0;392;150;100;50;3;5;95;0.9601999999999999;0.9271845317388411;0.8599999999999999;0.5;0.8;;;;;;4.283936977386475
2026-02-17T11:43:43.498206;VisA/pcb1;cont_0pct_mahalanobis_patch;0.0;mahalanobis_patch;10;10;10;0;392;150;100;50;3;5;95;0.9543999999999999;0.924350822523089;0.82;0.68;0.74;;;;;;5.821301698684692
2026-02-17T11:43:43.510208;VisA/pcb1;cont_0pct_oracle_patch;0.0;oracle_patch;10;10;10;0;0;150;100;50;3;5;95;0.9588;0.9279106510909784;0.8599999999999999;0.52;0.82;;;;;;0.010999441146850586
2026-02-17T11:43:49.013708;VisA/pcb1;cont_0pct_ensemble_loo_mahal;0.0;ensemble_loo_mahal;10;10;10;0;392;150;100;50;3;5;95;0.9363999999999999;0.8830925612720002;0.8076923076923077;0.42;0.7;;;;;;5.503499984741211
2026-02-17T11:43:53.694750;VisA/pcb1;cont_0pct_cosine_loo;0.0;cosine_loo;10;10;10;0;392;150;100;50;3;5;95;0.941;0.881868524222981;0.8148148148148148;0.48;0.64;;;;;;4.681041479110718
2026-02-17T11:43:58.065154;VisA/pcb1;cont_10pct_none;0.1;none;10;10;10;1;0;150;100;50;3;5;95;0.9336;0.8877372008650788;0.7804878048780488;0.58;0.62;-0.0252;0.0;;;;4.361286878585815
2026-02-17T11:44:02.781399;VisA/pcb1;cont_10pct_loo_patch;0.1;loo_patch;10;10;10;1;392;150;100;50;3;5;95;0.9416;0.8862454840912076;0.8214285714285714;0.42;0.64;-0.017199999999999993;0.3174603174603177;1.0;;;4.713735342025757
2026-02-17T11:44:06.819565;VisA/pcb1;cont_10pct_random_patch;0.1;random_patch;10;10;10;1;392;150;100;50;3;5;95;0.9329999999999999;0.8879373789777258;0.7741935483870968;0.58;0.66;-0.025800000000000045;-0.02380952380952559;1.0;;;4.037104606628418
2026-02-17T11:44:12.253142;VisA/pcb1;cont_10pct_mahalanobis_patch;0.1;mahalanobis_patch;10;10;10;1;392;150;100;50;3;5;95;0.9551999999999999;0.919245480610722;0.851851851851852;0.56;0.7;-0.0036000000000000476;0.8571428571428552;1.0;;;5.43149733543396
2026-02-17T11:44:16.178746;VisA/pcb1;cont_10pct_oracle_patch;0.1;oracle_patch;10;10;9;1;784;150;100;50;3;5;95;0.9598;0.9282041826660519;0.88;0.5;0.78;0.0010000000000000009;1.0396825396825398;;;;3.9246039390563965
2026-02-17T11:44:21.724105;VisA/pcb1;cont_10pct_ensemble_loo_mahal;0.1;ensemble_loo_mahal;10;10;10;1;392;150;100;50;3;5;95;0.9454;0.8993719833410214;0.8173913043478259;0.44;0.7;-0.013399999999999967;0.46825396825396953;1.0;;;5.543352842330933
2026-02-17T11:44:26.366637;VisA/pcb1;cont_10pct_cosine_loo;0.1;cosine_loo;10;10;10;1;392;150;100;50;3;5;95;0.9466;0.9015851389932874;0.830188679245283;0.48;0.7;-0.012199999999999989;0.5158730158730164;1.0;;;4.640531778335571
2026-02-17T11:44:30.709233;VisA/pcb1;cont_20pct_none;0.2;none;10;10;10;2;0;150;100;50;3;5;95;0.9369999999999999;0.8936410941204527;0.8041237113402062;0.54;0.68;-0.02180000000000004;0.0;;;;4.33059287071228
2026-02-17T11:44:35.430881;VisA/pcb1;cont_20pct_loo_patch;0.2;loo_patch;10;10;10;2;392;150;100;50;3;5;95;0.944;0.8923863929724466;0.8363636363636363;0.42;0.6;-0.014800000000000035;0.32110091743119235;0.9375;;;4.71964693069458
2026-02-17T11:44:39.532259;VisA/pcb1;cont_20pct_random_patch;0.2;random_patch;10;10;10;2;392;150;100;50;3;5;95;0.9336;0.8883992633432636;0.7956989247311828;0.48;0.68;-0.0252;-0.1559633027522914;0.9375;;;4.09937858581543
2026-02-17T11:44:45.014939;VisA/pcb1;cont_20pct_mahalanobis_patch;0.2;mahalanobis_patch;10;10;10;2;392;150;100;50;3;5;95;0.9548;0.9222156551647478;0.8411214953271027;0.6;0.74;-0.0040000000000000036;0.8165137614678901;0.9375;;;5.481680631637573
2026-02-17T11:44:48.631332;VisA/pcb1;cont_20pct_oracle_patch;0.2;oracle_patch;10;10;8;2;1568;150;100;50;3;5;95;0.9594;0.9270763265223178;0.8712871287128714;0.52;0.8;0.0006000000000000449;1.0275229357798186;;;;3.6153929233551025
2026-02-17T11:44:54.067277;VisA/pcb1;cont_20pct_ensemble_loo_mahal;0.2;ensemble_loo_mahal;10;10;10;2;392;150;100;50;3;5;95;0.9383999999999999;0.8897903558462457;0.8070175438596492;0.5;0.62;-0.020400000000000085;0.06422018348623643;0.9375;;;5.434945106506348
2026-02-17T11:44:58.766076;VisA/pcb1;cont_20pct_cosine_loo;0.2;cosine_loo;10;10;10;2;392;150;100;50;3;5;95;0.9394;0.8886779597817077;0.8181818181818182;0.52;0.6;-0.019399999999999973;0.110091743119269;0.9375;;;4.69679856300354
2026-02-17T11:45:03.058731;VisA/pcb1;cont_30pct_none;0.3;none;10;10;10;3;0;150;100;50;3;5;95;0.9476;0.9009477818006137;0.8347826086956522;0.54;0.6;-0.011199999999999988;0.0;;;;4.276649475097656
2026-02-17T11:45:07.486904;VisA/pcb1;cont_30pct_loo_patch;0.3;loo_patch;10;10;10;3;392;150;100;50;3;5;95;0.9356;0.8786149739668866;0.8173913043478259;0.46;0.66;-0.0232;-1.0714285714285736;0.9523809523809524;;;4.427173137664795
2026-02-17T11:45:11.534297;VisA/pcb1;cont_30pct_random_patch;0.3;random_patch;10;10;10;3;392;150;100;50;3;5;95;0.9404;0.8888414110329621;0.8166666666666667;0.5;0.54;-0.018399999999999972;-0.6428571428571421;0.9523809523809524;;;4.046391725540161
2026-02-17T11:45:17.049319;VisA/pcb1;cont_30pct_mahalanobis_patch;0.3;mahalanobis_patch;10;10;10;3;392;150;100;50;3;5;95;0.9406;0.8897378552417146;0.8205128205128206;0.44;0.66;-0.018199999999999994;-0.6250000000000012;0.9523809523809524;;;5.513021469116211
2026-02-17T11:45:20.019581;VisA/pcb1;cont_30pct_oracle_patch;0.3;oracle_patch;10;10;7;3;2352;150;100;50;3;5;95;0.9623999999999999;0.9340255701330131;0.8627450980392156;0.54;0.82;0.0035999999999999366;1.321428571428566;;;;2.9692628383636475
2026-02-17T11:45:25.531553;VisA/pcb1;cont_30pct_ensemble_loo_mahal;0.3;ensemble_loo_mahal;10;10;10;3;392;150;100;50;3;5;95;0.939;0.8897169338140362;0.8099173553719008;0.5;0.58;-0.01980000000000004;-0.7678571428571483;0.9523809523809524;;;5.509971857070923
2026-02-17T11:45:30.169404;VisA/pcb1;cont_30pct_cosine_loo;0.3;cosine_loo;10;10;10;3;392;150;100;50;3;5;95;0.9356;0.8850123337568658;0.792079207920792;0.48;0.66;-0.0232;-1.0714285714285736;0.9523809523809524;;;4.635851144790649
2026-02-17T11:45:38.923924;VisA/pcb1;cont_0pct_none;0.0;none;20;20;20;0;0;150;100;50;3;5;95;0.9573999999999999;0.9202215612239684;0.8545454545454546;0.56;0.76;;;;;;8.579009056091309
2026-02-17T11:45:49.091774;VisA/pcb1;cont_0pct_loo_patch;0.0;loo_patch;20;20;20;0;784;150;100;50;3;5;95;0.9408;0.8887129478262529;0.8235294117647058;0.34;0.74;;;;;;10.166850566864014
2026-02-17T11:45:57.335403;VisA/pcb1;cont_0pct_random_patch;0.0;random_patch;20;20;20;0;784;150;100;50;3;5;95;0.9583999999999999;0.9220821370298506;0.8623853211009174;0.56;0.68;;;;;;8.242630243301392
2026-02-17T11:46:07.788487;VisA/pcb1;cont_0pct_mahalanobis_patch;0.0;mahalanobis_patch;20;20;20;0;784;150;100;50;3;5;95;0.9558;0.9229911049657125;0.8602150537634408;0.74;0.82;;;;;;10.45208477973938
2026-02-17T11:46:07.810114;VisA/pcb1;cont_0pct_oracle_patch;0.0;oracle_patch;20;20;20;0;0;150;100;50;3;5;95;0.9573999999999999;0.9202215612239684;0.8545454545454546;0.56;0.76;;;;;;0.020624160766601562
2026-02-17T11:46:17.878280;VisA/pcb1;cont_0pct_ensemble_loo_mahal;0.0;ensemble_loo_mahal;20;20;20;0;784;150;100;50;3;5;95;0.9376;0.8827171348131495;0.803921568627451;0.4;0.62;;;;;;10.06816554069519
2026-02-17T11:46:28.457669;VisA/pcb1;cont_0pct_cosine_loo;0.0;cosine_loo;20;20;20;0;784;150;100;50;3;5;95;0.943;0.88769152390213;0.8333333333333334;0.34;0.7;;;;;;10.579389572143555
2026-02-17T11:46:36.956061;VisA/pcb1;cont_10pct_none;0.1;none;20;20;20;2;0;150;100;50;3;5;95;0.9541999999999999;0.9184459754520804;0.8288288288288288;0.6;0.76;-0.0031999999999999806;0.0;;;;8.481393814086914
2026-02-17T11:46:47.281277;VisA/pcb1;cont_10pct_loo_patch;0.1;loo_patch;20;20;20;2;784;150;100;50;3;5;95;0.9642;0.9398239559951802;0.8490566037735849;0.66;0.8;0.006800000000000028;3.1250000000000218;0.9722222222222222;;;10.323178768157959
2026-02-17T11:46:55.421187;VisA/pcb1;cont_10pct_random_patch;0.1;random_patch;20;20;20;2;784;150;100;50;3;5;95;0.954;0.9180199423017937;0.8461538461538461;0.6;0.68;-0.0033999999999999586;-0.06249999999999349;0.9722222222222222;;;8.138910055160522
2026-02-17T11:47:05.813144;VisA/pcb1;cont_10pct_mahalanobis_patch;0.1;mahalanobis_patch;20;20;20;2;784;150;100;50;3;5;95;0.9538;0.9123950413050265;0.8653846153846153;0.54;0.64;-0.0035999999999999366;-0.12499999999998698;0.9722222222222222;;;10.391956567764282
2026-02-17T11:47:13.808150;VisA/pcb1;cont_10pct_oracle_patch;0.1;oracle_patch;20;20;18;2;1568;150;100;50;3;5;95;0.9543999999999999;0.911526941030425;0.8490566037735849;0.46;0.78;-0.0030000000000000027;0.06249999999999349;;;;7.994006872177124
2026-02-17T11:47:24.329818;VisA/pcb1;cont_10pct_ensemble_loo_mahal;0.1;ensemble_loo_mahal;20;20;20;2;784;150;100;50;3;5;95;0.955;0.9171255059528682;0.8653846153846153;0.56;0.7;-0.0023999999999999577;0.25000000000000866;0.9722222222222222;;;10.519669532775879
2026-02-17T11:47:35.671367;VisA/pcb1;cont_10pct_cosine_loo;0.1;cosine_loo;20;20;20;2;784;150;100;50;3;5;95;0.9545999999999999;0.9154774609868694;0.8468468468468469;0.54;0.74;-0.0028000000000000247;0.12499999999998698;0.9722222222222222;;;11.340548992156982
2026-02-17T11:47:45.591072;VisA/pcb1;cont_20pct_none;0.2;none;20;20;20;4;0;150;100;50;3;5;95;0.9401999999999999;0.8996117134150597;0.8108108108108109;0.62;0.64;-0.017199999999999993;0.0;;;;9.886189699172974
2026-02-17T11:47:56.750734;VisA/pcb1;cont_20pct_loo_patch;0.2;loo_patch;20;20;20;4;784;150;100;50;3;5;95;0.9461999999999999;0.8994501234588022;0.8461538461538461;0.54;0.72;-0.011199999999999988;0.34883720930232603;0.96875;;;11.1576566696167
2026-02-17T11:48:05.828381;VisA/pcb1;cont_20pct_random_patch;0.2;random_patch;20;20;20;4;784;150;100;50;3;5;95;0.9431999999999999;0.9036509564876748;0.810344827586207;0.62;0.64;-0.01419999999999999;0.17441860465116302;0.96875;;;9.076648235321045
2026-02-17T11:48:16.404874;VisA/pcb1;cont_20pct_mahalanobis_patch;0.2;mahalanobis_patch;20;20;20;4;784;150;100;50;3;5;95;0.9518;0.9067424204228034;0.8333333333333334;0.58;0.68;-0.005599999999999938;0.6744186046511662;0.96875;;;10.575494289398193
2026-02-17T11:48:24.274326;VisA/pcb1;cont_20pct_oracle_patch;0.2;oracle_patch;20;20;16;4;3136;150;100;50;3;5;95;0.9563999999999999;0.9162383630968569;0.8399999999999999;0.5;0.78;-0.0010000000000000009;0.941860465116279;;;;7.868946552276611
2026-02-17T11:48:35.105840;VisA/pcb1;cont_20pct_ensemble_loo_mahal;0.2;ensemble_loo_mahal;20;20;20;4;784;150;100;50;3;5;95;0.9458;0.900970691183127;0.830188679245283;0.52;0.68;-0.011599999999999944;0.32558139534884023;0.96875;;;10.830515146255493
2026-02-17T11:48:46.691724;VisA/pcb1;cont_20pct_cosine_loo;0.2;cosine_loo;20;20;20;4;784;150;100;50;3;5;95;0.9513999999999999;0.9042527997167031;0.826923076923077;0.44;0.72;-0.006000000000000005;0.651162790697674;0.96875;;;11.583809852600098
2026-02-17T11:48:55.779859;VisA/pcb1;cont_30pct_none;0.3;none;20;20;20;6;0;150;100;50;3;5;95;0.9281999999999999;0.8777741812742443;0.7777777777777777;0.46;0.64;-0.029200000000000004;0.0;;;;9.062795400619507
2026-02-17T11:49:07.009758;VisA/pcb1;cont_30pct_loo_patch;0.3;loo_patch;20;20;20;6;784;150;100;50;3;5;95;0.9498;0.913300557396731;0.8125;0.6;0.72;-0.00759999999999994;0.7397260273972623;0.9761904761904763;;;11.227894067764282
2026-02-17T11:49:15.289738;VisA/pcb1;cont_30pct_random_patch;0.3;random_patch;20;20;20;6;784;150;100;50;3;5;95;0.9321999999999999;0.8811058389998235;0.7894736842105263;0.48;0.6;-0.0252;0.13698630136986312;0.9761904761904763;;;8.27947449684143
2026-02-17T11:49:26.583309;VisA/pcb1;cont_30pct_mahalanobis_patch;0.3;mahalanobis_patch;20;20;20;6;784;150;100;50;3;5;95;0.9634;0.9362346694867687;0.853932584269663;0.76;0.76;0.006000000000000116;1.2054794520547985;0.9761904761904763;;;11.291491746902466
2026-02-17T11:49:33.290313;VisA/pcb1;cont_30pct_oracle_patch;0.3;oracle_patch;20;20;14;6;4704;150;100;50;3;5;95;0.9551999999999999;0.9186439443614021;0.8453608247422681;0.56;0.78;-0.0021999999999999797;0.924657534246576;;;;6.7060041427612305
2026-02-17T11:49:44.429569;VisA/pcb1;cont_30pct_ensemble_loo_mahal;0.3;ensemble_loo_mahal;20;20;20;6;784;150;100;50;3;5;95;0.9552;0.9223383638019519;0.8288288288288288;0.66;0.68;-0.0021999999999998687;0.9246575342465798;0.9761904761904763;;;11.137255430221558
2026-02-17T11:49:55.298280;VisA/pcb1;cont_30pct_cosine_loo;0.3;cosine_loo;20;20;20;6;784;150;100;50;3;5;95;0.9543999999999999;0.9232827920100599;0.8282828282828283;0.68;0.74;-0.0030000000000000027;0.8972602739726027;0.9761904761904763;;;10.866707563400269
2026-02-17T11:49:59.993254;VisA/pcb1;cont_0pct_none;0.0;none;10;10;10;0;0;150;100;50;4;5;95;0.952;0.9115689718082342;0.8461538461538461;0.58;0.8;;;;;;4.444920778274536
2026-02-17T11:50:04.834203;VisA/pcb1;cont_0pct_loo_patch;0.0;loo_patch;10;10;10;0;392;150;100;50;4;5;95;0.9273999999999999;0.867096713480581;0.8;0.44;0.58;;;;;;4.8399457931518555
2026-02-17T11:50:08.938201;VisA/pcb1;cont_0pct_random_patch;0.0;random_patch;10;10;10;0;392;150;100;50;4;5;95;0.957;0.922812360591003;0.8686868686868686;0.6;0.84;;;;;;4.102998733520508
2026-02-17T11:50:14.483205;VisA/pcb1;cont_0pct_mahalanobis_patch;0.0;mahalanobis_patch;10;10;10;0;392;150;100;50;4;5;95;0.9476;0.9048413174752488;0.8461538461538461;0.52;0.7;;;;;;5.544003009796143
2026-02-17T11:50:14.495074;VisA/pcb1;cont_0pct_oracle_patch;0.0;oracle_patch;10;10;10;0;0;150;100;50;4;5;95;0.952;0.9115689718082342;0.8461538461538461;0.58;0.8;;;;;;0.01086282730102539
2026-02-17T11:50:19.977149;VisA/pcb1;cont_0pct_ensemble_loo_mahal;0.0;ensemble_loo_mahal;10;10;10;0;392;150;100;50;4;5;95;0.9244;0.8662846467185906;0.8035714285714286;0.42;0.64;;;;;;5.4810709953308105
2026-02-17T11:50:24.776304;VisA/pcb1;cont_0pct_cosine_loo;0.0;cosine_loo;10;10;10;0;392;150;100;50;4;5;95;0.9346;0.8747232304428472;0.8173913043478259;0.34;0.66;;;;;;4.799154996871948
2026-02-17T11:50:28.980770;VisA/pcb1;cont_10pct_none;0.1;none;10;10;10;1;0;150;100;50;4;5;95;0.9269999999999999;0.8721109763007454;0.7863247863247863;0.5;0.58;-0.025000000000000022;0.0;;;;4.195462465286255
2026-02-17T11:50:33.642606;VisA/pcb1;cont_10pct_loo_patch;0.1;loo_patch;10;10;10;1;392;150;100;50;4;5;95;0.9225999999999999;0.8492950616729793;0.7966101694915254;0.38;0.54;-0.029400000000000093;-0.17600000000000265;1.0;;;4.659837245941162
2026-02-17T11:50:37.756003;VisA/pcb1;cont_10pct_random_patch;0.1;random_patch;10;10;10;1;392;150;100;50;4;5;95;0.9289999999999999;0.8696679200906885;0.8000000000000002;0.42;0.6;-0.02300000000000002;0.08;1.0;;;4.1113972663879395
2026-02-17T11:50:43.197354;VisA/pcb1;cont_10pct_mahalanobis_patch;0.1;mahalanobis_patch;10;10;10;1;392;150;100;50;4;5;95;0.9279999999999999;0.8705062835429328;0.7872340425531915;0.44;0.62;-0.02400000000000002;0.04;1.0;;;5.439349174499512
2026-02-17T11:50:47.051581;VisA/pcb1;cont_10pct_oracle_patch;0.1;oracle_patch;10;10;9;1;784;150;100;50;4;5;95;0.9385999999999999;0.8851743601776232;0.8131868131868132;0.48;0.74;-0.013400000000000079;0.46399999999999736;;;;3.8532278537750244
2026-02-17T11:50:52.511416;VisA/pcb1;cont_10pct_ensemble_loo_mahal;0.1;ensemble_loo_mahal;10;10;10;1;392;150;100;50;4;5;95;0.929;0.8684576268004969;0.8141592920353983;0.48;0.62;-0.02299999999999991;0.08000000000000444;1.0;;;5.457834243774414
2026-02-17T11:50:57.154900;VisA/pcb1;cont_10pct_cosine_loo;0.1;cosine_loo;10;10;10;1;392;150;100;50;4;5;95;0.9241999999999999;0.861756307824495;0.7766990291262137;0.44;0.64;-0.027800000000000047;-0.11200000000000089;1.0;;;4.64148473739624
2026-02-17T11:51:01.380085;VisA/pcb1;cont_20pct_none;0.2;none;10;10;10;2;0;150;100;50;4;5;95;0.9359999999999999;0.886777038598362;0.8037383177570094;0.52;0.58;-0.016000000000000014;0.0;;;;4.2131853103637695
2026-02-17T11:51:06.057773;VisA/pcb1;cont_20pct_loo_patch;0.2;loo_patch;10;10;10;2;392;150;100;50;4;5;95;0.9209999999999999;0.8601270102688059;0.7768595041322315;0.42;0.66;-0.031000000000000028;-0.9375;1.0;;;4.67568826675415
2026-02-17T11:51:10.280415;VisA/pcb1;cont_20pct_random_patch;0.2;random_patch;10;10;10;2;392;150;100;50;4;5;95;0.9359999999999999;0.8899297592750528;0.8148148148148148;0.54;0.64;-0.016000000000000014;0.0;1.0;;;4.22064208984375
2026-02-17T11:51:15.662941;VisA/pcb1;cont_20pct_mahalanobis_patch;0.2;mahalanobis_patch;10;10;10;2;392;150;100;50;4;5;95;0.9291999999999999;0.883374861119277;0.7912087912087912;0.5;0.72;-0.022800000000000042;-0.4250000000000014;1.0;;;5.380521297454834
2026-02-17T11:51:19.166597;VisA/pcb1;cont_20pct_oracle_patch;0.2;oracle_patch;10;10;8;2;1568;150;100;50;4;5;95;0.9139999999999999;0.855702433862533;0.7692307692307692;0.5;0.64;-0.038000000000000034;-1.375;;;;3.502657175064087
2026-02-17T11:51:24.643433;VisA/pcb1;cont_20pct_ensemble_loo_mahal;0.2;ensemble_loo_mahal;10;10;10;2;392;150;100;50;4;5;95;0.9276;0.8652960060196129;0.8113207547169812;0.36;0.6;-0.024399999999999977;-0.5249999999999972;1.0;;;5.476836442947388
2026-02-17T11:51:29.299549;VisA/pcb1;cont_20pct_cosine_loo;0.2;cosine_loo;10;10;10;2;392;150;100;50;4;5;95;0.9339999999999999;0.8770221899751188;0.803921568627451;0.42;0.64;-0.018000000000000016;-0.125;1.0;;;4.654111862182617
2026-02-17T11:51:33.650024;VisA/pcb1;cont_30pct_none;0.3;none;10;10;10;3;0;150;100;50;4;5;95;0.9501999999999999;0.9186483391313085;0.8247422680412372;0.6;0.74;-0.0018000000000000238;0.0;;;;4.336474657058716
2026-02-17T11:51:38.206069;VisA/pcb1;cont_30pct_loo_patch;0.3;loo_patch;10;10;10;3;392;150;100;50;4;5;95;0.9238;0.8719409906283696;0.7706422018348624;0.46;0.64;-0.028200000000000003;-14.666666666666462;1.0;;;4.554044961929321
2026-02-17T11:51:42.428240;VisA/pcb1;cont_30pct_random_patch;0.3;random_patch;10;10;10;3;392;150;100;50;4;5;95;0.952;0.9182821793457107;0.8282828282828283;0.66;0.7;0.0;1.0;1.0;;;4.221171855926514
2026-02-17T11:51:47.999592;VisA/pcb1;cont_30pct_mahalanobis_patch;0.3;mahalanobis_patch;10;10;10;3;392;150;100;50;4;5;95;0.935;0.8919641153685145;0.7999999999999999;0.54;0.72;-0.016999999999999904;-8.444444444444267;1.0;;;5.568963289260864
2026-02-17T11:51:51.054476;VisA/pcb1;cont_30pct_oracle_patch;0.3;oracle_patch;10;10;7;3;2352;150;100;50;4;5;95;0.9067999999999999;0.8463250343189572;0.7480916030534351;0.54;0.58;-0.04520000000000002;-24.111111111110787;;;;3.053873062133789
2026-02-17T11:51:56.509241;VisA/pcb1;cont_30pct_ensemble_loo_mahal;0.3;ensemble_loo_mahal;10;10;10;3;392;150;100;50;4;5;95;0.9269999999999999;0.8759740301084548;0.780952380952381;0.5;0.66;-0.025000000000000022;-12.888888888888717;1.0;;;5.4522600173950195
2026-02-17T11:52:01.244716;VisA/pcb1;cont_30pct_cosine_loo;0.3;cosine_loo;10;10;10;3;392;150;100;50;4;5;95;0.9284;0.8837841373893087;0.7884615384615384;0.52;0.62;-0.023599999999999954;-12.111111111110912;1.0;;;4.733472585678101
2026-02-17T11:52:10.254297;VisA/pcb1;cont_0pct_none;0.0;none;20;20;20;0;0;150;100;50;4;5;95;0.9571999999999999;0.9234586605642121;0.8387096774193548;0.58;0.78;;;;;;8.793673276901245
2026-02-17T11:52:21.807370;VisA/pcb1;cont_0pct_loo_patch;0.0;loo_patch;20;20;20;0;784;150;100;50;4;5;95;0.9308;0.8688959788370441;0.8155339805825242;0.46;0.62;;;;;;11.552073001861572
2026-02-17T11:52:30.885787;VisA/pcb1;cont_0pct_random_patch;0.0;random_patch;20;20;20;0;784;150;100;50;4;5;95;0.9467999999999999;0.9039666654715615;0.82;0.48;0.68;;;;;;9.07733154296875
2026-02-17T11:52:42.608354;VisA/pcb1;cont_0pct_mahalanobis_patch;0.0;mahalanobis_patch;20;20;20;0;784;150;100;50;4;5;95;0.9318;0.8808060134803292;0.810344827586207;0.48;0.66;;;;;;11.721568822860718
2026-02-17T11:52:42.632944;VisA/pcb1;cont_0pct_oracle_patch;0.0;oracle_patch;20;20;20;0;0;150;100;50;4;5;95;0.9571999999999999;0.9234586605642121;0.8387096774193548;0.58;0.78;;;;;;0.023579120635986328
2026-02-17T11:52:54.277252;VisA/pcb1;cont_0pct_ensemble_loo_mahal;0.0;ensemble_loo_mahal;20;20;20;0;784;150;100;50;4;5;95;0.94;0.891727038996009;0.8108108108108109;0.56;0.74;;;;;;11.644308090209961
2026-02-17T11:53:06.058278;VisA/pcb1;cont_0pct_cosine_loo;0.0;cosine_loo;20;20;20;0;784;150;100;50;4;5;95;0.945;0.890981386434254;0.8431372549019608;0.52;0.6;;;;;;11.78002643585205
2026-02-17T11:53:16.277854;VisA/pcb1;cont_10pct_none;0.1;none;20;20;20;2;0;150;100;50;4;5;95;0.9605999999999999;0.9370963980441036;0.8541666666666666;0.68;0.82;0.0033999999999999586;-0.0;;;;10.202574014663696
2026-02-17T11:53:27.973653;VisA/pcb1;cont_10pct_loo_patch;0.1;loo_patch;20;20;20;2;784;150;100;50;4;5;95;0.9292;0.8681320806614002;0.796116504854369;0.34;0.68;-0.027999999999999914;9.235294117647134;0.9444444444444444;;;11.692798852920532
2026-02-17T11:53:37.087955;VisA/pcb1;cont_10pct_random_patch;0.1;random_patch;20;20;20;2;784;150;100;50;4;5;95;0.9571999999999999;0.9315819001331765;0.8421052631578948;0.66;0.78;0.0;1.0;0.9444444444444444;;;9.112301111221313
2026-02-17T11:53:48.258345;VisA/pcb1;cont_10pct_mahalanobis_patch;0.1;mahalanobis_patch;20;20;20;2;784;150;100;50;4;5;95;0.9465999999999999;0.9092373724205299;0.8349514563106797;0.58;0.7;-0.010600000000000054;4.117647058823583;0.9444444444444444;;;11.168393611907959
2026-02-17T11:53:56.710234;VisA/pcb1;cont_10pct_oracle_patch;0.1;oracle_patch;20;20;18;2;1568;150;100;50;4;5;95;0.9551999999999999;0.9170693442079624;0.8392857142857143;0.4;0.78;-0.0020000000000000018;1.5882352941176547;;;;8.450888872146606
2026-02-17T11:54:07.670474;VisA/pcb1;cont_10pct_ensemble_loo_mahal;0.1;ensemble_loo_mahal;20;20;20;2;784;150;100;50;4;5;95;0.9376;0.8927863286675959;0.8235294117647058;0.54;0.64;-0.01959999999999995;6.764705882352997;0.9444444444444444;;;10.95824408531189
2026-02-17T11:54:18.992040;VisA/pcb1;cont_10pct_cosine_loo;0.1;cosine_loo;20;20;20;2;784;150;100;50;4;5;95;0.9401999999999999;0.8918810562206932;0.8113207547169812;0.46;0.64;-0.017000000000000015;6.000000000000066;0.9444444444444444;;;11.319563150405884
2026-02-17T11:54:28.507445;VisA/pcb1;cont_20pct_none;0.2;none;20;20;20;4;0;150;100;50;4;5;95;0.9606;0.9361721474606766;0.8444444444444444;0.74;0.78;0.0034000000000000696;-0.0;;;;9.493022441864014
2026-02-17T11:54:39.612351;VisA/pcb1;cont_20pct_loo_patch;0.2;loo_patch;20;20;20;4;784;150;100;50;4;5;95;0.9478;0.903772497313039;0.851851851851852;0.48;0.64;-0.009399999999999964;3.764705882352874;0.90625;;;11.102905511856079
2026-02-17T11:54:47.965130;VisA/pcb1;cont_20pct_random_patch;0.2;random_patch;20;20;20;4;784;150;100;50;4;5;95;0.9558;0.927902820599041;0.8275862068965518;0.72;0.74;-0.0013999999999999568;1.4117647058823317;0.90625;;;8.350779294967651
2026-02-17T11:54:58.309921;VisA/pcb1;cont_20pct_mahalanobis_patch;0.2;mahalanobis_patch;20;20;20;4;784;150;100;50;4;5;95;0.9563999999999999;0.9239885928617397;0.8461538461538461;0.62;0.68;-0.0008000000000000229;1.2352941176470607;0.90625;;;10.342790365219116
2026-02-17T11:55:05.887481;VisA/pcb1;cont_20pct_oracle_patch;0.2;oracle_patch;20;20;16;4;3136;150;100;50;4;5;95;0.9565999999999999;0.9175741503066251;0.8431372549019608;0.5;0.78;-0.0006000000000000449;1.1764705882353037;;;;7.5765602588653564
2026-02-17T11:55:17.744739;VisA/pcb1;cont_20pct_ensemble_loo_mahal;0.2;ensemble_loo_mahal;20;20;20;4;784;150;100;50;4;5;95;0.9465999999999999;0.9054071719597996;0.816326530612245;0.58;0.62;-0.010600000000000054;4.117647058823481;0.90625;;;11.856258392333984
2026-02-17T11:55:29.112668;VisA/pcb1;cont_20pct_cosine_loo;0.2;cosine_loo;20;20;20;4;784;150;100;50;4;5;95;0.9441999999999999;0.9021072647893326;0.8141592920353983;0.52;0.74;-0.013000000000000012;4.823529411764631;0.90625;;;11.36607575416565
2026-02-17T11:55:39.173100;VisA/pcb1;cont_30pct_none;0.3;none;20;20;20;6;0;150;100;50;4;5;95;0.9506;0.9188787180042697;0.8222222222222222;0.68;0.76;-0.006599999999999939;0.0;;;;10.035825252532959
2026-02-17T11:55:50.699536;VisA/pcb1;cont_30pct_loo_patch;0.3;loo_patch;20;20;20;6;784;150;100;50;4;5;95;0.9458;0.9010074784425774;0.8521739130434782;0.58;0.62;-0.011399999999999966;-0.727272727272738;0.8571428571428572;;;11.524436235427856
2026-02-17T11:55:59.835780;VisA/pcb1;cont_30pct_random_patch;0.3;random_patch;20;20;20;6;784;150;100;50;4;5;95;0.9466;0.9134366889727266;0.813953488372093;0.7;0.74;-0.010599999999999943;-0.6060606060606122;0.8571428571428572;;;9.134243488311768
2026-02-17T11:56:11.810268;VisA/pcb1;cont_30pct_mahalanobis_patch;0.3;mahalanobis_patch;20;20;20;6;784;150;100;50;4;5;95;0.9580000000000001;0.9230136570651919;0.8521739130434782;0.6;0.72;0.0008000000000001339;1.1212121212121426;0.8571428571428572;;;11.972413778305054
2026-02-17T11:56:18.359731;VisA/pcb1;cont_30pct_oracle_patch;0.3;oracle_patch;20;20;14;6;4704;150;100;50;4;5;95;0.9553999999999999;0.9075853671966438;0.8545454545454546;0.5;0.7;-0.0018000000000000238;0.7272727272727212;;;;6.549463272094727
2026-02-17T11:56:28.967703;VisA/pcb1;cont_30pct_ensemble_loo_mahal;0.3;ensemble_loo_mahal;20;20;20;6;784;150;100;50;4;5;95;0.9488;0.9089111753499917;0.8173913043478259;0.6;0.66;-0.008399999999999963;-0.27272727272727887;0.8571428571428572;;;10.605938196182251
2026-02-17T11:56:41.260580;VisA/pcb1;cont_30pct_cosine_loo;0.3;cosine_loo;20;20;20;6;784;150;100;50;4;5;95;0.9498;0.9048045261299562;0.831858407079646;0.54;0.6;-0.007399999999999962;-0.1212121212121258;0.8571428571428572;;;12.29087495803833
2026-02-17T11:56:49.008455;mvtec_loco_AD/breakfast_box;cont_0pct_none;0.0;none;10;10;10;0;0;189;102;87;0;5;95;0.7298850574712643;0.7780772922725671;0.6506024096385543;0.3793103448275862;0.45977011494252873;;;;;;6.003803253173828
2026-02-17T11:56:55.391572;mvtec_loco_AD/breakfast_box;cont_0pct_loo_patch;0.0;loo_patch;10;10;10;0;392;189;102;87;0;5;95;0.7057696641875141;0.7613796196537939;0.6434108527131783;0.41379310344827586;0.42528735632183906;;;;;;6.382116794586182
2026-02-17T11:57:01.320721;mvtec_loco_AD/breakfast_box;cont_0pct_random_patch;0.0;random_patch;10;10;10;0;392;189;102;87;0;5;95;0.7240252422808204;0.774250047731883;0.652892561983471;0.3793103448275862;0.45977011494252873;;;;;;5.92806077003479
2026-02-17T11:57:08.293485;mvtec_loco_AD/breakfast_box;cont_0pct_mahalanobis_patch;0.0;mahalanobis_patch;10;10;10;0;392;189;102;87;0;5;95;0.711291413116971;0.7648804218938323;0.6533864541832669;0.39080459770114945;0.4482758620689655;;;;;;6.971754789352417
2026-02-17T11:57:08.305483;mvtec_loco_AD/breakfast_box;cont_0pct_oracle_patch;0.0;oracle_patch;10;10;10;0;0;189;102;87;0;5;95;0.7298850574712643;0.7780772922725671;0.6506024096385543;0.3793103448275862;0.45977011494252873;;;;;;0.01199793815612793
2026-02-17T11:57:15.431285;mvtec_loco_AD/breakfast_box;cont_0pct_ensemble_loo_mahal;0.0;ensemble_loo_mahal;10;10;10;0;392;189;102;87;0;5;95;0.7057696641875141;0.762910824393344;0.6484375;0.40229885057471265;0.45977011494252873;;;;;;7.124801158905029
2026-02-17T11:57:21.642288;mvtec_loco_AD/breakfast_box;cont_0pct_cosine_loo;0.0;cosine_loo;10;10;10;0;392;189;102;87;0;5;95;0.6993464052287581;0.758768287958087;0.6509803921568628;0.39080459770114945;0.4367816091954023;;;;;;6.209558010101318
2026-02-17T11:57:27.519207;mvtec_loco_AD/breakfast_box;cont_10pct_none;0.1;none;10;10;10;1;0;189;102;87;0;5;95;0.6932612125309895;0.7616841632566654;0.6377952755905512;0.42528735632183906;0.45977011494252873;-0.03662384494027482;0.0;;;;5.866917848587036
2026-02-17T11:57:33.427268;mvtec_loco_AD/breakfast_box;cont_10pct_loo_patch;0.1;loo_patch;10;10;10;1;392;189;102;87;0;5;95;0.6833446022086996;0.7515115989309114;0.6304347826086957;0.41379310344827586;0.4367816091954023;-0.04654045526256467;-0.2707692307692323;1.0;;;5.906057596206665
2026-02-17T11:57:38.885709;mvtec_loco_AD/breakfast_box;cont_10pct_random_patch;0.1;random_patch;10;10;10;1;392;189;102;87;0;5;95;0.6964164976335362;0.7611402827777516;0.6324110671936759;0.42528735632183906;0.45977011494252873;-0.03346855983772812;0.08615384615384472;1.0;;;5.4564430713653564
2026-02-17T11:57:45.524803;mvtec_loco_AD/breakfast_box;cont_10pct_mahalanobis_patch;0.1;mahalanobis_patch;10;10;10;1;392;189;102;87;0;5;95;0.6848095560063107;0.7561838438162082;0.6304347826086957;0.4367816091954023;0.45977011494252873;-0.04507550146495365;-0.23076923076923148;1.0;;;6.637091636657715
2026-02-17T11:57:50.763490;mvtec_loco_AD/breakfast_box;cont_10pct_oracle_patch;0.1;oracle_patch;10;10;9;1;784;189;102;87;0;5;95;0.7487040793328825;0.7968930574393822;0.6706586826347305;0.42528735632183906;0.4942528735632184;0.018819021861618213;1.5138461538461558;;;;5.237632513046265
2026-02-17T11:57:57.674046;mvtec_loco_AD/breakfast_box;cont_10pct_ensemble_loo_mahal;0.1;ensemble_loo_mahal;10;10;10;1;392;189;102;87;0;5;95;0.6851476222672976;0.7497859684918763;0.6307692307692309;0.41379310344827586;0.42528735632183906;-0.04473743520396667;-0.22153846153846693;1.0;;;6.908556699752808
2026-02-17T11:58:03.813086;mvtec_loco_AD/breakfast_box;cont_10pct_cosine_loo;0.1;cosine_loo;10;10;10;1;392;189;102;87;0;5;95;0.6781609195402298;0.748050622689173;0.6304347826086957;0.39080459770114945;0.4367816091954023;-0.051724137931034475;-0.41230769230769754;1.0;;;6.137040853500366
2026-02-17T11:58:09.719993;mvtec_loco_AD/breakfast_box;cont_20pct_none;0.2;none;10;10;10;2;0;189;102;87;0;5;95;0.6928104575163399;0.7547753606077683;0.6328125000000001;0.41379310344827586;0.42528735632183906;-0.03707459995492446;0.0;;;;5.894907474517822
2026-02-17T11:58:15.887867;mvtec_loco_AD/breakfast_box;cont_20pct_loo_patch;0.2;loo_patch;10;10;10;2;392;189;102;87;0;5;95;0.6834572909623619;0.7534033483529319;0.6304347826086957;0.41379310344827586;0.45977011494252873;-0.04642776650890246;-0.2522796352583612;0.9375;;;6.166865587234497
2026-02-17T11:58:21.350868;mvtec_loco_AD/breakfast_box;cont_20pct_random_patch;0.2;random_patch;10;10;10;2;392;189;102;87;0;5;95;0.6875140860942078;0.751780185060527;0.6304347826086957;0.41379310344827586;0.4367816091954023;-0.04237097137705648;-0.14285714285714157;0.9375;;;5.461002826690674
2026-02-17T11:58:28.250572;mvtec_loco_AD/breakfast_box;cont_20pct_mahalanobis_patch;0.2;mahalanobis_patch;10;10;10;2;392;189;102;87;0;5;95;0.6875140860942077;0.7570522080735949;0.6304347826086957;0.41379310344827586;0.45977011494252873;-0.04237097137705659;-0.14285714285714457;0.9375;;;6.8977015018463135
2026-02-17T11:58:33.299641;mvtec_loco_AD/breakfast_box;cont_20pct_oracle_patch;0.2;oracle_patch;10;10;8;2;1568;189;102;87;0;5;95;0.7375478927203065;0.7911725502949786;0.6557377049180328;0.4827586206896552;0.5057471264367817;0.00766283524904221;1.2066869300911873;;;;5.049069881439209
2026-02-17T11:58:40.287869;mvtec_loco_AD/breakfast_box;cont_20pct_ensemble_loo_mahal;0.2;ensemble_loo_mahal;10;10;10;2;392;189;102;87;0;5;95;0.6876267748478702;0.7570013641119964;0.6304347826086957;0.42528735632183906;0.45977011494252873;-0.04225828262339415;-0.13981762917933158;0.9375;;;6.98722767829895
2026-02-17T11:58:46.555011;mvtec_loco_AD/breakfast_box;cont_20pct_cosine_loo;0.2;cosine_loo;10;10;10;2;392;189;102;87;0;5;95;0.6795131845841785;0.7504746773464529;0.6304347826086957;0.41379310344827586;0.45977011494252873;-0.05037187288708578;-0.3586626139817619;0.9375;;;6.26614236831665
2026-02-17T11:58:53.335717;mvtec_loco_AD/breakfast_box;cont_30pct_none;0.3;none;10;10;10;3;0;189;102;87;0;5;95;0.6920216362407031;0.7614308657898684;0.6467065868263473;0.42528735632183906;0.4482758620689655;-0.03786342123056119;0.0;;;;6.763425350189209
2026-02-17T11:59:00.333908;mvtec_loco_AD/breakfast_box;cont_30pct_loo_patch;0.3;loo_patch;10;10;10;3;392;189;102;87;0;5;95;0.6899932386747802;0.7601686084177651;0.632258064516129;0.42528735632183906;0.42528735632183906;-0.03989181879648407;-0.05357142857142747;0.9047619047619049;;;6.997189998626709
2026-02-17T11:59:07.567928;mvtec_loco_AD/breakfast_box;cont_30pct_random_patch;0.3;random_patch;10;10;10;3;392;189;102;87;0;5;95;0.6945007888212755;0.7638651323162142;0.6410256410256409;0.42528735632183906;0.4482758620689655;-0.03538426864998878;0.06547619047618913;0.9047619047619049;;;7.129638433456421
2026-02-17T11:59:14.794293;mvtec_loco_AD/breakfast_box;cont_30pct_mahalanobis_patch;0.3;mahalanobis_patch;10;10;10;3;392;189;102;87;0;5;95;0.6899932386747802;0.758908384413459;0.6328125000000001;0.41379310344827586;0.47126436781609193;-0.03989181879648407;-0.05357142857142747;0.9047619047619049;;;7.224364280700684
2026-02-17T11:59:18.867238;mvtec_loco_AD/breakfast_box;cont_30pct_oracle_patch;0.3;oracle_patch;10;10;7;3;2352;189;102;87;0;5;95;0.7395762902862294;0.7970088866156722;0.6751592356687899;0.47126436781609193;0.5172413793103449;0.00969123281496509;1.2559523809523816;;;;4.071945667266846
2026-02-17T11:59:25.542201;mvtec_loco_AD/breakfast_box;cont_30pct_ensemble_loo_mahal;0.3;ensemble_loo_mahal;10;10;10;3;392;189;102;87;0;5;95;0.6868379535722334;0.7553150480682371;0.6304347826086957;0.41379310344827586;0.4482758620689655;-0.04304710389903088;-0.13690476190476203;0.9047619047619049;;;6.673176527023315
2026-02-17T11:59:31.547557;mvtec_loco_AD/breakfast_box;cont_30pct_cosine_loo;0.3;cosine_loo;10;10;10;3;392;189;102;87;0;5;95;0.6817669596574262;0.7510175655341371;0.6394557823129252;0.3793103448275862;0.45977011494252873;-0.048118097813838134;-0.27083333333333215;0.9047619047619049;;;6.003356218338013
2026-02-17T11:59:42.886256;mvtec_loco_AD/breakfast_box;cont_0pct_none;0.0;none;20;20;20;0;0;189;102;87;0;5;95;0.7469010592742844;0.7937154722028326;0.6748466257668712;0.42528735632183906;0.47126436781609193;;;;;;11.06289529800415
2026-02-17T11:59:55.354063;mvtec_loco_AD/breakfast_box;cont_0pct_loo_patch;0.0;loo_patch;20;20;20;0;784;189;102;87;0;5;95;0.7262790173540681;0.7780806675783924;0.6495726495726497;0.4482758620689655;0.47126436781609193;;;;;;12.46680760383606
2026-02-17T12:00:06.022403;mvtec_loco_AD/breakfast_box;cont_0pct_random_patch;0.0;random_patch;20;20;20;0;784;189;102;87;0;5;95;0.7403651115618661;0.7885507926544557;0.6626506024096386;0.41379310344827586;0.45977011494252873;;;;;;10.667340755462646
2026-02-17T12:00:21.230452;mvtec_loco_AD/breakfast_box;cont_0pct_mahalanobis_patch;0.0;mahalanobis_patch;20;20;20;0;784;189;102;87;0;5;95;0.7315753887762001;0.7828902783864893;0.651685393258427;0.42528735632183906;0.47126436781609193;;;;;;15.207051277160645
2026-02-17T12:00:21.251346;mvtec_loco_AD/breakfast_box;cont_0pct_oracle_patch;0.0;oracle_patch;20;20;20;0;0;189;102;87;0;5;95;0.7469010592742844;0.7937154722028326;0.6748466257668712;0.42528735632183906;0.47126436781609193;;;;;;0.01989459991455078
2026-02-17T12:00:35.916793;mvtec_loco_AD/breakfast_box;cont_0pct_ensemble_loo_mahal;0.0;ensemble_loo_mahal;20;20;20;0;784;189;102;87;0;5;95;0.7294343024566149;0.7818805403452799;0.6582278481012659;0.41379310344827586;0.4827586206896552;;;;;;14.594355344772339
2026-02-17T12:00:50.365488;mvtec_loco_AD/breakfast_box;cont_0pct_cosine_loo;0.0;cosine_loo;20;20;20;0;784;189;102;87;0;5;95;0.705206220419202;0.7633890985805302;0.6381322957198443;0.4367816091954023;0.47126436781609193;;;;;;14.447695016860962
2026-02-17T12:01:02.276317;mvtec_loco_AD/breakfast_box;cont_10pct_none;0.1;none;20;20;20;2;0;189;102;87;0;5;95;0.7265043948613927;0.7786275265913292;0.6545454545454545;0.40229885057471265;0.4827586206896552;-0.020396664412891674;0.0;;;;11.78390908241272
2026-02-17T12:01:15.541079;mvtec_loco_AD/breakfast_box;cont_10pct_loo_patch;0.1;loo_patch;20;20;20;2;784;189;102;87;0;5;95;0.7322515212981744;0.7844823019010331;0.6711409395973154;0.39080459770114945;0.47126436781609193;-0.014649537976110016;0.28176795580110625;1.0;;;13.26376223564148
2026-02-17T12:01:26.678107;mvtec_loco_AD/breakfast_box;cont_10pct_random_patch;0.1;random_patch;20;20;20;2;784;189;102;87;0;5;95;0.7223349109758845;0.7722321486398478;0.6496815286624203;0.3563218390804598;0.45977011494252873;-0.02456614829839987;-0.20441988950276013;1.0;;;11.135027885437012
2026-02-17T12:01:41.212133;mvtec_loco_AD/breakfast_box;cont_10pct_mahalanobis_patch;0.1;mahalanobis_patch;20;20;20;2;784;189;102;87;0;5;95;0.7272932161370295;0.7783160686136745;0.6756756756756757;0.3448275862068966;0.47126436781609193;-0.019607843137254943;0.038674033149173045;1.0;;;14.531726837158203
2026-02-17T12:01:52.356282;mvtec_loco_AD/breakfast_box;cont_10pct_oracle_patch;0.1;oracle_patch;20;20;18;2;1568;189;102;87;0;5;95;0.7437457741717375;0.7929807808944126;0.6666666666666667;0.42528735632183906;0.47126436781609193;-0.003155285102546923;0.8453038674033079;;;;11.143136024475098
2026-02-17T12:02:07.789440;mvtec_loco_AD/breakfast_box;cont_10pct_ensemble_loo_mahal;0.1;ensemble_loo_mahal;20;20;20;2;784;189;102;87;0;5;95;0.7285327924273157;0.7814377347864968;0.6666666666666667;0.3793103448275862;0.47126436781609193;-0.018368266846968684;0.0994475138121577;1.0;;;15.430885076522827
2026-02-17T12:02:22.638002;mvtec_loco_AD/breakfast_box;cont_10pct_cosine_loo;0.1;cosine_loo;20;20;20;2;784;189;102;87;0;5;95;0.7130944331755691;0.7734593963311429;0.6538461538461539;0.3793103448275862;0.4942528735632184;-0.03380662609871532;-0.6574585635359037;1.0;;;14.846564769744873
2026-02-17T12:03:03.055094;mvtec_loco_AD/breakfast_box;cont_20pct_none;0.2;none;20;20;20;4;0;189;102;87;0;5;95;0.7106152805949966;0.7585505657824974;0.6403162055335969;0.3448275862068966;0.40229885057471265;-0.03628577867928784;0.0;;;;40.2971556186676
2026-02-17T12:04:33.103158;mvtec_loco_AD/breakfast_box;cont_20pct_loo_patch;0.2;loo_patch;20;20;20;4;784;189;102;87;0;5;95;0.7221095334685598;0.7748329596486434;0.6535947712418301;0.39080459770114945;0.45977011494252873;-0.024791525805724635;0.31677018633540305;1.0;;;90.04506492614746
2026-02-17T12:04:44.942413;mvtec_loco_AD/breakfast_box;cont_20pct_random_patch;0.2;random_patch;20;20;20;4;784;189;102;87;0;5;95;0.7029524453459545;0.7536475408611818;0.6377952755905512;0.3448275862068966;0.39080459770114945;-0.04394861392832994;-0.21118012422360102;1.0;;;11.837253332138062
2026-02-17T12:04:59.380892;mvtec_loco_AD/breakfast_box;cont_20pct_mahalanobis_patch;0.2;mahalanobis_patch;20;20;20;4;784;189;102;87;0;5;95;0.7089249492900609;0.7643136851934815;0.6363636363636364;0.3793103448275862;0.4367816091954023;-0.037976109984223516;-0.04658385093167449;1.0;;;14.437476873397827
2026-02-17T12:05:09.703595;mvtec_loco_AD/breakfast_box;cont_20pct_oracle_patch;0.2;oracle_patch;20;20;16;4;3136;189;102;87;0;5;95;0.7320261437908497;0.7795391802134033;0.6587301587301587;0.41379310344827586;0.47126436781609193;-0.01487491548343467;0.5900621118012449;;;;10.321704626083374
2026-02-17T12:05:24.938465;mvtec_loco_AD/breakfast_box;cont_20pct_ensemble_loo_mahal;0.2;ensemble_loo_mahal;20;20;20;4;784;189;102;87;0;5;95;0.7101645255803469;0.764359111353764;0.6459627329192548;0.40229885057471265;0.41379310344827586;-0.03673653369393748;-0.012422360248449999;1.0;;;15.233871698379517
2026-02-17T12:05:39.819299;mvtec_loco_AD/breakfast_box;cont_20pct_cosine_loo;0.2;cosine_loo;20;20;20;4;784;189;102;87;0;5;95;0.6985575839531215;0.7583186402786126;0.6440677966101694;0.3563218390804598;0.4367816091954023;-0.0483434753211629;-0.3322981366459602;1.0;;;14.878837585449219
2026-02-17T12:05:52.190945;mvtec_loco_AD/breakfast_box;cont_30pct_none;0.3;none;20;20;20;6;0;189;102;87;0;5;95;0.7181654270903763;0.7611400015373035;0.6476190476190476;0.3448275862068966;0.39080459770114945;-0.028735632183908066;0.0;;;;12.3408944606781
2026-02-17T12:06:06.114314;mvtec_loco_AD/breakfast_box;cont_30pct_loo_patch;0.3;loo_patch;20;20;20;6;784;189;102;87;0;5;95;0.7150101419878296;0.7577674393262105;0.6547085201793722;0.367816091954023;0.39080459770114945;-0.03189091728645477;-0.10980392156862512;1.0;;;13.921371459960938
2026-02-17T12:06:17.919940;mvtec_loco_AD/breakfast_box;cont_30pct_random_patch;0.3;random_patch;20;20;20;6;784;189;102;87;0;5;95;0.7154608970024791;0.761094521859697;0.6534653465346535;0.3563218390804598;0.39080459770114945;-0.03144016227180535;-0.09411764705882539;1.0;;;11.803621530532837
2026-02-17T12:06:32.454516;mvtec_loco_AD/breakfast_box;cont_30pct_mahalanobis_patch;0.3;mahalanobis_patch;20;20;20;6;784;189;102;87;0;5;95;0.7116294793779581;0.7551921967940102;0.6509433962264152;0.367816091954023;0.3793103448275862;-0.035271579896326344;-0.2274509803921559;1.0;;;14.532575130462646
2026-02-17T12:06:41.320081;mvtec_loco_AD/breakfast_box;cont_30pct_oracle_patch;0.3;oracle_patch;20;20;14;6;4704;189;102;87;0;5;95;0.7404778003155285;0.7869096718767215;0.6666666666666667;0.40229885057471265;0.45977011494252873;-0.006423258958755951;0.776470588235293;;;;8.865565061569214
2026-02-17T12:06:55.134858;mvtec_loco_AD/breakfast_box;cont_30pct_ensemble_loo_mahal;0.3;ensemble_loo_mahal;20;20;20;6;784;189;102;87;0;5;95;0.7094883930583727;0.753598966326809;0.6534653465346535;0.367816091954023;0.39080459770114945;-0.03741266621591166;-0.30196078431372486;1.0;;;13.812772274017334
2026-02-17T12:07:09.665454;mvtec_loco_AD/breakfast_box;cont_30pct_cosine_loo;0.3;cosine_loo;20;20;20;6;784;189;102;87;0;5;95;0.6930358350236646;0.7407639115276392;0.6399999999999999;0.3333333333333333;0.39080459770114945;-0.05386522425061979;-0.8745098039215674;1.0;;;14.529595851898193
2026-02-17T12:07:16.190225;mvtec_loco_AD/breakfast_box;cont_0pct_none;0.0;none;10;10;10;0;0;189;102;87;1;5;95;0.7422808203741267;0.7915465142648586;0.6775956284153006;0.42528735632183906;0.4942528735632184;;;;;;6.207676410675049
2026-02-17T12:07:22.175964;mvtec_loco_AD/breakfast_box;cont_0pct_loo_patch;0.0;loo_patch;10;10;10;0;392;189;102;87;1;5;95;0.7230110434978589;0.7740632488260044;0.6666666666666667;0.4367816091954023;0.4482758620689655;;;;;;5.98473596572876
2026-02-17T12:07:27.818391;mvtec_loco_AD/breakfast_box;cont_0pct_random_patch;0.0;random_patch;10;10;10;0;392;189;102;87;1;5;95;0.7387874690105928;0.7891927931729941;0.6634615384615384;0.4367816091954023;0.45977011494252873;;;;;;5.642427682876587
2026-02-17T12:07:34.826124;mvtec_loco_AD/breakfast_box;cont_0pct_mahalanobis_patch;0.0;mahalanobis_patch;10;10;10;0;392;189;102;87;1;5;95;0.7355194951543835;0.7859415602124402;0.6756756756756757;0.41379310344827586;0.4482758620689655;;;;;;7.006251573562622
2026-02-17T12:07:34.839618;mvtec_loco_AD/breakfast_box;cont_0pct_oracle_patch;0.0;oracle_patch;10;10;10;0;0;189;102;87;1;5;95;0.7422808203741267;0.7915465142648586;0.6775956284153006;0.42528735632183906;0.4942528735632184;;;;;;0.01249551773071289
2026-02-17T12:07:41.908206;mvtec_loco_AD/breakfast_box;cont_0pct_ensemble_loo_mahal;0.0;ensemble_loo_mahal;10;10;10;0;392;189;102;87;1;5;95;0.7330403425738111;0.7825411979657032;0.6577181208053691;0.4482758620689655;0.47126436781609193;;;;;;7.048600673675537
2026-02-17T12:07:48.108774;mvtec_loco_AD/breakfast_box;cont_0pct_cosine_loo;0.0;cosine_loo;10;10;10;0;392;189;102;87;1;5;95;0.7115167906242957;0.7694577975161194;0.6624203821656051;0.3793103448275862;0.45977011494252873;;;;;;6.199567794799805
2026-02-17T12:07:54.049257;mvtec_loco_AD/breakfast_box;cont_10pct_none;0.1;none;10;10;10;1;0;189;102;87;1;5;95;0.733265720081136;0.7787105644980294;0.6571428571428573;0.40229885057471265;0.42528735632183906;-0.009015100292990685;0.0;;;;5.930480718612671
2026-02-17T12:08:00.076709;mvtec_loco_AD/breakfast_box;cont_10pct_loo_patch;0.1;loo_patch;10;10;10;1;392;189;102;87;1;5;95;0.7284201036736533;0.781375374751278;0.6567164179104478;0.4367816091954023;0.4942528735632184;-0.013860716700473397;-0.5375000000000242;0.8888888888888888;;;6.026451826095581
2026-02-17T12:08:05.418856;mvtec_loco_AD/breakfast_box;cont_10pct_random_patch;0.1;random_patch;10;10;10;1;392;189;102;87;1;5;95;0.74149199909849;0.7833017603564593;0.673076923076923;0.40229885057471265;0.42528735632183906;-0.0007888212756367308;0.9124999999999949;0.8888888888888888;;;5.34014892578125
2026-02-17T12:08:12.233368;mvtec_loco_AD/breakfast_box;cont_10pct_mahalanobis_patch;0.1;mahalanobis_patch;10;10;10;1;392;189;102;87;1;5;95;0.7342799188640974;0.7807606390667224;0.6631578947368421;0.40229885057471265;0.45977011494252873;-0.008000901510029301;0.11249999999999245;0.8888888888888888;;;6.812512397766113
2026-02-17T12:08:17.169206;mvtec_loco_AD/breakfast_box;cont_10pct_oracle_patch;0.1;oracle_patch;10;10;9;1;784;189;102;87;1;5;95;0.7345052963714223;0.7839969202721941;0.6699029126213591;0.4367816091954023;0.4367816091954023;-0.007775524002704426;0.13750000000000445;;;;4.93483829498291
2026-02-17T12:08:23.776816;mvtec_loco_AD/breakfast_box;cont_10pct_ensemble_loo_mahal;0.1;ensemble_loo_mahal;10;10;10;1;392;189;102;87;1;5;95;0.7281947261663285;0.780654328236625;0.6533333333333333;0.4367816091954023;0.45977011494252873;-0.014086094207798161;-0.5625000000000239;0.8888888888888888;;;6.6056108474731445
2026-02-17T12:08:29.704510;mvtec_loco_AD/breakfast_box;cont_10pct_cosine_loo;0.1;cosine_loo;10;10;10;1;392;189;102;87;1;5;95;0.7157989632634664;0.7738787024826081;0.6538461538461539;0.39080459770114945;0.4827586206896552;-0.026481857110660312;-1.9375000000000193;0.8888888888888888;;;5.925691843032837
2026-02-17T12:08:35.373801;mvtec_loco_AD/breakfast_box;cont_20pct_none;0.2;none;10;10;10;2;0;189;102;87;1;5;95;0.7392382240252422;0.7837941627581251;0.6926829268292682;0.41379310344827586;0.4482758620689655;-0.0030425963488844854;0.0;;;;5.656294107437134
2026-02-17T12:08:41.201977;mvtec_loco_AD/breakfast_box;cont_20pct_loo_patch;0.2;loo_patch;10;10;10;2;392;189;102;87;1;5;95;0.7307865675005635;0.7839808788471042;0.6567164179104478;0.4367816091954023;0.45977011494252873;-0.011494252873563204;-2.777777777777644;0.9375;;;5.825672388076782
2026-02-17T12:08:46.489498;mvtec_loco_AD/breakfast_box;cont_20pct_random_patch;0.2;random_patch;10;10;10;2;392;189;102;87;1;5;95;0.7320261437908497;0.7772759142312583;0.676056338028169;0.41379310344827586;0.4482758620689655;-0.010254676583276945;-2.3703703703702406;0.9375;;;5.285513162612915
2026-02-17T12:08:53.231092;mvtec_loco_AD/breakfast_box;cont_20pct_mahalanobis_patch;0.2;mahalanobis_patch;10;10;10;2;392;189;102;87;1;5;95;0.7364210051836826;0.7806887862897841;0.6577777777777778;0.39080459770114945;0.4482758620689655;-0.005859815190444095;-0.9259259259258935;0.9375;;;6.740594148635864
2026-02-17T12:08:57.740333;mvtec_loco_AD/breakfast_box;cont_20pct_oracle_patch;0.2;oracle_patch;10;10;8;2;1568;189;102;87;1;5;95;0.7322515212981744;0.7837083417490641;0.6699507389162561;0.42528735632183906;0.47126436781609193;-0.010029299075952292;-2.296296296296207;;;;4.5082409381866455
2026-02-17T12:09:05.411233;mvtec_loco_AD/breakfast_box;cont_20pct_ensemble_loo_mahal;0.2;ensemble_loo_mahal;10;10;10;2;392;189;102;87;1;5;95;0.7405904890691909;0.7856903169346037;0.6666666666666667;0.40229885057471265;0.4367816091954023;-0.0016903313049357882;0.44444444444445663;0.9375;;;7.6688995361328125
2026-02-17T12:09:11.903422;mvtec_loco_AD/breakfast_box;cont_20pct_cosine_loo;0.2;cosine_loo;10;10;10;2;392;189;102;87;1;5;95;0.7183908045977012;0.778178339142669;0.6577181208053691;0.42528735632183906;0.45977011494252873;-0.023890015776425466;-6.851851851851568;0.9375;;;6.490185022354126
2026-02-17T12:09:18.013106;mvtec_loco_AD/breakfast_box;cont_30pct_none;0.3;none;10;10;10;3;0;189;102;87;1;5;95;0.6835699797160244;0.7335466025892381;0.6395939086294417;0.3563218390804598;0.39080459770114945;-0.05871084065810228;0.0;;;;6.093202352523804
2026-02-17T12:09:24.294897;mvtec_loco_AD/breakfast_box;cont_30pct_loo_patch;0.3;loo_patch;10;10;10;3;392;189;102;87;1;5;95;0.7364210051836826;0.7848582177010694;0.6573426573426573;0.41379310344827586;0.4827586206896552;-0.005859815190444095;0.9001919385796527;0.9523809523809524;;;6.279793739318848
2026-02-17T12:09:30.140173;mvtec_loco_AD/breakfast_box;cont_30pct_random_patch;0.3;random_patch;10;10;10;3;392;189;102;87;1;5;95;0.6754563894523328;0.7261668241684598;0.6376811594202898;0.3333333333333333;0.367816091954023;-0.06682443092179391;-0.13819577735124675;0.9523809523809524;;;5.843275547027588
2026-02-17T12:09:37.325367;mvtec_loco_AD/breakfast_box;cont_30pct_mahalanobis_patch;0.3;mahalanobis_patch;10;10;10;3;392;189;102;87;1;5;95;0.6764705882352939;0.7282961761111906;0.6337448559670782;0.3333333333333333;0.3793103448275862;-0.06581023213883275;-0.12092130518234587;0.9523809523809524;;;7.1831955909729
2026-02-17T12:09:41.531177;mvtec_loco_AD/breakfast_box;cont_30pct_oracle_patch;0.3;oracle_patch;10;10;7;3;2352;189;102;87;1;5;95;0.7369844489519947;0.787082086028623;0.663594470046083;0.4367816091954023;0.5057471264367817;-0.005296371422132018;0.9097888675623809;;;;4.2048070430755615
2026-02-17T12:09:49.017044;mvtec_loco_AD/breakfast_box;cont_30pct_ensemble_loo_mahal;0.3;ensemble_loo_mahal;10;10;10;3;392;189;102;87;1;5;95;0.7099391480730224;0.7539489741450526;0.6467661691542289;0.3333333333333333;0.39080459770114945;-0.032341672301104296;0.44913627639155523;0.9523809523809524;;;7.483747959136963
2026-02-17T12:09:55.560598;mvtec_loco_AD/breakfast_box;cont_30pct_cosine_loo;0.3;cosine_loo;10;10;10;3;392;189;102;87;1;5;95;0.7408158665765157;0.7900742154596198;0.6666666666666666;0.4367816091954023;0.5057471264367817;-0.0014649537976110238;0.9750479846449132;0.9523809523809524;;;6.5415544509887695
2026-02-17T12:10:08.094613;mvtec_loco_AD/breakfast_box;cont_0pct_none;0.0;none;20;20;20;0;0;189;102;87;1;5;95;0.7481406355645707;0.7943506694888922;0.6781609195402298;0.39080459770114945;0.4827586206896552;;;;;;12.205973386764526
2026-02-17T12:10:21.193674;mvtec_loco_AD/breakfast_box;cont_0pct_loo_patch;0.0;loo_patch;20;20;20;0;784;189;102;87;1;5;95;0.7375478927203065;0.7891991601622129;0.6708074534161491;0.4482758620689655;0.47126436781609193;;;;;;13.098060607910156
2026-02-17T12:10:32.888351;mvtec_loco_AD/breakfast_box;cont_0pct_random_patch;0.0;random_patch;20;20;20;0;784;189;102;87;1;5;95;0.7494929006085193;0.7977303284159225;0.6805555555555556;0.42528735632183906;0.4942528735632184;;;;;;11.693675994873047
2026-02-17T12:10:46.823077;mvtec_loco_AD/breakfast_box;cont_0pct_mahalanobis_patch;0.0;mahalanobis_patch;20;20;20;0;784;189;102;87;1;5;95;0.7430696416497633;0.7921058846304734;0.6751592356687899;0.42528735632183906;0.4942528735632184;;;;;;13.933725595474243
2026-02-17T12:10:46.844759;mvtec_loco_AD/breakfast_box;cont_0pct_oracle_patch;0.0;oracle_patch;20;20;20;0;0;189;102;87;1;5;95;0.7481406355645707;0.7943506694888922;0.6781609195402298;0.39080459770114945;0.4827586206896552;;;;;;0.02068305015563965
2026-02-17T12:11:00.509463;mvtec_loco_AD/breakfast_box;cont_0pct_ensemble_loo_mahal;0.0;ensemble_loo_mahal;20;20;20;0;784;189;102;87;1;5;95;0.745323416723011;0.7933740254035946;0.6913580246913581;0.41379310344827586;0.47126436781609193;;;;;;13.663701295852661
2026-02-17T12:11:14.554725;mvtec_loco_AD/breakfast_box;cont_0pct_cosine_loo;0.0;cosine_loo;20;20;20;0;784;189;102;87;1;5;95;0.7221095334685599;0.7725696175550876;0.6622516556291391;0.3448275862068966;0.4482758620689655;;;;;;14.044261932373047
2026-02-17T12:11:26.633536;mvtec_loco_AD/breakfast_box;cont_10pct_none;0.1;none;20;20;20;2;0;189;102;87;1;5;95;0.750056344376831;0.7941487666977706;0.6702127659574468;0.40229885057471265;0.4942528735632184;0.0019157088122603305;-0.0;;;;12.058751821517944
2026-02-17T12:11:39.360983;mvtec_loco_AD/breakfast_box;cont_10pct_loo_patch;0.1;loo_patch;20;20;20;2;784;189;102;87;1;5;95;0.7387874690105927;0.7850228776750098;0.6712328767123288;0.3563218390804598;0.45977011494252873;-0.009353166553977998;5.88235294117704;0.9166666666666666;;;12.725446939468384
2026-02-17T12:11:50.070186;mvtec_loco_AD/breakfast_box;cont_10pct_random_patch;0.1;random_patch;20;20;20;2;784;189;102;87;1;5;95;0.7505070993914807;0.7925651849376145;0.6823529411764706;0.40229885057471265;0.4942528735632184;0.0023664638269100813;-0.23529411764719518;0.9166666666666666;;;10.706865072250366
2026-02-17T12:12:02.767196;mvtec_loco_AD/breakfast_box;cont_10pct_mahalanobis_patch;0.1;mahalanobis_patch;20;20;20;2;784;189;102;87;1;5;95;0.7498309668695065;0.7962701561810429;0.6832298136645962;0.42528735632183906;0.47126436781609193;0.0016903313049357882;0.11764705882342373;0.9166666666666666;;;12.69601058959961
2026-02-17T12:12:12.855778;mvtec_loco_AD/breakfast_box;cont_10pct_oracle_patch;0.1;oracle_patch;20;20;18;2;1568;189;102;87;1;5;95;0.7436330854180752;0.7920823778816108;0.6712328767123288;0.40229885057471265;0.4942528735632184;-0.004507550146495509;3.3529411764709085;;;;10.086583375930786
2026-02-17T12:12:25.437778;mvtec_loco_AD/breakfast_box;cont_10pct_ensemble_loo_mahal;0.1;ensemble_loo_mahal;20;20;20;2;784;189;102;87;1;5;95;0.7395762902862295;0.7883095362626613;0.6748466257668712;0.42528735632183906;0.45977011494252873;-0.008564345278341157;5.4705882352945645;0.9166666666666666;;;12.580873966217041
2026-02-17T12:12:38.283553;mvtec_loco_AD/breakfast_box;cont_10pct_cosine_loo;0.1;cosine_loo;20;20;20;2;784;189;102;87;1;5;95;0.7203065134099617;0.7705158099149442;0.6709677419354838;0.3333333333333333;0.45977011494252873;-0.02783412215460901;15.529411764707465;0.9166666666666666;;;12.843759536743164
2026-02-17T12:12:49.737346;mvtec_loco_AD/breakfast_box;cont_20pct_none;0.2;none;20;20;20;4;0;189;102;87;1;5;95;0.6997971602434077;0.7431795266067244;0.6439393939393939;0.3103448275862069;0.3793103448275862;-0.04834347532116301;0.0;;;;11.430791854858398
2026-02-17T12:13:02.558037;mvtec_loco_AD/breakfast_box;cont_20pct_loo_patch;0.2;loo_patch;20;20;20;4;784;189;102;87;1;5;95;0.7381113364886185;0.7826097643509602;0.6589595375722542;0.42528735632183906;0.45977011494252873;-0.01002929907595218;0.7925407925407936;0.921875;;;12.81869101524353
2026-02-17T12:13:13.363840;mvtec_loco_AD/breakfast_box;cont_20pct_random_patch;0.2;random_patch;20;20;20;4;784;189;102;87;1;5;95;0.699571782736083;0.7448066309446467;0.6446280991735537;0.3218390804597701;0.39080459770114945;-0.04856885282848766;-0.004662004662002264;0.921875;;;10.803793668746948
2026-02-17T12:13:26.185728;mvtec_loco_AD/breakfast_box;cont_20pct_mahalanobis_patch;0.2;mahalanobis_patch;20;20;20;4;784;189;102;87;1;5;95;0.7178837052062204;0.7598503973087156;0.6629834254143647;0.3103448275862069;0.4367816091954023;-0.03025693035835031;0.37412587412587345;0.921875;;;12.819888353347778
2026-02-17T12:13:36.080442;mvtec_loco_AD/breakfast_box;cont_20pct_oracle_patch;0.2;oracle_patch;20;20;16;4;3136;189;102;87;1;5;95;0.7382240252422808;0.7867649192882187;0.6805555555555556;0.3563218390804598;0.4827586206896552;-0.009916610322289854;0.7948717948717947;;;;9.893713474273682
2026-02-17T12:13:50.737341;mvtec_loco_AD/breakfast_box;cont_20pct_ensemble_loo_mahal;0.2;ensemble_loo_mahal;20;20;20;4;784;189;102;87;1;5;95;0.7410412440838403;0.7786229618504452;0.6736842105263158;0.3218390804597701;0.4367816091954023;-0.007099391480730355;0.8531468531468506;0.921875;;;14.654899597167969
2026-02-17T12:14:05.350896;mvtec_loco_AD/breakfast_box;cont_20pct_cosine_loo;0.2;cosine_loo;20;20;20;4;784;189;102;87;1;5;95;0.7167004732927653;0.7579812533834331;0.6545454545454545;0.3218390804597701;0.42528735632183906;-0.03144016227180535;0.3496503496503489;0.921875;;;14.610552549362183
2026-02-17T12:14:17.759819;mvtec_loco_AD/breakfast_box;cont_30pct_none;0.3;none;20;20;20;6;0;189;102;87;1;5;95;0.702839756592292;0.7504378587975092;0.6439393939393939;0.3103448275862069;0.42528735632183906;-0.045300878972278635;0.0;;;;12.376418113708496
2026-02-17T12:14:31.527721;mvtec_loco_AD/breakfast_box;cont_30pct_loo_patch;0.3;loo_patch;20;20;20;6;784;189;102;87;1;5;95;0.737097137705657;0.7808509634711076;0.6589595375722542;0.367816091954023;0.4827586206896552;-0.011043497858913676;0.7562189054726373;0.9166666666666667;;;13.7659010887146
2026-02-17T12:14:42.956856;mvtec_loco_AD/breakfast_box;cont_30pct_random_patch;0.3;random_patch;20;20;20;6;784;189;102;87;1;5;95;0.698106828938472;0.7477116400263587;0.6439393939393939;0.3218390804597701;0.40229885057471265;-0.05003380662609869;-0.1044776119402962;0.9166666666666667;;;11.428084373474121
2026-02-17T12:14:56.079114;mvtec_loco_AD/breakfast_box;cont_30pct_mahalanobis_patch;0.3;mahalanobis_patch;20;20;20;6;784;189;102;87;1;5;95;0.7216587784539102;0.7615577703993297;0.6628571428571428;0.2988505747126437;0.42528735632183906;-0.026481857110660423;0.41542288557213874;0.9166666666666667;;;13.120249271392822
2026-02-17T12:15:04.405866;mvtec_loco_AD/breakfast_box;cont_30pct_oracle_patch;0.3;oracle_patch;20;20;14;6;4704;189;102;87;1;5;95;0.7351814288933964;0.7848618479643104;0.6666666666666666;0.3793103448275862;0.47126436781609193;-0.012959206671174228;0.7139303482587066;;;;8.325753211975098
2026-02-17T12:15:16.961888;mvtec_loco_AD/breakfast_box;cont_30pct_ensemble_loo_mahal;0.3;ensemble_loo_mahal;20;20;20;6;784;189;102;87;1;5;95;0.733265720081136;0.7758039691553562;0.6560846560846562;0.3448275862068966;0.4482758620689655;-0.01487491548343467;0.6716417910447785;0.9166666666666667;;;12.555022954940796
2026-02-17T12:15:30.156519;mvtec_loco_AD/breakfast_box;cont_30pct_cosine_loo;0.3;cosine_loo;20;20;20;6;784;189;102;87;1;5;95;0.7212080234392606;0.7721281949746368;0.6508875739644969;0.3563218390804598;0.45977011494252873;-0.026932612125310063;0.4054726368159176;0.9166666666666667;;;13.193631410598755
2026-02-17T12:15:36.173495;mvtec_loco_AD/breakfast_box;cont_0pct_none;0.0;none;10;10;10;0;0;189;102;87;2;5;95;0.7914131169709263;0.8332362632043181;0.7209302325581395;0.5057471264367817;0.5402298850574713;;;;;;5.720391035079956
2026-02-17T12:15:42.187442;mvtec_loco_AD/breakfast_box;cont_0pct_loo_patch;0.0;loo_patch;10;10;10;0;392;189;102;87;2;5;95;0.791638494478251;0.8322070379670407;0.7134502923976608;0.5287356321839081;0.5402298850574713;;;;;;6.012903451919556
2026-02-17T12:15:47.669312;mvtec_loco_AD/breakfast_box;cont_0pct_random_patch;0.0;random_patch;10;10;10;0;392;189;102;87;2;5;95;0.803020058598152;0.8388220537074998;0.7272727272727273;0.5057471264367817;0.5402298850574713;;;;;;5.48086953163147
2026-02-17T12:15:54.506976;mvtec_loco_AD/breakfast_box;cont_0pct_mahalanobis_patch;0.0;mahalanobis_patch;10;10;10;0;392;189;102;87;2;5;95;0.7943430245661482;0.8312055764988977;0.7093023255813954;0.5057471264367817;0.5287356321839081;;;;;;6.837664365768433
2026-02-17T12:15:54.519665;mvtec_loco_AD/breakfast_box;cont_0pct_oracle_patch;0.0;oracle_patch;10;10;10;0;0;189;102;87;2;5;95;0.7914131169709263;0.8332362632043181;0.7209302325581395;0.5057471264367817;0.5402298850574713;;;;;;0.011643648147583008
2026-02-17T12:16:01.786455;mvtec_loco_AD/breakfast_box;cont_0pct_ensemble_loo_mahal;0.0;ensemble_loo_mahal;10;10;10;0;392;189;102;87;2;5;95;0.7860040567951319;0.8265254889674492;0.6986301369863013;0.4942528735632184;0.5402298850574713;;;;;;7.265776634216309
2026-02-17T12:16:08.452420;mvtec_loco_AD/breakfast_box;cont_0pct_cosine_loo;0.0;cosine_loo;10;10;10;0;392;189;102;87;2;5;95;0.7772143340094657;0.8170913715068435;0.6984126984126984;0.39080459770114945;0.5172413793103449;;;;;;6.665457487106323
2026-02-17T12:16:14.600201;mvtec_loco_AD/breakfast_box;cont_10pct_none;0.1;none;10;10;10;1;0;189;102;87;2;5;95;0.7839756592292089;0.8236888343534527;0.7113402061855669;0.4482758620689655;0.5172413793103449;-0.007437457741717446;0.0;;;;6.1387810707092285
2026-02-17T12:16:21.324944;mvtec_loco_AD/breakfast_box;cont_10pct_loo_patch;0.1;loo_patch;10;10;10;1;392;189;102;87;2;5;95;0.782848771692585;0.8205913722369557;0.7096774193548386;0.45977011494252873;0.5057471264367817;-0.008564345278341268;-0.151515151515147;1.0;;;6.6258931159973145
2026-02-17T12:16:27.027078;mvtec_loco_AD/breakfast_box;cont_10pct_random_patch;0.1;random_patch;10;10;10;1;392;189;102;87;2;5;95;0.7861167455487943;0.8225436219922466;0.7142857142857142;0.45977011494252873;0.5172413793103449;-0.005296371422132018;0.28787878787880167;1.0;;;5.700122356414795
2026-02-17T12:16:34.335308;mvtec_loco_AD/breakfast_box;cont_10pct_mahalanobis_patch;0.1;mahalanobis_patch;10;10;10;1;392;189;102;87;2;5;95;0.7826233941852603;0.8181653569143406;0.7120418848167539;0.4482758620689655;0.5057471264367817;-0.008789722785666032;-0.18181818181817638;1.0;;;7.306229829788208
2026-02-17T12:16:39.797681;mvtec_loco_AD/breakfast_box;cont_10pct_oracle_patch;0.1;oracle_patch;10;10;9;1;784;189;102;87;2;5;95;0.7925400045075501;0.8285011250847674;0.713375796178344;0.4482758620689655;0.5287356321839081;0.0011268875366238218;1.151515151515147;;;;5.462372541427612
2026-02-17T12:16:47.490780;mvtec_loco_AD/breakfast_box;cont_10pct_ensemble_loo_mahal;0.1;ensemble_loo_mahal;10;10;10;1;392;189;102;87;2;5;95;0.7778904665314401;0.8175021662192996;0.7085714285714286;0.45977011494252873;0.5057471264367817;-0.013522650439486195;-0.8181818181818087;1.0;;;7.691096067428589
2026-02-17T12:17:06.095327;mvtec_loco_AD/breakfast_box;cont_10pct_cosine_loo;0.1;cosine_loo;10;10;10;1;392;189;102;87;2;5;95;0.7787919765607393;0.8176710224676362;0.6984126984126984;0.45977011494252873;0.5287356321839081;-0.012621140410187026;-0.6969696969696761;1.0;;;18.6024911403656
2026-02-17T12:17:26.164117;mvtec_loco_AD/breakfast_box;cont_20pct_none;0.2;none;10;10;10;2;0;189;102;87;2;5;95;0.779017354068064;0.8151970111517446;0.7111111111111111;0.41379310344827586;0.4942528735632184;-0.012395762902862262;0.0;;;;20.05600881576538
2026-02-17T12:17:34.008797;mvtec_loco_AD/breakfast_box;cont_20pct_loo_patch;0.2;loo_patch;10;10;10;2;392;189;102;87;2;5;95;0.776650890241154;0.812132311944457;0.7039106145251397;0.4482758620689655;0.4942528735632184;-0.014762226729772343;-0.19090909090909197;0.8125;;;7.842403411865234
2026-02-17T12:17:41.488355;mvtec_loco_AD/breakfast_box;cont_20pct_random_patch;0.2;random_patch;10;10;10;2;392;189;102;87;2;5;95;0.7844264142438584;0.8200176898539542;0.7111111111111111;0.42528735632183906;0.4942528735632184;-0.006986702727067917;0.43636363636362857;0.8125;;;7.417373418807983
2026-02-17T12:17:49.326043;mvtec_loco_AD/breakfast_box;cont_20pct_mahalanobis_patch;0.2;mahalanobis_patch;10;10;10;2;392;189;102;87;2;5;95;0.7784539102997521;0.8139982832642684;0.7150837988826816;0.45977011494252873;0.5057471264367817;-0.012959206671174228;-0.04545454545454912;0.8125;;;7.8356852531433105
2026-02-17T12:17:55.150263;mvtec_loco_AD/breakfast_box;cont_20pct_oracle_patch;0.2;oracle_patch;10;10;8;2;1568;189;102;87;2;5;95;0.7946810908271355;0.8296474203869175;0.7135135135135136;0.4482758620689655;0.5402298850574713;0.0032679738562091387;1.2636363636363634;;;;5.823221683502197
2026-02-17T12:18:04.167797;mvtec_loco_AD/breakfast_box;cont_20pct_ensemble_loo_mahal;0.2;ensemble_loo_mahal;10;10;10;2;392;189;102;87;2;5;95;0.7772143340094659;0.8112664438880237;0.7135135135135136;0.4482758620689655;0.4942528735632184;-0.014198782961460377;-0.14545454545454284;0.8125;;;9.014528751373291
2026-02-17T12:18:11.660463;mvtec_loco_AD/breakfast_box;cont_20pct_cosine_loo;0.2;cosine_loo;10;10;10;2;392;189;102;87;2;5;95;0.7616632860040567;0.7999044296946693;0.6923076923076923;0.42528735632183906;0.45977011494252873;-0.02974983096686956;-1.4000000000000108;0.8125;;;7.491652727127075
2026-02-17T12:18:18.035019;mvtec_loco_AD/breakfast_box;cont_30pct_none;0.3;none;10;10;10;3;0;189;102;87;2;5;95;0.7703403200360605;0.8143518798738268;0.7019867549668874;0.4367816091954023;0.5172413793103449;-0.021072796934865856;0.0;;;;6.360375165939331
2026-02-17T12:18:24.144899;mvtec_loco_AD/breakfast_box;cont_30pct_loo_patch;0.3;loo_patch;10;10;10;3;392;189;102;87;2;5;95;0.7650439486139283;0.8076463465924363;0.6961325966850829;0.4482758620689655;0.4827586206896552;-0.026369168356997985;-0.2513368983957252;0.8571428571428572;;;6.1078832149505615
2026-02-17T12:18:30.279141;mvtec_loco_AD/breakfast_box;cont_30pct_random_patch;0.3;random_patch;10;10;10;3;392;189;102;87;2;5;95;0.7782285327924273;0.8209395791471724;0.7039106145251397;0.4482758620689655;0.5287356321839081;-0.013184584178498993;0.3743315508021374;0.8571428571428572;;;6.042571306228638
2026-02-17T12:18:37.475691;mvtec_loco_AD/breakfast_box;cont_30pct_mahalanobis_patch;0.3;mahalanobis_patch;10;10;10;3;392;189;102;87;2;5;95;0.7670723461798513;0.810140921778971;0.7;0.47126436781609193;0.5057471264367817;-0.024340770791074995;-0.1550802139037431;0.8571428571428572;;;7.194281816482544
2026-02-17T12:18:41.637168;mvtec_loco_AD/breakfast_box;cont_30pct_oracle_patch;0.3;oracle_patch;10;10;7;3;2352;189;102;87;2;5;95;0.796033355871084;0.8362503393049148;0.7272727272727273;0.4942528735632184;0.5517241379310345;0.004620238900157725;1.2192513368983944;;;;4.160349130630493
2026-02-17T12:18:49.422341;mvtec_loco_AD/breakfast_box;cont_30pct_ensemble_loo_mahal;0.3;ensemble_loo_mahal;10;10;10;3;392;189;102;87;2;5;95;0.7624521072796935;0.8032190335420514;0.6931818181818182;0.4367816091954023;0.4827586206896552;-0.02896100969123283;-0.3743315508021427;0.8571428571428572;;;7.691464900970459
2026-02-17T12:18:55.825466;mvtec_loco_AD/breakfast_box;cont_30pct_cosine_loo;0.3;cosine_loo;10;10;10;3;392;189;102;87;2;5;95;0.7686499887311246;0.8073465028462992;0.6994535519125683;0.3793103448275862;0.4827586206896552;-0.022763128239801755;-0.08021390374332193;0.8571428571428572;;;6.402125597000122
2026-02-17T12:19:08.277401;mvtec_loco_AD/breakfast_box;cont_0pct_none;0.0;none;20;20;20;0;0;189;102;87;2;5;95;0.7882578318683795;0.8285773163348362;0.725;0.4482758620689655;0.5632183908045977;;;;;;12.166692972183228
2026-02-17T12:19:22.323165;mvtec_loco_AD/breakfast_box;cont_0pct_loo_patch;0.0;loo_patch;20;20;20;0;784;189;102;87;2;5;95;0.7792427315753887;0.8132413984896376;0.7251461988304094;0.42528735632183906;0.4367816091954023;;;;;;14.044764041900635
2026-02-17T12:19:34.344647;mvtec_loco_AD/breakfast_box;cont_0pct_random_patch;0.0;random_patch;20;20;20;0;784;189;102;87;2;5;95;0.7914131169709263;0.8343956966596866;0.7261904761904762;0.4827586206896552;0.5862068965517241;;;;;;12.021482229232788
2026-02-17T12:20:12.808516;mvtec_loco_AD/breakfast_box;cont_0pct_mahalanobis_patch;0.0;mahalanobis_patch;20;20;20;0;784;189;102;87;2;5;95;0.7964841108857337;0.8314081673308611;0.7218934911242605;0.4482758620689655;0.5287356321839081;;;;;;38.46386933326721
2026-02-17T12:20:12.829036;mvtec_loco_AD/breakfast_box;cont_0pct_oracle_patch;0.0;oracle_patch;20;20;20;0;0;189;102;87;2;5;95;0.7882578318683795;0.8285773163348362;0.725;0.4482758620689655;0.5632183908045977;;;;;;0.019515514373779297
2026-02-17T12:20:26.299272;mvtec_loco_AD/breakfast_box;cont_0pct_ensemble_loo_mahal;0.0;ensemble_loo_mahal;20;20;20;0;784;189;102;87;2;5;95;0.7911877394636017;0.82389570346608;0.7127659574468086;0.42528735632183906;0.5057471264367817;;;;;;13.437236309051514
2026-02-17T12:21:33.358269;mvtec_loco_AD/breakfast_box;cont_0pct_cosine_loo;0.0;cosine_loo;20;20;20;0;784;189;102;87;2;5;95;0.7640297498309669;0.8076031407748282;0.7125;0.39080459770114945;0.4942528735632184;;;;;;67.05799722671509
2026-02-17T12:22:31.799775;mvtec_loco_AD/breakfast_box;cont_10pct_none;0.1;none;20;20;20;2;0;189;102;87;2;5;95;0.7737209826459319;0.8129803847396404;0.7039106145251397;0.4367816091954023;0.4827586206896552;-0.014536849222447579;0.0;;;;58.407612323760986
2026-02-17T12:23:32.563283;mvtec_loco_AD/breakfast_box;cont_10pct_loo_patch;0.1;loo_patch;20;20;20;2;784;189;102;87;2;5;95;0.764931259860266;0.800351444860946;0.7;0.39080459770114945;0.42528735632183906;-0.0233265720081135;-0.6046511627906938;1.0;;;60.76050877571106
2026-02-17T12:24:25.188108;mvtec_loco_AD/breakfast_box;cont_10pct_random_patch;0.1;random_patch;20;20;20;2;784;189;102;87;2;5;95;0.775185936443543;0.8158743111329665;0.7096774193548386;0.41379310344827586;0.4942528735632184;-0.013071895424836444;0.10077519379845915;1.0;;;52.61982703208923
2026-02-17T12:26:18.224706;mvtec_loco_AD/breakfast_box;cont_10pct_mahalanobis_patch;0.1;mahalanobis_patch;20;20;20;2;784;189;102;87;2;5;95;0.7762001352265044;0.813408525239896;0.7134502923976608;0.4367816091954023;0.4827586206896552;-0.01205769664187506;0.1705426356589191;1.0;;;113.03259229660034
2026-02-17T12:27:07.884184;mvtec_loco_AD/breakfast_box;cont_10pct_oracle_patch;0.1;oracle_patch;20;20;18;2;1568;189;102;87;2;5;95;0.7913004282172639;0.8268716816394239;0.7127659574468086;0.47126436781609193;0.5057471264367817;0.0030425963488843744;1.2093023255813953;;;;49.65837216377258
2026-02-17T12:27:38.116882;mvtec_loco_AD/breakfast_box;cont_10pct_ensemble_loo_mahal;0.1;ensemble_loo_mahal;20;20;20;2;784;189;102;87;2;5;95;0.7729321613702953;0.8100507727742065;0.6993865030674846;0.42528735632183906;0.47126436781609193;-0.015325670498084198;-0.05426356589146801;1.0;;;30.230671882629395
2026-02-17T12:27:51.111248;mvtec_loco_AD/breakfast_box;cont_10pct_cosine_loo;0.1;cosine_loo;20;20;20;2;784;189;102;87;2;5;95;0.7518593644354294;0.796616252549271;0.6885245901639345;0.41379310344827586;0.4367816091954023;-0.036398467432950055;-1.5038759689922423;1.0;;;12.992368459701538
2026-02-17T12:28:02.174032;mvtec_loco_AD/breakfast_box;cont_20pct_none;0.2;none;20;20;20;4;0;189;102;87;2;5;95;0.7671850349335136;0.8069950061715089;0.7073170731707318;0.41379310344827586;0.4482758620689655;-0.021072796934865856;0.0;;;;11.03177547454834
2026-02-17T12:28:14.877655;mvtec_loco_AD/breakfast_box;cont_20pct_loo_patch;0.2;loo_patch;20;20;20;4;784;189;102;87;2;5;95;0.7737209826459319;0.8109267234892836;0.7215189873417721;0.39080459770114945;0.42528735632183906;-0.014536849222447579;0.3101604278074862;0.953125;;;12.701617240905762
2026-02-17T12:28:25.388350;mvtec_loco_AD/breakfast_box;cont_20pct_random_patch;0.2;random_patch;20;20;20;4;784;189;102;87;2;5;95;0.77315753887762;0.8175223067689448;0.7228915662650602;0.4482758620689655;0.5057471264367817;-0.015100292990759545;0.28342245989304554;0.953125;;;10.50869345664978
2026-02-17T12:28:37.886144;mvtec_loco_AD/breakfast_box;cont_20pct_mahalanobis_patch;0.2;mahalanobis_patch;20;20;20;4;784;189;102;87;2;5;95;0.7689880549921119;0.8078208927742401;0.7058823529411765;0.40229885057471265;0.4367816091954023;-0.01926977687626763;0.0855614973262069;0.953125;;;12.495790004730225
2026-02-17T12:28:46.875890;mvtec_loco_AD/breakfast_box;cont_20pct_oracle_patch;0.2;oracle_patch;20;20;16;4;3136;189;102;87;2;5;95;0.7812711291413117;0.8193223824123879;0.7044025157232704;0.45977011494252873;0.5287356321839081;-0.006986702727067806;0.6684491978609635;;;;8.989746332168579
2026-02-17T12:28:59.637383;mvtec_loco_AD/breakfast_box;cont_20pct_ensemble_loo_mahal;0.2;ensemble_loo_mahal;20;20;20;4;784;189;102;87;2;5;95;0.769664187514086;0.8094272251877809;0.6976744186046512;0.40229885057471265;0.5632183908045977;-0.018593644354293448;0.11764705882352725;0.953125;;;12.759491682052612
2026-02-17T12:29:12.394885;mvtec_loco_AD/breakfast_box;cont_20pct_cosine_loo;0.2;cosine_loo;20;20;20;4;784;189;102;87;2;5;95;0.7458868604913229;0.7845176291352652;0.6818181818181819;0.367816091954023;0.41379310344827586;-0.04237097137705659;-1.0106951871657806;0.953125;;;12.755120992660522
2026-02-17T12:29:24.374195;mvtec_loco_AD/breakfast_box;cont_30pct_none;0.3;none;20;20;20;6;0;189;102;87;2;5;95;0.7626774847870182;0.8088655114530123;0.7080745341614907;0.42528735632183906;0.5057471264367817;-0.025580347081361254;0.0;;;;11.953694820404053
2026-02-17T12:29:38.276272;mvtec_loco_AD/breakfast_box;cont_30pct_loo_patch;0.3;loo_patch;20;20;20;6;784;189;102;87;2;5;95;0.7701149425287357;0.8147759124593799;0.7074829931972789;0.42528735632183906;0.5172413793103449;-0.01814288933964381;0.2907488986784171;0.9761904761904763;;;13.900077104568481
2026-02-17T18:09:41.095654;mvtec_loco_AD/breakfast_box;cont_30pct_random_patch;0.3;random_patch;20;20;20;6;784;189;102;87;2;5;95;0.7574938021185486;0.8086842886436887;0.6993865030674846;0.4482758620689655;0.4942528735632184;;;;;;;;;16.405028343200684
2026-02-17T18:10:01.958611;mvtec_loco_AD/breakfast_box;cont_30pct_mahalanobis_patch;0.3;mahalanobis_patch;20;20;20;6;784;189;102;87;2;5;95;0.7703403200360605;0.8101701310895991;0.6941176470588235;0.4367816091954023;0.47126436781609193;;;;;;;;;20.85395383834839
2026-02-17T18:10:15.196326;mvtec_loco_AD/breakfast_box;cont_30pct_oracle_patch;0.3;oracle_patch;20;20;14;6;4704;189;102;87;2;5;95;0.7865675005634437;0.8329697096831931;0.7393939393939394;0.45977011494252873;0.5747126436781609;;;;;;;;;13.236714601516724
2026-02-17T18:10:40.595120;mvtec_loco_AD/breakfast_box;cont_30pct_ensemble_loo_mahal;0.3;ensemble_loo_mahal;20;20;20;6;784;189;102;87;2;5;95;0.7616632860040567;0.8035632057022714;0.6971428571428572;0.41379310344827586;0.4482758620689655;;;0.9761904761904763;;;;;;25.39679718017578
2026-02-17T18:11:01.858308;mvtec_loco_AD/breakfast_box;cont_30pct_cosine_loo;0.3;cosine_loo;20;20;20;6;784;189;102;87;2;5;95;0.7501690331304935;0.7957198590842294;0.7058823529411765;0.3333333333333333;0.4827586206896552;;;0.9761904761904763;;;;;;21.260186910629272
2026-02-17T18:11:11.683890;mvtec_loco_AD/breakfast_box;cont_0pct_none;0.0;none;10;10;10;0;0;189;102;87;3;5;95;0.7176019833220645;0.7656628089884575;0.6540880503144655;0.3563218390804598;0.42528735632183906;;;;;;;;;9.40594482421875
2026-02-17T18:11:21.559808;mvtec_loco_AD/breakfast_box;cont_0pct_loo_patch;0.0;loo_patch;10;10;10;0;392;189;102;87;3;5;95;0.6986702727067838;0.7595619619127691;0.6409266409266409;0.39080459770114945;0.4367816091954023;;;;;;;;;9.87491750717163
2026-02-17T18:11:29.658860;mvtec_loco_AD/breakfast_box;cont_0pct_random_patch;0.0;random_patch;10;10;10;0;392;189;102;87;3;5;95;0.7165877845391029;0.7638605623435928;0.6509803921568628;0.3793103448275862;0.40229885057471265;;;;;;;;;8.098051309585571
2026-02-17T18:11:40.930520;mvtec_loco_AD/breakfast_box;cont_0pct_mahalanobis_patch;0.0;mahalanobis_patch;10;10;10;0;392;189;102;87;3;5;95;0.7056569754338516;0.7639502079476849;0.6404494382022472;0.39080459770114945;0.45977011494252873;;;;;;;;;11.270663261413574
2026-02-17T18:11:40.947524;mvtec_loco_AD/breakfast_box;cont_0pct_oracle_patch;0.0;oracle_patch;10;10;10;0;0;189;102;87;3;5;95;0.7176019833220645;0.7656628089884575;0.6540880503144655;0.3563218390804598;0.42528735632183906;;;;;;;;;0.016003131866455078
2026-02-17T18:11:53.049316;mvtec_loco_AD/breakfast_box;cont_0pct_ensemble_loo_mahal;0.0;ensemble_loo_mahal;10;10;10;0;392;189;102;87;3;5;95;0.7041356772594096;0.7622354477586781;0.6448087431693988;0.3793103448275862;0.4367816091954023;;;;;;;;;12.02327013015747
2026-02-17T18:12:02.808353;mvtec_loco_AD/breakfast_box;cont_0pct_cosine_loo;0.0;cosine_loo;10;10;10;0;392;189;102;87;3;5;95;0.6901059274284427;0.754094424894167;0.6360153256704981;0.40229885057471265;0.4367816091954023;;;;;;;;;9.758040189743042
2026-02-17T18:12:11.647276;mvtec_loco_AD/breakfast_box;cont_10pct_none;0.1;none;10;10;10;1;0;189;102;87;3;5;95;0.7082488167680866;0.7611934203392237;0.6545454545454545;0.3793103448275862;0.42528735632183906;-0.009353166553977887;0.0;;;;;;;8.82591962814331
2026-02-17T18:12:21.497311;mvtec_loco_AD/breakfast_box;cont_10pct_loo_patch;0.1;loo_patch;10;10;10;1;392;189;102;87;3;5;95;0.6991210277214334;0.7543728411778972;0.6419753086419753;0.367816091954023;0.40229885057471265;-0.01848095560063112;-0.9759036144578436;1.0;;;;;;9.847020149230957
2026-02-17T18:12:30.398644;mvtec_loco_AD/breakfast_box;cont_10pct_random_patch;0.1;random_patch;10;10;10;1;392;189;102;87;3;5;95;0.7059950416948387;0.7596572311518232;0.6588235294117646;0.3793103448275862;0.40229885057471265;-0.011606941627225753;-0.2409638554217062;1.0;;;;;;8.897327661514282
2026-02-17T18:12:40.436231;mvtec_loco_AD/breakfast_box;cont_10pct_mahalanobis_patch;0.1;mahalanobis_patch;10;10;10;1;392;189;102;87;3;5;95;0.7065584854631508;0.7596446667493105;0.6456692913385826;0.367816091954023;0.42528735632183906;-0.011043497858913676;-0.18072289156626778;1.0;;;;;;10.035586833953857
2026-02-17T18:12:48.547940;mvtec_loco_AD/breakfast_box;cont_10pct_oracle_patch;0.1;oracle_patch;10;10;9;1;784;189;102;87;3;5;95;0.7072346179851251;0.7620093577561035;0.6503067484662576;0.3793103448275862;0.4482758620689655;-0.010367365336939383;-0.10843373493976304;;;;;;;8.11070966720581
2026-02-17T18:13:00.105740;mvtec_loco_AD/breakfast_box;cont_10pct_ensemble_loo_mahal;0.1;ensemble_loo_mahal;10;10;10;1;392;189;102;87;3;5;95;0.7059950416948388;0.7596152273519479;0.65;0.367816091954023;0.42528735632183906;-0.011606941627225642;-0.24096385542169432;1.0;;;;;;11.5538010597229
2026-02-17T18:13:09.921109;mvtec_loco_AD/breakfast_box;cont_10pct_cosine_loo;0.1;cosine_loo;10;10;10;1;392;189;102;87;3;5;95;0.6940500338066262;0.7542892734504086;0.633587786259542;0.3563218390804598;0.4367816091954023;-0.023551949515438264;-1.5180722891566232;1.0;;;;;;9.812371253967285
2026-02-17T18:13:18.704964;mvtec_loco_AD/breakfast_box;cont_20pct_none;0.2;none;10;10;10;2;0;189;102;87;3;5;95;0.7073473067387873;0.7613929507439393;0.6625;0.3793103448275862;0.40229885057471265;-0.010254676583277167;0.0;;;;;;;8.756347179412842
2026-02-17T18:13:28.750910;mvtec_loco_AD/breakfast_box;cont_20pct_loo_patch;0.2;loo_patch;10;10;10;2;392;189;102;87;3;5;95;0.7109533468559839;0.7634705062169973;0.6580645161290322;0.3793103448275862;0.41379310344827586;-0.006648636466080604;0.3516483516483708;1.0;;;;;;10.043365955352783
2026-02-17T18:13:37.590221;mvtec_loco_AD/breakfast_box;cont_20pct_random_patch;0.2;random_patch;10;10;10;2;392;189;102;87;3;5;95;0.7167004732927653;0.7683662277330612;0.6753246753246753;0.367816091954023;0.41379310344827586;-0.0009015100292991685;0.9120879120879046;1.0;;;;;;8.832305669784546
2026-02-17T18:13:48.293771;mvtec_loco_AD/breakfast_box;cont_20pct_mahalanobis_patch;0.2;mahalanobis_patch;10;10;10;2;392;189;102;87;3;5;95;0.7025016903313049;0.7567488681891186;0.6666666666666667;0.3448275862068966;0.42528735632183906;-0.015100292990759545;-0.4725274725274492;1.0;;;;;;10.699549198150635
2026-02-17T18:13:55.125891;mvtec_loco_AD/breakfast_box;cont_20pct_oracle_patch;0.2;oracle_patch;10;10;8;2;1568;189;102;87;3;5;95;0.7119675456389453;0.7651234192656992;0.6455696202531646;0.367816091954023;0.4482758620689655;-0.00563443768311922;0.45054945054946055;;;;;;;6.831120729446411
2026-02-17T18:14:06.566098;mvtec_loco_AD/breakfast_box;cont_20pct_ensemble_loo_mahal;0.2;ensemble_loo_mahal;10;10;10;2;392;189;102;87;3;5;95;0.707798061753437;0.7629611310207929;0.6543209876543209;0.3793103448275862;0.42528735632183906;-0.009803921568627527;0.04395604395605312;1.0;;;;;;11.437203645706177
2026-02-17T18:14:16.008692;mvtec_loco_AD/breakfast_box;cont_20pct_cosine_loo;0.2;cosine_loo;10;10;10;2;392;189;102;87;3;5;95;0.6972053189091728;0.7504253841727528;0.6490066225165564;0.3448275862068966;0.40229885057471265;-0.020396664412891674;-0.9890109890109624;1.0;;;;;;9.439594507217407
2026-02-17T18:14:24.431379;mvtec_loco_AD/breakfast_box;cont_30pct_none;0.3;none;10;10;10;3;0;189;102;87;3;5;95;0.7002479152580573;0.759357264531763;0.6367041198501874;0.367816091954023;0.42528735632183906;-0.01735406806400719;0.0;;;;;;;8.403998374938965
2026-02-17T18:14:34.378121;mvtec_loco_AD/breakfast_box;cont_30pct_loo_patch;0.3;loo_patch;10;10;10;3;392;189;102;87;3;5;95;0.7004732927653821;0.7588577775964982;0.6403162055335969;0.3793103448275862;0.4367816091954023;-0.017128690556682424;0.012987012987012738;1.0;;;;;;9.944666862487793
2026-02-17T18:14:43.449233;mvtec_loco_AD/breakfast_box;cont_30pct_random_patch;0.3;random_patch;10;10;10;3;392;189;102;87;3;5;95;0.7050935316655398;0.7633083279486932;0.6467065868263473;0.39080459770114945;0.4482758620689655;-0.0125084516565247;0.27922077922077704;1.0;;;;;;9.068114757537842
2026-02-17T18:14:54.865690;mvtec_loco_AD/breakfast_box;cont_30pct_mahalanobis_patch;0.3;mahalanobis_patch;10;10;10;3;392;189;102;87;3;5;95;0.69990984899707;0.7538037239547049;0.6431372549019607;0.3448275862068966;0.40229885057471265;-0.017692134324994502;-0.019480519480528702;1.0;;;;;;11.184404611587524
2026-02-17T18:15:01.357174;mvtec_loco_AD/breakfast_box;cont_30pct_oracle_patch;0.3;oracle_patch;10;10;7;3;2352;189;102;87;3;5;95;0.7041920216362406;0.7585503077966265;0.6352941176470588;0.367816091954023;0.4367816091954023;-0.013409961685823868;0.22727272727271972;;;;;;;6.490478515625
2026-02-17T18:15:13.019309;mvtec_loco_AD/breakfast_box;cont_30pct_ensemble_loo_mahal;0.3;ensemble_loo_mahal;10;10;10;3;392;189;102;87;3;5;95;0.702839756592292;0.7577107388260665;0.65;0.3448275862068966;0.41379310344827586;-0.014762226729772454;0.1493506493506433;1.0;;;;;;11.659136533737183
2026-02-17T18:15:22.743146;mvtec_loco_AD/breakfast_box;cont_30pct_cosine_loo;0.3;cosine_loo;10;10;10;3;392;189;102;87;3;5;95;0.6786116745548794;0.7377055286188432;0.6367346938775511;0.3563218390804598;0.367816091954023;-0.03899030876718512;-1.2467532467532547;1.0;;;;;;9.721834659576416
2026-02-17T18:15:41.692990;mvtec_loco_AD/breakfast_box;cont_0pct_none;0.0;none;20;20;20;0;0;189;102;87;3;5;95;0.7251521298174441;0.7759536834920647;0.6578947368421053;0.40229885057471265;0.4827586206896552;;;;;;;;;18.473410606384277
2026-02-17T18:16:03.609093;mvtec_loco_AD/breakfast_box;cont_0pct_loo_patch;0.0;loo_patch;20;20;20;0;784;189;102;87;3;5;95;0.7026143790849674;0.7607855781111806;0.6413502109704642;0.4367816091954023;0.4367816091954023;;;;;;;;;21.915102243423462
2026-02-17T18:16:20.283931;mvtec_loco_AD/breakfast_box;cont_0pct_random_patch;0.0;random_patch;20;20;20;0;784;189;102;87;3;5;95;0.7199684471489745;0.7746199852864799;0.6486486486486487;0.4367816091954023;0.45977011494252873;;;;;;;;;16.673839330673218
2026-02-17T18:16:40.087712;mvtec_loco_AD/breakfast_box;cont_0pct_mahalanobis_patch;0.0;mahalanobis_patch;20;20;20;0;784;189;102;87;3;5;95;0.7225602884832094;0.7739612464974127;0.646288209606987;0.41379310344827586;0.4367816091954023;;;;;;;;;19.80278253555298
2026-02-17T18:16:40.110231;mvtec_loco_AD/breakfast_box;cont_0pct_oracle_patch;0.0;oracle_patch;20;20;20;0;0;189;102;87;3;5;95;0.7251521298174441;0.7759536834920647;0.6578947368421053;0.40229885057471265;0.4827586206896552;;;;;;;;;0.021518945693969727
2026-02-17T18:17:02.064270;mvtec_loco_AD/breakfast_box;cont_0pct_ensemble_loo_mahal;0.0;ensemble_loo_mahal;20;20;20;0;784;189;102;87;3;5;95;0.718052738336714;0.7725372868112913;0.6486486486486487;0.41379310344827586;0.4827586206896552;;;;;;;;;21.953036308288574
2026-02-17T18:17:22.764606;mvtec_loco_AD/breakfast_box;cont_0pct_cosine_loo;0.0;cosine_loo;20;20;20;0;784;189;102;87;3;5;95;0.7156862745098038;0.7713539015117843;0.6486486486486487;0.42528735632183906;0.4482758620689655;;;;;;;;;20.69833469390869
2026-02-17T18:17:41.134066;mvtec_loco_AD/breakfast_box;cont_10pct_none;0.1;none;20;20;20;2;0;189;102;87;3;5;95;0.7197430696416498;0.7745489840118276;0.6588235294117646;0.39080459770114945;0.45977011494252873;-0.005409060175794345;0.0;;;;;;;18.34346055984497
2026-02-17T18:18:02.337404;mvtec_loco_AD/breakfast_box;cont_10pct_loo_patch;0.1;loo_patch;20;20;20;2;784;189;102;87;3;5;95;0.7146720757268424;0.7692252960309366;0.6533333333333333;0.40229885057471265;0.4482758620689655;-0.01048005409060171;-0.9375000000000308;0.9166666666666667;;;;;;21.201340675354004
2026-02-17T18:18:19.784483;mvtec_loco_AD/breakfast_box;cont_10pct_random_patch;0.1;random_patch;20;20;20;2;784;189;102;87;3;5;95;0.7157989632634663;0.7702714418731363;0.6440677966101694;0.39080459770114945;0.47126436781609193;-0.009353166553977887;-0.7291666666666975;0.9166666666666667;;;;;;17.445082426071167
2026-02-17T18:18:43.393680;mvtec_loco_AD/breakfast_box;cont_10pct_mahalanobis_patch;0.1;mahalanobis_patch;20;20;20;2;784;189;102;87;3;5;95;0.7177146720757268;0.7741082655732612;0.6580645161290322;0.40229885057471265;0.4367816091954023;-0.007437457741717335;-0.37500000000002054;0.9166666666666667;;;;;;23.607198476791382
2026-02-17T18:19:00.896855;mvtec_loco_AD/breakfast_box;cont_10pct_oracle_patch;0.1;oracle_patch;20;20;18;2;1568;189;102;87;3;5;95;0.7226729772368717;0.7787479457996981;0.6493506493506493;0.41379310344827586;0.4827586206896552;-0.002479152580572408;0.5416666666666666;;;;;;;17.502174854278564
2026-02-17T18:19:21.303140;mvtec_loco_AD/breakfast_box;cont_10pct_ensemble_loo_mahal;0.1;ensemble_loo_mahal;20;20;20;2;784;189;102;87;3;5;95;0.7126436781609196;0.7675313987681652;0.6442953020134228;0.39080459770114945;0.41379310344827586;-0.012508451656524588;-1.3125000000000309;0.9166666666666667;;;;;;20.404075622558594
2026-02-17T18:19:44.325017;mvtec_loco_AD/breakfast_box;cont_10pct_cosine_loo;0.1;cosine_loo;20;20;20;2;784;189;102;87;3;5;95;0.7152355194951543;0.7702977925985817;0.6623376623376623;0.3793103448275862;0.4367816091954023;-0.009916610322289854;-0.8333333333333743;0.9166666666666667;;;;;;23.01847553253174
2026-02-17T18:20:03.208102;mvtec_loco_AD/breakfast_box;cont_20pct_none;0.2;none;20;20;20;4;0;189;102;87;3;5;95;0.6983322064457966;0.7582651587234626;0.6355932203389831;0.41379310344827586;0.4482758620689655;-0.026819923371647514;0.0;;;;;;;18.837204456329346
2026-02-17T18:20:24.563518;mvtec_loco_AD/breakfast_box;cont_20pct_loo_patch;0.2;loo_patch;20;20;20;4;784;189;102;87;3;5;95;0.7144466982195177;0.7726000483646589;0.6440677966101694;0.3563218390804598;0.4827586206896552;-0.010705431597926474;0.6008403361344559;0.953125;;;;;;21.353424549102783
2026-02-17T18:20:43.222020;mvtec_loco_AD/breakfast_box;cont_20pct_random_patch;0.2;random_patch;20;20;20;4;784;189;102;87;3;5;95;0.6981068289384719;0.7575171478458474;0.6311787072243347;0.39080459770114945;0.45977011494252873;-0.027045300878972278;-0.008403361344537641;0.953125;;;;;;18.656500816345215
2026-02-17T18:21:03.578194;mvtec_loco_AD/breakfast_box;cont_20pct_mahalanobis_patch;0.2;mahalanobis_patch;20;20;20;4;784;189;102;87;3;5;95;0.701938246562993;0.7614064644292726;0.65;0.367816091954023;0.4482758620689655;-0.023213883254451173;0.1344537815126064;0.953125;;;;;;20.353662490844727
2026-02-17T18:21:19.023387;mvtec_loco_AD/breakfast_box;cont_20pct_oracle_patch;0.2;oracle_patch;20;20;16;4;3136;189;102;87;3;5;95;0.7260536398467431;0.782379536312863;0.6620689655172414;0.41379310344827586;0.4942528735632184;0.0009015100292989464;1.0336134453781465;;;;;;;15.444177627563477
2026-02-17T18:21:40.718424;mvtec_loco_AD/breakfast_box;cont_20pct_ensemble_loo_mahal;0.2;ensemble_loo_mahal;20;20;20;4;784;189;102;87;3;5;95;0.7097137705656976;0.7602451585380559;0.6363636363636364;0.3563218390804598;0.4367816091954023;-0.015438359251746525;0.4243697478991654;0.953125;;;;;;21.694037675857544
2026-02-17T18:22:02.011301;mvtec_loco_AD/breakfast_box;cont_20pct_cosine_loo;0.2;cosine_loo;20;20;20;4;784;189;102;87;3;5;95;0.7026143790849673;0.7542628044402375;0.6446280991735537;0.3218390804597701;0.39080459770114945;-0.02253775073247688;0.15966386554621934;0.953125;;;;;;21.289876461029053
2026-02-17T18:22:21.173607;mvtec_loco_AD/breakfast_box;cont_30pct_none;0.3;none;20;20;20;6;0;189;102;87;3;5;95;0.7076853729997746;0.7602820617466741;0.649746192893401;0.39080459770114945;0.4367816091954023;-0.017466756817669515;0.0;;;;;;;19.130791187286377
2026-02-17T18:22:43.907138;mvtec_loco_AD/breakfast_box;cont_30pct_loo_patch;0.3;loo_patch;20;20;20;6;784;189;102;87;3;5;95;0.7212080234392607;0.7702485225193334;0.6565656565656566;0.3103448275862069;0.4827586206896552;-0.003944106378183432;0.7741935483870972;0.9166666666666667;;;;;;22.730533123016357
2026-02-17T18:23:00.729645;mvtec_loco_AD/breakfast_box;cont_30pct_random_patch;0.3;random_patch;20;20;20;6;784;189;102;87;3;5;95;0.7037412666215912;0.757489096867813;0.641711229946524;0.3563218390804598;0.4482758620689655;-0.021410863195852947;-0.2258064516129028;0.9166666666666667;;;;;;16.81350564956665
2026-02-17T18:23:22.640333;mvtec_loco_AD/breakfast_box;cont_30pct_mahalanobis_patch;0.3;mahalanobis_patch;20;20;20;6;784;189;102;87;3;5;95;0.6993464052287581;0.7523365296046609;0.6454545454545455;0.367816091954023;0.41379310344827586;-0.02580572458868602;-0.4774193548387148;0.9166666666666667;;;;;;21.90868592262268
2026-02-17T18:23:35.317168;mvtec_loco_AD/breakfast_box;cont_30pct_oracle_patch;0.3;oracle_patch;20;20;14;6;4704;189;102;87;3;5;95;0.7218841559612351;0.7782128562207979;0.6506024096385543;0.4367816091954023;0.4827586206896552;-0.0032679738562090277;0.8129032258064578;;;;;;;12.67583417892456
2026-02-17T18:23:56.497228;mvtec_loco_AD/breakfast_box;cont_30pct_ensemble_loo_mahal;0.3;ensemble_loo_mahal;20;20;20;6;784;189;102;87;3;5;95;0.715122830741492;0.7606868028719217;0.6666666666666667;0.3103448275862069;0.4367816091954023;-0.01002929907595218;0.4258064516129028;0.9166666666666667;;;;;;21.17806363105774
2026-02-17T18:24:19.670486;mvtec_loco_AD/breakfast_box;cont_30pct_cosine_loo;0.3;cosine_loo;20;20;20;6;784;189;102;87;3;5;95;0.7216587784539102;0.7663811148143054;0.6547085201793722;0.3448275862068966;0.4367816091954023;-0.003493351363533903;0.8;0.9166666666666667;;;;;;23.17125678062439
2026-02-17T18:24:29.358687;mvtec_loco_AD/breakfast_box;cont_0pct_none;0.0;none;10;10;10;0;0;189;102;87;4;5;95;0.7661708361505523;0.8055056985987845;0.7058823529411765;0.40229885057471265;0.45977011494252873;;;;;;;;;9.111576080322266
2026-02-17T18:24:39.064208;mvtec_loco_AD/breakfast_box;cont_0pct_loo_patch;0.0;loo_patch;10;10;10;0;392;189;102;87;4;5;95;0.7635789948163174;0.8036170686977069;0.6900584795321637;0.4367816091954023;0.4827586206896552;;;;;;;;;9.704521656036377
2026-02-17T18:24:48.172044;mvtec_loco_AD/breakfast_box;cont_0pct_random_patch;0.0;random_patch;10;10;10;0;392;189;102;87;4;5;95;0.7605363984674329;0.8036056509030824;0.7012987012987013;0.40229885057471265;0.4482758620689655;;;;;;;;;9.106837034225464
2026-02-17T18:25:00.552050;mvtec_loco_AD/breakfast_box;cont_0pct_mahalanobis_patch;0.0;mahalanobis_patch;10;10;10;0;392;189;102;87;4;5;95;0.7645931935992788;0.8040927760610559;0.6994535519125683;0.3793103448275862;0.4827586206896552;;;;;;;;;12.380005598068237
2026-02-17T18:25:00.571271;mvtec_loco_AD/breakfast_box;cont_0pct_oracle_patch;0.0;oracle_patch;10;10;10;0;0;189;102;87;4;5;95;0.7661708361505523;0.8055056985987845;0.7058823529411765;0.40229885057471265;0.45977011494252873;;;;;;;;;0.017220497131347656
2026-02-17T18:25:13.360099;mvtec_loco_AD/breakfast_box;cont_0pct_ensemble_loo_mahal;0.0;ensemble_loo_mahal;10;10;10;0;392;189;102;87;4;5;95;0.7625647960333559;0.8000675529735373;0.6936416184971099;0.367816091954023;0.45977011494252873;;;;;;;;;12.48641562461853
2026-02-17T18:25:23.082784;mvtec_loco_AD/breakfast_box;cont_0pct_cosine_loo;0.0;cosine_loo;10;10;10;0;392;189;102;87;4;5;95;0.7484787018255579;0.7898111304606472;0.6666666666666666;0.40229885057471265;0.45977011494252873;;;;;;;;;9.721688747406006
2026-02-17T18:25:32.544555;mvtec_loco_AD/breakfast_box;cont_10pct_none;0.1;none;10;10;10;1;0;189;102;87;4;5;95;0.7685372999774622;0.8067923754507342;0.6951219512195121;0.3793103448275862;0.45977011494252873;0.0023664638269099703;-0.0;;;;;;;9.445264101028442
2026-02-17T18:25:42.871509;mvtec_loco_AD/breakfast_box;cont_10pct_loo_patch;0.1;loo_patch;10;10;10;1;392;189;102;87;4;5;95;0.7586206896551724;0.8034698062573797;0.6900584795321637;0.42528735632183906;0.5172413793103449;-0.007550146495379884;4.1904761904763825;1.0;;;;;;10.324949502944946
2026-02-17T18:25:52.443382;mvtec_loco_AD/breakfast_box;cont_10pct_random_patch;0.1;random_patch;10;10;10;1;392;189;102;87;4;5;95;0.7703403200360603;0.808629780181136;0.7027027027027026;0.3793103448275862;0.5172413793103449;0.004169483885508085;-0.7619047619047797;1.0;;;;;;9.568868398666382
2026-02-17T18:26:04.197702;mvtec_loco_AD/breakfast_box;cont_10pct_mahalanobis_patch;0.1;mahalanobis_patch;10;10;10;1;392;189;102;87;4;5;95;0.7678611674554879;0.8067470923560831;0.7011494252873564;0.41379310344827586;0.4827586206896552;0.0016903313049356772;0.2857142857142924;1.0;;;;;;11.752319812774658
2026-02-17T18:26:12.940714;mvtec_loco_AD/breakfast_box;cont_10pct_oracle_patch;0.1;oracle_patch;10;10;9;1;784;189;102;87;4;5;95;0.7737209826459318;0.8124967888542434;0.7125;0.40229885057471265;0.5057471264367817;0.0075501464953795505;-2.1904761904762418;;;;;;;8.743011713027954
2026-02-17T18:26:25.273182;mvtec_loco_AD/breakfast_box;cont_10pct_ensemble_loo_mahal;0.1;ensemble_loo_mahal;10;10;10;1;392;189;102;87;4;5;95;0.7630155510480053;0.802495507974164;0.6900584795321637;0.40229885057471265;0.4942528735632184;-0.003155285102546923;2.3333333333334583;1.0;;;;;;12.330364227294922
2026-02-17T18:26:34.835468;mvtec_loco_AD/breakfast_box;cont_10pct_cosine_loo;0.1;cosine_loo;10;10;10;1;392;189;102;87;4;5;95;0.7538877620013522;0.7972989379435744;0.6637931034482759;0.4367816091954023;0.5172413793103449;-0.012283074149200046;6.190476190476477;1.0;;;;;;9.559158086776733
2026-02-17T18:26:44.349660;mvtec_loco_AD/breakfast_box;cont_20pct_none;0.2;none;10;10;10;2;0;189;102;87;4;5;95;0.7346179851250846;0.7729865152314357;0.68;0.3563218390804598;0.42528735632183906;-0.031552851025467676;0.0;;;;;;;9.49518632888794
2026-02-17T18:26:54.767223;mvtec_loco_AD/breakfast_box;cont_20pct_loo_patch;0.2;loo_patch;10;10;10;2;392;189;102;87;4;5;95;0.7287581699346405;0.7703249257439371;0.6565656565656566;0.39080459770114945;0.41379310344827586;-0.03741266621591177;-0.18571428571428883;1.0;;;;;;10.41655945777893
2026-02-17T18:27:04.266466;mvtec_loco_AD/breakfast_box;cont_20pct_random_patch;0.2;random_patch;10;10;10;2;392;189;102;87;4;5;95;0.7412666215911652;0.7785244874942157;0.6785714285714286;0.3793103448275862;0.40229885057471265;-0.024904214559387072;0.21071428571428302;1.0;;;;;;9.496247291564941
2026-02-17T18:27:15.210701;mvtec_loco_AD/breakfast_box;cont_20pct_mahalanobis_patch;0.2;mahalanobis_patch;10;10;10;2;392;189;102;87;4;5;95;0.7324768988054992;0.7749071157737037;0.6627906976744184;0.39080459770114945;0.39080459770114945;-0.033693937345053104;-0.0678571428571467;1.0;;;;;;10.938213586807251
2026-02-17T18:27:23.524497;mvtec_loco_AD/breakfast_box;cont_20pct_oracle_patch;0.2;oracle_patch;10;10;8;2;1568;189;102;87;4;5;95;0.7829614604462474;0.8142855794316549;0.7176470588235295;0.39080459770114945;0.4482758620689655;0.01679062429569511;1.5321428571428513;;;;;;;8.313796520233154
2026-02-17T18:27:35.695592;mvtec_loco_AD/breakfast_box;cont_20pct_ensemble_loo_mahal;0.2;ensemble_loo_mahal;10;10;10;2;392;189;102;87;4;5;95;0.7348433626324093;0.7735518249001612;0.6705202312138728;0.39080459770114945;0.40229885057471265;-0.03132747351814291;0.007142857142856992;1.0;;;;;;12.167092084884644
2026-02-17T18:27:46.530540;mvtec_loco_AD/breakfast_box;cont_20pct_cosine_loo;0.2;cosine_loo;10;10;10;2;392;189;102;87;4;5;95;0.7167004732927653;0.7650416450814985;0.648854961832061;0.41379310344827586;0.42528735632183906;-0.04947036285778694;-0.5678571428571467;1.0;;;;;;10.832948923110962
2026-02-17T18:27:56.283280;mvtec_loco_AD/breakfast_box;cont_30pct_none;0.3;none;10;10;10;3;0;189;102;87;4;5;95;0.7302231237322516;0.7686518588775191;0.6700507614213198;0.3333333333333333;0.42528735632183906;-0.03594771241830064;0.0;;;;;;;9.727765560150146
2026-02-17T18:28:07.276836;mvtec_loco_AD/breakfast_box;cont_30pct_loo_patch;0.3;loo_patch;10;10;10;3;392;189;102;87;4;5;95;0.7318007662835249;0.7795320996147056;0.6666666666666666;0.39080459770114945;0.45977011494252873;-0.0343700698670274;0.04388714733541923;1.0;;;;;;10.99155592918396
2026-02-17T18:28:15.967606;mvtec_loco_AD/breakfast_box;cont_30pct_random_patch;0.3;random_patch;10;10;10;3;392;189;102;87;4;5;95;0.7356321839080461;0.7749273818747457;0.673076923076923;0.3448275862068966;0.4367816091954023;-0.03053865224250618;0.15047021943573674;1.0;;;;;;8.688774585723877
2026-02-17T18:28:27.280133;mvtec_loco_AD/breakfast_box;cont_30pct_mahalanobis_patch;0.3;mahalanobis_patch;10;10;10;3;392;189;102;87;4;5;95;0.7254901960784313;0.7684590668648403;0.6551724137931034;0.3563218390804598;0.4367816091954023;-0.04068064007212091;-0.13166144200627314;1.0;;;;;;11.310514450073242
2026-02-17T18:28:33.963653;mvtec_loco_AD/breakfast_box;cont_30pct_oracle_patch;0.3;oracle_patch;10;10;7;3;2352;189;102;87;4;5;95;0.7849898580121705;0.8210317275100529;0.72;0.4367816091954023;0.5287356321839081;0.018819021861618213;1.5235109717868343;;;;;;;6.682523965835571
2026-02-17T18:28:46.466366;mvtec_loco_AD/breakfast_box;cont_30pct_ensemble_loo_mahal;0.3;ensemble_loo_mahal;10;10;10;3;392;189;102;87;4;5;95;0.7299977462249267;0.7739324567510243;0.6634146341463415;0.40229885057471265;0.41379310344827586;-0.03617308992562551;-0.006269592476491991;1.0;;;;;;12.24807596206665
2026-02-17T18:28:57.307683;mvtec_loco_AD/breakfast_box;cont_30pct_cosine_loo;0.3;cosine_loo;10;10;10;3;392;189;102;87;4;5;95;0.7199684471489746;0.7631411962651379;0.6604651162790698;0.3793103448275862;0.42528735632183906;-0.04620238900157769;-0.28526645768025277;1.0;;;;;;10.831808805465698
2026-02-17T18:29:14.949157;mvtec_loco_AD/breakfast_box;cont_0pct_none;0.0;none;20;20;20;0;0;189;102;87;4;5;95;0.7810457516339869;0.822484347838454;0.7151515151515151;0.4367816091954023;0.5287356321839081;;;;;;;;;17.15893054008484
2026-02-17T18:29:37.554124;mvtec_loco_AD/breakfast_box;cont_0pct_loo_patch;0.0;loo_patch;20;20;20;0;784;189;102;87;4;5;95;0.7718052738336715;0.8082636342380601;0.6943005181347149;0.4367816091954023;0.47126436781609193;;;;;;;;;22.60396718978882
2026-02-17T18:29:55.057370;mvtec_loco_AD/breakfast_box;cont_0pct_random_patch;0.0;random_patch;20;20;20;0;784;189;102;87;4;5;95;0.7776650890241154;0.8198723944761973;0.7142857142857143;0.4482758620689655;0.5172413793103449;;;;;;;;;17.49624729156494
2026-02-17T18:30:16.735827;mvtec_loco_AD/breakfast_box;cont_0pct_mahalanobis_patch;0.0;mahalanobis_patch;20;20;20;0;784;189;102;87;4;5;95;0.7733829163849447;0.8120053744525588;0.7044025157232704;0.41379310344827586;0.4827586206896552;;;;;;;;;21.66246223449707
2026-02-17T18:30:16.774339;mvtec_loco_AD/breakfast_box;cont_0pct_oracle_patch;0.0;oracle_patch;20;20;20;0;0;189;102;87;4;5;95;0.7810457516339869;0.822484347838454;0.7151515151515151;0.4367816091954023;0.5287356321839081;;;;;;;;;0.03751683235168457
2026-02-17T18:30:38.946068;mvtec_loco_AD/breakfast_box;cont_0pct_ensemble_loo_mahal;0.0;ensemble_loo_mahal;20;20;20;0;784;189;102;87;4;5;95;0.7670723461798512;0.8053166126505821;0.6961325966850829;0.40229885057471265;0.47126436781609193;;;;;;;;;21.98978590965271
2026-02-17T18:31:02.311476;mvtec_loco_AD/breakfast_box;cont_0pct_cosine_loo;0.0;cosine_loo;20;20;20;0;784;189;102;87;4;5;95;0.7577191796258733;0.7968932762763288;0.7045454545454545;0.41379310344827586;0.47126436781609193;;;;;;;;;23.362392902374268
2026-02-17T18:31:20.818261;mvtec_loco_AD/breakfast_box;cont_10pct_none;0.1;none;20;20;20;2;0;189;102;87;4;5;95;0.7751859364435429;0.814228567020878;0.6928104575163399;0.4367816091954023;0.5287356321839081;-0.005859815190443984;0.0;;;;;;;18.477787733078003
2026-02-17T18:31:44.094107;mvtec_loco_AD/breakfast_box;cont_10pct_loo_patch;0.1;loo_patch;20;20;20;2;784;189;102;87;4;5;95;0.7680865449628127;0.8059559217863183;0.6962025316455697;0.41379310344827586;0.47126436781609193;-0.012959206671174228;-1.211538461538467;0.8055555555555556;;;;;;23.271854400634766
2026-02-17T18:32:01.446550;mvtec_loco_AD/breakfast_box;cont_10pct_random_patch;0.1;random_patch;20;20;20;2;784;189;102;87;4;5;95;0.77079107505071;0.8114442306805583;0.6913580246913581;0.42528735632183906;0.5402298850574713;-0.010254676583276945;-0.7499999999999952;0.8055555555555556;;;;;;17.350444078445435
2026-02-17T18:32:24.085363;mvtec_loco_AD/breakfast_box;cont_10pct_mahalanobis_patch;0.1;mahalanobis_patch;20;20;20;2;784;189;102;87;4;5;95;0.7733829163849448;0.8108004477547748;0.7204968944099379;0.41379310344827586;0.45977011494252873;-0.007662835249042099;-0.3076923076923019;0.8055555555555556;;;;;;22.636804819107056
2026-02-17T18:32:41.270502;mvtec_loco_AD/breakfast_box;cont_10pct_oracle_patch;0.1;oracle_patch;20;20;18;2;1568;189;102;87;4;5;95;0.7737209826459319;0.8156730724367869;0.7125;0.4367816091954023;0.5057471264367817;-0.007324768988055008;-0.2500000000000047;;;;;;;17.1841402053833
2026-02-17T18:33:02.543722;mvtec_loco_AD/breakfast_box;cont_10pct_ensemble_loo_mahal;0.1;ensemble_loo_mahal;20;20;20;2;784;189;102;87;4;5;95;0.7732702276312824;0.8095847987840756;0.7142857142857143;0.41379310344827586;0.45977011494252873;-0.007775524002704537;-0.3269230769230802;0.8055555555555556;;;;;;21.270222425460815
2026-02-17T18:33:26.346643;mvtec_loco_AD/breakfast_box;cont_10pct_cosine_loo;0.1;cosine_loo;20;20;20;2;784;189;102;87;4;5;95;0.770227631282398;0.8096746830049694;0.6860465116279069;0.41379310344827586;0.5172413793103449;-0.010818120351588911;-0.846153846153849;0.8055555555555556;;;;;;23.80091691017151
2026-02-17T18:33:45.522468;mvtec_loco_AD/breakfast_box;cont_20pct_none;0.2;none;20;20;20;4;0;189;102;87;4;5;95;0.7635789948163172;0.8119560155840373;0.7160493827160493;0.45977011494252873;0.5402298850574713;-0.017466756817669737;0.0;;;;;;;19.136826038360596
2026-02-17T18:34:07.538570;mvtec_loco_AD/breakfast_box;cont_20pct_loo_patch;0.2;loo_patch;20;20;20;4;784;189;102;87;4;5;95;0.7610998422357449;0.8043112012436188;0.6956521739130436;0.3793103448275862;0.5172413793103449;-0.019945909398242034;-0.14193548387095734;0.8125;;;;;;22.01410484313965
2026-02-17T18:34:26.200240;mvtec_loco_AD/breakfast_box;cont_20pct_random_patch;0.2;random_patch;20;20;20;4;784;189;102;87;4;5;95;0.7597475771917962;0.8087498713398238;0.7023809523809522;0.47126436781609193;0.5517241379310345;-0.02129817444219073;-0.21935483870967115;0.8125;;;;;;18.659510612487793
2026-02-17T18:34:47.520288;mvtec_loco_AD/breakfast_box;cont_20pct_mahalanobis_patch;0.2;mahalanobis_patch;20;20;20;4;784;189;102;87;4;5;95;0.7686499887311247;0.8105819080147583;0.7160493827160493;0.39080459770114945;0.4942528735632184;-0.012395762902862262;0.29032258064516886;0.8125;;;;;;21.318047523498535
2026-02-17T18:35:02.431836;mvtec_loco_AD/breakfast_box;cont_20pct_oracle_patch;0.2;oracle_patch;20;20;16;4;3136;189;102;87;4;5;95;0.7647058823529411;0.8131366670789517;0.7142857142857143;0.45977011494252873;0.5172413793103449;-0.016339869281045805;0.06451612903226257;;;;;;;14.910547971725464
2026-02-17T18:35:23.912057;mvtec_loco_AD/breakfast_box;cont_20pct_ensemble_loo_mahal;0.2;ensemble_loo_mahal;20;20;20;4;784;189;102;87;4;5;95;0.7634663060626549;0.8019939683322346;0.7108433734939759;0.367816091954023;0.4482758620689655;-0.017579445571332064;-0.006451612903222444;0.8125;;;;;;21.4781014919281
2026-02-17T18:35:44.737752;mvtec_loco_AD/breakfast_box;cont_20pct_cosine_loo;0.2;cosine_loo;20;20;20;4;784;189;102;87;4;5;95;0.7612125309894072;0.8052657628224115;0.7006369426751593;0.4942528735632184;0.5172413793103449;-0.019833220644579708;-0.13548387096773487;0.8125;;;;;;20.823694229125977
2026-02-17T18:36:03.988034;mvtec_loco_AD/breakfast_box;cont_30pct_none;0.3;none;20;20;20;6;0;189;102;87;4;5;95;0.7236871760198332;0.7785162280250502;0.6630434782608695;0.3793103448275862;0.47126436781609193;-0.057358575614153695;0.0;;;;;;;19.202667474746704
2026-02-17T18:36:26.294561;mvtec_loco_AD/breakfast_box;cont_30pct_loo_patch;0.3;loo_patch;20;20;20;6;784;189;102;87;4;5;95;0.7439711516790625;0.7840256039249968;0.6710526315789473;0.367816091954023;0.4367816091954023;-0.03707459995492446;0.353634577603144;0.8214285714285714;;;;;;22.303484678268433
2026-02-17T18:36:44.147647;mvtec_loco_AD/breakfast_box;cont_30pct_random_patch;0.3;random_patch;20;20;20;6;784;189;102;87;4;5;95;0.7217714672075727;0.7779901543671047;0.6620689655172414;0.367816091954023;0.42528735632183906;-0.05927428442641425;-0.03339882121807494;0.8214285714285714;;;;;;17.849082946777344
2026-02-17T18:37:05.698067;mvtec_loco_AD/breakfast_box;cont_30pct_mahalanobis_patch;0.3;mahalanobis_patch;20;20;20;6;784;189;102;87;4;5;95;0.7249267523101194;0.7750122581681366;0.6666666666666666;0.3793103448275862;0.41379310344827586;-0.05611899932386755;0.021611001964635137;0.8214285714285714;;;;;;21.548420667648315
2026-02-17T18:37:19.190267;mvtec_loco_AD/breakfast_box;cont_30pct_oracle_patch;0.3;oracle_patch;20;20;14;6;4704;189;102;87;4;5;95;0.7623394185260312;0.8117380192833346;0.7074829931972789;0.40229885057471265;0.5632183908045977;-0.018706333107955775;0.673870333988213;;;;;;;13.491201400756836
2026-02-17T18:37:40.750146;mvtec_loco_AD/breakfast_box;cont_30pct_ensemble_loo_mahal;0.3;ensemble_loo_mahal;20;20;20;6;784;189;102;87;4;5;95;0.72447599729547;0.769484220679219;0.6578947368421053;0.3218390804597701;0.4482758620689655;-0.056569754338516964;0.013752455795678489;0.8214285714285714;;;;;;21.558680534362793
2026-02-17T18:38:03.060407;mvtec_loco_AD/breakfast_box;cont_30pct_cosine_loo;0.3;cosine_loo;20;20;20;6;784;189;102;87;4;5;95;0.7305611899932386;0.7715800689377954;0.6580645161290322;0.3333333333333333;0.40229885057471265;-0.05048456164074833;0.11984282907661936;0.8214285714285714;;;;;;22.3092622756958
2026-02-17T18:38:07.227264;btad/01;cont_0pct_none;0.0;none;10;10;10;0;0;46;21;25;0;5;95;0.9809523809523809;0.9885714285714287;0.9795918367346939;0.96;0.96;;;;;;;;;2.6353018283843994
2026-02-17T18:38:09.643572;btad/01;cont_0pct_loo_patch;0.0;loo_patch;10;10;10;0;392;46;21;25;0;5;95;0.9885714285714285;0.9922580645161292;0.9795918367346939;0.96;0.96;;;;;;;;;2.415301561355591
2026-02-17T18:38:12.071372;btad/01;cont_0pct_random_patch;0.0;random_patch;10;10;10;0;392;46;21;25;0;5;95;0.9828571428571428;0.9894117647058824;0.9795918367346939;0.96;0.96;;;;;;;;;2.4267995357513428
2026-02-17T18:38:16.650516;btad/01;cont_0pct_mahalanobis_patch;0.0;mahalanobis_patch;10;10;10;0;392;46;21;25;0;5;95;0.9828571428571428;0.9894117647058824;0.9795918367346939;0.96;0.96;;;;;;;;;4.5781426429748535
2026-02-17T18:38:16.667553;btad/01;cont_0pct_oracle_patch;0.0;oracle_patch;10;10;10;0;0;46;21;25;0;5;95;0.9809523809523809;0.9885714285714287;0.9795918367346939;0.96;0.96;;;;;;;;;0.01578974723815918
2026-02-17T18:38:21.897982;btad/01;cont_0pct_ensemble_loo_mahal;0.0;ensemble_loo_mahal;10;10;10;0;392;46;21;25;0;5;95;0.9809523809523809;0.9885714285714287;0.9795918367346939;0.96;0.96;;;;;;;;;5.154637813568115
2026-02-17T18:38:25.329838;btad/01;cont_0pct_cosine_loo;0.0;cosine_loo;10;10;10;0;392;46;21;25;0;5;95;0.9809523809523809;0.9885714285714287;0.9795918367346939;0.96;0.96;;;;;;;;;3.4308581352233887
2026-02-17T18:38:28.007626;btad/01;cont_10pct_none;0.1;none;10;10;10;1;0;46;21;25;0;5;95;0.9809523809523809;0.9885714285714287;0.9795918367346939;0.96;0.96;0.0;;;;;;;;2.6613430976867676
2026-02-17T18:38:31.334429;btad/01;cont_10pct_loo_patch;0.1;loo_patch;10;10;10;1;392;46;21;25;0;5;95;0.9847619047619047;0.9903030303030305;0.9795918367346939;0.96;0.96;0.003809523809523818;;1.0;;;;;;3.2178008556365967
2026-02-17T18:38:33.835455;btad/01;cont_10pct_random_patch;0.1;random_patch;10;10;10;1;392;46;21;25;0;5;95;0.9809523809523809;0.9885714285714287;0.9795918367346939;0.96;0.96;0.0;;1.0;;;;;;2.49902606010437
2026-02-17T18:38:39.248661;btad/01;cont_10pct_mahalanobis_patch;0.1;mahalanobis_patch;10;10;10;1;392;46;21;25;0;5;95;0.9809523809523809;0.9885714285714287;0.9795918367346939;0.96;0.96;0.0;;1.0;;;;;;5.306288957595825
2026-02-17T18:38:41.594394;btad/01;cont_10pct_oracle_patch;0.1;oracle_patch;10;10;9;1;784;46;21;25;0;5;95;0.979047619047619;0.9877777777777779;0.9795918367346939;0.96;0.96;-0.0019047619047618536;;;;;;;;2.3394129276275635
2026-02-17T18:38:45.280137;btad/01;cont_10pct_ensemble_loo_mahal;0.1;ensemble_loo_mahal;10;10;10;1;392;46;21;25;0;5;95;0.9809523809523809;0.9885714285714287;0.9795918367346939;0.96;0.96;0.0;;1.0;;;;;;3.5444180965423584
2026-02-17T18:38:48.839354;btad/01;cont_10pct_cosine_loo;0.1;cosine_loo;10;10;10;1;392;46;21;25;0;5;95;0.9828571428571428;0.9894117647058824;0.9795918367346939;0.96;0.96;0.0019047619047618536;;1.0;;;;;;3.5502099990844727
2026-02-17T18:38:51.522168;btad/01;cont_20pct_none;0.2;none;10;10;10;2;0;46;21;25;0;5;95;0.9695238095238095;0.9843902439024392;0.9795918367346939;0.96;0.96;-0.011428571428571455;0.0;;;;;;;2.5143678188323975
2026-02-17T18:38:53.959476;btad/01;cont_20pct_loo_patch;0.2;loo_patch;10;10;10;2;392;46;21;25;0;5;95;0.9771428571428571;0.9870270270270272;0.9795918367346939;0.96;0.96;-0.003809523809523818;0.6666666666666666;1.0;;;;;;2.328301429748535
2026-02-17T18:38:56.244182;btad/01;cont_20pct_random_patch;0.2;random_patch;10;10;10;2;392;46;21;25;0;5;95;0.9733333333333333;0.9856410256410257;0.9795918367346939;0.96;0.96;-0.007619047619047636;0.3333333333333333;1.0;;;;;;2.2826602458953857
2026-02-17T18:39:00.779579;btad/01;cont_20pct_mahalanobis_patch;0.2;mahalanobis_patch;10;10;10;2;392;46;21;25;0;5;95;0.9771428571428571;0.9870270270270272;0.9795918367346939;0.96;0.96;-0.003809523809523818;0.6666666666666666;1.0;;;;;;4.533135414123535
2026-02-17T18:39:02.820036;btad/01;cont_20pct_oracle_patch;0.2;oracle_patch;10;10;8;2;1568;46;21;25;0;5;95;0.9695238095238095;0.9843902439024392;0.9795918367346939;0.96;0.96;-0.011428571428571455;0.0;;;;;;;2.039456605911255
2026-02-17T18:39:07.956437;btad/01;cont_20pct_ensemble_loo_mahal;0.2;ensemble_loo_mahal;10;10;10;2;392;46;21;25;0;5;95;0.9714285714285714;0.9850000000000001;0.9795918367346939;0.96;0.96;-0.00952380952380949;0.16666666666667151;1.0;;;;;;4.928538084030151
2026-02-17T18:39:11.551090;btad/01;cont_20pct_cosine_loo;0.2;cosine_loo;10;10;10;2;392;46;21;25;0;5;95;0.979047619047619;0.9877777777777779;0.9795918367346939;0.96;0.96;-0.0019047619047618536;0.8333333333333381;1.0;;;;;;3.5921478271484375
2026-02-17T18:39:14.065718;btad/01;cont_30pct_none;0.3;none;10;10;10;3;0;46;21;25;0;5;95;0.9714285714285714;0.9850000000000001;0.9795918367346939;0.96;0.96;-0.00952380952380949;0.0;;;;;;;2.1693332195281982
2026-02-17T18:39:17.482795;btad/01;cont_30pct_loo_patch;0.3;loo_patch;10;10;10;3;392;46;21;25;0;5;95;0.9733333333333333;0.9856410256410257;0.9795918367346939;0.96;0.96;-0.007619047619047636;0.19999999999999535;1.0;;;;;;3.4150803089141846
2026-02-17T18:39:20.065191;btad/01;cont_30pct_random_patch;0.3;random_patch;10;10;10;3;392;46;21;25;0;5;95;0.9733333333333333;0.9856410256410257;0.9795918367346939;0.96;0.96;-0.007619047619047636;0.19999999999999535;1.0;;;;;;2.4797449111938477
2026-02-17T18:39:25.178366;btad/01;cont_30pct_mahalanobis_patch;0.3;mahalanobis_patch;10;10;10;3;392;46;21;25;0;5;95;0.9771428571428571;0.9870270270270272;0.9795918367346939;0.96;0.96;-0.003809523809523818;0.5999999999999976;1.0;;;;;;5.110171556472778
2026-02-17T18:39:26.776223;btad/01;cont_30pct_oracle_patch;0.3;oracle_patch;10;10;7;3;2352;46;21;25;0;5;95;0.9771428571428571;0.9870270270270272;0.9795918367346939;0.96;0.96;-0.003809523809523818;0.5999999999999976;;;;;;;1.5968568325042725
2026-02-17T18:39:32.036040;btad/01;cont_30pct_ensemble_loo_mahal;0.3;ensemble_loo_mahal;10;10;10;3;392;46;21;25;0;5;95;0.9733333333333333;0.9856410256410257;0.9795918367346939;0.96;0.96;-0.007619047619047636;0.19999999999999535;1.0;;;;;;5.2587854862213135
2026-02-17T18:39:35.662989;btad/01;cont_30pct_cosine_loo;0.3;cosine_loo;10;10;10;3;392;46;21;25;0;5;95;0.9714285714285714;0.9850000000000001;0.9795918367346939;0.96;0.96;-0.00952380952380949;0.0;1.0;;;;;;3.624685049057007
2026-02-17T18:39:39.567023;btad/01;cont_0pct_none;0.0;none;20;20;20;0;0;46;21;25;0;5;95;0.9847619047619047;0.9903030303030305;0.9795918367346939;0.96;0.96;;;;;;;;;3.7724883556365967
2026-02-17T18:39:48.623161;btad/01;cont_0pct_loo_patch;0.0;loo_patch;20;20;20;0;784;46;21;25;0;5;95;0.9904761904761904;0.9933333333333336;0.9795918367346939;0.96;0.96;;;;;;;;;9.0541353225708
2026-02-17T18:39:53.429441;btad/01;cont_0pct_random_patch;0.0;random_patch;20;20;20;0;784;46;21;25;0;5;95;0.9828571428571428;0.9894117647058824;0.9795918367346939;0.96;0.96;;;;;;;;;4.805280923843384
2026-02-17T18:40:01.217497;btad/01;cont_0pct_mahalanobis_patch;0.0;mahalanobis_patch;20;20;20;0;784;46;21;25;0;5;95;0.9923809523809524;0.9944827586206899;0.9795918367346939;0.96;0.96;;;;;;;;;7.784053087234497
2026-02-17T18:40:01.249743;btad/01;cont_0pct_oracle_patch;0.0;oracle_patch;20;20;20;0;0;46;21;25;0;5;95;0.9847619047619047;0.9903030303030305;0.9795918367346939;0.96;0.96;;;;;;;;;0.030245304107666016
2026-02-17T18:40:10.141896;btad/01;cont_0pct_ensemble_loo_mahal;0.0;ensemble_loo_mahal;20;20;20;0;784;46;21;25;0;5;95;0.9866666666666667;0.9912500000000002;0.9795918367346939;0.96;0.96;;;;;;;;;8.811926126480103
2026-02-17T18:40:20.655169;btad/01;cont_0pct_cosine_loo;0.0;cosine_loo;20;20;20;0;784;46;21;25;0;5;95;0.9866666666666667;0.9912500000000002;0.9795918367346939;0.96;0.96;;;;;;;;;10.512274026870728
2026-02-17T18:40:25.998600;btad/01;cont_10pct_none;0.1;none;20;20;20;2;0;46;21;25;0;5;95;0.979047619047619;0.9877777777777779;0.9795918367346939;0.96;0.96;-0.005714285714285672;0.0;;;;;;;5.316841125488281
2026-02-17T18:40:34.626118;btad/01;cont_10pct_loo_patch;0.1;loo_patch;20;20;20;2;784;46;21;25;0;5;95;0.9771428571428571;0.9870270270270272;0.9795918367346939;0.96;0.96;-0.007619047619047636;-0.3333333333333463;1.0;;;;;;8.56342101097107
2026-02-17T18:40:38.903972;btad/01;cont_10pct_random_patch;0.1;random_patch;20;20;20;2;784;46;21;25;0;5;95;0.9752380952380952;0.9863157894736845;0.9795918367346939;0.96;0.96;-0.00952380952380949;-0.6666666666666732;1.0;;;;;;4.270761966705322
2026-02-17T18:40:48.259281;btad/01;cont_10pct_mahalanobis_patch;0.1;mahalanobis_patch;20;20;20;2;784;46;21;25;0;5;95;0.9809523809523809;0.9885714285714287;0.9795918367346939;0.96;0.96;-0.003809523809523818;0.3333333333333269;1.0;;;;;;9.20747447013855
2026-02-17T18:40:52.294468;btad/01;cont_10pct_oracle_patch;0.1;oracle_patch;20;20;18;2;1568;46;21;25;0;5;95;0.979047619047619;0.9877777777777779;0.9795918367346939;0.96;0.96;-0.005714285714285672;0.0;;;;;;;4.034186124801636
2026-02-17T18:41:00.874298;btad/01;cont_10pct_ensemble_loo_mahal;0.1;ensemble_loo_mahal;20;20;20;2;784;46;21;25;0;5;95;0.9828571428571428;0.9894117647058824;0.9795918367346939;0.96;0.96;-0.0019047619047619646;0.6666666666666538;1.0;;;;;;8.379804849624634
2026-02-17T18:41:09.671514;btad/01;cont_10pct_cosine_loo;0.1;cosine_loo;20;20;20;2;784;46;21;25;0;5;95;0.9828571428571428;0.9894117647058824;0.9795918367346939;0.96;0.96;-0.0019047619047619646;0.6666666666666538;1.0;;;;;;8.794937133789062
2026-02-17T18:41:14.947569;btad/01;cont_20pct_none;0.2;none;20;20;20;4;0;46;21;25;0;5;95;0.9866666666666667;0.9912500000000002;0.9795918367346939;0.96;0.96;0.0019047619047619646;-0.0;;;;;;;5.235073089599609
2026-02-17T18:41:23.411768;btad/01;cont_20pct_loo_patch;0.2;loo_patch;20;20;20;4;784;46;21;25;0;5;95;0.9847619047619047;0.9903030303030305;0.9795918367346939;0.96;0.96;0.0;1.0;1.0;;;;;;8.360544919967651
2026-02-17T18:41:27.790165;btad/01;cont_20pct_random_patch;0.2;random_patch;20;20;20;4;784;46;21;25;0;5;95;0.9847619047619047;0.9903030303030305;0.9795918367346939;0.96;0.96;0.0;1.0;1.0;;;;;;4.376286506652832
2026-02-17T18:41:36.006644;btad/01;cont_20pct_mahalanobis_patch;0.2;mahalanobis_patch;20;20;20;4;784;46;21;25;0;5;95;0.9847619047619047;0.9903030303030305;0.9795918367346939;0.96;0.96;0.0;1.0;1.0;;;;;;8.121083498001099
2026-02-17T18:41:40.002423;btad/01;cont_20pct_oracle_patch;0.2;oracle_patch;20;20;16;4;3136;46;21;25;0;5;95;0.9866666666666667;0.9912500000000002;0.9795918367346939;0.96;0.96;0.0019047619047619646;-0.0;;;;;;;3.994781255722046
2026-02-17T18:41:48.322971;btad/01;cont_20pct_ensemble_loo_mahal;0.2;ensemble_loo_mahal;20;20;20;4;784;46;21;25;0;5;95;0.9847619047619047;0.9903030303030305;0.9795918367346939;0.96;0.96;0.0;1.0;1.0;;;;;;8.319550514221191
2026-02-17T18:41:56.818086;btad/01;cont_20pct_cosine_loo;0.2;cosine_loo;20;20;20;4;784;46;21;25;0;5;95;0.9866666666666667;0.9912500000000002;0.9795918367346939;0.96;0.96;0.0019047619047619646;-0.0;1.0;;;;;;8.492113828659058
2026-02-17T18:42:01.387337;btad/01;cont_30pct_none;0.3;none;20;20;20;6;0;46;21;25;0;5;95;0.9904761904761904;0.9933333333333336;0.9795918367346939;0.96;0.96;0.005714285714285672;-0.0;;;;;;;4.527860879898071
2026-02-17T18:42:09.889043;btad/01;cont_30pct_loo_patch;0.3;loo_patch;20;20;20;6;784;46;21;25;0;5;95;0.9904761904761904;0.9933333333333336;0.9795918367346939;0.96;0.96;0.005714285714285672;-0.0;1.0;;;;;;8.499705076217651
2026-02-17T18:42:14.284871;btad/01;cont_30pct_random_patch;0.3;random_patch;20;20;20;6;784;46;21;25;0;5;95;0.9866666666666667;0.9912500000000002;0.9795918367346939;0.96;0.96;0.0019047619047619646;0.6666666666666538;1.0;;;;;;4.39282751083374
2026-02-17T18:42:22.813655;btad/01;cont_30pct_mahalanobis_patch;0.3;mahalanobis_patch;20;20;20;6;784;46;21;25;0;5;95;0.9904761904761904;0.9933333333333336;0.9795918367346939;0.96;0.96;0.005714285714285672;-0.0;1.0;;;;;;8.383493900299072
2026-02-17T18:42:25.863259;btad/01;cont_30pct_oracle_patch;0.3;oracle_patch;20;20;14;6;4704;46;21;25;0;5;95;0.9885714285714285;0.9922580645161292;0.9795918367346939;0.96;0.96;0.003809523809523818;0.3333333333333269;;;;;;;3.0486035346984863
2026-02-17T18:42:34.210165;btad/01;cont_30pct_ensemble_loo_mahal;0.3;ensemble_loo_mahal;20;20;20;6;784;46;21;25;0;5;95;0.9904761904761904;0.9933333333333336;0.9795918367346939;0.96;0.96;0.005714285714285672;-0.0;1.0;;;;;;8.239277601242065
2026-02-17T18:42:42.681077;btad/01;cont_30pct_cosine_loo;0.3;cosine_loo;20;20;20;6;784;46;21;25;0;5;95;0.9904761904761904;0.9933333333333336;0.9795918367346939;0.96;0.96;0.005714285714285672;-0.0;1.0;;;;;;8.467778444290161
2026-02-17T18:42:45.340379;btad/01;cont_0pct_none;0.0;none;10;10;10;0;0;46;21;25;1;5;95;0.9657142857142856;0.9822095238095241;0.96;0.96;0.96;;;;;;;;;2.5388145446777344
2026-02-17T18:42:47.891564;btad/01;cont_0pct_loo_patch;0.0;loo_patch;10;10;10;0;392;46;21;25;1;5;95;0.9714285714285714;0.9850000000000001;0.9795918367346939;0.96;0.96;;;;;;;;;2.550185203552246
2026-02-17T18:42:50.303110;btad/01;cont_0pct_random_patch;0.0;random_patch;10;10;10;0;392;46;21;25;1;5;95;0.9657142857142856;0.9822095238095241;0.96;0.92;0.96;;;;;;;;;2.410546064376831
2026-02-17T18:42:54.815480;btad/01;cont_0pct_mahalanobis_patch;0.0;mahalanobis_patch;10;10;10;0;392;46;21;25;1;5;95;0.9714285714285715;0.9840410256410259;0.96;0.92;0.96;;;;;;;;;4.510367393493652
2026-02-17T18:42:54.832484;btad/01;cont_0pct_oracle_patch;0.0;oracle_patch;10;10;10;0;0;46;21;25;1;5;95;0.9657142857142856;0.9822095238095241;0.96;0.96;0.96;;;;;;;;;0.015996217727661133
2026-02-17T18:42:59.712271;btad/01;cont_0pct_ensemble_loo_mahal;0.0;ensemble_loo_mahal;10;10;10;0;392;46;21;25;1;5;95;0.9733333333333333;0.9856410256410257;0.9795918367346939;0.96;0.96;;;;;;;;;4.794948577880859
2026-02-17T18:43:03.399244;btad/01;cont_0pct_cosine_loo;0.0;cosine_loo;10;10;10;0;392;46;21;25;1;5;95;0.9733333333333333;0.9856410256410257;0.9795918367346939;0.96;0.96;;;;;;;;;3.6859734058380127
2026-02-17T18:43:06.442818;btad/01;cont_10pct_none;0.1;none;10;10;10;1;0;46;21;25;1;5;95;0.958095238095238;0.9771447028423774;0.9387755102040817;0.88;0.92;-0.007619047619047636;0.0;;;;;;;2.5676331520080566
2026-02-17T18:43:10.338164;btad/01;cont_10pct_loo_patch;0.1;loo_patch;10;10;10;1;392;46;21;25;1;5;95;0.9600000000000001;0.9767457994579947;0.9361702127659575;0.88;0.88;-0.005714285714285561;0.25000000000002187;1.0;;;;;;3.2686259746551514
2026-02-17T18:43:12.778638;btad/01;cont_10pct_random_patch;0.1;random_patch;10;10;10;1;392;46;21;25;1;5;95;0.96;0.977698412698413;0.9387755102040817;0.88;0.92;-0.005714285714285672;0.25000000000000727;1.0;;;;;;2.438474416732788
2026-02-17T18:43:17.626199;btad/01;cont_10pct_mahalanobis_patch;0.1;mahalanobis_patch;10;10;10;1;392;46;21;25;1;5;95;0.9657142857142856;0.981313320825516;0.9583333333333334;0.92;0.92;0.0;1.0;1.0;;;;;;4.84356164932251
2026-02-17T18:43:19.867416;btad/01;cont_10pct_oracle_patch;0.1;oracle_patch;10;10;9;1;784;46;21;25;1;5;95;0.96;0.9785122242098989;0.9411764705882353;0.88;0.92;-0.005714285714285672;0.25000000000000727;;;;;;;2.2402167320251465
2026-02-17T18:43:24.739415;btad/01;cont_10pct_ensemble_loo_mahal;0.1;ensemble_loo_mahal;10;10;10;1;392;46;21;25;1;5;95;0.9638095238095238;0.9796466541588496;0.9411764705882353;0.88;0.92;-0.0019047619047618536;0.7500000000000073;1.0;;;;;;4.869951963424683
2026-02-17T18:43:28.495872;btad/01;cont_10pct_cosine_loo;0.1;cosine_loo;10;10;10;1;392;46;21;25;1;5;95;0.9638095238095238;0.9796466541588496;0.9411764705882353;0.92;0.92;-0.0019047619047618536;0.7500000000000073;1.0;;;;;;3.754366159439087
2026-02-17T18:43:31.172595;btad/01;cont_20pct_none;0.2;none;10;10;10;2;0;46;21;25;1;5;95;0.9695238095238095;0.9809159159159162;0.9387755102040817;0.88;0.92;0.003809523809523818;-0.0;;;;;;;2.5290591716766357
2026-02-17T18:43:34.295223;btad/01;cont_20pct_loo_patch;0.2;loo_patch;10;10;10;2;392;46;21;25;1;5;95;0.9695238095238096;0.9815721997300948;0.9411764705882353;0.88;0.92;0.003809523809523929;-2.914335439641029e-14;1.0;;;;;;3.1206281185150146
2026-02-17T18:43:35.935292;btad/01;cont_20pct_random_patch;0.2;random_patch;10;10;10;2;392;46;21;25;1;5;95;0.9676190476190476;0.9800388663967614;0.9411764705882353;0.88;0.88;0.0019047619047619646;0.49999999999998546;1.0;;;;;;1.6370573043823242
2026-02-17T18:43:40.805612;btad/01;cont_20pct_mahalanobis_patch;0.2;mahalanobis_patch;10;10;10;2;392;46;21;25;1;5;95;0.9695238095238095;0.9807501039501041;0.9411764705882353;0.88;0.88;0.003809523809523818;-0.0;1.0;;;;;;4.867635011672974
2026-02-17T18:43:42.223029;btad/01;cont_20pct_oracle_patch;0.2;oracle_patch;10;10;8;2;1568;46;21;25;1;5;95;0.9733333333333333;0.9837603603603606;0.96;0.88;0.96;0.007619047619047636;-1.0;;;;;;;1.4164199829101562
2026-02-17T18:43:47.126927;btad/01;cont_20pct_ensemble_loo_mahal;0.2;ensemble_loo_mahal;10;10;10;2;392;46;21;25;1;5;95;0.9714285714285714;0.9822834372834375;0.9411764705882353;0.88;0.92;0.005714285714285783;-0.5000000000000145;1.0;;;;;;4.8043763637542725
2026-02-17T18:43:50.388381;btad/01;cont_20pct_cosine_loo;0.2;cosine_loo;10;10;10;2;392;46;21;25;1;5;95;0.9733333333333333;0.9837603603603606;0.96;0.88;0.96;0.007619047619047636;-1.0;1.0;;;;;;3.259453296661377
2026-02-17T18:43:52.964961;btad/01;cont_30pct_none;0.3;none;10;10;10;3;0;46;21;25;1;5;95;0.9657142857142857;0.9802564102564104;0.9411764705882353;0.88;0.92;1.1102230246251565e-16;;;;;;;;2.3398284912109375
2026-02-17T18:43:55.914265;btad/01;cont_30pct_loo_patch;0.3;loo_patch;10;10;10;3;392;46;21;25;1;5;95;0.9657142857142857;0.9802564102564104;0.9411764705882353;0.88;0.92;1.1102230246251565e-16;;1.0;;;;;;2.942307710647583
2026-02-17T18:43:58.534412;btad/01;cont_30pct_random_patch;0.3;random_patch;10;10;10;3;392;46;21;25;1;5;95;0.9657142857142857;0.9802564102564104;0.9411764705882353;0.88;0.92;1.1102230246251565e-16;;1.0;;;;;;2.3178651332855225
2026-02-17T18:44:03.121950;btad/01;cont_30pct_mahalanobis_patch;0.3;mahalanobis_patch;10;10;10;3;392;46;21;25;1;5;95;0.9676190476190476;0.9819230769230771;0.9583333333333334;0.92;0.92;0.0019047619047619646;;1.0;;;;;;4.585315704345703
2026-02-17T18:44:04.858042;btad/01;cont_30pct_oracle_patch;0.3;oracle_patch;10;10;7;3;2352;46;21;25;1;5;95;0.9695238095238095;0.9825641025641028;0.9583333333333334;0.92;0.92;0.003809523809523818;;;;;;;;1.7350928783416748
2026-02-17T18:44:14.068206;btad/01;cont_30pct_ensemble_loo_mahal;0.3;ensemble_loo_mahal;10;10;10;3;392;46;21;25;1;5;95;0.9676190476190476;0.9819230769230771;0.9583333333333334;0.92;0.92;0.0019047619047619646;;1.0;;;;;;8.08842945098877
2026-02-17T18:44:17.424944;btad/01;cont_30pct_cosine_loo;0.3;cosine_loo;10;10;10;3;392;46;21;25;1;5;95;0.9638095238095238;0.978723076923077;0.9411764705882353;0.88;0.88;-0.0019047619047618536;;1.0;;;;;;3.3537368774414062
2026-02-17T18:44:22.018438;btad/01;cont_0pct_none;0.0;none;20;20;20;0;0;46;21;25;1;5;95;0.9676190476190476;0.9819230769230771;0.9583333333333334;0.92;0.92;;;;;;;;;4.359765291213989
2026-02-17T18:44:29.662452;btad/01;cont_0pct_loo_patch;0.0;loo_patch;20;20;20;0;784;46;21;25;1;5;95;0.9657142857142856;0.981313320825516;0.9583333333333334;0.92;0.92;;;;;;;;;7.642888069152832
2026-02-17T18:44:34.078623;btad/01;cont_0pct_random_patch;0.0;random_patch;20;20;20;0;784;46;21;25;1;5;95;0.9676190476190476;0.9819230769230771;0.9583333333333334;0.92;0.92;;;;;;;;;4.415105104446411
2026-02-17T18:44:42.089397;btad/01;cont_0pct_mahalanobis_patch;0.0;mahalanobis_patch;20;20;20;0;784;46;21;25;1;5;95;0.9695238095238095;0.9825641025641028;0.9583333333333334;0.92;0.92;;;;;;;;;7.648096799850464
2026-02-17T18:44:42.116904;btad/01;cont_0pct_oracle_patch;0.0;oracle_patch;20;20;20;0;0;46;21;25;1;5;95;0.9676190476190476;0.9819230769230771;0.9583333333333334;0.92;0.92;;;;;;;;;0.026492595672607422
2026-02-17T18:44:50.272242;btad/01;cont_0pct_ensemble_loo_mahal;0.0;ensemble_loo_mahal;20;20;20;0;784;46;21;25;1;5;95;0.9714285714285714;0.9832388663967613;0.9583333333333334;0.92;0.92;;;;;;;;;8.05196738243103
2026-02-17T18:44:58.330140;btad/01;cont_0pct_cosine_loo;0.0;cosine_loo;20;20;20;0;784;46;21;25;1;5;95;0.9771428571428571;0.986177777777778;0.96;0.92;0.96;;;;;;;;;8.056427478790283
2026-02-17T18:45:02.469427;btad/01;cont_10pct_none;0.1;none;20;20;20;2;0;46;21;25;1;5;95;0.9676190476190476;0.9819230769230771;0.9583333333333334;0.92;0.92;0.0;;;;;;;;4.114285469055176
2026-02-17T18:45:10.103723;btad/01;cont_10pct_loo_patch;0.1;loo_patch;20;20;20;2;784;46;21;25;1;5;95;0.9657142857142856;0.9793641025641027;0.9411764705882353;0.88;0.88;-0.0019047619047619646;;1.0;;;;;;7.632294654846191
2026-02-17T18:45:14.393531;btad/01;cont_10pct_random_patch;0.1;random_patch;20;20;20;2;784;46;21;25;1;5;95;0.9695238095238095;0.9825641025641028;0.9583333333333334;0.92;0.92;0.0019047619047618536;;1.0;;;;;;4.2887797355651855
2026-02-17T18:45:23.110265;btad/01;cont_10pct_mahalanobis_patch;0.1;mahalanobis_patch;20;20;20;2;784;46;21;25;1;5;95;0.9657142857142857;0.9802564102564104;0.9411764705882353;0.88;0.92;-0.0019047619047618536;;1.0;;;;;;8.194271326065063
2026-02-17T18:45:27.134791;btad/01;cont_10pct_oracle_patch;0.1;oracle_patch;20;20;18;2;1568;46;21;25;1;5;95;0.9676190476190476;0.9819230769230771;0.9583333333333334;0.92;0.92;0.0;;;;;;;;4.023526191711426
2026-02-17T18:45:35.165900;btad/01;cont_10pct_ensemble_loo_mahal;0.1;ensemble_loo_mahal;20;20;20;2;784;46;21;25;1;5;95;0.9638095238095238;0.978723076923077;0.9411764705882353;0.88;0.88;-0.003809523809523818;;1.0;;;;;;7.936206340789795
2026-02-17T18:45:42.883198;btad/01;cont_10pct_cosine_loo;0.1;cosine_loo;20;20;20;2;784;46;21;25;1;5;95;0.9714285714285714;0.9832388663967613;0.9583333333333334;0.92;0.92;0.003809523809523818;;1.0;;;;;;7.715042352676392
2026-02-17T18:45:46.711856;btad/01;cont_20pct_none;0.2;none;20;20;20;4;0;46;21;25;1;5;95;0.9657142857142857;0.9802564102564104;0.9411764705882353;0.88;0.92;-0.0019047619047618536;0.0;;;;;;;3.7959492206573486
2026-02-17T18:45:55.232854;btad/01;cont_20pct_loo_patch;0.2;loo_patch;20;20;20;4;784;46;21;25;1;5;95;0.9657142857142857;0.9802564102564104;0.9411764705882353;0.88;0.92;-0.0019047619047618536;0.0;1.0;;;;;;8.516983032226562
2026-02-17T18:45:59.748583;btad/01;cont_20pct_random_patch;0.2;random_patch;20;20;20;4;784;46;21;25;1;5;95;0.9676190476190476;0.9819230769230771;0.9583333333333334;0.92;0.92;0.0;1.0;1.0;;;;;;4.411810398101807
2026-02-17T18:46:07.219235;btad/01;cont_20pct_mahalanobis_patch;0.2;mahalanobis_patch;20;20;20;4;784;46;21;25;1;5;95;0.9638095238095237;0.9788888888888891;0.9387755102040817;0.88;0.92;-0.003809523809523929;-1.0000000000001166;1.0;;;;;;7.4686524868011475
2026-02-17T18:46:10.933381;btad/01;cont_20pct_oracle_patch;0.2;oracle_patch;20;20;16;4;3136;46;21;25;1;5;95;0.9676190476190476;0.9819230769230771;0.9583333333333334;0.92;0.92;0.0;1.0;;;;;;;3.7131388187408447
2026-02-17T18:46:18.017956;btad/01;cont_20pct_ensemble_loo_mahal;0.2;ensemble_loo_mahal;20;20;20;4;784;46;21;25;1;5;95;0.9657142857142857;0.9802564102564104;0.9411764705882353;0.88;0.92;-0.0019047619047618536;0.0;1.0;;;;;;6.938698768615723
2026-02-17T18:46:27.138573;btad/01;cont_20pct_cosine_loo;0.2;cosine_loo;20;20;20;4;784;46;21;25;1;5;95;0.9657142857142857;0.9802564102564104;0.9411764705882353;0.88;0.92;-0.0019047619047618536;0.0;1.0;;;;;;9.11907434463501
2026-02-17T18:46:31.019214;btad/01;cont_30pct_none;0.3;none;20;20;20;6;0;46;21;25;1;5;95;0.9638095238095238;0.9807326007326009;0.9583333333333334;0.92;0.92;-0.003809523809523818;0.0;;;;;;;3.8487956523895264
2026-02-17T18:46:39.616266;btad/01;cont_30pct_loo_patch;0.3;loo_patch;20;20;20;6;784;46;21;25;1;5;95;0.9638095238095238;0.9807326007326009;0.9583333333333334;0.92;0.92;-0.003809523809523818;0.0;1.0;;;;;;8.595054864883423
2026-02-17T18:46:43.919114;btad/01;cont_30pct_random_patch;0.3;random_patch;20;20;20;6;784;46;21;25;1;5;95;0.9657142857142856;0.981313320825516;0.9583333333333334;0.92;0.92;-0.0019047619047619646;0.49999999999998546;1.0;;;;;;4.295847415924072
2026-02-17T18:46:52.412870;btad/01;cont_30pct_mahalanobis_patch;0.3;mahalanobis_patch;20;20;20;6;784;46;21;25;1;5;95;0.9638095238095238;0.9807326007326009;0.9583333333333334;0.92;0.92;-0.003809523809523818;0.0;1.0;;;;;;8.488734006881714
2026-02-17T18:46:55.638929;btad/01;cont_30pct_oracle_patch;0.3;oracle_patch;20;20;14;6;4704;46;21;25;1;5;95;0.9619047619047618;0.9801788908765654;0.9583333333333334;0.92;0.92;-0.005714285714285783;-0.5000000000000145;;;;;;;3.225018262863159
2026-02-17T18:47:02.928951;btad/01;cont_30pct_ensemble_loo_mahal;0.3;ensemble_loo_mahal;20;20;20;6;784;46;21;25;1;5;95;0.9638095238095238;0.9807326007326009;0.9583333333333334;0.92;0.92;-0.003809523809523818;0.0;1.0;;;;;;7.16253662109375
2026-02-17T18:47:11.360554;btad/01;cont_30pct_cosine_loo;0.3;cosine_loo;20;20;20;6;784;46;21;25;1;5;95;0.9638095238095238;0.9807326007326009;0.9583333333333334;0.92;0.92;-0.003809523809523818;0.0;1.0;;;;;;8.4286048412323
2026-02-17T18:47:13.662365;btad/01;cont_0pct_none;0.0;none;10;10;10;0;0;46;21;25;2;5;95;0.9714285714285714;0.9850000000000001;0.9795918367346939;0.96;0.96;;;;;;;;;2.2042043209075928
2026-02-17T18:47:17.043288;btad/01;cont_0pct_loo_patch;0.0;loo_patch;10;10;10;0;392;46;21;25;2;5;95;0.9714285714285714;0.9850000000000001;0.9795918367346939;0.96;0.96;;;;;;;;;3.3799235820770264
2026-02-17T18:47:18.988245;btad/01;cont_0pct_random_patch;0.0;random_patch;10;10;10;0;392;46;21;25;2;5;95;0.9714285714285714;0.9850000000000001;0.9795918367346939;0.96;0.96;;;;;;;;;1.850029706954956
2026-02-17T18:47:23.650481;btad/01;cont_0pct_mahalanobis_patch;0.0;mahalanobis_patch;10;10;10;0;392;46;21;25;2;5;95;0.9866666666666667;0.9912500000000002;0.9795918367346939;0.96;0.96;;;;;;;;;4.661236524581909
2026-02-17T18:47:23.665538;btad/01;cont_0pct_oracle_patch;0.0;oracle_patch;10;10;10;0;0;46;21;25;2;5;95;0.9714285714285714;0.9850000000000001;0.9795918367346939;0.96;0.96;;;;;;;;;0.014011383056640625
2026-02-17T18:47:28.618140;btad/01;cont_0pct_ensemble_loo_mahal;0.0;ensemble_loo_mahal;10;10;10;0;392;46;21;25;2;5;95;0.9733333333333333;0.9856410256410257;0.9795918367346939;0.96;0.96;;;;;;;;;4.733515739440918
2026-02-17T18:47:31.660538;btad/01;cont_0pct_cosine_loo;0.0;cosine_loo;10;10;10;0;392;46;21;25;2;5;95;0.9752380952380952;0.9863157894736845;0.9795918367346939;0.96;0.96;;;;;;;;;3.039398670196533
2026-02-17T18:47:34.190231;btad/01;cont_10pct_none;0.1;none;10;10;10;1;0;46;21;25;2;5;95;0.9752380952380952;0.9863157894736845;0.9795918367346939;0.96;0.96;0.003809523809523818;-0.0;;;;;;;2.3144450187683105
2026-02-17T18:47:37.612909;btad/01;cont_10pct_loo_patch;0.1;loo_patch;10;10;10;1;392;46;21;25;2;5;95;0.9733333333333333;0.9856410256410257;0.9795918367346939;0.96;0.96;0.0019047619047618536;0.5000000000000145;1.0;;;;;;3.420161008834839
2026-02-17T18:47:40.038791;btad/01;cont_10pct_random_patch;0.1;random_patch;10;10;10;1;392;46;21;25;2;5;95;0.9752380952380952;0.9863157894736845;0.9795918367346939;0.96;0.96;0.003809523809523818;-0.0;1.0;;;;;;2.24582839012146
2026-02-17T18:47:43.805809;btad/01;cont_10pct_mahalanobis_patch;0.1;mahalanobis_patch;10;10;10;1;392;46;21;25;2;5;95;0.9752380952380952;0.9863157894736845;0.9795918367346939;0.96;0.96;0.003809523809523818;-0.0;1.0;;;;;;3.7620177268981934
2026-02-17T18:47:45.740611;btad/01;cont_10pct_oracle_patch;0.1;oracle_patch;10;10;9;1;784;46;21;25;2;5;95;0.9752380952380952;0.9863157894736845;0.9795918367346939;0.96;0.96;0.003809523809523818;-0.0;;;;;;;1.9337985515594482
2026-02-17T18:47:50.349718;btad/01;cont_10pct_ensemble_loo_mahal;0.1;ensemble_loo_mahal;10;10;10;1;392;46;21;25;2;5;95;0.9733333333333333;0.9856410256410257;0.9795918367346939;0.96;0.96;0.0019047619047618536;0.5000000000000145;1.0;;;;;;4.6071085929870605
2026-02-17T18:47:53.269443;btad/01;cont_10pct_cosine_loo;0.1;cosine_loo;10;10;10;1;392;46;21;25;2;5;95;0.9714285714285714;0.9850000000000001;0.9795918367346939;0.96;0.96;0.0;1.0;1.0;;;;;;2.917642831802368
2026-02-17T18:47:55.732999;btad/01;cont_20pct_none;0.2;none;10;10;10;2;0;46;21;25;2;5;95;0.9714285714285714;0.9850000000000001;0.9795918367346939;0.96;0.96;0.0;;;;;;;;2.43599534034729
2026-02-17T18:47:58.822737;btad/01;cont_20pct_loo_patch;0.2;loo_patch;10;10;10;2;392;46;21;25;2;5;95;0.9714285714285714;0.9850000000000001;0.9795918367346939;0.96;0.96;0.0;;0.6875;;;;;;2.9585108757019043
2026-02-17T18:48:00.864628;btad/01;cont_20pct_random_patch;0.2;random_patch;10;10;10;2;392;46;21;25;2;5;95;0.9676190476190476;0.9838095238095239;0.9795918367346939;0.96;0.96;-0.003809523809523818;;0.6875;;;;;;2.0398917198181152
2026-02-17T18:48:05.647476;btad/01;cont_20pct_mahalanobis_patch;0.2;mahalanobis_patch;10;10;10;2;392;46;21;25;2;5;95;0.9714285714285714;0.9850000000000001;0.9795918367346939;0.96;0.96;0.0;;0.6875;;;;;;4.573361873626709
2026-02-17T18:48:07.689562;btad/01;cont_20pct_oracle_patch;0.2;oracle_patch;10;10;8;2;1568;46;21;25;2;5;95;0.9752380952380952;0.9863157894736845;0.9795918367346939;0.96;0.96;0.003809523809523818;;;;;;;;2.0410871505737305
2026-02-17T18:48:12.251640;btad/01;cont_20pct_ensemble_loo_mahal;0.2;ensemble_loo_mahal;10;10;10;2;392;46;21;25;2;5;95;0.9714285714285714;0.9850000000000001;0.9795918367346939;0.96;0.96;0.0;;0.6875;;;;;;4.206002473831177
2026-02-17T18:48:15.555434;btad/01;cont_20pct_cosine_loo;0.2;cosine_loo;10;10;10;2;392;46;21;25;2;5;95;0.9714285714285714;0.9850000000000001;0.9795918367346939;0.96;0.96;0.0;;0.6875;;;;;;3.3017923831939697
2026-02-17T18:48:17.956118;btad/01;cont_30pct_none;0.3;none;10;10;10;3;0;46;21;25;2;5;95;0.9657142857142856;0.9832558139534886;0.9795918367346939;0.96;0.96;-0.005714285714285783;0.0;;;;;;;2.244436502456665
2026-02-17T18:48:21.365419;btad/01;cont_30pct_loo_patch;0.3;loo_patch;10;10;10;3;392;46;21;25;2;5;95;0.9657142857142856;0.9832558139534886;0.9795918367346939;0.96;0.96;-0.005714285714285783;0.0;0.7619047619047619;;;;;;3.407296895980835
2026-02-17T18:48:23.660334;btad/01;cont_30pct_random_patch;0.3;random_patch;10;10;10;3;392;46;21;25;2;5;95;0.9676190476190476;0.9838095238095239;0.9795918367346939;0.96;0.96;-0.003809523809523818;0.3333333333333398;0.7619047619047619;;;;;;2.0631861686706543
2026-02-17T18:48:28.036578;btad/01;cont_30pct_mahalanobis_patch;0.3;mahalanobis_patch;10;10;10;3;392;46;21;25;2;5;95;0.9657142857142856;0.9832558139534886;0.9795918367346939;0.96;0.96;-0.005714285714285783;0.0;0.7619047619047619;;;;;;4.374032974243164
2026-02-17T18:48:29.785237;btad/01;cont_30pct_oracle_patch;0.3;oracle_patch;10;10;7;3;2352;46;21;25;2;5;95;0.9714285714285714;0.9850000000000001;0.9795918367346939;0.96;0.96;0.0;1.0;;;;;;;1.7486586570739746
2026-02-17T18:48:34.402455;btad/01;cont_30pct_ensemble_loo_mahal;0.3;ensemble_loo_mahal;10;10;10;3;392;46;21;25;2;5;95;0.9657142857142856;0.9832558139534886;0.9795918367346939;0.96;0.96;-0.005714285714285783;0.0;0.7619047619047619;;;;;;4.51361870765686
2026-02-17T18:48:37.785369;btad/01;cont_30pct_cosine_loo;0.3;cosine_loo;10;10;10;3;392;46;21;25;2;5;95;0.9657142857142856;0.9832558139534886;0.9795918367346939;0.96;0.96;-0.005714285714285783;0.0;0.7619047619047619;;;;;;3.3809149265289307
2026-02-17T18:48:42.211707;btad/01;cont_0pct_none;0.0;none;20;20;20;0;0;46;21;25;2;5;95;0.979047619047619;0.9877777777777779;0.9795918367346939;0.96;0.96;;;;;;;;;4.105688571929932
2026-02-17T18:48:51.138080;btad/01;cont_0pct_loo_patch;0.0;loo_patch;20;20;20;0;784;46;21;25;2;5;95;0.9771428571428571;0.9870270270270272;0.9795918367346939;0.96;0.96;;;;;;;;;8.925372123718262
2026-02-17T18:48:55.075963;btad/01;cont_0pct_random_patch;0.0;random_patch;20;20;20;0;784;46;21;25;2;5;95;0.9809523809523809;0.9885714285714287;0.9795918367346939;0.96;0.96;;;;;;;;;3.9378819465637207
2026-02-17T18:49:03.463595;btad/01;cont_0pct_mahalanobis_patch;0.0;mahalanobis_patch;20;20;20;0;784;46;21;25;2;5;95;0.979047619047619;0.9877777777777779;0.9795918367346939;0.96;0.96;;;;;;;;;8.380114555358887
2026-02-17T18:49:03.505895;btad/01;cont_0pct_oracle_patch;0.0;oracle_patch;20;20;20;0;0;46;21;25;2;5;95;0.979047619047619;0.9877777777777779;0.9795918367346939;0.96;0.96;;;;;;;;;0.03728890419006348
2026-02-17T18:49:11.824122;btad/01;cont_0pct_ensemble_loo_mahal;0.0;ensemble_loo_mahal;20;20;20;0;784;46;21;25;2;5;95;0.979047619047619;0.9877777777777779;0.9795918367346939;0.96;0.96;;;;;;;;;8.256974220275879
2026-02-17T18:49:19.764017;btad/01;cont_0pct_cosine_loo;0.0;cosine_loo;20;20;20;0;784;46;21;25;2;5;95;0.9828571428571428;0.9894117647058824;0.9795918367346939;0.96;0.96;;;;;;;;;7.938474178314209
2026-02-17T18:49:24.162759;btad/01;cont_10pct_none;0.1;none;20;20;20;2;0;46;21;25;2;5;95;0.979047619047619;0.9877777777777779;0.9795918367346939;0.96;0.96;0.0;;;;;;;;4.370767116546631
2026-02-17T18:49:33.061536;btad/01;cont_10pct_loo_patch;0.1;loo_patch;20;20;20;2;784;46;21;25;2;5;95;0.9828571428571428;0.9894117647058824;0.9795918367346939;0.96;0.96;0.003809523809523707;;1.0;;;;;;8.793887853622437
2026-02-17T18:49:37.207612;btad/01;cont_10pct_random_patch;0.1;random_patch;20;20;20;2;784;46;21;25;2;5;95;0.979047619047619;0.9877777777777779;0.9795918367346939;0.96;0.96;0.0;;1.0;;;;;;4.143519639968872
2026-02-17T18:49:44.905372;btad/01;cont_10pct_mahalanobis_patch;0.1;mahalanobis_patch;20;20;20;2;784;46;21;25;2;5;95;0.979047619047619;0.9877777777777779;0.9795918367346939;0.96;0.96;0.0;;1.0;;;;;;7.6957502365112305
2026-02-17T18:49:49.177669;btad/01;cont_10pct_oracle_patch;0.1;oracle_patch;20;20;18;2;1568;46;21;25;2;5;95;0.979047619047619;0.9877777777777779;0.9795918367346939;0.96;0.96;0.0;;;;;;;;4.2702953815460205
2026-02-17T18:49:56.981784;btad/01;cont_10pct_ensemble_loo_mahal;0.1;ensemble_loo_mahal;20;20;20;2;784;46;21;25;2;5;95;0.9771428571428571;0.9870270270270272;0.9795918367346939;0.96;0.96;-0.0019047619047619646;;1.0;;;;;;7.702895402908325
2026-02-17T18:50:04.629362;btad/01;cont_10pct_cosine_loo;0.1;cosine_loo;20;20;20;2;784;46;21;25;2;5;95;0.979047619047619;0.9877777777777779;0.9795918367346939;0.96;0.96;0.0;;1.0;;;;;;7.6455793380737305
2026-02-17T18:50:08.762931;btad/01;cont_20pct_none;0.2;none;20;20;20;4;0;46;21;25;2;5;95;0.979047619047619;0.9877777777777779;0.9795918367346939;0.96;0.96;0.0;;;;;;;;4.100048065185547
2026-02-17T18:50:17.022248;btad/01;cont_20pct_loo_patch;0.2;loo_patch;20;20;20;4;784;46;21;25;2;5;95;0.9847619047619047;0.9903030303030305;0.9795918367346939;0.96;0.96;0.005714285714285672;;0.953125;;;;;;8.258315801620483
2026-02-17T18:50:21.308777;btad/01;cont_20pct_random_patch;0.2;random_patch;20;20;20;4;784;46;21;25;2;5;95;0.9771428571428571;0.9870270270270272;0.9795918367346939;0.96;0.96;-0.0019047619047619646;;0.953125;;;;;;4.284435033798218
2026-02-17T18:50:29.452774;btad/01;cont_20pct_mahalanobis_patch;0.2;mahalanobis_patch;20;20;20;4;784;46;21;25;2;5;95;0.9752380952380952;0.9863157894736845;0.9795918367346939;0.96;0.96;-0.003809523809523818;;0.953125;;;;;;8.02685832977295
2026-02-17T18:50:32.702485;btad/01;cont_20pct_oracle_patch;0.2;oracle_patch;20;20;16;4;3136;46;21;25;2;5;95;0.9828571428571428;0.9894117647058824;0.9795918367346939;0.96;0.96;0.003809523809523707;;;;;;;;3.2487106323242188
2026-02-17T18:50:39.753411;btad/01;cont_20pct_ensemble_loo_mahal;0.2;ensemble_loo_mahal;20;20;20;4;784;46;21;25;2;5;95;0.9771428571428571;0.9870270270270272;0.9795918367346939;0.96;0.96;-0.0019047619047619646;;0.953125;;;;;;7.0489256381988525
2026-02-17T18:50:47.897378;btad/01;cont_20pct_cosine_loo;0.2;cosine_loo;20;20;20;4;784;46;21;25;2;5;95;0.979047619047619;0.9877777777777779;0.9795918367346939;0.96;0.96;0.0;;0.953125;;;;;;8.141905784606934
2026-02-17T18:50:52.482379;btad/01;cont_30pct_none;0.3;none;20;20;20;6;0;46;21;25;2;5;95;0.979047619047619;0.9877777777777779;0.9795918367346939;0.96;0.96;0.0;;;;;;;;4.5410003662109375
2026-02-17T18:51:00.883042;btad/01;cont_30pct_loo_patch;0.3;loo_patch;20;20;20;6;784;46;21;25;2;5;95;0.979047619047619;0.9877777777777779;0.9795918367346939;0.96;0.96;0.0;;0.9761904761904763;;;;;;8.396661758422852
2026-02-17T18:51:05.496835;btad/01;cont_30pct_random_patch;0.3;random_patch;20;20;20;6;784;46;21;25;2;5;95;0.979047619047619;0.9877777777777779;0.9795918367346939;0.96;0.96;0.0;;0.9761904761904763;;;;;;4.429031133651733
2026-02-17T18:51:12.143805;btad/01;cont_30pct_mahalanobis_patch;0.3;mahalanobis_patch;20;20;20;6;784;46;21;25;2;5;95;0.979047619047619;0.9877777777777779;0.9795918367346939;0.96;0.96;0.0;;0.9761904761904763;;;;;;6.642871618270874
2026-02-17T18:51:15.458985;btad/01;cont_30pct_oracle_patch;0.3;oracle_patch;20;20;14;6;4704;46;21;25;2;5;95;0.9847619047619047;0.9903030303030305;0.9795918367346939;0.96;0.96;0.005714285714285672;;;;;;;;3.3131697177886963
2026-02-17T18:51:23.183878;btad/01;cont_30pct_ensemble_loo_mahal;0.3;ensemble_loo_mahal;20;20;20;6;784;46;21;25;2;5;95;0.979047619047619;0.9877777777777779;0.9795918367346939;0.96;0.96;0.0;;0.9761904761904763;;;;;;7.62498664855957
2026-02-17T18:51:32.203593;btad/01;cont_30pct_cosine_loo;0.3;cosine_loo;20;20;20;6;784;46;21;25;2;5;95;0.979047619047619;0.9877777777777779;0.9795918367346939;0.96;0.96;0.0;;0.9761904761904763;;;;;;9.016191959381104
2026-02-17T18:51:34.224913;btad/01;cont_0pct_none;0.0;none;10;10;10;0;0;46;21;25;3;5;95;0.9771428571428571;0.9870270270270272;0.9795918367346939;0.96;0.96;;;;;;;;;1.8854010105133057
2026-02-17T18:51:37.568051;btad/01;cont_0pct_loo_patch;0.0;loo_patch;10;10;10;0;392;46;21;25;3;5;95;0.979047619047619;0.9877777777777779;0.9795918367346939;0.96;0.96;;;;;;;;;3.3373312950134277
2026-02-17T18:51:39.789236;btad/01;cont_0pct_random_patch;0.0;random_patch;10;10;10;0;392;46;21;25;3;5;95;0.9752380952380952;0.9863157894736845;0.9795918367346939;0.96;0.96;;;;;;;;;2.220188856124878
2026-02-17T18:51:44.521665;btad/01;cont_0pct_mahalanobis_patch;0.0;mahalanobis_patch;10;10;10;0;392;46;21;25;3;5;95;0.9809523809523809;0.9885714285714287;0.9795918367346939;0.96;0.96;;;;;;;;;4.6010565757751465
2026-02-17T18:51:44.534664;btad/01;cont_0pct_oracle_patch;0.0;oracle_patch;10;10;10;0;0;46;21;25;3;5;95;0.9771428571428571;0.9870270270270272;0.9795918367346939;0.96;0.96;;;;;;;;;0.011999368667602539
2026-02-17T18:51:48.338717;btad/01;cont_0pct_ensemble_loo_mahal;0.0;ensemble_loo_mahal;10;10;10;0;392;46;21;25;3;5;95;0.9809523809523809;0.9885714285714287;0.9795918367346939;0.96;0.96;;;;;;;;;3.8030524253845215
2026-02-17T18:51:51.562368;btad/01;cont_0pct_cosine_loo;0.0;cosine_loo;10;10;10;0;392;46;21;25;3;5;95;0.9752380952380952;0.9863157894736845;0.9795918367346939;0.96;0.96;;;;;;;;;3.2176496982574463
2026-02-17T18:51:54.366199;btad/01;cont_10pct_none;0.1;none;10;10;10;1;0;46;21;25;3;5;95;0.9752380952380952;0.9863157894736845;0.9795918367346939;0.96;0.96;-0.0019047619047618536;0.0;;;;;;;2.5340099334716797
2026-02-17T18:51:56.540710;btad/01;cont_10pct_loo_patch;0.1;loo_patch;10;10;10;1;392;46;21;25;3;5;95;0.9771428571428571;0.9870270270270272;0.9795918367346939;0.96;0.96;0.0;1.0;1.0;;;;;;2.172510862350464
2026-02-17T18:51:58.788173;btad/01;cont_10pct_random_patch;0.1;random_patch;10;10;10;1;392;46;21;25;3;5;95;0.9828571428571428;0.9894117647058824;0.9795918367346939;0.96;0.96;0.005714285714285672;4.000000000000059;1.0;;;;;;2.24546217918396
2026-02-17T18:52:02.875614;btad/01;cont_10pct_mahalanobis_patch;0.1;mahalanobis_patch;10;10;10;1;392;46;21;25;3;5;95;0.979047619047619;0.9877777777777779;0.9795918367346939;0.96;0.96;0.0019047619047619646;2.000000000000058;1.0;;;;;;4.082933664321899
2026-02-17T18:52:05.015068;btad/01;cont_10pct_oracle_patch;0.1;oracle_patch;10;10;9;1;784;46;21;25;3;5;95;0.9752380952380952;0.9863157894736845;0.9795918367346939;0.96;0.96;-0.0019047619047618536;0.0;;;;;;;2.1364548206329346
2026-02-17T18:52:10.630743;btad/01;cont_10pct_ensemble_loo_mahal;0.1;ensemble_loo_mahal;10;10;10;1;392;46;21;25;3;5;95;0.979047619047619;0.9877777777777779;0.9795918367346939;0.96;0.96;0.0019047619047619646;2.000000000000058;1.0;;;;;;4.450655937194824
2026-02-17T18:52:13.686826;btad/01;cont_10pct_cosine_loo;0.1;cosine_loo;10;10;10;1;392;46;21;25;3;5;95;0.9809523809523809;0.9885714285714287;0.9795918367346939;0.96;0.96;0.003809523809523818;3.000000000000058;1.0;;;;;;3.0481584072113037
2026-02-17T18:52:16.361660;btad/01;cont_20pct_none;0.2;none;10;10;10;2;0;46;21;25;3;5;95;0.979047619047619;0.9877777777777779;0.9795918367346939;0.96;0.96;0.0019047619047619646;-0.0;;;;;;;2.46466326713562
2026-02-17T18:52:19.749269;btad/01;cont_20pct_loo_patch;0.2;loo_patch;10;10;10;2;392;46;21;25;3;5;95;0.979047619047619;0.9877777777777779;0.9795918367346939;0.96;0.96;0.0019047619047619646;-0.0;1.0;;;;;;3.3856043815612793
2026-02-17T18:52:22.258094;btad/01;cont_20pct_random_patch;0.2;random_patch;10;10;10;2;392;46;21;25;3;5;95;0.979047619047619;0.9877777777777779;0.9795918367346939;0.96;0.96;0.0019047619047619646;-0.0;1.0;;;;;;2.394810676574707
2026-02-17T18:52:25.885588;btad/01;cont_20pct_mahalanobis_patch;0.2;mahalanobis_patch;10;10;10;2;392;46;21;25;3;5;95;0.979047619047619;0.9877777777777779;0.9795918367346939;0.96;0.96;0.0019047619047619646;-0.0;1.0;;;;;;3.6253528594970703
2026-02-17T18:52:27.577861;btad/01;cont_20pct_oracle_patch;0.2;oracle_patch;10;10;8;2;1568;46;21;25;3;5;95;0.9771428571428571;0.9870270270270272;0.9795918367346939;0.96;0.96;0.0;1.0;;;;;;;1.691265344619751
2026-02-17T18:52:32.192431;btad/01;cont_20pct_ensemble_loo_mahal;0.2;ensemble_loo_mahal;10;10;10;2;392;46;21;25;3;5;95;0.979047619047619;0.9877777777777779;0.9795918367346939;0.96;0.96;0.0019047619047619646;-0.0;1.0;;;;;;4.612510919570923
2026-02-17T18:52:34.975264;btad/01;cont_20pct_cosine_loo;0.2;cosine_loo;10;10;10;2;392;46;21;25;3;5;95;0.979047619047619;0.9877777777777779;0.9795918367346939;0.96;0.96;0.0019047619047619646;-0.0;1.0;;;;;;2.7796034812927246
2026-02-17T18:52:36.848541;btad/01;cont_30pct_none;0.3;none;10;10;10;3;0;46;21;25;3;5;95;0.9771428571428571;0.9870270270270272;0.9795918367346939;0.96;0.96;0.0;;;;;;;;1.8591735363006592
2026-02-17T18:52:40.234023;btad/01;cont_30pct_loo_patch;0.3;loo_patch;10;10;10;3;392;46;21;25;3;5;95;0.9771428571428571;0.9870270270270272;0.9795918367346939;0.96;0.96;0.0;;1.0;;;;;;3.383481502532959
2026-02-17T18:52:42.281107;btad/01;cont_30pct_random_patch;0.3;random_patch;10;10;10;3;392;46;21;25;3;5;95;0.979047619047619;0.9877777777777779;0.9795918367346939;0.96;0.96;0.0019047619047619646;;1.0;;;;;;1.6769771575927734
2026-02-17T18:52:46.877425;btad/01;cont_30pct_mahalanobis_patch;0.3;mahalanobis_patch;10;10;10;3;392;46;21;25;3;5;95;0.9771428571428571;0.9870270270270272;0.9795918367346939;0.96;0.96;0.0;;1.0;;;;;;4.593311309814453
2026-02-17T18:52:48.543928;btad/01;cont_30pct_oracle_patch;0.3;oracle_patch;10;10;7;3;2352;46;21;25;3;5;95;0.9771428571428571;0.9870270270270272;0.9795918367346939;0.96;0.96;0.0;;;;;;;;1.664503812789917
2026-02-17T18:52:52.625171;btad/01;cont_30pct_ensemble_loo_mahal;0.3;ensemble_loo_mahal;10;10;10;3;392;46;21;25;3;5;95;0.9771428571428571;0.9870270270270272;0.9795918367346939;0.96;0.96;0.0;;1.0;;;;;;3.977555274963379
2026-02-17T18:52:56.080709;btad/01;cont_30pct_cosine_loo;0.3;cosine_loo;10;10;10;3;392;46;21;25;3;5;95;0.9771428571428571;0.9870270270270272;0.9795918367346939;0.96;0.96;0.0;;1.0;;;;;;3.4545366764068604
2026-02-17T18:53:01.148349;btad/01;cont_0pct_none;0.0;none;20;20;20;0;0;46;21;25;3;5;95;0.9771428571428571;0.9870270270270272;0.9795918367346939;0.96;0.96;;;;;;;;;4.526400089263916
2026-02-17T18:53:08.830827;btad/01;cont_0pct_loo_patch;0.0;loo_patch;20;20;20;0;784;46;21;25;3;5;95;0.979047619047619;0.9877777777777779;0.9795918367346939;0.96;0.96;;;;;;;;;7.681477785110474
2026-02-17T18:53:12.093200;btad/01;cont_0pct_random_patch;0.0;random_patch;20;20;20;0;784;46;21;25;3;5;95;0.9752380952380952;0.9863157894736845;0.9795918367346939;0.96;0.96;;;;;;;;;3.261371374130249
2026-02-17T18:53:19.441078;btad/01;cont_0pct_mahalanobis_patch;0.0;mahalanobis_patch;20;20;20;0;784;46;21;25;3;5;95;0.9809523809523809;0.9885714285714287;0.9795918367346939;0.96;0.96;;;;;;;;;7.346877336502075
2026-02-17T18:53:19.476807;btad/01;cont_0pct_oracle_patch;0.0;oracle_patch;20;20;20;0;0;46;21;25;3;5;95;0.9771428571428571;0.9870270270270272;0.9795918367346939;0.96;0.96;;;;;;;;;0.03473019599914551
2026-02-17T18:53:27.748999;btad/01;cont_0pct_ensemble_loo_mahal;0.0;ensemble_loo_mahal;20;20;20;0;784;46;21;25;3;5;95;0.979047619047619;0.9877777777777779;0.9795918367346939;0.96;0.96;;;;;;;;;8.200042724609375
2026-02-17T18:53:36.540455;btad/01;cont_0pct_cosine_loo;0.0;cosine_loo;20;20;20;0;784;46;21;25;3;5;95;0.9771428571428571;0.9870270270270272;0.9795918367346939;0.96;0.96;;;;;;;;;8.790457010269165
2026-02-17T18:53:40.418549;btad/01;cont_10pct_none;0.1;none;20;20;20;2;0;46;21;25;3;5;95;0.9809523809523809;0.9885714285714287;0.9795918367346939;0.96;0.96;0.003809523809523818;-0.0;;;;;;;3.850125789642334
2026-02-17T18:53:47.759327;btad/01;cont_10pct_loo_patch;0.1;loo_patch;20;20;20;2;784;46;21;25;3;5;95;0.979047619047619;0.9877777777777779;0.9795918367346939;0.96;0.96;0.0019047619047619646;0.49999999999998546;1.0;;;;;;7.338776588439941
2026-02-17T18:53:52.048765;btad/01;cont_10pct_random_patch;0.1;random_patch;20;20;20;2;784;46;21;25;3;5;95;0.9771428571428571;0.9870270270270272;0.9795918367346939;0.96;0.96;0.0;1.0;1.0;;;;;;4.287930965423584
2026-02-17T18:53:59.992933;btad/01;cont_10pct_mahalanobis_patch;0.1;mahalanobis_patch;20;20;20;2;784;46;21;25;3;5;95;0.979047619047619;0.9877777777777779;0.9795918367346939;0.96;0.96;0.0019047619047619646;0.49999999999998546;1.0;;;;;;7.941159248352051
2026-02-17T18:54:04.181811;btad/01;cont_10pct_oracle_patch;0.1;oracle_patch;20;20;18;2;1568;46;21;25;3;5;95;0.9809523809523809;0.9885714285714287;0.9795918367346939;0.96;0.96;0.003809523809523818;-0.0;;;;;;;4.187877893447876
2026-02-17T18:54:12.238646;btad/01;cont_10pct_ensemble_loo_mahal;0.1;ensemble_loo_mahal;20;20;20;2;784;46;21;25;3;5;95;0.9809523809523809;0.9885714285714287;0.9795918367346939;0.96;0.96;0.003809523809523818;-0.0;1.0;;;;;;7.823821544647217
2026-02-17T18:54:20.242651;btad/01;cont_10pct_cosine_loo;0.1;cosine_loo;20;20;20;2;784;46;21;25;3;5;95;0.9771428571428571;0.9870270270270272;0.9795918367346939;0.96;0.96;0.0;1.0;1.0;;;;;;8.000829696655273
2026-02-17T18:54:25.009965;btad/01;cont_20pct_none;0.2;none;20;20;20;4;0;46;21;25;3;5;95;0.9752380952380952;0.9863157894736845;0.9795918367346939;0.96;0.96;-0.0019047619047618536;0.0;;;;;;;4.724529027938843
2026-02-17T18:54:32.680674;btad/01;cont_20pct_loo_patch;0.2;loo_patch;20;20;20;4;784;46;21;25;3;5;95;0.9733333333333333;0.9856410256410257;0.9795918367346939;0.96;0.96;-0.003809523809523818;-1.0000000000000584;0.984375;;;;;;7.514545679092407
2026-02-17T18:54:36.739557;btad/01;cont_20pct_random_patch;0.2;random_patch;20;20;20;4;784;46;21;25;3;5;95;0.9714285714285714;0.9850000000000001;0.9795918367346939;0.96;0.96;-0.005714285714285672;-2.000000000000058;0.984375;;;;;;4.056885242462158
2026-02-17T18:54:45.095872;btad/01;cont_20pct_mahalanobis_patch;0.2;mahalanobis_patch;20;20;20;4;784;46;21;25;3;5;95;0.9695238095238095;0.9843902439024392;0.9795918367346939;0.96;0.96;-0.007619047619047636;-3.000000000000117;0.984375;;;;;;7.802408456802368
2026-02-17T18:54:48.425519;btad/01;cont_20pct_oracle_patch;0.2;oracle_patch;20;20;16;4;3136;46;21;25;3;5;95;0.979047619047619;0.9877777777777779;0.9795918367346939;0.96;0.96;0.0019047619047619646;2.000000000000058;;;;;;;3.3286454677581787
2026-02-17T18:54:56.071900;btad/01;cont_20pct_ensemble_loo_mahal;0.2;ensemble_loo_mahal;20;20;20;4;784;46;21;25;3;5;95;0.9695238095238095;0.9843902439024392;0.9795918367346939;0.96;0.96;-0.007619047619047636;-3.000000000000117;0.984375;;;;;;7.640888929367065
2026-02-17T18:55:04.164294;btad/01;cont_20pct_cosine_loo;0.2;cosine_loo;20;20;20;4;784;46;21;25;3;5;95;0.9714285714285714;0.9850000000000001;0.9795918367346939;0.96;0.96;-0.005714285714285672;-2.000000000000058;0.984375;;;;;;8.091394424438477
2026-02-17T18:55:08.215846;btad/01;cont_30pct_none;0.3;none;20;20;20;6;0;46;21;25;3;5;95;0.9714285714285714;0.9850000000000001;0.9795918367346939;0.96;0.96;-0.005714285714285672;0.0;;;;;;;4.014878749847412
2026-02-17T18:55:15.946621;btad/01;cont_30pct_loo_patch;0.3;loo_patch;20;20;20;6;784;46;21;25;3;5;95;0.9714285714285714;0.9850000000000001;0.9795918367346939;0.96;0.96;-0.005714285714285672;0.0;0.9761904761904763;;;;;;7.72777533531189
2026-02-17T18:55:20.322753;btad/01;cont_30pct_random_patch;0.3;random_patch;20;20;20;6;784;46;21;25;3;5;95;0.9771428571428571;0.9870270270270272;0.9795918367346939;0.96;0.96;0.0;1.0;0.9761904761904763;;;;;;4.371662616729736
2026-02-17T18:55:27.819993;btad/01;cont_30pct_mahalanobis_patch;0.3;mahalanobis_patch;20;20;20;6;784;46;21;25;3;5;95;0.9771428571428571;0.9870270270270272;0.9795918367346939;0.96;0.96;0.0;1.0;0.9761904761904763;;;;;;7.392144680023193
2026-02-17T18:55:31.060152;btad/01;cont_30pct_oracle_patch;0.3;oracle_patch;20;20;14;6;4704;46;21;25;3;5;95;0.9904761904761904;0.9933333333333336;0.9795918367346939;0.96;0.96;0.013333333333333308;3.3333333333333464;;;;;;;3.2390732765197754
2026-02-17T18:55:38.813392;btad/01;cont_30pct_ensemble_loo_mahal;0.3;ensemble_loo_mahal;20;20;20;6;784;46;21;25;3;5;95;0.9695238095238095;0.9843902439024392;0.9795918367346939;0.96;0.96;-0.007619047619047636;-0.3333333333333463;0.9761904761904763;;;;;;7.5956878662109375
2026-02-17T18:55:46.623479;btad/01;cont_30pct_cosine_loo;0.3;cosine_loo;20;20;20;6;784;46;21;25;3;5;95;0.9714285714285714;0.9850000000000001;0.9795918367346939;0.96;0.96;-0.005714285714285672;0.0;0.9761904761904763;;;;;;7.808085203170776
2026-02-17T18:55:49.109318;btad/01;cont_0pct_none;0.0;none;10;10;10;0;0;46;21;25;4;5;95;0.979047619047619;0.9877777777777779;0.9795918367346939;0.96;0.96;;;;;;;;;2.364623785018921
2026-02-17T18:55:51.926719;btad/01;cont_0pct_loo_patch;0.0;loo_patch;10;10;10;0;392;46;21;25;4;5;95;0.979047619047619;0.9877777777777779;0.9795918367346939;0.96;0.96;;;;;;;;;2.8118033409118652
2026-02-17T18:55:54.321162;btad/01;cont_0pct_random_patch;0.0;random_patch;10;10;10;0;392;46;21;25;4;5;95;0.9771428571428571;0.9870270270270272;0.9795918367346939;0.96;0.96;;;;;;;;;2.2916460037231445
2026-02-17T18:55:59.115113;btad/01;cont_0pct_mahalanobis_patch;0.0;mahalanobis_patch;10;10;10;0;392;46;21;25;4;5;95;0.9809523809523809;0.9885714285714287;0.9795918367346939;0.96;0.96;;;;;;;;;4.792948246002197
2026-02-17T18:55:59.132613;btad/01;cont_0pct_oracle_patch;0.0;oracle_patch;10;10;10;0;0;46;21;25;4;5;95;0.979047619047619;0.9877777777777779;0.9795918367346939;0.96;0.96;;;;;;;;;0.017499923706054688
2026-02-17T18:56:03.461133;btad/01;cont_0pct_ensemble_loo_mahal;0.0;ensemble_loo_mahal;10;10;10;0;392;46;21;25;4;5;95;0.979047619047619;0.9877777777777779;0.9795918367346939;0.96;0.96;;;;;;;;;4.216207504272461
2026-02-17T18:56:06.772025;btad/01;cont_0pct_cosine_loo;0.0;cosine_loo;10;10;10;0;392;46;21;25;4;5;95;0.9752380952380952;0.9863157894736845;0.9795918367346939;0.96;0.96;;;;;;;;;3.305889844894409
2026-02-17T18:56:09.045048;btad/01;cont_10pct_none;0.1;none;10;10;10;1;0;46;21;25;4;5;95;0.9676190476190476;0.9838095238095239;0.9795918367346939;0.96;0.96;-0.011428571428571455;0.0;;;;;;;2.2590219974517822
2026-02-17T18:56:12.548111;btad/01;cont_10pct_loo_patch;0.1;loo_patch;10;10;10;1;392;46;21;25;4;5;95;0.9733333333333333;0.9856410256410257;0.9795918367346939;0.96;0.96;-0.005714285714285783;0.49999999999999517;1.0;;;;;;3.5010571479797363
2026-02-17T18:56:14.282083;btad/01;cont_10pct_random_patch;0.1;random_patch;10;10;10;1;392;46;21;25;4;5;95;0.9733333333333333;0.9856410256410257;0.9795918367346939;0.96;0.96;-0.005714285714285783;0.49999999999999517;1.0;;;;;;1.6270275115966797
2026-02-17T18:56:18.717060;btad/01;cont_10pct_mahalanobis_patch;0.1;mahalanobis_patch;10;10;10;1;392;46;21;25;4;5;95;0.9771428571428571;0.9870270270270272;0.9795918367346939;0.96;0.96;-0.0019047619047619646;0.8333333333333285;1.0;;;;;;4.4338295459747314
2026-02-17T18:56:20.396309;btad/01;cont_10pct_oracle_patch;0.1;oracle_patch;10;10;9;1;784;46;21;25;4;5;95;0.9771428571428571;0.9870270270270272;0.9795918367346939;0.96;0.96;-0.0019047619047619646;0.8333333333333285;;;;;;;1.6702392101287842
2026-02-17T18:56:24.813370;btad/01;cont_10pct_ensemble_loo_mahal;0.1;ensemble_loo_mahal;10;10;10;1;392;46;21;25;4;5;95;0.979047619047619;0.9877777777777779;0.9795918367346939;0.96;0.96;0.0;1.0;1.0;;;;;;4.41506028175354
2026-02-17T18:56:27.698404;btad/01;cont_10pct_cosine_loo;0.1;cosine_loo;10;10;10;1;392;46;21;25;4;5;95;0.9752380952380952;0.9863157894736845;0.9795918367346939;0.96;0.96;-0.003809523809523818;0.6666666666666666;1.0;;;;;;2.8810386657714844
2026-02-17T18:56:30.154125;btad/01;cont_20pct_none;0.2;none;10;10;10;2;0;46;21;25;4;5;95;0.9733333333333333;0.9856410256410257;0.9795918367346939;0.96;0.96;-0.005714285714285783;0.0;;;;;;;2.3206021785736084
2026-02-17T18:56:33.457768;btad/01;cont_20pct_loo_patch;0.2;loo_patch;10;10;10;2;392;46;21;25;4;5;95;0.9733333333333333;0.9856410256410257;0.9795918367346939;0.96;0.96;-0.005714285714285783;0.0;1.0;;;;;;3.3006393909454346
2026-02-17T18:56:35.861837;btad/01;cont_20pct_random_patch;0.2;random_patch;10;10;10;2;392;46;21;25;4;5;95;0.9695238095238095;0.9843902439024392;0.9795918367346939;0.96;0.96;-0.009523809523809601;-0.6666666666666602;1.0;;;;;;2.238323211669922
2026-02-17T18:56:40.161740;btad/01;cont_20pct_mahalanobis_patch;0.2;mahalanobis_patch;10;10;10;2;392;46;21;25;4;5;95;0.9733333333333333;0.9856410256410257;0.9795918367346939;0.96;0.96;-0.005714285714285783;0.0;1.0;;;;;;4.297903299331665
2026-02-17T18:56:42.069975;btad/01;cont_20pct_oracle_patch;0.2;oracle_patch;10;10;8;2;1568;46;21;25;4;5;95;0.9771428571428571;0.9870270270270272;0.9795918367346939;0.96;0.96;-0.0019047619047619646;0.6666666666666602;;;;;;;1.906236171722412
2026-02-17T18:56:46.957127;btad/01;cont_20pct_ensemble_loo_mahal;0.2;ensemble_loo_mahal;10;10;10;2;392;46;21;25;4;5;95;0.9733333333333333;0.9856410256410257;0.9795918367346939;0.96;0.96;-0.005714285714285783;0.0;1.0;;;;;;4.787521839141846
2026-02-17T18:56:49.896762;btad/01;cont_20pct_cosine_loo;0.2;cosine_loo;10;10;10;2;392;46;21;25;4;5;95;0.9733333333333333;0.9856410256410257;0.9795918367346939;0.96;0.96;-0.005714285714285783;0.0;1.0;;;;;;2.9351160526275635
2026-02-17T18:56:51.838839;btad/01;cont_30pct_none;0.3;none;10;10;10;3;0;46;21;25;4;5;95;0.9657142857142856;0.9832558139534886;0.9795918367346939;0.96;0.96;-0.01333333333333342;0.0;;;;;;;1.9260718822479248
2026-02-17T18:56:55.247612;btad/01;cont_30pct_loo_patch;0.3;loo_patch;10;10;10;3;392;46;21;25;4;5;95;0.9657142857142856;0.9832558139534886;0.9795918367346939;0.96;0.96;-0.01333333333333342;0.0;1.0;;;;;;3.407578468322754
2026-02-17T18:56:57.570890;btad/01;cont_30pct_random_patch;0.3;random_patch;10;10;10;3;392;46;21;25;4;5;95;0.9676190476190476;0.9838095238095239;0.9795918367346939;0.96;0.96;-0.011428571428571455;0.14285714285714643;1.0;;;;;;2.1649303436279297
2026-02-17T18:57:01.322444;btad/01;cont_30pct_mahalanobis_patch;0.3;mahalanobis_patch;10;10;10;3;392;46;21;25;4;5;95;0.9733333333333333;0.9856410256410257;0.9795918367346939;0.96;0.96;-0.005714285714285783;0.5714285714285691;1.0;;;;;;3.7485556602478027
2026-02-17T18:57:02.809964;btad/01;cont_30pct_oracle_patch;0.3;oracle_patch;10;10;7;3;2352;46;21;25;4;5;95;0.9714285714285714;0.9850000000000001;0.9795918367346939;0.96;0.96;-0.007619047619047636;0.42857142857143093;;;;;;;1.4865200519561768
2026-02-17T18:57:07.095234;btad/01;cont_30pct_ensemble_loo_mahal;0.3;ensemble_loo_mahal;10;10;10;3;392;46;21;25;4;5;95;0.9657142857142856;0.9832558139534886;0.9795918367346939;0.96;0.96;-0.01333333333333342;0.0;1.0;;;;;;4.28326940536499
2026-02-17T18:57:10.459007;btad/01;cont_30pct_cosine_loo;0.3;cosine_loo;10;10;10;3;392;46;21;25;4;5;95;0.9657142857142856;0.9832558139534886;0.9795918367346939;0.96;0.96;-0.01333333333333342;0.0;1.0;;;;;;3.361774206161499
2026-02-17T18:57:15.419901;btad/01;cont_0pct_none;0.0;none;20;20;20;0;0;46;21;25;4;5;95;0.9847619047619047;0.9903030303030305;0.9795918367346939;0.96;0.96;;;;;;;;;4.628666639328003
2026-02-17T18:57:24.149053;btad/01;cont_0pct_loo_patch;0.0;loo_patch;20;20;20;0;784;46;21;25;4;5;95;0.9809523809523809;0.9885714285714287;0.9795918367346939;0.96;0.96;;;;;;;;;8.726149797439575
2026-02-17T18:57:28.565725;btad/01;cont_0pct_random_patch;0.0;random_patch;20;20;20;0;784;46;21;25;4;5;95;0.9866666666666667;0.9912500000000002;0.9795918367346939;0.96;0.96;;;;;;;;;4.41567325592041
2026-02-17T18:57:36.974321;btad/01;cont_0pct_mahalanobis_patch;0.0;mahalanobis_patch;20;20;20;0;784;46;21;25;4;5;95;0.9828571428571428;0.9894117647058824;0.9795918367346939;0.96;0.96;;;;;;;;;8.230653762817383
2026-02-17T18:57:37.004303;btad/01;cont_0pct_oracle_patch;0.0;oracle_patch;20;20;20;0;0;46;21;25;4;5;95;0.9847619047619047;0.9903030303030305;0.9795918367346939;0.96;0.96;;;;;;;;;0.028982162475585938
2026-02-17T18:57:44.786928;btad/01;cont_0pct_ensemble_loo_mahal;0.0;ensemble_loo_mahal;20;20;20;0;784;46;21;25;4;5;95;0.9828571428571428;0.9894117647058824;0.9795918367346939;0.96;0.96;;;;;;;;;7.682042360305786
2026-02-17T18:57:53.487172;btad/01;cont_0pct_cosine_loo;0.0;cosine_loo;20;20;20;0;784;46;21;25;4;5;95;0.9828571428571428;0.9894117647058824;0.9795918367346939;0.96;0.96;;;;;;;;;8.69724416732788
2026-02-17T18:57:58.089318;btad/01;cont_10pct_none;0.1;none;20;20;20;2;0;46;21;25;4;5;95;0.9771428571428571;0.9870270270270272;0.9795918367346939;0.96;0.96;-0.007619047619047636;0.0;;;;;;;4.580138444900513
2026-02-17T18:58:07.336552;btad/01;cont_10pct_loo_patch;0.1;loo_patch;20;20;20;2;784;46;21;25;4;5;95;0.9809523809523809;0.9885714285714287;0.9795918367346939;0.96;0.96;-0.003809523809523818;0.5;1.0;;;;;;9.13191556930542
2026-02-17T18:58:10.776647;btad/01;cont_10pct_random_patch;0.1;random_patch;20;20;20;2;784;46;21;25;4;5;95;0.9809523809523809;0.9885714285714287;0.9795918367346939;0.96;0.96;-0.003809523809523818;0.5;1.0;;;;;;3.4340996742248535
2026-02-17T18:58:17.563841;btad/01;cont_10pct_mahalanobis_patch;0.1;mahalanobis_patch;20;20;20;2;784;46;21;25;4;5;95;0.9809523809523809;0.9885714285714287;0.9795918367346939;0.96;0.96;-0.003809523809523818;0.5;1.0;;;;;;6.786194562911987
2026-02-17T18:58:21.694705;btad/01;cont_10pct_oracle_patch;0.1;oracle_patch;20;20;18;2;1568;46;21;25;4;5;95;0.9828571428571428;0.9894117647058824;0.9795918367346939;0.96;0.96;-0.0019047619047619646;0.7499999999999927;;;;;;;4.130864143371582
2026-02-17T18:58:29.362476;btad/01;cont_10pct_ensemble_loo_mahal;0.1;ensemble_loo_mahal;20;20;20;2;784;46;21;25;4;5;95;0.9809523809523809;0.9885714285714287;0.9795918367346939;0.96;0.96;-0.003809523809523818;0.5;1.0;;;;;;7.665760278701782
2026-02-17T18:58:38.016554;btad/01;cont_10pct_cosine_loo;0.1;cosine_loo;20;20;20;2;784;46;21;25;4;5;95;0.9809523809523809;0.9885714285714287;0.9795918367346939;0.96;0.96;-0.003809523809523818;0.5;1.0;;;;;;8.65207815170288
2026-02-17T18:58:42.726107;btad/01;cont_20pct_none;0.2;none;20;20;20;4;0;46;21;25;4;5;95;0.9828571428571428;0.9894117647058824;0.9795918367346939;0.96;0.96;-0.0019047619047619646;0.0;;;;;;;4.672584295272827
2026-02-17T18:58:50.576126;btad/01;cont_20pct_loo_patch;0.2;loo_patch;20;20;20;4;784;46;21;25;4;5;95;0.9809523809523809;0.9885714285714287;0.9795918367346939;0.96;0.96;-0.003809523809523818;-0.9999999999999417;0.96875;;;;;;7.7444822788238525
2026-02-17T18:58:54.268209;btad/01;cont_20pct_random_patch;0.2;random_patch;20;20;20;4;784;46;21;25;4;5;95;0.9847619047619047;0.9903030303030305;0.9795918367346939;0.96;0.96;0.0;1.0;0.96875;;;;;;3.690084218978882
2026-02-17T18:59:01.467786;btad/01;cont_20pct_mahalanobis_patch;0.2;mahalanobis_patch;20;20;20;4;784;46;21;25;4;5;95;0.9809523809523809;0.9885714285714287;0.9795918367346939;0.96;0.96;-0.003809523809523818;-0.9999999999999417;0.96875;;;;;;7.196412563323975
2026-02-17T18:59:05.308853;btad/01;cont_20pct_oracle_patch;0.2;oracle_patch;20;20;16;4;3136;46;21;25;4;5;95;0.9847619047619047;0.9903030303030305;0.9795918367346939;0.96;0.96;0.0;1.0;;;;;;;3.8400685787200928
2026-02-17T18:59:12.691411;btad/01;cont_20pct_ensemble_loo_mahal;0.2;ensemble_loo_mahal;20;20;20;4;784;46;21;25;4;5;95;0.9809523809523809;0.9885714285714287;0.9795918367346939;0.96;0.96;-0.003809523809523818;-0.9999999999999417;0.96875;;;;;;7.214237451553345
2026-02-17T18:59:21.630150;btad/01;cont_20pct_cosine_loo;0.2;cosine_loo;20;20;20;4;784;46;21;25;4;5;95;0.979047619047619;0.9877777777777779;0.9795918367346939;0.96;0.96;-0.005714285714285672;-1.9999999999998834;0.96875;;;;;;8.936741590499878
2026-02-17T18:59:25.527035;btad/01;cont_30pct_none;0.3;none;20;20;20;6;0;46;21;25;4;5;95;0.979047619047619;0.9877777777777779;0.9795918367346939;0.96;0.96;-0.005714285714285672;0.0;;;;;;;3.8645753860473633
2026-02-17T18:59:33.555326;btad/01;cont_30pct_loo_patch;0.3;loo_patch;20;20;20;6;784;46;21;25;4;5;95;0.9771428571428571;0.9870270270270272;0.9795918367346939;0.96;0.96;-0.007619047619047636;-0.3333333333333463;0.9761904761904763;;;;;;8.02528715133667
2026-02-17T18:59:37.776491;btad/01;cont_30pct_random_patch;0.3;random_patch;20;20;20;6;784;46;21;25;4;5;95;0.979047619047619;0.9877777777777779;0.9795918367346939;0.96;0.96;-0.005714285714285672;0.0;0.9761904761904763;;;;;;4.219166040420532
2026-02-17T18:59:45.596067;btad/01;cont_30pct_mahalanobis_patch;0.3;mahalanobis_patch;20;20;20;6;784;46;21;25;4;5;95;0.979047619047619;0.9877777777777779;0.9795918367346939;0.96;0.96;-0.005714285714285672;0.0;0.9761904761904763;;;;;;7.815113067626953
2026-02-17T18:59:48.913664;btad/01;cont_30pct_oracle_patch;0.3;oracle_patch;20;20;14;6;4704;46;21;25;4;5;95;0.9771428571428571;0.9870270270270272;0.9795918367346939;0.96;0.96;-0.007619047619047636;-0.3333333333333463;;;;;;;3.317596435546875
2026-02-17T18:59:56.712914;btad/01;cont_30pct_ensemble_loo_mahal;0.3;ensemble_loo_mahal;20;20;20;6;784;46;21;25;4;5;95;0.979047619047619;0.9877777777777779;0.9795918367346939;0.96;0.96;-0.005714285714285672;0.0;0.9761904761904763;;;;;;7.663744211196899
2026-02-17T19:00:04.850443;btad/01;cont_30pct_cosine_loo;0.3;cosine_loo;20;20;20;6;784;46;21;25;4;5;95;0.979047619047619;0.9877777777777779;0.9795918367346939;0.96;0.96;-0.005714285714285672;0.0;0.9761904761904763;;;;;;8.134530305862427
