timestamp;dataset;setup;detector;auditor;method;contamination_rate;seed;train_limit;n_train;n_contaminated;n_removed;n_cont_removed;top1_cont;top2_cont;top3_cont;img_auroc;img_aupr;tpr_fpr1;tpr_fpr5;elapsed_s
2026-07-21T22:40:36;mvtec_AD/bottle;B;dino;dino_imgmax_mad1.5;audit_remove;0.0;0;10;10;0;0;0;0;0;0;0.971875;0.984851;0.875;0.90625;5.16
2026-07-21T22:40:43;mvtec_AD/bottle;B;dino;dino_imgmax_mad1.5;audit_recapture;0.0;0;10;10;0;0;0;0;0;0;0.971875;0.984851;0.875;0.90625;7.04
2026-07-21T22:40:54;mvtec_AD/bottle;B;dino;dino_imgmax_mad1.5;audit_remove;0.3;0;10;10;3;2;2;1;2;3;0.96875;0.984737;0.875;0.90625;3.15
2026-07-21T22:40:58;mvtec_AD/bottle;B;dino;dino_imgmax_mad1.5;audit_recapture;0.3;0;10;10;3;2;2;1;2;3;0.976562;0.987542;0.90625;0.90625;3.56
2026-07-21T22:41:00;mvtec_AD/bottle;B;dino;;oracle_remove;0.3;0;10;10;3;3;3;;;;0.970313;0.98522;0.875;0.90625;2.55
2026-07-21T22:41:03;mvtec_AD/bottle;B;dino;dino_imgmax_mad1.5;base_knn;0.3;0;10;10;3;4;3;;;;0.960938;0.980521;0.84375;0.875;2.24
2026-07-21T22:41:05;mvtec_AD/bottle;B;dino;dino_imgmax_mad1.5;base_lof;0.3;0;10;10;3;3;3;;;;0.970313;0.98522;0.875;0.90625;2.57
2026-07-21T22:41:08;mvtec_AD/bottle;B;dino;dino_imgmax_mad1.5;base_iforest;0.3;0;10;10;3;3;3;;;;0.970313;0.98522;0.875;0.90625;2.91
2026-07-21T22:41:11;mvtec_AD/bottle;B;clip;dino_imgmax_mad1.5;audit_remove;0.3;0;10;10;3;2;2;;;;0.99375;0.996345;0.96875;0.96875;0.34
2026-07-21T22:41:11;mvtec_AD/bottle;B;clip;;oracle_remove;0.3;0;10;10;3;3;3;;;;0.995313;0.997185;0.96875;0.96875;0.32
2026-07-21T22:41:18;mvtec_AD/bottle;B;dinov2;dino_imgmax_mad1.5;audit_remove;0.3;0;10;10;3;2;2;;;;0.98125;0.991477;0.96875;0.96875;4.87
2026-07-21T22:41:23;mvtec_AD/bottle;B;dinov2;;oracle_remove;0.3;0;10;10;3;3;3;;;;0.982812;0.992006;0.96875;0.96875;4.26
2026-07-21T22:43:17;mvtec_AD/bottle;B;dino;dino_imgmax_mad1.5;audit_remove;0.0;1;10;10;0;2;0;0;0;0;0.979687;0.988236;0.84375;0.90625;2.77
2026-07-21T22:43:20;mvtec_AD/bottle;B;dino;dino_imgmax_mad1.5;audit_recapture;0.0;1;10;10;0;2;0;0;0;0;0.982812;0.989811;0.84375;0.90625;3.44
2026-07-21T22:43:25;mvtec_AD/bottle;B;dino;dino_imgmax_mad1.5;audit_remove;0.3;1;10;10;3;0;0;1;2;3;0.98125;0.988724;0.875;0.875;3.64
2026-07-21T22:43:28;mvtec_AD/bottle;B;dino;dino_imgmax_mad1.5;audit_recapture;0.3;1;10;10;3;0;0;1;2;3;0.98125;0.988724;0.875;0.875;3.35
2026-07-21T22:43:31;mvtec_AD/bottle;B;dino;;oracle_remove;0.3;1;10;10;3;3;3;;;;0.98125;0.988947;0.84375;0.90625;2.59
2026-07-21T22:43:34;mvtec_AD/bottle;B;dino;dino_imgmax_mad1.5;base_knn;0.3;1;10;10;3;3;3;;;;0.98125;0.988947;0.84375;0.90625;2.46
2026-07-21T22:43:36;mvtec_AD/bottle;B;dino;dino_imgmax_mad1.5;base_lof;0.3;1;10;10;3;3;3;;;;0.98125;0.988947;0.84375;0.90625;2.49
2026-07-21T22:43:39;mvtec_AD/bottle;B;dino;dino_imgmax_mad1.5;base_iforest;0.3;1;10;10;3;2;2;;;;0.98125;0.988913;0.875;0.875;2.83
2026-07-21T22:43:43;mvtec_AD/bottle;B;dino;dino_imgmax_mad1.5;audit_remove;0.0;2;10;10;0;1;0;0;0;0;0.985938;0.991221;0.84375;0.875;3.28
2026-07-21T22:43:47;mvtec_AD/bottle;B;dino;dino_imgmax_mad1.5;audit_recapture;0.0;2;10;10;0;1;0;0;0;0;0.9875;0.992299;0.875;0.875;3.5
2026-07-21T22:43:50;mvtec_AD/bottle;B;dino;dino_imgmax_mad1.5;audit_remove;0.3;2;10;10;3;3;3;1;2;3;0.9875;0.992024;0.8125;0.9375;2.47
2026-07-21T22:43:54;mvtec_AD/bottle;B;dino;dino_imgmax_mad1.5;audit_recapture;0.3;2;10;10;3;3;3;1;2;3;0.982813;0.989099;0.8125;0.84375;3.57
2026-07-21T22:43:56;mvtec_AD/bottle;B;dino;;oracle_remove;0.3;2;10;10;3;3;3;;;;0.9875;0.992024;0.8125;0.9375;2.44
2026-07-21T22:43:59;mvtec_AD/bottle;B;dino;dino_imgmax_mad1.5;base_knn;0.3;2;10;10;3;3;3;;;;0.9875;0.992024;0.8125;0.9375;2.46
2026-07-21T22:44:01;mvtec_AD/bottle;B;dino;dino_imgmax_mad1.5;base_lof;0.3;2;10;10;3;4;3;;;;0.984375;0.990105;0.8125;0.875;2.18
2026-07-21T22:44:04;mvtec_AD/bottle;B;dino;dino_imgmax_mad1.5;base_iforest;0.3;2;10;10;3;2;2;;;;0.989063;0.992942;0.8125;0.9375;2.71
2026-07-21T22:44:08;mvtec_AD/bottle;B;dino;dino_imgmax_mad1.5;audit_remove;0.0;3;10;10;0;2;0;0;0;0;0.96875;0.986856;0.9375;0.9375;2.72
2026-07-21T22:44:11;mvtec_AD/bottle;B;dino;dino_imgmax_mad1.5;audit_recapture;0.0;3;10;10;0;2;0;0;0;0;0.973438;0.988133;0.9375;0.9375;3.4
2026-07-21T22:44:15;mvtec_AD/bottle;B;dino;dino_imgmax_mad1.5;audit_remove;0.3;3;10;10;3;3;3;1;2;3;0.975;0.988595;0.9375;0.9375;2.45
2026-07-21T22:44:18;mvtec_AD/bottle;B;dino;dino_imgmax_mad1.5;audit_recapture;0.3;3;10;10;3;3;3;1;2;3;0.975;0.988595;0.9375;0.9375;3.56
2026-07-21T22:44:21;mvtec_AD/bottle;B;dino;;oracle_remove;0.3;3;10;10;3;3;3;;;;0.975;0.988595;0.9375;0.9375;2.46
2026-07-21T22:44:23;mvtec_AD/bottle;B;dino;dino_imgmax_mad1.5;base_knn;0.3;3;10;10;3;3;3;;;;0.975;0.988595;0.9375;0.9375;2.45
2026-07-21T22:44:26;mvtec_AD/bottle;B;dino;dino_imgmax_mad1.5;base_lof;0.3;3;10;10;3;3;3;;;;0.975;0.988595;0.9375;0.9375;2.44
2026-07-21T22:44:29;mvtec_AD/bottle;B;dino;dino_imgmax_mad1.5;base_iforest;0.3;3;10;10;3;1;1;;;;0.975;0.988595;0.9375;0.9375;3.11
2026-07-21T22:44:33;mvtec_AD/bottle;B;dino;dino_imgmax_mad1.5;audit_remove;0.0;4;10;10;0;2;0;0;0;0;0.984375;0.991003;0.90625;0.90625;2.86
2026-07-21T22:44:36;mvtec_AD/bottle;B;dino;dino_imgmax_mad1.5;audit_recapture;0.0;4;10;10;0;2;0;0;0;0;0.979688;0.988529;0.90625;0.90625;3.47
2026-07-21T22:44:40;mvtec_AD/bottle;B;dino;dino_imgmax_mad1.5;audit_remove;0.3;4;10;10;3;3;3;1;2;3;0.979688;0.98806;0.875;0.90625;2.39
2026-07-21T22:44:43;mvtec_AD/bottle;B;dino;dino_imgmax_mad1.5;audit_recapture;0.3;4;10;10;3;3;3;1;2;3;0.976562;0.986776;0.875;0.90625;3.52
2026-07-21T22:44:46;mvtec_AD/bottle;B;dino;;oracle_remove;0.3;4;10;10;3;3;3;;;;0.979688;0.98806;0.875;0.90625;2.56
2026-07-21T22:44:49;mvtec_AD/bottle;B;dino;dino_imgmax_mad1.5;base_knn;0.3;4;10;10;3;3;3;;;;0.979688;0.98806;0.875;0.90625;2.46
2026-07-21T22:44:51;mvtec_AD/bottle;B;dino;dino_imgmax_mad1.5;base_lof;0.3;4;10;10;3;3;3;;;;0.979688;0.98806;0.875;0.90625;2.5
2026-07-21T22:44:54;mvtec_AD/bottle;B;dino;dino_imgmax_mad1.5;base_iforest;0.3;4;10;10;3;2;2;;;;0.985937;0.991569;0.875;0.90625;2.84
2026-07-21T22:44:55;mvtec_AD/bottle;B;clip;dino_imgmax_mad1.5;audit_remove;0.3;1;10;10;3;0;0;;;;0.998437;0.999053;0.96875;0.96875;0.43
2026-07-21T22:44:55;mvtec_AD/bottle;B;clip;;oracle_remove;0.3;1;10;10;3;3;3;;;;0.99375;0.996177;0.9375;0.96875;0.3
2026-07-21T22:44:55;mvtec_AD/bottle;B;clip;dino_imgmax_mad1.5;audit_remove;0.3;2;10;10;3;3;3;;;;0.998437;0.999053;0.96875;1.0;0.29
2026-07-21T22:44:56;mvtec_AD/bottle;B;clip;;oracle_remove;0.3;2;10;10;3;3;3;;;;0.998437;0.999053;0.96875;1.0;0.28
2026-07-21T22:44:56;mvtec_AD/bottle;B;clip;dino_imgmax_mad1.5;audit_remove;0.3;3;10;10;3;3;3;;;;0.989063;0.993273;0.875;0.90625;0.32
2026-07-21T22:44:56;mvtec_AD/bottle;B;clip;;oracle_remove;0.3;3;10;10;3;3;3;;;;0.989063;0.993273;0.875;0.90625;0.27
2026-07-21T22:44:57;mvtec_AD/bottle;B;clip;dino_imgmax_mad1.5;audit_remove;0.3;4;10;10;3;3;3;;;;1.0;1.0;1.0;1.0;0.3
2026-07-21T22:44:57;mvtec_AD/bottle;B;clip;;oracle_remove;0.3;4;10;10;3;3;3;;;;1.0;1.0;1.0;1.0;0.36
2026-07-21T22:45:04;mvtec_AD/bottle;B;dinov2;dino_imgmax_mad1.5;audit_remove;0.3;1;10;10;3;0;0;;;;0.98125;0.990666;0.9375;0.9375;6.11
2026-07-21T22:45:08;mvtec_AD/bottle;B;dinov2;;oracle_remove;0.3;1;10;10;3;3;3;;;;0.985938;0.99314;0.96875;0.96875;4.18
2026-07-21T22:45:12;mvtec_AD/bottle;B;dinov2;dino_imgmax_mad1.5;audit_remove;0.3;2;10;10;3;3;3;;;;1.0;1.0;1.0;1.0;4.21
2026-07-21T22:45:17;mvtec_AD/bottle;B;dinov2;;oracle_remove;0.3;2;10;10;3;3;3;;;;1.0;1.0;1.0;1.0;4.2
2026-07-21T22:45:21;mvtec_AD/bottle;B;dinov2;dino_imgmax_mad1.5;audit_remove;0.3;3;10;10;3;3;3;;;;0.971875;0.98875;0.96875;0.96875;4.06
2026-07-21T22:45:25;mvtec_AD/bottle;B;dinov2;;oracle_remove;0.3;3;10;10;3;3;3;;;;0.971875;0.98875;0.96875;0.96875;4.21
2026-07-21T22:45:29;mvtec_AD/bottle;B;dinov2;dino_imgmax_mad1.5;audit_remove;0.3;4;10;10;3;3;3;;;;0.9875;0.992956;0.9375;0.9375;4.03
2026-07-21T22:45:33;mvtec_AD/bottle;B;dinov2;;oracle_remove;0.3;4;10;10;3;3;3;;;;0.9875;0.992956;0.9375;0.9375;4.22
2026-07-21T22:45:47;mvtec_AD/cable;B;dino;dino_imgmax_mad1.5;audit_remove;0.0;0;10;10;0;1;0;0;0;0;0.941904;0.94282;0.717391;0.782609;6.21
2026-07-21T22:45:54;mvtec_AD/cable;B;dino;dino_imgmax_mad1.5;audit_recapture;0.0;0;10;10;0;1;0;0;0;0;0.955022;0.95616;0.717391;0.826087;6.79
2026-07-21T22:46:02;mvtec_AD/cable;B;dino;dino_imgmax_mad1.5;audit_remove;0.3;0;10;10;3;0;0;1;2;2;0.923913;0.931284;0.652174;0.76087;7.11
2026-07-21T22:46:09;mvtec_AD/cable;B;dino;dino_imgmax_mad1.5;audit_recapture;0.3;0;10;10;3;0;0;1;2;2;0.923913;0.931284;0.652174;0.76087;7.07
2026-07-21T22:46:14;mvtec_AD/cable;B;dino;;oracle_remove;0.3;0;10;10;3;3;3;;;;0.933283;0.938084;0.673913;0.804348;4.92
2026-07-21T22:46:21;mvtec_AD/cable;B;dino;dino_imgmax_mad1.5;base_knn;0.3;0;10;10;3;0;0;;;;0.923913;0.931284;0.652174;0.76087;6.74
2026-07-21T22:46:27;mvtec_AD/cable;B;dino;dino_imgmax_mad1.5;base_lof;0.3;0;10;10;3;1;1;;;;0.928036;0.935837;0.717391;0.782609;6.19
2026-07-21T22:46:33;mvtec_AD/cable;B;dino;dino_imgmax_mad1.5;base_iforest;0.3;0;10;10;3;1;0;;;;0.846327;0.84517;0.478261;0.5;6.16
2026-07-21T22:46:42;mvtec_AD/cable;B;dino;dino_imgmax_mad1.5;audit_remove;0.0;1;10;10;0;0;0;0;0;0;0.961019;0.960385;0.608696;0.847826;7.49
2026-07-21T22:46:49;mvtec_AD/cable;B;dino;dino_imgmax_mad1.5;audit_recapture;0.0;1;10;10;0;0;0;0;0;0;0.961019;0.960385;0.608696;0.847826;6.73
2026-07-21T22:46:56;mvtec_AD/cable;B;dino;dino_imgmax_mad1.5;audit_remove;0.3;1;10;10;3;1;1;1;2;2;0.930285;0.931004;0.630435;0.717391;6.16
2026-07-21T22:47:03;mvtec_AD/cable;B;dino;dino_imgmax_mad1.5;audit_recapture;0.3;1;10;10;3;1;1;1;2;2;0.917541;0.922841;0.608696;0.717391;7.12
2026-07-21T22:47:08;mvtec_AD/cable;B;dino;;oracle_remove;0.3;1;10;10;3;3;3;;;;0.939655;0.937993;0.630435;0.717391;4.88
2026-07-21T22:47:14;mvtec_AD/cable;B;dino;dino_imgmax_mad1.5;base_knn;0.3;1;10;10;3;2;0;;;;0.942654;0.941592;0.673913;0.717391;5.65
2026-07-21T22:47:18;mvtec_AD/cable;B;dino;dino_imgmax_mad1.5;base_lof;0.3;1;10;10;3;3;0;;;;0.925037;0.919505;0.521739;0.717391;4.94
2026-07-21T22:47:25;mvtec_AD/cable;B;dino;dino_imgmax_mad1.5;base_iforest;0.3;1;10;10;3;1;0;;;;0.942279;0.940915;0.652174;0.695652;6.04
2026-07-21T22:47:33;mvtec_AD/cable;B;dino;dino_imgmax_mad1.5;audit_remove;0.0;2;10;10;0;0;0;0;0;0;0.875937;0.86621;0.478261;0.478261;6.94
2026-07-21T22:47:39;mvtec_AD/cable;B;dino;dino_imgmax_mad1.5;audit_recapture;0.0;2;10;10;0;0;0;0;0;0;0.875937;0.86621;0.478261;0.478261;6.94
2026-07-21T22:47:46;mvtec_AD/cable;B;dino;dino_imgmax_mad1.5;audit_remove;0.3;2;10;10;3;2;2;1;2;2;0.943403;0.939773;0.630435;0.73913;5.59
2026-07-21T22:47:53;mvtec_AD/cable;B;dino;dino_imgmax_mad1.5;audit_recapture;0.3;2;10;10;3;2;2;1;2;2;0.94078;0.931711;0.565217;0.695652;7.01
2026-07-21T22:47:58;mvtec_AD/cable;B;dino;;oracle_remove;0.3;2;10;10;3;3;3;;;;0.892429;0.881608;0.478261;0.521739;4.88
2026-07-21T22:48:04;mvtec_AD/cable;B;dino;dino_imgmax_mad1.5;base_knn;0.3;2;10;10;3;1;1;;;;0.937031;0.931594;0.608696;0.673913;6.15
2026-07-21T22:48:09;mvtec_AD/cable;B;dino;dino_imgmax_mad1.5;base_lof;0.3;2;10;10;3;3;2;;;;0.884183;0.877619;0.478261;0.521739;5.04
2026-07-21T22:48:15;mvtec_AD/cable;B;dino;dino_imgmax_mad1.5;base_iforest;0.3;2;10;10;3;2;1;;;;0.936282;0.932841;0.652174;0.695652;5.54
2026-07-21T22:48:22;mvtec_AD/cable;B;dino;dino_imgmax_mad1.5;audit_remove;0.0;3;10;10;0;1;0;0;0;0;0.923913;0.937416;0.673913;0.76087;6.26
2026-07-21T22:48:29;mvtec_AD/cable;B;dino;dino_imgmax_mad1.5;audit_recapture;0.0;3;10;10;0;1;0;0;0;0;0.933283;0.938965;0.652174;0.73913;6.82
2026-07-21T22:48:36;mvtec_AD/cable;B;dino;dino_imgmax_mad1.5;audit_remove;0.3;3;10;10;3;2;2;1;2;2;0.925037;0.934025;0.673913;0.76087;5.47
2026-07-21T22:48:42;mvtec_AD/cable;B;dino;dino_imgmax_mad1.5;audit_recapture;0.3;3;10;10;3;2;2;1;2;2;0.942654;0.9439;0.673913;0.782609;6.85
2026-07-21T22:48:48;mvtec_AD/cable;B;dino;;oracle_remove;0.3;3;10;10;3;3;3;;;;0.91904;0.93093;0.673913;0.76087;5.1
2026-07-21T22:48:53;mvtec_AD/cable;B;dino;dino_imgmax_mad1.5;base_knn;0.3;3;10;10;3;2;1;;;;0.936657;0.937561;0.630435;0.782609;5.34
2026-07-21T22:48:58;mvtec_AD/cable;B;dino;dino_imgmax_mad1.5;base_lof;0.3;3;10;10;3;2;1;;;;0.936657;0.937561;0.630435;0.782609;5.38
2026-07-21T22:49:05;mvtec_AD/cable;B;dino;dino_imgmax_mad1.5;base_iforest;0.3;3;10;10;3;0;0;;;;0.932159;0.931331;0.630435;0.695652;6.75
2026-07-21T22:49:12;mvtec_AD/cable;B;dino;dino_imgmax_mad1.5;audit_remove;0.0;4;10;10;0;1;0;0;0;0;0.940405;0.943718;0.673913;0.804348;6.05
2026-07-21T22:49:19;mvtec_AD/cable;B;dino;dino_imgmax_mad1.5;audit_recapture;0.0;4;10;10;0;1;0;0;0;0;0.954648;0.959693;0.717391;0.869565;6.88
2026-07-21T22:49:26;mvtec_AD/cable;B;dino;dino_imgmax_mad1.5;audit_remove;0.3;4;10;10;3;2;2;1;2;2;0.925412;0.932636;0.73913;0.76087;5.42
2026-07-21T22:49:32;mvtec_AD/cable;B;dino;dino_imgmax_mad1.5;audit_recapture;0.3;4;10;10;3;2;2;1;2;2;0.933658;0.942366;0.73913;0.847826;6.76
2026-07-21T22:49:37;mvtec_AD/cable;B;dino;;oracle_remove;0.3;4;10;10;3;3;3;;;;0.940405;0.945193;0.782609;0.782609;4.92
2026-07-21T22:49:43;mvtec_AD/cable;B;dino;dino_imgmax_mad1.5;base_knn;0.3;4;10;10;3;2;1;;;;0.904798;0.913924;0.630435;0.717391;5.46
2026-07-21T22:49:47;mvtec_AD/cable;B;dino;dino_imgmax_mad1.5;base_lof;0.3;4;10;10;3;4;2;;;;0.872189;0.888205;0.608696;0.673913;4.05
2026-07-21T22:49:54;mvtec_AD/cable;B;dino;dino_imgmax_mad1.5;base_iforest;0.3;4;10;10;3;1;1;;;;0.922039;0.92642;0.630435;0.76087;6.57
2026-07-21T22:49:55;mvtec_AD/cable;B;clip;dino_imgmax_mad1.5;audit_remove;0.3;0;10;10;3;0;0;;;;0.955397;0.957267;0.76087;0.869565;0.85
2026-07-21T22:49:56;mvtec_AD/cable;B;clip;;oracle_remove;0.3;0;10;10;3;3;3;;;;0.964768;0.968962;0.847826;0.891304;0.59
2026-07-21T22:49:57;mvtec_AD/cable;B;clip;dino_imgmax_mad1.5;audit_remove;0.3;1;10;10;3;1;1;;;;0.918291;0.92386;0.673913;0.717391;0.67
2026-07-21T22:49:57;mvtec_AD/cable;B;clip;;oracle_remove;0.3;1;10;10;3;3;3;;;;0.910795;0.919433;0.695652;0.717391;0.59
2026-07-21T22:49:58;mvtec_AD/cable;B;clip;dino_imgmax_mad1.5;audit_remove;0.3;2;10;10;3;2;2;;;;0.928036;0.944974;0.826087;0.826087;0.6
2026-07-21T22:49:58;mvtec_AD/cable;B;clip;;oracle_remove;0.3;2;10;10;3;3;3;;;;0.925037;0.944421;0.804348;0.847826;0.59
2026-07-21T22:49:59;mvtec_AD/cable;B;clip;dino_imgmax_mad1.5;audit_remove;0.3;3;10;10;3;2;2;;;;0.927661;0.937766;0.76087;0.76087;0.63
2026-07-21T22:50:00;mvtec_AD/cable;B;clip;;oracle_remove;0.3;3;10;10;3;3;3;;;;0.92991;0.940053;0.782609;0.804348;0.63
2026-07-21T22:50:00;mvtec_AD/cable;B;clip;dino_imgmax_mad1.5;audit_remove;0.3;4;10;10;3;2;2;;;;0.934408;0.943786;0.76087;0.804348;0.7
2026-07-21T22:50:01;mvtec_AD/cable;B;clip;;oracle_remove;0.3;4;10;10;3;3;3;;;;0.948276;0.954;0.826087;0.826087;0.61
2026-07-21T22:50:15;mvtec_AD/cable;B;dinov2;dino_imgmax_mad1.5;audit_remove;0.3;0;10;10;3;0;0;;;;0.939655;0.945071;0.76087;0.804348;11.61
2026-07-21T22:50:23;mvtec_AD/cable;B;dinov2;;oracle_remove;0.3;0;10;10;3;3;3;;;;0.95015;0.955029;0.826087;0.847826;8.61
2026-07-21T22:50:34;mvtec_AD/cable;B;dinov2;dino_imgmax_mad1.5;audit_remove;0.3;1;10;10;3;1;1;;;;0.895427;0.89686;0.586957;0.630435;10.24
2026-07-21T22:50:42;mvtec_AD/cable;B;dinov2;;oracle_remove;0.3;1;10;10;3;3;3;;;;0.918666;0.919916;0.652174;0.717391;7.85
2026-07-21T22:50:51;mvtec_AD/cable;B;dinov2;dino_imgmax_mad1.5;audit_remove;0.3;2;10;10;3;2;2;;;;0.955772;0.954311;0.652174;0.826087;9.04
2026-07-21T22:50:59;mvtec_AD/cable;B;dinov2;;oracle_remove;0.3;2;10;10;3;3;3;;;;0.900675;0.899356;0.586957;0.652174;7.83
2026-07-21T22:51:07;mvtec_AD/cable;B;dinov2;dino_imgmax_mad1.5;audit_remove;0.3;3;10;10;3;2;2;;;;0.943403;0.953033;0.804348;0.847826;8.9
2026-07-21T22:51:15;mvtec_AD/cable;B;dinov2;;oracle_remove;0.3;3;10;10;3;3;3;;;;0.937781;0.947989;0.782609;0.826087;7.7
2026-07-21T22:51:24;mvtec_AD/cable;B;dinov2;dino_imgmax_mad1.5;audit_remove;0.3;4;10;10;3;2;2;;;;0.952774;0.952255;0.695652;0.869565;8.96
2026-07-21T22:51:32;mvtec_AD/cable;B;dinov2;;oracle_remove;0.3;4;10;10;3;3;3;;;;0.961394;0.960103;0.717391;0.891304;7.82
2026-07-21T22:51:44;mvtec_AD/capsule;B;dino;dino_imgmax_mad1.5;audit_remove;0.0;0;10;10;0;2;0;0;0;0;0.866403;0.942763;0.454545;0.618182;4.04
2026-07-21T22:51:49;mvtec_AD/capsule;B;dino;dino_imgmax_mad1.5;audit_recapture;0.0;0;10;10;0;2;0;0;0;0;0.905138;0.961672;0.545455;0.727273;5.07
2026-07-21T22:51:54;mvtec_AD/capsule;B;dino;dino_imgmax_mad1.5;audit_remove;0.3;0;10;10;3;1;1;1;2;2;0.886166;0.951636;0.454545;0.672727;4.48
2026-07-21T22:51:59;mvtec_AD/capsule;B;dino;dino_imgmax_mad1.5;audit_recapture;0.3;0;10;10;3;1;1;1;2;2;0.904348;0.961503;0.581818;0.745455;5.07
2026-07-21T22:52:03;mvtec_AD/capsule;B;dino;;oracle_remove;0.3;0;10;10;3;3;3;;;;0.853755;0.931738;0.290909;0.509091;3.47
2026-07-21T22:52:06;mvtec_AD/capsule;B;dino;dino_imgmax_mad1.5;base_knn;0.3;0;10;10;3;3;2;;;;0.898814;0.958814;0.563636;0.727273;3.49
2026-07-21T22:52:10;mvtec_AD/capsule;B;dino;dino_imgmax_mad1.5;base_lof;0.3;0;10;10;3;3;2;;;;0.898814;0.958814;0.563636;0.727273;3.58
2026-07-21T22:52:14;mvtec_AD/capsule;B;dino;dino_imgmax_mad1.5;base_iforest;0.3;0;10;10;3;2;2;;;;0.894071;0.955313;0.490909;0.654545;4.13
2026-07-21T22:52:19;mvtec_AD/capsule;B;dino;dino_imgmax_mad1.5;audit_remove;0.0;1;10;10;0;1;0;0;0;0;0.897233;0.955508;0.472727;0.690909;4.36
2026-07-21T22:52:24;mvtec_AD/capsule;B;dino;dino_imgmax_mad1.5;audit_recapture;0.0;1;10;10;0;1;0;0;0;0;0.902767;0.958331;0.436364;0.745455;5.01
2026-07-21T22:52:30;mvtec_AD/capsule;B;dino;dino_imgmax_mad1.5;audit_remove;0.3;1;10;10;3;1;1;1;1;2;0.845059;0.930922;0.309091;0.6;4.55
2026-07-21T22:52:35;mvtec_AD/capsule;B;dino;dino_imgmax_mad1.5;audit_recapture;0.3;1;10;10;3;1;1;1;1;2;0.854545;0.934102;0.327273;0.618182;5.08
2026-07-21T22:52:38;mvtec_AD/capsule;B;dino;;oracle_remove;0.3;1;10;10;3;3;3;;;;0.848221;0.933144;0.363636;0.654545;3.47
2026-07-21T22:52:43;mvtec_AD/capsule;B;dino;dino_imgmax_mad1.5;base_knn;0.3;1;10;10;3;1;1;;;;0.837154;0.924133;0.290909;0.581818;4.39
2026-07-21T22:52:47;mvtec_AD/capsule;B;dino;dino_imgmax_mad1.5;base_lof;0.3;1;10;10;3;2;1;;;;0.792885;0.899932;0.236364;0.472727;4.05
2026-07-21T22:52:52;mvtec_AD/capsule;B;dino;dino_imgmax_mad1.5;base_iforest;0.3;1;10;10;3;0;0;;;;0.841107;0.927286;0.290909;0.6;4.97
2026-07-21T22:52:58;mvtec_AD/capsule;B;dino;dino_imgmax_mad1.5;audit_remove;0.0;2;10;10;0;0;0;0;0;0;0.878261;0.946603;0.436364;0.672727;5.0
2026-07-21T22:53:03;mvtec_AD/capsule;B;dino;dino_imgmax_mad1.5;audit_recapture;0.0;2;10;10;0;0;0;0;0;0;0.878261;0.946603;0.436364;0.672727;4.97
2026-07-21T22:53:09;mvtec_AD/capsule;B;dino;dino_imgmax_mad1.5;audit_remove;0.3;2;10;10;3;0;0;1;2;2;0.857708;0.943068;0.545455;0.618182;4.85
2026-07-21T22:53:14;mvtec_AD/capsule;B;dino;dino_imgmax_mad1.5;audit_recapture;0.3;2;10;10;3;0;0;1;2;2;0.857708;0.943068;0.545455;0.618182;4.98
2026-07-21T22:53:17;mvtec_AD/capsule;B;dino;;oracle_remove;0.3;2;10;10;3;3;3;;;;0.894071;0.956611;0.509091;0.763636;3.59
2026-07-21T22:53:22;mvtec_AD/capsule;B;dino;dino_imgmax_mad1.5;base_knn;0.3;2;10;10;3;1;0;;;;0.86166;0.944155;0.563636;0.636364;4.62
2026-07-21T22:53:26;mvtec_AD/capsule;B;dino;dino_imgmax_mad1.5;base_lof;0.3;2;10;10;3;1;0;;;;0.86166;0.944155;0.563636;0.636364;4.42
2026-07-21T22:53:31;mvtec_AD/capsule;B;dino;dino_imgmax_mad1.5;base_iforest;0.3;2;10;10;3;0;0;;;;0.857708;0.943068;0.545455;0.618182;4.92
2026-07-21T22:53:37;mvtec_AD/capsule;B;dino;dino_imgmax_mad1.5;audit_remove;0.0;3;10;10;0;0;0;0;0;0;0.867984;0.942428;0.418182;0.581818;5.12
2026-07-21T22:53:43;mvtec_AD/capsule;B;dino;dino_imgmax_mad1.5;audit_recapture;0.0;3;10;10;0;0;0;0;0;0;0.867984;0.942428;0.418182;0.581818;5.18
2026-07-21T22:53:49;mvtec_AD/capsule;B;dino;dino_imgmax_mad1.5;audit_remove;0.3;3;10;10;3;0;0;1;2;3;0.856126;0.938277;0.4;0.690909;4.87
2026-07-21T22:53:53;mvtec_AD/capsule;B;dino;dino_imgmax_mad1.5;audit_recapture;0.3;3;10;10;3;0;0;1;2;3;0.856126;0.938277;0.4;0.690909;4.93
2026-07-21T22:53:57;mvtec_AD/capsule;B;dino;;oracle_remove;0.3;3;10;10;3;3;3;;;;0.841897;0.931249;0.418182;0.509091;3.55
2026-07-21T22:54:01;mvtec_AD/capsule;B;dino;dino_imgmax_mad1.5;base_knn;0.3;3;10;10;3;3;2;;;;0.820553;0.91595;0.327273;0.4;3.52
2026-07-21T22:54:04;mvtec_AD/capsule;B;dino;dino_imgmax_mad1.5;base_lof;0.3;3;10;10;3;3;2;;;;0.820553;0.91595;0.327273;0.4;3.6
2026-07-21T22:54:08;mvtec_AD/capsule;B;dino;dino_imgmax_mad1.5;base_iforest;0.3;3;10;10;3;2;1;;;;0.818972;0.919116;0.363636;0.4;4.08
2026-07-21T22:54:13;mvtec_AD/capsule;B;dino;dino_imgmax_mad1.5;audit_remove;0.0;4;10;10;0;2;0;0;0;0;0.838735;0.929331;0.436364;0.545455;4.0
2026-07-21T22:54:19;mvtec_AD/capsule;B;dino;dino_imgmax_mad1.5;audit_recapture;0.0;4;10;10;0;2;0;0;0;0;0.849012;0.932321;0.381818;0.636364;5.08
2026-07-21T22:54:23;mvtec_AD/capsule;B;dino;dino_imgmax_mad1.5;audit_remove;0.3;4;10;10;3;3;3;1;2;3;0.827668;0.928915;0.527273;0.563636;3.61
2026-07-21T22:54:28;mvtec_AD/capsule;B;dino;dino_imgmax_mad1.5;audit_recapture;0.3;4;10;10;3;3;3;1;2;3;0.833202;0.927618;0.381818;0.581818;4.88
2026-07-21T22:54:32;mvtec_AD/capsule;B;dino;;oracle_remove;0.3;4;10;10;3;3;3;;;;0.827668;0.928915;0.527273;0.563636;3.54
2026-07-21T22:54:36;mvtec_AD/capsule;B;dino;dino_imgmax_mad1.5;base_knn;0.3;4;10;10;3;1;1;;;;0.848221;0.938823;0.509091;0.563636;4.46
2026-07-21T22:54:41;mvtec_AD/capsule;B;dino;dino_imgmax_mad1.5;base_lof;0.3;4;10;10;3;1;1;;;;0.848221;0.938823;0.509091;0.563636;4.51
2026-07-21T22:54:46;mvtec_AD/capsule;B;dino;dino_imgmax_mad1.5;base_iforest;0.3;4;10;10;3;0;0;;;;0.866403;0.947031;0.545455;0.581818;5.05
2026-07-21T22:54:47;mvtec_AD/capsule;B;clip;dino_imgmax_mad1.5;audit_remove;0.3;0;10;10;3;1;1;;;;0.890119;0.955498;0.636364;0.636364;0.51
2026-07-21T22:54:47;mvtec_AD/capsule;B;clip;;oracle_remove;0.3;0;10;10;3;3;3;;;;0.887747;0.953123;0.545455;0.6;0.42
2026-07-21T22:54:48;mvtec_AD/capsule;B;clip;dino_imgmax_mad1.5;audit_remove;0.3;1;10;10;3;1;1;;;;0.858498;0.928959;0.309091;0.472727;0.52
2026-07-21T22:54:48;mvtec_AD/capsule;B;clip;;oracle_remove;0.3;1;10;10;3;3;3;;;;0.84585;0.925233;0.290909;0.472727;0.44
2026-07-21T22:54:49;mvtec_AD/capsule;B;clip;dino_imgmax_mad1.5;audit_remove;0.3;2;10;10;3;0;0;;;;0.842688;0.922611;0.254545;0.490909;0.56
2026-07-21T22:54:49;mvtec_AD/capsule;B;clip;;oracle_remove;0.3;2;10;10;3;3;3;;;;0.879842;0.945373;0.436364;0.654545;0.48
2026-07-21T22:54:50;mvtec_AD/capsule;B;clip;dino_imgmax_mad1.5;audit_remove;0.3;3;10;10;3;0;0;;;;0.883004;0.948137;0.509091;0.6;0.56
2026-07-21T22:54:50;mvtec_AD/capsule;B;clip;;oracle_remove;0.3;3;10;10;3;3;3;;;;0.857708;0.933429;0.436364;0.509091;0.4
2026-07-21T22:54:51;mvtec_AD/capsule;B;clip;dino_imgmax_mad1.5;audit_remove;0.3;4;10;10;3;3;3;;;;0.766798;0.882046;0.272727;0.290909;0.46
2026-07-21T22:54:51;mvtec_AD/capsule;B;clip;;oracle_remove;0.3;4;10;10;3;3;3;;;;0.766798;0.882046;0.272727;0.290909;0.42
2026-07-21T22:55:01;mvtec_AD/capsule;B;dinov2;dino_imgmax_mad1.5;audit_remove;0.3;0;10;10;3;1;1;;;;0.912253;0.965454;0.636364;0.654545;7.75
2026-07-21T22:55:07;mvtec_AD/capsule;B;dinov2;;oracle_remove;0.3;0;10;10;3;3;3;;;;0.894071;0.951955;0.418182;0.490909;5.98
2026-07-21T22:55:14;mvtec_AD/capsule;B;dinov2;dino_imgmax_mad1.5;audit_remove;0.3;1;10;10;3;1;1;;;;0.903557;0.958596;0.490909;0.581818;7.57
2026-07-21T22:55:20;mvtec_AD/capsule;B;dinov2;;oracle_remove;0.3;1;10;10;3;3;3;;;;0.911462;0.965475;0.654545;0.763636;6.03
2026-07-21T22:55:29;mvtec_AD/capsule;B;dinov2;dino_imgmax_mad1.5;audit_remove;0.3;2;10;10;3;0;0;;;;0.894071;0.958189;0.636364;0.690909;8.53
2026-07-21T22:55:35;mvtec_AD/capsule;B;dinov2;;oracle_remove;0.3;2;10;10;3;3;3;;;;0.929644;0.971202;0.636364;0.781818;6.01
2026-07-21T22:55:43;mvtec_AD/capsule;B;dinov2;dino_imgmax_mad1.5;audit_remove;0.3;3;10;10;3;0;0;;;;0.924901;0.970791;0.745455;0.745455;8.26
2026-07-21T22:55:49;mvtec_AD/capsule;B;dinov2;;oracle_remove;0.3;3;10;10;3;3;3;;;;0.918577;0.96825;0.727273;0.763636;5.94
2026-07-21T22:55:55;mvtec_AD/capsule;B;dinov2;dino_imgmax_mad1.5;audit_remove;0.3;4;10;10;3;3;3;;;;0.893281;0.957141;0.654545;0.672727;5.8
2026-07-21T22:56:01;mvtec_AD/capsule;B;dinov2;;oracle_remove;0.3;4;10;10;3;3;3;;;;0.893281;0.957141;0.654545;0.672727;5.95
2026-07-21T22:56:13;mvtec_AD/carpet;B;dino;dino_imgmax_mad1.5;audit_remove;0.0;0;10;10;0;0;0;0;0;0;0.983333;0.988756;0.688889;0.911111;4.67
2026-07-21T22:56:18;mvtec_AD/carpet;B;dino;dino_imgmax_mad1.5;audit_recapture;0.0;0;10;10;0;0;0;0;0;0;0.983333;0.988756;0.688889;0.911111;4.73
2026-07-21T22:56:23;mvtec_AD/carpet;B;dino;dino_imgmax_mad1.5;audit_remove;0.3;0;10;10;3;3;3;1;2;3;0.980159;0.986476;0.688889;0.888889;3.5
2026-07-21T22:56:27;mvtec_AD/carpet;B;dino;dino_imgmax_mad1.5;audit_recapture;0.3;0;10;10;3;3;3;1;2;3;0.981746;0.987596;0.688889;0.888889;4.7
2026-07-21T22:56:31;mvtec_AD/carpet;B;dino;;oracle_remove;0.3;0;10;10;3;3;3;;;;0.980159;0.986476;0.688889;0.888889;3.44
2026-07-21T22:56:35;mvtec_AD/carpet;B;dino;dino_imgmax_mad1.5;base_knn;0.3;0;10;10;3;3;3;;;;0.980159;0.986476;0.688889;0.888889;3.45
2026-07-21T22:56:38;mvtec_AD/carpet;B;dino;dino_imgmax_mad1.5;base_lof;0.3;0;10;10;3;3;3;;;;0.980159;0.986476;0.688889;0.888889;3.43
2026-07-21T22:56:42;mvtec_AD/carpet;B;dino;dino_imgmax_mad1.5;base_iforest;0.3;0;10;10;3;1;1;;;;0.979365;0.985444;0.688889;0.888889;4.31
2026-07-21T22:56:47;mvtec_AD/carpet;B;dino;dino_imgmax_mad1.5;audit_remove;0.0;1;10;10;0;3;0;0;0;0;0.977778;0.985822;0.711111;0.911111;3.39
2026-07-21T22:56:51;mvtec_AD/carpet;B;dino;dino_imgmax_mad1.5;audit_recapture;0.0;1;10;10;0;3;0;0;0;0;0.980952;0.98738;0.711111;0.888889;4.57
2026-07-21T22:56:56;mvtec_AD/carpet;B;dino;dino_imgmax_mad1.5;audit_remove;0.3;1;10;10;3;2;2;1;2;3;0.977778;0.985656;0.666667;0.911111;3.87
2026-07-21T22:57:01;mvtec_AD/carpet;B;dino;dino_imgmax_mad1.5;audit_recapture;0.3;1;10;10;3;2;2;1;2;3;0.978571;0.986006;0.666667;0.888889;4.58
2026-07-21T22:57:04;mvtec_AD/carpet;B;dino;;oracle_remove;0.3;1;10;10;3;3;3;;;;0.97619;0.984922;0.711111;0.911111;3.33
2026-07-21T22:57:09;mvtec_AD/carpet;B;dino;dino_imgmax_mad1.5;base_knn;0.3;1;10;10;3;0;0;;;;0.970635;0.981241;0.666667;0.8;4.74
2026-07-21T22:57:13;mvtec_AD/carpet;B;dino;dino_imgmax_mad1.5;base_lof;0.3;1;10;10;3;2;1;;;;0.973016;0.983011;0.688889;0.888889;3.91
2026-07-21T22:57:17;mvtec_AD/carpet;B;dino;dino_imgmax_mad1.5;base_iforest;0.3;1;10;10;3;2;1;;;;0.970635;0.981332;0.688889;0.822222;3.73
2026-07-21T22:57:22;mvtec_AD/carpet;B;dino;dino_imgmax_mad1.5;audit_remove;0.0;2;10;10;0;0;0;0;0;0;0.977381;0.984382;0.622222;0.911111;4.63
2026-07-21T22:57:27;mvtec_AD/carpet;B;dino;dino_imgmax_mad1.5;audit_recapture;0.0;2;10;10;0;0;0;0;0;0;0.977381;0.984382;0.622222;0.911111;4.64
2026-07-21T22:57:32;mvtec_AD/carpet;B;dino;dino_imgmax_mad1.5;audit_remove;0.3;2;10;10;3;0;0;1;2;2;0.972222;0.980649;0.577778;0.777778;4.54
2026-07-21T22:57:37;mvtec_AD/carpet;B;dino;dino_imgmax_mad1.5;audit_recapture;0.3;2;10;10;3;0;0;1;2;2;0.972222;0.980649;0.577778;0.777778;4.84
2026-07-21T22:57:41;mvtec_AD/carpet;B;dino;;oracle_remove;0.3;2;10;10;3;3;3;;;;0.974603;0.982834;0.666667;0.866667;3.44
2026-07-21T22:57:45;mvtec_AD/carpet;B;dino;dino_imgmax_mad1.5;base_knn;0.3;2;10;10;3;2;1;;;;0.969048;0.978961;0.6;0.8;3.78
2026-07-21T22:57:48;mvtec_AD/carpet;B;dino;dino_imgmax_mad1.5;base_lof;0.3;2;10;10;3;3;2;;;;0.974603;0.982717;0.644444;0.8;3.34
2026-07-21T22:57:52;mvtec_AD/carpet;B;dino;dino_imgmax_mad1.5;base_iforest;0.3;2;10;10;3;2;1;;;;0.969048;0.978961;0.6;0.8;3.77
2026-07-21T22:57:57;mvtec_AD/carpet;B;dino;dino_imgmax_mad1.5;audit_remove;0.0;3;10;10;0;2;0;0;0;0;0.969841;0.982893;0.733333;0.866667;3.82
2026-07-21T22:58:01;mvtec_AD/carpet;B;dino;dino_imgmax_mad1.5;audit_recapture;0.0;3;10;10;0;2;0;0;0;0;0.974603;0.985373;0.733333;0.866667;4.68
2026-07-21T22:58:06;mvtec_AD/carpet;B;dino;dino_imgmax_mad1.5;audit_remove;0.3;3;10;10;3;1;1;1;2;3;0.974603;0.984308;0.733333;0.844444;4.15
2026-07-21T22:58:11;mvtec_AD/carpet;B;dino;dino_imgmax_mad1.5;audit_recapture;0.3;3;10;10;3;1;1;1;2;3;0.969048;0.982316;0.733333;0.866667;4.71
2026-07-21T22:58:14;mvtec_AD/carpet;B;dino;;oracle_remove;0.3;3;10;10;3;3;3;;;;0.978571;0.986585;0.755556;0.866667;3.34
2026-07-21T22:58:18;mvtec_AD/carpet;B;dino;dino_imgmax_mad1.5;base_knn;0.3;3;10;10;3;2;1;;;;0.975397;0.984528;0.733333;0.866667;3.76
2026-07-21T22:58:22;mvtec_AD/carpet;B;dino;dino_imgmax_mad1.5;base_lof;0.3;3;10;10;3;2;1;;;;0.975397;0.984528;0.733333;0.866667;3.82
2026-07-21T22:58:26;mvtec_AD/carpet;B;dino;dino_imgmax_mad1.5;base_iforest;0.3;3;10;10;3;2;1;;;;0.975397;0.984528;0.733333;0.866667;3.82
2026-07-21T22:58:31;mvtec_AD/carpet;B;dino;dino_imgmax_mad1.5;audit_remove;0.0;4;10;10;0;2;0;0;0;0;0.975397;0.984398;0.688889;0.933333;3.83
2026-07-21T22:58:36;mvtec_AD/carpet;B;dino;dino_imgmax_mad1.5;audit_recapture;0.0;4;10;10;0;2;0;0;0;0;0.976984;0.985516;0.688889;0.933333;4.64
2026-07-21T22:58:40;mvtec_AD/carpet;B;dino;dino_imgmax_mad1.5;audit_remove;0.3;4;10;10;3;3;3;1;2;3;0.97381;0.982789;0.688889;0.866667;3.36
2026-07-21T22:58:45;mvtec_AD/carpet;B;dino;dino_imgmax_mad1.5;audit_recapture;0.3;4;10;10;3;3;3;1;2;3;0.977778;0.985541;0.688889;0.911111;4.71
2026-07-21T22:58:48;mvtec_AD/carpet;B;dino;;oracle_remove;0.3;4;10;10;3;3;3;;;;0.97381;0.982789;0.688889;0.866667;3.35
2026-07-21T22:58:52;mvtec_AD/carpet;B;dino;dino_imgmax_mad1.5;base_knn;0.3;4;10;10;3;3;3;;;;0.97381;0.982789;0.688889;0.866667;3.38
2026-07-21T22:58:55;mvtec_AD/carpet;B;dino;dino_imgmax_mad1.5;base_lof;0.3;4;10;10;3;3;3;;;;0.97381;0.982789;0.688889;0.866667;3.25
2026-07-21T22:58:59;mvtec_AD/carpet;B;dino;dino_imgmax_mad1.5;base_iforest;0.3;4;10;10;3;2;2;;;;0.969841;0.980785;0.666667;0.888889;3.82
2026-07-21T22:59:00;mvtec_AD/carpet;B;clip;dino_imgmax_mad1.5;audit_remove;0.3;0;10;10;3;3;3;;;;0.961905;0.981165;0.866667;0.866667;0.44
2026-07-21T22:59:00;mvtec_AD/carpet;B;clip;;oracle_remove;0.3;0;10;10;3;3;3;;;;0.961905;0.981165;0.866667;0.866667;0.37
2026-07-21T22:59:00;mvtec_AD/carpet;B;clip;dino_imgmax_mad1.5;audit_remove;0.3;1;10;10;3;2;2;;;;0.97381;0.983494;0.688889;0.911111;0.45
2026-07-21T22:59:01;mvtec_AD/carpet;B;clip;;oracle_remove;0.3;1;10;10;3;3;3;;;;0.977778;0.986893;0.8;0.911111;0.39
2026-07-21T22:59:01;mvtec_AD/carpet;B;clip;dino_imgmax_mad1.5;audit_remove;0.3;2;10;10;3;0;0;;;;0.922222;0.960096;0.666667;0.822222;0.53
2026-07-21T22:59:02;mvtec_AD/carpet;B;clip;;oracle_remove;0.3;2;10;10;3;3;3;;;;0.942857;0.970995;0.777778;0.888889;0.41
2026-07-21T22:59:02;mvtec_AD/carpet;B;clip;dino_imgmax_mad1.5;audit_remove;0.3;3;10;10;3;1;1;;;;0.961905;0.980062;0.844444;0.888889;0.5
2026-07-21T22:59:03;mvtec_AD/carpet;B;clip;;oracle_remove;0.3;3;10;10;3;3;3;;;;0.975397;0.988154;0.866667;0.933333;0.46
2026-07-21T22:59:03;mvtec_AD/carpet;B;clip;dino_imgmax_mad1.5;audit_remove;0.3;4;10;10;3;3;3;;;;0.946825;0.972897;0.822222;0.844444;0.36
2026-07-21T22:59:04;mvtec_AD/carpet;B;clip;;oracle_remove;0.3;4;10;10;3;3;3;;;;0.946825;0.972897;0.822222;0.844444;0.39
2026-07-21T22:59:12;mvtec_AD/carpet;B;dinov2;dino_imgmax_mad1.5;audit_remove;0.3;0;10;10;3;3;3;;;;0.954762;0.97487;0.777778;0.866667;5.76
2026-07-21T22:59:17;mvtec_AD/carpet;B;dinov2;;oracle_remove;0.3;0;10;10;3;3;3;;;;0.954762;0.97487;0.777778;0.866667;5.56
2026-07-21T22:59:23;mvtec_AD/carpet;B;dinov2;dino_imgmax_mad1.5;audit_remove;0.3;1;10;10;3;2;2;;;;0.944444;0.969729;0.755556;0.866667;6.33
2026-07-21T22:59:29;mvtec_AD/carpet;B;dinov2;;oracle_remove;0.3;1;10;10;3;3;3;;;;0.947619;0.970809;0.733333;0.866667;5.45
2026-07-21T22:59:37;mvtec_AD/carpet;B;dinov2;dino_imgmax_mad1.5;audit_remove;0.3;2;10;10;3;0;0;;;;0.910317;0.947863;0.6;0.733333;7.57
2026-07-21T22:59:42;mvtec_AD/carpet;B;dinov2;;oracle_remove;0.3;2;10;10;3;3;3;;;;0.942857;0.967981;0.733333;0.8;5.59
2026-07-21T22:59:49;mvtec_AD/carpet;B;dinov2;dino_imgmax_mad1.5;audit_remove;0.3;3;10;10;3;1;1;;;;0.925397;0.958866;0.711111;0.822222;7.15
2026-07-21T22:59:55;mvtec_AD/carpet;B;dinov2;;oracle_remove;0.3;3;10;10;3;3;3;;;;0.94127;0.96812;0.777778;0.844444;5.77
2026-07-21T23:00:01;mvtec_AD/carpet;B;dinov2;dino_imgmax_mad1.5;audit_remove;0.3;4;10;10;3;3;3;;;;0.935714;0.964757;0.733333;0.822222;5.79
2026-07-21T23:00:07;mvtec_AD/carpet;B;dinov2;;oracle_remove;0.3;4;10;10;3;3;3;;;;0.935714;0.964757;0.733333;0.822222;5.72
2026-07-21T23:00:17;mvtec_AD/grid;B;dino;dino_imgmax_mad1.5;audit_remove;0.0;0;10;10;0;2;0;0;0;0;0.862069;0.905385;0.448276;0.586207;2.72
2026-07-21T23:00:20;mvtec_AD/grid;B;dino;dino_imgmax_mad1.5;audit_recapture;0.0;0;10;10;0;2;0;0;0;0;0.875205;0.915926;0.448276;0.586207;3.26
2026-07-21T23:00:24;mvtec_AD/grid;B;dino;dino_imgmax_mad1.5;audit_remove;0.3;0;10;10;3;3;3;1;2;3;0.868637;0.90492;0.448276;0.482759;2.36
2026-07-21T23:00:27;mvtec_AD/grid;B;dino;dino_imgmax_mad1.5;audit_recapture;0.3;0;10;10;3;3;3;1;2;3;0.898194;0.928676;0.517241;0.689655;3.25
2026-07-21T23:00:29;mvtec_AD/grid;B;dino;;oracle_remove;0.3;0;10;10;3;3;3;;;;0.868637;0.90492;0.448276;0.482759;2.38
2026-07-21T23:00:33;mvtec_AD/grid;B;dino;dino_imgmax_mad1.5;base_knn;0.3;0;10;10;3;0;0;;;;0.875205;0.91253;0.448276;0.62069;3.26
2026-07-21T23:00:36;mvtec_AD/grid;B;dino;dino_imgmax_mad1.5;base_lof;0.3;0;10;10;3;2;1;;;;0.786535;0.829926;0.310345;0.310345;2.71
2026-07-21T23:00:38;mvtec_AD/grid;B;dino;dino_imgmax_mad1.5;base_iforest;0.3;0;10;10;3;1;1;;;;0.871921;0.907965;0.448276;0.482759;2.94
2026-07-21T23:00:43;mvtec_AD/grid;B;dino;dino_imgmax_mad1.5;audit_remove;0.0;1;10;10;0;1;0;0;0;0;0.932677;0.958366;0.758621;0.758621;3.03
2026-07-21T23:00:46;mvtec_AD/grid;B;dino;dino_imgmax_mad1.5;audit_recapture;0.0;1;10;10;0;1;0;0;0;0;0.958949;0.975087;0.862069;0.862069;3.21
2026-07-21T23:00:49;mvtec_AD/grid;B;dino;dino_imgmax_mad1.5;audit_remove;0.3;1;10;10;3;3;3;1;2;3;0.922824;0.948524;0.655172;0.689655;2.36
2026-07-21T23:00:52;mvtec_AD/grid;B;dino;dino_imgmax_mad1.5;audit_recapture;0.3;1;10;10;3;3;3;1;2;3;0.967159;0.980451;0.862069;0.862069;3.22
2026-07-21T23:00:55;mvtec_AD/grid;B;dino;;oracle_remove;0.3;1;10;10;3;3;3;;;;0.922824;0.948524;0.655172;0.689655;2.31
2026-07-21T23:00:58;mvtec_AD/grid;B;dino;dino_imgmax_mad1.5;base_knn;0.3;1;10;10;3;0;0;;;;0.840722;0.891376;0.482759;0.482759;3.36
2026-07-21T23:01:00;mvtec_AD/grid;B;dino;dino_imgmax_mad1.5;base_lof;0.3;1;10;10;3;4;3;;;;0.904762;0.927731;0.482759;0.482759;2.08
2026-07-21T23:01:04;mvtec_AD/grid;B;dino;dino_imgmax_mad1.5;base_iforest;0.3;1;10;10;3;0;0;;;;0.840722;0.891376;0.482759;0.482759;3.27
2026-07-21T23:01:07;mvtec_AD/grid;B;dino;dino_imgmax_mad1.5;audit_remove;0.0;2;10;10;0;1;0;0;0;0;0.8867;0.931988;0.655172;0.724138;2.84
2026-07-21T23:01:11;mvtec_AD/grid;B;dino;dino_imgmax_mad1.5;audit_recapture;0.0;2;10;10;0;1;0;0;0;0;0.893268;0.934029;0.655172;0.689655;3.25
2026-07-21T23:01:14;mvtec_AD/grid;B;dino;dino_imgmax_mad1.5;audit_remove;0.3;2;10;10;3;3;3;1;2;3;0.865353;0.922396;0.689655;0.724138;2.28
2026-07-21T23:01:17;mvtec_AD/grid;B;dino;dino_imgmax_mad1.5;audit_recapture;0.3;2;10;10;3;3;3;1;2;3;0.865353;0.920931;0.655172;0.689655;3.26
2026-07-21T23:01:20;mvtec_AD/grid;B;dino;;oracle_remove;0.3;2;10;10;3;3;3;;;;0.865353;0.922396;0.689655;0.724138;2.4
2026-07-21T23:01:23;mvtec_AD/grid;B;dino;dino_imgmax_mad1.5;base_knn;0.3;2;10;10;3;1;1;;;;0.853859;0.917397;0.689655;0.689655;2.93
2026-07-21T23:01:25;mvtec_AD/grid;B;dino;dino_imgmax_mad1.5;base_lof;0.3;2;10;10;3;2;1;;;;0.850575;0.913324;0.655172;0.689655;2.67
2026-07-21T23:01:28;mvtec_AD/grid;B;dino;dino_imgmax_mad1.5;base_iforest;0.3;2;10;10;3;2;2;;;;0.840722;0.909003;0.655172;0.689655;2.61
2026-07-21T23:01:32;mvtec_AD/grid;B;dino;dino_imgmax_mad1.5;audit_remove;0.0;3;10;10;0;1;0;0;0;0;0.957307;0.974669;0.827586;0.862069;2.94
2026-07-21T23:01:35;mvtec_AD/grid;B;dino;dino_imgmax_mad1.5;audit_recapture;0.0;3;10;10;0;1;0;0;0;0;0.955665;0.974088;0.862069;0.862069;3.16
2026-07-21T23:01:39;mvtec_AD/grid;B;dino;dino_imgmax_mad1.5;audit_remove;0.3;3;10;10;3;3;3;1;2;3;0.952381;0.970049;0.793103;0.827586;2.31
2026-07-21T23:01:42;mvtec_AD/grid;B;dino;dino_imgmax_mad1.5;audit_recapture;0.3;3;10;10;3;3;3;1;2;3;0.955665;0.972735;0.827586;0.827586;3.28
2026-07-21T23:01:44;mvtec_AD/grid;B;dino;;oracle_remove;0.3;3;10;10;3;3;3;;;;0.952381;0.970049;0.793103;0.827586;2.44
2026-07-21T23:01:47;mvtec_AD/grid;B;dino;dino_imgmax_mad1.5;base_knn;0.3;3;10;10;3;1;0;;;;0.90312;0.937194;0.586207;0.586207;2.96
2026-07-21T23:01:50;mvtec_AD/grid;B;dino;dino_imgmax_mad1.5;base_lof;0.3;3;10;10;3;1;1;;;;0.935961;0.960196;0.724138;0.758621;2.94
2026-07-21T23:01:53;mvtec_AD/grid;B;dino;dino_imgmax_mad1.5;base_iforest;0.3;3;10;10;3;1;1;;;;0.934319;0.960375;0.793103;0.793103;2.91
2026-07-21T23:01:57;mvtec_AD/grid;B;dino;dino_imgmax_mad1.5;audit_remove;0.0;4;10;10;0;1;0;0;0;0;0.973727;0.980919;0.724138;0.827586;2.88
2026-07-21T23:02:00;mvtec_AD/grid;B;dino;dino_imgmax_mad1.5;audit_recapture;0.0;4;10;10;0;1;0;0;0;0;0.970443;0.978324;0.724138;0.758621;3.29
2026-07-21T23:02:04;mvtec_AD/grid;B;dino;dino_imgmax_mad1.5;audit_remove;0.3;4;10;10;3;1;1;1;2;3;0.873563;0.898233;0.37931;0.37931;2.88
2026-07-21T23:02:08;mvtec_AD/grid;B;dino;dino_imgmax_mad1.5;audit_recapture;0.3;4;10;10;3;1;1;1;2;3;0.89491;0.918802;0.37931;0.586207;3.26
2026-07-21T23:02:10;mvtec_AD/grid;B;dino;;oracle_remove;0.3;4;10;10;3;3;3;;;;0.853859;0.879439;0.37931;0.37931;2.35
2026-07-21T23:02:13;mvtec_AD/grid;B;dino;dino_imgmax_mad1.5;base_knn;0.3;4;10;10;3;1;1;;;;0.778325;0.778514;0.103448;0.137931;2.88
2026-07-21T23:02:16;mvtec_AD/grid;B;dino;dino_imgmax_mad1.5;base_lof;0.3;4;10;10;3;1;1;;;;0.778325;0.778514;0.103448;0.137931;2.91
2026-07-21T23:02:19;mvtec_AD/grid;B;dino;dino_imgmax_mad1.5;base_iforest;0.3;4;10;10;3;2;1;;;;0.775041;0.778762;0.103448;0.137931;2.6
2026-07-21T23:02:19;mvtec_AD/grid;B;clip;dino_imgmax_mad1.5;audit_remove;0.3;0;10;10;3;3;3;;;;0.906404;0.937227;0.551724;0.655172;0.25
2026-07-21T23:02:20;mvtec_AD/grid;B;clip;;oracle_remove;0.3;0;10;10;3;3;3;;;;0.906404;0.937227;0.551724;0.655172;0.26
2026-07-21T23:02:20;mvtec_AD/grid;B;clip;dino_imgmax_mad1.5;audit_remove;0.3;1;10;10;3;3;3;;;;0.92775;0.957357;0.689655;0.862069;0.29
2026-07-21T23:02:20;mvtec_AD/grid;B;clip;;oracle_remove;0.3;1;10;10;3;3;3;;;;0.92775;0.957357;0.689655;0.862069;0.26
2026-07-21T23:02:21;mvtec_AD/grid;B;clip;dino_imgmax_mad1.5;audit_remove;0.3;2;10;10;3;3;3;;;;0.949097;0.964804;0.655172;0.793103;0.26
2026-07-21T23:02:21;mvtec_AD/grid;B;clip;;oracle_remove;0.3;2;10;10;3;3;3;;;;0.949097;0.964804;0.655172;0.793103;0.27
2026-07-21T23:02:21;mvtec_AD/grid;B;clip;dino_imgmax_mad1.5;audit_remove;0.3;3;10;10;3;3;3;;;;0.960591;0.976897;0.827586;0.931034;0.3
2026-07-21T23:02:22;mvtec_AD/grid;B;clip;;oracle_remove;0.3;3;10;10;3;3;3;;;;0.960591;0.976897;0.827586;0.931034;0.25
2026-07-21T23:02:22;mvtec_AD/grid;B;clip;dino_imgmax_mad1.5;audit_remove;0.3;4;10;10;3;1;1;;;;0.89491;0.925325;0.482759;0.482759;0.33
2026-07-21T23:02:22;mvtec_AD/grid;B;clip;;oracle_remove;0.3;4;10;10;3;3;3;;;;0.908046;0.93655;0.551724;0.551724;0.28
2026-07-21T23:02:28;mvtec_AD/grid;B;dinov2;dino_imgmax_mad1.5;audit_remove;0.3;0;10;10;3;3;3;;;;0.906404;0.941001;0.62069;0.689655;3.95
2026-07-21T23:02:32;mvtec_AD/grid;B;dinov2;;oracle_remove;0.3;0;10;10;3;3;3;;;;0.906404;0.941001;0.62069;0.689655;3.87
2026-07-21T23:02:36;mvtec_AD/grid;B;dinov2;dino_imgmax_mad1.5;audit_remove;0.3;1;10;10;3;3;3;;;;0.893268;0.929959;0.586207;0.586207;3.78
2026-07-21T23:02:39;mvtec_AD/grid;B;dinov2;;oracle_remove;0.3;1;10;10;3;3;3;;;;0.893268;0.929959;0.586207;0.586207;3.8
2026-07-21T23:02:44;mvtec_AD/grid;B;dinov2;dino_imgmax_mad1.5;audit_remove;0.3;2;10;10;3;3;3;;;;0.842365;0.908968;0.62069;0.62069;3.96
2026-07-21T23:02:47;mvtec_AD/grid;B;dinov2;;oracle_remove;0.3;2;10;10;3;3;3;;;;0.842365;0.908968;0.62069;0.62069;3.88
2026-07-21T23:02:51;mvtec_AD/grid;B;dinov2;dino_imgmax_mad1.5;audit_remove;0.3;3;10;10;3;3;3;;;;0.968801;0.979879;0.793103;0.862069;3.91
2026-07-21T23:02:55;mvtec_AD/grid;B;dinov2;;oracle_remove;0.3;3;10;10;3;3;3;;;;0.968801;0.979879;0.793103;0.862069;3.91
2026-07-21T23:03:00;mvtec_AD/grid;B;dinov2;dino_imgmax_mad1.5;audit_remove;0.3;4;10;10;3;1;1;;;;0.896552;0.920785;0.448276;0.448276;4.99
2026-07-21T23:03:04;mvtec_AD/grid;B;dinov2;;oracle_remove;0.3;4;10;10;3;3;3;;;;0.888342;0.911213;0.413793;0.413793;3.8
2026-07-21T23:03:17;mvtec_AD/hazelnut;B;dino;dino_imgmax_mad1.5;audit_remove;0.0;0;10;10;0;1;0;0;0;0;0.882143;0.885539;0.457143;0.514286;4.48
2026-07-21T23:03:22;mvtec_AD/hazelnut;B;dino;dino_imgmax_mad1.5;audit_recapture;0.0;0;10;10;0;1;0;0;0;0;0.872143;0.880886;0.485714;0.542857;4.85
2026-07-21T23:03:26;mvtec_AD/hazelnut;B;dino;dino_imgmax_mad1.5;audit_remove;0.3;0;10;10;3;3;3;1;2;3;0.810714;0.836875;0.485714;0.485714;3.41
2026-07-21T23:03:31;mvtec_AD/hazelnut;B;dino;dino_imgmax_mad1.5;audit_recapture;0.3;0;10;10;3;3;3;1;2;3;0.847143;0.866049;0.4;0.485714;4.89
2026-07-21T23:03:34;mvtec_AD/hazelnut;B;dino;;oracle_remove;0.3;0;10;10;3;3;3;;;;0.810714;0.836875;0.485714;0.485714;3.41
2026-07-21T23:03:39;mvtec_AD/hazelnut;B;dino;dino_imgmax_mad1.5;base_knn;0.3;0;10;10;3;1;0;;;;0.75;0.772387;0.314286;0.4;4.32
2026-07-21T23:03:43;mvtec_AD/hazelnut;B;dino;dino_imgmax_mad1.5;base_lof;0.3;0;10;10;3;1;0;;;;0.75;0.772387;0.314286;0.4;4.29
2026-07-21T23:03:47;mvtec_AD/hazelnut;B;dino;dino_imgmax_mad1.5;base_iforest;0.3;0;10;10;3;3;1;;;;0.762857;0.796573;0.4;0.428571;3.47
2026-07-21T23:03:51;mvtec_AD/hazelnut;B;dino;dino_imgmax_mad1.5;audit_remove;0.0;1;10;10;0;2;0;0;0;0;0.922143;0.931845;0.685714;0.8;3.79
2026-07-21T23:03:56;mvtec_AD/hazelnut;B;dino;dino_imgmax_mad1.5;audit_recapture;0.0;1;10;10;0;2;0;0;0;0;0.917857;0.921573;0.628571;0.714286;4.8
2026-07-21T23:04:01;mvtec_AD/hazelnut;B;dino;dino_imgmax_mad1.5;audit_remove;0.3;1;10;10;3;2;2;1;2;2;0.899286;0.904112;0.6;0.628571;3.95
2026-07-21T23:04:06;mvtec_AD/hazelnut;B;dino;dino_imgmax_mad1.5;audit_recapture;0.3;1;10;10;3;2;2;1;2;2;0.901429;0.902864;0.6;0.6;4.86
2026-07-21T23:04:10;mvtec_AD/hazelnut;B;dino;;oracle_remove;0.3;1;10;10;3;3;3;;;;0.915;0.918253;0.628571;0.628571;3.42
2026-07-21T23:04:14;mvtec_AD/hazelnut;B;dino;dino_imgmax_mad1.5;base_knn;0.3;1;10;10;3;1;1;;;;0.882857;0.88295;0.514286;0.542857;4.37
2026-07-21T23:04:19;mvtec_AD/hazelnut;B;dino;dino_imgmax_mad1.5;base_lof;0.3;1;10;10;3;1;1;;;;0.882857;0.88295;0.514286;0.542857;4.49
2026-07-21T23:04:23;mvtec_AD/hazelnut;B;dino;dino_imgmax_mad1.5;base_iforest;0.3;1;10;10;3;1;1;;;;0.882857;0.88295;0.514286;0.542857;4.24
2026-07-21T23:04:29;mvtec_AD/hazelnut;B;dino;dino_imgmax_mad1.5;audit_remove;0.0;2;10;10;0;0;0;0;0;0;0.813571;0.855104;0.485714;0.628571;4.85
2026-07-21T23:04:34;mvtec_AD/hazelnut;B;dino;dino_imgmax_mad1.5;audit_recapture;0.0;2;10;10;0;0;0;0;0;0;0.813571;0.855104;0.485714;0.628571;4.92
2026-07-21T23:04:39;mvtec_AD/hazelnut;B;dino;dino_imgmax_mad1.5;audit_remove;0.3;2;10;10;3;1;1;1;1;2;0.832143;0.844529;0.457143;0.485714;4.35
2026-07-21T23:04:44;mvtec_AD/hazelnut;B;dino;dino_imgmax_mad1.5;audit_recapture;0.3;2;10;10;3;1;1;1;1;2;0.869286;0.868706;0.485714;0.485714;5.0
2026-07-21T23:04:48;mvtec_AD/hazelnut;B;dino;;oracle_remove;0.3;2;10;10;3;3;3;;;;0.812857;0.845873;0.514286;0.571429;3.52
2026-07-21T23:04:52;mvtec_AD/hazelnut;B;dino;dino_imgmax_mad1.5;base_knn;0.3;2;10;10;3;2;2;;;;0.857143;0.872275;0.542857;0.542857;3.88
2026-07-21T23:04:56;mvtec_AD/hazelnut;B;dino;dino_imgmax_mad1.5;base_lof;0.3;2;10;10;3;2;1;;;;0.852857;0.856584;0.428571;0.457143;3.91
2026-07-21T23:05:00;mvtec_AD/hazelnut;B;dino;dino_imgmax_mad1.5;base_iforest;0.3;2;10;10;3;1;0;;;;0.87;0.873088;0.4;0.485714;4.23
2026-07-21T23:05:05;mvtec_AD/hazelnut;B;dino;dino_imgmax_mad1.5;audit_remove;0.0;3;10;10;0;2;0;0;0;0;0.790714;0.813553;0.4;0.485714;4.02
2026-07-21T23:05:10;mvtec_AD/hazelnut;B;dino;dino_imgmax_mad1.5;audit_recapture;0.0;3;10;10;0;2;0;0;0;0;0.797143;0.821884;0.4;0.428571;4.84
2026-07-21T23:05:14;mvtec_AD/hazelnut;B;dino;dino_imgmax_mad1.5;audit_remove;0.3;3;10;10;3;3;3;1;2;3;0.857857;0.880679;0.571429;0.6;3.36
2026-07-21T23:05:19;mvtec_AD/hazelnut;B;dino;dino_imgmax_mad1.5;audit_recapture;0.3;3;10;10;3;3;3;1;2;3;0.860714;0.884809;0.571429;0.628571;4.9
2026-07-21T23:05:23;mvtec_AD/hazelnut;B;dino;;oracle_remove;0.3;3;10;10;3;3;3;;;;0.857857;0.880679;0.571429;0.6;3.61
2026-07-21T23:05:27;mvtec_AD/hazelnut;B;dino;dino_imgmax_mad1.5;base_knn;0.3;3;10;10;3;2;2;;;;0.851429;0.877378;0.485714;0.6;3.9
2026-07-21T23:05:31;mvtec_AD/hazelnut;B;dino;dino_imgmax_mad1.5;base_lof;0.3;3;10;10;3;2;2;;;;0.851429;0.877378;0.485714;0.6;3.95
2026-07-21T23:05:35;mvtec_AD/hazelnut;B;dino;dino_imgmax_mad1.5;base_iforest;0.3;3;10;10;3;0;0;;;;0.846429;0.870804;0.485714;0.571429;4.88
2026-07-21T23:05:41;mvtec_AD/hazelnut;B;dino;dino_imgmax_mad1.5;audit_remove;0.0;4;10;10;0;0;0;0;0;0;0.894286;0.90299;0.542857;0.657143;4.66
2026-07-21T23:05:46;mvtec_AD/hazelnut;B;dino;dino_imgmax_mad1.5;audit_recapture;0.0;4;10;10;0;0;0;0;0;0;0.894286;0.90299;0.542857;0.657143;4.83
2026-07-21T23:05:51;mvtec_AD/hazelnut;B;dino;dino_imgmax_mad1.5;audit_remove;0.3;4;10;10;3;2;2;1;2;3;0.847857;0.859632;0.485714;0.542857;3.99
2026-07-21T23:05:56;mvtec_AD/hazelnut;B;dino;dino_imgmax_mad1.5;audit_recapture;0.3;4;10;10;3;2;2;1;2;3;0.850714;0.861676;0.485714;0.542857;4.73
2026-07-21T23:05:59;mvtec_AD/hazelnut;B;dino;;oracle_remove;0.3;4;10;10;3;3;3;;;;0.894286;0.904239;0.571429;0.657143;3.45
2026-07-21T23:06:04;mvtec_AD/hazelnut;B;dino;dino_imgmax_mad1.5;base_knn;0.3;4;10;10;3;1;0;;;;0.862857;0.872682;0.514286;0.571429;4.33
2026-07-21T23:06:08;mvtec_AD/hazelnut;B;dino;dino_imgmax_mad1.5;base_lof;0.3;4;10;10;3;2;0;;;;0.841429;0.851834;0.485714;0.542857;3.91
2026-07-21T23:06:13;mvtec_AD/hazelnut;B;dino;dino_imgmax_mad1.5;base_iforest;0.3;4;10;10;3;0;0;;;;0.858571;0.866197;0.485714;0.514286;4.83
2026-07-21T23:06:14;mvtec_AD/hazelnut;B;clip;dino_imgmax_mad1.5;audit_remove;0.3;0;10;10;3;3;3;;;;0.965;0.962989;0.685714;0.828571;0.47
2026-07-21T23:06:14;mvtec_AD/hazelnut;B;clip;;oracle_remove;0.3;0;10;10;3;3;3;;;;0.965;0.962989;0.685714;0.828571;0.39
2026-07-21T23:06:15;mvtec_AD/hazelnut;B;clip;dino_imgmax_mad1.5;audit_remove;0.3;1;10;10;3;2;2;;;;0.994286;0.993166;0.857143;1.0;0.43
2026-07-21T23:06:15;mvtec_AD/hazelnut;B;clip;;oracle_remove;0.3;1;10;10;3;3;3;;;;0.994286;0.993166;0.885714;1.0;0.41
2026-07-21T23:06:16;mvtec_AD/hazelnut;B;clip;dino_imgmax_mad1.5;audit_remove;0.3;2;10;10;3;1;1;;;;0.986429;0.988174;0.942857;0.942857;0.5
2026-07-21T23:06:16;mvtec_AD/hazelnut;B;clip;;oracle_remove;0.3;2;10;10;3;3;3;;;;0.995714;0.995162;0.914286;0.971429;0.38
2026-07-21T23:06:16;mvtec_AD/hazelnut;B;clip;dino_imgmax_mad1.5;audit_remove;0.3;3;10;10;3;3;3;;;;0.962857;0.966694;0.828571;0.857143;0.43
2026-07-21T23:06:17;mvtec_AD/hazelnut;B;clip;;oracle_remove;0.3;3;10;10;3;3;3;;;;0.962857;0.966694;0.828571;0.857143;0.38
2026-07-21T23:06:17;mvtec_AD/hazelnut;B;clip;dino_imgmax_mad1.5;audit_remove;0.3;4;10;10;3;2;2;;;;0.975;0.974526;0.828571;0.828571;0.5
2026-07-21T23:06:18;mvtec_AD/hazelnut;B;clip;;oracle_remove;0.3;4;10;10;3;3;3;;;;0.972857;0.973681;0.8;0.885714;0.41
2026-07-21T23:06:26;mvtec_AD/hazelnut;B;dinov2;dino_imgmax_mad1.5;audit_remove;0.3;0;10;10;3;3;3;;;;0.846429;0.87367;0.457143;0.657143;5.89
2026-07-21T23:06:32;mvtec_AD/hazelnut;B;dinov2;;oracle_remove;0.3;0;10;10;3;3;3;;;;0.846429;0.87367;0.457143;0.657143;5.91
2026-07-21T23:06:39;mvtec_AD/hazelnut;B;dinov2;dino_imgmax_mad1.5;audit_remove;0.3;1;10;10;3;2;2;;;;0.921429;0.931853;0.685714;0.828571;6.6
2026-07-21T23:06:45;mvtec_AD/hazelnut;B;dinov2;;oracle_remove;0.3;1;10;10;3;3;3;;;;0.937143;0.943803;0.714286;0.828571;5.66
2026-07-21T23:06:52;mvtec_AD/hazelnut;B;dinov2;dino_imgmax_mad1.5;audit_remove;0.3;2;10;10;3;1;1;;;;0.851429;0.854294;0.428571;0.514286;7.44
2026-07-21T23:06:58;mvtec_AD/hazelnut;B;dinov2;;oracle_remove;0.3;2;10;10;3;3;3;;;;0.863571;0.88551;0.6;0.6;5.89
2026-07-21T23:07:04;mvtec_AD/hazelnut;B;dinov2;dino_imgmax_mad1.5;audit_remove;0.3;3;10;10;3;3;3;;;;0.894286;0.913702;0.657143;0.685714;5.8
2026-07-21T23:07:10;mvtec_AD/hazelnut;B;dinov2;;oracle_remove;0.3;3;10;10;3;3;3;;;;0.894286;0.913702;0.657143;0.685714;5.83
2026-07-21T23:07:16;mvtec_AD/hazelnut;B;dinov2;dino_imgmax_mad1.5;audit_remove;0.3;4;10;10;3;2;2;;;;0.888571;0.899004;0.514286;0.685714;6.57
2026-07-21T23:07:22;mvtec_AD/hazelnut;B;dinov2;;oracle_remove;0.3;4;10;10;3;3;3;;;;0.94;0.943061;0.685714;0.771429;5.79
2026-07-21T23:07:34;mvtec_AD/leather;B;dino;dino_imgmax_mad1.5;audit_remove;0.0;0;10;10;0;1;0;0;0;0;0.999321;0.999537;0.978261;1.0;4.51
2026-07-21T23:07:39;mvtec_AD/leather;B;dino;dino_imgmax_mad1.5;audit_recapture;0.0;0;10;10;0;1;0;0;0;0;0.999321;0.999537;0.978261;1.0;5.03
2026-07-21T23:07:45;mvtec_AD/leather;B;dino;dino_imgmax_mad1.5;audit_remove;0.3;0;10;10;3;1;1;1;2;2;0.997962;0.998582;0.978261;1.0;4.45
2026-07-21T23:07:50;mvtec_AD/leather;B;dino;dino_imgmax_mad1.5;audit_recapture;0.3;0;10;10;3;1;1;1;2;2;0.999321;0.999537;1.0;1.0;4.92
2026-07-21T23:07:53;mvtec_AD/leather;B;dino;;oracle_remove;0.3;0;10;10;3;3;3;;;;0.999321;0.999537;1.0;1.0;3.75
2026-07-21T23:07:57;mvtec_AD/leather;B;dino;dino_imgmax_mad1.5;base_knn;0.3;0;10;10;3;4;3;;;;0.999321;0.999537;1.0;1.0;3.16
2026-07-21T23:08:00;mvtec_AD/leather;B;dino;dino_imgmax_mad1.5;base_lof;0.3;0;10;10;3;3;2;;;;0.998641;0.999065;0.978261;1.0;3.57
2026-07-21T23:08:05;mvtec_AD/leather;B;dino;dino_imgmax_mad1.5;base_iforest;0.3;0;10;10;3;1;1;;;;0.999321;0.999537;0.978261;1.0;4.48
2026-07-21T23:08:10;mvtec_AD/leather;B;dino;dino_imgmax_mad1.5;audit_remove;0.0;1;10;10;0;1;0;0;0;0;0.999321;0.999537;1.0;1.0;4.53
2026-07-21T23:08:15;mvtec_AD/leather;B;dino;dino_imgmax_mad1.5;audit_recapture;0.0;1;10;10;0;1;0;0;0;0;1.0;1.0;1.0;1.0;4.98
2026-07-21T23:08:21;mvtec_AD/leather;B;dino;dino_imgmax_mad1.5;audit_remove;0.3;1;10;10;3;1;1;1;2;3;0.999321;0.999537;0.978261;1.0;4.59
2026-07-21T23:08:26;mvtec_AD/leather;B;dino;dino_imgmax_mad1.5;audit_recapture;0.3;1;10;10;3;1;1;1;2;3;0.999321;0.999537;0.978261;1.0;4.99
2026-07-21T23:08:29;mvtec_AD/leather;B;dino;;oracle_remove;0.3;1;10;10;3;3;3;;;;0.998641;0.999065;1.0;1.0;3.54
2026-07-21T23:08:33;mvtec_AD/leather;B;dino;dino_imgmax_mad1.5;base_knn;0.3;1;10;10;3;3;3;;;;0.998641;0.999065;1.0;1.0;3.54
2026-07-21T23:08:37;mvtec_AD/leather;B;dino;dino_imgmax_mad1.5;base_lof;0.3;1;10;10;3;3;3;;;;0.998641;0.999065;1.0;1.0;3.48
2026-07-21T23:08:42;mvtec_AD/leather;B;dino;dino_imgmax_mad1.5;base_iforest;0.3;1;10;10;3;0;0;;;;0.999321;0.999537;0.978261;1.0;5.13
2026-07-21T23:08:46;mvtec_AD/leather;B;dino;dino_imgmax_mad1.5;audit_remove;0.0;2;10;10;0;3;0;0;0;0;0.997962;0.998622;0.956522;0.978261;3.62
2026-07-21T23:08:51;mvtec_AD/leather;B;dino;dino_imgmax_mad1.5;audit_recapture;0.0;2;10;10;0;3;0;0;0;0;0.997283;0.998139;0.978261;0.978261;4.96
2026-07-21T23:08:56;mvtec_AD/leather;B;dino;dino_imgmax_mad1.5;audit_remove;0.3;2;10;10;3;2;2;1;2;3;0.998641;0.999094;0.978261;1.0;4.04
2026-07-21T23:09:02;mvtec_AD/leather;B;dino;dino_imgmax_mad1.5;audit_recapture;0.3;2;10;10;3;2;2;1;2;3;0.998641;0.999094;0.978261;1.0;5.05
2026-07-21T23:09:05;mvtec_AD/leather;B;dino;;oracle_remove;0.3;2;10;10;3;3;3;;;;0.997283;0.998169;0.956522;1.0;3.61
2026-07-21T23:09:09;mvtec_AD/leather;B;dino;dino_imgmax_mad1.5;base_knn;0.3;2;10;10;3;3;3;;;;0.997283;0.998169;0.956522;1.0;3.6
2026-07-21T23:09:12;mvtec_AD/leather;B;dino;dino_imgmax_mad1.5;base_lof;0.3;2;10;10;3;3;3;;;;0.997283;0.998169;0.956522;1.0;3.52
2026-07-21T23:09:16;mvtec_AD/leather;B;dino;dino_imgmax_mad1.5;base_iforest;0.3;2;10;10;3;3;3;;;;0.997283;0.998169;0.956522;1.0;3.5
2026-07-21T23:09:21;mvtec_AD/leather;B;dino;dino_imgmax_mad1.5;audit_remove;0.0;3;10;10;0;2;0;0;0;0;1.0;1.0;1.0;1.0;4.0
2026-07-21T23:09:26;mvtec_AD/leather;B;dino;dino_imgmax_mad1.5;audit_recapture;0.0;3;10;10;0;2;0;0;0;0;0.998641;0.999065;0.978261;1.0;5.22
2026-07-21T23:09:32;mvtec_AD/leather;B;dino;dino_imgmax_mad1.5;audit_remove;0.3;3;10;10;3;0;0;0;1;2;0.999321;0.999537;0.978261;1.0;4.85
2026-07-21T23:09:37;mvtec_AD/leather;B;dino;dino_imgmax_mad1.5;audit_recapture;0.3;3;10;10;3;0;0;0;1;2;0.999321;0.999537;0.978261;1.0;5.04
2026-07-21T23:09:41;mvtec_AD/leather;B;dino;;oracle_remove;0.3;3;10;10;3;3;3;;;;1.0;1.0;1.0;1.0;3.45
2026-07-21T23:09:45;mvtec_AD/leather;B;dino;dino_imgmax_mad1.5;base_knn;0.3;3;10;10;3;2;2;;;;0.999321;0.999537;0.978261;1.0;4.0
2026-07-21T23:09:48;mvtec_AD/leather;B;dino;dino_imgmax_mad1.5;base_lof;0.3;3;10;10;3;3;3;;;;1.0;1.0;1.0;1.0;3.63
2026-07-21T23:09:52;mvtec_AD/leather;B;dino;dino_imgmax_mad1.5;base_iforest;0.3;3;10;10;3;2;2;;;;0.999321;0.999537;0.978261;1.0;4.11
2026-07-21T23:09:58;mvtec_AD/leather;B;dino;dino_imgmax_mad1.5;audit_remove;0.0;4;10;10;0;1;0;0;0;0;0.998641;0.999065;0.978261;1.0;4.53
2026-07-21T23:10:03;mvtec_AD/leather;B;dino;dino_imgmax_mad1.5;audit_recapture;0.0;4;10;10;0;1;0;0;0;0;0.998641;0.999065;0.978261;1.0;5.11
2026-07-21T23:10:08;mvtec_AD/leather;B;dino;dino_imgmax_mad1.5;audit_remove;0.3;4;10;10;3;2;2;1;2;3;0.997962;0.998582;0.956522;1.0;4.15
2026-07-21T23:10:13;mvtec_AD/leather;B;dino;dino_imgmax_mad1.5;audit_recapture;0.3;4;10;10;3;2;2;1;2;3;0.997962;0.998582;0.934783;1.0;4.91
2026-07-21T23:10:17;mvtec_AD/leather;B;dino;;oracle_remove;0.3;4;10;10;3;3;3;;;;0.998641;0.999065;0.956522;1.0;3.6
2026-07-21T23:10:21;mvtec_AD/leather;B;dino;dino_imgmax_mad1.5;base_knn;0.3;4;10;10;3;3;3;;;;0.998641;0.999065;0.956522;1.0;3.48
2026-07-21T23:10:24;mvtec_AD/leather;B;dino;dino_imgmax_mad1.5;base_lof;0.3;4;10;10;3;3;3;;;;0.998641;0.999065;0.956522;1.0;3.46
2026-07-21T23:10:28;mvtec_AD/leather;B;dino;dino_imgmax_mad1.5;base_iforest;0.3;4;10;10;3;2;2;;;;0.997962;0.998582;0.956522;1.0;4.03
2026-07-21T23:10:29;mvtec_AD/leather;B;clip;dino_imgmax_mad1.5;audit_remove;0.3;0;10;10;3;1;1;;;;1.0;1.0;1.0;1.0;0.54
2026-07-21T23:10:30;mvtec_AD/leather;B;clip;;oracle_remove;0.3;0;10;10;3;3;3;;;;1.0;1.0;1.0;1.0;0.42
2026-07-21T23:10:30;mvtec_AD/leather;B;clip;dino_imgmax_mad1.5;audit_remove;0.3;1;10;10;3;1;1;;;;1.0;1.0;1.0;1.0;0.48
2026-07-21T23:10:31;mvtec_AD/leather;B;clip;;oracle_remove;0.3;1;10;10;3;3;3;;;;1.0;1.0;1.0;1.0;0.44
2026-07-21T23:10:31;mvtec_AD/leather;B;clip;dino_imgmax_mad1.5;audit_remove;0.3;2;10;10;3;2;2;;;;1.0;1.0;1.0;1.0;0.43
2026-07-21T23:10:31;mvtec_AD/leather;B;clip;;oracle_remove;0.3;2;10;10;3;3;3;;;;1.0;1.0;1.0;1.0;0.41
2026-07-21T23:10:32;mvtec_AD/leather;B;clip;dino_imgmax_mad1.5;audit_remove;0.3;3;10;10;3;0;0;;;;1.0;1.0;1.0;1.0;0.6
2026-07-21T23:10:33;mvtec_AD/leather;B;clip;;oracle_remove;0.3;3;10;10;3;3;3;;;;1.0;1.0;1.0;1.0;0.43
2026-07-21T23:10:33;mvtec_AD/leather;B;clip;dino_imgmax_mad1.5;audit_remove;0.3;4;10;10;3;2;2;;;;1.0;1.0;1.0;1.0;0.42
2026-07-21T23:10:33;mvtec_AD/leather;B;clip;;oracle_remove;0.3;4;10;10;3;3;3;;;;1.0;1.0;1.0;1.0;0.41
2026-07-21T23:10:43;mvtec_AD/leather;B;dinov2;dino_imgmax_mad1.5;audit_remove;0.3;0;10;10;3;1;1;;;;0.987092;0.990311;0.76087;0.978261;7.65
2026-07-21T23:10:49;mvtec_AD/leather;B;dinov2;;oracle_remove;0.3;0;10;10;3;3;3;;;;0.995924;0.997192;0.913043;1.0;6.04
2026-07-21T23:10:57;mvtec_AD/leather;B;dinov2;dino_imgmax_mad1.5;audit_remove;0.3;1;10;10;3;1;1;;;;0.991168;0.993678;0.826087;0.978261;7.9
2026-07-21T23:11:03;mvtec_AD/leather;B;dinov2;;oracle_remove;0.3;1;10;10;3;3;3;;;;0.993886;0.995752;0.913043;0.978261;5.96
2026-07-21T23:11:10;mvtec_AD/leather;B;dinov2;dino_imgmax_mad1.5;audit_remove;0.3;2;10;10;3;2;2;;;;0.993207;0.995589;0.934783;0.978261;6.8
2026-07-21T23:11:16;mvtec_AD/leather;B;dinov2;;oracle_remove;0.3;2;10;10;3;3;3;;;;0.991168;0.994009;0.869565;0.978261;6.0
2026-07-21T23:11:25;mvtec_AD/leather;B;dinov2;dino_imgmax_mad1.5;audit_remove;0.3;3;10;10;3;0;0;;;;0.985054;0.988691;0.73913;0.956522;8.49
2026-07-21T23:11:31;mvtec_AD/leather;B;dinov2;;oracle_remove;0.3;3;10;10;3;3;3;;;;0.996603;0.997644;0.913043;1.0;6.01
2026-07-21T23:11:37;mvtec_AD/leather;B;dinov2;dino_imgmax_mad1.5;audit_remove;0.3;4;10;10;3;2;2;;;;0.988451;0.991806;0.869565;0.978261;6.72
2026-07-21T23:11:43;mvtec_AD/leather;B;dinov2;;oracle_remove;0.3;4;10;10;3;3;3;;;;0.994565;0.996306;0.913043;0.978261;5.86
2026-07-21T23:11:55;mvtec_AD/metal_nut;B;dino;dino_imgmax_mad1.5;audit_remove;0.0;0;10;10;0;1;0;0;0;0;0.905222;0.960637;0.744681;0.765957;3.97
2026-07-21T23:11:59;mvtec_AD/metal_nut;B;dino;dino_imgmax_mad1.5;audit_recapture;0.0;0;10;10;0;1;0;0;0;0;0.898453;0.957516;0.723404;0.765957;4.62
2026-07-21T23:12:04;mvtec_AD/metal_nut;B;dino;dino_imgmax_mad1.5;audit_remove;0.3;0;10;10;3;1;1;1;2;3;0.89265;0.953889;0.659574;0.744681;3.97
2026-07-21T23:12:09;mvtec_AD/metal_nut;B;dino;dino_imgmax_mad1.5;audit_recapture;0.3;0;10;10;3;1;1;1;2;3;0.887814;0.952115;0.638298;0.723404;4.56
2026-07-21T23:12:11;mvtec_AD/metal_nut;B;dino;;oracle_remove;0.3;0;10;10;3;3;3;;;;0.897485;0.954123;0.574468;0.723404;2.38
2026-07-21T23:12:14;mvtec_AD/metal_nut;B;dino;dino_imgmax_mad1.5;base_knn;0.3;0;10;10;3;2;2;;;;0.89942;0.955224;0.553191;0.723404;2.76
2026-07-21T23:12:17;mvtec_AD/metal_nut;B;dino;dino_imgmax_mad1.5;base_lof;0.3;0;10;10;3;3;2;;;;0.893617;0.954144;0.617021;0.744681;2.81
2026-07-21T23:12:21;mvtec_AD/metal_nut;B;dino;dino_imgmax_mad1.5;base_iforest;0.3;0;10;10;3;0;0;;;;0.889749;0.952964;0.595745;0.744681;4.48
2026-07-21T23:12:27;mvtec_AD/metal_nut;B;dino;dino_imgmax_mad1.5;audit_remove;0.0;1;10;10;0;0;0;0;0;0;0.862669;0.943346;0.659574;0.659574;4.45
2026-07-21T23:12:31;mvtec_AD/metal_nut;B;dino;dino_imgmax_mad1.5;audit_recapture;0.0;1;10;10;0;0;0;0;0;0;0.862669;0.943346;0.659574;0.659574;4.42
2026-07-21T23:12:35;mvtec_AD/metal_nut;B;dino;dino_imgmax_mad1.5;audit_remove;0.3;1;10;10;3;3;3;1;2;3;0.850097;0.937415;0.617021;0.702128;3.17
2026-07-21T23:12:40;mvtec_AD/metal_nut;B;dino;dino_imgmax_mad1.5;audit_recapture;0.3;1;10;10;3;3;3;1;2;3;0.864603;0.944577;0.702128;0.702128;4.42
2026-07-21T23:12:43;mvtec_AD/metal_nut;B;dino;;oracle_remove;0.3;1;10;10;3;3;3;;;;0.850097;0.937415;0.617021;0.702128;3.19
2026-07-21T23:12:47;mvtec_AD/metal_nut;B;dino;dino_imgmax_mad1.5;base_knn;0.3;1;10;10;3;1;1;;;;0.830754;0.927001;0.595745;0.617021;4.04
2026-07-21T23:12:51;mvtec_AD/metal_nut;B;dino;dino_imgmax_mad1.5;base_lof;0.3;1;10;10;3;1;1;;;;0.830754;0.927001;0.595745;0.617021;3.9
2026-07-21T23:12:55;mvtec_AD/metal_nut;B;dino;dino_imgmax_mad1.5;base_iforest;0.3;1;10;10;3;2;1;;;;0.82882;0.926617;0.595745;0.638298;3.52
2026-07-21T23:13:00;mvtec_AD/metal_nut;B;dino;dino_imgmax_mad1.5;audit_remove;0.0;2;10;10;0;1;0;0;0;0;0.89265;0.956707;0.744681;0.765957;3.98
2026-07-21T23:13:04;mvtec_AD/metal_nut;B;dino;dino_imgmax_mad1.5;audit_recapture;0.0;2;10;10;0;1;0;0;0;0;0.901354;0.959821;0.744681;0.765957;4.46
2026-07-21T23:13:09;mvtec_AD/metal_nut;B;dino;dino_imgmax_mad1.5;audit_remove;0.3;2;10;10;3;2;2;1;2;3;0.874275;0.951626;0.723404;0.723404;3.63
2026-07-21T23:13:13;mvtec_AD/metal_nut;B;dino;dino_imgmax_mad1.5;audit_recapture;0.3;2;10;10;3;2;2;1;2;3;0.889749;0.95736;0.744681;0.744681;4.49
2026-07-21T23:13:16;mvtec_AD/metal_nut;B;dino;;oracle_remove;0.3;2;10;10;3;3;3;;;;0.909091;0.963411;0.765957;0.765957;3.15
2026-07-21T23:13:21;mvtec_AD/metal_nut;B;dino;dino_imgmax_mad1.5;base_knn;0.3;2;10;10;3;1;1;;;;0.874275;0.952178;0.723404;0.744681;4.17
2026-07-21T23:13:25;mvtec_AD/metal_nut;B;dino;dino_imgmax_mad1.5;base_lof;0.3;2;10;10;3;1;1;;;;0.874275;0.952178;0.723404;0.744681;4.06
2026-07-21T23:13:29;mvtec_AD/metal_nut;B;dino;dino_imgmax_mad1.5;base_iforest;0.3;2;10;10;3;1;1;;;;0.874275;0.952178;0.723404;0.744681;4.07
2026-07-21T23:13:34;mvtec_AD/metal_nut;B;dino;dino_imgmax_mad1.5;audit_remove;0.0;3;10;10;0;1;0;0;0;0;0.911025;0.966007;0.787234;0.829787;3.94
2026-07-21T23:13:38;mvtec_AD/metal_nut;B;dino;dino_imgmax_mad1.5;audit_recapture;0.0;3;10;10;0;1;0;0;0;0;0.905222;0.96306;0.765957;0.765957;4.5
2026-07-21T23:13:43;mvtec_AD/metal_nut;B;dino;dino_imgmax_mad1.5;audit_remove;0.3;3;10;10;3;3;3;1;2;3;0.907157;0.964777;0.765957;0.808511;3.23
2026-07-21T23:13:47;mvtec_AD/metal_nut;B;dino;dino_imgmax_mad1.5;audit_recapture;0.3;3;10;10;3;3;3;1;2;3;0.898453;0.959097;0.723404;0.787234;4.5
2026-07-21T23:13:50;mvtec_AD/metal_nut;B;dino;;oracle_remove;0.3;3;10;10;3;3;3;;;;0.907157;0.964777;0.765957;0.808511;3.16
2026-07-21T23:13:55;mvtec_AD/metal_nut;B;dino;dino_imgmax_mad1.5;base_knn;0.3;3;10;10;3;0;0;;;;0.868472;0.951104;0.744681;0.765957;4.41
2026-07-21T23:13:58;mvtec_AD/metal_nut;B;dino;dino_imgmax_mad1.5;base_lof;0.3;3;10;10;3;2;1;;;;0.87234;0.952672;0.765957;0.787234;3.51
2026-07-21T23:14:02;mvtec_AD/metal_nut;B;dino;dino_imgmax_mad1.5;base_iforest;0.3;3;10;10;3;3;2;;;;0.857834;0.946115;0.659574;0.744681;3.18
2026-07-21T23:14:07;mvtec_AD/metal_nut;B;dino;dino_imgmax_mad1.5;audit_remove;0.0;4;10;10;0;1;0;0;0;0;0.94294;0.975859;0.765957;0.765957;4.04
2026-07-21T23:14:11;mvtec_AD/metal_nut;B;dino;dino_imgmax_mad1.5;audit_recapture;0.0;4;10;10;0;1;0;0;0;0;0.946809;0.977298;0.765957;0.808511;4.54
2026-07-21T23:14:15;mvtec_AD/metal_nut;B;dino;dino_imgmax_mad1.5;audit_remove;0.3;4;10;10;3;3;3;1;2;3;0.932302;0.972219;0.744681;0.808511;3.13
2026-07-21T23:14:20;mvtec_AD/metal_nut;B;dino;dino_imgmax_mad1.5;audit_recapture;0.3;4;10;10;3;3;3;1;2;3;0.947776;0.977885;0.787234;0.808511;4.41
2026-07-21T23:14:23;mvtec_AD/metal_nut;B;dino;;oracle_remove;0.3;4;10;10;3;3;3;;;;0.932302;0.972219;0.744681;0.808511;3.21
2026-07-21T23:14:27;mvtec_AD/metal_nut;B;dino;dino_imgmax_mad1.5;base_knn;0.3;4;10;10;3;1;1;;;;0.927466;0.969935;0.723404;0.808511;3.92
2026-07-21T23:14:30;mvtec_AD/metal_nut;B;dino;dino_imgmax_mad1.5;base_lof;0.3;4;10;10;3;3;3;;;;0.932302;0.972219;0.744681;0.808511;3.17
2026-07-21T23:14:34;mvtec_AD/metal_nut;B;dino;dino_imgmax_mad1.5;base_iforest;0.3;4;10;10;3;1;1;;;;0.927466;0.969935;0.723404;0.808511;4.02
2026-07-21T23:14:35;mvtec_AD/metal_nut;B;clip;dino_imgmax_mad1.5;audit_remove;0.3;0;10;10;3;1;1;;;;0.974855;0.989398;0.808511;0.957447;0.52
2026-07-21T23:14:36;mvtec_AD/metal_nut;B;clip;;oracle_remove;0.3;0;10;10;3;3;3;;;;0.979691;0.990935;0.851064;0.978723;0.37
2026-07-21T23:14:36;mvtec_AD/metal_nut;B;clip;dino_imgmax_mad1.5;audit_remove;0.3;1;10;10;3;3;3;;;;0.95648;0.982976;0.851064;0.87234;0.36
2026-07-21T23:14:36;mvtec_AD/metal_nut;B;clip;;oracle_remove;0.3;1;10;10;3;3;3;;;;0.95648;0.982976;0.851064;0.87234;0.43
2026-07-21T23:14:37;mvtec_AD/metal_nut;B;clip;dino_imgmax_mad1.5;audit_remove;0.3;2;10;10;3;2;2;;;;0.978723;0.990853;0.893617;0.914894;0.42
2026-07-21T23:14:37;mvtec_AD/metal_nut;B;clip;;oracle_remove;0.3;2;10;10;3;3;3;;;;0.980658;0.99184;0.914894;0.914894;0.39
2026-07-21T23:14:38;mvtec_AD/metal_nut;B;clip;dino_imgmax_mad1.5;audit_remove;0.3;3;10;10;3;3;3;;;;0.971954;0.989291;0.829787;0.957447;0.41
2026-07-21T23:14:38;mvtec_AD/metal_nut;B;clip;;oracle_remove;0.3;3;10;10;3;3;3;;;;0.971954;0.989291;0.829787;0.957447;0.36
2026-07-21T23:14:38;mvtec_AD/metal_nut;B;clip;dino_imgmax_mad1.5;audit_remove;0.3;4;10;10;3;3;3;;;;0.979691;0.991096;0.893617;0.893617;0.36
2026-07-21T23:14:39;mvtec_AD/metal_nut;B;clip;;oracle_remove;0.3;4;10;10;3;3;3;;;;0.979691;0.991096;0.893617;0.893617;0.39
2026-07-21T23:14:47;mvtec_AD/metal_nut;B;dinov2;dino_imgmax_mad1.5;audit_remove;0.3;0;10;10;3;1;1;;;;0.928433;0.96871;0.723404;0.787234;6.79
2026-07-21T23:14:52;mvtec_AD/metal_nut;B;dinov2;;oracle_remove;0.3;0;10;10;3;3;3;;;;0.928433;0.969256;0.744681;0.787234;5.39
2026-07-21T23:14:58;mvtec_AD/metal_nut;B;dinov2;dino_imgmax_mad1.5;audit_remove;0.3;1;10;10;3;3;3;;;;0.861702;0.94449;0.702128;0.702128;5.26
2026-07-21T23:15:03;mvtec_AD/metal_nut;B;dinov2;;oracle_remove;0.3;1;10;10;3;3;3;;;;0.861702;0.94449;0.702128;0.702128;5.33
2026-07-21T23:15:09;mvtec_AD/metal_nut;B;dinov2;dino_imgmax_mad1.5;audit_remove;0.3;2;10;10;3;2;2;;;;0.893617;0.960922;0.723404;0.829787;6.25
2026-07-21T23:15:15;mvtec_AD/metal_nut;B;dinov2;;oracle_remove;0.3;2;10;10;3;3;3;;;;0.924565;0.971469;0.765957;0.829787;5.44
2026-07-21T23:15:20;mvtec_AD/metal_nut;B;dinov2;dino_imgmax_mad1.5;audit_remove;0.3;3;10;10;3;3;3;;;;0.933269;0.974864;0.851064;0.851064;5.47
2026-07-21T23:15:25;mvtec_AD/metal_nut;B;dinov2;;oracle_remove;0.3;3;10;10;3;3;3;;;;0.933269;0.974864;0.851064;0.851064;5.26
2026-07-21T23:15:31;mvtec_AD/metal_nut;B;dinov2;dino_imgmax_mad1.5;audit_remove;0.3;4;10;10;3;3;3;;;;0.946809;0.978054;0.829787;0.851064;5.37
2026-07-21T23:15:36;mvtec_AD/metal_nut;B;dinov2;;oracle_remove;0.3;4;10;10;3;3;3;;;;0.946809;0.978054;0.829787;0.851064;5.41
2026-07-21T23:15:50;mvtec_AD/pill;B;dino;dino_imgmax_mad1.5;audit_remove;0.0;0;10;10;0;1;0;0;0;0;0.948537;0.9817;0.774648;0.830986;5.71
2026-07-21T23:15:56;mvtec_AD/pill;B;dino;dino_imgmax_mad1.5;audit_recapture;0.0;0;10;10;0;1;0;0;0;0;0.949079;0.982437;0.774648;0.802817;6.43
2026-07-21T23:16:01;mvtec_AD/pill;B;dino;dino_imgmax_mad1.5;audit_remove;0.3;0;10;10;3;3;3;1;2;3;0.942579;0.980814;0.802817;0.802817;4.37
2026-07-21T23:16:08;mvtec_AD/pill;B;dino;dino_imgmax_mad1.5;audit_recapture;0.3;0;10;10;3;3;3;1;2;3;0.955038;0.984694;0.802817;0.830986;6.28
2026-07-21T23:16:12;mvtec_AD/pill;B;dino;;oracle_remove;0.3;0;10;10;3;3;3;;;;0.942579;0.980814;0.802817;0.802817;4.44
2026-07-21T23:16:18;mvtec_AD/pill;B;dino;dino_imgmax_mad1.5;base_knn;0.3;0;10;10;3;1;1;;;;0.93662;0.978158;0.760563;0.760563;5.65
2026-07-21T23:16:24;mvtec_AD/pill;B;dino;dino_imgmax_mad1.5;base_lof;0.3;0;10;10;3;1;1;;;;0.93662;0.978158;0.760563;0.760563;5.6
2026-07-21T23:16:29;mvtec_AD/pill;B;dino;dino_imgmax_mad1.5;base_iforest;0.3;0;10;10;3;1;1;;;;0.93662;0.978158;0.760563;0.760563;5.87
2026-07-21T23:16:35;mvtec_AD/pill;B;dino;dino_imgmax_mad1.5;audit_remove;0.0;1;10;10;0;3;0;0;0;0;0.898158;0.964662;0.690141;0.746479;4.39
2026-07-21T23:16:41;mvtec_AD/pill;B;dino;dino_imgmax_mad1.5;audit_recapture;0.0;1;10;10;0;3;0;0;0;0;0.908992;0.967724;0.647887;0.774648;6.2
2026-07-21T23:16:48;mvtec_AD/pill;B;dino;dino_imgmax_mad1.5;audit_remove;0.3;1;10;10;3;0;0;1;2;3;0.885699;0.959169;0.661972;0.676056;6.21
2026-07-21T23:16:54;mvtec_AD/pill;B;dino;dino_imgmax_mad1.5;audit_recapture;0.3;1;10;10;3;0;0;1;2;3;0.885699;0.959169;0.661972;0.676056;6.17
2026-07-21T23:16:59;mvtec_AD/pill;B;dino;;oracle_remove;0.3;1;10;10;3;3;3;;;;0.896533;0.963938;0.690141;0.704225;4.43
2026-07-21T23:17:05;mvtec_AD/pill;B;dino;dino_imgmax_mad1.5;base_knn;0.3;1;10;10;3;1;1;;;;0.897616;0.964506;0.71831;0.732394;5.75
2026-07-21T23:17:10;mvtec_AD/pill;B;dino;dino_imgmax_mad1.5;base_lof;0.3;1;10;10;3;1;1;;;;0.897616;0.964506;0.71831;0.732394;5.47
2026-07-21T23:17:17;mvtec_AD/pill;B;dino;dino_imgmax_mad1.5;base_iforest;0.3;1;10;10;3;0;0;;;;0.885699;0.959169;0.661972;0.676056;6.19
2026-07-21T23:17:23;mvtec_AD/pill;B;dino;dino_imgmax_mad1.5;audit_remove;0.0;2;10;10;0;1;0;0;0;0;0.926869;0.974045;0.704225;0.732394;5.47
2026-07-21T23:17:29;mvtec_AD/pill;B;dino;dino_imgmax_mad1.5;audit_recapture;0.0;2;10;10;0;1;0;0;0;0;0.932828;0.976026;0.690141;0.760563;6.12
2026-07-21T23:17:36;mvtec_AD/pill;B;dino;dino_imgmax_mad1.5;audit_remove;0.3;2;10;10;3;1;1;1;1;2;0.922535;0.973389;0.732394;0.746479;5.73
2026-07-21T23:17:42;mvtec_AD/pill;B;dino;dino_imgmax_mad1.5;audit_recapture;0.3;2;10;10;3;1;1;1;1;2;0.921993;0.973293;0.704225;0.774648;6.2
2026-07-21T23:17:47;mvtec_AD/pill;B;dino;;oracle_remove;0.3;2;10;10;3;3;3;;;;0.920368;0.97162;0.661972;0.704225;4.31
2026-07-21T23:17:51;mvtec_AD/pill;B;dino;dino_imgmax_mad1.5;base_knn;0.3;2;10;10;3;3;2;;;;0.92091;0.972689;0.704225;0.71831;4.59
2026-07-21T23:17:57;mvtec_AD/pill;B;dino;dino_imgmax_mad1.5;base_lof;0.3;2;10;10;3;2;0;;;;0.920368;0.972971;0.760563;0.774648;5.08
2026-07-21T23:18:03;mvtec_AD/pill;B;dino;dino_imgmax_mad1.5;base_iforest;0.3;2;10;10;3;0;0;;;;0.919285;0.97206;0.71831;0.732394;6.22
2026-07-21T23:18:10;mvtec_AD/pill;B;dino;dino_imgmax_mad1.5;audit_remove;0.0;3;10;10;0;0;0;0;0;0;0.933911;0.976544;0.760563;0.774648;6.14
2026-07-21T23:18:16;mvtec_AD/pill;B;dino;dino_imgmax_mad1.5;audit_recapture;0.0;3;10;10;0;0;0;0;0;0;0.933911;0.976544;0.760563;0.774648;6.18
2026-07-21T23:18:22;mvtec_AD/pill;B;dino;dino_imgmax_mad1.5;audit_remove;0.3;3;10;10;3;3;3;1;2;3;0.929036;0.974094;0.71831;0.732394;4.46
2026-07-21T23:18:28;mvtec_AD/pill;B;dino;dino_imgmax_mad1.5;audit_recapture;0.3;3;10;10;3;3;3;1;2;3;0.936078;0.977421;0.746479;0.746479;6.11
2026-07-21T23:18:32;mvtec_AD/pill;B;dino;;oracle_remove;0.3;3;10;10;3;3;3;;;;0.929036;0.974094;0.71831;0.732394;4.47
2026-07-21T23:18:37;mvtec_AD/pill;B;dino;dino_imgmax_mad1.5;base_knn;0.3;3;10;10;3;2;2;;;;0.938787;0.978127;0.732394;0.760563;5.15
2026-07-21T23:18:43;mvtec_AD/pill;B;dino;dino_imgmax_mad1.5;base_lof;0.3;3;10;10;3;1;1;;;;0.933369;0.976452;0.71831;0.732394;5.55
2026-07-21T23:18:49;mvtec_AD/pill;B;dino;dino_imgmax_mad1.5;base_iforest;0.3;3;10;10;3;1;1;;;;0.933369;0.976452;0.71831;0.732394;5.54
2026-07-21T23:18:56;mvtec_AD/pill;B;dino;dino_imgmax_mad1.5;audit_remove;0.0;4;10;10;0;0;0;0;0;0;0.917118;0.969156;0.619718;0.676056;6.28
2026-07-21T23:19:02;mvtec_AD/pill;B;dino;dino_imgmax_mad1.5;audit_recapture;0.0;4;10;10;0;0;0;0;0;0;0.917118;0.969156;0.619718;0.676056;6.42
2026-07-21T23:19:09;mvtec_AD/pill;B;dino;dino_imgmax_mad1.5;audit_remove;0.3;4;10;10;3;1;1;1;2;2;0.911701;0.969176;0.690141;0.746479;5.58
2026-07-21T23:19:15;mvtec_AD/pill;B;dino;dino_imgmax_mad1.5;audit_recapture;0.3;4;10;10;3;1;1;1;2;2;0.918202;0.970206;0.661972;0.746479;6.18
2026-07-21T23:19:20;mvtec_AD/pill;B;dino;;oracle_remove;0.3;4;10;10;3;3;3;;;;0.919827;0.971533;0.647887;0.71831;4.43
2026-07-21T23:19:25;mvtec_AD/pill;B;dino;dino_imgmax_mad1.5;base_knn;0.3;4;10;10;3;1;0;;;;0.899783;0.964422;0.676056;0.676056;5.57
2026-07-21T23:19:31;mvtec_AD/pill;B;dino;dino_imgmax_mad1.5;base_lof;0.3;4;10;10;3;1;0;;;;0.899783;0.964422;0.676056;0.676056;5.6
2026-07-21T23:19:36;mvtec_AD/pill;B;dino;dino_imgmax_mad1.5;base_iforest;0.3;4;10;10;3;1;1;;;;0.911701;0.969176;0.690141;0.746479;5.47
2026-07-21T23:19:38;mvtec_AD/pill;B;clip;dino_imgmax_mad1.5;audit_remove;0.3;0;10;10;3;3;3;;;;0.912784;0.968524;0.535211;0.704225;0.56
2026-07-21T23:19:38;mvtec_AD/pill;B;clip;;oracle_remove;0.3;0;10;10;3;3;3;;;;0.912784;0.968524;0.535211;0.704225;0.52
2026-07-21T23:19:39;mvtec_AD/pill;B;clip;dino_imgmax_mad1.5;audit_remove;0.3;1;10;10;3;0;0;;;;0.87649;0.951388;0.408451;0.521127;0.77
2026-07-21T23:19:39;mvtec_AD/pill;B;clip;;oracle_remove;0.3;1;10;10;3;3;3;;;;0.893824;0.961394;0.507042;0.676056;0.5
2026-07-21T23:19:40;mvtec_AD/pill;B;clip;dino_imgmax_mad1.5;audit_remove;0.3;2;10;10;3;1;1;;;;0.921452;0.969574;0.521127;0.605634;0.69
2026-07-21T23:19:41;mvtec_AD/pill;B;clip;;oracle_remove;0.3;2;10;10;3;3;3;;;;0.919827;0.966997;0.464789;0.605634;0.5
2026-07-21T23:19:41;mvtec_AD/pill;B;clip;dino_imgmax_mad1.5;audit_remove;0.3;3;10;10;3;3;3;;;;0.912243;0.966514;0.549296;0.676056;0.57
2026-07-21T23:19:42;mvtec_AD/pill;B;clip;;oracle_remove;0.3;3;10;10;3;3;3;;;;0.912243;0.966514;0.549296;0.676056;0.5
2026-07-21T23:19:42;mvtec_AD/pill;B;clip;dino_imgmax_mad1.5;audit_remove;0.3;4;10;10;3;1;1;;;;0.912243;0.967955;0.647887;0.676056;0.64
2026-07-21T23:19:43;mvtec_AD/pill;B;clip;;oracle_remove;0.3;4;10;10;3;3;3;;;;0.912784;0.969068;0.690141;0.704225;0.54
2026-07-21T23:19:53;mvtec_AD/pill;B;dinov2;dino_imgmax_mad1.5;audit_remove;0.3;0;10;10;3;3;3;;;;0.951788;0.982582;0.676056;0.901408;7.52
2026-07-21T23:20:00;mvtec_AD/pill;B;dinov2;;oracle_remove;0.3;0;10;10;3;3;3;;;;0.951788;0.982582;0.676056;0.901408;7.58
2026-07-21T23:20:11;mvtec_AD/pill;B;dinov2;dino_imgmax_mad1.5;audit_remove;0.3;1;10;10;3;0;0;;;;0.84182;0.94487;0.549296;0.605634;10.51
2026-07-21T23:20:18;mvtec_AD/pill;B;dinov2;;oracle_remove;0.3;1;10;10;3;3;3;;;;0.865655;0.954978;0.690141;0.71831;7.46
2026-07-21T23:20:28;mvtec_AD/pill;B;dinov2;dino_imgmax_mad1.5;audit_remove;0.3;2;10;10;3;1;1;;;;0.913868;0.969945;0.619718;0.774648;9.5
2026-07-21T23:20:35;mvtec_AD/pill;B;dinov2;;oracle_remove;0.3;2;10;10;3;3;3;;;;0.927411;0.974506;0.690141;0.802817;7.47
2026-07-21T23:20:42;mvtec_AD/pill;B;dinov2;dino_imgmax_mad1.5;audit_remove;0.3;3;10;10;3;3;3;;;;0.920368;0.972626;0.647887;0.788732;7.23
2026-07-21T23:20:50;mvtec_AD/pill;B;dinov2;;oracle_remove;0.3;3;10;10;3;3;3;;;;0.920368;0.972626;0.647887;0.788732;7.68
2026-07-21T23:21:00;mvtec_AD/pill;B;dinov2;dino_imgmax_mad1.5;audit_remove;0.3;4;10;10;3;1;1;;;;0.904659;0.967403;0.647887;0.774648;9.49
2026-07-21T23:21:07;mvtec_AD/pill;B;dinov2;;oracle_remove;0.3;4;10;10;3;3;3;;;;0.898158;0.966277;0.732394;0.788732;7.66
2026-07-21T23:21:21;mvtec_AD/screw;B;dino;dino_imgmax_mad1.5;audit_remove;0.0;0;10;10;0;1;0;0;0;0;0.526829;0.57853;0.0;0.016667;5.89
2026-07-21T23:21:28;mvtec_AD/screw;B;dino;dino_imgmax_mad1.5;audit_recapture;0.0;0;10;10;0;1;0;0;0;0;0.513008;0.573015;0.0;0.016667;6.58
2026-07-21T23:21:35;mvtec_AD/screw;B;dino;dino_imgmax_mad1.5;audit_remove;0.3;0;10;10;3;1;0;0;1;1;0.535366;0.588712;0.0;0.033333;5.77
2026-07-21T23:21:41;mvtec_AD/screw;B;dino;dino_imgmax_mad1.5;audit_recapture;0.3;0;10;10;3;1;0;0;1;1;0.496748;0.5678;0.0;0.033333;6.53
2026-07-21T23:21:46;mvtec_AD/screw;B;dino;;oracle_remove;0.3;0;10;10;3;3;3;;;;0.549593;0.588717;0.0;0.0;4.64
2026-07-21T23:21:51;mvtec_AD/screw;B;dino;dino_imgmax_mad1.5;base_knn;0.3;0;10;10;3;3;1;;;;0.533333;0.586666;0.0;0.016667;4.6
2026-07-21T23:21:56;mvtec_AD/screw;B;dino;dino_imgmax_mad1.5;base_lof;0.3;0;10;10;3;2;0;;;;0.550813;0.60599;0.0;0.033333;5.27
2026-07-21T23:22:03;mvtec_AD/screw;B;dino;dino_imgmax_mad1.5;base_iforest;0.3;0;10;10;3;0;0;;;;0.554065;0.59806;0.0;0.0;6.75
2026-07-21T23:22:11;mvtec_AD/screw;B;dino;dino_imgmax_mad1.5;audit_remove;0.0;1;10;10;0;0;0;0;0;0;0.77439;0.845218;0.2;0.466667;6.63
2026-07-21T23:22:17;mvtec_AD/screw;B;dino;dino_imgmax_mad1.5;audit_recapture;0.0;1;10;10;0;0;0;0;0;0;0.77439;0.845218;0.2;0.466667;6.64
2026-07-21T23:22:25;mvtec_AD/screw;B;dino;dino_imgmax_mad1.5;audit_remove;0.3;1;10;10;3;0;0;1;2;3;0.612602;0.639111;0.016667;0.033333;6.47
2026-07-21T23:22:31;mvtec_AD/screw;B;dino;dino_imgmax_mad1.5;audit_recapture;0.3;1;10;10;3;0;0;1;2;3;0.612602;0.639111;0.016667;0.033333;6.52
2026-07-21T23:22:36;mvtec_AD/screw;B;dino;;oracle_remove;0.3;1;10;10;3;3;3;;;;0.586179;0.613271;0.0;0.016667;4.66
2026-07-21T23:22:42;mvtec_AD/screw;B;dino;dino_imgmax_mad1.5;base_knn;0.3;1;10;10;3;1;0;;;;0.580081;0.611021;0.0;0.016667;5.89
2026-07-21T23:22:47;mvtec_AD/screw;B;dino;dino_imgmax_mad1.5;base_lof;0.3;1;10;10;3;2;1;;;;0.536992;0.579946;0.0;0.0;5.38
2026-07-21T23:22:53;mvtec_AD/screw;B;dino;dino_imgmax_mad1.5;base_iforest;0.3;1;10;10;3;1;0;;;;0.580081;0.611021;0.0;0.016667;5.79
2026-07-21T23:23:01;mvtec_AD/screw;B;dino;dino_imgmax_mad1.5;audit_remove;0.0;2;10;10;0;0;0;0;0;0;0.584146;0.717439;0.133333;0.233333;6.57
2026-07-21T23:23:07;mvtec_AD/screw;B;dino;dino_imgmax_mad1.5;audit_recapture;0.0;2;10;10;0;0;0;0;0;0;0.584146;0.717439;0.133333;0.233333;6.61
2026-07-21T23:23:14;mvtec_AD/screw;B;dino;dino_imgmax_mad1.5;audit_remove;0.3;2;10;10;3;1;1;1;1;2;0.562602;0.671266;0.083333;0.116667;5.83
2026-07-21T23:23:21;mvtec_AD/screw;B;dino;dino_imgmax_mad1.5;audit_recapture;0.3;2;10;10;3;1;1;1;1;2;0.560976;0.672781;0.083333;0.116667;6.55
2026-07-21T23:23:25;mvtec_AD/screw;B;dino;;oracle_remove;0.3;2;10;10;3;3;3;;;;0.540244;0.633804;0.0;0.15;4.62
2026-07-21T23:23:32;mvtec_AD/screw;B;dino;dino_imgmax_mad1.5;base_knn;0.3;2;10;10;3;0;0;;;;0.571138;0.66817;0.066667;0.083333;6.35
2026-07-21T23:23:38;mvtec_AD/screw;B;dino;dino_imgmax_mad1.5;base_lof;0.3;2;10;10;3;0;0;;;;0.571138;0.66817;0.066667;0.083333;6.39
2026-07-21T23:23:45;mvtec_AD/screw;B;dino;dino_imgmax_mad1.5;base_iforest;0.3;2;10;10;3;0;0;;;;0.571138;0.66817;0.066667;0.083333;6.67
2026-07-21T23:23:53;mvtec_AD/screw;B;dino;dino_imgmax_mad1.5;audit_remove;0.0;3;10;10;0;0;0;0;0;0;0.649593;0.726927;0.1;0.15;6.49
2026-07-21T23:24:05;mvtec_AD/screw;B;dino;dino_imgmax_mad1.5;audit_recapture;0.0;3;10;10;0;0;0;0;0;0;0.649593;0.726927;0.1;0.15;12.33
2026-07-21T23:24:11;mvtec_AD/screw;B;dino;dino_imgmax_mad1.5;audit_remove;0.3;3;10;10;3;2;2;1;2;2;0.656504;0.729271;0.05;0.166667;5.28
2026-07-21T23:24:18;mvtec_AD/screw;B;dino;dino_imgmax_mad1.5;audit_recapture;0.3;3;10;10;3;2;2;1;2;2;0.623984;0.702991;0.066667;0.066667;6.35
2026-07-21T23:24:22;mvtec_AD/screw;B;dino;;oracle_remove;0.3;3;10;10;3;3;3;;;;0.649593;0.740191;0.133333;0.183333;4.66
2026-07-21T23:24:29;mvtec_AD/screw;B;dino;dino_imgmax_mad1.5;base_knn;0.3;3;10;10;3;0;0;;;;0.635772;0.728928;0.15;0.15;6.5
2026-07-21T23:24:35;mvtec_AD/screw;B;dino;dino_imgmax_mad1.5;base_lof;0.3;3;10;10;3;0;0;;;;0.635772;0.728928;0.15;0.15;6.43
2026-07-21T23:24:42;mvtec_AD/screw;B;dino;dino_imgmax_mad1.5;base_iforest;0.3;3;10;10;3;0;0;;;;0.635772;0.728928;0.15;0.15;6.35
2026-07-21T23:24:47;mvtec_AD/screw;B;dino;dino_imgmax_mad1.5;audit_remove;0.0;4;10;10;0;3;0;0;0;0;0.528049;0.587825;0.0;0.016667;4.66
2026-07-21T23:24:54;mvtec_AD/screw;B;dino;dino_imgmax_mad1.5;audit_recapture;0.0;4;10;10;0;3;0;0;0;0;0.519106;0.573555;0.0;0.0;6.36
2026-07-21T23:25:01;mvtec_AD/screw;B;dino;dino_imgmax_mad1.5;audit_remove;0.3;4;10;10;3;1;1;1;2;2;0.578455;0.655909;0.0;0.116667;5.87
2026-07-21T23:25:07;mvtec_AD/screw;B;dino;dino_imgmax_mad1.5;audit_recapture;0.3;4;10;10;3;1;1;1;2;2;0.58252;0.685009;0.083333;0.083333;6.48
2026-07-21T23:25:12;mvtec_AD/screw;B;dino;;oracle_remove;0.3;4;10;10;3;3;3;;;;0.586585;0.659466;0.0;0.15;4.66
2026-07-21T23:25:17;mvtec_AD/screw;B;dino;dino_imgmax_mad1.5;base_knn;0.3;4;10;10;3;2;0;;;;0.513415;0.576765;0.0;0.016667;5.19
2026-07-21T23:25:23;mvtec_AD/screw;B;dino;dino_imgmax_mad1.5;base_lof;0.3;4;10;10;3;2;1;;;;0.522358;0.581704;0.0;0.016667;5.35
2026-07-21T23:25:28;mvtec_AD/screw;B;dino;dino_imgmax_mad1.5;base_iforest;0.3;4;10;10;3;2;0;;;;0.515447;0.578583;0.0;0.0;5.25
2026-07-21T23:25:29;mvtec_AD/screw;B;clip;dino_imgmax_mad1.5;audit_remove;0.3;0;10;10;3;1;0;;;;0.56626;0.619275;0.016667;0.033333;0.73
2026-07-21T23:25:30;mvtec_AD/screw;B;clip;;oracle_remove;0.3;0;10;10;3;3;3;;;;0.621951;0.644037;0.016667;0.05;0.54
2026-07-21T23:25:31;mvtec_AD/screw;B;clip;dino_imgmax_mad1.5;audit_remove;0.3;1;10;10;3;0;0;;;;0.66626;0.667136;0.0;0.016667;0.76
2026-07-21T23:25:31;mvtec_AD/screw;B;clip;;oracle_remove;0.3;1;10;10;3;3;3;;;;0.653659;0.655866;0.0;0.033333;0.55
2026-07-21T23:25:32;mvtec_AD/screw;B;clip;dino_imgmax_mad1.5;audit_remove;0.3;2;10;10;3;1;1;;;;0.653659;0.706486;0.033333;0.066667;0.73
2026-07-21T23:25:32;mvtec_AD/screw;B;clip;;oracle_remove;0.3;2;10;10;3;3;3;;;;0.680081;0.766573;0.133333;0.166667;0.52
2026-07-21T23:25:33;mvtec_AD/screw;B;clip;dino_imgmax_mad1.5;audit_remove;0.3;3;10;10;3;2;2;;;;0.636992;0.65882;0.0;0.05;0.64
2026-07-21T23:25:34;mvtec_AD/screw;B;clip;;oracle_remove;0.3;3;10;10;3;3;3;;;;0.678049;0.67912;0.0;0.05;0.51
2026-07-21T23:25:34;mvtec_AD/screw;B;clip;dino_imgmax_mad1.5;audit_remove;0.3;4;10;10;3;1;1;;;;0.668293;0.770721;0.216667;0.266667;0.74
2026-07-21T23:25:35;mvtec_AD/screw;B;clip;;oracle_remove;0.3;4;10;10;3;3;3;;;;0.686992;0.794464;0.266667;0.3;0.52
2026-07-21T23:25:48;mvtec_AD/screw;B;dinov2;dino_imgmax_mad1.5;audit_remove;0.3;0;10;10;3;1;0;;;;0.518293;0.575488;0.0;0.0;10.08
2026-07-21T23:25:56;mvtec_AD/screw;B;dinov2;;oracle_remove;0.3;0;10;10;3;3;3;;;;0.544309;0.58708;0.0;0.0;7.69
2026-07-21T23:26:07;mvtec_AD/screw;B;dinov2;dino_imgmax_mad1.5;audit_remove;0.3;1;10;10;3;0;0;;;;0.602439;0.618563;0.0;0.0;11.04
2026-07-21T23:26:14;mvtec_AD/screw;B;dinov2;;oracle_remove;0.3;1;10;10;3;3;3;;;;0.613008;0.626466;0.016667;0.016667;7.82
2026-07-21T23:26:25;mvtec_AD/screw;B;dinov2;dino_imgmax_mad1.5;audit_remove;0.3;2;10;10;3;1;1;;;;0.542276;0.625956;0.05;0.066667;10.04
2026-07-21T23:26:32;mvtec_AD/screw;B;dinov2;;oracle_remove;0.3;2;10;10;3;3;3;;;;0.531301;0.635182;0.016667;0.083333;7.56
2026-07-21T23:26:41;mvtec_AD/screw;B;dinov2;dino_imgmax_mad1.5;audit_remove;0.3;3;10;10;3;2;2;;;;0.613008;0.686446;0.066667;0.066667;8.91
2026-07-21T23:26:49;mvtec_AD/screw;B;dinov2;;oracle_remove;0.3;3;10;10;3;3;3;;;;0.608943;0.697804;0.1;0.133333;7.81
2026-07-21T23:26:59;mvtec_AD/screw;B;dinov2;dino_imgmax_mad1.5;audit_remove;0.3;4;10;10;3;1;1;;;;0.569919;0.648704;0.0;0.083333;9.63
2026-07-21T23:27:06;mvtec_AD/screw;B;dinov2;;oracle_remove;0.3;4;10;10;3;3;3;;;;0.588211;0.662099;0.016667;0.166667;7.65
2026-07-21T23:27:17;mvtec_AD/tile;B;dino;dino_imgmax_mad1.5;audit_remove;0.0;0;10;10;0;3;0;0;0;0;1.0;1.0;1.0;1.0;3.43
2026-07-21T23:27:22;mvtec_AD/tile;B;dino;dino_imgmax_mad1.5;audit_recapture;0.0;0;10;10;0;3;0;0;0;0;1.0;1.0;1.0;1.0;4.95
2026-07-21T23:27:26;mvtec_AD/tile;B;dino;dino_imgmax_mad1.5;audit_remove;0.3;0;10;10;3;3;3;1;2;3;1.0;1.0;1.0;1.0;3.5
2026-07-21T23:27:31;mvtec_AD/tile;B;dino;dino_imgmax_mad1.5;audit_recapture;0.3;0;10;10;3;3;3;1;2;3;1.0;1.0;1.0;1.0;4.73
2026-07-21T23:27:35;mvtec_AD/tile;B;dino;;oracle_remove;0.3;0;10;10;3;3;3;;;;1.0;1.0;1.0;1.0;3.47
2026-07-21T23:27:38;mvtec_AD/tile;B;dino;dino_imgmax_mad1.5;base_knn;0.3;0;10;10;3;3;3;;;;1.0;1.0;1.0;1.0;3.34
2026-07-21T23:27:42;mvtec_AD/tile;B;dino;dino_imgmax_mad1.5;base_lof;0.3;0;10;10;3;3;3;;;;1.0;1.0;1.0;1.0;3.43
2026-07-21T23:27:45;mvtec_AD/tile;B;dino;dino_imgmax_mad1.5;base_iforest;0.3;0;10;10;3;3;3;;;;1.0;1.0;1.0;1.0;3.38
2026-07-21T23:27:50;mvtec_AD/tile;B;dino;dino_imgmax_mad1.5;audit_remove;0.0;1;10;10;0;2;0;0;0;0;1.0;1.0;1.0;1.0;3.87
2026-07-21T23:27:55;mvtec_AD/tile;B;dino;dino_imgmax_mad1.5;audit_recapture;0.0;1;10;10;0;2;0;0;0;0;1.0;1.0;1.0;1.0;4.79
2026-07-21T23:28:00;mvtec_AD/tile;B;dino;dino_imgmax_mad1.5;audit_remove;0.3;1;10;10;3;2;2;1;2;3;1.0;1.0;1.0;1.0;3.79
2026-07-21T23:28:04;mvtec_AD/tile;B;dino;dino_imgmax_mad1.5;audit_recapture;0.3;1;10;10;3;2;2;1;2;3;1.0;1.0;1.0;1.0;4.77
2026-07-21T23:28:08;mvtec_AD/tile;B;dino;;oracle_remove;0.3;1;10;10;3;3;3;;;;1.0;1.0;1.0;1.0;3.45
2026-07-21T23:28:11;mvtec_AD/tile;B;dino;dino_imgmax_mad1.5;base_knn;0.3;1;10;10;3;3;3;;;;1.0;1.0;1.0;1.0;3.35
2026-07-21T23:28:14;mvtec_AD/tile;B;dino;dino_imgmax_mad1.5;base_lof;0.3;1;10;10;3;4;3;;;;1.0;1.0;1.0;1.0;2.9
2026-07-21T23:28:18;mvtec_AD/tile;B;dino;dino_imgmax_mad1.5;base_iforest;0.3;1;10;10;3;1;1;;;;1.0;1.0;1.0;1.0;4.23
2026-07-21T23:28:24;mvtec_AD/tile;B;dino;dino_imgmax_mad1.5;audit_remove;0.0;2;10;10;0;1;0;0;0;0;1.0;1.0;1.0;1.0;4.4
2026-07-21T23:28:29;mvtec_AD/tile;B;dino;dino_imgmax_mad1.5;audit_recapture;0.0;2;10;10;0;1;0;0;0;0;1.0;1.0;1.0;1.0;4.78
2026-07-21T23:28:33;mvtec_AD/tile;B;dino;dino_imgmax_mad1.5;audit_remove;0.3;2;10;10;3;4;3;1;2;3;1.0;1.0;1.0;1.0;3.02
2026-07-21T23:28:37;mvtec_AD/tile;B;dino;dino_imgmax_mad1.5;audit_recapture;0.3;2;10;10;3;4;3;1;2;3;1.0;1.0;1.0;1.0;4.85
2026-07-21T23:28:41;mvtec_AD/tile;B;dino;;oracle_remove;0.3;2;10;10;3;3;3;;;;1.0;1.0;1.0;1.0;3.44
2026-07-21T23:28:44;mvtec_AD/tile;B;dino;dino_imgmax_mad1.5;base_knn;0.3;2;10;10;3;3;3;;;;1.0;1.0;1.0;1.0;3.34
2026-07-21T23:28:48;mvtec_AD/tile;B;dino;dino_imgmax_mad1.5;base_lof;0.3;2;10;10;3;3;3;;;;1.0;1.0;1.0;1.0;3.44
2026-07-21T23:28:51;mvtec_AD/tile;B;dino;dino_imgmax_mad1.5;base_iforest;0.3;2;10;10;3;3;3;;;;1.0;1.0;1.0;1.0;3.52
2026-07-21T23:28:57;mvtec_AD/tile;B;dino;dino_imgmax_mad1.5;audit_remove;0.0;3;10;10;0;0;0;0;0;0;1.0;1.0;1.0;1.0;4.77
2026-07-21T23:29:02;mvtec_AD/tile;B;dino;dino_imgmax_mad1.5;audit_recapture;0.0;3;10;10;0;0;0;0;0;0;1.0;1.0;1.0;1.0;4.76
2026-07-21T23:29:07;mvtec_AD/tile;B;dino;dino_imgmax_mad1.5;audit_remove;0.3;3;10;10;3;3;3;1;2;3;1.0;1.0;1.0;1.0;3.6
2026-07-21T23:29:11;mvtec_AD/tile;B;dino;dino_imgmax_mad1.5;audit_recapture;0.3;3;10;10;3;3;3;1;2;3;1.0;1.0;1.0;1.0;4.76
2026-07-21T23:29:15;mvtec_AD/tile;B;dino;;oracle_remove;0.3;3;10;10;3;3;3;;;;1.0;1.0;1.0;1.0;3.47
2026-07-21T23:29:18;mvtec_AD/tile;B;dino;dino_imgmax_mad1.5;base_knn;0.3;3;10;10;3;3;3;;;;1.0;1.0;1.0;1.0;3.44
2026-07-21T23:29:22;mvtec_AD/tile;B;dino;dino_imgmax_mad1.5;base_lof;0.3;3;10;10;3;3;3;;;;1.0;1.0;1.0;1.0;3.44
2026-07-21T23:29:26;mvtec_AD/tile;B;dino;dino_imgmax_mad1.5;base_iforest;0.3;3;10;10;3;1;1;;;;1.0;1.0;1.0;1.0;4.3
2026-07-21T23:29:32;mvtec_AD/tile;B;dino;dino_imgmax_mad1.5;audit_remove;0.0;4;10;10;0;0;0;0;0;0;1.0;1.0;1.0;1.0;4.73
2026-07-21T23:29:37;mvtec_AD/tile;B;dino;dino_imgmax_mad1.5;audit_recapture;0.0;4;10;10;0;0;0;0;0;0;1.0;1.0;1.0;1.0;4.81
2026-07-21T23:29:41;mvtec_AD/tile;B;dino;dino_imgmax_mad1.5;audit_remove;0.3;4;10;10;3;4;3;1;2;3;1.0;1.0;1.0;1.0;2.89
2026-07-21T23:29:46;mvtec_AD/tile;B;dino;dino_imgmax_mad1.5;audit_recapture;0.3;4;10;10;3;4;3;1;2;3;1.0;1.0;1.0;1.0;4.8
2026-07-21T23:29:49;mvtec_AD/tile;B;dino;;oracle_remove;0.3;4;10;10;3;3;3;;;;1.0;1.0;1.0;1.0;3.39
2026-07-21T23:29:53;mvtec_AD/tile;B;dino;dino_imgmax_mad1.5;base_knn;0.3;4;10;10;3;3;3;;;;1.0;1.0;1.0;1.0;3.59
2026-07-21T23:29:56;mvtec_AD/tile;B;dino;dino_imgmax_mad1.5;base_lof;0.3;4;10;10;3;3;3;;;;1.0;1.0;1.0;1.0;3.57
2026-07-21T23:30:00;mvtec_AD/tile;B;dino;dino_imgmax_mad1.5;base_iforest;0.3;4;10;10;3;3;3;;;;1.0;1.0;1.0;1.0;3.5
2026-07-21T23:30:01;mvtec_AD/tile;B;clip;dino_imgmax_mad1.5;audit_remove;0.3;0;10;10;3;3;3;;;;1.0;1.0;1.0;1.0;0.43
2026-07-21T23:30:01;mvtec_AD/tile;B;clip;;oracle_remove;0.3;0;10;10;3;3;3;;;;1.0;1.0;1.0;1.0;0.39
2026-07-21T23:30:01;mvtec_AD/tile;B;clip;dino_imgmax_mad1.5;audit_remove;0.3;1;10;10;3;2;2;;;;1.0;1.0;1.0;1.0;0.44
2026-07-21T23:30:02;mvtec_AD/tile;B;clip;;oracle_remove;0.3;1;10;10;3;3;3;;;;1.0;1.0;1.0;1.0;0.46
2026-07-21T23:30:02;mvtec_AD/tile;B;clip;dino_imgmax_mad1.5;audit_remove;0.3;2;10;10;3;4;3;;;;1.0;1.0;1.0;1.0;0.35
2026-07-21T23:30:03;mvtec_AD/tile;B;clip;;oracle_remove;0.3;2;10;10;3;3;3;;;;1.0;1.0;1.0;1.0;0.41
2026-07-21T23:30:03;mvtec_AD/tile;B;clip;dino_imgmax_mad1.5;audit_remove;0.3;3;10;10;3;3;3;;;;0.999278;0.999446;0.97619;1.0;0.44
2026-07-21T23:30:04;mvtec_AD/tile;B;clip;;oracle_remove;0.3;3;10;10;3;3;3;;;;0.999278;0.999446;0.97619;1.0;0.4
2026-07-21T23:30:04;mvtec_AD/tile;B;clip;dino_imgmax_mad1.5;audit_remove;0.3;4;10;10;3;4;3;;;;1.0;1.0;1.0;1.0;0.35
2026-07-21T23:30:04;mvtec_AD/tile;B;clip;;oracle_remove;0.3;4;10;10;3;3;3;;;;1.0;1.0;1.0;1.0;0.39
2026-07-21T23:30:13;mvtec_AD/tile;B;dinov2;dino_imgmax_mad1.5;audit_remove;0.3;0;10;10;3;3;3;;;;1.0;1.0;1.0;1.0;5.9
2026-07-21T23:30:18;mvtec_AD/tile;B;dinov2;;oracle_remove;0.3;0;10;10;3;3;3;;;;1.0;1.0;1.0;1.0;5.85
2026-07-21T23:30:25;mvtec_AD/tile;B;dinov2;dino_imgmax_mad1.5;audit_remove;0.3;1;10;10;3;2;2;;;;1.0;1.0;1.0;1.0;6.74
2026-07-21T23:30:31;mvtec_AD/tile;B;dinov2;;oracle_remove;0.3;1;10;10;3;3;3;;;;1.0;1.0;1.0;1.0;5.81
2026-07-21T23:30:36;mvtec_AD/tile;B;dinov2;dino_imgmax_mad1.5;audit_remove;0.3;2;10;10;3;4;3;;;;1.0;1.0;1.0;1.0;5.01
2026-07-21T23:30:42;mvtec_AD/tile;B;dinov2;;oracle_remove;0.3;2;10;10;3;3;3;;;;1.0;1.0;1.0;1.0;5.85
2026-07-21T23:30:48;mvtec_AD/tile;B;dinov2;dino_imgmax_mad1.5;audit_remove;0.3;3;10;10;3;3;3;;;;1.0;1.0;1.0;1.0;5.9
2026-07-21T23:30:54;mvtec_AD/tile;B;dinov2;;oracle_remove;0.3;3;10;10;3;3;3;;;;1.0;1.0;1.0;1.0;5.87
2026-07-21T23:30:59;mvtec_AD/tile;B;dinov2;dino_imgmax_mad1.5;audit_remove;0.3;4;10;10;3;4;3;;;;1.0;1.0;1.0;1.0;5.06
2026-07-21T23:31:05;mvtec_AD/tile;B;dinov2;;oracle_remove;0.3;4;10;10;3;3;3;;;;1.0;1.0;1.0;1.0;5.79
2026-07-21T23:31:13;mvtec_AD/toothbrush;B;dino;dino_imgmax_mad1.5;audit_remove;0.0;0;10;10;0;2;0;0;0;0;0.95;0.975;0.933333;0.933333;1.46
2026-07-21T23:31:15;mvtec_AD/toothbrush;B;dino;dino_imgmax_mad1.5;audit_recapture;0.0;0;10;10;0;2;0;0;0;0;0.955556;0.976812;0.933333;0.933333;1.79
2026-07-21T23:31:17;mvtec_AD/toothbrush;B;dino;dino_imgmax_mad1.5;audit_remove;0.3;0;10;10;3;3;3;1;2;3;0.972222;0.983333;0.933333;0.933333;1.24
2026-07-21T23:31:19;mvtec_AD/toothbrush;B;dino;dino_imgmax_mad1.5;audit_recapture;0.3;0;10;10;3;3;3;1;2;3;0.972222;0.983333;0.933333;0.933333;1.78
2026-07-21T23:31:20;mvtec_AD/toothbrush;B;dino;;oracle_remove;0.3;0;10;10;3;3;3;;;;0.972222;0.983333;0.933333;0.933333;1.27
2026-07-21T23:31:22;mvtec_AD/toothbrush;B;dino;dino_imgmax_mad1.5;base_knn;0.3;0;10;10;3;1;0;;;;0.85;0.887219;0.533333;0.533333;1.57
2026-07-21T23:31:23;mvtec_AD/toothbrush;B;dino;dino_imgmax_mad1.5;base_lof;0.3;0;10;10;3;2;1;;;;0.877778;0.910769;0.6;0.6;1.44
2026-07-21T23:31:24;mvtec_AD/toothbrush;B;dino;dino_imgmax_mad1.5;base_iforest;0.3;0;10;10;3;2;1;;;;0.877778;0.910769;0.6;0.6;1.42
2026-07-21T23:31:27;mvtec_AD/toothbrush;B;dino;dino_imgmax_mad1.5;audit_remove;0.0;1;10;10;0;0;0;0;0;0;0.872222;0.901676;0.466667;0.6;1.84
2026-07-21T23:31:29;mvtec_AD/toothbrush;B;dino;dino_imgmax_mad1.5;audit_recapture;0.0;1;10;10;0;0;0;0;0;0;0.872222;0.901676;0.466667;0.6;1.73
2026-07-21T23:31:32;mvtec_AD/toothbrush;B;dino;dino_imgmax_mad1.5;audit_remove;0.3;1;10;10;3;0;0;1;2;3;0.911111;0.936907;0.666667;0.666667;1.82
2026-07-21T23:31:34;mvtec_AD/toothbrush;B;dino;dino_imgmax_mad1.5;audit_recapture;0.3;1;10;10;3;0;0;1;2;3;0.911111;0.936907;0.666667;0.666667;1.72
2026-07-21T23:31:35;mvtec_AD/toothbrush;B;dino;;oracle_remove;0.3;1;10;10;3;3;3;;;;0.877778;0.914739;0.6;0.6;1.27
2026-07-21T23:31:37;mvtec_AD/toothbrush;B;dino;dino_imgmax_mad1.5;base_knn;0.3;1;10;10;3;1;0;;;;0.9;0.926357;0.6;0.6;1.62
2026-07-21T23:31:38;mvtec_AD/toothbrush;B;dino;dino_imgmax_mad1.5;base_lof;0.3;1;10;10;3;0;0;;;;0.911111;0.936907;0.666667;0.666667;1.72
2026-07-21T23:31:40;mvtec_AD/toothbrush;B;dino;dino_imgmax_mad1.5;base_iforest;0.3;1;10;10;3;1;1;;;;0.888889;0.91532;0.6;0.6;1.58
2026-07-21T23:31:43;mvtec_AD/toothbrush;B;dino;dino_imgmax_mad1.5;audit_remove;0.0;2;10;10;0;0;0;0;0;0;0.922222;0.945735;0.733333;0.733333;1.74
2026-07-21T23:31:44;mvtec_AD/toothbrush;B;dino;dino_imgmax_mad1.5;audit_recapture;0.0;2;10;10;0;0;0;0;0;0;0.922222;0.945735;0.733333;0.733333;1.74
2026-07-21T23:31:47;mvtec_AD/toothbrush;B;dino;dino_imgmax_mad1.5;audit_remove;0.3;2;10;10;3;1;1;1;2;3;0.955556;0.97115;0.866667;0.866667;1.56
2026-07-21T23:31:49;mvtec_AD/toothbrush;B;dino;dino_imgmax_mad1.5;audit_recapture;0.3;2;10;10;3;1;1;1;2;3;0.955556;0.97115;0.866667;0.866667;1.81
2026-07-21T23:31:50;mvtec_AD/toothbrush;B;dino;;oracle_remove;0.3;2;10;10;3;3;3;;;;0.927778;0.950106;0.733333;0.733333;1.26
2026-07-21T23:31:52;mvtec_AD/toothbrush;B;dino;dino_imgmax_mad1.5;base_knn;0.3;2;10;10;3;0;0;;;;0.95;0.966388;0.866667;0.866667;1.71
2026-07-21T23:31:53;mvtec_AD/toothbrush;B;dino;dino_imgmax_mad1.5;base_lof;0.3;2;10;10;3;1;0;;;;0.922222;0.93947;0.6;0.6;1.56
2026-07-21T23:31:55;mvtec_AD/toothbrush;B;dino;dino_imgmax_mad1.5;base_iforest;0.3;2;10;10;3;1;0;;;;0.922222;0.93947;0.6;0.6;1.6
2026-07-21T23:31:58;mvtec_AD/toothbrush;B;dino;dino_imgmax_mad1.5;audit_remove;0.0;3;10;10;0;1;0;0;0;0;0.955556;0.968235;0.8;0.8;1.71
2026-07-21T23:32:00;mvtec_AD/toothbrush;B;dino;dino_imgmax_mad1.5;audit_recapture;0.0;3;10;10;0;1;0;0;0;0;0.938889;0.95865;0.8;0.8;1.81
2026-07-21T23:32:02;mvtec_AD/toothbrush;B;dino;dino_imgmax_mad1.5;audit_remove;0.3;3;10;10;3;0;0;1;2;3;0.938889;0.963716;0.8;0.866667;1.76
2026-07-21T23:32:04;mvtec_AD/toothbrush;B;dino;dino_imgmax_mad1.5;audit_recapture;0.3;3;10;10;3;0;0;1;2;3;0.938889;0.963716;0.8;0.866667;1.73
2026-07-21T23:32:05;mvtec_AD/toothbrush;B;dino;;oracle_remove;0.3;3;10;10;3;3;3;;;;0.927778;0.955084;0.8;0.8;1.26
2026-07-21T23:32:07;mvtec_AD/toothbrush;B;dino;dino_imgmax_mad1.5;base_knn;0.3;3;10;10;3;1;1;;;;0.944444;0.965693;0.8;0.866667;1.62
2026-07-21T23:32:09;mvtec_AD/toothbrush;B;dino;dino_imgmax_mad1.5;base_lof;0.3;3;10;10;3;1;1;;;;0.944444;0.965693;0.8;0.866667;1.57
2026-07-21T23:32:10;mvtec_AD/toothbrush;B;dino;dino_imgmax_mad1.5;base_iforest;0.3;3;10;10;3;1;1;;;;0.944444;0.965693;0.8;0.866667;1.56
2026-07-21T23:32:13;mvtec_AD/toothbrush;B;dino;dino_imgmax_mad1.5;audit_remove;0.0;4;10;10;0;0;0;0;0;0;0.938889;0.953156;0.733333;0.733333;1.77
2026-07-21T23:32:15;mvtec_AD/toothbrush;B;dino;dino_imgmax_mad1.5;audit_recapture;0.0;4;10;10;0;0;0;0;0;0;0.938889;0.953156;0.733333;0.733333;1.7
2026-07-21T23:32:17;mvtec_AD/toothbrush;B;dino;dino_imgmax_mad1.5;audit_remove;0.3;4;10;10;3;2;2;1;2;3;0.944444;0.958059;0.666667;0.666667;1.45
2026-07-21T23:32:19;mvtec_AD/toothbrush;B;dino;dino_imgmax_mad1.5;audit_recapture;0.3;4;10;10;3;2;2;1;2;3;0.944444;0.956587;0.666667;0.666667;1.7
2026-07-21T23:32:20;mvtec_AD/toothbrush;B;dino;;oracle_remove;0.3;4;10;10;3;3;3;;;;0.927778;0.947182;0.666667;0.733333;1.23
2026-07-21T23:32:22;mvtec_AD/toothbrush;B;dino;dino_imgmax_mad1.5;base_knn;0.3;4;10;10;3;1;1;;;;0.922222;0.945317;0.733333;0.733333;1.69
2026-07-21T23:32:24;mvtec_AD/toothbrush;B;dino;dino_imgmax_mad1.5;base_lof;0.3;4;10;10;3;1;1;;;;0.922222;0.945317;0.733333;0.733333;1.69
2026-07-21T23:32:25;mvtec_AD/toothbrush;B;dino;dino_imgmax_mad1.5;base_iforest;0.3;4;10;10;3;1;1;;;;0.922222;0.945317;0.733333;0.733333;1.64
2026-07-21T23:32:26;mvtec_AD/toothbrush;B;clip;dino_imgmax_mad1.5;audit_remove;0.3;0;10;10;3;3;3;;;;0.955556;0.97115;0.866667;0.866667;0.15
2026-07-21T23:32:26;mvtec_AD/toothbrush;B;clip;;oracle_remove;0.3;0;10;10;3;3;3;;;;0.955556;0.97115;0.866667;0.866667;0.14
2026-07-21T23:32:26;mvtec_AD/toothbrush;B;clip;dino_imgmax_mad1.5;audit_remove;0.3;1;10;10;3;0;0;;;;0.927778;0.949615;0.733333;0.733333;0.21
2026-07-21T23:32:26;mvtec_AD/toothbrush;B;clip;;oracle_remove;0.3;1;10;10;3;3;3;;;;0.877778;0.917484;0.6;0.6;0.16
2026-07-21T23:32:27;mvtec_AD/toothbrush;B;clip;dino_imgmax_mad1.5;audit_remove;0.3;2;10;10;3;1;1;;;;0.905556;0.928177;0.6;0.6;0.26
2026-07-21T23:32:27;mvtec_AD/toothbrush;B;clip;;oracle_remove;0.3;2;10;10;3;3;3;;;;0.938889;0.957552;0.733333;0.733333;0.15
2026-07-21T23:32:27;mvtec_AD/toothbrush;B;clip;dino_imgmax_mad1.5;audit_remove;0.3;3;10;10;3;0;0;;;;0.983333;0.987712;0.866667;0.866667;0.21
2026-07-21T23:32:27;mvtec_AD/toothbrush;B;clip;;oracle_remove;0.3;3;10;10;3;3;3;;;;0.95;0.968519;0.866667;0.866667;0.16
2026-07-21T23:32:27;mvtec_AD/toothbrush;B;clip;dino_imgmax_mad1.5;audit_remove;0.3;4;10;10;3;2;2;;;;0.927778;0.944956;0.6;0.8;0.17
2026-07-21T23:32:28;mvtec_AD/toothbrush;B;clip;;oracle_remove;0.3;4;10;10;3;3;3;;;;0.95;0.962186;0.666667;0.8;0.17
2026-07-21T23:32:30;mvtec_AD/toothbrush;B;dinov2;dino_imgmax_mad1.5;audit_remove;0.3;0;10;10;3;3;3;;;;0.972222;0.983333;0.933333;0.933333;2.1
2026-07-21T23:32:32;mvtec_AD/toothbrush;B;dinov2;;oracle_remove;0.3;0;10;10;3;3;3;;;;0.972222;0.983333;0.933333;0.933333;2.06
2026-07-21T23:32:35;mvtec_AD/toothbrush;B;dinov2;dino_imgmax_mad1.5;audit_remove;0.3;1;10;10;3;0;0;;;;0.966667;0.976759;0.8;0.866667;2.8
2026-07-21T23:32:37;mvtec_AD/toothbrush;B;dinov2;;oracle_remove;0.3;1;10;10;3;3;3;;;;0.944444;0.962261;0.8;0.8;2.09
2026-07-21T23:32:40;mvtec_AD/toothbrush;B;dinov2;dino_imgmax_mad1.5;audit_remove;0.3;2;10;10;3;1;1;;;;0.933333;0.958134;0.8;0.8;2.57
2026-07-21T23:32:42;mvtec_AD/toothbrush;B;dinov2;;oracle_remove;0.3;2;10;10;3;3;3;;;;0.961111;0.97287;0.8;0.8;2.04
2026-07-21T23:32:45;mvtec_AD/toothbrush;B;dinov2;dino_imgmax_mad1.5;audit_remove;0.3;3;10;10;3;0;0;;;;0.972222;0.979062;0.8;0.8;2.9
2026-07-21T23:32:47;mvtec_AD/toothbrush;B;dinov2;;oracle_remove;0.3;3;10;10;3;3;3;;;;0.966667;0.974935;0.8;0.8;2.1
2026-07-21T23:32:50;mvtec_AD/toothbrush;B;dinov2;dino_imgmax_mad1.5;audit_remove;0.3;4;10;10;3;2;2;;;;0.95;0.955651;0.666667;0.733333;2.38
2026-07-21T23:32:52;mvtec_AD/toothbrush;B;dinov2;;oracle_remove;0.3;4;10;10;3;3;3;;;;0.95;0.955651;0.533333;0.733333;2.09
2026-07-21T23:33:04;mvtec_AD/transistor;B;dino;dino_imgmax_mad1.5;audit_remove;0.0;0;10;10;0;0;0;0;0;0;0.918333;0.847415;0.55;0.65;5.11
2026-07-21T23:33:09;mvtec_AD/transistor;B;dino;dino_imgmax_mad1.5;audit_recapture;0.0;0;10;10;0;0;0;0;0;0;0.918333;0.847415;0.55;0.65;5.26
2026-07-21T23:33:15;mvtec_AD/transistor;B;dino;dino_imgmax_mad1.5;audit_remove;0.3;0;10;10;3;1;0;0;1;1;0.923333;0.836564;0.5;0.6;4.74
2026-07-21T23:33:20;mvtec_AD/transistor;B;dino;dino_imgmax_mad1.5;audit_recapture;0.3;0;10;10;3;1;0;0;1;1;0.915;0.830533;0.5;0.65;5.24
2026-07-21T23:33:24;mvtec_AD/transistor;B;dino;;oracle_remove;0.3;0;10;10;3;3;3;;;;0.926667;0.843931;0.55;0.65;3.73
2026-07-21T23:33:29;mvtec_AD/transistor;B;dino;dino_imgmax_mad1.5;base_knn;0.3;0;10;10;3;2;1;;;;0.904167;0.825759;0.5;0.65;4.23
2026-07-21T23:33:33;mvtec_AD/transistor;B;dino;dino_imgmax_mad1.5;base_lof;0.3;0;10;10;3;2;1;;;;0.904167;0.825759;0.5;0.65;4.09
2026-07-21T23:33:37;mvtec_AD/transistor;B;dino;dino_imgmax_mad1.5;base_iforest;0.3;0;10;10;3;2;1;;;;0.904167;0.825759;0.5;0.65;4.17
2026-07-21T23:33:42;mvtec_AD/transistor;B;dino;dino_imgmax_mad1.5;audit_remove;0.0;1;10;10;0;2;0;0;0;0;0.91;0.845853;0.65;0.7;4.12
2026-07-21T23:33:47;mvtec_AD/transistor;B;dino;dino_imgmax_mad1.5;audit_recapture;0.0;1;10;10;0;2;0;0;0;0;0.879167;0.826611;0.7;0.7;5.21
2026-07-21T23:33:53;mvtec_AD/transistor;B;dino;dino_imgmax_mad1.5;audit_remove;0.3;1;10;10;3;1;1;1;2;2;0.915833;0.828287;0.55;0.65;4.79
2026-07-21T23:33:58;mvtec_AD/transistor;B;dino;dino_imgmax_mad1.5;audit_recapture;0.3;1;10;10;3;1;1;1;2;2;0.908333;0.820722;0.5;0.65;5.16
2026-07-21T23:34:02;mvtec_AD/transistor;B;dino;;oracle_remove;0.3;1;10;10;3;3;3;;;;0.920833;0.858262;0.7;0.7;3.7
2026-07-21T23:34:06;mvtec_AD/transistor;B;dino;dino_imgmax_mad1.5;base_knn;0.3;1;10;10;3;3;3;;;;0.920833;0.858262;0.7;0.7;3.7
2026-07-21T23:34:10;mvtec_AD/transistor;B;dino;dino_imgmax_mad1.5;base_lof;0.3;1;10;10;3;3;3;;;;0.920833;0.858262;0.7;0.7;3.75
2026-07-21T23:34:14;mvtec_AD/transistor;B;dino;dino_imgmax_mad1.5;base_iforest;0.3;1;10;10;3;1;1;;;;0.929167;0.868869;0.7;0.7;4.58
2026-07-21T23:34:20;mvtec_AD/transistor;B;dino;dino_imgmax_mad1.5;audit_remove;0.0;2;10;10;0;0;0;0;0;0;0.925833;0.868901;0.65;0.7;5.18
2026-07-21T23:34:25;mvtec_AD/transistor;B;dino;dino_imgmax_mad1.5;audit_recapture;0.0;2;10;10;0;0;0;0;0;0;0.925833;0.868901;0.65;0.7;5.08
2026-07-21T23:34:31;mvtec_AD/transistor;B;dino;dino_imgmax_mad1.5;audit_remove;0.3;2;10;10;3;1;1;1;1;1;0.910833;0.849027;0.65;0.65;4.76
2026-07-21T23:34:36;mvtec_AD/transistor;B;dino;dino_imgmax_mad1.5;audit_recapture;0.3;2;10;10;3;1;1;1;1;1;0.908333;0.844061;0.65;0.65;5.0
2026-07-21T23:34:40;mvtec_AD/transistor;B;dino;;oracle_remove;0.3;2;10;10;3;3;3;;;;0.925833;0.877293;0.65;0.75;3.6
2026-07-21T23:34:44;mvtec_AD/transistor;B;dino;dino_imgmax_mad1.5;base_knn;0.3;2;10;10;3;2;1;;;;0.910833;0.84336;0.6;0.7;4.28
2026-07-21T23:34:49;mvtec_AD/transistor;B;dino;dino_imgmax_mad1.5;base_lof;0.3;2;10;10;3;1;1;;;;0.910833;0.849027;0.65;0.65;4.68
2026-07-21T23:34:54;mvtec_AD/transistor;B;dino;dino_imgmax_mad1.5;base_iforest;0.3;2;10;10;3;1;1;;;;0.910833;0.849027;0.65;0.65;4.61
2026-07-21T23:34:59;mvtec_AD/transistor;B;dino;dino_imgmax_mad1.5;audit_remove;0.0;3;10;10;0;1;0;0;0;0;0.856667;0.747932;0.4;0.55;4.59
2026-07-21T23:35:04;mvtec_AD/transistor;B;dino;dino_imgmax_mad1.5;audit_recapture;0.0;3;10;10;0;1;0;0;0;0;0.8825;0.783191;0.5;0.55;5.26
2026-07-21T23:35:11;mvtec_AD/transistor;B;dino;dino_imgmax_mad1.5;audit_remove;0.3;3;10;10;3;0;0;1;2;3;0.883333;0.77493;0.45;0.55;5.46
2026-07-21T23:35:16;mvtec_AD/transistor;B;dino;dino_imgmax_mad1.5;audit_recapture;0.3;3;10;10;3;0;0;1;2;3;0.883333;0.77493;0.45;0.55;5.27
2026-07-21T23:35:20;mvtec_AD/transistor;B;dino;;oracle_remove;0.3;3;10;10;3;3;3;;;;0.868333;0.765402;0.45;0.6;3.59
2026-07-21T23:35:24;mvtec_AD/transistor;B;dino;dino_imgmax_mad1.5;base_knn;0.3;3;10;10;3;2;2;;;;0.861667;0.756633;0.45;0.5;4.2
2026-07-21T23:35:28;mvtec_AD/transistor;B;dino;dino_imgmax_mad1.5;base_lof;0.3;3;10;10;3;2;2;;;;0.861667;0.756633;0.45;0.5;4.05
2026-07-21T23:35:32;mvtec_AD/transistor;B;dino;dino_imgmax_mad1.5;base_iforest;0.3;3;10;10;3;2;2;;;;0.861667;0.756633;0.45;0.5;4.15
2026-07-21T23:35:38;mvtec_AD/transistor;B;dino;dino_imgmax_mad1.5;audit_remove;0.0;4;10;10;0;1;0;0;0;0;0.918333;0.876369;0.7;0.75;4.53
2026-07-21T23:35:43;mvtec_AD/transistor;B;dino;dino_imgmax_mad1.5;audit_recapture;0.0;4;10;10;0;1;0;0;0;0;0.918333;0.870748;0.75;0.75;5.19
2026-07-21T23:35:49;mvtec_AD/transistor;B;dino;dino_imgmax_mad1.5;audit_remove;0.3;4;10;10;3;0;0;1;2;3;0.915;0.868146;0.7;0.75;5.13
2026-07-21T23:35:54;mvtec_AD/transistor;B;dino;dino_imgmax_mad1.5;audit_recapture;0.3;4;10;10;3;0;0;1;2;3;0.915;0.868146;0.7;0.75;5.05
2026-07-21T23:35:58;mvtec_AD/transistor;B;dino;;oracle_remove;0.3;4;10;10;3;3;3;;;;0.914167;0.855064;0.7;0.7;3.6
2026-07-21T23:36:02;mvtec_AD/transistor;B;dino;dino_imgmax_mad1.5;base_knn;0.3;4;10;10;3;2;2;;;;0.928333;0.871972;0.65;0.7;4.13
2026-07-21T23:36:06;mvtec_AD/transistor;B;dino;dino_imgmax_mad1.5;base_lof;0.3;4;10;10;3;2;2;;;;0.928333;0.871972;0.65;0.7;4.13
2026-07-21T23:36:11;mvtec_AD/transistor;B;dino;dino_imgmax_mad1.5;base_iforest;0.3;4;10;10;3;1;0;;;;0.9175;0.866911;0.65;0.75;4.65
2026-07-21T23:36:12;mvtec_AD/transistor;B;clip;dino_imgmax_mad1.5;audit_remove;0.3;0;10;10;3;1;0;;;;0.833333;0.696929;0.3;0.5;0.55
2026-07-21T23:36:13;mvtec_AD/transistor;B;clip;;oracle_remove;0.3;0;10;10;3;3;3;;;;0.8475;0.71826;0.35;0.5;0.44
2026-07-21T23:36:13;mvtec_AD/transistor;B;clip;dino_imgmax_mad1.5;audit_remove;0.3;1;10;10;3;1;1;;;;0.8425;0.66655;0.2;0.35;0.55
2026-07-21T23:36:14;mvtec_AD/transistor;B;clip;;oracle_remove;0.3;1;10;10;3;3;3;;;;0.823333;0.661691;0.25;0.35;0.43
2026-07-21T23:36:14;mvtec_AD/transistor;B;clip;dino_imgmax_mad1.5;audit_remove;0.3;2;10;10;3;1;1;;;;0.933333;0.799729;0.3;0.45;0.61
2026-07-21T23:36:15;mvtec_AD/transistor;B;clip;;oracle_remove;0.3;2;10;10;3;3;3;;;;0.934167;0.795121;0.2;0.5;0.42
2026-07-21T23:36:15;mvtec_AD/transistor;B;clip;dino_imgmax_mad1.5;audit_remove;0.3;3;10;10;3;0;0;;;;0.8125;0.698034;0.4;0.45;0.59
2026-07-21T23:36:16;mvtec_AD/transistor;B;clip;;oracle_remove;0.3;3;10;10;3;3;3;;;;0.840833;0.715692;0.4;0.45;0.41
2026-07-21T23:36:16;mvtec_AD/transistor;B;clip;dino_imgmax_mad1.5;audit_remove;0.3;4;10;10;3;0;0;;;;0.871667;0.746591;0.35;0.5;0.63
2026-07-21T23:36:17;mvtec_AD/transistor;B;clip;;oracle_remove;0.3;4;10;10;3;3;3;;;;0.855;0.686859;0.2;0.4;0.41
2026-07-21T23:36:26;mvtec_AD/transistor;B;dinov2;dino_imgmax_mad1.5;audit_remove;0.3;0;10;10;3;1;0;;;;0.8875;0.799198;0.5;0.6;7.78
2026-07-21T23:36:32;mvtec_AD/transistor;B;dinov2;;oracle_remove;0.3;0;10;10;3;3;3;;;;0.92;0.838062;0.5;0.6;6.14
2026-07-21T23:36:40;mvtec_AD/transistor;B;dinov2;dino_imgmax_mad1.5;audit_remove;0.3;1;10;10;3;1;1;;;;0.8675;0.782605;0.5;0.55;7.86
2026-07-21T23:36:46;mvtec_AD/transistor;B;dinov2;;oracle_remove;0.3;1;10;10;3;3;3;;;;0.900833;0.802256;0.5;0.55;6.07
2026-07-21T23:36:54;mvtec_AD/transistor;B;dinov2;dino_imgmax_mad1.5;audit_remove;0.3;2;10;10;3;1;1;;;;0.9125;0.845342;0.55;0.6;7.83
2026-07-21T23:37:00;mvtec_AD/transistor;B;dinov2;;oracle_remove;0.3;2;10;10;3;3;3;;;;0.926667;0.872247;0.6;0.7;5.96
2026-07-21T23:37:09;mvtec_AD/transistor;B;dinov2;dino_imgmax_mad1.5;audit_remove;0.3;3;10;10;3;0;0;;;;0.831667;0.748986;0.45;0.55;8.8
2026-07-21T23:37:15;mvtec_AD/transistor;B;dinov2;;oracle_remove;0.3;3;10;10;3;3;3;;;;0.858333;0.759244;0.45;0.5;6.01
2026-07-21T23:37:24;mvtec_AD/transistor;B;dinov2;dino_imgmax_mad1.5;audit_remove;0.3;4;10;10;3;0;0;;;;0.878333;0.814582;0.5;0.65;8.9
2026-07-21T23:37:30;mvtec_AD/transistor;B;dinov2;;oracle_remove;0.3;4;10;10;3;3;3;;;;0.891667;0.824319;0.5;0.65;6.01
2026-07-21T23:37:40;mvtec_AD/wood;B;dino;dino_imgmax_mad1.5;audit_remove;0.0;0;10;10;0;2;0;0;0;0;0.838596;0.912482;0.6;0.6;2.67
2026-07-21T23:37:43;mvtec_AD/wood;B;dino;dino_imgmax_mad1.5;audit_recapture;0.0;0;10;10;0;2;0;0;0;0;0.829825;0.906467;0.6;0.6;3.2
2026-07-21T23:37:47;mvtec_AD/wood;B;dino;dino_imgmax_mad1.5;audit_remove;0.3;0;10;10;3;1;1;1;2;3;0.805263;0.893292;0.6;0.6;2.89
2026-07-21T23:37:50;mvtec_AD/wood;B;dino;dino_imgmax_mad1.5;audit_recapture;0.3;0;10;10;3;1;1;1;2;3;0.8;0.8913;0.6;0.6;3.17
2026-07-21T23:37:53;mvtec_AD/wood;B;dino;;oracle_remove;0.3;0;10;10;3;3;3;;;;0.810526;0.895792;0.6;0.6;2.23
2026-07-21T23:37:55;mvtec_AD/wood;B;dino;dino_imgmax_mad1.5;base_knn;0.3;0;10;10;3;1;1;;;;0.805263;0.893292;0.6;0.6;2.8
2026-07-21T23:37:57;mvtec_AD/wood;B;dino;dino_imgmax_mad1.5;base_lof;0.3;0;10;10;3;4;3;;;;0.792982;0.887122;0.6;0.6;1.98
2026-07-21T23:38:00;mvtec_AD/wood;B;dino;dino_imgmax_mad1.5;base_iforest;0.3;0;10;10;3;3;3;;;;0.810526;0.895792;0.6;0.6;2.28
2026-07-21T23:38:04;mvtec_AD/wood;B;dino;dino_imgmax_mad1.5;audit_remove;0.0;1;10;10;0;1;0;0;0;0;0.885965;0.937293;0.666667;0.666667;2.76
2026-07-21T23:38:07;mvtec_AD/wood;B;dino;dino_imgmax_mad1.5;audit_recapture;0.0;1;10;10;0;1;0;0;0;0;0.878947;0.933207;0.666667;0.666667;3.23
2026-07-21T23:38:10;mvtec_AD/wood;B;dino;dino_imgmax_mad1.5;audit_remove;0.3;1;10;10;3;3;3;1;2;3;0.903509;0.944471;0.666667;0.666667;2.28
2026-07-21T23:38:13;mvtec_AD/wood;B;dino;dino_imgmax_mad1.5;audit_recapture;0.3;1;10;10;3;3;3;1;2;3;0.887719;0.937012;0.666667;0.666667;3.27
2026-07-21T23:38:16;mvtec_AD/wood;B;dino;;oracle_remove;0.3;1;10;10;3;3;3;;;;0.903509;0.944471;0.666667;0.666667;2.27
2026-07-21T23:38:19;mvtec_AD/wood;B;dino;dino_imgmax_mad1.5;base_knn;0.3;1;10;10;3;0;0;;;;0.878947;0.927655;0.6;0.666667;3.26
2026-07-21T23:38:22;mvtec_AD/wood;B;dino;dino_imgmax_mad1.5;base_lof;0.3;1;10;10;3;0;0;;;;0.878947;0.927655;0.6;0.666667;3.15
2026-07-21T23:38:25;mvtec_AD/wood;B;dino;dino_imgmax_mad1.5;base_iforest;0.3;1;10;10;3;2;2;;;;0.877193;0.928181;0.633333;0.633333;2.68
2026-07-21T23:38:28;mvtec_AD/wood;B;dino;dino_imgmax_mad1.5;audit_remove;0.0;2;10;10;0;2;0;0;0;0;0.896491;0.939017;0.666667;0.7;2.54
2026-07-21T23:38:32;mvtec_AD/wood;B;dino;dino_imgmax_mad1.5;audit_recapture;0.0;2;10;10;0;2;0;0;0;0;0.898246;0.940604;0.666667;0.7;3.24
2026-07-21T23:38:35;mvtec_AD/wood;B;dino;dino_imgmax_mad1.5;audit_remove;0.3;2;10;10;3;3;3;1;2;3;0.926316;0.956922;0.7;0.733333;2.32
2026-07-21T23:38:38;mvtec_AD/wood;B;dino;dino_imgmax_mad1.5;audit_recapture;0.3;2;10;10;3;3;3;1;2;3;0.921053;0.95369;0.7;0.733333;3.22
2026-07-21T23:38:41;mvtec_AD/wood;B;dino;;oracle_remove;0.3;2;10;10;3;3;3;;;;0.926316;0.956922;0.7;0.733333;2.32
2026-07-21T23:38:44;mvtec_AD/wood;B;dino;dino_imgmax_mad1.5;base_knn;0.3;2;10;10;3;0;0;;;;0.877193;0.918915;0.4;0.566667;3.15
2026-07-21T23:38:47;mvtec_AD/wood;B;dino;dino_imgmax_mad1.5;base_lof;0.3;2;10;10;3;0;0;;;;0.877193;0.918915;0.4;0.566667;3.03
2026-07-21T23:38:50;mvtec_AD/wood;B;dino;dino_imgmax_mad1.5;base_iforest;0.3;2;10;10;3;0;0;;;;0.877193;0.918915;0.4;0.566667;3.18
2026-07-21T23:38:55;mvtec_AD/wood;B;dino;dino_imgmax_mad1.5;audit_remove;0.0;3;10;10;0;0;0;0;0;0;0.926316;0.957559;0.733333;0.733333;3.21
2026-07-21T23:38:58;mvtec_AD/wood;B;dino;dino_imgmax_mad1.5;audit_recapture;0.0;3;10;10;0;0;0;0;0;0;0.926316;0.957559;0.733333;0.733333;3.18
2026-07-21T23:39:01;mvtec_AD/wood;B;dino;dino_imgmax_mad1.5;audit_remove;0.3;3;10;10;3;3;3;1;2;3;0.922807;0.956881;0.733333;0.733333;2.31
2026-07-21T23:39:04;mvtec_AD/wood;B;dino;dino_imgmax_mad1.5;audit_recapture;0.3;3;10;10;3;3;3;1;2;3;0.922807;0.954583;0.733333;0.733333;3.16
2026-07-21T23:39:07;mvtec_AD/wood;B;dino;;oracle_remove;0.3;3;10;10;3;3;3;;;;0.922807;0.956881;0.733333;0.733333;2.28
2026-07-21T23:39:10;mvtec_AD/wood;B;dino;dino_imgmax_mad1.5;base_knn;0.3;3;10;10;3;0;0;;;;0.908772;0.937514;0.433333;0.633333;3.26
2026-07-21T23:39:13;mvtec_AD/wood;B;dino;dino_imgmax_mad1.5;base_lof;0.3;3;10;10;3;0;0;;;;0.908772;0.937514;0.433333;0.633333;3.14
2026-07-21T23:39:16;mvtec_AD/wood;B;dino;dino_imgmax_mad1.5;base_iforest;0.3;3;10;10;3;1;1;;;;0.926316;0.952238;0.533333;0.7;2.78
2026-07-21T23:39:20;mvtec_AD/wood;B;dino;dino_imgmax_mad1.5;audit_remove;0.0;4;10;10;0;0;0;0;0;0;0.903509;0.945253;0.633333;0.666667;3.14
2026-07-21T23:39:24;mvtec_AD/wood;B;dino;dino_imgmax_mad1.5;audit_recapture;0.0;4;10;10;0;0;0;0;0;0;0.903509;0.945253;0.633333;0.666667;3.23
2026-07-21T23:39:27;mvtec_AD/wood;B;dino;dino_imgmax_mad1.5;audit_remove;0.3;4;10;10;3;1;1;1;2;3;0.854386;0.913812;0.466667;0.6;2.85
2026-07-21T23:39:31;mvtec_AD/wood;B;dino;dino_imgmax_mad1.5;audit_recapture;0.3;4;10;10;3;1;1;1;2;3;0.850877;0.91251;0.533333;0.6;3.35
2026-07-21T23:39:33;mvtec_AD/wood;B;dino;;oracle_remove;0.3;4;10;10;3;3;3;;;;0.910526;0.948735;0.633333;0.666667;2.4
2026-07-21T23:39:36;mvtec_AD/wood;B;dino;dino_imgmax_mad1.5;base_knn;0.3;4;10;10;3;2;0;;;;0.826316;0.896424;0.4;0.566667;2.61
2026-07-21T23:39:39;mvtec_AD/wood;B;dino;dino_imgmax_mad1.5;base_lof;0.3;4;10;10;3;1;0;;;;0.82807;0.897936;0.4;0.6;2.94
2026-07-21T23:39:42;mvtec_AD/wood;B;dino;dino_imgmax_mad1.5;base_iforest;0.3;4;10;10;3;0;0;;;;0.850877;0.910591;0.433333;0.6;3.15
2026-07-21T23:39:43;mvtec_AD/wood;B;clip;dino_imgmax_mad1.5;audit_remove;0.3;0;10;10;3;1;1;;;;0.994737;0.99697;0.966667;0.966667;0.32
2026-07-21T23:39:43;mvtec_AD/wood;B;clip;;oracle_remove;0.3;0;10;10;3;3;3;;;;0.992982;0.996078;0.966667;0.966667;0.32
2026-07-21T23:39:43;mvtec_AD/wood;B;clip;dino_imgmax_mad1.5;audit_remove;0.3;1;10;10;3;3;3;;;;0.978947;0.989516;0.933333;0.933333;0.25
2026-07-21T23:39:44;mvtec_AD/wood;B;clip;;oracle_remove;0.3;1;10;10;3;3;3;;;;0.978947;0.989516;0.933333;0.933333;0.26
2026-07-21T23:39:44;mvtec_AD/wood;B;clip;dino_imgmax_mad1.5;audit_remove;0.3;2;10;10;3;3;3;;;;0.994737;0.996664;0.933333;1.0;0.25
2026-07-21T23:39:44;mvtec_AD/wood;B;clip;;oracle_remove;0.3;2;10;10;3;3;3;;;;0.994737;0.996664;0.933333;1.0;0.32
2026-07-21T23:39:44;mvtec_AD/wood;B;clip;dino_imgmax_mad1.5;audit_remove;0.3;3;10;10;3;3;3;;;;0.998246;0.998925;0.966667;1.0;0.24
2026-07-21T23:39:45;mvtec_AD/wood;B;clip;;oracle_remove;0.3;3;10;10;3;3;3;;;;0.998246;0.998925;0.966667;1.0;0.24
2026-07-21T23:39:45;mvtec_AD/wood;B;clip;dino_imgmax_mad1.5;audit_remove;0.3;4;10;10;3;1;1;;;;0.996491;0.997917;0.966667;0.966667;0.32
2026-07-21T23:39:45;mvtec_AD/wood;B;clip;;oracle_remove;0.3;4;10;10;3;3;3;;;;0.996491;0.997917;0.966667;0.966667;0.29
2026-07-21T23:39:52;mvtec_AD/wood;B;dinov2;dino_imgmax_mad1.5;audit_remove;0.3;0;10;10;3;1;1;;;;0.884211;0.92872;0.533333;0.6;4.92
2026-07-21T23:39:56;mvtec_AD/wood;B;dinov2;;oracle_remove;0.3;0;10;10;3;3;3;;;;0.905263;0.943116;0.666667;0.666667;3.79
2026-07-21T23:40:00;mvtec_AD/wood;B;dinov2;dino_imgmax_mad1.5;audit_remove;0.3;1;10;10;3;3;3;;;;0.931579;0.960185;0.733333;0.733333;3.69
2026-07-21T23:40:03;mvtec_AD/wood;B;dinov2;;oracle_remove;0.3;1;10;10;3;3;3;;;;0.931579;0.960185;0.733333;0.733333;3.78
2026-07-21T23:40:07;mvtec_AD/wood;B;dinov2;dino_imgmax_mad1.5;audit_remove;0.3;2;10;10;3;3;3;;;;0.968421;0.979298;0.7;0.8;3.78
2026-07-21T23:40:11;mvtec_AD/wood;B;dinov2;;oracle_remove;0.3;2;10;10;3;3;3;;;;0.968421;0.979298;0.7;0.8;3.79
2026-07-21T23:40:15;mvtec_AD/wood;B;dinov2;dino_imgmax_mad1.5;audit_remove;0.3;3;10;10;3;3;3;;;;0.964912;0.978697;0.766667;0.833333;3.76
2026-07-21T23:40:18;mvtec_AD/wood;B;dinov2;;oracle_remove;0.3;3;10;10;3;3;3;;;;0.964912;0.978697;0.766667;0.833333;3.77
2026-07-21T23:40:24;mvtec_AD/wood;B;dinov2;dino_imgmax_mad1.5;audit_remove;0.3;4;10;10;3;1;1;;;;0.914035;0.943059;0.5;0.6;5.02
2026-07-21T23:40:27;mvtec_AD/wood;B;dinov2;;oracle_remove;0.3;4;10;10;3;3;3;;;;0.940351;0.964438;0.666667;0.733333;3.85
2026-07-21T23:40:40;mvtec_AD/zipper;B;dino;dino_imgmax_mad1.5;audit_remove;0.0;0;10;10;0;3;0;0;0;0;0.984375;0.990958;0.766667;0.883333;4.49
2026-07-21T23:40:46;mvtec_AD/zipper;B;dino;dino_imgmax_mad1.5;audit_recapture;0.0;0;10;10;0;3;0;0;0;0;0.979688;0.988498;0.7;0.866667;5.93
2026-07-21T23:40:52;mvtec_AD/zipper;B;dino;dino_imgmax_mad1.5;audit_remove;0.3;0;10;10;3;2;2;1;2;3;0.986979;0.992359;0.766667;0.966667;4.89
2026-07-21T23:40:58;mvtec_AD/zipper;B;dino;dino_imgmax_mad1.5;audit_recapture;0.3;0;10;10;3;2;2;1;2;3;0.983854;0.990551;0.7;0.966667;6.0
2026-07-21T23:41:02;mvtec_AD/zipper;B;dino;;oracle_remove;0.3;0;10;10;3;3;3;;;;0.988021;0.992919;0.766667;0.95;4.31
2026-07-21T23:41:07;mvtec_AD/zipper;B;dino;dino_imgmax_mad1.5;base_knn;0.3;0;10;10;3;2;2;;;;0.985938;0.991835;0.716667;0.933333;4.77
2026-07-21T23:41:11;mvtec_AD/zipper;B;dino;dino_imgmax_mad1.5;base_lof;0.3;0;10;10;3;3;3;;;;0.988021;0.992919;0.766667;0.95;4.38
2026-07-21T23:41:17;mvtec_AD/zipper;B;dino;dino_imgmax_mad1.5;base_iforest;0.3;0;10;10;3;0;0;;;;0.985938;0.991767;0.733333;0.95;5.84
2026-07-21T23:41:23;mvtec_AD/zipper;B;dino;dino_imgmax_mad1.5;audit_remove;0.0;1;10;10;0;1;0;0;0;0;0.992188;0.995679;0.85;0.966667;5.27
2026-07-21T23:41:29;mvtec_AD/zipper;B;dino;dino_imgmax_mad1.5;audit_recapture;0.0;1;10;10;0;1;0;0;0;0;0.992188;0.995593;0.85;0.983333;5.86
2026-07-21T23:41:35;mvtec_AD/zipper;B;dino;dino_imgmax_mad1.5;audit_remove;0.3;1;10;10;3;2;2;1;2;3;0.989062;0.99402;0.833333;0.966667;4.74
2026-07-21T23:41:41;mvtec_AD/zipper;B;dino;dino_imgmax_mad1.5;audit_recapture;0.3;1;10;10;3;2;2;1;2;3;0.990625;0.994646;0.816667;0.966667;5.91
2026-07-21T23:41:45;mvtec_AD/zipper;B;dino;;oracle_remove;0.3;1;10;10;3;3;3;;;;0.990625;0.994833;0.833333;0.966667;4.34
2026-07-21T23:41:49;mvtec_AD/zipper;B;dino;dino_imgmax_mad1.5;base_knn;0.3;1;10;10;3;4;3;;;;0.991146;0.995146;0.833333;0.966667;3.58
2026-07-21T23:41:53;mvtec_AD/zipper;B;dino;dino_imgmax_mad1.5;base_lof;0.3;1;10;10;3;3;2;;;;0.989583;0.994253;0.833333;0.966667;4.29
2026-07-21T23:41:59;mvtec_AD/zipper;B;dino;dino_imgmax_mad1.5;base_iforest;0.3;1;10;10;3;1;0;;;;0.990104;0.994747;0.85;0.95;5.25
2026-07-21T23:42:04;mvtec_AD/zipper;B;dino;dino_imgmax_mad1.5;audit_remove;0.0;2;10;10;0;2;0;0;0;0;0.984375;0.990982;0.716667;0.95;4.81
2026-07-21T23:42:10;mvtec_AD/zipper;B;dino;dino_imgmax_mad1.5;audit_recapture;0.0;2;10;10;0;2;0;0;0;0;0.984375;0.991136;0.766667;0.95;5.87
2026-07-21T23:42:15;mvtec_AD/zipper;B;dino;dino_imgmax_mad1.5;audit_remove;0.3;2;10;10;3;4;3;1;2;3;0.984896;0.991259;0.816667;0.95;3.71
2026-07-21T23:42:21;mvtec_AD/zipper;B;dino;dino_imgmax_mad1.5;audit_recapture;0.3;2;10;10;3;4;3;1;2;3;0.982292;0.989954;0.783333;0.916667;5.91
2026-07-21T23:42:25;mvtec_AD/zipper;B;dino;;oracle_remove;0.3;2;10;10;3;3;3;;;;0.983333;0.990454;0.733333;0.933333;4.22
2026-07-21T23:42:29;mvtec_AD/zipper;B;dino;dino_imgmax_mad1.5;base_knn;0.3;2;10;10;3;3;3;;;;0.983333;0.990454;0.733333;0.933333;4.09
2026-07-21T23:42:34;mvtec_AD/zipper;B;dino;dino_imgmax_mad1.5;base_lof;0.3;2;10;10;3;3;3;;;;0.983333;0.990454;0.733333;0.933333;4.35
2026-07-21T23:42:39;mvtec_AD/zipper;B;dino;dino_imgmax_mad1.5;base_iforest;0.3;2;10;10;3;1;1;;;;0.984375;0.990982;0.733333;0.95;5.3
2026-07-21T23:42:45;mvtec_AD/zipper;B;dino;dino_imgmax_mad1.5;audit_remove;0.0;3;10;10;0;1;0;0;0;0;0.988542;0.993933;0.866667;0.916667;5.29
2026-07-21T23:42:52;mvtec_AD/zipper;B;dino;dino_imgmax_mad1.5;audit_recapture;0.0;3;10;10;0;1;0;0;0;0;0.990625;0.995045;0.883333;0.933333;6.11
2026-07-21T23:42:57;mvtec_AD/zipper;B;dino;dino_imgmax_mad1.5;audit_remove;0.3;3;10;10;3;3;3;1;2;3;0.991667;0.995578;0.916667;0.933333;4.15
2026-07-21T23:43:03;mvtec_AD/zipper;B;dino;dino_imgmax_mad1.5;audit_recapture;0.3;3;10;10;3;3;3;1;2;3;0.994792;0.997157;0.9;0.983333;5.91
2026-07-21T23:43:07;mvtec_AD/zipper;B;dino;;oracle_remove;0.3;3;10;10;3;3;3;;;;0.991667;0.995578;0.916667;0.933333;4.36
2026-07-21T23:43:12;mvtec_AD/zipper;B;dino;dino_imgmax_mad1.5;base_knn;0.3;3;10;10;3;2;2;;;;0.991146;0.995301;0.916667;0.966667;4.91
2026-07-21T23:43:16;mvtec_AD/zipper;B;dino;dino_imgmax_mad1.5;base_lof;0.3;3;10;10;3;3;2;;;;0.990625;0.995073;0.916667;0.95;4.3
2026-07-21T23:43:22;mvtec_AD/zipper;B;dino;dino_imgmax_mad1.5;base_iforest;0.3;3;10;10;3;0;0;;;;0.990104;0.99483;0.883333;0.933333;5.83
2026-07-21T23:43:28;mvtec_AD/zipper;B;dino;dino_imgmax_mad1.5;audit_remove;0.0;4;10;10;0;1;0;0;0;0;0.983854;0.990666;0.733333;0.916667;5.33
2026-07-21T23:43:35;mvtec_AD/zipper;B;dino;dino_imgmax_mad1.5;audit_recapture;0.0;4;10;10;0;1;0;0;0;0;0.984375;0.99081;0.716667;0.933333;5.93
2026-07-21T23:43:39;mvtec_AD/zipper;B;dino;dino_imgmax_mad1.5;audit_remove;0.3;4;10;10;3;4;3;1;2;3;0.984896;0.991256;0.716667;0.933333;3.61
2026-07-21T23:43:45;mvtec_AD/zipper;B;dino;dino_imgmax_mad1.5;audit_recapture;0.3;4;10;10;3;4;3;1;2;3;0.989583;0.994308;0.833333;0.95;5.97
2026-07-21T23:43:49;mvtec_AD/zipper;B;dino;;oracle_remove;0.3;4;10;10;3;3;3;;;;0.985417;0.991534;0.733333;0.95;4.24
2026-07-21T23:43:55;mvtec_AD/zipper;B;dino;dino_imgmax_mad1.5;base_knn;0.3;4;10;10;3;1;1;;;;0.986458;0.992356;0.783333;0.933333;5.26
2026-07-21T23:44:00;mvtec_AD/zipper;B;dino;dino_imgmax_mad1.5;base_lof;0.3;4;10;10;3;2;1;;;;0.9875;0.993;0.816667;0.95;4.77
2026-07-21T23:44:05;mvtec_AD/zipper;B;dino;dino_imgmax_mad1.5;base_iforest;0.3;4;10;10;3;1;1;;;;0.986458;0.992356;0.783333;0.933333;5.2
2026-07-21T23:44:06;mvtec_AD/zipper;B;clip;dino_imgmax_mad1.5;audit_remove;0.3;0;10;10;3;2;2;;;;0.964583;0.983622;0.85;0.85;0.54
2026-07-21T23:44:06;mvtec_AD/zipper;B;clip;;oracle_remove;0.3;0;10;10;3;3;3;;;;0.975521;0.987993;0.833333;0.9;0.48
2026-07-21T23:44:07;mvtec_AD/zipper;B;clip;dino_imgmax_mad1.5;audit_remove;0.3;1;10;10;3;2;2;;;;0.96875;0.98512;0.833333;0.883333;0.59
2026-07-21T23:44:07;mvtec_AD/zipper;B;clip;;oracle_remove;0.3;1;10;10;3;3;3;;;;0.967187;0.983807;0.766667;0.883333;0.48
2026-07-21T23:44:08;mvtec_AD/zipper;B;clip;dino_imgmax_mad1.5;audit_remove;0.3;2;10;10;3;4;3;;;;0.979688;0.989875;0.866667;0.916667;0.51
2026-07-21T23:44:08;mvtec_AD/zipper;B;clip;;oracle_remove;0.3;2;10;10;3;3;3;;;;0.978125;0.988938;0.85;0.883333;0.48
2026-07-21T23:44:09;mvtec_AD/zipper;B;clip;dino_imgmax_mad1.5;audit_remove;0.3;3;10;10;3;3;3;;;;0.980208;0.990264;0.866667;0.916667;0.53
2026-07-21T23:44:10;mvtec_AD/zipper;B;clip;;oracle_remove;0.3;3;10;10;3;3;3;;;;0.980208;0.990264;0.866667;0.916667;0.52
2026-07-21T23:44:10;mvtec_AD/zipper;B;clip;dino_imgmax_mad1.5;audit_remove;0.3;4;10;10;3;4;3;;;;0.981771;0.990478;0.833333;0.9;0.43
2026-07-21T23:44:10;mvtec_AD/zipper;B;clip;;oracle_remove;0.3;4;10;10;3;3;3;;;;0.971875;0.986147;0.833333;0.916667;0.49
2026-07-21T23:44:21;mvtec_AD/zipper;B;dinov2;dino_imgmax_mad1.5;audit_remove;0.3;0;10;10;3;2;2;;;;0.985938;0.992503;0.833333;0.933333;8.02
2026-07-21T23:44:28;mvtec_AD/zipper;B;dinov2;;oracle_remove;0.3;0;10;10;3;3;3;;;;0.986979;0.993151;0.866667;0.933333;7.15
2026-07-21T23:44:36;mvtec_AD/zipper;B;dinov2;dino_imgmax_mad1.5;audit_remove;0.3;1;10;10;3;2;2;;;;0.986979;0.993189;0.866667;0.933333;7.96
2026-07-21T23:44:43;mvtec_AD/zipper;B;dinov2;;oracle_remove;0.3;1;10;10;3;3;3;;;;0.988021;0.993938;0.883333;0.95;7.02
2026-07-21T23:44:49;mvtec_AD/zipper;B;dinov2;dino_imgmax_mad1.5;audit_remove;0.3;2;10;10;3;4;3;;;;0.979688;0.989611;0.85;0.916667;6.1
2026-07-21T23:44:56;mvtec_AD/zipper;B;dinov2;;oracle_remove;0.3;2;10;10;3;3;3;;;;0.979688;0.989886;0.833333;0.9;6.79
2026-07-21T23:45:03;mvtec_AD/zipper;B;dinov2;dino_imgmax_mad1.5;audit_remove;0.3;3;10;10;3;3;3;;;;0.995313;0.997539;0.933333;0.95;7.23
2026-07-21T23:45:10;mvtec_AD/zipper;B;dinov2;;oracle_remove;0.3;3;10;10;3;3;3;;;;0.995313;0.997539;0.933333;0.95;7.15
2026-07-21T23:45:17;mvtec_AD/zipper;B;dinov2;dino_imgmax_mad1.5;audit_remove;0.3;4;10;10;3;4;3;;;;0.978125;0.989352;0.866667;0.916667;6.39
2026-07-21T23:45:24;mvtec_AD/zipper;B;dinov2;;oracle_remove;0.3;4;10;10;3;3;3;;;;0.978125;0.989388;0.85;0.916667;7.22
2026-07-21T23:45:44;VisA/candle;B;dino;dino_imgmax_mad1.5;audit_remove;0.0;0;10;10;0;2;0;0;0;0;0.909;0.824657;0.2;0.6;9.36
2026-07-21T23:45:54;VisA/candle;B;dino;dino_imgmax_mad1.5;audit_recapture;0.0;0;10;10;0;2;0;0;0;0;0.9176;0.845275;0.16;0.66;9.81
2026-07-21T23:46:05;VisA/candle;B;dino;dino_imgmax_mad1.5;audit_remove;0.3;0;10;10;3;0;0;1;2;2;0.8742;0.79708;0.12;0.58;9.64
2026-07-21T23:46:14;VisA/candle;B;dino;dino_imgmax_mad1.5;audit_recapture;0.3;0;10;10;3;0;0;1;2;2;0.8742;0.79708;0.12;0.58;9.7
2026-07-21T23:46:21;VisA/candle;B;dino;;oracle_remove;0.3;0;10;10;3;3;3;;;;0.8866;0.833428;0.22;0.68;7.08
2026-07-21T23:46:31;VisA/candle;B;dino;dino_imgmax_mad1.5;base_knn;0.3;0;10;10;3;0;0;;;;0.8742;0.79708;0.12;0.58;9.55
2026-07-21T23:46:40;VisA/candle;B;dino;dino_imgmax_mad1.5;base_lof;0.3;0;10;10;3;1;0;;;;0.8642;0.797406;0.16;0.56;8.6
2026-07-21T23:46:49;VisA/candle;B;dino;dino_imgmax_mad1.5;base_iforest;0.3;0;10;10;3;0;0;;;;0.8742;0.79708;0.12;0.58;9.64
2026-07-21T23:46:59;VisA/candle;B;dino;dino_imgmax_mad1.5;audit_remove;0.0;1;10;10;0;1;0;0;0;0;0.915;0.785711;0.02;0.62;8.66
2026-07-21T23:47:09;VisA/candle;B;dino;dino_imgmax_mad1.5;audit_recapture;0.0;1;10;10;0;1;0;0;0;0;0.91;0.785998;0.02;0.64;9.41
2026-07-21T23:47:18;VisA/candle;B;dino;dino_imgmax_mad1.5;audit_remove;0.3;1;10;10;3;1;1;1;2;3;0.887;0.756543;0.02;0.58;8.66
2026-07-21T23:47:28;VisA/candle;B;dino;dino_imgmax_mad1.5;audit_recapture;0.3;1;10;10;3;1;1;1;2;3;0.8806;0.762319;0.02;0.56;9.65
2026-07-21T23:47:35;VisA/candle;B;dino;;oracle_remove;0.3;1;10;10;3;3;3;;;;0.9002;0.772229;0.02;0.62;6.92
2026-07-21T23:47:42;VisA/candle;B;dino;dino_imgmax_mad1.5;base_knn;0.3;1;10;10;3;3;0;;;;0.8572;0.72401;0.0;0.52;6.88
2026-07-21T23:47:51;VisA/candle;B;dino;dino_imgmax_mad1.5;base_lof;0.3;1;10;10;3;0;0;;;;0.883;0.762228;0.02;0.58;9.52
2026-07-21T23:47:58;VisA/candle;B;dino;dino_imgmax_mad1.5;base_iforest;0.3;1;10;10;3;3;1;;;;0.8622;0.755142;0.04;0.5;6.85
2026-07-21T23:48:07;VisA/candle;B;dino;dino_imgmax_mad1.5;audit_remove;0.0;2;10;10;0;2;0;0;0;0;0.914;0.771525;0.02;0.42;7.66
2026-07-21T23:48:17;VisA/candle;B;dino;dino_imgmax_mad1.5;audit_recapture;0.0;2;10;10;0;2;0;0;0;0;0.9034;0.770745;0.04;0.56;9.52
2026-07-21T23:48:27;VisA/candle;B;dino;dino_imgmax_mad1.5;audit_remove;0.3;2;10;10;3;0;0;1;2;2;0.8774;0.732956;0.0;0.52;9.77
2026-07-21T23:48:37;VisA/candle;B;dino;dino_imgmax_mad1.5;audit_recapture;0.3;2;10;10;3;0;0;1;2;2;0.8774;0.732956;0.0;0.52;9.76
2026-07-21T23:48:44;VisA/candle;B;dino;;oracle_remove;0.3;2;10;10;3;3;3;;;;0.9078;0.768887;0.02;0.48;6.69
2026-07-21T23:48:53;VisA/candle;B;dino;dino_imgmax_mad1.5;base_knn;0.3;2;10;10;3;1;0;;;;0.8558;0.70669;0.0;0.42;8.7
2026-07-21T23:49:01;VisA/candle;B;dino;dino_imgmax_mad1.5;base_lof;0.3;2;10;10;3;1;0;;;;0.8558;0.70669;0.0;0.42;8.5
2026-07-21T23:49:11;VisA/candle;B;dino;dino_imgmax_mad1.5;base_iforest;0.3;2;10;10;3;0;0;;;;0.8774;0.732956;0.0;0.52;9.65
2026-07-21T23:49:21;VisA/candle;B;dino;dino_imgmax_mad1.5;audit_remove;0.0;3;10;10;0;0;0;0;0;0;0.8926;0.822656;0.18;0.7;9.5
2026-07-21T23:49:31;VisA/candle;B;dino;dino_imgmax_mad1.5;audit_recapture;0.0;3;10;10;0;0;0;0;0;0;0.8926;0.822656;0.18;0.7;9.58
2026-07-21T23:49:41;VisA/candle;B;dino;dino_imgmax_mad1.5;audit_remove;0.3;3;10;10;3;1;1;1;2;3;0.8858;0.811985;0.14;0.58;8.69
2026-07-21T23:49:50;VisA/candle;B;dino;dino_imgmax_mad1.5;audit_recapture;0.3;3;10;10;3;1;1;1;2;3;0.8946;0.818672;0.14;0.68;9.6
2026-07-21T23:49:57;VisA/candle;B;dino;;oracle_remove;0.3;3;10;10;3;3;3;;;;0.8962;0.814964;0.12;0.74;6.78
2026-07-21T23:50:05;VisA/candle;B;dino;dino_imgmax_mad1.5;base_knn;0.3;3;10;10;3;2;2;;;;0.8872;0.801822;0.1;0.64;7.76
2026-07-21T23:50:15;VisA/candle;B;dino;dino_imgmax_mad1.5;base_lof;0.3;3;10;10;3;0;0;;;;0.8874;0.806162;0.16;0.66;9.51
2026-07-21T23:50:22;VisA/candle;B;dino;dino_imgmax_mad1.5;base_iforest;0.3;3;10;10;3;2;1;;;;0.8748;0.787901;0.08;0.66;7.76
2026-07-21T23:50:30;VisA/candle;B;dino;dino_imgmax_mad1.5;audit_remove;0.0;4;10;10;0;3;0;0;0;0;0.9344;0.853748;0.12;0.68;6.94
2026-07-21T23:50:40;VisA/candle;B;dino;dino_imgmax_mad1.5;audit_recapture;0.0;4;10;10;0;3;0;0;0;0;0.9384;0.867695;0.14;0.72;9.59
2026-07-21T23:50:47;VisA/candle;B;dino;dino_imgmax_mad1.5;audit_remove;0.3;4;10;10;3;4;3;1;2;3;0.9216;0.84747;0.2;0.66;5.93
2026-07-21T23:50:57;VisA/candle;B;dino;dino_imgmax_mad1.5;audit_recapture;0.3;4;10;10;3;4;3;1;2;3;0.9272;0.860893;0.18;0.7;9.62
2026-07-21T23:51:03;VisA/candle;B;dino;;oracle_remove;0.3;4;10;10;3;3;3;;;;0.9072;0.830246;0.18;0.66;6.86
2026-07-21T23:51:13;VisA/candle;B;dino;dino_imgmax_mad1.5;base_knn;0.3;4;10;10;3;0;0;;;;0.881;0.800693;0.12;0.52;9.55
2026-07-21T23:51:22;VisA/candle;B;dino;dino_imgmax_mad1.5;base_lof;0.3;4;10;10;3;1;0;;;;0.8776;0.794333;0.12;0.5;8.69
2026-07-21T23:51:31;VisA/candle;B;dino;dino_imgmax_mad1.5;base_iforest;0.3;4;10;10;3;1;1;;;;0.8912;0.816841;0.14;0.58;8.61
2026-07-21T23:51:33;VisA/candle;B;clip;dino_imgmax_mad1.5;audit_remove;0.3;0;10;10;3;0;0;;;;0.8094;0.737248;0.4;0.48;1.13
2026-07-21T23:51:34;VisA/candle;B;clip;;oracle_remove;0.3;0;10;10;3;3;3;;;;0.813;0.734815;0.18;0.46;0.84
2026-07-21T23:51:35;VisA/candle;B;clip;dino_imgmax_mad1.5;audit_remove;0.3;1;10;10;3;1;1;;;;0.843;0.764668;0.32;0.48;1.06
2026-07-21T23:51:36;VisA/candle;B;clip;;oracle_remove;0.3;1;10;10;3;3;3;;;;0.884;0.820398;0.34;0.52;0.82
2026-07-21T23:51:37;VisA/candle;B;clip;dino_imgmax_mad1.5;audit_remove;0.3;2;10;10;3;0;0;;;;0.7924;0.678457;0.18;0.3;1.15
2026-07-21T23:51:38;VisA/candle;B;clip;;oracle_remove;0.3;2;10;10;3;3;3;;;;0.8228;0.738564;0.2;0.34;0.8
2026-07-21T23:51:39;VisA/candle;B;clip;dino_imgmax_mad1.5;audit_remove;0.3;3;10;10;3;1;1;;;;0.851;0.784927;0.34;0.44;1.03
2026-07-21T23:51:40;VisA/candle;B;clip;;oracle_remove;0.3;3;10;10;3;3;3;;;;0.871;0.808378;0.4;0.5;0.8
2026-07-21T23:51:41;VisA/candle;B;clip;dino_imgmax_mad1.5;audit_remove;0.3;4;10;10;3;4;3;;;;0.871;0.803414;0.3;0.66;0.72
2026-07-21T23:51:42;VisA/candle;B;clip;;oracle_remove;0.3;4;10;10;3;3;3;;;;0.874;0.803778;0.28;0.6;0.77
2026-07-21T23:52:04;VisA/candle;B;dinov2;dino_imgmax_mad1.5;audit_remove;0.3;0;10;10;3;0;0;;;;0.8884;0.778306;0.12;0.5;16.42
2026-07-21T23:52:15;VisA/candle;B;dinov2;;oracle_remove;0.3;0;10;10;3;3;3;;;;0.8984;0.773097;0.06;0.62;11.52
2026-07-21T23:52:30;VisA/candle;B;dinov2;dino_imgmax_mad1.5;audit_remove;0.3;1;10;10;3;1;1;;;;0.8948;0.737947;0.0;0.4;14.54
2026-07-21T23:52:42;VisA/candle;B;dinov2;;oracle_remove;0.3;1;10;10;3;3;3;;;;0.9082;0.763182;0.02;0.46;11.55
2026-07-21T23:52:58;VisA/candle;B;dinov2;dino_imgmax_mad1.5;audit_remove;0.3;2;10;10;3;0;0;;;;0.8776;0.715849;0.0;0.44;16.29
2026-07-21T23:53:10;VisA/candle;B;dinov2;;oracle_remove;0.3;2;10;10;3;3;3;;;;0.892;0.727095;0.0;0.44;11.58
2026-07-21T23:53:24;VisA/candle;B;dinov2;dino_imgmax_mad1.5;audit_remove;0.3;3;10;10;3;1;1;;;;0.8958;0.751707;0.04;0.46;14.92
2026-07-21T23:53:36;VisA/candle;B;dinov2;;oracle_remove;0.3;3;10;10;3;3;3;;;;0.8932;0.758375;0.08;0.44;11.54
2026-07-21T23:53:46;VisA/candle;B;dinov2;dino_imgmax_mad1.5;audit_remove;0.3;4;10;10;3;4;3;;;;0.9136;0.774882;0.0;0.44;9.83
2026-07-21T23:53:58;VisA/candle;B;dinov2;;oracle_remove;0.3;4;10;10;3;3;3;;;;0.9076;0.772552;0.0;0.42;11.65
2026-07-21T23:54:13;VisA/capsules;B;dino;dino_imgmax_mad1.5;audit_remove;0.0;0;10;10;0;0;0;0;0;0;0.877333;0.846195;0.1;0.68;7.0
2026-07-21T23:54:20;VisA/capsules;B;dino;dino_imgmax_mad1.5;audit_recapture;0.0;0;10;10;0;0;0;0;0;0;0.877333;0.846195;0.1;0.68;6.93
2026-07-21T23:54:27;VisA/capsules;B;dino;dino_imgmax_mad1.5;audit_remove;0.3;0;10;10;3;1;1;1;2;3;0.837333;0.809032;0.08;0.56;6.23
2026-07-21T23:54:34;VisA/capsules;B;dino;dino_imgmax_mad1.5;audit_recapture;0.3;0;10;10;3;1;1;1;2;3;0.829;0.799617;0.06;0.52;6.79
2026-07-21T23:54:39;VisA/capsules;B;dino;;oracle_remove;0.3;0;10;10;3;3;3;;;;0.866;0.837321;0.08;0.64;5.04
2026-07-21T23:54:45;VisA/capsules;B;dino;dino_imgmax_mad1.5;base_knn;0.3;0;10;10;3;2;2;;;;0.842333;0.822267;0.08;0.6;5.75
2026-07-21T23:54:51;VisA/capsules;B;dino;dino_imgmax_mad1.5;base_lof;0.3;0;10;10;3;2;2;;;;0.842333;0.822267;0.08;0.6;5.56
2026-07-21T23:54:56;VisA/capsules;B;dino;dino_imgmax_mad1.5;base_iforest;0.3;0;10;10;3;2;2;;;;0.842333;0.822267;0.08;0.6;5.65
2026-07-21T23:55:04;VisA/capsules;B;dino;dino_imgmax_mad1.5;audit_remove;0.0;1;10;10;0;1;0;0;0;0;0.917667;0.849869;0.06;0.48;6.35
2026-07-21T23:55:11;VisA/capsules;B;dino;dino_imgmax_mad1.5;audit_recapture;0.0;1;10;10;0;1;0;0;0;0;0.917667;0.854167;0.08;0.58;6.91
2026-07-21T23:55:17;VisA/capsules;B;dino;dino_imgmax_mad1.5;audit_remove;0.3;1;10;10;3;3;3;1;2;3;0.919333;0.851316;0.08;0.58;5.09
2026-07-21T23:55:24;VisA/capsules;B;dino;dino_imgmax_mad1.5;audit_recapture;0.3;1;10;10;3;3;3;1;2;3;0.916;0.856365;0.12;0.54;6.95
2026-07-21T23:55:29;VisA/capsules;B;dino;;oracle_remove;0.3;1;10;10;3;3;3;;;;0.919333;0.851316;0.08;0.58;5.06
2026-07-21T23:55:35;VisA/capsules;B;dino;dino_imgmax_mad1.5;base_knn;0.3;1;10;10;3;2;1;;;;0.879333;0.840824;0.12;0.62;5.61
2026-07-21T23:55:40;VisA/capsules;B;dino;dino_imgmax_mad1.5;base_lof;0.3;1;10;10;3;2;1;;;;0.879333;0.840824;0.12;0.62;5.62
2026-07-21T23:55:47;VisA/capsules;B;dino;dino_imgmax_mad1.5;base_iforest;0.3;1;10;10;3;1;0;;;;0.879667;0.843221;0.08;0.66;6.21
2026-07-21T23:55:53;VisA/capsules;B;dino;dino_imgmax_mad1.5;audit_remove;0.0;2;10;10;0;3;0;0;0;0;0.836333;0.793253;0.12;0.46;5.06
2026-07-21T23:56:00;VisA/capsules;B;dino;dino_imgmax_mad1.5;audit_recapture;0.0;2;10;10;0;3;0;0;0;0;0.891;0.831969;0.1;0.48;7.24
2026-07-21T23:56:06;VisA/capsules;B;dino;dino_imgmax_mad1.5;audit_remove;0.3;2;10;10;3;3;3;1;2;3;0.875;0.816522;0.08;0.48;5.07
2026-07-21T23:56:13;VisA/capsules;B;dino;dino_imgmax_mad1.5;audit_recapture;0.3;2;10;10;3;3;3;1;2;3;0.905;0.853784;0.08;0.52;6.95
2026-07-21T23:56:18;VisA/capsules;B;dino;;oracle_remove;0.3;2;10;10;3;3;3;;;;0.875;0.816522;0.08;0.48;5.04
2026-07-21T23:56:25;VisA/capsules;B;dino;dino_imgmax_mad1.5;base_knn;0.3;2;10;10;3;1;1;;;;0.876333;0.814759;0.1;0.44;6.5
2026-07-21T23:56:30;VisA/capsules;B;dino;dino_imgmax_mad1.5;base_lof;0.3;2;10;10;3;2;1;;;;0.887;0.815479;0.1;0.38;5.66
2026-07-21T23:56:37;VisA/capsules;B;dino;dino_imgmax_mad1.5;base_iforest;0.3;2;10;10;3;1;0;;;;0.881667;0.820311;0.1;0.46;6.32
2026-07-21T23:56:44;VisA/capsules;B;dino;dino_imgmax_mad1.5;audit_remove;0.0;3;10;10;0;1;0;0;0;0;0.886333;0.835609;0.04;0.62;6.3
2026-07-21T23:56:51;VisA/capsules;B;dino;dino_imgmax_mad1.5;audit_recapture;0.0;3;10;10;0;1;0;0;0;0;0.884667;0.835363;0.06;0.6;6.98
2026-07-21T23:56:58;VisA/capsules;B;dino;dino_imgmax_mad1.5;audit_remove;0.3;3;10;10;3;1;1;1;2;2;0.830667;0.796664;0.04;0.52;6.26
2026-07-21T23:57:05;VisA/capsules;B;dino;dino_imgmax_mad1.5;audit_recapture;0.3;3;10;10;3;1;1;1;2;2;0.822333;0.785733;0.04;0.58;7.18
2026-07-21T23:57:11;VisA/capsules;B;dino;;oracle_remove;0.3;3;10;10;3;3;3;;;;0.892667;0.84395;0.04;0.62;5.14
2026-07-21T23:57:16;VisA/capsules;B;dino;dino_imgmax_mad1.5;base_knn;0.3;3;10;10;3;2;1;;;;0.805333;0.77586;0.04;0.52;5.73
2026-07-21T23:57:22;VisA/capsules;B;dino;dino_imgmax_mad1.5;base_lof;0.3;3;10;10;3;2;1;;;;0.805333;0.77586;0.04;0.52;5.64
2026-07-21T23:57:29;VisA/capsules;B;dino;dino_imgmax_mad1.5;base_iforest;0.3;3;10;10;3;0;0;;;;0.816;0.787696;0.02;0.5;7.05
2026-07-21T23:57:37;VisA/capsules;B;dino;dino_imgmax_mad1.5;audit_remove;0.0;4;10;10;0;0;0;0;0;0;0.828667;0.798941;0.06;0.52;7.02
2026-07-21T23:57:44;VisA/capsules;B;dino;dino_imgmax_mad1.5;audit_recapture;0.0;4;10;10;0;0;0;0;0;0;0.828667;0.798941;0.06;0.52;6.96
2026-07-21T23:57:52;VisA/capsules;B;dino;dino_imgmax_mad1.5;audit_remove;0.3;4;10;10;3;0;0;1;2;3;0.826;0.788082;0.04;0.5;7.05
2026-07-21T23:57:59;VisA/capsules;B;dino;dino_imgmax_mad1.5;audit_recapture;0.3;4;10;10;3;0;0;1;2;3;0.826;0.788082;0.04;0.5;7.19
2026-07-21T23:58:04;VisA/capsules;B;dino;;oracle_remove;0.3;4;10;10;3;3;3;;;;0.817333;0.797701;0.08;0.58;4.98
2026-07-21T23:58:11;VisA/capsules;B;dino;dino_imgmax_mad1.5;base_knn;0.3;4;10;10;3;1;1;;;;0.821667;0.796068;0.04;0.6;6.41
2026-07-21T23:58:18;VisA/capsules;B;dino;dino_imgmax_mad1.5;base_lof;0.3;4;10;10;3;0;0;;;;0.826;0.788082;0.04;0.5;7.01
2026-07-21T23:58:24;VisA/capsules;B;dino;dino_imgmax_mad1.5;base_iforest;0.3;4;10;10;3;1;1;;;;0.821667;0.796068;0.04;0.6;6.23
2026-07-21T23:58:26;VisA/capsules;B;clip;dino_imgmax_mad1.5;audit_remove;0.3;0;10;10;3;1;1;;;;0.742667;0.725358;0.16;0.32;0.78
2026-07-21T23:58:26;VisA/capsules;B;clip;;oracle_remove;0.3;0;10;10;3;3;3;;;;0.751;0.727617;0.16;0.28;0.55
2026-07-21T23:58:27;VisA/capsules;B;clip;dino_imgmax_mad1.5;audit_remove;0.3;1;10;10;3;3;3;;;;0.786667;0.741656;0.14;0.28;0.6
2026-07-21T23:58:28;VisA/capsules;B;clip;;oracle_remove;0.3;1;10;10;3;3;3;;;;0.786667;0.741656;0.14;0.28;0.54
2026-07-21T23:58:28;VisA/capsules;B;clip;dino_imgmax_mad1.5;audit_remove;0.3;2;10;10;3;3;3;;;;0.739667;0.690598;0.12;0.18;0.6
2026-07-21T23:58:29;VisA/capsules;B;clip;;oracle_remove;0.3;2;10;10;3;3;3;;;;0.739667;0.690598;0.12;0.18;0.57
2026-07-21T23:58:30;VisA/capsules;B;clip;dino_imgmax_mad1.5;audit_remove;0.3;3;10;10;3;1;1;;;;0.714333;0.662567;0.08;0.2;0.87
2026-07-21T23:58:30;VisA/capsules;B;clip;;oracle_remove;0.3;3;10;10;3;3;3;;;;0.719333;0.674322;0.08;0.16;0.57
2026-07-21T23:58:31;VisA/capsules;B;clip;dino_imgmax_mad1.5;audit_remove;0.3;4;10;10;3;0;0;;;;0.679;0.634063;0.08;0.14;0.88
2026-07-21T23:58:32;VisA/capsules;B;clip;;oracle_remove;0.3;4;10;10;3;3;3;;;;0.712333;0.667771;0.12;0.14;0.61
2026-07-21T23:58:47;VisA/capsules;B;dinov2;dino_imgmax_mad1.5;audit_remove;0.3;0;10;10;3;1;1;;;;0.807333;0.775874;0.06;0.48;10.85
2026-07-21T23:58:55;VisA/capsules;B;dinov2;;oracle_remove;0.3;0;10;10;3;3;3;;;;0.834667;0.798688;0.08;0.56;8.36
2026-07-21T23:59:03;VisA/capsules;B;dinov2;dino_imgmax_mad1.5;audit_remove;0.3;1;10;10;3;3;3;;;;0.911;0.851579;0.1;0.6;8.41
2026-07-21T23:59:12;VisA/capsules;B;dinov2;;oracle_remove;0.3;1;10;10;3;3;3;;;;0.911;0.851579;0.1;0.6;8.45
2026-07-21T23:59:20;VisA/capsules;B;dinov2;dino_imgmax_mad1.5;audit_remove;0.3;2;10;10;3;3;3;;;;0.848;0.831116;0.14;0.56;8.46
2026-07-21T23:59:29;VisA/capsules;B;dinov2;;oracle_remove;0.3;2;10;10;3;3;3;;;;0.848;0.831116;0.14;0.56;8.36
2026-07-21T23:59:40;VisA/capsules;B;dinov2;dino_imgmax_mad1.5;audit_remove;0.3;3;10;10;3;1;1;;;;0.816333;0.780151;0.06;0.46;10.79
2026-07-21T23:59:48;VisA/capsules;B;dinov2;;oracle_remove;0.3;3;10;10;3;3;3;;;;0.887;0.834727;0.06;0.5;8.39
2026-07-22T00:00:00;VisA/capsules;B;dinov2;dino_imgmax_mad1.5;audit_remove;0.3;4;10;10;3;0;0;;;;0.807333;0.78258;0.06;0.52;11.94
2026-07-22T00:00:09;VisA/capsules;B;dinov2;;oracle_remove;0.3;4;10;10;3;3;3;;;;0.806333;0.787722;0.08;0.52;8.71
2026-07-22T00:00:23;VisA/cashew;B;dino;dino_imgmax_mad1.5;audit_remove;0.0;0;10;10;0;2;0;0;0;0;0.9148;0.90765;0.34;0.62;5.66
2026-07-22T00:00:30;VisA/cashew;B;dino;dino_imgmax_mad1.5;audit_recapture;0.0;0;10;10;0;2;0;0;0;0;0.922;0.915257;0.34;0.62;6.62
2026-07-22T00:00:39;VisA/cashew;B;dino;dino_imgmax_mad1.5;audit_remove;0.3;0;10;10;3;1;1;1;2;2;0.8616;0.869453;0.24;0.6;7.91
2026-07-22T00:00:45;VisA/cashew;B;dino;dino_imgmax_mad1.5;audit_recapture;0.3;0;10;10;3;1;1;1;2;2;0.8788;0.877987;0.24;0.6;6.55
2026-07-22T00:00:50;VisA/cashew;B;dino;;oracle_remove;0.3;0;10;10;3;3;3;;;;0.8884;0.891614;0.34;0.6;4.49
2026-07-22T00:00:54;VisA/cashew;B;dino;dino_imgmax_mad1.5;base_knn;0.3;0;10;10;3;4;3;;;;0.8872;0.88218;0.26;0.54;3.97
2026-07-22T00:00:58;VisA/cashew;B;dino;dino_imgmax_mad1.5;base_lof;0.3;0;10;10;3;4;3;;;;0.8872;0.88218;0.26;0.54;3.92
2026-07-22T00:01:03;VisA/cashew;B;dino;dino_imgmax_mad1.5;base_iforest;0.3;0;10;10;3;1;0;;;;0.852;0.854965;0.18;0.46;5.57
2026-07-22T00:01:11;VisA/cashew;B;dino;dino_imgmax_mad1.5;audit_remove;0.0;1;10;10;0;0;0;0;0;0;0.918;0.909535;0.32;0.64;6.25
2026-07-22T00:01:17;VisA/cashew;B;dino;dino_imgmax_mad1.5;audit_recapture;0.0;1;10;10;0;0;0;0;0;0;0.918;0.909535;0.32;0.64;6.43
2026-07-22T00:01:24;VisA/cashew;B;dino;dino_imgmax_mad1.5;audit_remove;0.3;1;10;10;3;1;1;1;2;2;0.888;0.881695;0.26;0.54;5.74
2026-07-22T00:01:30;VisA/cashew;B;dino;dino_imgmax_mad1.5;audit_recapture;0.3;1;10;10;3;1;1;1;2;2;0.9052;0.892847;0.24;0.56;6.42
2026-07-22T00:01:35;VisA/cashew;B;dino;;oracle_remove;0.3;1;10;10;3;3;3;;;;0.9052;0.900145;0.28;0.56;4.52
2026-07-22T00:01:40;VisA/cashew;B;dino;dino_imgmax_mad1.5;base_knn;0.3;1;10;10;3;2;1;;;;0.892;0.885655;0.28;0.56;5.2
2026-07-22T00:01:45;VisA/cashew;B;dino;dino_imgmax_mad1.5;base_lof;0.3;1;10;10;3;2;1;;;;0.892;0.885655;0.28;0.56;5.14
2026-07-22T00:01:51;VisA/cashew;B;dino;dino_imgmax_mad1.5;base_iforest;0.3;1;10;10;3;2;1;;;;0.892;0.885655;0.28;0.56;5.36
2026-07-22T00:01:58;VisA/cashew;B;dino;dino_imgmax_mad1.5;audit_remove;0.0;2;10;10;0;0;0;0;0;0;0.922;0.911326;0.32;0.64;6.29
2026-07-22T00:02:04;VisA/cashew;B;dino;dino_imgmax_mad1.5;audit_recapture;0.0;2;10;10;0;0;0;0;0;0;0.922;0.911326;0.32;0.64;6.4
2026-07-22T00:02:11;VisA/cashew;B;dino;dino_imgmax_mad1.5;audit_remove;0.3;2;10;10;3;2;2;1;2;3;0.9144;0.907834;0.4;0.54;5.15
2026-07-22T00:02:17;VisA/cashew;B;dino;dino_imgmax_mad1.5;audit_recapture;0.3;2;10;10;3;2;2;1;2;3;0.908;0.903756;0.38;0.54;6.44
2026-07-22T00:02:22;VisA/cashew;B;dino;;oracle_remove;0.3;2;10;10;3;3;3;;;;0.9232;0.919791;0.42;0.56;4.51
2026-07-22T00:02:27;VisA/cashew;B;dino;dino_imgmax_mad1.5;base_knn;0.3;2;10;10;3;2;2;;;;0.9164;0.910503;0.36;0.52;5.07
2026-07-22T00:02:31;VisA/cashew;B;dino;dino_imgmax_mad1.5;base_lof;0.3;2;10;10;3;3;3;;;;0.9232;0.919791;0.42;0.56;4.53
2026-07-22T00:02:37;VisA/cashew;B;dino;dino_imgmax_mad1.5;base_iforest;0.3;2;10;10;3;2;2;;;;0.9164;0.910503;0.36;0.52;5.23
2026-07-22T00:02:42;VisA/cashew;B;dino;dino_imgmax_mad1.5;audit_remove;0.0;3;10;10;0;3;0;0;0;0;0.9116;0.904151;0.28;0.64;4.64
2026-07-22T00:02:49;VisA/cashew;B;dino;dino_imgmax_mad1.5;audit_recapture;0.0;3;10;10;0;3;0;0;0;0;0.9;0.893801;0.32;0.48;6.44
2026-07-22T00:02:55;VisA/cashew;B;dino;dino_imgmax_mad1.5;audit_remove;0.3;3;10;10;3;1;1;1;2;2;0.8904;0.884275;0.26;0.5;5.71
2026-07-22T00:03:02;VisA/cashew;B;dino;dino_imgmax_mad1.5;audit_recapture;0.3;3;10;10;3;1;1;1;2;2;0.8936;0.884973;0.24;0.5;6.36
2026-07-22T00:03:06;VisA/cashew;B;dino;;oracle_remove;0.3;3;10;10;3;3;3;;;;0.9008;0.892901;0.28;0.52;4.56
2026-07-22T00:03:13;VisA/cashew;B;dino;dino_imgmax_mad1.5;base_knn;0.3;3;10;10;3;0;0;;;;0.8848;0.873353;0.26;0.5;6.2
2026-07-22T00:03:19;VisA/cashew;B;dino;dino_imgmax_mad1.5;base_lof;0.3;3;10;10;3;0;0;;;;0.8848;0.873353;0.26;0.5;6.35
2026-07-22T00:03:25;VisA/cashew;B;dino;dino_imgmax_mad1.5;base_iforest;0.3;3;10;10;3;1;1;;;;0.8888;0.881989;0.26;0.54;5.64
2026-07-22T00:03:31;VisA/cashew;B;dino;dino_imgmax_mad1.5;audit_remove;0.0;4;10;10;0;2;0;0;0;0;0.9352;0.921114;0.3;0.62;5.06
2026-07-22T00:03:37;VisA/cashew;B;dino;dino_imgmax_mad1.5;audit_recapture;0.0;4;10;10;0;2;0;0;0;0;0.934;0.919787;0.28;0.62;6.28
2026-07-22T00:03:45;VisA/cashew;B;dino;dino_imgmax_mad1.5;audit_remove;0.3;4;10;10;3;0;0;1;1;2;0.9088;0.891276;0.2;0.56;6.66
2026-07-22T00:03:51;VisA/cashew;B;dino;dino_imgmax_mad1.5;audit_recapture;0.3;4;10;10;3;0;0;1;1;2;0.9088;0.891276;0.2;0.56;6.3
2026-07-22T00:03:55;VisA/cashew;B;dino;;oracle_remove;0.3;4;10;10;3;3;3;;;;0.92;0.907071;0.26;0.62;4.54
2026-07-22T00:04:01;VisA/cashew;B;dino;dino_imgmax_mad1.5;base_knn;0.3;4;10;10;3;1;1;;;;0.904;0.896776;0.2;0.56;5.71
2026-07-22T00:04:06;VisA/cashew;B;dino;dino_imgmax_mad1.5;base_lof;0.3;4;10;10;3;2;1;;;;0.9032;0.880658;0.2;0.54;5.03
2026-07-22T00:04:11;VisA/cashew;B;dino;dino_imgmax_mad1.5;base_iforest;0.3;4;10;10;3;2;1;;;;0.9032;0.880658;0.2;0.54;5.01
2026-07-22T00:04:13;VisA/cashew;B;clip;dino_imgmax_mad1.5;audit_remove;0.3;0;10;10;3;1;1;;;;0.8488;0.859432;0.26;0.52;0.71
2026-07-22T00:04:14;VisA/cashew;B;clip;;oracle_remove;0.3;0;10;10;3;3;3;;;;0.856;0.871942;0.38;0.52;0.52
2026-07-22T00:04:14;VisA/cashew;B;clip;dino_imgmax_mad1.5;audit_remove;0.3;1;10;10;3;1;1;;;;0.9088;0.912038;0.4;0.66;0.71
2026-07-22T00:04:15;VisA/cashew;B;clip;;oracle_remove;0.3;1;10;10;3;3;3;;;;0.9264;0.929556;0.54;0.64;0.53
2026-07-22T00:04:15;VisA/cashew;B;clip;dino_imgmax_mad1.5;audit_remove;0.3;2;10;10;3;2;2;;;;0.908;0.903441;0.24;0.76;0.64
2026-07-22T00:04:16;VisA/cashew;B;clip;;oracle_remove;0.3;2;10;10;3;3;3;;;;0.9164;0.90553;0.26;0.66;0.52
2026-07-22T00:04:17;VisA/cashew;B;clip;dino_imgmax_mad1.5;audit_remove;0.3;3;10;10;3;1;1;;;;0.8876;0.889573;0.24;0.64;0.67
2026-07-22T00:04:17;VisA/cashew;B;clip;;oracle_remove;0.3;3;10;10;3;3;3;;;;0.8896;0.890632;0.24;0.56;0.5
2026-07-22T00:04:18;VisA/cashew;B;clip;dino_imgmax_mad1.5;audit_remove;0.3;4;10;10;3;0;0;;;;0.8264;0.843094;0.2;0.58;0.77
2026-07-22T00:04:18;VisA/cashew;B;clip;;oracle_remove;0.3;4;10;10;3;3;3;;;;0.846;0.862949;0.22;0.62;0.51
2026-07-22T00:04:32;VisA/cashew;B;dinov2;dino_imgmax_mad1.5;audit_remove;0.3;0;10;10;3;1;1;;;;0.8664;0.859178;0.18;0.46;9.84
2026-07-22T00:04:39;VisA/cashew;B;dinov2;;oracle_remove;0.3;0;10;10;3;3;3;;;;0.888;0.887563;0.3;0.62;7.59
2026-07-22T00:04:49;VisA/cashew;B;dinov2;dino_imgmax_mad1.5;audit_remove;0.3;1;10;10;3;1;1;;;;0.842;0.820528;0.08;0.48;9.86
2026-07-22T00:04:57;VisA/cashew;B;dinov2;;oracle_remove;0.3;1;10;10;3;3;3;;;;0.876;0.851149;0.14;0.52;7.65
2026-07-22T00:05:06;VisA/cashew;B;dinov2;dino_imgmax_mad1.5;audit_remove;0.3;2;10;10;3;2;2;;;;0.9124;0.9085;0.36;0.62;8.8
2026-07-22T00:05:13;VisA/cashew;B;dinov2;;oracle_remove;0.3;2;10;10;3;3;3;;;;0.9288;0.923914;0.42;0.58;7.56
2026-07-22T00:05:23;VisA/cashew;B;dinov2;dino_imgmax_mad1.5;audit_remove;0.3;3;10;10;3;1;1;;;;0.8784;0.874686;0.24;0.56;9.61
2026-07-22T00:05:31;VisA/cashew;B;dinov2;;oracle_remove;0.3;3;10;10;3;3;3;;;;0.8996;0.894508;0.3;0.64;7.55
2026-07-22T00:05:41;VisA/cashew;B;dinov2;dino_imgmax_mad1.5;audit_remove;0.3;4;10;10;3;0;0;;;;0.844;0.831605;0.2;0.38;10.6
2026-07-22T00:05:49;VisA/cashew;B;dinov2;;oracle_remove;0.3;4;10;10;3;3;3;;;;0.8792;0.865539;0.26;0.44;7.69
2026-07-22T00:06:03;VisA/chewinggum;B;dino;dino_imgmax_mad1.5;audit_remove;0.0;0;10;10;0;2;0;0;0;0;0.9584;0.960477;0.6;0.82;5.29
2026-07-22T00:06:09;VisA/chewinggum;B;dino;dino_imgmax_mad1.5;audit_recapture;0.0;0;10;10;0;2;0;0;0;0;0.966;0.966818;0.56;0.84;6.42
2026-07-22T00:06:15;VisA/chewinggum;B;dino;dino_imgmax_mad1.5;audit_remove;0.3;0;10;10;3;3;3;1;2;3;0.9556;0.957045;0.56;0.8;4.58
2026-07-22T00:06:21;VisA/chewinggum;B;dino;dino_imgmax_mad1.5;audit_recapture;0.3;0;10;10;3;3;3;1;2;3;0.9536;0.955625;0.54;0.82;6.39
2026-07-22T00:06:26;VisA/chewinggum;B;dino;;oracle_remove;0.3;0;10;10;3;3;3;;;;0.9556;0.957045;0.56;0.8;4.56
2026-07-22T00:06:32;VisA/chewinggum;B;dino;dino_imgmax_mad1.5;base_knn;0.3;0;10;10;3;1;1;;;;0.95;0.951779;0.54;0.78;5.7
2026-07-22T00:06:37;VisA/chewinggum;B;dino;dino_imgmax_mad1.5;base_lof;0.3;0;10;10;3;2;2;;;;0.9524;0.953577;0.56;0.78;5.12
2026-07-22T00:06:42;VisA/chewinggum;B;dino;dino_imgmax_mad1.5;base_iforest;0.3;0;10;10;3;2;1;;;;0.9492;0.951228;0.54;0.78;5.01
2026-07-22T00:06:49;VisA/chewinggum;B;dino;dino_imgmax_mad1.5;audit_remove;0.0;1;10;10;0;1;0;0;0;0;0.9712;0.970313;0.6;0.82;5.83
2026-07-22T00:06:55;VisA/chewinggum;B;dino;dino_imgmax_mad1.5;audit_recapture;0.0;1;10;10;0;1;0;0;0;0;0.97;0.969004;0.6;0.82;6.44
2026-07-22T00:07:03;VisA/chewinggum;B;dino;dino_imgmax_mad1.5;audit_remove;0.3;1;10;10;3;0;0;1;2;3;0.9572;0.956803;0.58;0.78;6.53
2026-07-22T00:07:09;VisA/chewinggum;B;dino;dino_imgmax_mad1.5;audit_recapture;0.3;1;10;10;3;0;0;1;2;3;0.9572;0.956803;0.58;0.78;6.36
2026-07-22T00:07:14;VisA/chewinggum;B;dino;;oracle_remove;0.3;1;10;10;3;3;3;;;;0.9624;0.962441;0.58;0.78;4.56
2026-07-22T00:07:20;VisA/chewinggum;B;dino;dino_imgmax_mad1.5;base_knn;0.3;1;10;10;3;0;0;;;;0.9572;0.956803;0.58;0.78;6.44
2026-07-22T00:07:25;VisA/chewinggum;B;dino;dino_imgmax_mad1.5;base_lof;0.3;1;10;10;3;2;0;;;;0.9488;0.951738;0.6;0.76;5.18
2026-07-22T00:07:31;VisA/chewinggum;B;dino;dino_imgmax_mad1.5;base_iforest;0.3;1;10;10;3;1;0;;;;0.9524;0.953589;0.6;0.78;5.6
2026-07-22T00:07:38;VisA/chewinggum;B;dino;dino_imgmax_mad1.5;audit_remove;0.0;2;10;10;0;0;0;0;0;0;0.9504;0.950735;0.46;0.82;6.17
2026-07-22T00:07:45;VisA/chewinggum;B;dino;dino_imgmax_mad1.5;audit_recapture;0.0;2;10;10;0;0;0;0;0;0;0.9504;0.950735;0.46;0.82;6.28
2026-07-22T00:07:52;VisA/chewinggum;B;dino;dino_imgmax_mad1.5;audit_remove;0.3;2;10;10;3;0;0;1;2;3;0.9496;0.947025;0.42;0.8;6.62
2026-07-22T00:07:59;VisA/chewinggum;B;dino;dino_imgmax_mad1.5;audit_recapture;0.3;2;10;10;3;0;0;1;2;3;0.9496;0.947025;0.42;0.8;6.61
2026-07-22T00:08:03;VisA/chewinggum;B;dino;;oracle_remove;0.3;2;10;10;3;3;3;;;;0.9564;0.954783;0.48;0.88;4.57
2026-07-22T00:08:10;VisA/chewinggum;B;dino;dino_imgmax_mad1.5;base_knn;0.3;2;10;10;3;0;0;;;;0.9496;0.947025;0.42;0.8;6.4
2026-07-22T00:08:16;VisA/chewinggum;B;dino;dino_imgmax_mad1.5;base_lof;0.3;2;10;10;3;0;0;;;;0.9496;0.947025;0.42;0.8;6.38
2026-07-22T00:08:21;VisA/chewinggum;B;dino;dino_imgmax_mad1.5;base_iforest;0.3;2;10;10;3;2;1;;;;0.9472;0.946413;0.46;0.78;5.2
2026-07-22T00:08:29;VisA/chewinggum;B;dino;dino_imgmax_mad1.5;audit_remove;0.0;3;10;10;0;0;0;0;0;0;0.9676;0.964929;0.54;0.74;6.42
2026-07-22T00:08:36;VisA/chewinggum;B;dino;dino_imgmax_mad1.5;audit_recapture;0.0;3;10;10;0;0;0;0;0;0;0.9676;0.964929;0.54;0.74;6.57
2026-07-22T00:08:42;VisA/chewinggum;B;dino;dino_imgmax_mad1.5;audit_remove;0.3;3;10;10;3;1;1;1;2;3;0.9684;0.965676;0.56;0.78;5.71
2026-07-22T00:08:49;VisA/chewinggum;B;dino;dino_imgmax_mad1.5;audit_recapture;0.3;3;10;10;3;1;1;1;2;3;0.9688;0.966754;0.56;0.8;6.4
2026-07-22T00:08:53;VisA/chewinggum;B;dino;;oracle_remove;0.3;3;10;10;3;3;3;;;;0.9656;0.962942;0.56;0.74;4.64
2026-07-22T00:08:58;VisA/chewinggum;B;dino;dino_imgmax_mad1.5;base_knn;0.3;3;10;10;3;3;2;;;;0.96;0.957643;0.54;0.72;4.48
2026-07-22T00:09:02;VisA/chewinggum;B;dino;dino_imgmax_mad1.5;base_lof;0.3;3;10;10;3;3;2;;;;0.96;0.957643;0.54;0.72;4.51
2026-07-22T00:09:07;VisA/chewinggum;B;dino;dino_imgmax_mad1.5;base_iforest;0.3;3;10;10;3;3;2;;;;0.96;0.957643;0.54;0.72;4.57
2026-07-22T00:09:14;VisA/chewinggum;B;dino;dino_imgmax_mad1.5;audit_remove;0.0;4;10;10;0;1;0;0;0;0;0.9464;0.956305;0.6;0.86;5.75
2026-07-22T00:09:20;VisA/chewinggum;B;dino;dino_imgmax_mad1.5;audit_recapture;0.0;4;10;10;0;1;0;0;0;0;0.9436;0.954731;0.64;0.86;6.38
2026-07-22T00:09:27;VisA/chewinggum;B;dino;dino_imgmax_mad1.5;audit_remove;0.3;4;10;10;3;1;1;1;2;3;0.9364;0.946659;0.56;0.86;5.89
2026-07-22T00:09:33;VisA/chewinggum;B;dino;dino_imgmax_mad1.5;audit_recapture;0.3;4;10;10;3;1;1;1;2;3;0.93;0.943847;0.56;0.84;6.38
2026-07-22T00:09:38;VisA/chewinggum;B;dino;;oracle_remove;0.3;4;10;10;3;3;3;;;;0.9436;0.953818;0.6;0.84;4.5
2026-07-22T00:09:42;VisA/chewinggum;B;dino;dino_imgmax_mad1.5;base_knn;0.3;4;10;10;3;4;3;;;;0.9432;0.952113;0.56;0.82;3.92
2026-07-22T00:09:46;VisA/chewinggum;B;dino;dino_imgmax_mad1.5;base_lof;0.3;4;10;10;3;4;3;;;;0.9432;0.952113;0.56;0.82;4.0
2026-07-22T00:09:53;VisA/chewinggum;B;dino;dino_imgmax_mad1.5;base_iforest;0.3;4;10;10;3;0;0;;;;0.9232;0.937064;0.56;0.82;6.57
2026-07-22T00:09:54;VisA/chewinggum;B;clip;dino_imgmax_mad1.5;audit_remove;0.3;0;10;10;3;3;3;;;;0.9648;0.969518;0.72;0.88;0.6
2026-07-22T00:09:55;VisA/chewinggum;B;clip;;oracle_remove;0.3;0;10;10;3;3;3;;;;0.9648;0.969518;0.72;0.88;0.54
2026-07-22T00:09:55;VisA/chewinggum;B;clip;dino_imgmax_mad1.5;audit_remove;0.3;1;10;10;3;0;0;;;;0.96;0.970256;0.82;0.88;0.78
2026-07-22T00:09:56;VisA/chewinggum;B;clip;;oracle_remove;0.3;1;10;10;3;3;3;;;;0.9756;0.978796;0.86;0.88;0.52
2026-07-22T00:09:57;VisA/chewinggum;B;clip;dino_imgmax_mad1.5;audit_remove;0.3;2;10;10;3;0;0;;;;0.9664;0.970423;0.76;0.82;0.86
2026-07-22T00:09:57;VisA/chewinggum;B;clip;;oracle_remove;0.3;2;10;10;3;3;3;;;;0.9716;0.975994;0.76;0.9;0.6
2026-07-22T00:09:58;VisA/chewinggum;B;clip;dino_imgmax_mad1.5;audit_remove;0.3;3;10;10;3;1;1;;;;0.964;0.965904;0.62;0.8;0.68
2026-07-22T00:09:59;VisA/chewinggum;B;clip;;oracle_remove;0.3;3;10;10;3;3;3;;;;0.9604;0.962173;0.64;0.78;0.59
2026-07-22T00:09:59;VisA/chewinggum;B;clip;dino_imgmax_mad1.5;audit_remove;0.3;4;10;10;3;1;1;;;;0.9584;0.965774;0.72;0.88;0.62
2026-07-22T00:10:00;VisA/chewinggum;B;clip;;oracle_remove;0.3;4;10;10;3;3;3;;;;0.9716;0.974749;0.8;0.88;0.56
2026-07-22T00:10:11;VisA/chewinggum;B;dinov2;dino_imgmax_mad1.5;audit_remove;0.3;0;10;10;3;3;3;;;;0.9492;0.951426;0.52;0.72;7.52
2026-07-22T00:10:19;VisA/chewinggum;B;dinov2;;oracle_remove;0.3;0;10;10;3;3;3;;;;0.9492;0.951426;0.52;0.72;7.78
2026-07-22T00:10:29;VisA/chewinggum;B;dinov2;dino_imgmax_mad1.5;audit_remove;0.3;1;10;10;3;0;0;;;;0.9392;0.944533;0.6;0.7;10.69
2026-07-22T00:10:37;VisA/chewinggum;B;dinov2;;oracle_remove;0.3;1;10;10;3;3;3;;;;0.9428;0.951273;0.68;0.74;7.81
2026-07-22T00:10:48;VisA/chewinggum;B;dinov2;dino_imgmax_mad1.5;audit_remove;0.3;2;10;10;3;0;0;;;;0.9284;0.918215;0.38;0.52;10.73
2026-07-22T00:10:56;VisA/chewinggum;B;dinov2;;oracle_remove;0.3;2;10;10;3;3;3;;;;0.9488;0.945768;0.5;0.68;7.8
2026-07-22T00:11:06;VisA/chewinggum;B;dinov2;dino_imgmax_mad1.5;audit_remove;0.3;3;10;10;3;1;1;;;;0.9484;0.945748;0.52;0.68;10.17
2026-07-22T00:11:14;VisA/chewinggum;B;dinov2;;oracle_remove;0.3;3;10;10;3;3;3;;;;0.9544;0.951606;0.54;0.66;7.73
2026-07-22T00:11:24;VisA/chewinggum;B;dinov2;dino_imgmax_mad1.5;audit_remove;0.3;4;10;10;3;1;1;;;;0.9184;0.918554;0.38;0.68;9.87
2026-07-22T00:11:31;VisA/chewinggum;B;dinov2;;oracle_remove;0.3;4;10;10;3;3;3;;;;0.9304;0.940921;0.58;0.74;7.55
2026-07-22T00:11:46;VisA/fryum;B;dino;dino_imgmax_mad1.5;audit_remove;0.0;0;10;10;0;2;0;0;0;0;0.866;0.890032;0.54;0.56;5.57
2026-07-22T00:11:52;VisA/fryum;B;dino;dino_imgmax_mad1.5;audit_recapture;0.0;0;10;10;0;2;0;0;0;0;0.8848;0.902906;0.52;0.62;6.39
2026-07-22T00:11:59;VisA/fryum;B;dino;dino_imgmax_mad1.5;audit_remove;0.3;0;10;10;3;2;2;1;2;3;0.8456;0.878774;0.52;0.58;5.57
2026-07-22T00:12:06;VisA/fryum;B;dino;dino_imgmax_mad1.5;audit_recapture;0.3;0;10;10;3;2;2;1;2;3;0.8592;0.888255;0.58;0.62;6.68
2026-07-22T00:12:10;VisA/fryum;B;dino;;oracle_remove;0.3;0;10;10;3;3;3;;;;0.8396;0.87416;0.52;0.6;4.79
2026-07-22T00:12:16;VisA/fryum;B;dino;dino_imgmax_mad1.5;base_knn;0.3;0;10;10;3;2;0;;;;0.8536;0.881982;0.54;0.58;5.34
2026-07-22T00:12:21;VisA/fryum;B;dino;dino_imgmax_mad1.5;base_lof;0.3;0;10;10;3;2;0;;;;0.8536;0.881982;0.54;0.58;5.29
2026-07-22T00:12:27;VisA/fryum;B;dino;dino_imgmax_mad1.5;base_iforest;0.3;0;10;10;3;2;0;;;;0.8536;0.881982;0.54;0.58;5.51
2026-07-22T00:12:35;VisA/fryum;B;dino;dino_imgmax_mad1.5;audit_remove;0.0;1;10;10;0;0;0;0;0;0;0.8776;0.909405;0.52;0.74;6.78
2026-07-22T00:12:41;VisA/fryum;B;dino;dino_imgmax_mad1.5;audit_recapture;0.0;1;10;10;0;0;0;0;0;0;0.8776;0.909405;0.52;0.74;6.71
2026-07-22T00:12:48;VisA/fryum;B;dino;dino_imgmax_mad1.5;audit_remove;0.3;1;10;10;3;2;2;1;2;3;0.8728;0.906106;0.54;0.68;5.4
2026-07-22T00:12:55;VisA/fryum;B;dino;dino_imgmax_mad1.5;audit_recapture;0.3;1;10;10;3;2;2;1;2;3;0.87;0.902112;0.5;0.66;6.87
2026-07-22T00:12:59;VisA/fryum;B;dino;;oracle_remove;0.3;1;10;10;3;3;3;;;;0.8836;0.91501;0.6;0.7;4.89
2026-07-22T00:13:05;VisA/fryum;B;dino;dino_imgmax_mad1.5;base_knn;0.3;1;10;10;3;2;1;;;;0.872;0.900438;0.5;0.7;5.27
2026-07-22T00:13:10;VisA/fryum;B;dino;dino_imgmax_mad1.5;base_lof;0.3;1;10;10;3;2;1;;;;0.872;0.900438;0.5;0.7;5.25
2026-07-22T00:13:15;VisA/fryum;B;dino;dino_imgmax_mad1.5;base_iforest;0.3;1;10;10;3;2;1;;;;0.872;0.900438;0.5;0.7;5.17
2026-07-22T00:13:22;VisA/fryum;B;dino;dino_imgmax_mad1.5;audit_remove;0.0;2;10;10;0;2;0;0;0;0;0.8232;0.85582;0.4;0.56;5.21
2026-07-22T00:13:28;VisA/fryum;B;dino;dino_imgmax_mad1.5;audit_recapture;0.0;2;10;10;0;2;0;0;0;0;0.8508;0.885108;0.46;0.66;6.37
2026-07-22T00:13:34;VisA/fryum;B;dino;dino_imgmax_mad1.5;audit_remove;0.3;2;10;10;3;3;3;1;2;3;0.81;0.854241;0.46;0.56;4.67
2026-07-22T00:13:40;VisA/fryum;B;dino;dino_imgmax_mad1.5;audit_recapture;0.3;2;10;10;3;3;3;1;2;3;0.8468;0.884823;0.48;0.66;6.51
2026-07-22T00:13:45;VisA/fryum;B;dino;;oracle_remove;0.3;2;10;10;3;3;3;;;;0.81;0.854241;0.46;0.56;4.59
2026-07-22T00:13:50;VisA/fryum;B;dino;dino_imgmax_mad1.5;base_knn;0.3;2;10;10;3;2;1;;;;0.7968;0.84863;0.42;0.54;4.98
2026-07-22T00:13:55;VisA/fryum;B;dino;dino_imgmax_mad1.5;base_lof;0.3;2;10;10;3;2;1;;;;0.7968;0.84863;0.42;0.54;5.25
2026-07-22T00:14:01;VisA/fryum;B;dino;dino_imgmax_mad1.5;base_iforest;0.3;2;10;10;3;2;1;;;;0.7976;0.849284;0.5;0.54;5.12
2026-07-22T00:14:08;VisA/fryum;B;dino;dino_imgmax_mad1.5;audit_remove;0.0;3;10;10;0;1;0;0;0;0;0.8668;0.896025;0.48;0.54;5.84
2026-07-22T00:14:14;VisA/fryum;B;dino;dino_imgmax_mad1.5;audit_recapture;0.0;3;10;10;0;1;0;0;0;0;0.8632;0.889853;0.48;0.56;6.32
2026-07-22T00:14:21;VisA/fryum;B;dino;dino_imgmax_mad1.5;audit_remove;0.3;3;10;10;3;1;1;1;2;3;0.8608;0.88838;0.44;0.58;5.7
2026-07-22T00:14:28;VisA/fryum;B;dino;dino_imgmax_mad1.5;audit_recapture;0.3;3;10;10;3;1;1;1;2;3;0.866;0.893141;0.44;0.62;6.44
2026-07-22T00:14:32;VisA/fryum;B;dino;;oracle_remove;0.3;3;10;10;3;3;3;;;;0.8628;0.889805;0.44;0.58;4.57
2026-07-22T00:14:38;VisA/fryum;B;dino;dino_imgmax_mad1.5;base_knn;0.3;3;10;10;3;1;0;;;;0.8516;0.882854;0.5;0.56;5.88
2026-07-22T00:14:44;VisA/fryum;B;dino;dino_imgmax_mad1.5;base_lof;0.3;3;10;10;3;2;1;;;;0.8492;0.879923;0.44;0.54;5.27
2026-07-22T00:14:48;VisA/fryum;B;dino;dino_imgmax_mad1.5;base_iforest;0.3;3;10;10;3;3;2;;;;0.8528;0.88409;0.46;0.56;4.63
2026-07-22T00:14:55;VisA/fryum;B;dino;dino_imgmax_mad1.5;audit_remove;0.0;4;10;10;0;1;0;0;0;0;0.8576;0.890721;0.52;0.62;5.73
2026-07-22T00:15:01;VisA/fryum;B;dino;dino_imgmax_mad1.5;audit_recapture;0.0;4;10;10;0;1;0;0;0;0;0.8616;0.89288;0.52;0.62;6.58
2026-07-22T00:15:08;VisA/fryum;B;dino;dino_imgmax_mad1.5;audit_remove;0.3;4;10;10;3;1;1;1;2;3;0.8492;0.887606;0.54;0.58;5.81
2026-07-22T00:15:15;VisA/fryum;B;dino;dino_imgmax_mad1.5;audit_recapture;0.3;4;10;10;3;1;1;1;2;3;0.85;0.886432;0.56;0.58;6.67
2026-07-22T00:15:20;VisA/fryum;B;dino;;oracle_remove;0.3;4;10;10;3;3;3;;;;0.8588;0.890366;0.44;0.7;4.59
2026-07-22T00:15:26;VisA/fryum;B;dino;dino_imgmax_mad1.5;base_knn;0.3;4;10;10;3;0;0;;;;0.8512;0.88836;0.56;0.58;6.5
2026-07-22T00:15:33;VisA/fryum;B;dino;dino_imgmax_mad1.5;base_lof;0.3;4;10;10;3;0;0;;;;0.8512;0.88836;0.56;0.58;6.5
2026-07-22T00:15:39;VisA/fryum;B;dino;dino_imgmax_mad1.5;base_iforest;0.3;4;10;10;3;0;0;;;;0.8512;0.88836;0.56;0.58;6.58
2026-07-22T00:15:41;VisA/fryum;B;clip;dino_imgmax_mad1.5;audit_remove;0.3;0;10;10;3;2;2;;;;0.9208;0.940806;0.66;0.82;0.61
2026-07-22T00:15:42;VisA/fryum;B;clip;;oracle_remove;0.3;0;10;10;3;3;3;;;;0.9232;0.943166;0.68;0.82;0.59
2026-07-22T00:15:42;VisA/fryum;B;clip;dino_imgmax_mad1.5;audit_remove;0.3;1;10;10;3;2;2;;;;0.8812;0.902481;0.46;0.68;0.67
2026-07-22T00:15:43;VisA/fryum;B;clip;;oracle_remove;0.3;1;10;10;3;3;3;;;;0.8864;0.90679;0.46;0.7;0.57
2026-07-22T00:15:43;VisA/fryum;B;clip;dino_imgmax_mad1.5;audit_remove;0.3;2;10;10;3;3;3;;;;0.9204;0.933639;0.52;0.76;0.61
2026-07-22T00:15:44;VisA/fryum;B;clip;;oracle_remove;0.3;2;10;10;3;3;3;;;;0.9204;0.933639;0.52;0.76;0.54
2026-07-22T00:15:45;VisA/fryum;B;clip;dino_imgmax_mad1.5;audit_remove;0.3;3;10;10;3;1;1;;;;0.9104;0.9301;0.58;0.7;0.7
2026-07-22T00:15:45;VisA/fryum;B;clip;;oracle_remove;0.3;3;10;10;3;3;3;;;;0.9268;0.944603;0.6;0.8;0.53
2026-07-22T00:15:46;VisA/fryum;B;clip;dino_imgmax_mad1.5;audit_remove;0.3;4;10;10;3;1;1;;;;0.8488;0.895877;0.56;0.68;0.78
2026-07-22T00:15:47;VisA/fryum;B;clip;;oracle_remove;0.3;4;10;10;3;3;3;;;;0.8584;0.901313;0.62;0.7;0.52
2026-07-22T00:15:59;VisA/fryum;B;dinov2;dino_imgmax_mad1.5;audit_remove;0.3;0;10;10;3;2;2;;;;0.8308;0.864036;0.46;0.48;8.65
2026-07-22T00:16:07;VisA/fryum;B;dinov2;;oracle_remove;0.3;0;10;10;3;3;3;;;;0.8412;0.872699;0.48;0.56;7.96
2026-07-22T00:16:16;VisA/fryum;B;dinov2;dino_imgmax_mad1.5;audit_remove;0.3;1;10;10;3;2;2;;;;0.7968;0.819055;0.18;0.46;8.76
2026-07-22T00:16:23;VisA/fryum;B;dinov2;;oracle_remove;0.3;1;10;10;3;3;3;;;;0.8292;0.838008;0.2;0.52;7.54
2026-07-22T00:16:31;VisA/fryum;B;dinov2;dino_imgmax_mad1.5;audit_remove;0.3;2;10;10;3;3;3;;;;0.818;0.812984;0.18;0.4;7.79
2026-07-22T00:16:38;VisA/fryum;B;dinov2;;oracle_remove;0.3;2;10;10;3;3;3;;;;0.818;0.812984;0.18;0.4;7.54
2026-07-22T00:16:48;VisA/fryum;B;dinov2;dino_imgmax_mad1.5;audit_remove;0.3;3;10;10;3;1;1;;;;0.8184;0.831807;0.26;0.4;9.71
2026-07-22T00:16:56;VisA/fryum;B;dinov2;;oracle_remove;0.3;3;10;10;3;3;3;;;;0.8472;0.85568;0.28;0.42;7.85
2026-07-22T00:17:06;VisA/fryum;B;dinov2;dino_imgmax_mad1.5;audit_remove;0.3;4;10;10;3;1;1;;;;0.8368;0.837697;0.18;0.5;9.86
2026-07-22T00:17:14;VisA/fryum;B;dinov2;;oracle_remove;0.3;4;10;10;3;3;3;;;;0.8584;0.85223;0.22;0.5;7.7
2026-07-22T00:17:34;VisA/macaroni1;B;dino;dino_imgmax_mad1.5;audit_remove;0.0;0;10;10;0;0;0;0;0;0;0.7086;0.611181;0.18;0.3;9.75
2026-07-22T00:17:44;VisA/macaroni1;B;dino;dino_imgmax_mad1.5;audit_recapture;0.0;0;10;10;0;0;0;0;0;0;0.7086;0.611181;0.18;0.3;10.04
2026-07-22T00:17:54;VisA/macaroni1;B;dino;dino_imgmax_mad1.5;audit_remove;0.3;0;10;10;3;1;1;1;2;3;0.6754;0.564093;0.16;0.22;8.68
2026-07-22T00:18:04;VisA/macaroni1;B;dino;dino_imgmax_mad1.5;audit_recapture;0.3;0;10;10;3;1;1;1;2;3;0.6928;0.580148;0.16;0.2;9.86
2026-07-22T00:18:11;VisA/macaroni1;B;dino;;oracle_remove;0.3;0;10;10;3;3;3;;;;0.7014;0.605333;0.16;0.32;7.08
2026-07-22T00:18:21;VisA/macaroni1;B;dino;dino_imgmax_mad1.5;base_knn;0.3;0;10;10;3;0;0;;;;0.6618;0.545072;0.14;0.22;9.94
2026-07-22T00:18:30;VisA/macaroni1;B;dino;dino_imgmax_mad1.5;base_lof;0.3;0;10;10;3;1;1;;;;0.6768;0.56074;0.14;0.22;8.83
2026-07-22T00:18:39;VisA/macaroni1;B;dino;dino_imgmax_mad1.5;base_iforest;0.3;0;10;10;3;0;0;;;;0.6618;0.545072;0.14;0.22;9.22
2026-07-22T00:18:48;VisA/macaroni1;B;dino;dino_imgmax_mad1.5;audit_remove;0.0;1;10;10;0;2;0;0;0;0;0.7724;0.693749;0.2;0.48;7.83
2026-07-22T00:18:58;VisA/macaroni1;B;dino;dino_imgmax_mad1.5;audit_recapture;0.0;1;10;10;0;2;0;0;0;0;0.7714;0.692811;0.18;0.42;9.88
2026-07-22T00:19:06;VisA/macaroni1;B;dino;dino_imgmax_mad1.5;audit_remove;0.3;1;10;10;3;3;3;1;2;3;0.7516;0.678308;0.18;0.44;7.03
2026-07-22T00:19:16;VisA/macaroni1;B;dino;dino_imgmax_mad1.5;audit_recapture;0.3;1;10;10;3;3;3;1;2;3;0.7654;0.682041;0.18;0.4;9.76
2026-07-22T00:19:23;VisA/macaroni1;B;dino;;oracle_remove;0.3;1;10;10;3;3;3;;;;0.7516;0.678308;0.18;0.44;6.98
2026-07-22T00:19:33;VisA/macaroni1;B;dino;dino_imgmax_mad1.5;base_knn;0.3;1;10;10;3;0;0;;;;0.724;0.643655;0.12;0.4;9.67
2026-07-22T00:19:40;VisA/macaroni1;B;dino;dino_imgmax_mad1.5;base_lof;0.3;1;10;10;3;2;0;;;;0.7092;0.627376;0.14;0.36;7.65
2026-07-22T00:19:49;VisA/macaroni1;B;dino;dino_imgmax_mad1.5;base_iforest;0.3;1;10;10;3;1;0;;;;0.713;0.637441;0.14;0.38;8.45
2026-07-22T00:19:59;VisA/macaroni1;B;dino;dino_imgmax_mad1.5;audit_remove;0.0;2;10;10;0;0;0;0;0;0;0.7364;0.638953;0.16;0.34;9.37
2026-07-22T00:20:09;VisA/macaroni1;B;dino;dino_imgmax_mad1.5;audit_recapture;0.0;2;10;10;0;0;0;0;0;0;0.7364;0.638953;0.16;0.34;9.69
2026-07-22T00:20:18;VisA/macaroni1;B;dino;dino_imgmax_mad1.5;audit_remove;0.3;2;10;10;3;2;2;1;2;3;0.6686;0.555776;0.12;0.24;7.64
2026-07-22T00:20:27;VisA/macaroni1;B;dino;dino_imgmax_mad1.5;audit_recapture;0.3;2;10;10;3;2;2;1;2;3;0.677;0.571469;0.1;0.28;9.5
2026-07-22T00:20:34;VisA/macaroni1;B;dino;;oracle_remove;0.3;2;10;10;3;3;3;;;;0.6932;0.57809;0.16;0.18;6.95
2026-07-22T00:20:42;VisA/macaroni1;B;dino;dino_imgmax_mad1.5;base_knn;0.3;2;10;10;3;2;1;;;;0.6838;0.56026;0.14;0.22;7.57
2026-07-22T00:20:50;VisA/macaroni1;B;dino;dino_imgmax_mad1.5;base_lof;0.3;2;10;10;3;2;1;;;;0.6838;0.56026;0.14;0.22;7.7
2026-07-22T00:20:58;VisA/macaroni1;B;dino;dino_imgmax_mad1.5;base_iforest;0.3;2;10;10;3;1;1;;;;0.6884;0.567633;0.14;0.28;8.51
2026-07-22T00:21:09;VisA/macaroni1;B;dino;dino_imgmax_mad1.5;audit_remove;0.0;3;10;10;0;0;0;0;0;0;0.7544;0.677045;0.2;0.38;9.37
2026-07-22T00:21:18;VisA/macaroni1;B;dino;dino_imgmax_mad1.5;audit_recapture;0.0;3;10;10;0;0;0;0;0;0;0.7544;0.677045;0.2;0.38;9.85
2026-07-22T00:21:28;VisA/macaroni1;B;dino;dino_imgmax_mad1.5;audit_remove;0.3;3;10;10;3;1;1;1;1;2;0.6884;0.561605;0.14;0.22;8.49
2026-07-22T00:21:38;VisA/macaroni1;B;dino;dino_imgmax_mad1.5;audit_recapture;0.3;3;10;10;3;1;1;1;1;2;0.697;0.583956;0.1;0.26;9.58
2026-07-22T00:21:44;VisA/macaroni1;B;dino;;oracle_remove;0.3;3;10;10;3;3;3;;;;0.712;0.633691;0.22;0.34;6.7
2026-07-22T00:21:53;VisA/macaroni1;B;dino;dino_imgmax_mad1.5;base_knn;0.3;3;10;10;3;1;0;;;;0.6578;0.524049;0.1;0.2;8.31
2026-07-22T00:22:01;VisA/macaroni1;B;dino;dino_imgmax_mad1.5;base_lof;0.3;3;10;10;3;1;0;;;;0.6578;0.524049;0.1;0.2;8.43
2026-07-22T00:22:10;VisA/macaroni1;B;dino;dino_imgmax_mad1.5;base_iforest;0.3;3;10;10;3;1;0;;;;0.6578;0.524049;0.1;0.2;8.38
2026-07-22T00:22:19;VisA/macaroni1;B;dino;dino_imgmax_mad1.5;audit_remove;0.0;4;10;10;0;1;0;0;0;0;0.7506;0.627335;0.1;0.28;8.62
2026-07-22T00:22:29;VisA/macaroni1;B;dino;dino_imgmax_mad1.5;audit_recapture;0.0;4;10;10;0;1;0;0;0;0;0.7558;0.625778;0.1;0.28;9.57
2026-07-22T00:22:37;VisA/macaroni1;B;dino;dino_imgmax_mad1.5;audit_remove;0.3;4;10;10;3;3;3;1;2;3;0.7372;0.624196;0.16;0.34;6.9
2026-07-22T00:22:46;VisA/macaroni1;B;dino;dino_imgmax_mad1.5;audit_recapture;0.3;4;10;10;3;3;3;1;2;3;0.7498;0.631242;0.1;0.28;9.62
2026-07-22T00:22:53;VisA/macaroni1;B;dino;;oracle_remove;0.3;4;10;10;3;3;3;;;;0.7372;0.624196;0.16;0.34;6.8
2026-07-22T00:23:03;VisA/macaroni1;B;dino;dino_imgmax_mad1.5;base_knn;0.3;4;10;10;3;0;0;;;;0.6822;0.550985;0.08;0.18;9.41
2026-07-22T00:23:10;VisA/macaroni1;B;dino;dino_imgmax_mad1.5;base_lof;0.3;4;10;10;3;2;0;;;;0.657;0.519728;0.14;0.14;7.75
2026-07-22T00:23:20;VisA/macaroni1;B;dino;dino_imgmax_mad1.5;base_iforest;0.3;4;10;10;3;0;0;;;;0.6822;0.550985;0.08;0.18;9.55
2026-07-22T00:23:23;VisA/macaroni1;B;clip;dino_imgmax_mad1.5;audit_remove;0.3;0;10;10;3;1;1;;;;0.7446;0.626835;0.1;0.26;1.09
2026-07-22T00:23:23;VisA/macaroni1;B;clip;;oracle_remove;0.3;0;10;10;3;3;3;;;;0.774;0.664541;0.12;0.36;0.77
2026-07-22T00:23:24;VisA/macaroni1;B;clip;dino_imgmax_mad1.5;audit_remove;0.3;1;10;10;3;3;3;;;;0.7806;0.710492;0.26;0.44;0.81
2026-07-22T00:23:25;VisA/macaroni1;B;clip;;oracle_remove;0.3;1;10;10;3;3;3;;;;0.7806;0.710492;0.26;0.44;0.83
2026-07-22T00:23:26;VisA/macaroni1;B;clip;dino_imgmax_mad1.5;audit_remove;0.3;2;10;10;3;2;2;;;;0.7704;0.626956;0.1;0.24;0.93
2026-07-22T00:23:27;VisA/macaroni1;B;clip;;oracle_remove;0.3;2;10;10;3;3;3;;;;0.767;0.615069;0.14;0.18;0.77
2026-07-22T00:23:28;VisA/macaroni1;B;clip;dino_imgmax_mad1.5;audit_remove;0.3;3;10;10;3;1;1;;;;0.7848;0.654906;0.24;0.26;1.07
2026-07-22T00:23:29;VisA/macaroni1;B;clip;;oracle_remove;0.3;3;10;10;3;3;3;;;;0.797;0.661682;0.18;0.34;0.79
2026-07-22T00:23:30;VisA/macaroni1;B;clip;dino_imgmax_mad1.5;audit_remove;0.3;4;10;10;3;3;3;;;;0.8;0.70549;0.2;0.34;0.85
2026-07-22T00:23:30;VisA/macaroni1;B;clip;;oracle_remove;0.3;4;10;10;3;3;3;;;;0.8;0.70549;0.2;0.34;0.76
2026-07-22T00:23:51;VisA/macaroni1;B;dinov2;dino_imgmax_mad1.5;audit_remove;0.3;0;10;10;3;1;1;;;;0.6554;0.526868;0.06;0.16;14.69
2026-07-22T00:24:02;VisA/macaroni1;B;dinov2;;oracle_remove;0.3;0;10;10;3;3;3;;;;0.6964;0.57483;0.1;0.22;11.32
2026-07-22T00:24:14;VisA/macaroni1;B;dinov2;dino_imgmax_mad1.5;audit_remove;0.3;1;10;10;3;3;3;;;;0.7738;0.645716;0.14;0.36;11.39
2026-07-22T00:24:25;VisA/macaroni1;B;dinov2;;oracle_remove;0.3;1;10;10;3;3;3;;;;0.7738;0.645716;0.14;0.36;11.48
2026-07-22T00:24:38;VisA/macaroni1;B;dinov2;dino_imgmax_mad1.5;audit_remove;0.3;2;10;10;3;2;2;;;;0.6752;0.572161;0.08;0.28;13.06
2026-07-22T00:24:50;VisA/macaroni1;B;dinov2;;oracle_remove;0.3;2;10;10;3;3;3;;;;0.741;0.64285;0.14;0.38;11.74
2026-07-22T00:25:06;VisA/macaroni1;B;dinov2;dino_imgmax_mad1.5;audit_remove;0.3;3;10;10;3;1;1;;;;0.6884;0.545315;0.08;0.18;15.81
2026-07-22T00:25:17;VisA/macaroni1;B;dinov2;;oracle_remove;0.3;3;10;10;3;3;3;;;;0.7788;0.680745;0.24;0.38;11.34
2026-07-22T00:25:29;VisA/macaroni1;B;dinov2;dino_imgmax_mad1.5;audit_remove;0.3;4;10;10;3;3;3;;;;0.73;0.598949;0.1;0.28;11.31
2026-07-22T00:25:40;VisA/macaroni1;B;dinov2;;oracle_remove;0.3;4;10;10;3;3;3;;;;0.73;0.598949;0.1;0.28;11.49
2026-07-22T00:26:00;VisA/macaroni2;B;dino;dino_imgmax_mad1.5;audit_remove;0.0;0;10;10;0;1;0;0;0;0;0.6242;0.3993;0.0;0.04;8.64
2026-07-22T00:26:09;VisA/macaroni2;B;dino;dino_imgmax_mad1.5;audit_recapture;0.0;0;10;10;0;1;0;0;0;0;0.6188;0.386112;0.0;0.04;9.78
2026-07-22T00:26:17;VisA/macaroni2;B;dino;dino_imgmax_mad1.5;audit_remove;0.3;0;10;10;3;3;3;1;2;3;0.6752;0.479157;0.0;0.12;6.82
2026-07-22T00:26:27;VisA/macaroni2;B;dino;dino_imgmax_mad1.5;audit_recapture;0.3;0;10;10;3;3;3;1;2;3;0.6084;0.391506;0.0;0.02;9.7
2026-07-22T00:26:34;VisA/macaroni2;B;dino;;oracle_remove;0.3;0;10;10;3;3;3;;;;0.6752;0.479157;0.0;0.12;6.76
2026-07-22T00:26:43;VisA/macaroni2;B;dino;dino_imgmax_mad1.5;base_knn;0.3;0;10;10;3;0;0;;;;0.5734;0.373979;0.0;0.06;9.55
2026-07-22T00:26:52;VisA/macaroni2;B;dino;dino_imgmax_mad1.5;base_lof;0.3;0;10;10;3;1;0;;;;0.5226;0.344948;0.0;0.04;8.8
2026-07-22T00:27:01;VisA/macaroni2;B;dino;dino_imgmax_mad1.5;base_iforest;0.3;0;10;10;3;1;0;;;;0.5416;0.344241;0.0;0.0;8.49
2026-07-22T00:27:11;VisA/macaroni2;B;dino;dino_imgmax_mad1.5;audit_remove;0.0;1;10;10;0;0;0;0;0;0;0.5364;0.353255;0.02;0.02;9.68
2026-07-22T00:27:21;VisA/macaroni2;B;dino;dino_imgmax_mad1.5;audit_recapture;0.0;1;10;10;0;0;0;0;0;0;0.5364;0.353255;0.02;0.02;9.64
2026-07-22T00:27:31;VisA/macaroni2;B;dino;dino_imgmax_mad1.5;audit_remove;0.3;1;10;10;3;1;1;1;2;2;0.5;0.337865;0.02;0.02;8.62
2026-07-22T00:27:40;VisA/macaroni2;B;dino;dino_imgmax_mad1.5;audit_recapture;0.3;1;10;10;3;1;1;1;2;2;0.4958;0.33728;0.02;0.02;9.42
2026-07-22T00:27:47;VisA/macaroni2;B;dino;;oracle_remove;0.3;1;10;10;3;3;3;;;;0.532;0.355967;0.02;0.04;6.84
2026-07-22T00:27:57;VisA/macaroni2;B;dino;dino_imgmax_mad1.5;base_knn;0.3;1;10;10;3;0;0;;;;0.4656;0.320527;0.02;0.02;9.73
2026-07-22T00:28:06;VisA/macaroni2;B;dino;dino_imgmax_mad1.5;base_lof;0.3;1;10;10;3;0;0;;;;0.4656;0.320527;0.02;0.02;9.42
2026-07-22T00:28:16;VisA/macaroni2;B;dino;dino_imgmax_mad1.5;base_iforest;0.3;1;10;10;3;0;0;;;;0.4656;0.320527;0.02;0.02;9.61
2026-07-22T00:28:24;VisA/macaroni2;B;dino;dino_imgmax_mad1.5;audit_remove;0.0;2;10;10;0;3;0;0;0;0;0.6018;0.404435;0.02;0.04;6.84
2026-07-22T00:28:33;VisA/macaroni2;B;dino;dino_imgmax_mad1.5;audit_recapture;0.0;2;10;10;0;3;0;0;0;0;0.6708;0.461901;0.02;0.1;9.57
2026-07-22T00:28:42;VisA/macaroni2;B;dino;dino_imgmax_mad1.5;audit_remove;0.3;2;10;10;3;2;2;1;2;3;0.6046;0.403579;0.02;0.04;7.78
2026-07-22T00:28:52;VisA/macaroni2;B;dino;dino_imgmax_mad1.5;audit_recapture;0.3;2;10;10;3;2;2;1;2;3;0.627;0.429108;0.02;0.1;9.57
2026-07-22T00:28:59;VisA/macaroni2;B;dino;;oracle_remove;0.3;2;10;10;3;3;3;;;;0.6018;0.404435;0.02;0.04;6.94
2026-07-22T00:29:06;VisA/macaroni2;B;dino;dino_imgmax_mad1.5;base_knn;0.3;2;10;10;3;3;1;;;;0.5424;0.381996;0.02;0.04;6.95
2026-07-22T00:29:15;VisA/macaroni2;B;dino;dino_imgmax_mad1.5;base_lof;0.3;2;10;10;3;0;0;;;;0.5462;0.362951;0.02;0.04;9.45
2026-07-22T00:29:24;VisA/macaroni2;B;dino;dino_imgmax_mad1.5;base_iforest;0.3;2;10;10;3;1;1;;;;0.597;0.399398;0.02;0.02;8.71
2026-07-22T00:29:32;VisA/macaroni2;B;dino;dino_imgmax_mad1.5;audit_remove;0.0;3;10;10;0;2;0;0;0;0;0.533;0.330814;0.0;0.02;7.61
2026-07-22T00:29:42;VisA/macaroni2;B;dino;dino_imgmax_mad1.5;audit_recapture;0.0;3;10;10;0;2;0;0;0;0;0.5622;0.356761;0.0;0.02;9.5
2026-07-22T00:29:51;VisA/macaroni2;B;dino;dino_imgmax_mad1.5;audit_remove;0.3;3;10;10;3;1;1;1;1;2;0.5114;0.32899;0.0;0.02;8.44
2026-07-22T00:30:01;VisA/macaroni2;B;dino;dino_imgmax_mad1.5;audit_recapture;0.3;3;10;10;3;1;1;1;1;2;0.5278;0.338623;0.0;0.02;9.86
2026-07-22T00:30:08;VisA/macaroni2;B;dino;;oracle_remove;0.3;3;10;10;3;3;3;;;;0.5384;0.337867;0.0;0.0;6.96
2026-07-22T00:30:17;VisA/macaroni2;B;dino;dino_imgmax_mad1.5;base_knn;0.3;3;10;10;3;1;0;;;;0.5022;0.324558;0.0;0.02;8.69
2026-07-22T00:30:26;VisA/macaroni2;B;dino;dino_imgmax_mad1.5;base_lof;0.3;3;10;10;3;1;0;;;;0.5022;0.324558;0.0;0.02;9.1
2026-07-22T00:30:32;VisA/macaroni2;B;dino;dino_imgmax_mad1.5;base_iforest;0.3;3;10;10;3;4;0;;;;0.4206;0.286102;0.0;0.0;5.94
2026-07-22T00:30:42;VisA/macaroni2;B;dino;dino_imgmax_mad1.5;audit_remove;0.0;4;10;10;0;1;0;0;0;0;0.5088;0.320804;0.0;0.0;8.66
2026-07-22T00:30:52;VisA/macaroni2;B;dino;dino_imgmax_mad1.5;audit_recapture;0.0;4;10;10;0;1;0;0;0;0;0.5044;0.320145;0.0;0.06;9.68
2026-07-22T00:31:01;VisA/macaroni2;B;dino;dino_imgmax_mad1.5;audit_remove;0.3;4;10;10;3;1;1;1;2;2;0.5064;0.322794;0.0;0.0;8.69
2026-07-22T00:31:11;VisA/macaroni2;B;dino;dino_imgmax_mad1.5;audit_recapture;0.3;4;10;10;3;1;1;1;2;2;0.499;0.328457;0.0;0.02;9.81
2026-07-22T00:31:18;VisA/macaroni2;B;dino;;oracle_remove;0.3;4;10;10;3;3;3;;;;0.569;0.359962;0.0;0.04;6.89
2026-07-22T00:31:28;VisA/macaroni2;B;dino;dino_imgmax_mad1.5;base_knn;0.3;4;10;10;3;0;0;;;;0.4746;0.312044;0.0;0.0;9.67
2026-07-22T00:31:36;VisA/macaroni2;B;dino;dino_imgmax_mad1.5;base_lof;0.3;4;10;10;3;1;0;;;;0.4534;0.298134;0.0;0.02;8.61
2026-07-22T00:31:46;VisA/macaroni2;B;dino;dino_imgmax_mad1.5;base_iforest;0.3;4;10;10;3;0;0;;;;0.4746;0.312044;0.0;0.0;9.48
2026-07-22T00:31:48;VisA/macaroni2;B;clip;dino_imgmax_mad1.5;audit_remove;0.3;0;10;10;3;3;3;;;;0.5248;0.347292;0.0;0.02;0.79
2026-07-22T00:31:49;VisA/macaroni2;B;clip;;oracle_remove;0.3;0;10;10;3;3;3;;;;0.5248;0.347292;0.0;0.02;0.78
2026-07-22T00:31:50;VisA/macaroni2;B;clip;dino_imgmax_mad1.5;audit_remove;0.3;1;10;10;3;1;1;;;;0.535;0.359898;0.0;0.08;1.01
2026-07-22T00:31:51;VisA/macaroni2;B;clip;;oracle_remove;0.3;1;10;10;3;3;3;;;;0.5744;0.397285;0.04;0.08;0.84
2026-07-22T00:31:52;VisA/macaroni2;B;clip;dino_imgmax_mad1.5;audit_remove;0.3;2;10;10;3;2;2;;;;0.5326;0.338488;0.0;0.02;0.89
2026-07-22T00:31:53;VisA/macaroni2;B;clip;;oracle_remove;0.3;2;10;10;3;3;3;;;;0.541;0.343975;0.0;0.02;0.84
2026-07-22T00:31:54;VisA/macaroni2;B;clip;dino_imgmax_mad1.5;audit_remove;0.3;3;10;10;3;1;1;;;;0.5728;0.378113;0.0;0.0;0.97
2026-07-22T00:31:54;VisA/macaroni2;B;clip;;oracle_remove;0.3;3;10;10;3;3;3;;;;0.5854;0.383147;0.0;0.0;0.81
2026-07-22T00:31:56;VisA/macaroni2;B;clip;dino_imgmax_mad1.5;audit_remove;0.3;4;10;10;3;1;1;;;;0.4806;0.32024;0.0;0.02;1.08
2026-07-22T00:31:56;VisA/macaroni2;B;clip;;oracle_remove;0.3;4;10;10;3;3;3;;;;0.4948;0.333323;0.0;0.04;0.83
2026-07-22T00:32:14;VisA/macaroni2;B;dinov2;dino_imgmax_mad1.5;audit_remove;0.3;0;10;10;3;3;3;;;;0.705;0.529078;0.08;0.16;11.56
2026-07-22T00:32:26;VisA/macaroni2;B;dinov2;;oracle_remove;0.3;0;10;10;3;3;3;;;;0.705;0.529078;0.08;0.16;11.5
2026-07-22T00:32:40;VisA/macaroni2;B;dinov2;dino_imgmax_mad1.5;audit_remove;0.3;1;10;10;3;1;1;;;;0.6008;0.384814;0.0;0.04;14.77
2026-07-22T00:32:52;VisA/macaroni2;B;dinov2;;oracle_remove;0.3;1;10;10;3;3;3;;;;0.6424;0.434121;0.04;0.04;11.4
2026-07-22T00:33:05;VisA/macaroni2;B;dinov2;dino_imgmax_mad1.5;audit_remove;0.3;2;10;10;3;2;2;;;;0.6592;0.442965;0.02;0.04;12.92
2026-07-22T00:33:16;VisA/macaroni2;B;dinov2;;oracle_remove;0.3;2;10;10;3;3;3;;;;0.7076;0.484247;0.02;0.06;11.46
2026-07-22T00:33:31;VisA/macaroni2;B;dinov2;dino_imgmax_mad1.5;audit_remove;0.3;3;10;10;3;1;1;;;;0.586;0.377588;0.0;0.04;14.7
2026-07-22T00:33:42;VisA/macaroni2;B;dinov2;;oracle_remove;0.3;3;10;10;3;3;3;;;;0.6078;0.387112;0.0;0.06;11.49
2026-07-22T00:33:57;VisA/macaroni2;B;dinov2;dino_imgmax_mad1.5;audit_remove;0.3;4;10;10;3;1;1;;;;0.5834;0.378018;0.0;0.04;14.74
2026-07-22T00:34:09;VisA/macaroni2;B;dinov2;;oracle_remove;0.3;4;10;10;3;3;3;;;;0.6322;0.429618;0.02;0.02;11.4
2026-07-22T00:34:29;VisA/pcb1;B;dino;dino_imgmax_mad1.5;audit_remove;0.0;0;10;10;0;0;0;0;0;0;0.919;0.855203;0.42;0.62;9.6
2026-07-22T00:34:38;VisA/pcb1;B;dino;dino_imgmax_mad1.5;audit_recapture;0.0;0;10;10;0;0;0;0;0;0;0.919;0.855203;0.42;0.62;9.64
2026-07-22T00:34:49;VisA/pcb1;B;dino;dino_imgmax_mad1.5;audit_remove;0.3;0;10;10;3;0;0;1;2;3;0.9288;0.861086;0.4;0.52;9.43
2026-07-22T00:34:59;VisA/pcb1;B;dino;dino_imgmax_mad1.5;audit_recapture;0.3;0;10;10;3;0;0;1;2;3;0.9288;0.861086;0.4;0.52;9.66
2026-07-22T00:35:05;VisA/pcb1;B;dino;;oracle_remove;0.3;0;10;10;3;3;3;;;;0.9116;0.840332;0.36;0.62;6.89
2026-07-22T00:35:12;VisA/pcb1;B;dino;dino_imgmax_mad1.5;base_knn;0.3;0;10;10;3;3;3;;;;0.9116;0.840332;0.36;0.62;6.88
2026-07-22T00:35:19;VisA/pcb1;B;dino;dino_imgmax_mad1.5;base_lof;0.3;0;10;10;3;3;3;;;;0.9116;0.840332;0.36;0.62;6.81
2026-07-22T00:35:29;VisA/pcb1;B;dino;dino_imgmax_mad1.5;base_iforest;0.3;0;10;10;3;0;0;;;;0.9288;0.861086;0.4;0.52;9.58
2026-07-22T00:35:39;VisA/pcb1;B;dino;dino_imgmax_mad1.5;audit_remove;0.0;1;10;10;0;1;0;0;0;0;0.9526;0.909749;0.58;0.7;8.87
2026-07-22T00:35:48;VisA/pcb1;B;dino;dino_imgmax_mad1.5;audit_recapture;0.0;1;10;10;0;1;0;0;0;0;0.952;0.909307;0.58;0.66;9.67
2026-07-22T00:35:58;VisA/pcb1;B;dino;dino_imgmax_mad1.5;audit_remove;0.3;1;10;10;3;1;1;1;2;3;0.9602;0.914875;0.54;0.7;8.79
2026-07-22T00:36:08;VisA/pcb1;B;dino;dino_imgmax_mad1.5;audit_recapture;0.3;1;10;10;3;1;1;1;2;3;0.9596;0.913836;0.54;0.72;9.59
2026-07-22T00:36:15;VisA/pcb1;B;dino;;oracle_remove;0.3;1;10;10;3;3;3;;;;0.9454;0.899909;0.5;0.7;6.8
2026-07-22T00:36:24;VisA/pcb1;B;dino;dino_imgmax_mad1.5;base_knn;0.3;1;10;10;3;0;0;;;;0.9572;0.915803;0.54;0.82;9.55
2026-07-22T00:36:31;VisA/pcb1;B;dino;dino_imgmax_mad1.5;base_lof;0.3;1;10;10;3;3;0;;;;0.9408;0.895785;0.48;0.66;6.79
2026-07-22T00:36:40;VisA/pcb1;B;dino;dino_imgmax_mad1.5;base_iforest;0.3;1;10;10;3;1;1;;;;0.9602;0.914875;0.54;0.7;8.62
2026-07-22T00:36:49;VisA/pcb1;B;dino;dino_imgmax_mad1.5;audit_remove;0.0;2;10;10;0;2;0;0;0;0;0.9302;0.864394;0.32;0.66;7.85
2026-07-22T00:36:58;VisA/pcb1;B;dino;dino_imgmax_mad1.5;audit_recapture;0.0;2;10;10;0;2;0;0;0;0;0.9364;0.880195;0.46;0.62;9.41
2026-07-22T00:37:07;VisA/pcb1;B;dino;dino_imgmax_mad1.5;audit_remove;0.3;2;10;10;3;2;2;1;2;2;0.9268;0.847667;0.28;0.46;7.81
2026-07-22T00:37:16;VisA/pcb1;B;dino;dino_imgmax_mad1.5;audit_recapture;0.3;2;10;10;3;2;2;1;2;2;0.933;0.86688;0.38;0.54;9.38
2026-07-22T00:37:22;VisA/pcb1;B;dino;;oracle_remove;0.3;2;10;10;3;3;3;;;;0.9262;0.850372;0.28;0.6;5.56
2026-07-22T00:37:27;VisA/pcb1;B;dino;dino_imgmax_mad1.5;base_knn;0.3;2;10;10;3;3;3;;;;0.9262;0.850372;0.28;0.6;5.56
2026-07-22T00:37:34;VisA/pcb1;B;dino;dino_imgmax_mad1.5;base_lof;0.3;2;10;10;3;3;3;;;;0.9262;0.850372;0.28;0.6;6.75
2026-07-22T00:37:41;VisA/pcb1;B;dino;dino_imgmax_mad1.5;base_iforest;0.3;2;10;10;3;3;3;;;;0.9262;0.850372;0.28;0.6;6.85
2026-07-22T00:37:51;VisA/pcb1;B;dino;dino_imgmax_mad1.5;audit_remove;0.0;3;10;10;0;1;0;0;0;0;0.9472;0.895619;0.56;0.68;8.68
2026-07-22T00:38:00;VisA/pcb1;B;dino;dino_imgmax_mad1.5;audit_recapture;0.0;3;10;10;0;1;0;0;0;0;0.9516;0.908109;0.62;0.7;9.49
2026-07-22T00:38:07;VisA/pcb1;B;dino;dino_imgmax_mad1.5;audit_remove;0.3;3;10;10;3;4;3;1;2;3;0.9454;0.894473;0.48;0.7;5.89
2026-07-22T00:38:17;VisA/pcb1;B;dino;dino_imgmax_mad1.5;audit_recapture;0.3;3;10;10;3;4;3;1;2;3;0.9456;0.902756;0.56;0.74;9.44
2026-07-22T00:38:23;VisA/pcb1;B;dino;;oracle_remove;0.3;3;10;10;3;3;3;;;;0.9624;0.934026;0.54;0.82;6.76
2026-07-22T00:38:33;VisA/pcb1;B;dino;dino_imgmax_mad1.5;base_knn;0.3;3;10;10;3;0;0;;;;0.9476;0.900948;0.54;0.6;9.4
2026-07-22T00:38:42;VisA/pcb1;B;dino;dino_imgmax_mad1.5;base_lof;0.3;3;10;10;3;1;1;;;;0.9418;0.89183;0.54;0.62;8.54
2026-07-22T00:38:48;VisA/pcb1;B;dino;dino_imgmax_mad1.5;base_iforest;0.3;3;10;10;3;3;2;;;;0.9394;0.878666;0.36;0.54;6.88
2026-07-22T00:38:59;VisA/pcb1;B;dino;dino_imgmax_mad1.5;audit_remove;0.0;4;10;10;0;1;0;0;0;0;0.95;0.916196;0.5;0.74;9.76
2026-07-22T00:39:09;VisA/pcb1;B;dino;dino_imgmax_mad1.5;audit_recapture;0.0;4;10;10;0;1;0;0;0;0;0.9648;0.937162;0.64;0.76;9.49
2026-07-22T00:39:17;VisA/pcb1;B;dino;dino_imgmax_mad1.5;audit_remove;0.3;4;10;10;3;3;3;1;2;3;0.9068;0.846325;0.54;0.58;7.05
2026-07-22T00:39:26;VisA/pcb1;B;dino;dino_imgmax_mad1.5;audit_recapture;0.3;4;10;10;3;3;3;1;2;3;0.947;0.91134;0.6;0.66;9.55
2026-07-22T00:39:33;VisA/pcb1;B;dino;;oracle_remove;0.3;4;10;10;3;3;3;;;;0.9068;0.846325;0.54;0.58;6.75
2026-07-22T00:39:40;VisA/pcb1;B;dino;dino_imgmax_mad1.5;base_knn;0.3;4;10;10;3;3;3;;;;0.9068;0.846325;0.54;0.58;6.73
2026-07-22T00:39:47;VisA/pcb1;B;dino;dino_imgmax_mad1.5;base_lof;0.3;4;10;10;3;3;3;;;;0.9068;0.846325;0.54;0.58;6.81
2026-07-22T00:39:54;VisA/pcb1;B;dino;dino_imgmax_mad1.5;base_iforest;0.3;4;10;10;3;3;3;;;;0.9068;0.846325;0.54;0.58;6.71
2026-07-22T00:39:56;VisA/pcb1;B;clip;dino_imgmax_mad1.5;audit_remove;0.3;0;10;10;3;0;0;;;;0.79;0.713743;0.26;0.34;1.12
2026-07-22T00:39:57;VisA/pcb1;B;clip;;oracle_remove;0.3;0;10;10;3;3;3;;;;0.8854;0.776241;0.26;0.36;0.79
2026-07-22T00:39:58;VisA/pcb1;B;clip;dino_imgmax_mad1.5;audit_remove;0.3;1;10;10;3;1;1;;;;0.743;0.576311;0.08;0.22;1.11
2026-07-22T00:39:59;VisA/pcb1;B;clip;;oracle_remove;0.3;1;10;10;3;3;3;;;;0.8486;0.767357;0.36;0.4;0.81
2026-07-22T00:40:00;VisA/pcb1;B;clip;dino_imgmax_mad1.5;audit_remove;0.3;2;10;10;3;2;2;;;;0.8724;0.738558;0.1;0.42;0.89
2026-07-22T00:40:01;VisA/pcb1;B;clip;;oracle_remove;0.3;2;10;10;3;3;3;;;;0.8524;0.667426;0.08;0.2;0.76
2026-07-22T00:40:01;VisA/pcb1;B;clip;dino_imgmax_mad1.5;audit_remove;0.3;3;10;10;3;4;3;;;;0.8724;0.726146;0.16;0.32;0.7
2026-07-22T00:40:02;VisA/pcb1;B;clip;;oracle_remove;0.3;3;10;10;3;3;3;;;;0.9096;0.858058;0.54;0.56;0.8
2026-07-22T00:40:03;VisA/pcb1;B;clip;dino_imgmax_mad1.5;audit_remove;0.3;4;10;10;3;3;3;;;;0.8652;0.701705;0.14;0.18;0.74
2026-07-22T00:40:04;VisA/pcb1;B;clip;;oracle_remove;0.3;4;10;10;3;3;3;;;;0.8652;0.701705;0.14;0.18;0.83
2026-07-22T00:40:27;VisA/pcb1;B;dinov2;dino_imgmax_mad1.5;audit_remove;0.3;0;10;10;3;0;0;;;;0.9044;0.830466;0.38;0.54;16.36
2026-07-22T00:40:38;VisA/pcb1;B;dinov2;;oracle_remove;0.3;0;10;10;3;3;3;;;;0.9174;0.85487;0.42;0.56;11.46
2026-07-22T00:40:53;VisA/pcb1;B;dinov2;dino_imgmax_mad1.5;audit_remove;0.3;1;10;10;3;1;1;;;;0.8854;0.780705;0.3;0.42;14.59
2026-07-22T00:41:05;VisA/pcb1;B;dinov2;;oracle_remove;0.3;1;10;10;3;3;3;;;;0.924;0.862267;0.38;0.6;11.55
2026-07-22T00:41:18;VisA/pcb1;B;dinov2;dino_imgmax_mad1.5;audit_remove;0.3;2;10;10;3;2;2;;;;0.9226;0.857014;0.38;0.58;12.94
2026-07-22T00:41:29;VisA/pcb1;B;dinov2;;oracle_remove;0.3;2;10;10;3;3;3;;;;0.9242;0.86602;0.4;0.62;11.37
2026-07-22T00:41:39;VisA/pcb1;B;dinov2;dino_imgmax_mad1.5;audit_remove;0.3;3;10;10;3;4;3;;;;0.9496;0.905834;0.44;0.7;9.93
2026-07-22T00:41:50;VisA/pcb1;B;dinov2;;oracle_remove;0.3;3;10;10;3;3;3;;;;0.954;0.921257;0.66;0.76;11.42
2026-07-22T00:42:02;VisA/pcb1;B;dinov2;dino_imgmax_mad1.5;audit_remove;0.3;4;10;10;3;3;3;;;;0.9298;0.876331;0.4;0.58;11.3
2026-07-22T00:42:13;VisA/pcb1;B;dinov2;;oracle_remove;0.3;4;10;10;3;3;3;;;;0.9298;0.876331;0.4;0.58;11.53
2026-07-22T00:42:33;VisA/pcb2;B;dino;dino_imgmax_mad1.5;audit_remove;0.0;0;10;10;0;0;0;0;0;0;0.7904;0.645928;0.14;0.26;9.6
2026-07-22T00:42:43;VisA/pcb2;B;dino;dino_imgmax_mad1.5;audit_recapture;0.0;0;10;10;0;0;0;0;0;0;0.7904;0.645928;0.14;0.26;9.6
2026-07-22T00:42:53;VisA/pcb2;B;dino;dino_imgmax_mad1.5;audit_remove;0.3;0;10;10;3;1;1;1;2;2;0.7598;0.595595;0.1;0.16;8.73
2026-07-22T00:43:02;VisA/pcb2;B;dino;dino_imgmax_mad1.5;audit_recapture;0.3;0;10;10;3;1;1;1;2;2;0.7624;0.599347;0.1;0.16;9.59
2026-07-22T00:43:09;VisA/pcb2;B;dino;;oracle_remove;0.3;0;10;10;3;3;3;;;;0.7946;0.65787;0.12;0.22;6.93
2026-07-22T00:43:17;VisA/pcb2;B;dino;dino_imgmax_mad1.5;base_knn;0.3;0;10;10;3;2;0;;;;0.691;0.518318;0.08;0.14;7.98
2026-07-22T00:43:26;VisA/pcb2;B;dino;dino_imgmax_mad1.5;base_lof;0.3;0;10;10;3;1;0;;;;0.7291;0.560661;0.1;0.14;8.6
2026-07-22T00:43:34;VisA/pcb2;B;dino;dino_imgmax_mad1.5;base_iforest;0.3;0;10;10;3;2;0;;;;0.691;0.518318;0.08;0.14;7.84
2026-07-22T00:43:43;VisA/pcb2;B;dino;dino_imgmax_mad1.5;audit_remove;0.0;1;10;10;0;1;0;0;0;0;0.6676;0.528758;0.1;0.16;8.66
2026-07-22T00:43:53;VisA/pcb2;B;dino;dino_imgmax_mad1.5;audit_recapture;0.0;1;10;10;0;1;0;0;0;0;0.6408;0.506106;0.1;0.16;9.45
2026-07-22T00:44:02;VisA/pcb2;B;dino;dino_imgmax_mad1.5;audit_remove;0.3;1;10;10;3;1;1;1;1;1;0.625;0.508043;0.1;0.18;8.51
2026-07-22T00:44:12;VisA/pcb2;B;dino;dino_imgmax_mad1.5;audit_recapture;0.3;1;10;10;3;1;1;1;1;1;0.6342;0.499366;0.1;0.16;9.26
2026-07-22T00:44:18;VisA/pcb2;B;dino;;oracle_remove;0.3;1;10;10;3;3;3;;;;0.633;0.510685;0.1;0.2;6.7
2026-07-22T00:44:28;VisA/pcb2;B;dino;dino_imgmax_mad1.5;base_knn;0.3;1;10;10;3;0;0;;;;0.6144;0.491263;0.1;0.14;9.67
2026-07-22T00:44:37;VisA/pcb2;B;dino;dino_imgmax_mad1.5;base_lof;0.3;1;10;10;3;1;1;;;;0.5762;0.476449;0.1;0.14;8.54
2026-07-22T00:44:45;VisA/pcb2;B;dino;dino_imgmax_mad1.5;base_iforest;0.3;1;10;10;3;2;0;;;;0.6062;0.512253;0.12;0.22;7.88
2026-07-22T00:44:54;VisA/pcb2;B;dino;dino_imgmax_mad1.5;audit_remove;0.0;2;10;10;0;1;0;0;0;0;0.6482;0.510894;0.12;0.14;8.6
2026-07-22T00:45:04;VisA/pcb2;B;dino;dino_imgmax_mad1.5;audit_recapture;0.0;2;10;10;0;1;0;0;0;0;0.6858;0.535285;0.1;0.12;9.5
2026-07-22T00:45:13;VisA/pcb2;B;dino;dino_imgmax_mad1.5;audit_remove;0.3;2;10;10;3;2;2;1;2;2;0.6326;0.482069;0.12;0.14;7.73
2026-07-22T00:45:22;VisA/pcb2;B;dino;dino_imgmax_mad1.5;audit_recapture;0.3;2;10;10;3;2;2;1;2;2;0.673;0.515671;0.1;0.12;9.74
2026-07-22T00:45:29;VisA/pcb2;B;dino;;oracle_remove;0.3;2;10;10;3;3;3;;;;0.6116;0.474282;0.1;0.14;7.0
2026-07-22T00:45:37;VisA/pcb2;B;dino;dino_imgmax_mad1.5;base_knn;0.3;2;10;10;3;2;2;;;;0.637;0.488099;0.08;0.16;7.78
2026-07-22T00:45:47;VisA/pcb2;B;dino;dino_imgmax_mad1.5;base_lof;0.3;2;10;10;3;0;0;;;;0.6454;0.488499;0.1;0.12;9.67
2026-07-22T00:45:55;VisA/pcb2;B;dino;dino_imgmax_mad1.5;base_iforest;0.3;2;10;10;3;2;1;;;;0.6658;0.515927;0.12;0.14;7.86
2026-07-22T00:46:03;VisA/pcb2;B;dino;dino_imgmax_mad1.5;audit_remove;0.0;3;10;10;0;3;0;0;0;0;0.7298;0.633062;0.14;0.26;6.71
2026-07-22T00:46:12;VisA/pcb2;B;dino;dino_imgmax_mad1.5;audit_recapture;0.0;3;10;10;0;3;0;0;0;0;0.743;0.652986;0.2;0.38;9.55
2026-07-22T00:46:22;VisA/pcb2;B;dino;dino_imgmax_mad1.5;audit_remove;0.3;3;10;10;3;1;1;1;2;3;0.721;0.624922;0.2;0.24;8.65
2026-07-22T00:46:31;VisA/pcb2;B;dino;dino_imgmax_mad1.5;audit_recapture;0.3;3;10;10;3;1;1;1;2;3;0.7364;0.630859;0.18;0.24;9.53
2026-07-22T00:46:38;VisA/pcb2;B;dino;;oracle_remove;0.3;3;10;10;3;3;3;;;;0.7198;0.615989;0.2;0.26;6.99
2026-07-22T00:46:47;VisA/pcb2;B;dino;dino_imgmax_mad1.5;base_knn;0.3;3;10;10;3;1;0;;;;0.7388;0.650644;0.24;0.3;8.57
2026-07-22T00:46:56;VisA/pcb2;B;dino;dino_imgmax_mad1.5;base_lof;0.3;3;10;10;3;1;0;;;;0.7388;0.650644;0.24;0.3;8.56
2026-07-22T00:47:05;VisA/pcb2;B;dino;dino_imgmax_mad1.5;base_iforest;0.3;3;10;10;3;0;0;;;;0.7202;0.626977;0.2;0.24;9.52
2026-07-22T00:47:15;VisA/pcb2;B;dino;dino_imgmax_mad1.5;audit_remove;0.0;4;10;10;0;1;0;0;0;0;0.7344;0.578434;0.08;0.18;8.74
2026-07-22T00:47:25;VisA/pcb2;B;dino;dino_imgmax_mad1.5;audit_recapture;0.0;4;10;10;0;1;0;0;0;0;0.7432;0.587761;0.06;0.2;9.63
2026-07-22T00:47:33;VisA/pcb2;B;dino;dino_imgmax_mad1.5;audit_remove;0.3;4;10;10;3;2;1;0;1;2;0.6438;0.491176;0.1;0.12;7.81
2026-07-22T00:47:43;VisA/pcb2;B;dino;dino_imgmax_mad1.5;audit_recapture;0.3;4;10;10;3;2;1;0;1;2;0.686;0.516203;0.06;0.14;9.66
2026-07-22T00:47:50;VisA/pcb2;B;dino;;oracle_remove;0.3;4;10;10;3;3;3;;;;0.7124;0.59713;0.1;0.24;6.82
2026-07-22T00:47:58;VisA/pcb2;B;dino;dino_imgmax_mad1.5;base_knn;0.3;4;10;10;3;2;1;;;;0.6662;0.534383;0.08;0.18;7.92
2026-07-22T00:48:08;VisA/pcb2;B;dino;dino_imgmax_mad1.5;base_lof;0.3;4;10;10;3;0;0;;;;0.645;0.508945;0.04;0.16;9.56
2026-07-22T00:48:16;VisA/pcb2;B;dino;dino_imgmax_mad1.5;base_iforest;0.3;4;10;10;3;1;0;;;;0.6534;0.516827;0.04;0.18;8.42
2026-07-22T00:48:19;VisA/pcb2;B;clip;dino_imgmax_mad1.5;audit_remove;0.3;0;10;10;3;1;1;;;;0.7878;0.64336;0.2;0.24;1.03
2026-07-22T00:48:19;VisA/pcb2;B;clip;;oracle_remove;0.3;0;10;10;3;3;3;;;;0.7964;0.654705;0.16;0.34;0.77
2026-07-22T00:48:20;VisA/pcb2;B;clip;dino_imgmax_mad1.5;audit_remove;0.3;1;10;10;3;1;1;;;;0.7942;0.659792;0.2;0.3;0.99
2026-07-22T00:48:21;VisA/pcb2;B;clip;;oracle_remove;0.3;1;10;10;3;3;3;;;;0.7712;0.622169;0.14;0.28;0.82
2026-07-22T00:48:22;VisA/pcb2;B;clip;dino_imgmax_mad1.5;audit_remove;0.3;2;10;10;3;2;2;;;;0.7022;0.522507;0.08;0.14;0.88
2026-07-22T00:48:23;VisA/pcb2;B;clip;;oracle_remove;0.3;2;10;10;3;3;3;;;;0.718;0.534965;0.08;0.18;0.76
2026-07-22T00:48:24;VisA/pcb2;B;clip;dino_imgmax_mad1.5;audit_remove;0.3;3;10;10;3;1;1;;;;0.787;0.654179;0.2;0.22;1.02
2026-07-22T00:48:25;VisA/pcb2;B;clip;;oracle_remove;0.3;3;10;10;3;3;3;;;;0.7802;0.637418;0.16;0.22;0.85
2026-07-22T00:48:26;VisA/pcb2;B;clip;dino_imgmax_mad1.5;audit_remove;0.3;4;10;10;3;2;1;;;;0.6698;0.508924;0.06;0.22;0.88
2026-07-22T00:48:26;VisA/pcb2;B;clip;;oracle_remove;0.3;4;10;10;3;3;3;;;;0.6998;0.537241;0.08;0.18;0.82
2026-07-22T00:48:47;VisA/pcb2;B;dinov2;dino_imgmax_mad1.5;audit_remove;0.3;0;10;10;3;1;1;;;;0.7782;0.615553;0.1;0.18;14.87
2026-07-22T00:48:59;VisA/pcb2;B;dinov2;;oracle_remove;0.3;0;10;10;3;3;3;;;;0.8136;0.651984;0.08;0.28;11.52
2026-07-22T00:49:13;VisA/pcb2;B;dinov2;dino_imgmax_mad1.5;audit_remove;0.3;1;10;10;3;1;1;;;;0.6356;0.481442;0.08;0.14;14.69
2026-07-22T00:49:25;VisA/pcb2;B;dinov2;;oracle_remove;0.3;1;10;10;3;3;3;;;;0.6174;0.484307;0.08;0.14;11.51
2026-07-22T00:49:38;VisA/pcb2;B;dinov2;dino_imgmax_mad1.5;audit_remove;0.3;2;10;10;3;2;2;;;;0.637;0.473451;0.06;0.08;12.77
2026-07-22T00:49:49;VisA/pcb2;B;dinov2;;oracle_remove;0.3;2;10;10;3;3;3;;;;0.6196;0.473832;0.06;0.12;11.45
2026-07-22T00:50:04;VisA/pcb2;B;dinov2;dino_imgmax_mad1.5;audit_remove;0.3;3;10;10;3;1;1;;;;0.7096;0.594369;0.12;0.2;14.67
2026-07-22T00:50:15;VisA/pcb2;B;dinov2;;oracle_remove;0.3;3;10;10;3;3;3;;;;0.71;0.589551;0.12;0.18;11.53
2026-07-22T00:50:29;VisA/pcb2;B;dinov2;dino_imgmax_mad1.5;audit_remove;0.3;4;10;10;3;2;1;;;;0.7128;0.551995;0.04;0.14;13.16
2026-07-22T00:50:40;VisA/pcb2;B;dinov2;;oracle_remove;0.3;4;10;10;3;3;3;;;;0.7596;0.594237;0.04;0.18;11.31
2026-07-22T00:50:59;VisA/pcb3;B;dino;dino_imgmax_mad1.5;audit_remove;0.0;0;10;10;0;2;0;0;0;0;0.787327;0.71585;0.18;0.34;8.1
2026-07-22T00:51:08;VisA/pcb3;B;dino;dino_imgmax_mad1.5;audit_recapture;0.0;0;10;10;0;2;0;0;0;0;0.792871;0.738539;0.32;0.44;9.62
2026-07-22T00:51:16;VisA/pcb3;B;dino;dino_imgmax_mad1.5;audit_remove;0.3;0;10;10;3;3;2;0;1;2;0.747129;0.631303;0.12;0.26;6.92
2026-07-22T00:51:26;VisA/pcb3;B;dino;dino_imgmax_mad1.5;audit_recapture;0.3;0;10;10;3;3;2;0;1;2;0.754851;0.656499;0.16;0.38;9.82
2026-07-22T00:51:33;VisA/pcb3;B;dino;;oracle_remove;0.3;0;10;10;3;3;3;;;;0.733663;0.618105;0.12;0.28;6.89
2026-07-22T00:51:41;VisA/pcb3;B;dino;dino_imgmax_mad1.5;base_knn;0.3;0;10;10;3;2;1;;;;0.738614;0.617718;0.14;0.28;7.81
2026-07-22T00:51:49;VisA/pcb3;B;dino;dino_imgmax_mad1.5;base_lof;0.3;0;10;10;3;2;1;;;;0.738614;0.617718;0.14;0.28;7.63
2026-07-22T00:51:56;VisA/pcb3;B;dino;dino_imgmax_mad1.5;base_iforest;0.3;0;10;10;3;2;1;;;;0.738614;0.617718;0.14;0.28;7.73
2026-07-22T00:52:06;VisA/pcb3;B;dino;dino_imgmax_mad1.5;audit_remove;0.0;1;10;10;0;1;0;0;0;0;0.841584;0.767965;0.32;0.44;8.7
2026-07-22T00:52:16;VisA/pcb3;B;dino;dino_imgmax_mad1.5;audit_recapture;0.0;1;10;10;0;1;0;0;0;0;0.854455;0.791116;0.36;0.46;9.45
2026-07-22T00:52:24;VisA/pcb3;B;dino;dino_imgmax_mad1.5;audit_remove;0.3;1;10;10;3;3;3;1;2;3;0.807525;0.744421;0.36;0.44;6.89
2026-07-22T00:52:33;VisA/pcb3;B;dino;dino_imgmax_mad1.5;audit_recapture;0.3;1;10;10;3;3;3;1;2;3;0.832079;0.764858;0.24;0.54;9.61
2026-07-22T00:52:40;VisA/pcb3;B;dino;;oracle_remove;0.3;1;10;10;3;3;3;;;;0.807525;0.744421;0.36;0.44;6.74
2026-07-22T00:52:48;VisA/pcb3;B;dino;dino_imgmax_mad1.5;base_knn;0.3;1;10;10;3;2;2;;;;0.816634;0.749154;0.34;0.46;7.78
2026-07-22T00:52:56;VisA/pcb3;B;dino;dino_imgmax_mad1.5;base_lof;0.3;1;10;10;3;2;2;;;;0.816634;0.749154;0.34;0.46;7.75
2026-07-22T00:53:03;VisA/pcb3;B;dino;dino_imgmax_mad1.5;base_iforest;0.3;1;10;10;3;2;2;;;;0.816634;0.749154;0.34;0.46;7.83
2026-07-22T00:53:14;VisA/pcb3;B;dino;dino_imgmax_mad1.5;audit_remove;0.0;2;10;10;0;0;0;0;0;0;0.858416;0.782348;0.32;0.5;9.53
2026-07-22T00:53:23;VisA/pcb3;B;dino;dino_imgmax_mad1.5;audit_recapture;0.0;2;10;10;0;0;0;0;0;0;0.858416;0.782348;0.32;0.5;9.46
2026-07-22T00:53:32;VisA/pcb3;B;dino;dino_imgmax_mad1.5;audit_remove;0.3;2;10;10;3;2;2;1;2;2;0.859406;0.765214;0.3;0.34;7.9
2026-07-22T00:53:42;VisA/pcb3;B;dino;dino_imgmax_mad1.5;audit_recapture;0.3;2;10;10;3;2;2;1;2;2;0.876832;0.812816;0.4;0.48;9.62
2026-07-22T00:53:49;VisA/pcb3;B;dino;;oracle_remove;0.3;2;10;10;3;3;3;;;;0.85505;0.762647;0.32;0.36;6.89
2026-07-22T00:53:56;VisA/pcb3;B;dino;dino_imgmax_mad1.5;base_knn;0.3;2;10;10;3;3;3;;;;0.85505;0.762647;0.32;0.36;6.8
2026-07-22T00:54:02;VisA/pcb3;B;dino;dino_imgmax_mad1.5;base_lof;0.3;2;10;10;3;4;3;;;;0.818614;0.729989;0.3;0.4;5.92
2026-07-22T00:54:12;VisA/pcb3;B;dino;dino_imgmax_mad1.5;base_iforest;0.3;2;10;10;3;0;0;;;;0.848119;0.763254;0.36;0.44;9.69
2026-07-22T00:54:20;VisA/pcb3;B;dino;dino_imgmax_mad1.5;audit_remove;0.0;3;10;10;0;2;0;0;0;0;0.798416;0.742119;0.26;0.44;7.87
2026-07-22T00:54:30;VisA/pcb3;B;dino;dino_imgmax_mad1.5;audit_recapture;0.0;3;10;10;0;2;0;0;0;0;0.817822;0.760544;0.28;0.44;9.54
2026-07-22T00:54:40;VisA/pcb3;B;dino;dino_imgmax_mad1.5;audit_remove;0.3;3;10;10;3;1;1;1;2;3;0.786931;0.728637;0.26;0.42;8.84
2026-07-22T00:54:49;VisA/pcb3;B;dino;dino_imgmax_mad1.5;audit_recapture;0.3;3;10;10;3;1;1;1;2;3;0.794653;0.733671;0.3;0.44;9.58
2026-07-22T00:54:56;VisA/pcb3;B;dino;;oracle_remove;0.3;3;10;10;3;3;3;;;;0.77604;0.721808;0.32;0.38;6.92
2026-07-22T00:55:06;VisA/pcb3;B;dino;dino_imgmax_mad1.5;base_knn;0.3;3;10;10;3;0;0;;;;0.769703;0.705392;0.28;0.38;9.68
2026-07-22T00:55:15;VisA/pcb3;B;dino;dino_imgmax_mad1.5;base_lof;0.3;3;10;10;3;1;1;;;;0.786931;0.728637;0.26;0.42;8.63
2026-07-22T00:55:25;VisA/pcb3;B;dino;dino_imgmax_mad1.5;base_iforest;0.3;3;10;10;3;0;0;;;;0.769703;0.705392;0.28;0.38;9.76
2026-07-22T00:55:32;VisA/pcb3;B;dino;dino_imgmax_mad1.5;audit_remove;0.0;4;10;10;0;3;0;0;0;0;0.83604;0.748481;0.18;0.44;6.78
2026-07-22T00:55:42;VisA/pcb3;B;dino;dino_imgmax_mad1.5;audit_recapture;0.0;4;10;10;0;3;0;0;0;0;0.828317;0.747728;0.2;0.44;9.62
2026-07-22T00:55:52;VisA/pcb3;B;dino;dino_imgmax_mad1.5;audit_remove;0.3;4;10;10;3;1;1;1;2;2;0.811683;0.72885;0.28;0.42;8.72
2026-07-22T00:56:01;VisA/pcb3;B;dino;dino_imgmax_mad1.5;audit_recapture;0.3;4;10;10;3;1;1;1;2;2;0.813465;0.738003;0.28;0.46;9.53
2026-07-22T00:56:08;VisA/pcb3;B;dino;;oracle_remove;0.3;4;10;10;3;3;3;;;;0.798812;0.706388;0.22;0.4;6.81
2026-07-22T00:56:17;VisA/pcb3;B;dino;dino_imgmax_mad1.5;base_knn;0.3;4;10;10;3;1;1;;;;0.811683;0.72885;0.28;0.42;8.6
2026-07-22T00:56:25;VisA/pcb3;B;dino;dino_imgmax_mad1.5;base_lof;0.3;4;10;10;3;2;1;;;;0.814653;0.733226;0.2;0.4;7.79
2026-07-22T00:56:33;VisA/pcb3;B;dino;dino_imgmax_mad1.5;base_iforest;0.3;4;10;10;3;1;1;;;;0.811683;0.72885;0.28;0.42;8.64
2026-07-22T00:56:36;VisA/pcb3;B;clip;dino_imgmax_mad1.5;audit_remove;0.3;0;10;10;3;3;2;;;;0.703762;0.534853;0.04;0.16;0.85
2026-07-22T00:56:36;VisA/pcb3;B;clip;;oracle_remove;0.3;0;10;10;3;3;3;;;;0.684356;0.513895;0.06;0.08;0.82
2026-07-22T00:56:37;VisA/pcb3;B;clip;dino_imgmax_mad1.5;audit_remove;0.3;1;10;10;3;3;3;;;;0.749307;0.657381;0.14;0.4;0.77
2026-07-22T00:56:38;VisA/pcb3;B;clip;;oracle_remove;0.3;1;10;10;3;3;3;;;;0.749307;0.657381;0.14;0.4;0.8
2026-07-22T00:56:39;VisA/pcb3;B;clip;dino_imgmax_mad1.5;audit_remove;0.3;2;10;10;3;2;2;;;;0.784158;0.693808;0.26;0.28;0.88
2026-07-22T00:56:40;VisA/pcb3;B;clip;;oracle_remove;0.3;2;10;10;3;3;3;;;;0.770693;0.651399;0.18;0.24;0.84
2026-07-22T00:56:41;VisA/pcb3;B;clip;dino_imgmax_mad1.5;audit_remove;0.3;3;10;10;3;1;1;;;;0.691287;0.596614;0.14;0.34;0.98
2026-07-22T00:56:42;VisA/pcb3;B;clip;;oracle_remove;0.3;3;10;10;3;3;3;;;;0.706931;0.59002;0.12;0.22;0.78
2026-07-22T00:56:43;VisA/pcb3;B;clip;dino_imgmax_mad1.5;audit_remove;0.3;4;10;10;3;1;1;;;;0.70396;0.589352;0.08;0.26;1.01
2026-07-22T00:56:43;VisA/pcb3;B;clip;;oracle_remove;0.3;4;10;10;3;3;3;;;;0.689307;0.561515;0.08;0.26;0.82
2026-07-22T00:57:01;VisA/pcb3;B;dinov2;dino_imgmax_mad1.5;audit_remove;0.3;0;10;10;3;3;2;;;;0.79703;0.688276;0.12;0.38;11.55
2026-07-22T00:57:13;VisA/pcb3;B;dinov2;;oracle_remove;0.3;0;10;10;3;3;3;;;;0.78099;0.664797;0.12;0.38;11.5
2026-07-22T00:57:24;VisA/pcb3;B;dinov2;dino_imgmax_mad1.5;audit_remove;0.3;1;10;10;3;3;3;;;;0.810099;0.669576;0.06;0.32;11.66
2026-07-22T00:57:36;VisA/pcb3;B;dinov2;;oracle_remove;0.3;1;10;10;3;3;3;;;;0.810099;0.669576;0.06;0.32;11.66
2026-07-22T00:57:49;VisA/pcb3;B;dinov2;dino_imgmax_mad1.5;audit_remove;0.3;2;10;10;3;2;2;;;;0.790297;0.701167;0.36;0.38;12.82
2026-07-22T00:58:01;VisA/pcb3;B;dinov2;;oracle_remove;0.3;2;10;10;3;3;3;;;;0.81703;0.729159;0.34;0.4;11.66
2026-07-22T00:58:15;VisA/pcb3;B;dinov2;dino_imgmax_mad1.5;audit_remove;0.3;3;10;10;3;1;1;;;;0.787921;0.692531;0.14;0.36;14.8
2026-07-22T00:58:27;VisA/pcb3;B;dinov2;;oracle_remove;0.3;3;10;10;3;3;3;;;;0.809109;0.715086;0.26;0.36;11.34
2026-07-22T00:58:41;VisA/pcb3;B;dinov2;dino_imgmax_mad1.5;audit_remove;0.3;4;10;10;3;1;1;;;;0.802178;0.723992;0.24;0.44;14.65
2026-07-22T00:58:53;VisA/pcb3;B;dinov2;;oracle_remove;0.3;4;10;10;3;3;3;;;;0.8;0.727864;0.22;0.46;11.39
2026-07-22T00:59:12;VisA/pcb4;B;dino;dino_imgmax_mad1.5;audit_remove;0.0;0;10;10;0;1;0;0;0;0;0.989901;0.979266;0.78;0.98;8.87
2026-07-22T00:59:22;VisA/pcb4;B;dino;dino_imgmax_mad1.5;audit_recapture;0.0;0;10;10;0;1;0;0;0;0;0.990693;0.981681;0.84;0.96;9.61
2026-07-22T00:59:32;VisA/pcb4;B;dino;dino_imgmax_mad1.5;audit_remove;0.3;0;10;10;3;1;1;1;2;3;0.967525;0.937641;0.56;0.78;8.61
2026-07-22T00:59:41;VisA/pcb4;B;dino;dino_imgmax_mad1.5;audit_recapture;0.3;0;10;10;3;1;1;1;2;3;0.972079;0.943936;0.5;0.9;9.48
2026-07-22T00:59:48;VisA/pcb4;B;dino;;oracle_remove;0.3;0;10;10;3;3;3;;;;0.985941;0.97113;0.66;0.94;7.09
2026-07-22T00:59:57;VisA/pcb4;B;dino;dino_imgmax_mad1.5;base_knn;0.3;0;10;10;3;1;0;;;;0.951287;0.903856;0.44;0.62;8.63
2026-07-22T01:00:07;VisA/pcb4;B;dino;dino_imgmax_mad1.5;base_lof;0.3;0;10;10;3;0;0;;;;0.962178;0.929411;0.68;0.72;9.76
2026-07-22T01:00:17;VisA/pcb4;B;dino;dino_imgmax_mad1.5;base_iforest;0.3;0;10;10;3;0;0;;;;0.962178;0.929411;0.68;0.72;9.84
2026-07-22T01:00:26;VisA/pcb4;B;dino;dino_imgmax_mad1.5;audit_remove;0.0;1;10;10;0;2;0;0;0;0;0.992871;0.985914;0.84;0.98;8.15
2026-07-22T01:00:36;VisA/pcb4;B;dino;dino_imgmax_mad1.5;audit_recapture;0.0;1;10;10;0;2;0;0;0;0;0.993663;0.986165;0.86;0.98;9.96
2026-07-22T01:00:45;VisA/pcb4;B;dino;dino_imgmax_mad1.5;audit_remove;0.3;1;10;10;3;2;2;1;2;3;0.984356;0.97276;0.78;0.94;7.97
2026-07-22T01:00:54;VisA/pcb4;B;dino;dino_imgmax_mad1.5;audit_recapture;0.3;1;10;10;3;2;2;1;2;3;0.986535;0.971362;0.74;0.92;9.78
2026-07-22T01:01:01;VisA/pcb4;B;dino;;oracle_remove;0.3;1;10;10;3;3;3;;;;0.991881;0.984945;0.84;0.98;6.94
2026-07-22T01:01:10;VisA/pcb4;B;dino;dino_imgmax_mad1.5;base_knn;0.3;1;10;10;3;1;0;;;;0.95901;0.919891;0.46;0.9;8.88
2026-07-22T01:01:20;VisA/pcb4;B;dino;dino_imgmax_mad1.5;base_lof;0.3;1;10;10;3;0;0;;;;0.969703;0.946096;0.62;0.86;9.78
2026-07-22T01:01:28;VisA/pcb4;B;dino;dino_imgmax_mad1.5;base_iforest;0.3;1;10;10;3;2;0;;;;0.965347;0.932;0.46;0.84;7.89
2026-07-22T01:01:37;VisA/pcb4;B;dino;dino_imgmax_mad1.5;audit_remove;0.0;2;10;10;0;2;0;0;0;0;0.984356;0.969736;0.74;0.9;7.68
2026-07-22T01:01:46;VisA/pcb4;B;dino;dino_imgmax_mad1.5;audit_recapture;0.0;2;10;10;0;2;0;0;0;0;0.986337;0.974166;0.8;0.88;9.59
2026-07-22T01:01:55;VisA/pcb4;B;dino;dino_imgmax_mad1.5;audit_remove;0.3;2;10;10;3;2;2;1;2;3;0.97901;0.961803;0.72;0.9;7.7
2026-07-22T01:02:05;VisA/pcb4;B;dino;dino_imgmax_mad1.5;audit_recapture;0.3;2;10;10;3;2;2;1;2;3;0.983366;0.967886;0.7;0.9;9.54
2026-07-22T01:02:11;VisA/pcb4;B;dino;;oracle_remove;0.3;2;10;10;3;3;3;;;;0.985941;0.974723;0.78;0.92;6.76
2026-07-22T01:02:20;VisA/pcb4;B;dino;dino_imgmax_mad1.5;base_knn;0.3;2;10;10;3;1;1;;;;0.974653;0.951689;0.76;0.86;8.55
2026-07-22T01:02:29;VisA/pcb4;B;dino;dino_imgmax_mad1.5;base_lof;0.3;2;10;10;3;1;1;;;;0.974653;0.951689;0.76;0.86;8.71
2026-07-22T01:02:38;VisA/pcb4;B;dino;dino_imgmax_mad1.5;base_iforest;0.3;2;10;10;3;0;0;;;;0.966535;0.934204;0.68;0.82;9.6
2026-07-22T01:02:47;VisA/pcb4;B;dino;dino_imgmax_mad1.5;audit_remove;0.0;3;10;10;0;2;0;0;0;0;0.973069;0.942832;0.7;0.92;7.83
2026-07-22T01:02:57;VisA/pcb4;B;dino;dino_imgmax_mad1.5;audit_recapture;0.0;3;10;10;0;2;0;0;0;0;0.974257;0.948224;0.64;0.86;9.6
2026-07-22T01:03:07;VisA/pcb4;B;dino;dino_imgmax_mad1.5;audit_remove;0.3;3;10;10;3;0;0;1;1;1;0.926139;0.859139;0.46;0.7;9.46
2026-07-22T01:03:17;VisA/pcb4;B;dino;dino_imgmax_mad1.5;audit_recapture;0.3;3;10;10;3;0;0;1;1;1;0.926139;0.859139;0.46;0.7;9.5
2026-07-22T01:03:24;VisA/pcb4;B;dino;;oracle_remove;0.3;3;10;10;3;3;3;;;;0.968713;0.941384;0.62;0.84;6.97
2026-07-22T01:03:32;VisA/pcb4;B;dino;dino_imgmax_mad1.5;base_knn;0.3;3;10;10;3;2;0;;;;0.811485;0.701815;0.22;0.32;7.79
2026-07-22T01:03:40;VisA/pcb4;B;dino;dino_imgmax_mad1.5;base_lof;0.3;3;10;10;3;2;0;;;;0.841188;0.742435;0.16;0.36;7.8
2026-07-22T01:03:47;VisA/pcb4;B;dino;dino_imgmax_mad1.5;base_iforest;0.3;3;10;10;3;2;0;;;;0.798812;0.681139;0.12;0.34;7.7
2026-07-22T01:03:58;VisA/pcb4;B;dino;dino_imgmax_mad1.5;audit_remove;0.0;4;10;10;0;0;0;0;0;0;0.988713;0.973296;0.8;0.96;9.6
2026-07-22T01:04:08;VisA/pcb4;B;dino;dino_imgmax_mad1.5;audit_recapture;0.0;4;10;10;0;0;0;0;0;0;0.988713;0.973296;0.8;0.96;9.68
2026-07-22T01:04:17;VisA/pcb4;B;dino;dino_imgmax_mad1.5;audit_remove;0.3;4;10;10;3;1;1;1;2;3;0.986931;0.97326;0.74;0.96;8.59
2026-07-22T01:04:27;VisA/pcb4;B;dino;dino_imgmax_mad1.5;audit_recapture;0.3;4;10;10;3;1;1;1;2;3;0.987723;0.975436;0.76;0.92;9.59
2026-07-22T01:04:34;VisA/pcb4;B;dino;;oracle_remove;0.3;4;10;10;3;3;3;;;;0.987921;0.973996;0.8;0.92;6.86
2026-07-22T01:04:42;VisA/pcb4;B;dino;dino_imgmax_mad1.5;base_knn;0.3;4;10;10;3;1;1;;;;0.987525;0.973608;0.74;0.98;8.46
2026-07-22T01:04:50;VisA/pcb4;B;dino;dino_imgmax_mad1.5;base_lof;0.3;4;10;10;3;2;2;;;;0.987129;0.96999;0.76;0.96;7.83
2026-07-22T01:04:58;VisA/pcb4;B;dino;dino_imgmax_mad1.5;base_iforest;0.3;4;10;10;3;2;2;;;;0.987129;0.96999;0.76;0.96;7.75
2026-07-22T01:05:00;VisA/pcb4;B;clip;dino_imgmax_mad1.5;audit_remove;0.3;0;10;10;3;1;1;;;;0.900198;0.756766;0.08;0.4;1.05
2026-07-22T01:05:01;VisA/pcb4;B;clip;;oracle_remove;0.3;0;10;10;3;3;3;;;;0.952871;0.892645;0.46;0.64;0.86
2026-07-22T01:05:02;VisA/pcb4;B;clip;dino_imgmax_mad1.5;audit_remove;0.3;1;10;10;3;2;2;;;;0.95604;0.870925;0.42;0.7;0.88
2026-07-22T01:05:03;VisA/pcb4;B;clip;;oracle_remove;0.3;1;10;10;3;3;3;;;;0.966337;0.884296;0.3;0.84;0.86
2026-07-22T01:05:04;VisA/pcb4;B;clip;dino_imgmax_mad1.5;audit_remove;0.3;2;10;10;3;2;2;;;;0.821386;0.53363;0.0;0.0;0.92
2026-07-22T01:05:05;VisA/pcb4;B;clip;;oracle_remove;0.3;2;10;10;3;3;3;;;;0.829307;0.549474;0.0;0.04;0.83
2026-07-22T01:05:06;VisA/pcb4;B;clip;dino_imgmax_mad1.5;audit_remove;0.3;3;10;10;3;0;0;;;;0.710693;0.460065;0.0;0.02;1.13
2026-07-22T01:05:07;VisA/pcb4;B;clip;;oracle_remove;0.3;3;10;10;3;3;3;;;;0.858416;0.644955;0.04;0.2;0.79
2026-07-22T01:05:08;VisA/pcb4;B;clip;dino_imgmax_mad1.5;audit_remove;0.3;4;10;10;3;1;1;;;;0.948911;0.860852;0.3;0.64;1.04
2026-07-22T01:05:09;VisA/pcb4;B;clip;;oracle_remove;0.3;4;10;10;3;3;3;;;;0.96396;0.910843;0.38;0.82;0.81
2026-07-22T01:05:30;VisA/pcb4;B;dinov2;dino_imgmax_mad1.5;audit_remove;0.3;0;10;10;3;1;1;;;;0.933267;0.804393;0.06;0.46;14.68
2026-07-22T01:05:41;VisA/pcb4;B;dinov2;;oracle_remove;0.3;0;10;10;3;3;3;;;;0.965941;0.899447;0.2;0.82;11.72
2026-07-22T01:05:55;VisA/pcb4;B;dinov2;dino_imgmax_mad1.5;audit_remove;0.3;1;10;10;3;2;2;;;;0.90198;0.717109;0.12;0.24;13.11
2026-07-22T01:06:06;VisA/pcb4;B;dinov2;;oracle_remove;0.3;1;10;10;3;3;3;;;;0.923366;0.796542;0.22;0.34;11.55
2026-07-22T01:06:19;VisA/pcb4;B;dinov2;dino_imgmax_mad1.5;audit_remove;0.3;2;10;10;3;2;2;;;;0.930495;0.85579;0.32;0.52;13.0
2026-07-22T01:06:31;VisA/pcb4;B;dinov2;;oracle_remove;0.3;2;10;10;3;3;3;;;;0.955644;0.917522;0.58;0.66;11.52
2026-07-22T01:06:47;VisA/pcb4;B;dinov2;dino_imgmax_mad1.5;audit_remove;0.3;3;10;10;3;0;0;;;;0.813663;0.557151;0.0;0.06;16.39
2026-07-22T01:06:59;VisA/pcb4;B;dinov2;;oracle_remove;0.3;3;10;10;3;3;3;;;;0.869703;0.656293;0.06;0.18;11.44
2026-07-22T01:07:13;VisA/pcb4;B;dinov2;dino_imgmax_mad1.5;audit_remove;0.3;4;10;10;3;1;1;;;;0.938614;0.853665;0.2;0.5;14.57
2026-07-22T01:07:25;VisA/pcb4;B;dinov2;;oracle_remove;0.3;4;10;10;3;3;3;;;;0.972475;0.939286;0.42;0.82;11.78
2026-07-22T01:07:39;VisA/pipe_fryum;B;dino;dino_imgmax_mad1.5;audit_remove;0.0;0;10;10;0;1;0;0;0;0;0.734;0.807943;0.38;0.48;5.66
2026-07-22T01:07:45;VisA/pipe_fryum;B;dino;dino_imgmax_mad1.5;audit_recapture;0.0;0;10;10;0;1;0;0;0;0;0.718;0.802178;0.42;0.48;6.29
2026-07-22T01:07:51;VisA/pipe_fryum;B;dino;dino_imgmax_mad1.5;audit_remove;0.3;0;10;10;3;3;3;1;2;3;0.716;0.789252;0.3;0.48;4.6
2026-07-22T01:07:57;VisA/pipe_fryum;B;dino;dino_imgmax_mad1.5;audit_recapture;0.3;0;10;10;3;3;3;1;2;3;0.716;0.793272;0.3;0.48;6.34
2026-07-22T01:08:02;VisA/pipe_fryum;B;dino;;oracle_remove;0.3;0;10;10;3;3;3;;;;0.716;0.789252;0.3;0.48;4.63
2026-07-22T01:08:07;VisA/pipe_fryum;B;dino;dino_imgmax_mad1.5;base_knn;0.3;0;10;10;3;2;1;;;;0.6896;0.767567;0.28;0.44;5.1
2026-07-22T01:08:13;VisA/pipe_fryum;B;dino;dino_imgmax_mad1.5;base_lof;0.3;0;10;10;3;2;1;;;;0.6896;0.767567;0.28;0.44;5.24
2026-07-22T01:08:19;VisA/pipe_fryum;B;dino;dino_imgmax_mad1.5;base_iforest;0.3;0;10;10;3;0;0;;;;0.7032;0.779942;0.28;0.44;6.26
2026-07-22T01:08:26;VisA/pipe_fryum;B;dino;dino_imgmax_mad1.5;audit_remove;0.0;1;10;10;0;1;0;0;0;0;0.686;0.763456;0.32;0.42;5.7
2026-07-22T01:08:32;VisA/pipe_fryum;B;dino;dino_imgmax_mad1.5;audit_recapture;0.0;1;10;10;0;1;0;0;0;0;0.6928;0.771207;0.36;0.4;6.54
2026-07-22T01:08:39;VisA/pipe_fryum;B;dino;dino_imgmax_mad1.5;audit_remove;0.3;1;10;10;3;0;0;1;2;2;0.662;0.74775;0.3;0.42;6.28
2026-07-22T01:08:46;VisA/pipe_fryum;B;dino;dino_imgmax_mad1.5;audit_recapture;0.3;1;10;10;3;0;0;1;2;2;0.662;0.74775;0.3;0.42;6.45
2026-07-22T01:08:50;VisA/pipe_fryum;B;dino;;oracle_remove;0.3;1;10;10;3;3;3;;;;0.7072;0.779068;0.38;0.4;4.58
2026-07-22T01:08:56;VisA/pipe_fryum;B;dino;dino_imgmax_mad1.5;base_knn;0.3;1;10;10;3;1;1;;;;0.6652;0.749616;0.3;0.42;5.74
2026-07-22T01:09:02;VisA/pipe_fryum;B;dino;dino_imgmax_mad1.5;base_lof;0.3;1;10;10;3;1;1;;;;0.6652;0.749616;0.3;0.42;5.76
2026-07-22T01:09:08;VisA/pipe_fryum;B;dino;dino_imgmax_mad1.5;base_iforest;0.3;1;10;10;3;0;0;;;;0.662;0.74775;0.3;0.42;6.36
2026-07-22T01:09:15;VisA/pipe_fryum;B;dino;dino_imgmax_mad1.5;audit_remove;0.0;2;10;10;0;1;0;0;0;0;0.7336;0.763078;0.2;0.34;5.67
2026-07-22T01:09:21;VisA/pipe_fryum;B;dino;dino_imgmax_mad1.5;audit_recapture;0.0;2;10;10;0;1;0;0;0;0;0.74;0.768988;0.2;0.34;6.26
2026-07-22T01:09:28;VisA/pipe_fryum;B;dino;dino_imgmax_mad1.5;audit_remove;0.3;2;10;10;3;2;2;1;2;3;0.6896;0.736212;0.18;0.32;5.13
2026-07-22T01:09:34;VisA/pipe_fryum;B;dino;dino_imgmax_mad1.5;audit_recapture;0.3;2;10;10;3;2;2;1;2;3;0.7032;0.748127;0.18;0.34;6.34
2026-07-22T01:09:38;VisA/pipe_fryum;B;dino;;oracle_remove;0.3;2;10;10;3;3;3;;;;0.6824;0.733293;0.16;0.36;4.52
2026-07-22T01:09:44;VisA/pipe_fryum;B;dino;dino_imgmax_mad1.5;base_knn;0.3;2;10;10;3;1;1;;;;0.684;0.736299;0.18;0.34;5.87
2026-07-22T01:09:49;VisA/pipe_fryum;B;dino;dino_imgmax_mad1.5;base_lof;0.3;2;10;10;3;3;1;;;;0.6504;0.709084;0.16;0.3;4.5
2026-07-22T01:09:55;VisA/pipe_fryum;B;dino;dino_imgmax_mad1.5;base_iforest;0.3;2;10;10;3;1;1;;;;0.684;0.736299;0.18;0.34;5.66
2026-07-22T01:10:01;VisA/pipe_fryum;B;dino;dino_imgmax_mad1.5;audit_remove;0.0;3;10;10;0;1;0;0;0;0;0.812;0.850848;0.38;0.54;5.61
2026-07-22T01:10:08;VisA/pipe_fryum;B;dino;dino_imgmax_mad1.5;audit_recapture;0.0;3;10;10;0;1;0;0;0;0;0.808;0.849083;0.4;0.54;6.38
2026-07-22T01:10:14;VisA/pipe_fryum;B;dino;dino_imgmax_mad1.5;audit_remove;0.3;3;10;10;3;1;1;1;1;1;0.7848;0.833883;0.32;0.54;5.6
2026-07-22T01:10:21;VisA/pipe_fryum;B;dino;dino_imgmax_mad1.5;audit_recapture;0.3;3;10;10;3;1;1;1;1;1;0.782;0.835694;0.34;0.52;6.35
2026-07-22T01:10:25;VisA/pipe_fryum;B;dino;;oracle_remove;0.3;3;10;10;3;3;3;;;;0.812;0.847932;0.34;0.5;4.6
2026-07-22T01:10:31;VisA/pipe_fryum;B;dino;dino_imgmax_mad1.5;base_knn;0.3;3;10;10;3;2;1;;;;0.7856;0.837559;0.32;0.46;5.14
2026-07-22T01:10:36;VisA/pipe_fryum;B;dino;dino_imgmax_mad1.5;base_lof;0.3;3;10;10;3;2;1;;;;0.7856;0.837559;0.32;0.46;5.2
2026-07-22T01:10:41;VisA/pipe_fryum;B;dino;dino_imgmax_mad1.5;base_iforest;0.3;3;10;10;3;1;1;;;;0.7848;0.833883;0.32;0.54;5.71
2026-07-22T01:10:48;VisA/pipe_fryum;B;dino;dino_imgmax_mad1.5;audit_remove;0.0;4;10;10;0;1;0;0;0;0;0.736;0.790685;0.32;0.46;5.92
2026-07-22T01:10:55;VisA/pipe_fryum;B;dino;dino_imgmax_mad1.5;audit_recapture;0.0;4;10;10;0;1;0;0;0;0;0.7476;0.801639;0.34;0.48;6.55
2026-07-22T01:11:00;VisA/pipe_fryum;B;dino;dino_imgmax_mad1.5;audit_remove;0.3;4;10;10;3;3;3;1;2;3;0.734;0.791544;0.34;0.48;4.48
2026-07-22T01:11:07;VisA/pipe_fryum;B;dino;dino_imgmax_mad1.5;audit_recapture;0.3;4;10;10;3;3;3;1;2;3;0.7408;0.791919;0.3;0.44;6.36
2026-07-22T01:11:11;VisA/pipe_fryum;B;dino;;oracle_remove;0.3;4;10;10;3;3;3;;;;0.734;0.791544;0.34;0.48;4.6
2026-07-22T01:11:17;VisA/pipe_fryum;B;dino;dino_imgmax_mad1.5;base_knn;0.3;4;10;10;3;1;1;;;;0.716;0.766591;0.28;0.38;5.65
2026-07-22T01:11:23;VisA/pipe_fryum;B;dino;dino_imgmax_mad1.5;base_lof;0.3;4;10;10;3;1;1;;;;0.716;0.766591;0.28;0.38;5.68
2026-07-22T01:11:29;VisA/pipe_fryum;B;dino;dino_imgmax_mad1.5;base_iforest;0.3;4;10;10;3;1;1;;;;0.716;0.766591;0.28;0.38;5.72
2026-07-22T01:11:30;VisA/pipe_fryum;B;clip;dino_imgmax_mad1.5;audit_remove;0.3;0;10;10;3;3;3;;;;0.8336;0.862004;0.42;0.5;0.52
2026-07-22T01:11:30;VisA/pipe_fryum;B;clip;;oracle_remove;0.3;0;10;10;3;3;3;;;;0.8336;0.862004;0.42;0.5;0.57
2026-07-22T01:11:31;VisA/pipe_fryum;B;clip;dino_imgmax_mad1.5;audit_remove;0.3;1;10;10;3;0;0;;;;0.856;0.876492;0.46;0.52;0.73
2026-07-22T01:11:32;VisA/pipe_fryum;B;clip;;oracle_remove;0.3;1;10;10;3;3;3;;;;0.87;0.892322;0.52;0.6;0.59
2026-07-22T01:11:32;VisA/pipe_fryum;B;clip;dino_imgmax_mad1.5;audit_remove;0.3;2;10;10;3;2;2;;;;0.8404;0.863944;0.4;0.6;0.61
2026-07-22T01:11:33;VisA/pipe_fryum;B;clip;;oracle_remove;0.3;2;10;10;3;3;3;;;;0.8444;0.863311;0.4;0.52;0.54
2026-07-22T01:11:34;VisA/pipe_fryum;B;clip;dino_imgmax_mad1.5;audit_remove;0.3;3;10;10;3;1;1;;;;0.8776;0.894829;0.48;0.58;0.66
2026-07-22T01:11:34;VisA/pipe_fryum;B;clip;;oracle_remove;0.3;3;10;10;3;3;3;;;;0.8852;0.901369;0.52;0.58;0.54
2026-07-22T01:11:35;VisA/pipe_fryum;B;clip;dino_imgmax_mad1.5;audit_remove;0.3;4;10;10;3;3;3;;;;0.8668;0.879758;0.42;0.54;0.5
2026-07-22T01:11:35;VisA/pipe_fryum;B;clip;;oracle_remove;0.3;4;10;10;3;3;3;;;;0.8668;0.879758;0.42;0.54;0.56
2026-07-22T01:11:46;VisA/pipe_fryum;B;dinov2;dino_imgmax_mad1.5;audit_remove;0.3;0;10;10;3;3;3;;;;0.6488;0.718388;0.24;0.34;7.7
2026-07-22T01:11:54;VisA/pipe_fryum;B;dinov2;;oracle_remove;0.3;0;10;10;3;3;3;;;;0.6488;0.718388;0.24;0.34;7.85
2026-07-22T01:12:05;VisA/pipe_fryum;B;dinov2;dino_imgmax_mad1.5;audit_remove;0.3;1;10;10;3;0;0;;;;0.608;0.690989;0.26;0.3;10.77
2026-07-22T01:12:13;VisA/pipe_fryum;B;dinov2;;oracle_remove;0.3;1;10;10;3;3;3;;;;0.6776;0.749513;0.3;0.32;7.75
2026-07-22T01:12:21;VisA/pipe_fryum;B;dinov2;dino_imgmax_mad1.5;audit_remove;0.3;2;10;10;3;2;2;;;;0.6136;0.67126;0.16;0.16;8.79
2026-07-22T01:12:29;VisA/pipe_fryum;B;dinov2;;oracle_remove;0.3;2;10;10;3;3;3;;;;0.6296;0.677884;0.16;0.16;7.77
2026-07-22T01:12:39;VisA/pipe_fryum;B;dinov2;dino_imgmax_mad1.5;audit_remove;0.3;3;10;10;3;1;1;;;;0.7092;0.775069;0.28;0.36;9.69
2026-07-22T01:12:46;VisA/pipe_fryum;B;dinov2;;oracle_remove;0.3;3;10;10;3;3;3;;;;0.7344;0.790662;0.28;0.4;7.62
2026-07-22T01:12:54;VisA/pipe_fryum;B;dinov2;dino_imgmax_mad1.5;audit_remove;0.3;4;10;10;3;3;3;;;;0.638;0.715231;0.24;0.3;7.51
2026-07-22T01:13:02;VisA/pipe_fryum;B;dinov2;;oracle_remove;0.3;4;10;10;3;3;3;;;;0.638;0.715231;0.24;0.3;7.7
2026-07-22T01:13:23;mvtec_loco_AD/breakfast_box;B;dino;dino_imgmax_mad1.5;audit_remove;0.0;0;10;10;0;0;0;0;0;0;0.729885;0.778077;0.37931;0.45977;12.18
2026-07-22T01:13:35;mvtec_loco_AD/breakfast_box;B;dino;dino_imgmax_mad1.5;audit_recapture;0.0;0;10;10;0;0;0;0;0;0;0.729885;0.778077;0.37931;0.45977;11.98
2026-07-22T01:13:44;mvtec_loco_AD/breakfast_box;B;dino;dino_imgmax_mad1.5;audit_remove;0.3;0;10;10;3;3;3;1;2;3;0.739576;0.797009;0.471264;0.517241;8.69
2026-07-22T01:13:56;mvtec_loco_AD/breakfast_box;B;dino;dino_imgmax_mad1.5;audit_recapture;0.3;0;10;10;3;3;3;1;2;3;0.746563;0.804756;0.494253;0.517241;12.05
2026-07-22T01:14:05;mvtec_loco_AD/breakfast_box;B;dino;;oracle_remove;0.3;0;10;10;3;3;3;;;;0.739576;0.797009;0.471264;0.517241;8.74
2026-07-22T01:14:16;mvtec_loco_AD/breakfast_box;B;dino;dino_imgmax_mad1.5;base_knn;0.3;0;10;10;3;1;1;;;;0.748366;0.803939;0.436782;0.517241;10.87
2026-07-22T01:14:26;mvtec_loco_AD/breakfast_box;B;dino;dino_imgmax_mad1.5;base_lof;0.3;0;10;10;3;2;1;;;;0.75986;0.809868;0.448276;0.505747;9.78
2026-07-22T01:14:36;mvtec_loco_AD/breakfast_box;B;dino;dino_imgmax_mad1.5;base_iforest;0.3;0;10;10;3;2;2;;;;0.744985;0.798999;0.402299;0.517241;9.62
2026-07-22T01:14:45;mvtec_loco_AD/breakfast_box;B;dino;dino_imgmax_mad1.5;audit_remove;0.0;1;10;10;0;3;0;0;0;0;0.74769;0.793364;0.413793;0.482759;8.57
2026-07-22T01:14:58;mvtec_loco_AD/breakfast_box;B;dino;dino_imgmax_mad1.5;audit_recapture;0.0;1;10;10;0;3;0;0;0;0;0.754226;0.796215;0.390805;0.482759;12.28
2026-07-22T01:15:08;mvtec_loco_AD/breakfast_box;B;dino;dino_imgmax_mad1.5;audit_remove;0.3;1;10;10;3;2;2;1;2;2;0.750169;0.794895;0.448276;0.482759;9.65
2026-07-22T01:15:20;mvtec_loco_AD/breakfast_box;B;dino;dino_imgmax_mad1.5;audit_recapture;0.3;1;10;10;3;2;2;1;2;2;0.764931;0.806306;0.436782;0.482759;12.05
2026-07-22T01:15:29;mvtec_loco_AD/breakfast_box;B;dino;;oracle_remove;0.3;1;10;10;3;3;3;;;;0.736984;0.787082;0.436782;0.505747;8.78
2026-07-22T01:15:37;mvtec_loco_AD/breakfast_box;B;dino;dino_imgmax_mad1.5;base_knn;0.3;1;10;10;3;4;3;;;;0.726279;0.775568;0.402299;0.425287;7.7
2026-07-22T01:15:44;mvtec_loco_AD/breakfast_box;B;dino;dino_imgmax_mad1.5;base_lof;0.3;1;10;10;3;4;3;;;;0.726279;0.775568;0.402299;0.425287;7.48
2026-07-22T01:15:54;mvtec_loco_AD/breakfast_box;B;dino;dino_imgmax_mad1.5;base_iforest;0.3;1;10;10;3;2;2;;;;0.731801;0.775948;0.402299;0.45977;9.73
2026-07-22T01:16:04;mvtec_loco_AD/breakfast_box;B;dino;dino_imgmax_mad1.5;audit_remove;0.0;2;10;10;0;3;0;0;0;0;0.787469;0.82645;0.448276;0.551724;8.65
2026-07-22T01:16:16;mvtec_loco_AD/breakfast_box;B;dino;dino_imgmax_mad1.5;audit_recapture;0.0;2;10;10;0;3;0;0;0;0;0.767523;0.813314;0.471264;0.551724;12.43
2026-07-22T01:16:28;mvtec_loco_AD/breakfast_box;B;dino;dino_imgmax_mad1.5;audit_remove;0.3;2;10;10;3;1;1;1;2;2;0.78206;0.819933;0.45977;0.528736;10.8
2026-07-22T01:16:41;mvtec_loco_AD/breakfast_box;B;dino;dino_imgmax_mad1.5;audit_recapture;0.3;2;10;10;3;1;1;1;2;2;0.772369;0.814591;0.45977;0.528736;12.37
2026-07-22T01:16:49;mvtec_loco_AD/breakfast_box;B;dino;;oracle_remove;0.3;2;10;10;3;3;3;;;;0.796033;0.83625;0.494253;0.551724;8.72
2026-07-22T01:16:59;mvtec_loco_AD/breakfast_box;B;dino;dino_imgmax_mad1.5;base_knn;0.3;2;10;10;3;2;2;;;;0.790061;0.829462;0.505747;0.54023;9.77
2026-07-22T01:17:09;mvtec_loco_AD/breakfast_box;B;dino;dino_imgmax_mad1.5;base_lof;0.3;2;10;10;3;2;2;;;;0.790061;0.829462;0.505747;0.54023;9.77
2026-07-22T01:17:20;mvtec_loco_AD/breakfast_box;B;dino;dino_imgmax_mad1.5;base_iforest;0.3;2;10;10;3;1;1;;;;0.77451;0.817993;0.471264;0.517241;10.96
2026-07-22T01:17:31;mvtec_loco_AD/breakfast_box;B;dino;dino_imgmax_mad1.5;audit_remove;0.0;3;10;10;0;2;0;0;0;0;0.713996;0.766937;0.367816;0.471264;9.83
2026-07-22T01:17:43;mvtec_loco_AD/breakfast_box;B;dino;dino_imgmax_mad1.5;audit_recapture;0.0;3;10;10;0;2;0;0;0;0;0.71625;0.764942;0.37931;0.436782;12.05
2026-07-22T01:17:54;mvtec_loco_AD/breakfast_box;B;dino;dino_imgmax_mad1.5;audit_remove;0.3;3;10;10;3;2;2;1;2;2;0.705094;0.760871;0.37931;0.413793;9.78
2026-07-22T01:18:06;mvtec_loco_AD/breakfast_box;B;dino;dino_imgmax_mad1.5;audit_recapture;0.3;3;10;10;3;2;2;1;2;2;0.713996;0.760211;0.356322;0.413793;12.14
2026-07-22T01:18:14;mvtec_loco_AD/breakfast_box;B;dino;;oracle_remove;0.3;3;10;10;3;3;3;;;;0.704192;0.75855;0.367816;0.436782;8.5
2026-07-22T01:18:22;mvtec_loco_AD/breakfast_box;B;dino;dino_imgmax_mad1.5;base_knn;0.3;3;10;10;3;4;3;;;;0.71794;0.763897;0.356322;0.390805;7.45
2026-07-22T01:18:30;mvtec_loco_AD/breakfast_box;B;dino;dino_imgmax_mad1.5;base_lof;0.3;3;10;10;3;4;3;;;;0.71794;0.763897;0.356322;0.390805;7.47
2026-07-22T01:18:39;mvtec_loco_AD/breakfast_box;B;dino;dino_imgmax_mad1.5;base_iforest;0.3;3;10;10;3;2;2;;;;0.700811;0.758502;0.37931;0.425287;9.85
2026-07-22T01:18:51;mvtec_loco_AD/breakfast_box;B;dino;dino_imgmax_mad1.5;audit_remove;0.0;4;10;10;0;1;0;0;0;0;0.768425;0.811044;0.390805;0.471264;10.66
2026-07-22T01:19:03;mvtec_loco_AD/breakfast_box;B;dino;dino_imgmax_mad1.5;audit_recapture;0.0;4;10;10;0;1;0;0;0;0;0.764142;0.806415;0.402299;0.448276;11.98
2026-07-22T01:19:15;mvtec_loco_AD/breakfast_box;B;dino;dino_imgmax_mad1.5;audit_remove;0.3;4;10;10;3;1;1;1;2;2;0.742055;0.775467;0.333333;0.402299;10.7
2026-07-22T01:19:27;mvtec_loco_AD/breakfast_box;B;dino;dino_imgmax_mad1.5;audit_recapture;0.3;4;10;10;3;1;1;1;2;2;0.74183;0.778534;0.344828;0.436782;12.04
2026-07-22T01:19:36;mvtec_loco_AD/breakfast_box;B;dino;;oracle_remove;0.3;4;10;10;3;3;3;;;;0.78499;0.821032;0.436782;0.528736;8.67
2026-07-22T01:19:44;mvtec_loco_AD/breakfast_box;B;dino;dino_imgmax_mad1.5;base_knn;0.3;4;10;10;3;3;3;;;;0.78499;0.821032;0.436782;0.528736;8.72
2026-07-22T01:19:52;mvtec_loco_AD/breakfast_box;B;dino;dino_imgmax_mad1.5;base_lof;0.3;4;10;10;3;4;3;;;;0.781271;0.818183;0.402299;0.528736;7.34
2026-07-22T01:20:02;mvtec_loco_AD/breakfast_box;B;dino;dino_imgmax_mad1.5;base_iforest;0.3;4;10;10;3;2;2;;;;0.773946;0.812536;0.425287;0.505747;9.96
2026-07-22T01:20:04;mvtec_loco_AD/breakfast_box;B;clip;dino_imgmax_mad1.5;audit_remove;0.3;0;10;10;3;3;3;;;;0.79378;0.801804;0.310345;0.390805;1.0
2026-07-22T01:20:05;mvtec_loco_AD/breakfast_box;B;clip;;oracle_remove;0.3;0;10;10;3;3;3;;;;0.79378;0.801804;0.310345;0.390805;0.96
2026-07-22T01:20:06;mvtec_loco_AD/breakfast_box;B;clip;dino_imgmax_mad1.5;audit_remove;0.3;1;10;10;3;2;2;;;;0.777214;0.789946;0.321839;0.402299;1.13
2026-07-22T01:20:07;mvtec_loco_AD/breakfast_box;B;clip;;oracle_remove;0.3;1;10;10;3;3;3;;;;0.770566;0.794851;0.310345;0.471264;1.03
2026-07-22T01:20:08;mvtec_loco_AD/breakfast_box;B;clip;dino_imgmax_mad1.5;audit_remove;0.3;2;10;10;3;1;1;;;;0.773721;0.804664;0.402299;0.505747;1.26
2026-07-22T01:20:09;mvtec_loco_AD/breakfast_box;B;clip;;oracle_remove;0.3;2;10;10;3;3;3;;;;0.790962;0.808944;0.287356;0.494253;1.0
2026-07-22T01:20:10;mvtec_loco_AD/breakfast_box;B;clip;dino_imgmax_mad1.5;audit_remove;0.3;3;10;10;3;2;2;;;;0.75648;0.785738;0.37931;0.425287;1.05
2026-07-22T01:20:11;mvtec_loco_AD/breakfast_box;B;clip;;oracle_remove;0.3;3;10;10;3;3;3;;;;0.771693;0.796812;0.333333;0.471264;0.98
2026-07-22T01:20:12;mvtec_loco_AD/breakfast_box;B;clip;dino_imgmax_mad1.5;audit_remove;0.3;4;10;10;3;1;1;;;;0.716813;0.747316;0.275862;0.344828;1.23
2026-07-22T01:20:13;mvtec_loco_AD/breakfast_box;B;clip;;oracle_remove;0.3;4;10;10;3;3;3;;;;0.742619;0.782573;0.37931;0.425287;1.0
2026-07-22T01:20:31;mvtec_loco_AD/breakfast_box;B;dinov2;dino_imgmax_mad1.5;audit_remove;0.3;0;10;10;3;3;3;;;;0.766622;0.804416;0.425287;0.505747;14.57
2026-07-22T01:20:46;mvtec_loco_AD/breakfast_box;B;dinov2;;oracle_remove;0.3;0;10;10;3;3;3;;;;0.766622;0.804416;0.425287;0.505747;14.69
2026-07-22T01:21:03;mvtec_loco_AD/breakfast_box;B;dinov2;dino_imgmax_mad1.5;audit_remove;0.3;1;10;10;3;2;2;;;;0.75062;0.784726;0.344828;0.448276;16.64
2026-07-22T01:21:17;mvtec_loco_AD/breakfast_box;B;dinov2;;oracle_remove;0.3;1;10;10;3;3;3;;;;0.732702;0.77506;0.333333;0.471264;14.56
2026-07-22T01:21:36;mvtec_loco_AD/breakfast_box;B;dinov2;dino_imgmax_mad1.5;audit_remove;0.3;2;10;10;3;1;1;;;;0.738224;0.764397;0.333333;0.356322;18.43
2026-07-22T01:21:51;mvtec_loco_AD/breakfast_box;B;dinov2;;oracle_remove;0.3;2;10;10;3;3;3;;;;0.756592;0.794556;0.390805;0.448276;14.78
2026-07-22T01:22:07;mvtec_loco_AD/breakfast_box;B;dinov2;dino_imgmax_mad1.5;audit_remove;0.3;3;10;10;3;2;2;;;;0.736759;0.77071;0.310345;0.425287;16.39
2026-07-22T01:22:22;mvtec_loco_AD/breakfast_box;B;dinov2;;oracle_remove;0.3;3;10;10;3;3;3;;;;0.747352;0.779875;0.321839;0.413793;14.57
2026-07-22T01:22:40;mvtec_loco_AD/breakfast_box;B;dinov2;dino_imgmax_mad1.5;audit_remove;0.3;4;10;10;3;1;1;;;;0.732252;0.757221;0.206897;0.413793;18.63
2026-07-22T01:22:55;mvtec_loco_AD/breakfast_box;B;dinov2;;oracle_remove;0.3;4;10;10;3;3;3;;;;0.76865;0.797389;0.310345;0.436782;14.45
2026-07-22T01:23:17;mvtec_loco_AD/juice_bottle;B;dino;dino_imgmax_mad1.5;audit_remove;0.0;0;10;10;0;0;0;0;0;0;0.843401;0.898666;0.516949;0.644068;13.62
2026-07-22T01:23:31;mvtec_loco_AD/juice_bottle;B;dino;dino_imgmax_mad1.5;audit_recapture;0.0;0;10;10;0;0;0;0;0;0;0.843401;0.898666;0.516949;0.644068;13.49
2026-07-22T01:23:44;mvtec_loco_AD/juice_bottle;B;dino;dino_imgmax_mad1.5;audit_remove;0.3;0;10;10;3;1;1;1;1;1;0.836098;0.895553;0.576271;0.601695;12.35
2026-07-22T01:23:58;mvtec_loco_AD/juice_bottle;B;dino;dino_imgmax_mad1.5;audit_recapture;0.3;0;10;10;3;1;1;1;1;1;0.840335;0.89538;0.525424;0.627119;13.55
2026-07-22T01:24:08;mvtec_loco_AD/juice_bottle;B;dino;;oracle_remove;0.3;0;10;10;3;3;3;;;;0.824739;0.884314;0.483051;0.542373;9.86
2026-07-22T01:24:19;mvtec_loco_AD/juice_bottle;B;dino;dino_imgmax_mad1.5;base_knn;0.3;0;10;10;3;2;0;;;;0.816895;0.879395;0.491525;0.567797;11.14
2026-07-22T01:24:31;mvtec_loco_AD/juice_bottle;B;dino;dino_imgmax_mad1.5;base_lof;0.3;0;10;10;3;1;0;;;;0.839975;0.89709;0.576271;0.610169;12.06
2026-07-22T01:24:43;mvtec_loco_AD/juice_bottle;B;dino;dino_imgmax_mad1.5;base_iforest;0.3;0;10;10;3;1;0;;;;0.839975;0.89709;0.576271;0.610169;12.34
2026-07-22T01:24:57;mvtec_loco_AD/juice_bottle;B;dino;dino_imgmax_mad1.5;audit_remove;0.0;1;10;10;0;1;0;0;0;0;0.86612;0.911562;0.483051;0.686441;12.23
2026-07-22T01:25:10;mvtec_loco_AD/juice_bottle;B;dino;dino_imgmax_mad1.5;audit_recapture;0.0;1;10;10;0;1;0;0;0;0;0.852596;0.901656;0.542373;0.618644;13.65
2026-07-22T01:25:25;mvtec_loco_AD/juice_bottle;B;dino;dino_imgmax_mad1.5;audit_remove;0.3;1;10;10;3;0;0;1;2;2;0.797872;0.856819;0.423729;0.491525;13.82
2026-07-22T01:25:39;mvtec_loco_AD/juice_bottle;B;dino;dino_imgmax_mad1.5;audit_recapture;0.3;1;10;10;3;0;0;1;2;2;0.797872;0.856819;0.423729;0.491525;13.58
2026-07-22T01:25:48;mvtec_loco_AD/juice_bottle;B;dino;;oracle_remove;0.3;1;10;10;3;3;3;;;;0.795528;0.855005;0.466102;0.466102;9.56
2026-07-22T01:26:00;mvtec_loco_AD/juice_bottle;B;dino;dino_imgmax_mad1.5;base_knn;0.3;1;10;10;3;2;1;;;;0.775243;0.83457;0.381356;0.449153;11.0
2026-07-22T01:26:09;mvtec_loco_AD/juice_bottle;B;dino;dino_imgmax_mad1.5;base_lof;0.3;1;10;10;3;3;2;;;;0.757212;0.822388;0.355932;0.389831;9.81
2026-07-22T01:26:20;mvtec_loco_AD/juice_bottle;B;dino;dino_imgmax_mad1.5;base_iforest;0.3;1;10;10;3;2;1;;;;0.775243;0.83457;0.381356;0.449153;11.01
2026-07-22T01:26:34;mvtec_loco_AD/juice_bottle;B;dino;dino_imgmax_mad1.5;audit_remove;0.0;2;10;10;0;1;0;0;0;0;0.817887;0.864723;0.355932;0.466102;12.28
2026-07-22T01:26:47;mvtec_loco_AD/juice_bottle;B;dino;dino_imgmax_mad1.5;audit_recapture;0.0;2;10;10;0;1;0;0;0;0;0.810404;0.856575;0.322034;0.415254;13.64
2026-07-22T01:26:59;mvtec_loco_AD/juice_bottle;B;dino;dino_imgmax_mad1.5;audit_remove;0.3;2;10;10;3;2;1;1;1;2;0.778399;0.827374;0.29661;0.389831;10.92
2026-07-22T01:27:13;mvtec_loco_AD/juice_bottle;B;dino;dino_imgmax_mad1.5;audit_recapture;0.3;2;10;10;3;2;1;1;1;2;0.775604;0.821916;0.313559;0.364407;13.4
2026-07-22T01:27:23;mvtec_loco_AD/juice_bottle;B;dino;;oracle_remove;0.3;2;10;10;3;3;3;;;;0.812387;0.860476;0.364407;0.466102;10.02
2026-07-22T01:27:35;mvtec_loco_AD/juice_bottle;B;dino;dino_imgmax_mad1.5;base_knn;0.3;2;10;10;3;1;0;;;;0.7793;0.829333;0.305085;0.389831;12.17
2026-07-22T01:27:46;mvtec_loco_AD/juice_bottle;B;dino;dino_imgmax_mad1.5;base_lof;0.3;2;10;10;3;2;0;;;;0.773891;0.828921;0.305085;0.389831;11.06
2026-07-22T01:27:58;mvtec_loco_AD/juice_bottle;B;dino;dino_imgmax_mad1.5;base_iforest;0.3;2;10;10;3;1;0;;;;0.7793;0.829333;0.305085;0.389831;12.15
2026-07-22T01:28:08;mvtec_loco_AD/juice_bottle;B;dino;dino_imgmax_mad1.5;audit_remove;0.0;3;10;10;0;4;0;0;0;0;0.821854;0.864383;0.338983;0.423729;8.34
2026-07-22T01:28:21;mvtec_loco_AD/juice_bottle;B;dino;dino_imgmax_mad1.5;audit_recapture;0.0;3;10;10;0;4;0;0;0;0;0.852146;0.890151;0.389831;0.449153;13.49
2026-07-22T01:28:32;mvtec_loco_AD/juice_bottle;B;dino;dino_imgmax_mad1.5;audit_remove;0.3;3;10;10;3;3;2;1;1;2;0.887216;0.922205;0.483051;0.644068;9.61
2026-07-22T01:28:45;mvtec_loco_AD/juice_bottle;B;dino;dino_imgmax_mad1.5;audit_recapture;0.3;3;10;10;3;3;2;1;1;2;0.89524;0.931308;0.610169;0.661017;13.57
2026-07-22T01:28:55;mvtec_loco_AD/juice_bottle;B;dino;;oracle_remove;0.3;3;10;10;3;3;3;;;;0.882798;0.919211;0.508475;0.635593;9.51
2026-07-22T01:29:07;mvtec_loco_AD/juice_bottle;B;dino;dino_imgmax_mad1.5;base_knn;0.3;3;10;10;3;1;1;;;;0.886224;0.924175;0.5;0.635593;12.09
2026-07-22T01:29:17;mvtec_loco_AD/juice_bottle;B;dino;dino_imgmax_mad1.5;base_lof;0.3;3;10;10;3;3;2;;;;0.891183;0.927021;0.516949;0.652542;9.67
2026-07-22T01:29:30;mvtec_loco_AD/juice_bottle;B;dino;dino_imgmax_mad1.5;base_iforest;0.3;3;10;10;3;0;0;;;;0.898576;0.932449;0.525424;0.669492;13.36
2026-07-22T01:29:42;mvtec_loco_AD/juice_bottle;B;dino;dino_imgmax_mad1.5;audit_remove;0.0;4;10;10;0;2;0;0;0;0;0.771006;0.821325;0.271186;0.347458;10.88
2026-07-22T01:29:56;mvtec_loco_AD/juice_bottle;B;dino;dino_imgmax_mad1.5;audit_recapture;0.0;4;10;10;0;2;0;0;0;0;0.776145;0.827523;0.29661;0.398305;13.6
2026-07-22T01:30:06;mvtec_loco_AD/juice_bottle;B;dino;dino_imgmax_mad1.5;audit_remove;0.3;4;10;10;3;3;3;1;2;3;0.768752;0.819797;0.29661;0.330508;9.57
2026-07-22T01:30:20;mvtec_loco_AD/juice_bottle;B;dino;dino_imgmax_mad1.5;audit_recapture;0.3;4;10;10;3;3;3;1;2;3;0.787234;0.833109;0.322034;0.364407;13.63
2026-07-22T01:30:30;mvtec_loco_AD/juice_bottle;B;dino;;oracle_remove;0.3;4;10;10;3;3;3;;;;0.768752;0.819797;0.29661;0.330508;10.0
2026-07-22T01:30:42;mvtec_loco_AD/juice_bottle;B;dino;dino_imgmax_mad1.5;base_knn;0.3;4;10;10;3;2;2;;;;0.766408;0.82004;0.271186;0.372881;11.37
2026-07-22T01:30:51;mvtec_loco_AD/juice_bottle;B;dino;dino_imgmax_mad1.5;base_lof;0.3;4;10;10;3;3;3;;;;0.768752;0.819797;0.29661;0.330508;9.87
2026-07-22T01:31:04;mvtec_loco_AD/juice_bottle;B;dino;dino_imgmax_mad1.5;base_iforest;0.3;4;10;10;3;1;1;;;;0.785972;0.841962;0.372881;0.415254;12.18
2026-07-22T01:31:06;mvtec_loco_AD/juice_bottle;B;clip;dino_imgmax_mad1.5;audit_remove;0.3;0;10;10;3;1;1;;;;0.822124;0.890325;0.601695;0.601695;1.48
2026-07-22T01:31:07;mvtec_loco_AD/juice_bottle;B;clip;;oracle_remove;0.3;0;10;10;3;3;3;;;;0.818608;0.887219;0.5;0.618644;1.18
2026-07-22T01:31:09;mvtec_loco_AD/juice_bottle;B;clip;dino_imgmax_mad1.5;audit_remove;0.3;1;10;10;3;0;0;;;;0.789127;0.862904;0.474576;0.508475;1.56
2026-07-22T01:31:10;mvtec_loco_AD/juice_bottle;B;clip;;oracle_remove;0.3;1;10;10;3;3;3;;;;0.78507;0.853999;0.415254;0.491525;1.15
2026-07-22T01:31:11;mvtec_loco_AD/juice_bottle;B;clip;dino_imgmax_mad1.5;audit_remove;0.3;2;10;10;3;2;1;;;;0.737919;0.79331;0.245763;0.313559;1.27
2026-07-22T01:31:12;mvtec_loco_AD/juice_bottle;B;clip;;oracle_remove;0.3;2;10;10;3;3;3;;;;0.806076;0.866137;0.423729;0.5;1.16
2026-07-22T01:31:14;mvtec_loco_AD/juice_bottle;B;clip;dino_imgmax_mad1.5;audit_remove;0.3;3;10;10;3;3;2;;;;0.771637;0.831243;0.271186;0.40678;1.11
2026-07-22T01:31:15;mvtec_loco_AD/juice_bottle;B;clip;;oracle_remove;0.3;3;10;10;3;3;3;;;;0.812748;0.87614;0.474576;0.516949;1.16
2026-07-22T01:31:16;mvtec_loco_AD/juice_bottle;B;clip;dino_imgmax_mad1.5;audit_remove;0.3;4;10;10;3;3;3;;;;0.710151;0.745068;0.169492;0.194915;1.14
2026-07-22T01:31:17;mvtec_loco_AD/juice_bottle;B;clip;;oracle_remove;0.3;4;10;10;3;3;3;;;;0.710151;0.745068;0.169492;0.194915;1.16
2026-07-22T01:31:42;mvtec_loco_AD/juice_bottle;B;dinov2;dino_imgmax_mad1.5;audit_remove;0.3;0;10;10;3;1;1;;;;0.830689;0.888528;0.5;0.533898;20.93
2026-07-22T01:31:58;mvtec_loco_AD/juice_bottle;B;dinov2;;oracle_remove;0.3;0;10;10;3;3;3;;;;0.82564;0.886439;0.491525;0.533898;16.39
2026-07-22T01:32:21;mvtec_loco_AD/juice_bottle;B;dinov2;dino_imgmax_mad1.5;audit_remove;0.3;1;10;10;3;0;0;;;;0.772539;0.841131;0.389831;0.483051;22.9
2026-07-22T01:32:38;mvtec_loco_AD/juice_bottle;B;dinov2;;oracle_remove;0.3;1;10;10;3;3;3;;;;0.772629;0.837636;0.423729;0.466102;17.32
2026-07-22T01:32:57;mvtec_loco_AD/juice_bottle;B;dinov2;dino_imgmax_mad1.5;audit_remove;0.3;2;10;10;3;2;1;;;;0.756762;0.81994;0.305085;0.415254;18.61
2026-07-22T01:33:13;mvtec_loco_AD/juice_bottle;B;dinov2;;oracle_remove;0.3;2;10;10;3;3;3;;;;0.774071;0.829886;0.355932;0.398305;16.2
2026-07-22T01:33:29;mvtec_loco_AD/juice_bottle;B;dinov2;dino_imgmax_mad1.5;audit_remove;0.3;3;10;10;3;3;2;;;;0.836639;0.892593;0.516949;0.610169;16.18
2026-07-22T01:33:45;mvtec_loco_AD/juice_bottle;B;dinov2;;oracle_remove;0.3;3;10;10;3;3;3;;;;0.834205;0.892104;0.550847;0.59322;16.24
2026-07-22T01:34:02;mvtec_loco_AD/juice_bottle;B;dinov2;dino_imgmax_mad1.5;audit_remove;0.3;4;10;10;3;3;3;;;;0.768211;0.820507;0.305085;0.364407;16.49
2026-07-22T01:34:18;mvtec_loco_AD/juice_bottle;B;dinov2;;oracle_remove;0.3;4;10;10;3;3;3;;;;0.768211;0.820507;0.305085;0.364407;16.2
2026-07-22T01:34:40;mvtec_loco_AD/pushpins;B;dino;dino_imgmax_mad1.5;audit_remove;0.0;0;10;10;0;1;0;0;0;0;0.574823;0.469284;0.046512;0.069767;12.91
2026-07-22T01:34:54;mvtec_loco_AD/pushpins;B;dino;dino_imgmax_mad1.5;audit_recapture;0.0;0;10;10;0;1;0;0;0;0;0.589821;0.477065;0.046512;0.081395;14.32
2026-07-22T01:35:07;mvtec_loco_AD/pushpins;B;dino;dino_imgmax_mad1.5;audit_remove;0.3;0;10;10;3;2;2;1;2;3;0.571031;0.471068;0.046512;0.05814;11.88
2026-07-22T01:35:22;mvtec_loco_AD/pushpins;B;dino;dino_imgmax_mad1.5;audit_recapture;0.3;0;10;10;3;2;2;1;2;3;0.597658;0.492218;0.046512;0.093023;14.41
2026-07-22T01:35:32;mvtec_loco_AD/pushpins;B;dino;;oracle_remove;0.3;0;10;10;3;3;3;;;;0.579373;0.46905;0.046512;0.069767;10.3
2026-07-22T01:35:44;mvtec_loco_AD/pushpins;B;dino;dino_imgmax_mad1.5;base_knn;0.3;0;10;10;3;2;2;;;;0.56547;0.458028;0.046512;0.05814;11.66
2026-07-22T01:35:57;mvtec_loco_AD/pushpins;B;dino;dino_imgmax_mad1.5;base_lof;0.3;0;10;10;3;1;1;;;;0.569093;0.462341;0.046512;0.069767;12.95
2026-07-22T01:36:08;mvtec_loco_AD/pushpins;B;dino;dino_imgmax_mad1.5;base_iforest;0.3;0;10;10;3;2;1;;;;0.562353;0.456282;0.046512;0.046512;11.78
2026-07-22T01:36:24;mvtec_loco_AD/pushpins;B;dino;dino_imgmax_mad1.5;audit_remove;0.0;1;10;10;0;0;0;0;0;0;0.591928;0.489137;0.081395;0.104651;14.3
2026-07-22T01:36:38;mvtec_loco_AD/pushpins;B;dino;dino_imgmax_mad1.5;audit_recapture;0.0;1;10;10;0;0;0;0;0;0;0.591928;0.489137;0.081395;0.104651;14.22
2026-07-22T01:36:53;mvtec_loco_AD/pushpins;B;dino;dino_imgmax_mad1.5;audit_remove;0.3;1;10;10;3;0;0;0;1;1;0.658493;0.566936;0.139535;0.186047;14.16
2026-07-22T01:37:07;mvtec_loco_AD/pushpins;B;dino;dino_imgmax_mad1.5;audit_recapture;0.3;1;10;10;3;0;0;0;1;1;0.658493;0.566936;0.139535;0.186047;14.19
2026-07-22T01:37:17;mvtec_loco_AD/pushpins;B;dino;;oracle_remove;0.3;1;10;10;3;3;3;;;;0.610044;0.492809;0.069767;0.093023;9.92
2026-07-22T01:37:29;mvtec_loco_AD/pushpins;B;dino;dino_imgmax_mad1.5;base_knn;0.3;1;10;10;3;2;1;;;;0.606926;0.507982;0.05814;0.127907;11.49
2026-07-22T01:37:42;mvtec_loco_AD/pushpins;B;dino;dino_imgmax_mad1.5;base_lof;0.3;1;10;10;3;1;0;;;;0.634816;0.554374;0.139535;0.209302;13.17
2026-07-22T01:37:53;mvtec_loco_AD/pushpins;B;dino;dino_imgmax_mad1.5;base_iforest;0.3;1;10;10;3;2;1;;;;0.606926;0.507982;0.05814;0.127907;11.51
2026-07-22T01:38:06;mvtec_loco_AD/pushpins;B;dino;dino_imgmax_mad1.5;audit_remove;0.0;2;10;10;0;2;0;0;0;0;0.579963;0.440267;0.034884;0.069767;11.54
2026-07-22T01:38:21;mvtec_loco_AD/pushpins;B;dino;dino_imgmax_mad1.5;audit_recapture;0.0;2;10;10;0;2;0;0;0;0;0.588389;0.440528;0.023256;0.046512;14.55
2026-07-22T01:38:35;mvtec_loco_AD/pushpins;B;dino;dino_imgmax_mad1.5;audit_remove;0.3;2;10;10;3;1;1;1;1;2;0.612993;0.462412;0.023256;0.05814;12.89
2026-07-22T01:38:49;mvtec_loco_AD/pushpins;B;dino;dino_imgmax_mad1.5;audit_recapture;0.3;2;10;10;3;1;1;1;1;2;0.607263;0.466242;0.023256;0.05814;14.34
2026-07-22T01:38:59;mvtec_loco_AD/pushpins;B;dino;;oracle_remove;0.3;2;10;10;3;3;3;;;;0.575497;0.430745;0.023256;0.034884;10.23
2026-07-22T01:39:11;mvtec_loco_AD/pushpins;B;dino;dino_imgmax_mad1.5;base_knn;0.3;2;10;10;3;2;2;;;;0.577519;0.434548;0.023256;0.069767;11.67
2026-07-22T01:39:23;mvtec_loco_AD/pushpins;B;dino;dino_imgmax_mad1.5;base_lof;0.3;2;10;10;3;2;2;;;;0.605157;0.453194;0.023256;0.046512;11.64
2026-07-22T01:39:34;mvtec_loco_AD/pushpins;B;dino;dino_imgmax_mad1.5;base_iforest;0.3;2;10;10;3;2;2;;;;0.577519;0.434548;0.023256;0.069767;11.84
2026-07-22T01:39:46;mvtec_loco_AD/pushpins;B;dino;dino_imgmax_mad1.5;audit_remove;0.0;3;10;10;0;3;0;0;0;0;0.567829;0.499996;0.104651;0.127907;10.34
2026-07-22T01:40:00;mvtec_loco_AD/pushpins;B;dino;dino_imgmax_mad1.5;audit_recapture;0.0;3;10;10;0;3;0;0;0;0;0.56033;0.484276;0.093023;0.139535;13.96
2026-07-22T01:40:14;mvtec_loco_AD/pushpins;B;dino;dino_imgmax_mad1.5;audit_remove;0.3;3;10;10;3;1;1;1;2;2;0.535811;0.477028;0.081395;0.139535;12.7
2026-07-22T01:40:28;mvtec_loco_AD/pushpins;B;dino;dino_imgmax_mad1.5;audit_recapture;0.3;3;10;10;3;1;1;1;2;2;0.533704;0.47364;0.081395;0.127907;14.39
2026-07-22T01:40:38;mvtec_loco_AD/pushpins;B;dino;;oracle_remove;0.3;3;10;10;3;3;3;;;;0.559151;0.488373;0.081395;0.127907;10.34
2026-07-22T01:40:53;mvtec_loco_AD/pushpins;B;dino;dino_imgmax_mad1.5;base_knn;0.3;3;10;10;3;0;0;;;;0.545838;0.495332;0.093023;0.151163;14.34
2026-07-22T01:41:04;mvtec_loco_AD/pushpins;B;dino;dino_imgmax_mad1.5;base_lof;0.3;3;10;10;3;2;1;;;;0.553758;0.48762;0.104651;0.139535;11.47
2026-07-22T01:41:17;mvtec_loco_AD/pushpins;B;dino;dino_imgmax_mad1.5;base_iforest;0.3;3;10;10;3;1;1;;;;0.535811;0.477028;0.081395;0.139535;12.91
2026-07-22T01:41:30;mvtec_loco_AD/pushpins;B;dino;dino_imgmax_mad1.5;audit_remove;0.0;4;10;10;0;2;0;0;0;0;0.572969;0.459886;0.069767;0.069767;11.7
2026-07-22T01:41:44;mvtec_loco_AD/pushpins;B;dino;dino_imgmax_mad1.5;audit_recapture;0.0;4;10;10;0;2;0;0;0;0;0.579457;0.46736;0.05814;0.069767;14.52
2026-07-22T01:41:57;mvtec_loco_AD/pushpins;B;dino;dino_imgmax_mad1.5;audit_remove;0.3;4;10;10;3;2;2;1;2;2;0.570189;0.460539;0.046512;0.05814;11.76
2026-07-22T01:42:11;mvtec_loco_AD/pushpins;B;dino;dino_imgmax_mad1.5;audit_recapture;0.3;4;10;10;3;2;2;1;2;2;0.580468;0.465678;0.046512;0.093023;14.4
2026-07-22T01:42:22;mvtec_loco_AD/pushpins;B;dino;;oracle_remove;0.3;4;10;10;3;3;3;;;;0.566566;0.45004;0.034884;0.05814;10.21
2026-07-22T01:42:35;mvtec_loco_AD/pushpins;B;dino;dino_imgmax_mad1.5;base_knn;0.3;4;10;10;3;1;1;;;;0.579879;0.47271;0.05814;0.093023;12.94
2026-07-22T01:42:49;mvtec_loco_AD/pushpins;B;dino;dino_imgmax_mad1.5;base_lof;0.3;4;10;10;3;0;0;;;;0.58822;0.478539;0.05814;0.081395;14.46
2026-07-22T01:43:01;mvtec_loco_AD/pushpins;B;dino;dino_imgmax_mad1.5;base_iforest;0.3;4;10;10;3;2;1;;;;0.591844;0.48677;0.081395;0.093023;11.56
2026-07-22T01:43:03;mvtec_loco_AD/pushpins;B;clip;dino_imgmax_mad1.5;audit_remove;0.3;0;10;10;3;2;2;;;;0.628328;0.532752;0.05814;0.151163;1.35
2026-07-22T01:43:04;mvtec_loco_AD/pushpins;B;clip;;oracle_remove;0.3;0;10;10;3;3;3;;;;0.637344;0.550232;0.05814;0.197674;1.25
2026-07-22T01:43:06;mvtec_loco_AD/pushpins;B;clip;dino_imgmax_mad1.5;audit_remove;0.3;1;10;10;3;0;0;;;;0.668436;0.593292;0.186047;0.197674;1.69
2026-07-22T01:43:07;mvtec_loco_AD/pushpins;B;clip;;oracle_remove;0.3;1;10;10;3;3;3;;;;0.621335;0.545536;0.116279;0.209302;1.17
2026-07-22T01:43:09;mvtec_loco_AD/pushpins;B;clip;dino_imgmax_mad1.5;audit_remove;0.3;2;10;10;3;1;1;;;;0.615521;0.557603;0.104651;0.186047;1.55
2026-07-22T01:43:10;mvtec_loco_AD/pushpins;B;clip;;oracle_remove;0.3;2;10;10;3;3;3;;;;0.625126;0.546636;0.093023;0.162791;1.23
2026-07-22T01:43:12;mvtec_loco_AD/pushpins;B;clip;dino_imgmax_mad1.5;audit_remove;0.3;3;10;10;3;1;1;;;;0.652174;0.591698;0.174419;0.255814;1.58
2026-07-22T01:43:13;mvtec_loco_AD/pushpins;B;clip;;oracle_remove;0.3;3;10;10;3;3;3;;;;0.656218;0.586699;0.116279;0.255814;1.27
2026-07-22T01:43:14;mvtec_loco_AD/pushpins;B;clip;dino_imgmax_mad1.5;audit_remove;0.3;4;10;10;3;2;2;;;;0.634732;0.557356;0.081395;0.151163;1.32
2026-07-22T01:43:15;mvtec_loco_AD/pushpins;B;clip;;oracle_remove;0.3;4;10;10;3;3;3;;;;0.62698;0.547365;0.081395;0.186047;1.2
2026-07-22T01:43:39;mvtec_loco_AD/pushpins;B;dinov2;dino_imgmax_mad1.5;audit_remove;0.3;0;10;10;3;2;2;;;;0.568166;0.477656;0.046512;0.104651;19.91
2026-07-22T01:43:56;mvtec_loco_AD/pushpins;B;dinov2;;oracle_remove;0.3;0;10;10;3;3;3;;;;0.571116;0.481751;0.034884;0.127907;17.25
2026-07-22T01:44:20;mvtec_loco_AD/pushpins;B;dinov2;dino_imgmax_mad1.5;audit_remove;0.3;1;10;10;3;0;0;;;;0.64299;0.591951;0.104651;0.232558;24.24
2026-07-22T01:44:37;mvtec_loco_AD/pushpins;B;dinov2;;oracle_remove;0.3;1;10;10;3;3;3;;;;0.562016;0.47973;0.081395;0.139535;16.9
2026-07-22T01:44:59;mvtec_loco_AD/pushpins;B;dinov2;dino_imgmax_mad1.5;audit_remove;0.3;2;10;10;3;1;1;;;;0.540024;0.455644;0.046512;0.05814;22.12
2026-07-22T01:45:17;mvtec_loco_AD/pushpins;B;dinov2;;oracle_remove;0.3;2;10;10;3;3;3;;;;0.494102;0.387643;0.011628;0.05814;17.44
2026-07-22T01:45:39;mvtec_loco_AD/pushpins;B;dinov2;dino_imgmax_mad1.5;audit_remove;0.3;3;10;10;3;1;1;;;;0.50792;0.4674;0.093023;0.139535;22.48
2026-07-22T01:45:56;mvtec_loco_AD/pushpins;B;dinov2;;oracle_remove;0.3;3;10;10;3;3;3;;;;0.517189;0.434787;0.046512;0.081395;17.17
2026-07-22T01:46:16;mvtec_loco_AD/pushpins;B;dinov2;dino_imgmax_mad1.5;audit_remove;0.3;4;10;10;3;2;2;;;;0.539012;0.424725;0.046512;0.069767;19.65
2026-07-22T01:46:34;mvtec_loco_AD/pushpins;B;dinov2;;oracle_remove;0.3;4;10;10;3;3;3;;;;0.510448;0.406771;0.023256;0.069767;17.46
2026-07-22T01:46:56;mvtec_loco_AD/screw_bag;B;dino;dino_imgmax_mad1.5;audit_remove;0.0;0;10;10;0;1;0;0;0;0;0.561475;0.581774;0.072727;0.163636;13.46
2026-07-22T01:47:11;mvtec_loco_AD/screw_bag;B;dino;dino_imgmax_mad1.5;audit_recapture;0.0;0;10;10;0;1;0;0;0;0;0.562183;0.580816;0.081818;0.154545;15.29
2026-07-22T01:47:27;mvtec_loco_AD/screw_bag;B;dino;dino_imgmax_mad1.5;audit_remove;0.3;0;10;10;3;0;0;0;1;2;0.558942;0.585495;0.036364;0.218182;15.13
2026-07-22T01:47:42;mvtec_loco_AD/screw_bag;B;dino;dino_imgmax_mad1.5;audit_recapture;0.3;0;10;10;3;0;0;0;1;2;0.558942;0.585495;0.036364;0.218182;14.77
2026-07-22T01:47:53;mvtec_loco_AD/screw_bag;B;dino;;oracle_remove;0.3;0;10;10;3;3;3;;;;0.568256;0.590777;0.045455;0.218182;10.64
2026-07-22T01:48:05;mvtec_loco_AD/screw_bag;B;dino;dino_imgmax_mad1.5;base_knn;0.3;0;10;10;3;2;1;;;;0.577422;0.598884;0.036364;0.181818;12.11
2026-07-22T01:48:14;mvtec_loco_AD/screw_bag;B;dino;dino_imgmax_mad1.5;base_lof;0.3;0;10;10;3;4;1;;;;0.508048;0.516172;0.036364;0.072727;9.33
2026-07-22T01:48:29;mvtec_loco_AD/screw_bag;B;dino;dino_imgmax_mad1.5;base_iforest;0.3;0;10;10;3;0;0;;;;0.558942;0.585495;0.036364;0.218182;14.93
2026-07-22T01:48:43;mvtec_loco_AD/screw_bag;B;dino;dino_imgmax_mad1.5;audit_remove;0.0;1;10;10;0;2;0;0;0;0;0.521386;0.530518;0.027273;0.1;12.3
2026-07-22T01:48:58;mvtec_loco_AD/screw_bag;B;dino;dino_imgmax_mad1.5;audit_recapture;0.0;1;10;10;0;2;0;0;0;0;0.525484;0.535882;0.027273;0.118182;14.96
2026-07-22T01:49:14;mvtec_loco_AD/screw_bag;B;dino;dino_imgmax_mad1.5;audit_remove;0.3;1;10;10;3;0;0;1;1;1;0.499627;0.524225;0.045455;0.127273;14.79
2026-07-22T01:49:29;mvtec_loco_AD/screw_bag;B;dino;dino_imgmax_mad1.5;audit_recapture;0.3;1;10;10;3;0;0;1;1;1;0.499627;0.524225;0.045455;0.127273;15.13
2026-07-22T01:49:40;mvtec_loco_AD/screw_bag;B;dino;;oracle_remove;0.3;1;10;10;3;3;3;;;;0.50149;0.527644;0.036364;0.136364;10.82
2026-07-22T01:49:55;mvtec_loco_AD/screw_bag;B;dino;dino_imgmax_mad1.5;base_knn;0.3;1;10;10;3;0;0;;;;0.499627;0.524225;0.045455;0.127273;14.9
2026-07-22T01:50:05;mvtec_loco_AD/screw_bag;B;dino;dino_imgmax_mad1.5;base_lof;0.3;1;10;10;3;3;0;;;;0.483607;0.503234;0.045455;0.109091;10.65
2026-07-22T01:50:20;mvtec_loco_AD/screw_bag;B;dino;dino_imgmax_mad1.5;base_iforest;0.3;1;10;10;3;0;0;;;;0.499627;0.524225;0.045455;0.127273;14.69
2026-07-22T01:50:34;mvtec_loco_AD/screw_bag;B;dino;dino_imgmax_mad1.5;audit_remove;0.0;2;10;10;0;1;0;0;0;0;0.538972;0.550208;0.072727;0.127273;13.45
2026-07-22T01:50:49;mvtec_loco_AD/screw_bag;B;dino;dino_imgmax_mad1.5;audit_recapture;0.0;2;10;10;0;1;0;0;0;0;0.558718;0.571807;0.072727;0.136364;14.92
2026-07-22T01:51:01;mvtec_loco_AD/screw_bag;B;dino;dino_imgmax_mad1.5;audit_remove;0.3;2;10;10;3;3;2;1;2;2;0.554545;0.572416;0.072727;0.154545;10.53
2026-07-22T01:51:16;mvtec_loco_AD/screw_bag;B;dino;dino_imgmax_mad1.5;audit_recapture;0.3;2;10;10;3;3;2;1;2;2;0.580775;0.589802;0.072727;0.145455;14.66
2026-07-22T01:51:26;mvtec_loco_AD/screw_bag;B;dino;;oracle_remove;0.3;2;10;10;3;3;3;;;;0.553428;0.573943;0.054545;0.154545;10.65
2026-07-22T01:51:41;mvtec_loco_AD/screw_bag;B;dino;dino_imgmax_mad1.5;base_knn;0.3;2;10;10;3;0;0;;;;0.55149;0.56949;0.045455;0.145455;14.78
2026-07-22T01:51:56;mvtec_loco_AD/screw_bag;B;dino;dino_imgmax_mad1.5;base_lof;0.3;2;10;10;3;0;0;;;;0.55149;0.56949;0.045455;0.145455;14.83
2026-07-22T01:52:08;mvtec_loco_AD/screw_bag;B;dino;dino_imgmax_mad1.5;base_iforest;0.3;2;10;10;3;2;1;;;;0.564903;0.576335;0.045455;0.127273;11.92
2026-07-22T01:52:21;mvtec_loco_AD/screw_bag;B;dino;dino_imgmax_mad1.5;audit_remove;0.0;3;10;10;0;2;0;0;0;0;0.544784;0.550165;0.072727;0.118182;12.1
2026-07-22T01:52:36;mvtec_loco_AD/screw_bag;B;dino;dino_imgmax_mad1.5;audit_recapture;0.0;3;10;10;0;2;0;0;0;0;0.539046;0.557145;0.072727;0.136364;14.82
2026-07-22T01:52:48;mvtec_loco_AD/screw_bag;B;dino;dino_imgmax_mad1.5;audit_remove;0.3;3;10;10;3;3;1;1;1;1;0.566692;0.561419;0.063636;0.109091;10.7
2026-07-22T01:53:02;mvtec_loco_AD/screw_bag;B;dino;dino_imgmax_mad1.5;audit_recapture;0.3;3;10;10;3;3;1;1;1;1;0.559836;0.566348;0.090909;0.136364;14.73
2026-07-22T01:53:13;mvtec_loco_AD/screw_bag;B;dino;;oracle_remove;0.3;3;10;10;3;3;3;;;;0.512891;0.524811;0.054545;0.127273;10.68
2026-07-22T01:53:27;mvtec_loco_AD/screw_bag;B;dino;dino_imgmax_mad1.5;base_knn;0.3;3;10;10;3;1;0;;;;0.548286;0.561098;0.054545;0.145455;13.32
2026-07-22T01:53:40;mvtec_loco_AD/screw_bag;B;dino;dino_imgmax_mad1.5;base_lof;0.3;3;10;10;3;1;0;;;;0.548286;0.561098;0.054545;0.145455;13.28
2026-07-22T01:53:53;mvtec_loco_AD/screw_bag;B;dino;dino_imgmax_mad1.5;base_iforest;0.3;3;10;10;3;1;1;;;;0.531967;0.545696;0.072727;0.109091;13.33
2026-07-22T01:54:09;mvtec_loco_AD/screw_bag;B;dino;dino_imgmax_mad1.5;audit_remove;0.0;4;10;10;0;0;0;0;0;0;0.535171;0.54078;0.045455;0.118182;14.86
2026-07-22T01:54:23;mvtec_loco_AD/screw_bag;B;dino;dino_imgmax_mad1.5;audit_recapture;0.0;4;10;10;0;0;0;0;0;0;0.535171;0.54078;0.045455;0.118182;14.3
2026-07-22T01:54:38;mvtec_loco_AD/screw_bag;B;dino;dino_imgmax_mad1.5;audit_remove;0.3;4;10;10;3;1;1;1;1;1;0.541207;0.540597;0.036364;0.136364;13.33
2026-07-22T01:54:53;mvtec_loco_AD/screw_bag;B;dino;dino_imgmax_mad1.5;audit_recapture;0.3;4;10;10;3;1;1;1;1;1;0.547317;0.540401;0.027273;0.118182;14.92
2026-07-22T01:55:03;mvtec_loco_AD/screw_bag;B;dino;;oracle_remove;0.3;4;10;10;3;3;3;;;;0.552757;0.555311;0.036364;0.163636;10.63
2026-07-22T01:55:15;mvtec_loco_AD/screw_bag;B;dino;dino_imgmax_mad1.5;base_knn;0.3;4;10;10;3;2;1;;;;0.532042;0.530287;0.027273;0.127273;12.03
2026-07-22T01:55:28;mvtec_loco_AD/screw_bag;B;dino;dino_imgmax_mad1.5;base_lof;0.3;4;10;10;3;2;1;;;;0.532042;0.530287;0.027273;0.127273;12.13
2026-07-22T01:55:42;mvtec_loco_AD/screw_bag;B;dino;dino_imgmax_mad1.5;base_iforest;0.3;4;10;10;3;0;0;;;;0.529657;0.534889;0.036364;0.127273;14.89
2026-07-22T01:55:45;mvtec_loco_AD/screw_bag;B;clip;dino_imgmax_mad1.5;audit_remove;0.3;0;10;10;3;0;0;;;;0.711699;0.732992;0.254545;0.318182;1.76
2026-07-22T01:55:46;mvtec_loco_AD/screw_bag;B;clip;;oracle_remove;0.3;0;10;10;3;3;3;;;;0.69076;0.711668;0.118182;0.290909;1.23
2026-07-22T01:55:48;mvtec_loco_AD/screw_bag;B;clip;dino_imgmax_mad1.5;audit_remove;0.3;1;10;10;3;0;0;;;;0.630402;0.609504;0.036364;0.209091;1.69
2026-07-22T01:55:49;mvtec_loco_AD/screw_bag;B;clip;;oracle_remove;0.3;1;10;10;3;3;3;;;;0.72161;0.725522;0.090909;0.254545;1.25
2026-07-22T01:55:51;mvtec_loco_AD/screw_bag;B;clip;dino_imgmax_mad1.5;audit_remove;0.3;2;10;10;3;3;2;;;;0.680775;0.644828;0.054545;0.172727;1.23
2026-07-22T01:55:52;mvtec_loco_AD/screw_bag;B;clip;;oracle_remove;0.3;2;10;10;3;3;3;;;;0.739568;0.734943;0.081818;0.290909;1.23
2026-07-22T01:55:53;mvtec_loco_AD/screw_bag;B;clip;dino_imgmax_mad1.5;audit_remove;0.3;3;10;10;3;3;1;;;;0.659911;0.628182;0.063636;0.172727;1.23
2026-07-22T01:55:55;mvtec_loco_AD/screw_bag;B;clip;;oracle_remove;0.3;3;10;10;3;3;3;;;;0.733383;0.725278;0.1;0.245455;1.35
2026-07-22T01:55:56;mvtec_loco_AD/screw_bag;B;clip;dino_imgmax_mad1.5;audit_remove;0.3;4;10;10;3;1;1;;;;0.712817;0.659938;0.036364;0.172727;1.62
2026-07-22T01:55:57;mvtec_loco_AD/screw_bag;B;clip;;oracle_remove;0.3;4;10;10;3;3;3;;;;0.755961;0.744859;0.154545;0.281818;1.24
2026-07-22T01:56:27;mvtec_loco_AD/screw_bag;B;dinov2;dino_imgmax_mad1.5;audit_remove;0.3;0;10;10;3;0;0;;;;0.606036;0.587399;0.027273;0.109091;25.05
2026-07-22T01:56:44;mvtec_loco_AD/screw_bag;B;dinov2;;oracle_remove;0.3;0;10;10;3;3;3;;;;0.599255;0.586423;0.027273;0.136364;17.86
2026-07-22T01:57:10;mvtec_loco_AD/screw_bag;B;dinov2;dino_imgmax_mad1.5;audit_remove;0.3;1;10;10;3;0;0;;;;0.562072;0.579269;0.090909;0.136364;25.12
2026-07-22T01:57:28;mvtec_loco_AD/screw_bag;B;dinov2;;oracle_remove;0.3;1;10;10;3;3;3;;;;0.558644;0.573949;0.081818;0.154545;17.92
2026-07-22T01:57:45;mvtec_loco_AD/screw_bag;B;dinov2;dino_imgmax_mad1.5;audit_remove;0.3;2;10;10;3;3;2;;;;0.585469;0.584192;0.054545;0.127273;17.64
2026-07-22T01:58:02;mvtec_loco_AD/screw_bag;B;dinov2;;oracle_remove;0.3;2;10;10;3;3;3;;;;0.586736;0.587558;0.054545;0.136364;17.29
2026-07-22T01:58:20;mvtec_loco_AD/screw_bag;B;dinov2;dino_imgmax_mad1.5;audit_remove;0.3;3;10;10;3;3;1;;;;0.574218;0.548955;0.045455;0.090909;17.64
2026-07-22T01:58:38;mvtec_loco_AD/screw_bag;B;dinov2;;oracle_remove;0.3;3;10;10;3;3;3;;;;0.561177;0.549754;0.054545;0.090909;17.63
2026-07-22T01:59:00;mvtec_loco_AD/screw_bag;B;dinov2;dino_imgmax_mad1.5;audit_remove;0.3;4;10;10;3;1;1;;;;0.548361;0.568722;0.018182;0.181818;22.55
2026-07-22T01:59:18;mvtec_loco_AD/screw_bag;B;dinov2;;oracle_remove;0.3;4;10;10;3;3;3;;;;0.568554;0.588278;0.045455;0.190909;17.85
2026-07-22T01:59:40;mvtec_loco_AD/splicing_connectors;B;dino;dino_imgmax_mad1.5;audit_remove;0.0;0;10;10;0;1;0;0;0;0;0.708221;0.703967;0.247423;0.298969;12.57
2026-07-22T01:59:53;mvtec_loco_AD/splicing_connectors;B;dino;dino_imgmax_mad1.5;audit_recapture;0.0;0;10;10;0;1;0;0;0;0;0.702071;0.694383;0.216495;0.278351;13.83
2026-07-22T02:00:07;mvtec_loco_AD/splicing_connectors;B;dino;dino_imgmax_mad1.5;audit_remove;0.3;0;10;10;3;1;1;1;1;1;0.720956;0.72908;0.298969;0.329897;12.63
2026-07-22T02:00:21;mvtec_loco_AD/splicing_connectors;B;dino;dino_imgmax_mad1.5;audit_recapture;0.3;0;10;10;3;1;1;1;1;1;0.712986;0.716549;0.247423;0.309278;14.06
2026-07-22T02:00:31;mvtec_loco_AD/splicing_connectors;B;dino;;oracle_remove;0.3;0;10;10;3;3;3;;;;0.707095;0.706222;0.226804;0.319588;10.25
2026-07-22T02:00:47;mvtec_loco_AD/splicing_connectors;B;dino;dino_imgmax_mad1.5;base_knn;0.3;0;10;10;3;3;1;;;;0.665165;0.633512;0.154639;0.206186;15.19
2026-07-22T02:00:57;mvtec_loco_AD/splicing_connectors;B;dino;dino_imgmax_mad1.5;base_lof;0.3;0;10;10;3;3;1;;;;0.665165;0.633512;0.154639;0.206186;9.79
2026-07-22T02:01:08;mvtec_loco_AD/splicing_connectors;B;dino;dino_imgmax_mad1.5;base_iforest;0.3;0;10;10;3;2;1;;;;0.656675;0.62841;0.164948;0.195876;11.19
2026-07-22T02:01:19;mvtec_loco_AD/splicing_connectors;B;dino;dino_imgmax_mad1.5;audit_remove;0.0;1;10;10;0;3;0;0;0;0;0.681019;0.707626;0.28866;0.340206;9.84
2026-07-22T02:01:32;mvtec_loco_AD/splicing_connectors;B;dino;dino_imgmax_mad1.5;audit_recapture;0.0;1;10;10;0;3;0;0;0;0;0.69436;0.707339;0.226804;0.340206;13.81
2026-07-22T02:01:45;mvtec_loco_AD/splicing_connectors;B;dino;dino_imgmax_mad1.5;audit_remove;0.3;1;10;10;3;2;1;1;1;2;0.700944;0.683756;0.185567;0.226804;11.22
2026-07-22T02:01:58;mvtec_loco_AD/splicing_connectors;B;dino;dino_imgmax_mad1.5;audit_recapture;0.3;1;10;10;3;2;1;1;1;2;0.689249;0.665043;0.164948;0.237113;13.39
2026-07-22T02:02:08;mvtec_loco_AD/splicing_connectors;B;dino;;oracle_remove;0.3;1;10;10;3;3;3;;;;0.708048;0.711503;0.226804;0.309278;9.89
2026-07-22T02:02:20;mvtec_loco_AD/splicing_connectors;B;dino;dino_imgmax_mad1.5;base_knn;0.3;1;10;10;3;1;0;;;;0.636403;0.589272;0.123711;0.134021;12.2
2026-07-22T02:02:33;mvtec_loco_AD/splicing_connectors;B;dino;dino_imgmax_mad1.5;base_lof;0.3;1;10;10;3;1;0;;;;0.636403;0.589272;0.123711;0.134021;12.42
2026-07-22T02:02:45;mvtec_loco_AD/splicing_connectors;B;dino;dino_imgmax_mad1.5;base_iforest;0.3;1;10;10;3;1;0;;;;0.636403;0.589272;0.123711;0.134021;12.15
2026-07-22T02:02:57;mvtec_loco_AD/splicing_connectors;B;dino;dino_imgmax_mad1.5;audit_remove;0.0;2;10;10;0;2;0;0;0;0;0.702504;0.729957;0.309278;0.360825;11.36
2026-07-22T02:03:11;mvtec_loco_AD/splicing_connectors;B;dino;dino_imgmax_mad1.5;audit_recapture;0.0;2;10;10;0;2;0;0;0;0;0.71108;0.725852;0.216495;0.329897;13.39
2026-07-22T02:03:23;mvtec_loco_AD/splicing_connectors;B;dino;dino_imgmax_mad1.5;audit_remove;0.3;2;10;10;3;2;1;1;1;2;0.675128;0.69332;0.206186;0.28866;10.88
2026-07-22T02:03:36;mvtec_loco_AD/splicing_connectors;B;dino;dino_imgmax_mad1.5;audit_recapture;0.3;2;10;10;3;2;1;1;1;2;0.682751;0.701199;0.175258;0.371134;13.8
2026-07-22T02:03:46;mvtec_loco_AD/splicing_connectors;B;dino;;oracle_remove;0.3;2;10;10;3;3;3;;;;0.685004;0.709339;0.268041;0.298969;9.91
2026-07-22T02:03:59;mvtec_loco_AD/splicing_connectors;B;dino;dino_imgmax_mad1.5;base_knn;0.3;2;10;10;3;1;1;;;;0.667894;0.693977;0.185567;0.309278;12.31
2026-07-22T02:04:11;mvtec_loco_AD/splicing_connectors;B;dino;dino_imgmax_mad1.5;base_lof;0.3;2;10;10;3;1;1;;;;0.667894;0.693977;0.185567;0.309278;12.45
2026-07-22T02:04:25;mvtec_loco_AD/splicing_connectors;B;dino;dino_imgmax_mad1.5;base_iforest;0.3;2;10;10;3;0;0;;;;0.670623;0.695894;0.185567;0.278351;13.61
2026-07-22T02:04:38;mvtec_loco_AD/splicing_connectors;B;dino;dino_imgmax_mad1.5;audit_remove;0.0;3;10;10;0;1;0;0;0;0;0.753617;0.75768;0.319588;0.360825;12.2
2026-07-22T02:04:52;mvtec_loco_AD/splicing_connectors;B;dino;dino_imgmax_mad1.5;audit_recapture;0.0;3;10;10;0;1;0;0;0;0;0.768604;0.77424;0.309278;0.381443;13.96
2026-07-22T02:05:04;mvtec_loco_AD/splicing_connectors;B;dino;dino_imgmax_mad1.5;audit_remove;0.3;3;10;10;3;2;1;0;1;2;0.721216;0.734665;0.298969;0.360825;11.21
2026-07-22T02:05:18;mvtec_loco_AD/splicing_connectors;B;dino;dino_imgmax_mad1.5;audit_recapture;0.3;3;10;10;3;2;1;0;1;2;0.743134;0.755902;0.319588;0.381443;13.3
2026-07-22T02:05:27;mvtec_loco_AD/splicing_connectors;B;dino;;oracle_remove;0.3;3;10;10;3;3;3;;;;0.747639;0.760674;0.329897;0.391753;9.78
2026-07-22T02:05:36;mvtec_loco_AD/splicing_connectors;B;dino;dino_imgmax_mad1.5;base_knn;0.3;3;10;10;3;4;2;;;;0.702417;0.707391;0.226804;0.309278;8.38
2026-07-22T02:05:44;mvtec_loco_AD/splicing_connectors;B;dino;dino_imgmax_mad1.5;base_lof;0.3;3;10;10;3;4;2;;;;0.702417;0.707391;0.226804;0.309278;8.25
2026-07-22T02:05:54;mvtec_loco_AD/splicing_connectors;B;dino;dino_imgmax_mad1.5;base_iforest;0.3;3;10;10;3;3;2;;;;0.713939;0.708304;0.226804;0.309278;9.73
2026-07-22T02:06:05;mvtec_loco_AD/splicing_connectors;B;dino;dino_imgmax_mad1.5;audit_remove;0.0;4;10;10;0;3;0;0;0;0;0.69384;0.723649;0.278351;0.350515;9.74
2026-07-22T02:06:18;mvtec_loco_AD/splicing_connectors;B;dino;dino_imgmax_mad1.5;audit_recapture;0.0;4;10;10;0;3;0;0;0;0;0.696786;0.73489;0.350515;0.371134;13.68
2026-07-22T02:06:28;mvtec_loco_AD/splicing_connectors;B;dino;dino_imgmax_mad1.5;audit_remove;0.3;4;10;10;3;4;2;1;2;2;0.679546;0.702098;0.257732;0.309278;8.42
2026-07-22T02:06:41;mvtec_loco_AD/splicing_connectors;B;dino;dino_imgmax_mad1.5;audit_recapture;0.3;4;10;10;3;4;2;1;2;2;0.688902;0.730256;0.360825;0.391753;13.48
2026-07-22T02:06:51;mvtec_loco_AD/splicing_connectors;B;dino;;oracle_remove;0.3;4;10;10;3;3;3;;;;0.707788;0.740228;0.360825;0.402062;9.63
2026-07-22T02:07:03;mvtec_loco_AD/splicing_connectors;B;dino;dino_imgmax_mad1.5;base_knn;0.3;4;10;10;3;1;1;;;;0.722776;0.745032;0.329897;0.381443;12.11
2026-07-22T02:07:13;mvtec_loco_AD/splicing_connectors;B;dino;dino_imgmax_mad1.5;base_lof;0.3;4;10;10;3;3;1;;;;0.659274;0.619411;0.14433;0.195876;9.68
2026-07-22T02:07:25;mvtec_loco_AD/splicing_connectors;B;dino;dino_imgmax_mad1.5;base_iforest;0.3;4;10;10;3;1;1;;;;0.722776;0.745032;0.329897;0.381443;12.28
2026-07-22T02:07:27;mvtec_loco_AD/splicing_connectors;B;clip;dino_imgmax_mad1.5;audit_remove;0.3;0;10;10;3;1;1;;;;0.658494;0.663654;0.206186;0.247423;1.41
2026-07-22T02:07:29;mvtec_loco_AD/splicing_connectors;B;clip;;oracle_remove;0.3;0;10;10;3;3;3;;;;0.648532;0.661758;0.226804;0.226804;1.18
2026-07-22T02:07:30;mvtec_loco_AD/splicing_connectors;B;clip;dino_imgmax_mad1.5;audit_remove;0.3;1;10;10;3;2;1;;;;0.593087;0.596865;0.113402;0.185567;1.27
2026-07-22T02:07:31;mvtec_loco_AD/splicing_connectors;B;clip;;oracle_remove;0.3;1;10;10;3;3;3;;;;0.601663;0.602468;0.072165;0.206186;1.15
2026-07-22T02:07:32;mvtec_loco_AD/splicing_connectors;B;clip;dino_imgmax_mad1.5;audit_remove;0.3;2;10;10;3;2;1;;;;0.592047;0.570843;0.092784;0.134021;1.19
2026-07-22T02:07:33;mvtec_loco_AD/splicing_connectors;B;clip;;oracle_remove;0.3;2;10;10;3;3;3;;;;0.574981;0.558501;0.103093;0.123711;1.12
2026-07-22T02:07:35;mvtec_loco_AD/splicing_connectors;B;clip;dino_imgmax_mad1.5;audit_remove;0.3;3;10;10;3;2;1;;;;0.607641;0.544432;0.072165;0.082474;1.21
2026-07-22T02:07:36;mvtec_loco_AD/splicing_connectors;B;clip;;oracle_remove;0.3;3;10;10;3;3;3;;;;0.653296;0.624028;0.123711;0.175258;1.13
2026-07-22T02:07:37;mvtec_loco_AD/splicing_connectors;B;clip;dino_imgmax_mad1.5;audit_remove;0.3;4;10;10;3;4;2;;;;0.57602;0.528743;0.030928;0.103093;1.0
2026-07-22T02:07:38;mvtec_loco_AD/splicing_connectors;B;clip;;oracle_remove;0.3;4;10;10;3;3;3;;;;0.610846;0.589001;0.072165;0.185567;1.12
2026-07-22T02:08:03;mvtec_loco_AD/splicing_connectors;B;dinov2;dino_imgmax_mad1.5;audit_remove;0.3;0;10;10;3;1;1;;;;0.724422;0.719115;0.247423;0.298969;20.94
2026-07-22T02:08:19;mvtec_loco_AD/splicing_connectors;B;dinov2;;oracle_remove;0.3;0;10;10;3;3;3;;;;0.717231;0.703481;0.257732;0.268041;16.48
2026-07-22T02:08:38;mvtec_loco_AD/splicing_connectors;B;dinov2;dino_imgmax_mad1.5;audit_remove;0.3;1;10;10;3;2;1;;;;0.723729;0.708573;0.237113;0.298969;18.74
2026-07-22T02:08:54;mvtec_loco_AD/splicing_connectors;B;dinov2;;oracle_remove;0.3;1;10;10;3;3;3;;;;0.740362;0.724916;0.237113;0.319588;16.42
2026-07-22T02:09:13;mvtec_loco_AD/splicing_connectors;B;dinov2;dino_imgmax_mad1.5;audit_remove;0.3;2;10;10;3;2;1;;;;0.710907;0.725269;0.237113;0.340206;18.76
2026-07-22T02:09:29;mvtec_loco_AD/splicing_connectors;B;dinov2;;oracle_remove;0.3;2;10;10;3;3;3;;;;0.720956;0.734738;0.257732;0.329897;16.42
2026-07-22T02:09:48;mvtec_loco_AD/splicing_connectors;B;dinov2;dino_imgmax_mad1.5;audit_remove;0.3;3;10;10;3;2;1;;;;0.735771;0.739258;0.216495;0.402062;18.68
2026-07-22T02:10:05;mvtec_loco_AD/splicing_connectors;B;dinov2;;oracle_remove;0.3;3;10;10;3;3;3;;;;0.758468;0.750433;0.268041;0.350515;16.4
2026-07-22T02:10:19;mvtec_loco_AD/splicing_connectors;B;dinov2;dino_imgmax_mad1.5;audit_remove;0.3;4;10;10;3;4;2;;;;0.72988;0.740137;0.278351;0.360825;14.08
2026-07-22T02:10:35;mvtec_loco_AD/splicing_connectors;B;dinov2;;oracle_remove;0.3;4;10;10;3;3;3;;;;0.741228;0.742259;0.257732;0.340206;16.58
2026-07-22T02:10:46;btad/01;B;dino;dino_imgmax_mad1.5;audit_remove;0.0;0;10;10;0;1;0;0;0;0;0.984762;0.990303;0.96;0.96;2.68
2026-07-22T02:10:49;btad/01;B;dino;dino_imgmax_mad1.5;audit_recapture;0.0;0;10;10;0;1;0;0;0;0;0.980952;0.988571;0.96;0.96;2.97
2026-07-22T02:10:53;btad/01;B;dino;dino_imgmax_mad1.5;audit_remove;0.3;0;10;10;3;0;0;1;2;3;0.971429;0.985;0.96;0.96;2.96
2026-07-22T02:10:56;btad/01;B;dino;dino_imgmax_mad1.5;audit_recapture;0.3;0;10;10;3;0;0;1;2;3;0.971429;0.985;0.96;0.96;2.99
2026-07-22T02:10:58;btad/01;B;dino;;oracle_remove;0.3;0;10;10;3;3;3;;;;0.977143;0.987027;0.96;0.96;2.1
2026-07-22T02:11:01;btad/01;B;dino;dino_imgmax_mad1.5;base_knn;0.3;0;10;10;3;1;1;;;;0.971429;0.985;0.96;0.96;2.63
2026-07-22T02:11:04;btad/01;B;dino;dino_imgmax_mad1.5;base_lof;0.3;0;10;10;3;0;0;;;;0.971429;0.985;0.96;0.96;3.01
2026-07-22T02:11:06;btad/01;B;dino;dino_imgmax_mad1.5;base_iforest;0.3;0;10;10;3;2;2;;;;0.980952;0.988571;0.96;0.96;2.37
2026-07-22T02:11:10;btad/01;B;dino;dino_imgmax_mad1.5;audit_remove;0.0;1;10;10;0;1;0;0;0;0;0.979048;0.986971;0.92;0.96;2.57
2026-07-22T02:11:13;btad/01;B;dino;dino_imgmax_mad1.5;audit_recapture;0.0;1;10;10;0;1;0;0;0;0;0.977143;0.986178;0.96;0.96;2.98
2026-07-22T02:11:16;btad/01;B;dino;dino_imgmax_mad1.5;audit_remove;0.3;1;10;10;3;0;0;1;2;3;0.965714;0.980256;0.88;0.92;2.91
2026-07-22T02:11:19;btad/01;B;dino;dino_imgmax_mad1.5;audit_recapture;0.3;1;10;10;3;0;0;1;2;3;0.965714;0.980256;0.88;0.92;2.99
2026-07-22T02:11:22;btad/01;B;dino;;oracle_remove;0.3;1;10;10;3;3;3;;;;0.969524;0.982564;0.92;0.92;2.09
2026-07-22T02:11:24;btad/01;B;dino;dino_imgmax_mad1.5;base_knn;0.3;1;10;10;3;3;3;;;;0.969524;0.982564;0.92;0.92;2.02
2026-07-22T02:11:26;btad/01;B;dino;dino_imgmax_mad1.5;base_lof;0.3;1;10;10;3;3;3;;;;0.969524;0.982564;0.92;0.92;2.01
2026-07-22T02:11:28;btad/01;B;dino;dino_imgmax_mad1.5;base_iforest;0.3;1;10;10;3;3;3;;;;0.969524;0.982564;0.92;0.92;2.19
2026-07-22T02:11:32;btad/01;B;dino;dino_imgmax_mad1.5;audit_remove;0.0;2;10;10;0;1;0;0;0;0;0.975238;0.986316;0.96;0.96;2.66
2026-07-22T02:11:34;btad/01;B;dino;dino_imgmax_mad1.5;audit_recapture;0.0;2;10;10;0;1;0;0;0;0;0.977143;0.987027;0.96;0.96;2.84
2026-07-22T02:11:38;btad/01;B;dino;dino_imgmax_mad1.5;audit_remove;0.3;2;10;10;3;2;2;1;2;3;0.967619;0.98381;0.96;0.96;2.38
2026-07-22T02:11:41;btad/01;B;dino;dino_imgmax_mad1.5;audit_recapture;0.3;2;10;10;3;2;2;1;2;3;0.977143;0.987027;0.96;0.96;2.97
2026-07-22T02:11:43;btad/01;B;dino;;oracle_remove;0.3;2;10;10;3;3;3;;;;0.971429;0.985;0.96;0.96;2.16
2026-07-22T02:11:45;btad/01;B;dino;dino_imgmax_mad1.5;base_knn;0.3;2;10;10;3;3;2;;;;0.969524;0.98439;0.96;0.96;2.12
2026-07-22T02:11:47;btad/01;B;dino;dino_imgmax_mad1.5;base_lof;0.3;2;10;10;3;3;2;;;;0.969524;0.98439;0.96;0.96;2.1
2026-07-22T02:11:50;btad/01;B;dino;dino_imgmax_mad1.5;base_iforest;0.3;2;10;10;3;2;2;;;;0.967619;0.98381;0.96;0.96;2.35
2026-07-22T02:11:54;btad/01;B;dino;dino_imgmax_mad1.5;audit_remove;0.0;3;10;10;0;0;0;0;0;0;0.977143;0.987027;0.96;0.96;3.08
2026-07-22T02:11:57;btad/01;B;dino;dino_imgmax_mad1.5;audit_recapture;0.0;3;10;10;0;0;0;0;0;0;0.977143;0.987027;0.96;0.96;2.92
2026-07-22T02:12:00;btad/01;B;dino;dino_imgmax_mad1.5;audit_remove;0.3;3;10;10;3;2;2;1;2;3;0.977143;0.987027;0.96;0.96;2.4
2026-07-22T02:12:03;btad/01;B;dino;dino_imgmax_mad1.5;audit_recapture;0.3;3;10;10;3;2;2;1;2;3;0.984762;0.990303;0.96;0.96;3.07
2026-07-22T02:12:05;btad/01;B;dino;;oracle_remove;0.3;3;10;10;3;3;3;;;;0.977143;0.987027;0.96;0.96;2.11
2026-07-22T02:12:08;btad/01;B;dino;dino_imgmax_mad1.5;base_knn;0.3;3;10;10;3;3;3;;;;0.977143;0.987027;0.96;0.96;2.11
2026-07-22T02:12:10;btad/01;B;dino;dino_imgmax_mad1.5;base_lof;0.3;3;10;10;3;3;3;;;;0.977143;0.987027;0.96;0.96;2.02
2026-07-22T02:12:12;btad/01;B;dino;dino_imgmax_mad1.5;base_iforest;0.3;3;10;10;3;3;3;;;;0.977143;0.987027;0.96;0.96;2.09
2026-07-22T02:12:16;btad/01;B;dino;dino_imgmax_mad1.5;audit_remove;0.0;4;10;10;0;0;0;0;0;0;0.979048;0.987778;0.96;0.96;2.97
2026-07-22T02:12:19;btad/01;B;dino;dino_imgmax_mad1.5;audit_recapture;0.0;4;10;10;0;0;0;0;0;0;0.979048;0.987778;0.96;0.96;2.91
2026-07-22T02:12:22;btad/01;B;dino;dino_imgmax_mad1.5;audit_remove;0.3;4;10;10;3;2;2;1;2;3;0.973333;0.985641;0.96;0.96;2.42
2026-07-22T02:12:25;btad/01;B;dino;dino_imgmax_mad1.5;audit_recapture;0.3;4;10;10;3;2;2;1;2;3;0.971429;0.985;0.96;0.96;2.88
2026-07-22T02:12:27;btad/01;B;dino;;oracle_remove;0.3;4;10;10;3;3;3;;;;0.971429;0.985;0.96;0.96;2.19
2026-07-22T02:12:29;btad/01;B;dino;dino_imgmax_mad1.5;base_knn;0.3;4;10;10;3;3;3;;;;0.971429;0.985;0.96;0.96;2.15
2026-07-22T02:12:32;btad/01;B;dino;dino_imgmax_mad1.5;base_lof;0.3;4;10;10;3;3;3;;;;0.971429;0.985;0.96;0.96;2.14
2026-07-22T02:12:34;btad/01;B;dino;dino_imgmax_mad1.5;base_iforest;0.3;4;10;10;3;3;3;;;;0.971429;0.985;0.96;0.96;2.11
2026-07-22T02:12:35;btad/01;B;clip;dino_imgmax_mad1.5;audit_remove;0.3;0;10;10;3;0;0;;;;0.942857;0.963798;0.84;0.84;0.35
2026-07-22T02:12:35;btad/01;B;clip;;oracle_remove;0.3;0;10;10;3;3;3;;;;0.937143;0.959983;0.84;0.84;0.29
2026-07-22T02:12:35;btad/01;B;clip;dino_imgmax_mad1.5;audit_remove;0.3;1;10;10;3;0;0;;;;0.933333;0.957346;0.8;0.84;0.34
2026-07-22T02:12:36;btad/01;B;clip;;oracle_remove;0.3;1;10;10;3;3;3;;;;0.929524;0.95606;0.8;0.84;0.25
2026-07-22T02:12:36;btad/01;B;clip;dino_imgmax_mad1.5;audit_remove;0.3;2;10;10;3;2;2;;;;0.975238;0.983697;0.92;0.92;0.29
2026-07-22T02:12:36;btad/01;B;clip;;oracle_remove;0.3;2;10;10;3;3;3;;;;0.975238;0.984127;0.92;0.92;0.27
2026-07-22T02:12:36;btad/01;B;clip;dino_imgmax_mad1.5;audit_remove;0.3;3;10;10;3;2;2;;;;0.91619;0.951755;0.8;0.8;0.26
2026-07-22T02:12:37;btad/01;B;clip;;oracle_remove;0.3;3;10;10;3;3;3;;;;0.910476;0.948283;0.8;0.8;0.26
2026-07-22T02:12:37;btad/01;B;clip;dino_imgmax_mad1.5;audit_remove;0.3;4;10;10;3;2;2;;;;0.961905;0.973251;0.8;0.92;0.26
2026-07-22T02:12:37;btad/01;B;clip;;oracle_remove;0.3;4;10;10;3;3;3;;;;0.95619;0.970905;0.8;0.88;0.27
2026-07-22T02:12:45;btad/01;B;dinov2;dino_imgmax_mad1.5;audit_remove;0.3;0;10;10;3;0;0;;;;0.925714;0.95148;0.76;0.84;5.1
2026-07-22T02:12:48;btad/01;B;dinov2;;oracle_remove;0.3;0;10;10;3;3;3;;;;0.927619;0.955831;0.84;0.84;3.51
2026-07-22T02:12:54;btad/01;B;dinov2;dino_imgmax_mad1.5;audit_remove;0.3;1;10;10;3;0;0;;;;0.900952;0.941723;0.8;0.8;4.96
2026-07-22T02:12:57;btad/01;B;dinov2;;oracle_remove;0.3;1;10;10;3;3;3;;;;0.910476;0.947613;0.84;0.84;3.58
2026-07-22T02:13:01;btad/01;B;dinov2;dino_imgmax_mad1.5;audit_remove;0.3;2;10;10;3;2;2;;;;0.935238;0.966324;0.88;0.92;4.08
2026-07-22T02:13:05;btad/01;B;dinov2;;oracle_remove;0.3;2;10;10;3;3;3;;;;0.933333;0.96479;0.88;0.88;3.49
2026-07-22T02:13:09;btad/01;B;dinov2;dino_imgmax_mad1.5;audit_remove;0.3;3;10;10;3;2;2;;;;0.939048;0.96155;0.84;0.84;4.09
2026-07-22T02:13:12;btad/01;B;dinov2;;oracle_remove;0.3;3;10;10;3;3;3;;;;0.939048;0.961326;0.84;0.88;3.52
2026-07-22T02:13:16;btad/01;B;dinov2;dino_imgmax_mad1.5;audit_remove;0.3;4;10;10;3;2;2;;;;0.942857;0.965895;0.88;0.88;4.06
2026-07-22T02:13:20;btad/01;B;dinov2;;oracle_remove;0.3;4;10;10;3;3;3;;;;0.942857;0.965895;0.84;0.88;3.46
2026-07-22T02:13:37;btad/02;B;dino;dino_imgmax_mad1.5;audit_remove;0.0;0;10;10;0;0;0;0;0;0;0.898667;0.968378;0.49;0.67;8.28
2026-07-22T02:13:45;btad/02;B;dino;dino_imgmax_mad1.5;audit_recapture;0.0;0;10;10;0;0;0;0;0;0;0.898667;0.968378;0.49;0.67;8.23
2026-07-22T02:13:54;btad/02;B;dino;dino_imgmax_mad1.5;audit_remove;0.3;0;10;10;3;1;1;1;1;2;0.894667;0.967033;0.5;0.63;7.43
2026-07-22T02:14:02;btad/02;B;dino;dino_imgmax_mad1.5;audit_recapture;0.3;0;10;10;3;1;1;1;1;2;0.895333;0.966831;0.49;0.6;8.24
2026-07-22T02:14:08;btad/02;B;dino;;oracle_remove;0.3;0;10;10;3;3;3;;;;0.891667;0.966861;0.49;0.67;5.9
2026-07-22T02:14:15;btad/02;B;dino;dino_imgmax_mad1.5;base_knn;0.3;0;10;10;3;2;0;;;;0.871;0.95982;0.47;0.58;6.71
2026-07-22T02:14:20;btad/02;B;dino;dino_imgmax_mad1.5;base_lof;0.3;0;10;10;3;3;0;;;;0.870333;0.959594;0.45;0.57;5.76
2026-07-22T02:14:28;btad/02;B;dino;dino_imgmax_mad1.5;base_iforest;0.3;0;10;10;3;1;0;;;;0.882;0.96295;0.46;0.62;7.29
2026-07-22T02:14:37;btad/02;B;dino;dino_imgmax_mad1.5;audit_remove;0.0;1;10;10;0;0;0;0;0;0;0.884;0.963938;0.47;0.62;8.13
2026-07-22T02:14:45;btad/02;B;dino;dino_imgmax_mad1.5;audit_recapture;0.0;1;10;10;0;0;0;0;0;0;0.884;0.963938;0.47;0.62;8.18
2026-07-22T02:14:54;btad/02;B;dino;dino_imgmax_mad1.5;audit_remove;0.3;1;10;10;3;1;1;1;2;2;0.879;0.96269;0.46;0.65;7.55
2026-07-22T02:15:02;btad/02;B;dino;dino_imgmax_mad1.5;audit_recapture;0.3;1;10;10;3;1;1;1;2;2;0.867667;0.959283;0.46;0.61;8.22
2026-07-22T02:15:08;btad/02;B;dino;;oracle_remove;0.3;1;10;10;3;3;3;;;;0.888667;0.965634;0.48;0.65;5.89
2026-07-22T02:15:14;btad/02;B;dino;dino_imgmax_mad1.5;base_knn;0.3;1;10;10;3;3;2;;;;0.875667;0.961554;0.47;0.62;5.92
2026-07-22T02:15:20;btad/02;B;dino;dino_imgmax_mad1.5;base_lof;0.3;1;10;10;3;3;2;;;;0.875667;0.961554;0.47;0.62;5.85
2026-07-22T02:15:27;btad/02;B;dino;dino_imgmax_mad1.5;base_iforest;0.3;1;10;10;3;1;1;;;;0.879;0.96269;0.46;0.65;7.33
2026-07-22T02:15:34;btad/02;B;dino;dino_imgmax_mad1.5;audit_remove;0.0;2;10;10;0;3;0;0;0;0;0.913667;0.973498;0.56;0.75;6.12
2026-07-22T02:15:42;btad/02;B;dino;dino_imgmax_mad1.5;audit_recapture;0.0;2;10;10;0;3;0;0;0;0;0.916;0.974211;0.55;0.72;8.36
2026-07-22T02:15:51;btad/02;B;dino;dino_imgmax_mad1.5;audit_remove;0.3;2;10;10;3;1;1;1;2;3;0.914667;0.973308;0.54;0.72;7.64
2026-07-22T02:15:59;btad/02;B;dino;dino_imgmax_mad1.5;audit_recapture;0.3;2;10;10;3;1;1;1;2;3;0.92;0.975128;0.53;0.76;8.26
2026-07-22T02:16:05;btad/02;B;dino;;oracle_remove;0.3;2;10;10;3;3;3;;;;0.923;0.975675;0.53;0.72;6.06
2026-07-22T02:16:12;btad/02;B;dino;dino_imgmax_mad1.5;base_knn;0.3;2;10;10;3;2;2;;;;0.923333;0.975936;0.52;0.73;6.73
2026-07-22T02:16:19;btad/02;B;dino;dino_imgmax_mad1.5;base_lof;0.3;2;10;10;3;2;2;;;;0.923333;0.975936;0.52;0.73;6.81
2026-07-22T02:16:27;btad/02;B;dino;dino_imgmax_mad1.5;base_iforest;0.3;2;10;10;3;1;1;;;;0.914667;0.973308;0.54;0.72;7.52
2026-07-22T02:16:34;btad/02;B;dino;dino_imgmax_mad1.5;audit_remove;0.0;3;10;10;0;2;0;0;0;0;0.939;0.980216;0.56;0.69;6.7
2026-07-22T02:16:42;btad/02;B;dino;dino_imgmax_mad1.5;audit_recapture;0.0;3;10;10;0;2;0;0;0;0;0.942667;0.981666;0.57;0.78;8.14
2026-07-22T02:16:50;btad/02;B;dino;dino_imgmax_mad1.5;audit_remove;0.3;3;10;10;3;2;2;1;2;2;0.940667;0.981013;0.57;0.82;6.78
2026-07-22T02:16:59;btad/02;B;dino;dino_imgmax_mad1.5;audit_recapture;0.3;3;10;10;3;2;2;1;2;2;0.930667;0.978106;0.57;0.76;8.37
2026-07-22T02:17:05;btad/02;B;dino;;oracle_remove;0.3;3;10;10;3;3;3;;;;0.941333;0.980894;0.56;0.76;5.92
2026-07-22T02:17:12;btad/02;B;dino;dino_imgmax_mad1.5;base_knn;0.3;3;10;10;3;2;2;;;;0.940667;0.981013;0.57;0.82;6.78
2026-07-22T02:17:18;btad/02;B;dino;dino_imgmax_mad1.5;base_lof;0.3;3;10;10;3;2;2;;;;0.940667;0.981013;0.57;0.82;6.78
2026-07-22T02:17:25;btad/02;B;dino;dino_imgmax_mad1.5;base_iforest;0.3;3;10;10;3;2;2;;;;0.940667;0.981013;0.57;0.82;6.57
2026-07-22T02:17:33;btad/02;B;dino;dino_imgmax_mad1.5;audit_remove;0.0;4;10;10;0;2;0;0;0;0;0.920333;0.975167;0.55;0.68;6.69
2026-07-22T02:17:41;btad/02;B;dino;dino_imgmax_mad1.5;audit_recapture;0.0;4;10;10;0;2;0;0;0;0;0.921333;0.975485;0.56;0.69;8.16
2026-07-22T02:17:48;btad/02;B;dino;dino_imgmax_mad1.5;audit_remove;0.3;4;10;10;3;2;2;1;2;2;0.920667;0.974725;0.54;0.68;6.63
2026-07-22T02:17:57;btad/02;B;dino;dino_imgmax_mad1.5;audit_recapture;0.3;4;10;10;3;2;2;1;2;2;0.921667;0.975177;0.55;0.68;8.13
2026-07-22T02:18:02;btad/02;B;dino;;oracle_remove;0.3;4;10;10;3;3;3;;;;0.918;0.974067;0.54;0.68;5.81
2026-07-22T02:18:10;btad/02;B;dino;dino_imgmax_mad1.5;base_knn;0.3;4;10;10;3;1;1;;;;0.911667;0.97219;0.54;0.67;7.49
2026-07-22T02:18:16;btad/02;B;dino;dino_imgmax_mad1.5;base_lof;0.3;4;10;10;3;3;1;;;;0.913;0.972467;0.55;0.67;6.03
2026-07-22T02:18:23;btad/02;B;dino;dino_imgmax_mad1.5;base_iforest;0.3;4;10;10;3;1;1;;;;0.911667;0.97219;0.54;0.67;7.3
2026-07-22T02:18:25;btad/02;B;clip;dino_imgmax_mad1.5;audit_remove;0.3;0;10;10;3;1;1;;;;0.819;0.946628;0.49;0.62;0.84
2026-07-22T02:18:26;btad/02;B;clip;;oracle_remove;0.3;0;10;10;3;3;3;;;;0.815667;0.946262;0.47;0.65;0.72
2026-07-22T02:18:27;btad/02;B;clip;dino_imgmax_mad1.5;audit_remove;0.3;1;10;10;3;1;1;;;;0.833667;0.948216;0.41;0.55;0.89
2026-07-22T02:18:27;btad/02;B;clip;;oracle_remove;0.3;1;10;10;3;3;3;;;;0.845333;0.952023;0.43;0.6;0.69
2026-07-22T02:18:28;btad/02;B;clip;dino_imgmax_mad1.5;audit_remove;0.3;2;10;10;3;1;1;;;;0.864;0.957534;0.46;0.59;0.94
2026-07-22T02:18:29;btad/02;B;clip;;oracle_remove;0.3;2;10;10;3;3;3;;;;0.861333;0.956601;0.46;0.59;0.72
2026-07-22T02:18:30;btad/02;B;clip;dino_imgmax_mad1.5;audit_remove;0.3;3;10;10;3;2;2;;;;0.882333;0.965483;0.51;0.69;0.74
2026-07-22T02:18:31;btad/02;B;clip;;oracle_remove;0.3;3;10;10;3;3;3;;;;0.881333;0.965613;0.51;0.71;0.71
2026-07-22T02:18:31;btad/02;B;clip;dino_imgmax_mad1.5;audit_remove;0.3;4;10;10;3;2;2;;;;0.831667;0.951475;0.53;0.65;0.8
2026-07-22T02:18:32;btad/02;B;clip;;oracle_remove;0.3;4;10;10;3;3;3;;;;0.838;0.953309;0.54;0.7;0.66
2026-07-22T02:18:48;btad/02;B;dinov2;dino_imgmax_mad1.5;audit_remove;0.3;0;10;10;3;1;1;;;;0.849667;0.954214;0.55;0.58;12.48
2026-07-22T02:18:58;btad/02;B;dinov2;;oracle_remove;0.3;0;10;10;3;3;3;;;;0.841667;0.952697;0.56;0.6;9.9
2026-07-22T02:19:11;btad/02;B;dinov2;dino_imgmax_mad1.5;audit_remove;0.3;1;10;10;3;1;1;;;;0.877333;0.961526;0.48;0.62;12.85
2026-07-22T02:19:21;btad/02;B;dinov2;;oracle_remove;0.3;1;10;10;3;3;3;;;;0.884333;0.964083;0.51;0.63;9.81
2026-07-22T02:19:33;btad/02;B;dinov2;dino_imgmax_mad1.5;audit_remove;0.3;2;10;10;3;1;1;;;;0.894333;0.967389;0.58;0.65;12.54
2026-07-22T02:19:43;btad/02;B;dinov2;;oracle_remove;0.3;2;10;10;3;3;3;;;;0.913667;0.972916;0.57;0.71;9.83
2026-07-22T02:19:54;btad/02;B;dinov2;dino_imgmax_mad1.5;audit_remove;0.3;3;10;10;3;2;2;;;;0.913;0.97314;0.54;0.68;11.11
2026-07-22T02:20:04;btad/02;B;dinov2;;oracle_remove;0.3;3;10;10;3;3;3;;;;0.915667;0.973647;0.55;0.69;9.81
2026-07-22T02:20:16;btad/02;B;dinov2;dino_imgmax_mad1.5;audit_remove;0.3;4;10;10;3;2;2;;;;0.88;0.963517;0.55;0.68;11.41
2026-07-22T02:20:25;btad/02;B;dinov2;;oracle_remove;0.3;4;10;10;3;3;3;;;;0.885667;0.965362;0.57;0.69;9.83
2026-07-22T02:21:02;btad/03;B;dino;dino_imgmax_mad1.5;audit_remove;0.0;0;10;10;0;1;0;0;0;0;1.0;1.0;1.0;1.0;23.96
2026-07-22T02:21:28;btad/03;B;dino;dino_imgmax_mad1.5;audit_recapture;0.0;0;10;10;0;1;0;0;0;0;1.0;1.0;1.0;1.0;26.85
2026-07-22T02:21:56;btad/03;B;dino;dino_imgmax_mad1.5;audit_remove;0.3;0;10;10;3;0;0;1;2;3;1.0;1.0;1.0;1.0;26.82
2026-07-22T02:22:23;btad/03;B;dino;dino_imgmax_mad1.5;audit_recapture;0.3;0;10;10;3;0;0;1;2;3;1.0;1.0;1.0;1.0;26.53
2026-07-22T02:22:42;btad/03;B;dino;;oracle_remove;0.3;0;10;10;3;3;3;;;;1.0;1.0;1.0;1.0;19.1
2026-07-22T02:23:06;btad/03;B;dino;dino_imgmax_mad1.5;base_knn;0.3;0;10;10;3;1;1;;;;1.0;1.0;1.0;1.0;23.62
2026-07-22T02:23:30;btad/03;B;dino;dino_imgmax_mad1.5;base_lof;0.3;0;10;10;3;1;1;;;;1.0;1.0;1.0;1.0;24.09
2026-07-22T02:23:54;btad/03;B;dino;dino_imgmax_mad1.5;base_iforest;0.3;0;10;10;3;1;1;;;;1.0;1.0;1.0;1.0;24.13
2026-07-22T02:24:17;btad/03;B;dino;dino_imgmax_mad1.5;audit_remove;0.0;1;10;10;0;2;0;0;0;0;1.0;1.0;1.0;1.0;21.85
2026-07-22T02:24:44;btad/03;B;dino;dino_imgmax_mad1.5;audit_recapture;0.0;1;10;10;0;2;0;0;0;0;1.0;1.0;1.0;1.0;26.81
2026-07-22T02:25:04;btad/03;B;dino;dino_imgmax_mad1.5;audit_remove;0.3;1;10;10;3;3;3;1;2;3;1.0;1.0;1.0;1.0;19.04
2026-07-22T02:25:30;btad/03;B;dino;dino_imgmax_mad1.5;audit_recapture;0.3;1;10;10;3;3;3;1;2;3;1.0;1.0;1.0;1.0;26.71
2026-07-22T02:25:50;btad/03;B;dino;;oracle_remove;0.3;1;10;10;3;3;3;;;;1.0;1.0;1.0;1.0;19.14
2026-07-22T02:26:09;btad/03;B;dino;dino_imgmax_mad1.5;base_knn;0.3;1;10;10;3;3;3;;;;1.0;1.0;1.0;1.0;19.02
2026-07-22T02:26:28;btad/03;B;dino;dino_imgmax_mad1.5;base_lof;0.3;1;10;10;3;3;3;;;;1.0;1.0;1.0;1.0;19.22
2026-07-22T02:26:50;btad/03;B;dino;dino_imgmax_mad1.5;base_iforest;0.3;1;10;10;3;2;2;;;;1.0;1.0;1.0;1.0;21.73
2026-07-22T02:27:14;btad/03;B;dino;dino_imgmax_mad1.5;audit_remove;0.0;2;10;10;0;1;0;0;0;0;0.999844;0.996324;1.0;1.0;23.71
2026-07-22T02:27:41;btad/03;B;dino;dino_imgmax_mad1.5;audit_recapture;0.0;2;10;10;0;1;0;0;0;0;0.999844;0.996324;1.0;1.0;26.64
2026-07-22T02:28:01;btad/03;B;dino;dino_imgmax_mad1.5;audit_remove;0.3;2;10;10;3;3;3;1;2;3;0.999844;0.996324;1.0;1.0;18.85
2026-07-22T02:28:27;btad/03;B;dino;dino_imgmax_mad1.5;audit_recapture;0.3;2;10;10;3;3;3;1;2;3;1.0;1.0;1.0;1.0;26.42
2026-07-22T02:28:46;btad/03;B;dino;;oracle_remove;0.3;2;10;10;3;3;3;;;;0.999844;0.996324;1.0;1.0;18.74
2026-07-22T02:29:05;btad/03;B;dino;dino_imgmax_mad1.5;base_knn;0.3;2;10;10;3;3;3;;;;0.999844;0.996324;1.0;1.0;18.99
2026-07-22T02:29:21;btad/03;B;dino;dino_imgmax_mad1.5;base_lof;0.3;2;10;10;3;4;3;;;;0.999375;0.9875;1.0;1.0;16.02
2026-07-22T02:29:43;btad/03;B;dino;dino_imgmax_mad1.5;base_iforest;0.3;2;10;10;3;2;2;;;;0.998594;0.9775;0.9375;1.0;21.16
2026-07-22T02:30:07;btad/03;B;dino;dino_imgmax_mad1.5;audit_remove;0.0;3;10;10;0;1;0;0;0;0;1.0;1.0;1.0;1.0;23.66
2026-07-22T02:30:34;btad/03;B;dino;dino_imgmax_mad1.5;audit_recapture;0.0;3;10;10;0;1;0;0;0;0;1.0;1.0;1.0;1.0;26.41
2026-07-22T02:30:59;btad/03;B;dino;dino_imgmax_mad1.5;audit_remove;0.3;3;10;10;3;1;1;1;2;3;0.9975;0.96348;0.9375;1.0;23.91
2026-07-22T02:31:25;btad/03;B;dino;dino_imgmax_mad1.5;audit_recapture;0.3;3;10;10;3;1;1;1;2;3;0.998281;0.974537;0.9375;1.0;26.63
2026-07-22T02:31:44;btad/03;B;dino;;oracle_remove;0.3;3;10;10;3;3;3;;;;1.0;1.0;1.0;1.0;18.88
2026-07-22T02:32:06;btad/03;B;dino;dino_imgmax_mad1.5;base_knn;0.3;3;10;10;3;2;2;;;;1.0;1.0;1.0;1.0;21.35
2026-07-22T02:32:25;btad/03;B;dino;dino_imgmax_mad1.5;base_lof;0.3;3;10;10;3;3;3;;;;1.0;1.0;1.0;1.0;19.2
2026-07-22T02:32:48;btad/03;B;dino;dino_imgmax_mad1.5;base_iforest;0.3;3;10;10;3;1;1;;;;0.9975;0.96348;0.9375;1.0;23.66
2026-07-22T02:33:09;btad/03;B;dino;dino_imgmax_mad1.5;audit_remove;0.0;4;10;10;0;3;0;0;0;0;1.0;1.0;1.0;1.0;19.08
2026-07-22T02:33:35;btad/03;B;dino;dino_imgmax_mad1.5;audit_recapture;0.0;4;10;10;0;3;0;0;0;0;1.0;1.0;1.0;1.0;26.15
2026-07-22T02:34:02;btad/03;B;dino;dino_imgmax_mad1.5;audit_remove;0.3;4;10;10;3;0;0;1;2;3;0.994688;0.937256;0.875;0.9375;26.38
2026-07-22T02:34:28;btad/03;B;dino;dino_imgmax_mad1.5;audit_recapture;0.3;4;10;10;3;0;0;1;2;3;0.994688;0.937256;0.875;0.9375;26.19
2026-07-22T02:34:48;btad/03;B;dino;;oracle_remove;0.3;4;10;10;3;3;3;;;;1.0;1.0;1.0;1.0;19.22
2026-07-22T02:35:07;btad/03;B;dino;dino_imgmax_mad1.5;base_knn;0.3;4;10;10;3;3;3;;;;1.0;1.0;1.0;1.0;18.97
2026-07-22T02:35:25;btad/03;B;dino;dino_imgmax_mad1.5;base_lof;0.3;4;10;10;3;3;3;;;;1.0;1.0;1.0;1.0;18.76
2026-07-22T02:35:52;btad/03;B;dino;dino_imgmax_mad1.5;base_iforest;0.3;4;10;10;3;0;0;;;;0.994688;0.937256;0.875;0.9375;26.77
2026-07-22T02:35:57;btad/03;B;clip;dino_imgmax_mad1.5;audit_remove;0.3;0;10;10;3;0;0;;;;0.997188;0.943228;0.875;1.0;3.01
2026-07-22T02:35:59;btad/03;B;clip;;oracle_remove;0.3;0;10;10;3;3;3;;;;0.999375;0.986225;1.0;1.0;2.2
2026-07-22T02:36:02;btad/03;B;clip;dino_imgmax_mad1.5;audit_remove;0.3;1;10;10;3;3;3;;;;0.999844;0.996324;1.0;1.0;2.29
2026-07-22T02:36:04;btad/03;B;clip;;oracle_remove;0.3;1;10;10;3;3;3;;;;0.999844;0.996324;1.0;1.0;2.24
2026-07-22T02:36:06;btad/03;B;clip;dino_imgmax_mad1.5;audit_remove;0.3;2;10;10;3;3;3;;;;0.999063;0.981213;0.9375;1.0;2.2
2026-07-22T02:36:08;btad/03;B;clip;;oracle_remove;0.3;2;10;10;3;3;3;;;;0.999063;0.981213;0.9375;1.0;2.19
2026-07-22T02:36:11;btad/03;B;clip;dino_imgmax_mad1.5;audit_remove;0.3;3;10;10;3;1;1;;;;0.99375;0.884578;0.875;1.0;2.79
2026-07-22T02:36:13;btad/03;B;clip;;oracle_remove;0.3;3;10;10;3;3;3;;;;0.998906;0.974963;1.0;1.0;2.2
2026-07-22T02:36:16;btad/03;B;clip;dino_imgmax_mad1.5;audit_remove;0.3;4;10;10;3;0;0;;;;0.987969;0.853138;0.75;0.9375;3.07
2026-07-22T02:36:19;btad/03;B;clip;;oracle_remove;0.3;4;10;10;3;3;3;;;;0.99875;0.972335;1.0;1.0;2.23
2026-07-22T02:37:11;btad/03;B;dinov2;dino_imgmax_mad1.5;audit_remove;0.3;0;10;10;3;0;0;;;;0.999062;0.982955;0.9375;1.0;44.44
2026-07-22T02:37:43;btad/03;B;dinov2;;oracle_remove;0.3;0;10;10;3;3;3;;;;1.0;1.0;1.0;1.0;31.44
2026-07-22T02:38:14;btad/03;B;dinov2;dino_imgmax_mad1.5;audit_remove;0.3;1;10;10;3;3;3;;;;1.0;1.0;1.0;1.0;31.74
2026-07-22T02:38:46;btad/03;B;dinov2;;oracle_remove;0.3;1;10;10;3;3;3;;;;1.0;1.0;1.0;1.0;31.68
2026-07-22T02:39:18;btad/03;B;dinov2;dino_imgmax_mad1.5;audit_remove;0.3;2;10;10;3;3;3;;;;1.0;1.0;1.0;1.0;31.78
2026-07-22T02:39:49;btad/03;B;dinov2;;oracle_remove;0.3;2;10;10;3;3;3;;;;1.0;1.0;1.0;1.0;31.4
2026-07-22T02:40:29;btad/03;B;dinov2;dino_imgmax_mad1.5;audit_remove;0.3;3;10;10;3;1;1;;;;0.999062;0.982955;0.9375;1.0;40.18
2026-07-22T02:41:01;btad/03;B;dinov2;;oracle_remove;0.3;3;10;10;3;3;3;;;;1.0;1.0;1.0;1.0;31.47
2026-07-22T02:41:46;btad/03;B;dinov2;dino_imgmax_mad1.5;audit_remove;0.3;4;10;10;3;0;0;;;;0.987812;0.913088;0.8125;0.9375;44.82
2026-07-22T02:42:17;btad/03;B;dinov2;;oracle_remove;0.3;4;10;10;3;3;3;;;;1.0;1.0;1.0;1.0;31.23
